ID,time,frequency,cluster,cluster_orig
15,11,4.793148412215121e-5,5,1
15,10,2.634123997566357e-4,5,1
15,5,0.00127708403465506,5,1
15,2,3.264429122162192e-5,5,1
15,3,1.3113449236797255e-4,5,1
15,13,5.94518100388176e-5,5,1
15,9,3.2847615279187525e-4,5,1
15,1,0,5,1
15,4,0,5,1
15,8,2.8505561292047055e-4,5,1
15,12,8.907074733076728e-5,5,1
15,6,7.120518219239009e-4,5,1
15,7,3.763246628131022e-4,5,1
15,19,6.902583467527272e-5,5,1
15,17,6.732564188879029e-5,5,1
117,11,3.58396779004267e-4,5,1
117,10,5.558181438550854e-4,5,1
117,5,0.00290509201950419,5,1
117,2,2.9708032222851697e-5,5,1
117,3,6.68161461113003e-5,5,1
117,13,1.438860296152235e-4,5,1
117,9,6.342434095457648e-4,5,1
117,1,2.855574738672078e-7,5,1
117,4,9.17525437958578e-4,5,1
117,8,8.02964405088286e-4,5,1
117,12,1.7088891472620492e-4,5,1
117,6,0.00138793398608326,5,1
117,7,7.333955056683246e-4,5,1
117,19,1.988109369988394e-4,5,1
117,17,1.7065430083040958e-4,5,1
120,11,1.225520900850457e-5,8,2
120,10,1.7081350154867163e-5,8,2
120,5,0,8,2
120,2,3.578781556148181e-4,8,2
120,3,3.725884783153506e-4,8,2
120,13,1.4546719477583032e-5,8,2
120,9,5.963952494824551e-6,8,2
120,1,0,8,2
120,4,2.2171375866900795e-6,8,2
120,8,1.2346633690324334e-5,8,2
120,12,8.839081796183013e-6,8,2
120,6,6.4369729919939384e-6,8,2
120,7,8.401666890711118e-6,8,2
120,19,7.026581972931953e-6,8,2
120,17,0,8,2
140,11,2.151470025937469e-5,8,2
140,10,3.641024638274316e-5,8,2
140,5,3.1237548596819284e-5,8,2
140,2,1.2936811706346465e-4,8,2
140,3,1.563206409021387e-4,8,2
140,13,0,8,2
140,9,3.807754285157213e-5,8,2
140,1,0,8,2
140,4,3.695229311150133e-7,8,2
140,8,3.9639192374199176e-5,8,2
140,12,1.3145301132784992e-5,8,2
140,6,1.2751336974616562e-4,8,2
140,7,7.526493256262042e-5,8,2
140,19,6.6132536215830145e-6,8,2
140,17,0,8,2
153,11,9.096088464090058e-5,5,1
153,10,1.1754665961836218e-4,5,1
153,5,4.6789860025874e-4,5,1
153,2,1.7272111757471916e-7,5,1
153,3,5.4743446813931395e-5,5,1
153,13,5.154598423578335e-5,5,1
153,9,1.4772251564103888e-4,5,1
153,1,0,5,1
153,4,0.00122644660837072,5,1
153,8,1.2065043799141498e-4,5,1
153,12,8.068495178054238e-5,5,1
153,6,2.4307236107862825e-4,5,1
153,7,1.4667910113366493e-4,5,1
153,19,1.2647847551277514e-4,5,1
153,17,6.588552120667713e-5,5,1
190,11,4.4391090408583224e-5,7,3
190,10,5.079454124999971e-5,7,3
190,5,1.8975149200833844e-4,7,3
190,2,0,7,3
190,3,4.62092973106189e-5,7,3
190,13,5.344338242851157e-5,7,3
190,9,5.4363720818208407e-5,7,3
190,1,0,7,3
190,4,5.062464156275682e-4,7,3
190,8,7.516284018495691e-5,7,3
190,12,7.81918774277728e-5,7,3
190,6,6.95806128182202e-5,7,3
190,7,6.861361294080746e-5,7,3
190,19,5.0426058864570487e-5,7,3
190,17,4.4283710974979705e-5,7,3
231,11,4.550767611824697e-4,3,4
231,10,4.371477112002188e-4,3,4
231,5,0.00194370661428506,3,4
231,2,3.765320363128878e-5,3,4
231,3,1.2488999273140242e-6,3,4
231,13,4.575891974796227e-4,3,4
231,9,6.067174749542668e-4,3,4
231,1,0,3,4
231,4,0.00311988210740405,3,4
231,8,4.92349094352758e-4,3,4
231,12,6.441197555064646e-4,3,4
231,6,0.00105688966078071,3,4
231,7,5.398070977281893e-4,3,4
231,19,7.295245401308763e-4,3,4
231,17,5.364449540871525e-4,3,4
237,11,1.775643616343329e-4,5,1
237,10,1.4811328621128236e-4,5,1
237,5,0.00102851290326761,5,1
237,2,3.799864586643822e-5,5,1
237,3,4.412779743176219e-5,5,1
237,13,3.858042991880717e-5,5,1
237,9,2.46127731805644e-4,5,1
237,1,0,5,1
237,4,0,5,1
237,8,3.340089324645635e-4,5,1
237,12,1.0493576593930089e-4,5,1
237,6,6.228537676062706e-4,5,1
237,7,4.382869561320966e-4,5,1
237,19,4.62927753510811e-5,5,1
237,17,4.2483560122338254e-5,5,1
254,11,1.225520900850457e-5,3,4
254,10,2.2475460730088372e-5,3,4
254,5,1.455536838873069e-4,3,4
254,2,9.447845131337136e-5,3,4
254,3,4.162999757713414e-7,3,4
254,13,1.264932128485481e-5,3,4
254,9,2.0415068155360963e-5,3,4
254,1,0,3,4
254,4,2.398203822936436e-4,3,4
254,8,5.241904128172787e-5,3,4
254,12,2.266431229790516e-7,3,4
254,6,4.505881094395757e-5,3,4
254,7,1.6453264327642605e-5,3,4
254,19,5.786596918885137e-6,3,4
254,17,0,3,4
373,11,4.9565511989951815e-5,5,1
373,10,8.495724155973404e-5,5,1
373,5,1.5519079994377242e-4,5,1
373,2,1.352406350610051e-4,5,1
373,3,1.1177654349460516e-4,5,1
373,13,1.6760350702432622e-5,5,1
373,9,9.794645058808013e-5,5,1
373,1,0,5,1
373,4,7.390458622300266e-7,5,1
373,8,9.617377821936848e-5,5,1
373,12,2.8557033495360505e-5,5,1
373,6,2.5563978453918784e-4,5,1
373,7,2.0093986646950755e-4,5,1
373,19,3.099962635117038e-5,5,1
373,17,1.8721568867471093e-5,5,1
382,11,3.0501853532278043e-5,7,3
382,10,1.5283313296460094e-5,7,3
382,5,3.987772161296079e-5,7,3
382,2,0,7,3
382,3,5.724124666855944e-5,7,3
382,13,6.324660642427405e-6,7,3
382,9,1.2386670566174068e-5,7,3
382,1,0,7,3
382,4,1.503958329638104e-4,7,3
382,8,1.8411646731185407e-5,7,3
382,12,6.799293689371548e-6,7,3
382,6,4.781751365481211e-5,7,3
382,7,1.2952569789846306e-5,7,3
382,19,0,7,3
382,17,0,7,3
387,11,6.726748055779175e-5,5,1
387,10,6.495408150995539e-5,5,1
387,5,6.7127498048484e-5,5,1
387,2,0,5,1
387,3,0,5,1
387,13,2.719604076243784e-5,5,1
387,9,6.445656350175765e-5,5,1
387,1,0,5,1
387,4,1.1048735640338897e-4,5,1
387,8,8.44769673548507e-5,5,1
387,12,1.699823422342887e-5,5,1
387,6,1.9065700957239187e-4,5,1
387,7,1.277753506295649e-4,5,1
387,19,9.506552081025585e-6,5,1
387,17,4.7884012680262606e-5,5,1
420,11,2.5327431950909445e-5,7,3
420,10,2.0902178478982184e-5,7,3
420,5,1.6981263120185804e-4,7,3
420,2,0,7,3
420,3,2.352094863108079e-5,7,3
420,13,2.846097289092332e-5,7,3
420,9,6.606224301959503e-5,7,3
420,1,0,7,3
420,4,3.373744361080071e-4,7,3
420,8,4.6570635849468973e-05,7,3
420,12,1.813144983832413e-5,7,3
420,6,4.9043603748525246e-5,7,3
420,7,4.2358403907335214e-5,7,3
420,19,9.506552081025585e-6,7,3
420,17,1.1160935286377e-5,7,3
425,11,9.804167206803656e-6,3,4
425,10,2.9892362771017535e-5,3,4
425,5,2.465772453068076e-4,3,4
425,2,0,3,4
425,3,2.081499878856707e-7,3,4
425,13,3.1939536244258396e-5,3,4
425,9,2.270889603798579e-5,3,4
425,1,0,3,4
425,4,1.6776341072621603e-4,3,4
425,8,6.151656084301949e-5,3,4
425,12,1.813144983832413e-5,3,4
425,6,6.866104524793533e-5,3,4
425,7,3.675729264686114e-5,3,4
425,19,2.4386372729587364e-5,3,4
425,17,5.436455574977183e-5,3,4
477,11,0.00172226537266184,3,4
477,10,0.00110376987645463,3,4
477,5,0.00288448853000416,3,4
477,2,0,3,4
477,3,6.244499636570121e-5,3,4
477,13,0.00175351216311299,3,4
477,9,9.406988146644416e-4,3,4
477,1,0,3,4
477,4,0.00589130409076665,3,4
477,8,5.954543160473963e-4,3,4
477,12,0.00210324818124559,3,4
477,6,0.00137444699505241,3,4
477,7,7.242936998700543e-4,3,4
477,19,0.00286808543001028,3,4
477,17,0.0023315553843412,3,4
530,11,0.01678827465176143,3,4
530,10,0.01273212374898776,3,4
530,5,0.05567195788646746,3,4
530,2,9.185309032623564e-4,3,4
530,3,0.00122621157863448,3,4
530,13,0.0158410612780558,3,4
530,9,0.01497594348008097,3,4
530,1,3.341022444246331e-5,3,4
530,4,0.01975506542033972,3,4
530,8,0.01628304376145177,3,4
530,12,0.01658506381023805,3,4
530,6,0.03225505861783476,3,4
530,7,0.01712854830398351,3,4
530,19,0.02719824550381419,3,4
530,17,0.02054188140966213,3,4
535,11,8.450647456308818e-4,3,4
535,10,8.662042565376058e-4,3,4
535,5,0.00607537088773457,3,4
535,2,0,3,4
535,3,1.457049915199695e-6,3,4
535,13,9.24981618955008e-4,3,4
535,9,0.00124944804766574,3,4
535,1,0.02396798101157021,3,4
535,4,0.00549000218757575,3,4
535,8,0.00143459219177224,3,4
535,12,0.00112143017250034,3,4
535,6,0.003175573342717,3,4
535,7,0.00172269178204955,3,4
535,19,0.00144168928950509,3,4
535,17,0.00147360348797229,3,4
572,11,9.967569993583718e-5,7,3
572,10,1.296834084126099e-4,7,3
572,5,5.639374464766206e-4,7,3
572,2,6.373409238507136e-5,7,3
572,3,5.016414708044664e-5,7,3
572,13,9.67673078291393e-5,7,3
572,9,9.175311530499308e-5,7,3
572,1,0,7,3
572,4,5.790424330572258e-4,7,3
572,8,8.967554996130304e-5,7,3
572,12,1.3553258754147286e-4,7,3
572,6,2.881311720225858e-4,7,3
572,7,1.4212819823452972e-4,7,3
572,19,2.1369075764740117e-4,7,3
572,17,1.8685565850418265e-4,7,3
580,11,3.913496743382459e-4,5,1
580,10,6.427981768805274e-5,5,1
580,5,7.144758455655475e-5,5,1
580,2,1.7272111757471916e-7,5,1
580,3,3.0806198207079265e-5,5,1
580,13,1.5147562238613634e-4,5,1
580,9,3.2572355933272547e-5,5,1
580,1,2.855574738672078e-7,5,1
580,4,0,5,1
580,8,9.314127169893794e-6,5,1
580,12,3.6920164733287507e-4,5,1
580,6,3.4637045147395954e-5,5,1
580,7,1.9253819957879643e-5,5,1
580,19,0,5,1
580,17,1.368114648007503e-5,5,1
612,11,6.941895058372922e-4,3,4
612,10,0.00107545079593472,3,4
612,5,0.00699986940046171,3,4
612,2,3.506238686766799e-5,3,4
612,3,7.139544584478506e-5,3,4
612,13,4.234360300105147e-4,3,4
612,9,0.00168389904863488,3,4
612,1,0,3,4
612,4,0.00490504738762068,3,4
612,8,0.00199928822739813,3,4
612,12,6.357339599562397e-4,3,4
612,6,0.00401851028214478,3,4
612,7,0.00245433694044898,3,4
612,19,7.336578236443657e-4,3,4
612,17,7.71544655442126e-4,3,4
716,11,1.6067940700039326e-5,3,4
716,10,2.629628905420339e-5,3,4
716,5,3.821614987908743e-4,3,4
716,2,1.4232220088156858e-4,3,4
716,3,2.081499878856707e-7,3,4
716,13,3.415316746910799e-5,3,4
716,9,6.170397004260785e-5,3,4
716,1,0,3,4
716,4,4.319723064734505e-4,3,4
716,8,7.256354888173073e-5,3,4
716,12,4.714176957964273e-5,3,4
716,6,2.0782227088437572e-4,3,4
716,7,7.561500201640005e-5,3,4
716,19,2.8932984594425688e-5,3,4
716,17,7.200603410565806e-6,3,4
769,11,3.3225233311945726e-5,3,4
769,10,6.562834533185804e-5,3,4
769,5,2.6286064829876657e-4,3,4
769,2,0,3,4
769,3,4.162999757713414e-7,3,4
769,13,3.4785633533350726e-5,3,4
769,9,1.0459855144769212e-4,3,4
769,1,0,3,4
769,4,6.448175147956982e-4,3,4
769,8,7.256354888173073e-5,3,4
769,12,4.0569119013250234e-5,3,4
769,6,1.584721446124222e-4,3,4
769,7,6.861361294080746e-5,3,4
769,19,3.885286502680021e-5,3,4
769,17,2.628220244856519e-5,3,4
820,11,6.536111471202437e-6,7,3
820,10,3.641024638274316e-5,7,3
820,5,3.8448769921829696e-4,7,3
820,2,8.052258501333407e-4,7,3
820,3,7.695305052133246e-4,7,3
820,13,1.423048644546166e-5,7,3
820,9,6.560347744307005e-5,7,3
820,1,0,7,3
820,4,5.069854614897983e-4,7,3
820,8,8.880911952689432e-5,7,3
820,12,4.283555024304075e-5,7,3
820,6,2.1732446911065247e-4,7,3
820,7,1.1307243357082045e-4,7,3
820,19,3.058629799982144e-5,7,3
820,17,2.2321870572753997e-5,7,3
873,11,1.0893519118670727e-5,5,1
873,10,2.427349758849544e-5,5,1
873,5,1.1132530616951554e-4,5,1
873,2,0,5,1
873,3,7.014654591747102e-5,5,1
873,13,1.17006221884907e-5,5,1
873,9,5.7575079853883167e-5,5,1
873,1,0,5,1
873,4,3.695229311150133e-7,5,1
873,8,7.516284018495691e-5,5,1
873,12,1.3598587378743096e-5,5,1
873,6,1.4437210853472115e-4,5,1
873,7,1.1622305865483712e-4,5,1
873,19,1.6119805702608597e-5,5,1
873,17,1.6921418014829642e-5,5,1
902,11,3.1754608230925174e-4,3,4
902,10,1.9935733667588384e-4,3,4
902,5,5.5828810258145106e-5,3,4
902,2,5.026184521424327e-5,3,4
902,3,2.081499878856707e-7,3,4
902,13,2.017566744934342e-4,3,4
902,9,3.110430608839266e-4,3,4
902,1,0,3,4
902,4,0,3,4
902,8,2.9090401835272947e-4,3,4
902,12,2.939561305038299e-4,3,4
902,6,2.7341809089802824e-4,3,4
902,7,2.919579244522113e-4,3,4
902,19,1.9095769832320951e-4,3,4
902,17,1.4617224923448586e-4,3,4
1020,11,2.451041801700914e-5,7,3
1020,10,5.056978664269883e-5,7,3
1020,5,2.891134816939657e-4,7,3
1020,2,4.8344640809163894e-4,7,3
1020,3,6.798178604346005e-4,7,3
1020,13,3.1623303212137025e-7,7,3
1020,9,4.335334698160923e-5,7,3
1020,1,0,7,3
1020,4,2.449937033292538e-4,7,3
1020,8,3.920597715699481e-5,7,3
1020,12,2.266431229790516e-7,7,3
1020,6,1.0053938768447676e-4,7,3
1020,7,6.266243222655375e-5,7,3
1020,19,1.3639835594514968e-5,7,3
1020,17,0,7,3
1074,11,1.225520900850457e-5,6,5
1074,10,2.112693308628307e-5,6,5
1074,5,1.1896853614533302e-4,6,5
1074,2,1.252228102416714e-4,6,5
1074,3,3.253384310653033e-4,6,5
1074,13,4.1742760240020874e-5,6,5
1074,9,5.918075937172054e-5,6,5
1074,1,0,6,5
1074,4,7.390458622300266e-7,6,5
1074,8,6.82313967096871e-5,6,5
1074,12,3.4903040938773944e-5,6,5
1074,6,8.613282908334746e-5,6,5
1074,7,5.531097369718152e-5,6,5
1074,19,3.2322277075486983e-4,6,5
1074,17,1.5517300349769312e-4,6,5
1122,11,3.540393713567987e-5,7,3
1122,10,7.641656648230047e-6,7,3
1122,5,3.755152118553808e-5,7,3
1122,2,6.528858244324384e-5,7,3
1122,3,1.2488999273140242e-4,7,3
1122,13,1.0119457027883848e-5,7,3
1122,9,9.863459895286757e-6,7,3
1122,1,2.855574738672078e-7,7,3
1122,4,1.0974831054115894e-4,7,3
1122,8,8.44769673548507e-6,7,3
1122,12,4.532862459581032e-7,7,3
1122,6,3.4943567670824234e-5,7,3
1122,7,2.625520903347224e-5,7,3
1122,19,1.4879820648561783e-5,7,3
1122,17,1.4761236991659902e-5,7,3
1144,11,1.988067239157408e-5,8,2
1144,10,2.2475460730088372e-5,8,2
1144,5,1.7247114597605543e-4,8,2
1144,2,8.584239543463542e-5,8,2
1144,3,4.745819723793292e-5,8,2
1144,13,0,8,2
1144,9,1.85800058492611e-5,8,2
1144,1,0,8,2
1144,4,3.695229311150133e-7,8,2
1144,8,3.768972389677954e-5,8,2
1144,12,1.5865018608533613e-6,8,2
1144,6,9.471545973933938e-5,8,2
1144,7,4.0958126092216695e-5,8,2
1144,19,0,8,2
1144,17,0,8,2
1169,11,0.04298473709036283,1,6
1169,10,0.04344753789194113,1,6
1169,5,0.00337930459235165,1,6
1169,2,1.269500214174186e-4,1,6
1169,3,1.7297263993299236e-4,1,6
1169,13,0.04169184672184933,1,6
1169,9,0.04860598345003183,1,6
1169,1,1.4277873693360388e-5,1,6
1169,4,8.89441695193837e-4,1,6
1169,8,0.04705778636121528,1,6
1169,12,0.04823101642868006,1,6
1169,6,0.03406630020877249,1,6
1169,7,0.05012854550342788,1,6
1169,19,0.02924752746980223,1,6
1169,17,0.03357965397500311,1,6
1224,11,2.7233797796676824e-7,4,8
1224,10,2.2700215337389257e-5,4,8
1224,5,3.323143467746733e-7,4,8
1224,2,0,4,8
1224,3,4.745819723793292e-5,4,8
1224,13,3.1623303212137025e-7,4,8
1224,9,3.6013097757209787e-5,4,8
1224,1,0,4,8
1224,4,3.695229311150133e-7,4,8
1224,8,4.115544563441444e-5,4,8
1224,12,1.881137920726128e-5,4,8
1224,6,5.210882898280807e-5,4,8
1224,7,3.500694537796299e-5,4,8
1224,19,0,4,8
1224,17,8.640724092678966e-6,4,8
1242,11,5.896117222980533e-4,2,9
1242,10,3.229723706913699e-4,2,9
1242,5,2.648545343794146e-4,2,9
1242,2,0,2,9
1242,3,0,2,9
1242,13,6.191842768936429e-4,2,9
1242,9,3.043909600243146e-4,2,9
1242,1,0,2,9
1242,4,6.610765237647587e-4,2,9
1242,8,1.6115606080002287e-4,2,9
1242,12,6.964743169146256e-4,2,9
1242,6,2.3540929799292117e-4,2,9
1242,7,2.0549076936864273e-4,2,9
1242,19,8.754294481570516e-4,2,9
1242,17,0.00109233153738283,2,9
1278,11,8.170139339003047e-7,8,2
1278,10,1.4833804081858326e-5,8,2
1278,5,1.5618774298409642e-5,8,2
1278,2,0,8,2
1278,3,5.5784196753359746e-5,8,2
1278,13,1.296555431697618e-5,8,2
1278,9,1.513926402532386e-5,8,2
1278,1,0,8,2
1278,4,7.390458622300266e-7,8,2
1278,8,2.8375596726885747e-5,8,2
1278,12,0,8,2
1278,6,3.7089225334822216e-5,8,2
1278,7,3.080611193260743e-5,8,2
1278,19,5.3732685675362e-6,8,2
1278,17,0,8,2
1295,11,1.759303337665323e-4,1,6
1295,10,1.9486224452986616e-4,1,6
1295,5,3.323143467746733e-7,1,6
1295,2,1.8152989457102984e-4,1,6
1295,3,6.411019626878658e-5,1,6
1295,13,2.0997873332858984e-4,1,6
1295,9,2.075914233775469e-4,1,6
1295,1,0,1,6
1295,4,3.695229311150133e-7,1,6
1295,8,1.7675180861937993e-4,1,6
1295,12,2.4477457281737574e-4,1,6
1295,6,1.0207200030161815e-4,1,6
1295,7,2.3244611730967424e-4,1,6
1295,19,2.3270386180945232e-4,1,6
1295,17,1.7605475338833396e-4,1,6
1348,11,2.897676085566414e-4,5,1
1348,10,3.342101010564141e-4,5,1
1348,5,0.00296291471584298,5,1
1348,2,1.7272111757471916e-7,5,1
1348,3,0,5,1
1348,13,2.4002087138012e-4,5,1
1348,9,7.014525665066722e-4,5,1
1348,1,0,5,1
1348,4,1.6591579607064095e-4,5,1
1348,8,7.557439464130105e-4,5,1
1348,12,2.112313906164761e-4,5,1
1348,6,0.00165706076165329,5,1
1348,7,9.129811354572748e-4,5,1
1348,19,3.76128799727534e-4,5,1
1348,17,2.909043777868585e-4,5,1
1420,11,3.3061830525165666e-4,5,1
1420,10,4.632192456471213e-4,5,1
1420,5,0.00370995736739245,5,1
1420,2,0,5,1
1420,3,4.953969711678963e-5,5,1
1420,13,1.2364711555945575e-4,5,1
1420,9,7.324192429221073e-4,5,1
1420,1,7.424494320547402e-6,5,1
1420,4,1.4263585141039513e-4,5,1
1420,8,9.45058996331317e-4,5,1
1420,12,1.869805764577176e-4,5,1
1420,6,0.00200618991583811,5,1
1420,7,0.00102430322175919,5,1
1420,19,2.376638020256396e-4,5,1
1420,17,6.912579274143173e-5,5,1
1430,11,2.3421066105142063e-5,3,4
1430,10,7.394426580199074e-5,3,4
1430,5,2.954274542826845e-4,3,4
1430,2,0,3,4
1430,3,2.081499878856707e-7,3,4
1430,13,3.952912901517128e-5,3,4
1430,9,8.808299069279336e-5,3,4
1430,1,0,3,4
1430,4,6.584898632469537e-4,3,4
1430,8,6.498228258065439e-5,3,4
1430,12,1.9038022330240335e-5,3,4
1430,6,2.019983429392383e-4,3,4
1430,7,8.926771071380562e-5,3,4
1430,19,4.29861485402896e-5,3,4
1430,17,0,3,4
1504,11,1.552326474410579e-5,3,4
1504,10,6.5178836117256275e-6,3,4
1504,5,7.344147063720278e-5,3,4
1504,2,3.437150239736911e-5,3,4
1504,3,0,3,4
1504,13,7.589592770912885e-6,3,4
1504,9,2.4773341132348133e-5,3,4
1504,1,0,3,4
1504,4,0,3,4
1504,8,2.07943304258094e-5,3,4
1504,12,2.266431229790516e-7,3,4
1504,6,5.486753169366262e-5,3,4
1504,7,3.535701483174262e-5,3,4
1504,19,1.6533134053957536e-6,3,4
1504,17,0,3,4
1588,11,0,7,3
1588,10,6.742638219026512e-6,7,3
1588,5,5.71580676452438e-5,7,3
1588,2,1.6961213745837422e-4,7,3
1588,3,1.4008494184705638e-4,7,3
1588,13,0,7,3
1588,9,1.766247469621117e-5,7,3
1588,1,0,7,3
1588,4,3.4328680300584736e-4,7,3
1588,8,5.220243367312569e-5,7,3
1588,12,0,7,3
1588,6,9.563502730962422e-5,7,3
1588,7,5.811152932741856e-5,7,3
1588,19,9.919880432374522e-6,7,3
1588,17,1.6201357673773062e-5,7,3
1607,11,1.623134348681939e-4,3,4
1607,10,1.1529911354535334e-4,3,4
1607,5,3.788383553231275e-4,3,4
1607,2,7.496096502742811e-5,3,4
1607,3,4.162999757713414e-7,3,4
1607,13,1.6349247760674842e-4,3,4
1607,9,1.2065534662606592e-4,3,4
1607,1,0,3,4
1607,4,4.504484530292012e-4,3,4
1607,8,1.065709434322732e-4,3,4
1607,12,2.2029711553563815e-4,3,4
1607,6,2.4276583855519995e-4,3,4
1607,7,1.1517285029349822e-4,3,4
1607,19,2.3518383191754595e-4,3,4
1607,17,1.1700980542169434e-4,3,4
1615,11,7.080787427135974e-6,7,3
1615,10,1.9778405442477768e-5,7,3
1615,5,7.477072802430148e-5,7,3
1615,2,5.9657874010308e-4,7,3
1615,3,4.924828713374969e-4,7,3
1615,13,0,7,3
1615,9,2.775531737976041e-5,7,3
1615,1,0,7,3
1615,4,5.934538273707113e-4,7,3
1615,8,4.353812932903844e-5,7,3
1615,12,2.4930743527695676e-6,7,3
1615,6,4.291315327995959e-5,7,3
1615,7,8.191625218443339e-5,7,3
1615,19,5.786596918885137e-6,7,3
1615,17,0,7,3
1641,11,2.7233797796676824e-7,8,2
1641,10,1.4384294867256558e-5,8,2
1641,5,1.960654645970572e-5,8,2
1641,2,9.706926807699217e-5,8,2
1641,3,2.547755851720609e-4,8,2
1641,13,9.486990963641109e-6,8,2
1641,9,2.454395834408565e-5,8,2
1641,1,0,8,2
1641,4,1.1085687933450398e-6,8,2
1641,8,1.1046988038711244e-5,8,2
1641,12,2.266431229790516e-7,8,2
1641,6,8.582630655991917e-6,8,2
1641,7,3.290652865528521e-5,8,2
1641,19,5.3732685675362e-6,8,2
1641,17,0,8,2
1670,11,2.31487281271753e-5,7,3
1670,10,5.8436197898229766e-5,7,3
1670,5,2.9509513993590986e-4,7,3
1670,2,0,7,3
1670,3,0,7,3
1670,13,4.806742088244828e-5,7,3
1670,9,1.0528669981247957e-4,7,3
1670,1,0,7,3
1670,4,2.6827364798949965e-4,7,3
1670,8,8.750947387528124e-5,7,3
1670,12,3.739611529154352e-5,7,3
1670,6,1.992396402283838e-4,7,3
1670,7,1.2112403100775194e-4,7,3
1670,19,3.389292481061295e-5,7,3
1670,17,1.260105596849016e-5,7,3
1672,11,2.0261945560727556e-4,7,3
1672,10,1.3350423673672492e-4,7,3
1672,5,8.520539851302623e-4,7,3
1672,2,7.770723079686615e-4,7,3
1672,3,4.2816452508082466e-4,7,3
1672,13,1.318691743946114e-4,7,3
1672,9,1.8235931666867375e-4,7,3
1672,1,5.711149477344156e-7,7,3
1672,4,0.00186202604988855,7,3
1672,8,2.607955607570263e-4,7,3
1672,12,9.74565428809922e-5,7,3
1672,6,3.9909232550362414e-4,7,3
1672,7,2.072411166375409e-4,7,3
1672,19,2.2526395148517143e-4,7,3
1672,17,2.2861915828546433e-4,7,3
1689,11,2.530019815311277e-4,5,1
1689,10,2.64760927400441e-4,5,1
1689,5,0.00252725060722139,5,1
1689,2,0,5,1
1689,3,0,5,1
1689,13,1.612788463818988e-4,5,1
1689,9,4.899616357286631e-4,5,1
1689,1,0,5,1
1689,4,0,5,1
1689,8,5.527826171527666e-4,5,1
1689,12,2.538402977365378e-4,5,1
1689,6,0.00113873117453607,5,1
1689,7,6.44127794954519e-4,5,1
1689,19,1.1325196826960912e-4,5,1
1689,17,7.020588325301661e-5,5,1
1724,11,3.676562702551371e-5,5,1
1724,10,4.6524203711282926e-5,5,1
1724,5,4.349994799280473e-4,5,1
1724,2,0,5,1
1724,3,0,5,1
1724,13,1.48629525097044e-5,5,1
1724,9,9.657015385850525e-5,5,1
1724,1,0,5,1
1724,4,3.695229311150133e-7,5,1
1724,8,1.1371899451614516e-4,5,1
1724,12,3.150339409408817e-5,5,1
1724,6,1.924961447129616e-4,5,1
1724,7,1.3757729533539454e-4,5,1
1724,19,1.6119805702608597e-5,5,1
1724,17,1.8721568867471093e-5,5,1
1743,11,4.109580087518533e-4,5,1
1743,10,7.09325540641589e-4,5,1
1743,5,0.00519939026963653,5,1
1743,2,1.7272111757471916e-7,5,1
1743,3,0,5,1
1743,13,2.4919162931163975e-4,5,1
1743,9,9.615726483963276e-4,5,1
1743,1,0,5,1
1743,4,3.695229311150133e-7,5,1
1743,8,0.00105141333215498,5,1
1743,12,3.46990621280928e-4,5,1
1743,6,0.00227501016888471,5,1
1743,7,0.00143563482995026,5,1
1743,19,2.7155672683625253e-4,5,1
1743,17,1.9513635242633337e-4,5,1
1762,11,5.555694750522072e-5,5,1
1762,10,5.8885707112831535e-5,5,1
1762,5,6.3571734537995e-4,5,1
1762,2,3.074435892830001e-5,5,1
1762,3,2.6226898473594507e-5,5,1
1762,13,4.079406114365677e-5,5,1
1762,9,1.2937189258004027e-4,5,1
1762,1,0,5,1
1762,4,0,5,1
1762,8,1.87582189049489e-4,5,1
1762,12,7.660537556691944e-5,5,1
1762,6,3.0192468557685854e-4,5,1
1762,7,1.9113792176367791e-4,5,1
1762,19,9.093223729676644e-5,5,1
1762,17,8.064675819833703e-5,5,1
1777,11,1.2445845593081308e-4,3,4
1777,10,4.674895831858381e-5,3,4
1777,5,3.0772308511334745e-4,3,4
1777,2,0,3,4
1777,3,2.081499878856707e-7,3,4
1777,13,5.31271493963902e-5,3,4
1777,9,8.716545953974344e-5,3,4
1777,1,0,3,4
1777,4,3.2222399593229156e-4,3,4
1777,8,6.628192823226747e-5,3,4
1777,12,4.5781910841768424e-5,3,4
1777,6,1.5172864909699998e-4,3,4
1777,7,8.366659945333155e-5,3,4
1777,19,6.365256610773651e-5,3,4
1777,17,9.468793484894032e-5,3,4
1781,11,2.7233797796676824e-7,7,3
1781,10,4.787273135508823e-5,7,3
1781,5,2.7249776435523207e-4,7,3
1781,2,6.718851473656576e-5,7,3
1781,3,0,7,3
1781,13,0,7,3
1781,9,3.394865266284744e-5,7,3
1781,1,0,7,3
1781,4,0,7,3
1781,8,3.660668585376864e-5,7,3
1781,12,2.2211026051947056e-5,7,3
1781,6,1.5264821666728483e-4,7,3
1781,7,7.946576600797599e-5,7,3
1781,19,2.8932984594425688e-5,7,3
1781,17,1.8361538696942803e-5,7,3
1818,11,2.3693404083108837e-5,5,1
1818,10,3.461220952433609e-5,5,1
1818,5,4.130667330409189e-4,5,1
1818,2,0,5,1
1818,3,0,5,1
1818,13,5.502454758911842e-5,5,1
1818,9,1.2180226056737833e-4,5,1
1818,1,5.711149477344156e-7,5,1
1818,4,0,5,1
1818,8,1.03971652129047e-4,5,1
1818,12,1.2238728640868787e-5,5,1
1818,6,2.936485774442949e-4,5,1
1818,7,1.2112403100775194e-4,5,1
1818,19,3.099962635117038e-5,5,1
1818,17,4.9324133362375766e-5,5,1
1836,11,3.948900680518139e-5,7,3
1836,10,4.023107470685819e-5,7,3
1836,5,3.618903236376192e-4,7,3
1836,2,0,7,3
1836,3,0,7,3
1836,13,4.8699886946691015e-5,7,3
1836,9,4.977606505295875e-5,7,3
1836,1,0,7,3
1836,4,5.313739749433891e-4,7,3
1836,8,8.945894235270087e-5,7,3
1836,12,4.895491456347515e-5,7,3
1836,6,1.6429607255755957e-4,7,3
1836,7,7.351458529372228e-5,7,3
1836,19,5.745264083750244e-5,7,3
1836,17,4.06834092696968e-5,7,3
1895,11,2.3965742061075604e-5,4,8
1895,10,2.9218098949114883e-5,4,8
1895,5,1.761266037905768e-5,4,8
1895,2,1.7272111757471916e-7,4,8
1895,3,0,4,8
1895,13,8.538291867276997e-6,4,8
1895,9,2.7984700168022893e-5,4,8
1895,1,0.4404846824115443,4,8
1895,4,9.238073277875332e-6,4,8
1895,8,3.898936954839263e-5,4,8
1895,12,1.6544947977470766e-5,4,8
1895,6,1.351764328318727e-4,4,8
1895,7,1.032704888649908e-4,4,8
1895,19,1.2399850540468152e-5,4,8
1895,17,2.0161689549584257e-5,4,8
1924,11,5.9097341218788705e-5,5,1
1924,10,5.214306889380502e-5,5,1
1924,5,7.453810798155921e-4,5,1
1924,2,0,5,1
1924,3,0,5,1
1924,13,3.3836934436986616e-5,5,1
1924,9,1.0826867605989184e-4,5,1
1924,1,0,5,1
1924,4,0,5,1
1924,8,1.2758188146668478e-4,5,1
1924,12,3.195668034004627e-5,5,1
1924,6,2.758702710854545e-4,5,1
1924,7,1.652327821839853e-4,5,1
1924,19,1.777311910800435e-5,5,1
1924,17,8.640724092678966e-6,5,1
1948,11,0.00113238131238582,7,3
1948,10,8.482238879535351e-4,7,3
1948,5,0.00376412460591672,7,3
1948,2,0.00195295767641734,7,3
1948,3,0.00192830148777285,7,3
1948,13,9.619808837132084e-4,7,3
1948,9,9.757943812686016e-4,7,3
1948,1,1.028006905921948e-5,7,3
1948,4,0.00225630701738827,7,3
1948,8,0.00106592604193133,7,3
1948,12,9.840844399750422e-4,7,3
1948,6,0.00237401694395205,7,3
1948,7,0.00130925975713581,7,3
1948,19,0.00116971923431749,7,3
1948,17,0.00137675537210018,7,3
1961,11,3.3225233311945726e-5,8,2
1961,10,7.86641125553093e-6,8,2
1961,5,1.927423211293105e-5,8,2
1961,2,4.853463403849608e-5,8,2
1961,3,1.1573139326443292e-4,8,2
1961,13,9.803223995762476e-6,8,2
1961,9,8.716545953974343e-6,8,2
1961,1,0,8,2
1961,4,1.4780917244600532e-6,8,2
1961,8,5.198582606452351e-6,8,2
1961,12,5.6660780744762904e-5,8,2
1961,6,4.751099113138383e-5,8,2
1961,7,1.3652708697405566e-5,8,2
1961,19,4.505279029703429e-5,8,2
1961,17,3.636304722335731e-5,8,2
1990,11,7.625463383069511e-6,3,4
1990,10,2.2025951515486604e-5,3,4
1990,5,6.028182250492573e-4,3,4
1990,2,0,3,4
1990,3,2.081499878856707e-7,3,4
1990,13,1.0751923092126587e-5,3,4
1990,9,1.949753700231103e-5,3,4
1990,1,0,3,4
1990,4,0,3,4
1990,8,6.368263692904129e-5,3,4
1990,12,1.9038022330240335e-5,3,4
1990,6,1.19237261613602e-4,3,4
1990,7,8.646715508356858e-5,3,4
1990,19,2.6866342837681e-5,3,4
1990,17,2.664223261909348e-5,3,4
1996,11,3.036568454329466e-4,3,4
1996,10,3.90398752881635e-4,3,4
1996,5,0.00118968536145333,3,4
1996,2,3.112434538696439e-4,3,4
1996,3,1.0782169372477742e-4,3,4
1996,13,4.028808829226257e-4,3,4
1996,9,3.2136528635573827e-4,3,4
1996,1,0,3,4
1996,4,0.0010017766662528,3,4
1996,8,2.727089792301462e-4,3,4
1996,12,3.662552867341474e-4,3,4
1996,6,5.17103497023513e-4,3,4
1996,7,2.3979757583904648e-4,3,4
1996,19,4.5052790297034286e-4,3,4
1996,17,4.759598854383997e-4,3,4
2008,11,2.614444588480975e-5,8,2
2008,10,3.933205627765465e-5,8,2
2008,5,4.054235030651014e-5,8,2
2008,2,1.893023448618922e-4,8,2
2008,3,1.19478093046375e-4,8,2
2008,13,3.0990837147894286e-5,8,2
2008,9,2.2250130461460823e-5,8,2
2008,1,0,8,2
2008,4,7.390458622300266e-7,8,2
2008,8,1.6462178253765778e-5,8,2
2008,12,6.572650566392497e-6,8,2
2008,6,4.0154450569105045e-5,8,2
2008,7,4.795951516780929e-5,8,2
2008,19,1.1573193837770277e-5,8,2
2008,17,0,8,2
2106,11,4.0850696695015233e-05,7,3
2106,10,2.9442853556415767e-5,7,3
2106,5,3.233418594117571e-4,7,3
2106,2,4.8189191803346645e-5,7,3
2106,3,4.641744729850456e-5,7,3
2106,13,4.016159507941402e-5,7,3
2106,9,4.541779207597158e-5,7,3
2106,1,0,7,3
2106,4,1.1233497105896405e-4,7,3
2106,8,2.9891849987101017e-5,7,3
2106,12,5.462099263795144e-5,7,3
2106,6,1.0758940572332724e-4,7,3
2106,7,6.651319621812968e-5,7,3
2106,19,1.6533134053957536e-5,7,3
2106,17,9.504796501946865e-5,7,3
2129,11,4.806765311113459e-4,5,1
2129,10,9.387999946957912e-4,5,1
2129,5,0.0051080038242735,5,1
2129,2,0,5,1
2129,3,9.970384419723626e-5,5,1
2129,13,2.65635746981951e-4,5,1
2129,9,0.00130082979223653,5,1
2129,1,2.855574738672078e-7,5,1
2129,4,1.644377043461809e-4,5,1
2129,8,0.00139235370809482,5,1
2129,12,4.2790221618444944e-4,5,1
2129,6,0.00321603431580954,5,1
2129,7,0.00180110733969619,5,1
2129,19,3.0296968153877186e-4,5,1
2129,17,2.026969860074274e-4,5,1
2219,11,3.295289533397896e-5,5,1
2219,10,5.10192958573006e-5,5,1
2219,5,8.497277847028395e-4,5,1
2219,2,0,5,1
2219,3,0,5,1
2219,13,3.225576927637976e-5,5,1
2219,9,1.234079400852157e-4,5,1
2219,1,0,5,1
2219,4,1.3155016347694474e-4,5,1
2219,8,1.3559636298496547e-4,5,1
2219,12,1.6091661731512663e-5,5,1
2219,6,2.6973982061688885e-4,5,1
2219,7,1.2602500336066677e-4,5,1
2219,19,2.14930742701448e-5,5,1
2219,17,0,5,1
2235,11,0,7,3
2235,10,1.6631840940265394e-5,7,3
2235,5,1.4322748345988416e-4,7,3
2235,2,0,7,3
2235,3,0,7,3
2235,13,1.17006221884907e-5,7,3
2235,9,4.014198794593448e-5,7,3
2235,1,0,7,3
2235,4,2.4905845557151896e-4,7,3
2235,8,2.490987498925085e-5,7,3
2235,12,1.246537176384784e-5,7,3
2235,6,7.908281104449696e-5,7,3
2235,7,1.6803333781422235e-5,7,3
2235,19,3.223961140521719e-5,7,3
2235,17,1.9441629208527673e-5,7,3
2241,11,2.9684839598377736e-5,3,4
2241,10,6.47293269026545e-5,3,4
2241,5,1.5751700037119513e-4,3,4
2241,2,0,3,4
2241,3,2.081499878856707e-7,3,4
2241,13,1.233308825273344e-5,3,4
2241,9,5.9410142159983027e-5,3,4
2241,1,0,3,4
2241,4,1.7737100693520638e-4,3,4
2241,8,4.548759780645807e-5,3,4
2241,12,2.8330390372381452e-5,3,4
2241,6,1.1126767600446664e-4,3,4
2241,7,5.706132096607967e-5,3,4
2241,19,3.058629799982144e-5,3,4
2241,17,4.7163952339206026e-5,3,4
2312,11,2.6634654245149934e-4,3,4
2312,10,1.532826421792027e-4,3,4
2312,5,4.609199989764718e-4,3,4
2312,2,7.772450290862362e-5,3,4
2312,3,4.162999757713414e-7,3,4
2312,13,2.5994355240376634e-4,3,4
2312,9,1.2570176796784053e-4,3,4
2312,1,0,3,4
2312,4,7.841276598260582e-4,3,4
2312,8,1.2389955212044768e-4,3,4
2312,12,3.565096324460482e-4,3,4
2312,6,2.2437448714950295e-4,3,4
2312,7,1.6698312945288344e-4,3,4
2312,19,2.4469038399857154e-4,3,4
2312,17,2.833437442057644e-4,3,4
2351,11,2.4238080039042377e-5,5,1
2351,10,5.124405046460149e-5,5,1
2351,5,1.106606774759662e-4,5,1
2351,2,0,5,1
2351,3,0,5,1
2351,13,6.324660642427405e-7,5,1
2351,9,9.588200549371776e-5,5,1
2351,1,0,5,1
2351,4,0,5,1
2351,8,5.8484054322588946e-5,5,1
2351,12,4.668848333368463e-5,5,1
2351,6,1.4345254096443633e-4,5,1
2351,7,1.0747132231034636e-4,5,1
2351,19,2.851965624307675e-5,5,1
2351,17,9.000754263207256e-6,5,1
2361,11,7.216956416119358e-5,5,1
2361,10,9.102561595685792e-5,5,1
2361,5,7.417256220010707e-4,5,1
2361,2,0,5,1
2361,3,0,5,1
2361,13,1.5811651606068512e-5,5,1
2361,9,1.4909881237061377e-4,5,1
2361,1,0,5,1
2361,4,0,5,1
2361,8,1.7393590970755156e-4,5,1
2361,12,5.303449077709807e-5,5,1
2361,6,3.3472259558368477e-4,5,1
2361,7,1.9638896357037237e-4,5,1
2361,19,2.7279671189029937e-5,5,1
2361,17,4.356365063392313e-5,5,1
2375,11,3.594861309161341e-5,5,1
2375,10,1.393478565265479e-5,5,1
2375,5,1.3093185262922125e-4,5,1
2375,2,6.908844702988767e-7,5,1
2375,3,0,5,1
2375,13,2.846097289092332e-5,5,1
2375,9,4.90879166881713e-5,5,1
2375,1,0,5,1
2375,4,3.528943992148377e-4,5,1
2375,8,3.6173470636564274e-5,5,1
2375,12,6.028707071242773e-5,5,1
2375,6,6.22240722559414e-5,5,1
2375,7,4.69093068064704e-5,5,1
2375,19,3.223961140521719e-5,5,1
2375,17,4.2843590292866544e-5,5,1
2382,11,3.240821937804542e-5,7,3
2382,10,4.989552282079619e-5,7,3
2382,5,1.611724581857165e-4,7,3
2382,2,0,7,3
2382,3,0,7,3
2382,13,3.699926475820032e-5,7,3
2382,9,5.9410142159983027e-5,7,3
2382,1,0,7,3
2382,4,0,7,3
2382,8,9.747342387098156e-5,7,3
2382,12,3.671618592260636e-5,7,3
2382,6,1.4498515358157775e-4,7,3
2382,7,1.52280212394139e-4,7,3
2382,19,2.4386372729587364e-5,7,3
2382,17,2.1241780061169127e-5,7,3
2398,11,1.062118114070396e-5,7,3
2398,10,6.742638219026512e-6,7,3
2398,5,7.609998541140017e-5,7,3
2398,2,1.0967790965994668e-4,7,3
2398,3,9.59571444152942e-5,7,3
2398,13,2.846097289092332e-6,7,3
2398,9,1.7433091907948687e-5,7,3
2398,1,0,7,3
2398,4,1.3228920933917477e-4,7,3
2398,8,1.2996456516130876e-5,7,3
2398,12,1.677159110044982e-5,7,3
2398,6,4.0460973092533325e-5,7,3
2398,7,3.010597302504817e-5,7,3
2398,19,1.2399850540468152e-5,7,3
2398,17,0,7,3
2483,11,2.7233797796676824e-7,7,3
2483,10,5.618865182522093e-6,7,3
2483,5,1.093314200888675e-4,7,3
2483,2,3.143524339859888e-5,7,3
2483,3,0,7,3
2483,13,1.391425341334029e-5,7,3
2483,9,1.674494354316124e-5,7,3
2483,1,2.855574738672078e-7,7,3
2483,4,0,7,3
2483,8,1.2130026081722152e-5,7,3
2483,12,3.5129684061753e-5,7,3
2483,6,4.9656648795381806e-5,7,3
2483,7,2.4854931218353723e-5,7,3
2483,19,1.2399850540468152e-5,7,3
2483,17,0,7,3
2541,11,3.458692320177957e-5,7,3
2541,10,2.2475460730088372e-5,7,3
2541,5,2.834641377987963e-4,7,3
2541,2,6.471860275524727e-4,7,3
2541,3,5.888563157285624e-4,7,3
2541,13,2.2768778312738656e-5,7,3
2541,9,2.867284853281034e-5,7,3
2541,1,0,7,3
2541,4,4.275380313000704e-4,7,3
2541,8,1.9711292382798496e-5,7,3
2541,12,1.7451520469386972e-5,7,3
2541,6,7.172627048221816e-5,7,3
2541,7,6.511291840301116e-5,7,3
2541,19,7.85323867562983e-6,7,3
2541,17,2.0161689549584257e-5,7,3
2592,11,1.3181158133591584e-4,5,1
2592,10,3.7646396722898e-4,5,1
2592,5,0.00302970989954469,5,1
2592,2,0,5,1
2592,3,1.3404859219837194e-4,5,1
2592,13,1.2491204768794124e-4,5,1
2592,9,5.688693148909571e-4,5,1
2592,1,0,5,1
2592,4,0,5,1
2592,8,6.420249518968653e-4,5,1
2592,12,1.3167965445082898e-4,5,1
2592,6,0.00119850306660458,5,1
2592,7,6.458781422234171e-4,5,1
2592,19,6.613253621583014e-5,5,1
2592,17,1.0116847791844956e-4,5,1
2615,11,0.00359649533702914,1,6
2615,10,0.00398737148812497,1,6
2615,5,1.2627945177437585e-5,1,6
2615,2,0,1,6
2615,3,2.081499878856707e-7,1,6
2615,13,0.00359651827431634,1,6
2615,9,0.00408691313847265,1,6
2615,1,5.711149477344156e-7,1,6
2615,4,0,1,6
2615,8,0.0038631966994199,1,6
2615,12,0.00436356004671568,1,6
2615,6,0.00207025312323462,1,6
2615,7,0.00457785824707622,1,6
2615,19,0.00291024492184787,1,6
2615,17,0.00300661195408175,1,6
2702,11,4.902083603401828e-5,5,1
2702,10,1.820512319137158e-5,5,1
2702,5,4.39319566436118e-4,5,1
2702,2,3.229884898647248e-5,5,1
2702,3,0,5,1
2702,13,6.324660642427405e-6,5,1
2702,9,6.285088398392027e-5,5,1
2702,1,2.855574738672078e-7,5,1
2702,4,0,5,1
2702,8,6.779818149248274e-5,5,1
2702,12,1.0878869902994476e-5,5,1
2702,6,2.4245931603177168e-4,5,1
2702,7,1.1622305865483712e-4,5,1
2702,19,1.1159865486421335e-5,5,1
2702,17,0,5,1
2790,11,1.4706250810205484e-5,3,4
2790,10,3.7309264811946695e-5,3,4
2790,5,1.305995382824466e-4,3,4
2790,2,0,3,4
2790,3,2.081499878856707e-7,3,4
2790,13,0,3,4
2790,9,6.422718071349516e-5,3,4
2790,1,0,3,4
2790,4,1.8513098848862164e-4,3,4
2790,8,3.7906331505381725e-5,3,4
2790,12,4.986148705539135e-6,3,4
2790,6,6.712843263079393e-5,3,4
2790,7,3.465687592418336e-5,3,4
2790,19,1.1986522189119214e-5,3,4
2790,17,4.8244042850790896e-5,3,4
2802,11,6.536111471202437e-6,6,5
2802,10,4.495092146017674e-7,6,5
2802,5,0,6,5
2802,2,1.7272111757471916e-7,6,5
2802,3,5.869829658375914e-5,6,5
2802,13,0,6,5
2802,9,1.009284268354924e-5,6,5
2802,1,0,6,5
2802,4,0,6,5
2802,8,3.205792607312283e-5,6,5
2802,12,6.346007443413445e-6,6,5
2802,6,3.279791000682626e-5,6,5
2802,7,2.275451449567594e-5,6,5
2802,19,1.033320878372346e-5,6,5
2802,17,9.360784433735546e-6,6,5
2804,11,2.0425348347507617e-5,3,4
2804,10,7.641656648230047e-6,3,4
2804,5,1.405689686856868e-4,3,4
2804,2,0,3,4
2804,3,0,3,4
2804,13,2.814473985880195e-5,3,4
2804,9,3.670124612199723e-5,3,4
2804,1,0,3,4
2804,4,0,3,4
2804,8,2.2310583686024672e-5,3,4
2804,12,6.799293689371548e-7,3,4
2804,6,5.670666683423231e-5,3,4
2804,7,2.730541739481113e-5,3,4
2804,19,3.2652939756566136e-5,3,4
2804,17,7.200603410565806e-6,3,4
2805,11,1.3616898898338412e-5,5,1
2805,10,1.326052183075214e-5,5,1
2805,5,3.0007985513752993e-4,5,1
2805,2,2.1382874355750233e-4,5,1
2805,3,3.62180978921067e-4,5,1
2805,13,3.1623303212137025e-7,5,1
2805,9,8.487163165711861e-5,5,1
2805,1,0,5,1
2805,4,1.4780917244600532e-6,5,1
2805,8,6.541549779785874e-5,5,1
2805,12,1.3371944255764045e-5,5,1
2805,6,1.0636331562961412e-4,5,1
2805,7,7.281444638616302e-5,5,1
2805,19,1.4466492297212844e-5,5,1
2805,17,1.404117665060332e-5,5,1
2807,11,1.1165857096637498e-5,7,3
2807,10,2.5397270624999855e-5,7,3
2807,5,8.673404450818972e-5,7,3
2807,2,0,7,3
2807,3,6.452649624455792e-6,7,3
2807,13,1.0435690060005218e-5,7,3
2807,9,2.2479513249723307e-5,7,3
2807,1,0,7,3
2807,4,2.6827364798949965e-4,7,3
2807,8,1.9927899991400677e-5,7,3
2807,12,8.839081796183013e-6,7,3
2807,6,5.762623440451716e-5,7,3
2807,7,2.415479231079446e-5,7,3
2807,19,5.3732685675362e-6,7,3
2807,17,1.044087494532042e-5,7,3
2825,11,1.846451490614689e-4,1,6
2825,10,1.519341145353974e-4,1,6
2825,5,8.640173016141506e-6,1,6
2825,2,0,1,6
2825,3,0,1,6
2825,13,2.0460277178252655e-4,1,6
2825,9,1.940578388700604e-4,1,6
2825,1,0,1,6
2825,4,0,1,6
2825,8,1.4664335102367672e-4,1,6
2825,12,2.599596620569722e-4,1,6
2825,6,9.655459487990908e-5,1,6
2825,7,1.547306985705964e-4,1,6
2825,19,2.14930742701448e-4,1,6
2825,17,2.2897918845599265e-4,1,6
2830,11,2.704316121210009e-4,5,1
2830,10,4.611964541814134e-4,5,1
2830,5,0.0041396398177721,5,1
2830,2,0,5,1
2830,3,0,5,1
2830,13,1.7803919708433145e-4,5,1
2830,9,7.441177651234939e-4,5,1
2830,1,0,5,1
2830,4,0,5,1
2830,8,8.289573181205478e-4,5,1
2830,12,2.4522785906333386e-4,5,1
2830,6,0.00194457888862902,5,1
2830,7,0.00109046634852354,5,1
2830,19,2.2361063807977568e-4,5,1
2830,17,1.3285113292493911e-4,5,1
2859,11,3.376990926787926e-5,8,2
2859,10,3.056662659292019e-5,8,2
2859,5,1.143161352904876e-4,8,2
2859,2,1.6788492628262702e-4,8,2
2859,3,0,8,2
2859,13,0,8,2
2859,9,4.4500260922921647e-5,8,2
2859,1,0,8,2
2859,4,0,8,2
2859,8,2.8375596726885747e-5,8,2
2859,12,4.986148705539135e-6,8,2
2859,6,6.283711730279796e-5,8,2
2859,7,3.9207778823318546e-5,8,2
2859,19,3.3066268107915073e-6,8,2
2859,17,3.600301705282903e-7,8,2
2880,11,4.847616007808475e-5,7,3
2880,10,2.000316004977865e-5,7,3
2880,5,1.6482791600023794e-4,7,3
2880,2,1.8774785480371971e-4,7,3
2880,3,3.642624787999237e-5,7,3
2880,13,5.059728513941924e-6,7,3
2880,9,2.7984700168022893e-5,7,3
2880,1,0,7,3
2880,4,8.879636034693769e-4,7,3
2880,8,5.588476301936277e-5,7,3
2880,12,3.716947216856446e-5,7,3
2880,6,1.0452418048904442e-4,7,3
2880,7,7.211430747860376e-5,7,3
2880,19,5.331935732401305e-5,7,3
2880,17,3.2042685177017834e-5,7,3
2983,11,1.732069539868646e-4,5,1
2983,10,2.305982270907067e-4,5,1
2983,5,0.00188322540317207,5,1
2983,2,0,5,1
2983,3,0,5,1
2983,13,9.613484176489655e-5,5,1
2983,9,4.911085496699755e-4,5,1
2983,1,0,5,1
2983,4,0,5,1
2983,8,5.153095008645893e-4,5,1
2983,12,1.7247541658705826e-4,5,1
2983,6,0.00105811575087443,5,1
2983,7,6.486786978536542e-4,5,1
2983,19,1.2234519199928577e-4,5,1
2983,17,7.308612461724293e-5,5,1
3020,11,1.0348843162737194e-5,7,3
3020,10,1.3035767223451257e-5,7,3
3020,5,1.030174475001487e-4,7,3
3020,2,1.2850451147559106e-4,7,3
3020,3,1.0844614368843444e-4,7,3
3020,13,1.48629525097044e-5,7,3
3020,9,2.3167661614510757e-5,7,3
3020,1,0,7,3
3020,4,0,7,3
3020,8,1.3213064124733058e-5,7,3
3020,12,5.439434951497238e-6,7,3
3020,6,5.640014431080403e-5,7,3
3020,7,3.325659810906484e-5,7,3
3020,19,2.066641756744692e-6,7,3
3020,17,0,7,3
3025,11,2.1787038237341455e-5,7,3
3025,10,8.091165862831813e-6,7,3
3025,5,8.739867320173907e-5,7,3
3025,2,5.423443091846181e-5,7,3
3025,3,5.162119699564634e-5,7,3
3025,13,3.1623303212137025e-7,7,3
3025,9,3.4178035451109927e-5,7,3
3025,1,0,7,3
3025,4,1.5298249348161548e-4,7,3
3025,8,3.097488803011192e-5,7,3
3025,12,2.266431229790516e-7,7,3
3025,6,8.276108132563635e-5,7,3
3025,7,3.325659810906484e-5,7,3
3025,19,3.430625316196189e-5,7,3
3025,17,1.0080844774792128e-5,7,3
3030,11,2.7233797796676824e-7,7,3
3030,10,2.2700215337389257e-5,7,3
3030,5,1.528645995163497e-4,7,3
3030,2,0,7,3
3030,3,8.888004482718138e-5,7,3
3030,13,1.264932128485481e-5,7,3
3030,9,2.431457555582317e-5,7,3
3030,1,0,7,3
3030,4,2.50906070227094e-4,7,3
3030,8,2.7942381509681385e-5,7,3
3030,12,9.065724919162064e-6,7,3
3030,6,6.682191010736564e-5,7,3
3030,7,3.220638974772595e-5,7,3
3030,19,1.4879820648561783e-5,7,3
3030,17,0,7,3
3033,11,3.649328904754694e-5,5,1
3033,10,5.7986688683628e-5,5,1
3033,5,7.377378498397746e-5,5,1
3033,2,3.3853339044644955e-4,5,1
3033,3,1.8504533923036125e-4,5,1
3033,13,1.423048644546166e-5,5,1
3033,9,7.913706195055654e-5,5,1
3033,1,0,5,1
3033,4,1.5298249348161548e-4,5,1
3033,8,7.949499235700054e-5,5,1
3033,12,2.6517245388549036e-5,5,1
3033,6,1.2690032469930907e-4,5,1
3033,7,1.652327821839853e-4,5,1
3033,19,6.6132536215830145e-6,5,1
3033,17,1.404117665060332e-5,5,1
3038,11,0,5,1
3038,10,8.99018429203535e-6,5,1
3038,5,2.8246719475847227e-5,5,1
3038,2,7.599729173287643e-5,5,1
3038,3,6.369389629301523e-5,5,1
3038,13,1.8973981927282216e-6,5,1
3038,9,1.009284268354924e-5,5,1
3038,1,0,5,1
3038,4,0,5,1
3038,8,2.4043444554842123e-5,5,1
3038,12,1.7904806715345075e-5,5,1
3038,6,2.0537009069694943e-5,5,1
3038,7,4.900972352914818e-6,5,1
3038,19,7.026581972931953e-6,5,1
3038,17,0,5,1
3070,11,2.8323149708543895e-05,5,1
3070,10,1.4384294867256558e-5,5,1
3070,5,6.613055500815997e-5,5,1
3070,2,0,5,1
3070,3,5.620049672913109e-5,5,1
3070,13,3.1623303212137025e-7,5,1
3070,9,2.362642719103572e-5,5,1
3070,1,0,5,1
3070,4,0,5,1
3070,8,3.1841318464520646e-5,5,1
3070,12,3.6262899676648256e-6,5,1
3070,6,1.6245693741698986e-5,5,1
3070,7,3.325659810906484e-5,5,1
3070,19,8.679895378327707e-6,5,1
3070,17,7.200603410565806e-6,5,1
3101,11,7.979502754426309e-5,3,4
3101,10,1.685659554756628e-5,3,4
3101,5,6.247509719363857e-5,3,4
3101,2,0,3,4
3101,3,0,3,4
3101,13,0,3,4
3101,9,6.881483647874482e-6,3,4
3101,1,0,3,4
3101,4,1.6554627313952595e-4,3,4
3101,8,3.162471085591847e-5,3,4
3101,12,1.6091661731512663e-5,3,4
3101,6,5.2721874029664635e-5,3,4
3101,7,1.8553681050320384e-5,3,4
3101,19,1.2813178891817091e-5,3,4
3101,17,1.4401206821131611e-5,3,4
3109,11,3.777327754399075e-4,5,1
3109,10,4.166950419358384e-4,5,1
3109,5,0.00369600016482791,5,1
3109,2,1.6736676292990286e-4,5,1
3109,3,2.416621359352637e-4,5,1
3109,13,3.3520701404865245e-4,5,1
3109,9,6.865426852696108e-4,5,1
3109,1,0,5,1
3109,4,9.644548502101848e-5,5,1
3109,8,8.551668387614116e-4,5,1
3109,12,4.616720415083281e-4,5,1
3109,6,0.00204235957360264,5,1
3109,7,0.00103235481919612,5,1
3109,19,2.6411681651197165e-4,5,1
3109,17,3.031454035848204e-4,5,1
3149,11,2.31487281271753e-5,7,3
3149,10,4.4950921460176745e-5,7,3
3149,5,2.0304406587932537e-4,7,3
3149,2,0,7,3
3149,3,0,7,3
3149,13,8.538291867276997e-6,7,3
3149,9,3.2572355933272547e-5,7,3
3149,1,0,7,3
3149,4,2.0988902487332751e-4,7,3
3149,8,3.8556154331188266e-5,7,3
3149,12,4.532862459581032e-7,7,3
3149,6,6.161102720908484e-5,7,3
3149,7,5.601111260474078e-5,7,3
3149,19,1.1986522189119214e-5,7,3
3149,17,1.044087494532042e-5,7,3
3151,11,7.462060596289449e-4,3,4
3151,10,0.00124266822376658,3,4
3151,5,0.00669945723097741,3,4
3151,2,0,3,4
3151,3,8.325999515426828e-7,3,4
3151,13,5.622623311117963e-4,3,4
3151,9,0.00166394274605604,3,4
3151,1,5.711149477344156e-7,3,4
3151,4,0.00408470648054535,3,4
3151,8,0.00199907161978953,3,4
3151,12,6.951144581767512e-4,3,4
3151,6,0.00435445896782218,3,4
3151,7,0.0024403341622978,3,4
3151,19,6.923249885094718e-4,3,4
3151,17,5.432855273271901e-4,3,4
3171,11,8.785623169207943e-4,3,4
3171,10,6.295376550497753e-4,3,4
3171,5,0.00183503982288974,3,4
3171,2,7.755178179104891e-5,3,4
3171,3,5.557604676547408e-5,3,4
3171,13,5.815525460711999e-4,3,4
3171,9,6.828725606574111e-4,3,4
3171,1,2.855574738672078e-7,3,4
3171,4,0.00280172286371403,3,4
3171,8,4.7588691609899226e-4,3,4
3171,12,8.329134769480146e-4,3,4
3171,6,0.00116938342687889,3,4
3171,7,6.227735582739615e-4,3,4
3171,19,9.580951184268393e-4,3,4
3171,17,7.97466827720163e-4,3,4
3263,11,3.4396286617202826e-4,3,4
3263,10,3.782620040873873e-4,3,4
3263,5,0.00200884022625289,3,4
3263,2,0,3,4
3263,3,4.162999757713414e-7,3,4
3263,13,4.737170821178126e-4,3,4
3263,9,5.401964663581468e-4,3,4
3263,1,0,3,4
3263,4,0.0015926438331057,3,4
3263,8,3.5220397158714677e-4,3,4
3263,12,5.985644877876753e-4,3,4
3263,6,0.00157920404070251,3,4
3263,7,6.773843930635838e-4,3,4
3263,19,0.00103621417683178,3,4
3263,17,6.480543069509225e-4,3,4
3269,11,2.8050811730577128e-5,5,1
3269,10,1.3282997291482227e-4,5,1
3269,5,7.327531346381545e-4,5,1
3269,2,2.1762860814414615e-5,5,1
3269,3,3.1846948146507616e-5,5,1
3269,13,2.4349943473345507e-5,5,1
3269,9,1.6171486572505033e-4,5,1
3269,1,0,5,1
3269,4,0,5,1
3269,8,1.810839607914235e-4,5,1
3269,12,5.303449077709807e-5,5,1
3269,6,3.3043128025568884e-4,5,1
3269,7,1.956888246628131e-4,5,1
3269,19,7.067914808066847e-5,5,1
3269,17,6.876576257090345e-5,5,1
3274,11,9.25949125087012e-6,8,2
3274,10,3.978156549225642e-5,8,2
3274,5,8.341090104044298e-5,8,2
3274,2,7.979715631952024e-5,8,2
3274,3,4.849894717736127e-5,8,2
3274,13,1.1068156124247958e-5,8,2
3274,9,2.179136488493586e-5,8,2
3274,1,0,8,2
3274,4,3.695229311150133e-7,8,2
3274,8,2.512648259785303e-5,8,2
3274,12,0,8,2
3274,6,1.1249376609817978e-4,8,2
3274,7,3.675729264686114e-5,8,2
3274,19,6.199925270234076e-6,8,2
3274,17,3.600301705282903e-7,8,2
3282,11,6.018669313065578e-5,3,4
3282,10,1.0968024836283126e-4,3,4
3282,5,3.881431570328184e-4,3,4
3282,2,0,3,4
3282,3,2.081499878856707e-7,3,4
3282,13,4.45888575291132e-5,3,4
3282,9,1.3327139998050246e-4,3,4
3282,1,0,3,4
3282,4,8.572932001868308e-5,3,4
3282,8,9.96394999570034e-5,3,4
3282,12,1.3122636820487088e-4,3,4
3282,6,1.0483070301247272e-4,3,4
3282,7,9.451875252050006e-5,3,4
3282,19,6.365256610773651e-5,3,4
3282,17,1.555330336682214e-4,3,4
3307,11,0.00331271916398776,3,4
3307,10,0.00217202852495574,3,4
3307,5,0.00164894378869592,3,4
3307,2,0,3,4
3307,3,6.244499636570121e-7,3,4
3307,13,0.00291408739099842,3,4
3307,9,0.0014123098273321,3,4
3307,1,0,3,4
3307,4,0.0035370734966329,3,4
3307,8,5.62746567148467e-4,3,4
3307,12,0.00327997927575283,3,4
3307,6,8.306760384906464e-4,3,4
3307,7,3.3991743962002064e-4,3,4
3307,19,0.00412956355832724,3,4
3307,17,0.00388760578136447,3,4
3335,11,3.2272050389062034e-4,1,6
3335,10,2.804937499115029e-4,1,6
3335,5,1.266117661211505e-4,1,6
3335,2,1.7272111757471916e-7,1,6
3335,3,0,1,6
3335,13,5.796551478784716e-4,1,6
3335,9,5.801090715158189e-4,1,6
3335,1,2.6556845069650323e-5,1,6
3335,4,0,1,6
3335,8,5.083780573893195e-4,1,6
3335,12,5.876856178846808e-4,1,6
3335,6,4.5947726261899585e-4,1,6
3335,7,5.041000134426671e-4,1,6
3335,19,0.01147978163036541,1,6
3335,17,0.00282983714035236,1,6
3358,11,6.026839452404581e-4,5,1
3358,10,9.630734922842868e-4,5,1
3358,5,0.0061235564680169,5,1
3358,2,0,5,1
3358,3,3.3574593045958685e-4,5,1
3358,13,3.7884717248140153e-4,5,1
3358,9,0.00145726885383155,5,1
3358,1,0,5,1
3358,4,7.043107067052153e-4,5,1
3358,8,0.00145906885154429,5,1
3358,12,5.7114066990721e-4,5,1
3358,6,0.00341220873080364,5,1
3358,7,0.00186937088318322,5,1
3358,19,5.811396619966074e-4,5,1
3358,17,4.8280045867843727e-4,5,1
3403,11,1.0430544556127224e-4,3,4
3403,10,2.1621393222345017e-4,3,4
3403,5,0.00119899016316302,3,4
3403,2,0,3,4
3403,3,0,3,4
3403,13,1.5969768122129198e-4,3,4
3403,9,3.0049145262385236e-4,3,4
3403,1,0,3,4
3403,4,0,3,4
3403,8,3.60868275931234e-4,3,4
3403,12,1.6839584037343534e-4,3,4
3403,6,7.350410111810221e-4,3,4
3403,7,4.302353586951651e-4,3,4
3403,19,2.054241906204224e-4,3,4
3403,17,1.879357490157675e-4,3,4
3421,11,2.532743195090945e-4,3,4
3421,10,2.881354065597329e-4,3,4
3421,5,0.00303170378562534,3,4
3421,2,1.081234196017742e-4,3,4
3421,3,2.081499878856707e-7,3,4
3421,13,1.5463795270735005e-4,3,4
3421,9,5.629053623961326e-4,3,4
3421,1,0,3,4
3421,4,0,3,4
3421,8,6.827471823140754e-4,3,4
3421,12,1.6794255412747725e-4,3,4
3421,6,0.00137781874281013,3,4
3421,7,7.51949186718645e-4,3,4
3421,19,1.624380420801328e-4,3,4
3421,17,1.112493226932417e-4,3,4
3639,11,4.379194685705633e-4,2,9
3639,10,3.7848675869468816e-4,2,9
3639,5,3.3497286154887066e-4,2,9
3639,2,1.7272111757471916e-7,2,9
3639,3,1.754704397876204e-4,2,9
3639,13,4.294444576208208e-4,2,9
3639,9,2.892516959989907e-4,2,9
3639,1,0,2,9
3639,4,1.93999538835382e-4,2,9
3639,8,1.6267231406023815e-4,2,9
3639,12,5.845126141629741e-4,2,9
3639,6,1.7870263115868886e-4,2,9
3639,7,1.0362055831877043e-4,2,9
3639,19,7.266312416714337e-4,2,9
3639,17,5.983701434180184e-4,2,9
3657,11,2.3911274465482252e-4,3,4
3657,10,1.3350423673672492e-4,3,4
3657,5,8.587002720657557e-4,3,4
3657,2,0,3,4
3657,3,1.0407499394283535e-6,3,4
3657,13,8.158812228731353e-5,3,4
3657,9,2.041506815536096e-4,3,4
3657,1,0,3,4
3657,4,0.00196216676422072,3,4
3657,8,2.0751008904088968e-4,3,4
3657,12,1.2488036076145742e-4,3,4
3657,6,4.625424878532787e-4,3,4
3657,7,2.4434847873818166e-4,3,4
3657,19,1.0581205794532825e-4,3,4
3657,17,1.1016923218165682e-4,3,4
3697,11,9.041620868496704e-5,5,1
3697,10,1.0878122993362772e-4,5,1
3697,5,7.639906832349738e-4,5,1
3697,2,8.860593331583092e-5,5,1
3697,3,0,5,1
3697,13,5.217845030002609e-5,5,1
3697,9,7.43200233970444e-5,5,1
3697,1,0,5,1
3697,4,1.5778629158611063e-4,5,1
3697,8,1.6722107384088396e-4,5,1
3697,12,3.671618592260636e-5,5,1
3697,6,3.3717477577111107e-4,5,1
3697,7,1.641825738226464e-4,5,1
3697,19,3.5132909864659766e-5,5,1
3697,17,5.18443445560738e-5,5,1
3712,11,1.1329259883417558e-4,5,1
3712,10,2.989236277101753e-4,5,1
3712,5,0.00221520743559997,5,1
3712,2,4.905279739122024e-5,5,1
3712,3,0,5,1
3712,13,8.348552048004175e-5,5,1
3712,9,3.638011021842976e-4,5,1
3712,1,5.711149477344156e-7,5,1
3712,4,3.695229311150133e-7,5,1
3712,8,5.155261084731915e-4,5,1
3712,12,1.5343739425681792e-4,5,1
3712,6,0.00125796843614967,5,1
3712,7,5.695630012994579e-4,5,1
3712,19,1.5458480340450295e-4,5,1
3712,17,7.092594359407319e-5,5,1
3735,11,0,7,3
3735,10,2.6970552876106045e-6,7,3
3735,5,4.7520951588778274e-5,7,3
3735,2,2.7721739370742426e-4,7,3
3735,3,1.001201441730076e-4,7,3
3735,13,0,7,3
3735,9,6.881483647874482e-6,7,3
3735,1,0,7,3
3735,4,2.0360713504437232e-4,7,3
3735,8,1.9711292382798496e-5,7,3
3735,12,4.079576213622929e-6,7,3
3735,6,4.62849010376707e-5,7,3
3735,7,4.0608056638437065e-5,7,3
3735,19,1.2399850540468153e-6,7,3
3735,17,9.360784433735546e-6,7,3
3828,11,2.2331714193274995e-5,8,2
3828,10,2.8094325912610463e-5,8,2
3828,5,2.213213549519324e-4,8,2
3828,2,1.27295463652568e-4,8,2
3828,3,5.82819966079878e-5,8,2
3828,13,1.0751923092126587e-5,8,2
3828,9,3.555433218068482e-5,8,2
3828,1,0,8,2
3828,4,7.390458622300266e-7,8,2
3828,8,3.8556154331188266e-5,8,2
3828,12,3.037017847919291e-5,8,2
3828,6,4.7204468607955544e-5,8,2
3828,7,3.9557848277098176e-5,8,2
3828,19,6.943916302662166e-5,8,2
3828,17,6.480543069509225e-5,8,2
3829,11,8.687581497139907e-5,5,1
3829,10,1.768818759457955e-4,5,1
3829,5,9.643762343401018e-4,5,1
3829,2,0,5,1
3829,3,0,5,1
3829,13,3.4469400501229354e-5,5,1
3829,9,2.1584920375499625e-4,5,1
3829,1,0,5,1
3829,4,0,5,1
3829,8,2.2072315316562272e-4,5,1
3829,12,3.716947216856446e-5,5,1
3829,6,5.483687944131979e-4,5,1
3829,7,2.986092440740243e-4,5,1
3829,19,7.31591181887621e-5,5,1
3829,17,1.4401206821131611e-5,5,1
3843,11,1.225520900850457e-5,7,3
3843,10,6.293129004424743e-5,7,3
3843,5,1.6848337381475937e-4,7,3
3843,2,5.095272968454215e-5,7,3
3843,3,6.32775963172439e-5,7,3
3843,13,3.858042991880717e-5,7,3
3843,9,2.5920255073660547e-5,7,3
3843,1,0,7,3
3843,4,0,7,3
3843,8,3.639007824516646e-5,7,3
3843,12,1.813144983832413e-5,7,3
3843,6,6.682191010736564e-5,7,3
3843,7,4.550902899135188e-5,7,3
3843,19,6.6132536215830145e-6,7,3
3843,17,1.4401206821131611e-5,7,3
3907,11,2.0697686325474387e-5,7,3
3907,10,1.3710031045353907e-5,7,3
3907,5,2.193274688712843e-5,7,3
3907,2,2.9345317875944783e-4,7,3
3907,3,2.695542343119436e-4,7,3
3907,13,0,7,3
3907,9,1.1469139413124135e-6,7,3
3907,1,0,7,3
3907,4,1.648072272772959e-4,7,3
3907,8,0,7,3
3907,12,2.266431229790516e-7,7,3
3907,6,1.7165261311983834e-5,7,3
3907,7,1.0502083613388897e-6,7,3
3907,19,3.719955162140446e-6,7,3
3907,17,0,7,3
3934,11,3.839965489331432e-5,3,4
3934,10,9.214938899336232e-6,3,4
3934,5,1.17971593105009e-4,3,4
3934,2,0,3,4
3934,3,4.162999757713414e-7,3,4
3934,13,1.328178734909755e-5,3,4
3934,9,3.670124612199724e-6,3,4
3934,1,0,3,4
3934,4,2.250394650490431e-4,3,4
3934,8,1.4296102167743964e-5,3,4
3934,12,7.705866181287755e-6,3,4
3934,6,2.115005411655151e-5,3,4
3934,7,7.351458529372227e-6,3,4
3934,19,4.5466118648383225e-6,3,4
3934,17,0,3,4
3965,11,1.7947072748010026e-4,5,1
3965,10,2.3284577316371553e-4,5,1
3965,5,0.00177190009700255,5,1
3965,2,1.2850451147559106e-4,5,1
3965,3,0,5,1
3965,13,7.051996616306556e-5,5,1
3965,9,2.5920255073660545e-4,5,1
3965,1,5.711149477344156e-7,5,1
3965,4,0,5,1
3965,8,4.154533932989837e-4,5,1
3965,12,1.0946862839888192e-4,5,1
3965,6,8.683783088723251e-4,5,1
3965,7,4.631418873504503e-4,5,1
3965,19,1.0705204299937503e-4,5,1
3965,17,7.524630564041267e-5,5,1
3982,11,2.6089978289216395e-4,5,1
3982,10,3.3061402733959995e-4,5,1
3982,5,0.001973282591148,5,1
3982,2,2.822263061170911e-4,5,1
3982,3,1.350893421378003e-4,5,1
3982,13,6.293037339215268e-5,5,1
3982,9,5.457016532764464e-4,5,1
3982,1,2.855574738672078e-7,5,1
3982,4,1.4780917244600532e-6,5,1
3982,8,5.822412519226633e-4,5,1
3982,12,1.2442707451549933e-4,5,1
3982,6,0.00124233578745483,5,1
3982,7,6.353760586100282e-4,5,1
3982,19,1.0911868475611972e-4,5,1
3982,17,4.6803922168677736e-5,5,1
4042,11,2.668912184074329e-5,7,3
4042,10,3.483696413163698e-5,7,3
4042,5,5.652667038637192e-4,7,3
4042,2,0,7,3
4042,3,4.745819723793292e-5,7,3
4042,13,7.146866525942967e-5,7,3
4042,9,1.3648275901617722e-4,7,3
4042,1,0,7,3
4042,4,0,7,3
4042,8,1.561740858021727e-4,7,3
4042,12,2.130445356003085e-5,7,3
4042,6,3.2491387483397975e-4,7,3
4042,7,1.96739033024152e-4,7,3
4042,19,3.389292481061295e-5,7,3
4042,17,1.1520965456905287e-5,7,3
4058,11,1.7974306545806703e-4,5,1
4058,10,2.701550379756622e-4,5,1
4058,5,0.00232586811307593,5,1
4058,2,0,5,1
4058,3,0,5,1
4058,13,1.404074662618884e-4,5,1
4058,9,4.571598970071281e-4,5,1
4058,1,0,5,1
4058,4,3.695229311150133e-7,5,1
4058,8,4.769699541420032e-4,5,1
4058,12,1.3190629757380804e-4,5,1
4058,6,0.00116968994940232,5,1
4058,7,6.906870323072098e-4,5,1
4058,19,1.5623811680989873e-4,5,1
4058,17,6.804570222984687e-5,5,1
4158,11,7.625463383069511e-6,7,3
4158,10,1.5058558689159208e-5,7,3
4158,5,1.4522136954053222e-4,7,3
4158,2,0,7,3
4158,3,0,7,3
4158,13,2.2768778312738656e-5,7,3
4158,9,5.4593103606470887e-5,7,3
4158,1,0,7,3
4158,4,0,7,3
4158,8,4.873671193549079e-5,7,3
4158,12,4.759505582560083e-5,7,3
4158,6,2.0230486546266664e-4,7,3
4158,7,9.171819689026302e-5,7,3
4158,19,2.355971602688949e-5,7,3
4158,17,2.376199125486716e-5,7,3
4225,11,8.442477316969815e-6,7,3
4225,10,6.06837439712386e-6,7,3
4225,5,5.117640940329968e-5,7,3
4225,2,2.1400146467507705e-4,7,3
4225,3,2.266753368074954e-4,7,3
4225,13,1.7076583734553994e-5,7,3
4225,9,4.358272976987172e-5,7,3
4225,1,0,7,3
4225,4,1.4633108072154526e-4,7,3
4225,8,1.1913418473119973e-5,7,3
4225,12,1.699823422342887e-5,7,3
4225,6,4.9043603748525246e-5,7,3
4225,7,1.7503472688981495e-5,7,3
4225,19,2.9346312945774627e-5,7,3
4225,17,0,7,3
4252,11,3.0229515554311273e-5,7,3
4252,10,1.1237730365044186e-5,7,3
4252,5,1.9839166502447995e-4,7,3
4252,2,0,7,3
4252,3,0,7,3
4252,13,2.9093438955166063e-5,7,3
4252,9,1.1056250394251668e-4,7,3
4252,1,0,7,3
4252,4,0,7,3
4252,8,7.234694127312855e-5,7,3
4252,12,4.668848333368463e-5,7,3
4252,6,1.3241773012101816e-4,7,3
4252,7,5.356062642828337e-5,7,3
4252,19,2.355971602688949e-5,7,3
4252,17,3.2042685177017834e-5,7,3
4270,11,7.788866169849572e-5,7,3
4270,10,1.5642920668141507e-4,7,3
4270,5,0.00155157568509094,7,3
4270,2,0,7,3
4270,3,0,7,3
4270,13,7.589592770912885e-6,7,3
4270,9,3.599015947838354e-4,7,3
4270,1,0,7,3
4270,4,0,7,3
4270,8,3.103987031269258e-4,7,3
4270,12,1.0878869902994476e-4,7,3
4270,6,8.665391737317554e-4,7,3
4270,7,4.8484619348478737e-4,7,3
4270,19,1.1903856518849428e-4,7,3
4270,17,4.4643741145507995e-5,7,3
4333,11,3.050185353227804e-4,3,4
4333,10,2.8274129598451173e-4,3,4
4333,5,0.00109663734435642,3,4
4333,2,0,3,4
4333,3,2.081499878856707e-7,3,4
4333,13,3.5323229687957055e-4,3,4
4333,9,3.424685028758867e-4,3,4
4333,1,0,3,4
4333,4,0.00231432211757332,3,4
4333,8,3.0736619660649524e-4,3,4
4333,12,3.5990927929073393e-4,3,4
4333,6,8.079933717569534e-4,3,4
4333,7,3.738741766366447e-4,3,4
4333,19,3.4058256151152524e-4,3,4
4333,17,4.889209715774182e-4,3,4
4348,11,1.388923687630518e-5,7,3
4348,10,2.112693308628307e-5,7,3
4348,5,2.412602157584128e-4,7,3
4348,2,0,7,3
4348,3,0,7,3
4348,13,1.1068156124247958e-5,7,3
4348,9,6.353903234870771e-5,7,3
4348,1,0,7,3
4348,4,4.120180681932398e-4,7,3
4348,8,5.003635758710387e-5,7,3
4348,12,3.46763978157949e-5,7,3
4348,6,7.755019842735553e-5,7,3
4348,7,6.79134740332482e-5,7,3
4348,19,2.5626357783634183e-5,7,3
4348,17,3.1322624835961254e-5,7,3
4367,11,4.548044232045029e-5,3,4
4367,10,5.1918314286504136e-5,3,4
4367,5,8.174932930656962e-5,3,4
4367,2,6.287048679719777e-5,3,4
4367,3,4.162999757713414e-7,3,4
4367,13,3.415316746910799e-5,3,4
4367,9,4.541779207597158e-5,3,4
4367,1,0,3,4
4367,4,3.536334450770677e-4,3,4
4367,8,3.400739455054246e-5,3,4
4367,12,4.079576213622929e-5,3,4
4367,6,4.107401813938989e-5,3,4
4367,7,3.850763991575929e-5,3,4
4367,19,4.7532760405127914e-5,3,4
4367,17,4.2483560122338254e-5,3,4
4388,11,1.388923687630518e-5,8,2
4388,10,2.0227914657079536e-5,8,2
4388,5,1.761266037905768e-5,8,2
4388,2,5.803429550510563e-5,8,2
4388,3,3.827878277217485e-4,8,2
4388,13,0,8,2
4388,9,2.9819762474122754e-6,8,2
4388,1,2.855574738672078e-7,8,2
4388,4,7.390458622300266e-7,8,2
4388,8,6.931443475269801e-6,8,2
4388,12,2.266431229790516e-7,8,2
4388,6,4.3526198326816155e-5,8,2
4388,7,3.150625084016669e-5,8,2
4388,19,3.3066268107915073e-6,8,2
4388,17,0,8,2
4400,11,1.5414329552919083e-4,7,3
4400,10,1.7755613976769814e-4,7,3
4400,5,0.0015954411788652,7,3
4400,2,0,7,3
4400,3,6.348574630512956e-5,7,3
4400,13,1.0245950240732396e-4,7,3
4400,9,2.5415612939483085e-4,7,3
4400,1,0,7,3
4400,4,0.0021358425418447702,7,3
4400,8,2.672937890150917e-4,7,3
4400,12,2.54746870228454e-4,7,3
4400,6,6.36340758637115e-4,7,3
4400,7,3.150625084016669e-4,7,3
4400,19,1.7029128075576262e-4,7,3
4400,17,1.4077179667656148e-4,7,3
4426,11,4.4037051037226424e-4,5,1
4426,10,7.115730867145978e-4,5,1
4426,5,0.00474378730020846,5,1
4426,2,7.185198491108317e-5,5,1
4426,3,5.932274654741615e-5,5,1
4426,13,2.0776510210374023e-4,5,1
4426,9,0.00105883095061962,5,1
4426,1,4.854477055742532e-6,5,1
4426,4,9.311977864098334e-4,5,1
4426,8,0.00114975318646037,5,1
4426,12,3.306723164264363e-4,5,1
4426,6,0.00269525254850489,5,1
4426,7,0.00147799323385759,5,1
4426,19,2.6866342837681e-4,5,1
4426,17,2.1421795146433272e-4,5,1
4441,11,0,7,3
4441,10,3.079138120022107e-5,7,3
4441,5,7.111527020978007e-5,7,3
4441,2,0,7,3
4441,3,0,7,3
4441,13,6.008427610306035e-6,7,3
4441,9,3.142544199196013e-5,7,3
4441,1,0,7,3
4441,4,1.8660908021308172e-4,7,3
4441,8,2.1660760860218128e-5,7,3
4441,12,1.3825230501722148e-5,7,3
4441,6,4.5671855990814136e-5,7,3
4441,7,2.905576466370928e-5,7,3
4441,19,2.2733059324191617e-5,7,3
4441,17,1.4401206821131611e-5,7,3
4547,11,3.2653323558215513e-4,3,4
4547,10,3.4297553074114854e-4,3,4
4547,5,0.00205436729176103,3,4
4547,2,1.7272111757471916e-7,3,4
4547,3,1.2488999273140242e-6,3,4
4547,13,1.9132098443342896e-4,3,4
4547,9,4.408737190404918e-4,3,4
4547,1,2.855574738672078e-7,3,4
4547,4,0.00299017955858268,3,4
4547,8,4.906162334839407e-4,3,4
4547,12,3.746410822843723e-4,3,4
4547,6,0.00104462875984358,3,4
4547,7,5.331557781063763e-4,3,4
4547,19,4.980606633754708e-4,3,4
4547,17,2.765031709657269e-4,3,4
4579,11,1.089351911867073e-6,7,3
4579,10,9.844251799778708e-5,7,3
4579,5,3.841553848715223e-4,7,3
4579,2,1.224592723604759e-4,7,3
4579,3,6.931394596592834e-5,7,3
4579,13,1.8025282830918104e-5,7,3
4579,9,1.0069904404722993e-4,7,3
4579,1,0,7,3
4579,4,8.499027415645306e-5,7,3
4579,8,9.162501843872268e-5,7,3
4579,12,2.3117598543863265e-5,7,3
4579,6,3.2644648745112117e-4,7,3
4579,7,1.6803333781422234e-4,7,3
4579,19,3.637289491870658e-5,7,3
4579,17,6.984585308248831e-5,7,3
4694,11,2.606274449141972e-4,3,4
4694,10,3.463468498506618e-4,3,4
4694,5,0.00158414249107486,3,4
4694,2,2.4543670807367595e-4,3,4
4694,3,2.8516548340336888e-5,3,4
4694,13,3.1623303212137025e-4,3,4
4694,9,4.1862358857903097e-4,3,4
4694,1,0,3,4
4694,4,0.00269714787420848,3,4
4694,8,3.953088856989808e-4,3,4
4694,12,2.955426323646833e-4,3,4
4694,6,9.689176965568018e-4,3,4
4694,7,4.606914011739929e-4,3,4
4694,19,2.6990341343085676e-4,3,4
4694,17,3.03865463925877e-4,3,4
4703,11,1.1329259883417558e-4,3,4
4703,10,1.436181940652647e-4,3,4
4703,5,5.416723852427174e-4,3,4
4703,2,0,3,4
4703,3,4.162999757713414e-7,3,4
4703,13,1.2870684407339768e-4,3,4
4703,9,1.1790275316691612e-4,3,4
4703,1,0,3,4
4703,4,6.492517899690783e-4,3,4
4703,8,1.286649195096957e-4,3,4
4703,12,1.6046333106916854e-4,3,4
4703,6,3.377878208179676e-4,3,4
4703,7,1.7538479634359458e-4,3,4
4703,19,1.3929165440459225e-4,3,4
4703,17,1.303309217312411e-4,3,4
4725,11,1.7429630589873167e-5,3,4
4725,10,3.798352863384935e-5,3,4
4725,5,1.528645995163497e-5,3,4
4725,2,5.803429550510563e-5,3,4
4725,3,2.081499878856707e-7,3,4
4725,13,3.51018665654721e-5,3,4
4725,9,1.3074818930961517e-5,3,4
4725,1,0,3,4
4725,4,0,3,4
4725,8,2.2310583686024672e-5,3,4
4725,12,2.9236962864297655e-5,3,4
4725,6,2.9119639725686863e-5,3,4
4725,7,1.1902361428507417e-5,3,4
4725,19,3.389292481061295e-5,3,4
4725,17,2.772232313067835e-5,3,4
4726,11,4.738680816621767e-5,7,3
4726,10,1.1754665961836218e-4,7,3
4726,5,4.479597394522596e-4,7,3
4726,2,3.986403393624518e-4,7,3
4726,3,1.3550564211357164e-4,7,3
4726,13,2.719604076243784e-5,7,3
4726,9,1.19279049896491e-4,7,3
4726,1,0,7,3
4726,4,0.0011717572145657,7,3
4726,8,1.3516314776776113e-4,7,3
4726,12,6.663307815584117e-5,7,3
4726,6,2.865985594054444e-4,7,3
4726,7,1.2392458663798895e-4,7,3
4726,19,7.729240170225148e-5,7,3
4726,17,6.228521950139421e-5,7,3
4737,11,2.16236354505614e-4,5,1
4737,10,1.6946497390486631e-4,5,1
4737,5,7.39399421573648e-4,5,1
4737,2,1.7272111757471916e-7,5,1
4737,3,5.82819966079878e-5,5,1
4737,13,1.1131402730672233e-4,5,1
4737,9,2.2250130461460825e-4,5,1
4737,1,0,5,1
4737,4,0.00256929294004268,5,1
4737,8,2.0036203795701767e-4,5,1
4737,12,1.3575923066445192e-4,5,1
4737,6,4.717381635561272e-4,5,1
4737,7,2.2544472823408164e-4,5,1
4737,19,2.521302943228524e-4,5,1
4737,17,1.1052926235218511e-4,5,1
4764,11,2.6961459818710053e-5,7,3
4764,10,2.225070612278749e-5,7,3
4764,5,4.519475116135557e-5,7,3
4764,2,2.1935581931989337e-5,7,3
4764,3,1.238492427919741e-4,7,3
4764,13,1.0751923092126587e-5,7,3
4764,9,0,7,3
4764,1,0,7,3
4764,4,3.06334509894346e-4,7,3
4764,8,1.689539347097014e-5,7,3
4764,12,3.037017847919291e-5,7,3
4764,6,3.6782702811393936e-5,7,3
4764,7,2.730541739481113e-5,7,3
4764,19,1.1986522189119214e-5,7,3
4764,17,0,7,3
4811,11,5.038252592385212e-5,5,1
4811,10,1.2811012616150373e-5,5,1
4811,5,1.924100067825358e-4,5,1
4811,2,1.7272111757471916e-7,5,1
4811,3,2.0919073782509905e-4,5,1
4811,13,4.1742760240020874e-5,5,1
4811,9,3.5783714968947307e-05,5,1
4811,1,0,5,1
4811,4,2.246699421179281e-4,5,1
4811,8,5.003635758710387e-5,5,1
4811,12,4.5781910841768424e-5,5,1
4811,6,8.551978403649089e-5,5,1
4811,7,4.830958462158892e-5,5,1
4811,19,3.55462382160087e-5,5,1
4811,17,3.2762745518074414e-5,5,1
4863,11,1.4978588788172251e-5,7,3
4863,10,2.6970552876106045e-6,7,3
4863,5,1.761266037905768e-5,7,3
4863,2,4.798192646225698e-4,7,3
4863,3,5.108000702714359e-4,7,3
4863,13,7.589592770912885e-6,7,3
4863,9,2.0415068155360963e-5,7,3
4863,1,0,7,3
4863,4,1.2452922778575948e-4,7,3
4863,8,1.1263595647313428e-5,7,3
4863,12,7.705866181287755e-6,7,3
4863,6,1.77783063588404e-5,7,3
4863,7,8.751736344490747e-6,7,3
4863,19,1.570647735125966e-5,7,3
4863,17,1.1520965456905287e-5,7,3
4865,11,2.805081173057713e-4,5,1
4865,10,5.389615483075191e-4,5,1
4865,5,0.00353416307794865,5,1
4865,2,6.148871785660001e-5,5,1
4865,3,1.0053644414877895e-4,5,1
4865,13,1.6475740973523388e-4,5,1
4865,9,8.021516105539021e-4,5,1
4865,1,0,5,1
4865,4,0,5,1
4865,8,9.288134256861532e-4,5,1
4865,12,2.499873646458939e-4,5,1
4865,6,0.00191055488852848,5,1
4865,7,0.00109361697360756,5,1
4865,19,2.1286410094470328e-4,5,1
4865,17,1.3609140445969373e-4,5,1
4883,11,2.2331714193274995e-5,3,4
4883,10,1.9778405442477768e-5,3,4
4883,5,5.21733524436237e-5,3,4
4883,2,1.0881430407207307e-5,3,4
4883,3,0,3,4
4883,13,0,3,4
4883,9,1.949753700231103e-5,3,4
4883,1,0,3,4
4883,4,0,3,4
4883,8,3.639007824516646e-5,3,4
4883,12,4.532862459581032e-7,3,4
4883,6,3.279791000682626e-5,3,4
4883,7,4.585909844513151e-5,3,4
4883,19,8.266567026978768e-6,3,4
4883,17,2.736229296015006e-5,3,4
4887,11,1.9935139987167436e-4,1,6
4887,10,1.8160172269911405e-4,1,6
4887,5,2.0603489500029742e-5,1,6
4887,2,0,1,6
4887,3,0,1,6
4887,13,2.539351247934603e-4,1,6
4887,9,1.3762967295748965e-4,1,6
4887,1,0,1,6
4887,4,0,1,6
4887,8,1.0028932278280994e-4,1,6
4887,12,2.837571899697726e-4,1,6
4887,6,1.226090093713131e-4,1,6
4887,7,1.4352847604964824e-4,1,6
4887,19,4.8318084272690897e-4,1,6
4887,17,4.3923680804451413e-4,1,6
4986,11,0,7,3
4986,10,1.5283313296460094e-5,7,3
4986,5,2.126811819357909e-5,7,3
4986,2,3.7290489284381865e-4,7,3
4986,3,2.639341846390305e-4,7,3
4986,13,3.1623303212137025e-7,7,3
4986,9,2.52321067088731e-6,7,3
4986,1,0,7,3
4986,4,1.5150440175715544e-4,7,3
4986,8,6.2816206494632575e-6,7,3
4986,12,4.079576213622929e-6,7,3
4986,6,3.3717477577111106e-6,7,3
4986,7,4.900972352914818e-6,7,3
4986,19,1.6119805702608597e-5,7,3
4986,17,5.400452557924354e-6,7,3
4989,11,5.890670463421197e-4,7,3
4989,10,8.533932439214554e-4,7,3
4989,5,0.00353150456317445,7,3
4989,2,3.1763413521990853e-4,7,3
4989,3,6.021779149532454e-4,7,3
4989,13,6.096972859300019e-4,7,3
4989,9,9.42304494182279e-4,7,3
4989,1,0,7,3
4989,4,0.00593823350301826,7,3
4989,8,9.03253727871096e-4,7,3
4989,12,8.120623096339419e-4,7,3
4989,6,0.00193630278049646,7,3
4989,7,8.979281489447506e-4,7,3
4989,19,9.80828177751031e-4,7,3
4989,17,9.944033309991376e-4,7,3
5023,11,8.360775923579785e-5,3,4
5023,10,4.854699517699088e-5,3,4
5023,5,2.6252833395199186e-4,3,4
5023,2,0,3,4
5023,3,2.081499878856707e-7,3,4
5023,13,4.5853789657598685e-5,3,4
5023,9,9.886398174113006e-5,3,4
5023,1,0,3,4
5023,4,3.4846012404145753e-4,3,4
5023,8,6.086673801721294e-5,3,4
5023,12,2.9010319741318605e-5,3,4
5023,6,1.7808958611183228e-4,3,4
5023,7,7.666521037773894e-5,3,4
5023,19,4.0919506783544904e-5,3,4
5023,17,6.66055815477337e-5,3,4
5038,11,4.104133327959197e-4,7,3
5038,10,4.652420371128293e-4,7,3
5038,5,0.00189950880616403,7,3
5038,2,3.250611432756214e-4,7,3
5038,3,2.647667845905731e-4,7,3
5038,13,2.3401244376981397e-4,7,3
5038,9,6.413542759819017e-4,7,3
5038,1,0,7,3
5038,4,0.00214729775270934,7,3
5038,8,5.759596312732001e-4,7,3
5038,12,2.996222085783062e-4,7,3
5038,6,0.0010253178408676,7,3
5038,7,6.371264058789264e-4,7,3
5038,19,3.839820384031638e-4,7,3
5038,17,4.201552090065147e-4,7,3
5044,11,2.777847375261036e-5,7,3
5044,10,6.5178836117256275e-6,7,3
5044,5,7.177989890332942e-5,7,3
5044,2,0,7,3
5044,3,7.03546959053567e-5,7,3
5044,13,0,7,3
5044,9,4.0830136310721927e-5,7,3
5044,1,0,7,3
5044,4,2.9931357420316077e-5,7,3
5044,8,1.3213064124733058e-5,7,3
5044,12,9.519011165120167e-6,7,3
5044,6,5.9158847021658574e-5,7,3
5044,7,1.6453264327642605e-5,7,3
5044,19,2.314638767554055e-5,7,3
5044,17,0,7,3
5050,11,6.263773493235669e-5,7,3
5050,10,2.2475460730088372e-5,7,3
5050,5,2.086934097744948e-4,7,3
5050,2,4.1798510453082034e-5,7,3
5050,3,7.659919554192682e-5,7,3
5050,13,3.921289598304991e-5,7,3
5050,9,5.71163142773582e-5,7,3
5050,1,0,7,3
5050,4,2.50167024364864e-4,7,3
5050,8,3.768972389677954e-5,7,3
5050,12,2.130445356003085e-5,7,3
5050,6,7.84697659976404e-5,7,3
5050,7,4.480889008379262e-5,7,3
5050,19,1.901310416205117e-5,7,3
5050,17,4.2843590292866544e-5,7,3
5064,11,9.150556059683412e-5,7,3
5064,10,1.7216202919247692e-4,7,3
5064,5,7.643229975817485e-4,7,3
5064,2,2.559726962457338e-4,7,3
5064,3,1.3092634238008686e-4,7,3
5064,13,1.1447635762793602e-4,7,3
5064,9,1.949753700231103e-4,7,3
5064,1,0,7,3
5064,4,7.072668901541354e-4,7,3
5064,8,1.906146955699195e-4,7,3
5064,12,9.632332726609692e-5,7,3
5064,6,3.3196389287283026e-4,7,3
5064,7,2.0128993592328717e-4,7,3
5064,19,6.0345939296945005e-5,7,3
5064,17,5.6164706602413285e-5,7,3
5069,11,0.00273944772036772,3,4
5069,10,0.00238127506435286,3,4
5069,5,0.00973149333094953,3,4
5069,2,0.00139765928341462,3,4
5069,3,0.00133736367216543,3,4
5069,13,0.00217473456189866,3,4
5069,9,0.0029769298260705,3,4
5069,1,2.170236801390779e-5,3,4
5069,4,0.00262250424212324,3,4
5069,8,0.00283344412812513,3,4
5069,12,0.00301163381814563,3,4
5069,6,0.00561733176434671,3,4
5069,7,0.00341247703544383,3,4
5069,19,0.00309128273973871,3,4
5069,17,0.00327879476300113,3,4
5114,11,1.3072222942404876e-5,7,3
5114,10,2.854383512721223e-5,7,3
5114,5,1.9905629371802928e-4,7,3
5114,2,7.565184949772699e-5,7,3
5114,3,5.599234674124542e-5,7,3
5114,13,0,7,3
5114,9,3.4178035451109927e-5,7,3
5114,1,0,7,3
5114,4,1.481786953771203e-4,7,3
5114,8,5.371868693334096e-5,7,3
5114,12,1.5865018608533613e-6,7,3
5114,6,1.0053938768447676e-4,7,3
5114,7,5.1110140251825965e-5,7,3
5114,19,4.215949183759172e-5,7,3
5114,17,2.9882504153848093e-5,7,3
5217,11,0,3,4
5217,10,2.4947761410398093e-5,3,4
5217,5,2.7914405129072553e-5,3,4
5217,2,1.0225090160423374e-4,3,4
5217,3,2.081499878856707e-7,3,4
5217,13,2.0238914055767696e-5,3,4
5217,9,2.0644450943623447e-5,3,4
5217,1,2.855574738672078e-7,3,4
5217,4,0,3,4
5217,8,2.07943304258094e-5,3,4
5217,12,4.668848333368463e-5,3,4
5217,6,4.0767495615961606e-5,3,4
5217,7,3.500694537796299e-5,3,4
5217,19,2.4386372729587364e-5,3,4
5217,17,0,3,4
5262,11,1.149266267019762e-4,5,1
5262,10,2.0632472950221124e-4,5,1
5262,5,0.00113319192250163,5,1
5262,2,3.454422351494383e-7,5,1
5262,3,0,5,1
5262,13,8.633161776913408e-5,5,1
5262,9,2.3259414729815748e-4,5,1
5262,1,0,5,1
5262,4,0.00120353618664159,5,1
5262,8,2.358856857677754e-4,5,1
5262,12,8.52178142401234e-5,5,1
5262,6,5.449970466554867e-4,5,1
5262,7,2.3944750638526683e-4,5,1
5262,19,1.5995807197203917e-4,5,1
5262,17,1.9117602055052213e-4,5,1
5272,11,2.4782755994975908e-5,4,8
5272,10,2.6970552876106046e-5,4,8
5272,5,2.0935803846804416e-5,4,8
5272,2,0,4,8
5272,3,2.7475798400908537e-5,4,8
5272,13,1.17006221884907e-5,4,8
5272,9,5.1152361782533647e-5,4,8
5272,1,0,4,8
5272,4,0,4,8
5272,8,6.628192823226747e-5,4,8
5272,12,1.813144983832413e-5,4,8
5272,6,1.2230248684788484e-4,4,8
5272,7,8.611708562978895e-5,4,8
5272,19,6.199925270234076e-6,4,8
5272,17,2.3041930913810574e-5,4,8
5357,11,1.2799884964438108e-5,7,3
5357,10,1.033871193584065e-5,7,3
5357,5,3.7219206838763406e-5,7,3
5357,2,2.3161901866769835e-4,7,3
5357,3,0,7,3
5357,13,1.264932128485481e-5,7,3
5357,9,2.959037968586027e-5,7,3
5357,1,0,7,3
5357,4,0,7,3
5357,8,5.4801724976351866e-5,7,3
5357,12,1.7451520469386972e-5,7,3
5357,6,6.345016234965454e-5,7,3
5357,7,6.301250168033338e-5,7,3
5357,19,1.6533134053957536e-6,7,3
5357,17,0,7,3
5359,11,5.9097341218788705e-5,7,3
5359,10,7.619181187499958e-5,7,3
5359,5,5.443309000169148e-4,7,3
5359,2,6.546130356081856e-5,7,3
5359,3,1.151069433007759e-4,7,3
5359,13,3.0674604115772914e-5,7,3
5359,9,1.3854720411053957e-4,7,3
5359,1,0,7,3
5359,4,4.907264525207376e-4,7,3
5359,8,1.6700446623228176e-4,7,3
5359,12,6.36867175571135e-5,7,3
5359,6,2.516549917346202e-4,7,3
5359,7,1.8133597705784828e-4,7,3
5359,19,8.018570016169405e-5,7,3
5359,17,3.1682655006489544e-5,7,3
5453,11,1.2091806221724508e-4,7,3
5453,10,4.742322214048646e-5,7,3
5453,5,8.108470061302027e-5,7,3
5453,2,0,7,3
5453,3,0,7,3
5453,13,3.415316746910799e-5,7,3
5453,9,6.812668811395737e-5,7,3
5453,1,0,7,3
5453,4,3.011611888587358e-4,7,3
5453,8,4.028901520000572e-5,7,3
5453,12,2.9010319741318605e-5,7,3
5453,6,1.1371985619189292e-4,7,3
5453,7,5.776145987363893e-5,7,3
5453,19,3.347959645926401e-5,7,3
5453,17,1.9801659379055963e-5,7,3
5480,11,1.3072222942404876e-5,7,3
5480,10,2.921809894911488e-6,7,3
5480,5,8.042007191947093e-5,7,3
5480,2,8.800140940431941e-4,7,3
5480,3,7.241538078542484e-4,7,3
5480,13,0,7,3
5480,9,4.51884092877091e-5,7,3
5480,1,2.5985730121915908e-5,7,3
5480,4,1.721976858995962e-4,7,3
5480,8,5.891726953979331e-5,7,3
5480,12,8.159152427245858e-6,7,3
5480,6,9.99263426376202e-5,7,3
5480,7,7.211430747860376e-5,7,3
5480,19,0,7,3
5480,17,0,7,3
5504,11,1.3072222942404876e-5,5,1
5504,10,8.540675077433581e-5,5,1
5504,5,0.00102651901718696,5,1
5504,2,6.753395697171519e-5,5,1
5504,3,3.0181748243422257e-5,5,1
5504,13,0,5,1
5504,9,4.037137073419696e-5,5,1
5504,1,0,5,1
5504,4,1.4780917244600532e-6,5,1
5504,8,5.458511736774968e-5,5,1
5504,12,1.7904806715345075e-5,5,1
5504,6,2.3510277546949287e-4,5,1
5504,7,7.73653492852982e-5,5,1
5504,19,2.14930742701448e-5,5,1
5504,17,0,5,1
5518,11,0.00380456155219575,1,6
5518,10,0.00382352537940263,1,6
5518,5,1.6948031685508336e-4,1,6
5518,2,1.0605076619087756e-4,1,6
5518,3,1.044912939186067e-4,1,6
5518,13,0.00458632766485623,1,6
5518,9,0.00404241287754973,1,6
5518,1,7.995609268281817e-6,1,6
5518,4,1.6332913555283586e-4,1,6
5518,8,0.00394464116025432,1,6
5518,12,0.00456005963433851,1,6
5518,6,0.00276268750365911,1,6
5518,7,0.00485546332392346,1,6
5518,19,0.00365299596922191,1,6
5518,17,0.00475599855267871,1,6
5524,11,2.7233797796676824e-7,7,3
5524,10,4.495092146017674e-7,7,3
5524,5,8.872793058883777e-5,7,3
5524,2,2.9518038993519506e-4,7,3
5524,3,1.20726992973689e-4,7,3
5524,13,1.264932128485481e-5,7,3
5524,9,2.3167661614510757e-5,7,3
5524,1,0,7,3
5524,4,3.942809674997192e-4,7,3
5524,8,1.7761823905378867e-5,7,3
5524,12,1.541173236257551e-5,7,3
5524,6,1.77783063588404e-5,7,3
5524,7,6.301250168033338e-6,7,3
5524,19,6.199925270234076e-6,7,3
5524,17,0,7,3
5528,11,1.6313044880209417e-4,5,1
5528,10,2.31946754734512e-4,5,1
5528,5,0.00175993678051866,5,1
5528,2,0,5,1
5528,3,0,5,1
5528,13,7.146866525942967e-5,5,1
5528,9,3.266410904857754e-4,5,1
5528,1,0,5,1
5528,4,3.695229311150133e-7,5,1
5528,8,3.901103030925285e-4,5,1
5528,12,1.475446730593626e-4,5,1
5528,6,8.509065250369129e-4,5,1
5528,7,4.995491105435319e-4,5,1
5528,19,1.1242531156691124e-4,5,1
5528,17,9.108763314365743e-5,5,1
5600,11,3.0719723914651454e-4,3,4
5600,10,5.964987277765454e-4,3,4
5600,5,0.00459291658677275,3,4
5600,2,0,3,4
5600,3,0,3,4
5600,13,2.210468894528378e-4,3,4
5600,9,9.35652393322667e-4,3,4
5600,1,0,3,4
5600,4,0,3,4
5600,8,0.00114628746472274,3,4
5600,12,3.551497737081739e-4,3,4
5600,6,0.00247854112444109,3,4
5600,7,0.00129420677062329,3,4
5600,19,1.884777282151159e-4,3,4
5600,17,2.739829597720289e-4,3,4
5676,11,1.1438195074604266e-5,8,2
5676,10,6.293129004424744e-6,8,2
5676,5,2.525589035487517e-5,8,2
5676,2,9.223307678490004e-5,8,2
5676,3,7.285249575998474e-5,8,2
5676,13,0,8,2
5676,9,1.8809388637523583e-5,8,2
5676,1,0,8,2
5676,4,7.390458622300266e-7,8,2
5676,8,8.44769673548507e-6,8,2
5676,12,0,8,2
5676,6,8.276108132563635e-6,8,2
5676,7,1.2602500336066676e-5,8,2
5676,19,2.4799701080936306e-6,8,2
5676,17,0,8,2
5706,11,3.1863543422111885e-5,7,3
5706,10,4.854699517699088e-5,7,3
5706,5,1.7313577466960476e-4,7,3
5706,2,2.9362589987702256e-6,7,3
5706,3,5.932274654741615e-5,7,3
5706,13,1.1384389156369328e-5,7,3
5706,9,4.312396419334675e-5,7,3
5706,1,0,7,3
5706,4,1.585253374483407e-4,7,3
5706,8,3.8556154331188266e-5,7,3
5706,12,2.266431229790516e-5,7,3
5706,6,7.141974795878989e-5,7,3
5706,7,4.3058542814894474e-5,7,3
5706,19,1.4053163945863906e-5,7,3
5706,17,1.5841327503244772e-5,7,3
5718,11,4.302940051874938e-5,5,1
5718,10,9.641972653207911e-5,5,1
5718,5,4.8384968890392426e-4,5,1
5718,2,0,5,1
5718,3,0,5,1
5718,13,5.692194578184664e-6,5,1
5718,9,1.2042596383780345e-4,5,1
5718,1,0,5,1
5718,4,0,5,1
5718,8,1.8086735318282137e-4,5,1
5718,12,3.5129684061753e-5,5,1
5718,6,2.8935726211629895e-4,5,1
5718,7,1.4807937894878345e-4,5,1
5718,19,2.7279671189029937e-5,5,1
5718,17,1.044087494532042e-5,5,1
5751,11,0.00142705100454586,3,4
5751,10,4.6996188386614783e-4,3,4
5751,5,0.00602585605006515,3,4
5751,2,0,3,4
5751,3,6.244499636570121e-7,3,4
5751,13,0.00236542308026784,3,4
5751,9,5.358381933811597e-4,3,4
5751,1,0,3,4
5751,4,0.00775111300306851,3,4
5751,8,2.3177014120433396e-4,3,4
5751,12,0.00261478170980931,3,4
5751,6,9.447024172059676e-4,3,4
5751,7,3.269648698301743e-4,3,4
5751,19,0.00616561901707211,3,4
5751,17,0.00648702361257873,3,4
5759,11,3.6220951069580176e-5,7,3
5759,10,8.787905145464553e-5,7,3
5759,5,5.838763072831009e-4,7,3
5759,2,5.958878556327811e-5,7,3
5759,3,6.0779796462615846e-5,7,3
5759,13,2.846097289092332e-5,7,3
5759,9,1.0689237933031696e-4,7,3
5759,1,0,7,3
5759,4,6.780745785960494e-4,7,3
5759,8,7.472962496775254e-5,7,3
5759,12,6.731300752477832e-5,7,3
5759,6,2.062896582672343e-4,7,3
5759,7,1.102718779405834e-4,7,3
5759,19,6.654586456717909e-5,7,3
5759,17,5.508461609082841e-5,7,3
5853,11,1.4161574854271947e-5,5,1
5853,10,4.4950921460176745e-5,5,1
5853,5,1.0766984835499414e-4,5,1
5853,2,3.4613311961973717e-4,5,1
5853,3,1.88375739036532e-4,5,1
5853,13,6.324660642427405e-7,5,1
5853,9,8.487163165711861e-5,5,1
5853,1,0,5,1
5853,4,3.695229311150133e-7,5,1
5853,8,5.068618041291042e-5,5,1
5853,12,2.7197174757486193e-5,5,1
5853,6,1.173981264730323e-4,5,1
5853,7,1.3862750369673344e-4,5,1
5853,19,1.9839760864749044e-5,5,1
5853,17,6.1205128989809345e-6,5,1
5899,11,3.774604374619408e-4,5,1
5899,10,4.1512175968473223e-4,5,1
5899,5,0.00363817746848912,5,1
5899,2,0,5,1
5899,3,0,5,1
5899,13,1.018270363430812e-4,5,1
5899,9,8.234842098623129e-4,5,1
5899,1,0,5,1
5899,4,0,5,1
5899,8,9.132176778667962e-4,5,1
5899,12,1.738352753249326e-4,5,1
5899,6,0.00201538559154095,5,1
5899,7,0.00118288468432136,5,1
5899,19,2.1947735456628628e-4,5,1
5899,17,1.2061010712697724e-4,5,1
6110,11,0,7,3
6110,10,1.1237730365044186e-5,7,3
6110,5,1.229563083066291e-4,7,3
6110,2,2.5303643724696357e-4,7,3
6110,3,2.9474038284610973e-4,7,3
6110,13,2.118761315213181e-5,7,3
6110,9,1.5827412390111307e-5,7,3
6110,1,0,7,3
6110,4,8.018647605195789e-5,7,3
6110,8,1.949468477419631e-5,7,3
6110,12,2.1757739805988953e-5,7,3
6110,6,3.8008792905107063e-5,7,3
6110,7,1.0502083613388896e-5,7,3
6110,19,1.2813178891817091e-5,7,3
6110,17,1.6201357673773062e-5,7,3
6138,11,2.91401636424442e-5,5,1
6138,10,4.157960235066349e-5,5,1
6138,5,0.00145620146756661,5,1
6138,2,2.273009907283304e-4,5,1
6138,3,2.612282347965167e-4,5,1
6138,13,7.210113132367242e-5,5,1
6138,9,1.286837442152528e-4,5,1
6138,1,0,5,1
6138,4,1.1085687933450398e-6,5,1
6138,8,1.0960344995270372e-4,5,1
6138,12,9.97229741107827e-6,5,1
6138,6,2.6422241519517977e-4,5,1
6138,7,1.8413653268808532e-4,5,1
6138,19,9.919880432374522e-6,5,1
6138,17,2.736229296015006e-5,5,1
6143,11,3.1863543422111885e-5,3,4
6143,10,5.911046172013242e-5,3,4
6143,5,2.9875059775043126e-4,3,4
6143,2,3.454422351494383e-7,3,4
6143,3,2.081499878856707e-7,3,4
6143,13,0,3,4
6143,9,3.165482478022261e-5,3,4
6143,1,0,3,4
6143,4,1.0272737484997367e-4,3,4
6143,8,5.328547171613659e-5,3,4
6143,12,4.759505582560084e-6,3,4
6143,6,1.388547031130121e-4,3,4
6143,7,9.346854415916118e-5,3,4
6143,19,3.719955162140446e-6,3,4
6143,17,3.4202866200187575e-5,3,4
6151,11,0.00390478192808752,3,4
6151,10,0.00286764403455197,3,4
6151,5,0.00195899307423669,3,4
6151,2,0,3,4
6151,3,8.325999515426828e-7,3,4
6151,13,0.00410312359177477,3,4
6151,9,0.00235209111084349,3,4
6151,1,0,3,4
6151,4,0.00425025275368488,3,4
6151,8,9.420264898108864e-4,3,4
6151,12,0.00489911774631517,3,4
6151,6,0.00133184036429588,3,4
6151,7,9.42036900120984e-4,3,4
6151,19,0.00566425172688585,3,4
6151,17,0.00520711635635066,3,4
6197,11,7.353125405102742e-5,3,4
6197,10,1.409211387776541e-4,3,4
6197,5,0.00111026223257418,3,4
6197,2,7.686089732075002e-5,3,4
6197,3,2.081499878856707e-7,3,4
6197,13,2.624734166607373e-5,3,4
6197,9,2.401637793108194e-4,3,4
6197,1,0.02290970501341834,3,4
6197,4,0,3,4
6197,8,2.501817879355194e-4,3,4
6197,12,9.337696666736926e-5,3,4
6197,6,6.213211549891292e-4,3,4
6197,7,3.185632029394632e-4,3,4
6197,19,7.026581972931953e-5,3,4
6197,17,6.156515916033763e-5,3,4
6204,11,2.519126296192606e-4,7,3
6204,10,3.409527392754406e-4,7,3
6204,5,0.00164628527392173,7,3
6204,2,9.1024028961877e-5,7,3
6204,3,8.888004482718138e-5,7,3
6204,13,1.944833147546427e-4,7,3
6204,9,4.218349476147057e-4,7,3
6204,1,0,7,3
6204,4,0.0017452568036562,7,3
6204,8,3.7689723896779543e-4,7,3
6204,12,2.565600152122864e-4,7,3
6204,6,8.640869935443292e-4,7,3
6204,7,3.9697876058610027e-4,7,3
6204,19,2.575035628903886e-4,7,3
6204,17,2.8766410625210393e-4,7,3
6206,11,6.753981853575852e-5,5,1
6206,10,5.2367823501105904e-5,5,1
6206,5,5.366876700410974e-4,5,1
6206,2,7.340647496925564e-5,5,1
6206,3,2.393724860685213e-5,5,1
6206,13,1.17006221884907e-5,5,1
6206,9,1.101037383659917e-4,5,1
6206,1,0,5,1
6206,4,8.60988429497981e-5,5,1
6206,8,1.2909813472690004e-4,5,1
6206,12,4.034247589027119e-5,5,1
6206,6,2.40620180891202e-4,5,1
6206,7,1.6488271273020568e-4,5,1
6206,19,1.1986522189119214e-5,5,1
6206,17,2.628220244856519e-5,5,1
6219,11,4.305663431654606e-4,5,1
6219,10,6.162771332190231e-4,5,1
6219,5,0.00525455445120113,5,1
6219,2,6.269776567962306e-5,5,1
6219,3,4.454409740753353e-5,5,1
6219,13,2.48559163247397e-4,5,1
6219,9,0.00107718157368061,5,1
6219,1,0,5,1
6219,4,0,5,1
6219,8,0.00124809304076576,5,1
6219,12,2.692520300991133e-4,5,1
6219,6,0.0027127243323403,5,1
6219,7,0.00127985392301832,5,1
6219,19,2.839565773767207e-4,5,1
6219,17,2.300592789675775e-4,5,1
6239,11,5.82803272848884e-5,7,3
6239,10,4.674895831858381e-5,7,3
6239,5,3.894724144199171e-4,7,3
6239,2,0,7,3
6239,3,0,7,3
6239,13,4.1742760240020874e-5,7,3
6239,9,5.9639524948245506e-05,7,3
6239,1,0,7,3
6239,4,2.7898981299183503e-4,7,3
6239,8,4.570420541506025e-5,7,3
6239,12,3.8529330906438776e-5,7,3
6239,6,2.151788114466545e-4,7,3
6239,7,9.346854415916118e-5,7,3
6239,19,3.9266193378149146e-5,7,3
6239,17,1.404117665060332e-5,7,3
6290,11,2.641678386277652e-5,3,4
6290,10,6.405506308075185e-5,3,4
6290,5,5.719129907992127e-4,3,4
6290,2,0,3,4
6290,3,2.081499878856707e-7,3,4
6290,13,1.8973981927282217e-5,3,4
6290,9,6.308026677218275e-5,3,4
6290,1,0,3,4
6290,4,0.00106792127092238,3,4
6290,8,6.996425757850456e-5,3,4
6290,12,4.668848333368463e-5,3,4
6290,6,1.943352798535313e-4,3,4
6290,7,1.2217423936909083e-4,3,4
6290,19,4.29861485402896e-5,3,4
6290,17,3.6723077393885606e-5,3,4
6316,11,0.00315558015070094,3,4
6316,10,0.00417796339511612,3,4
6316,5,0.02616443777895712,3,4
6316,2,1.7272111757471916e-7,3,4
6316,3,7.992959534809755e-5,3,4
6316,13,0.00228921091952659,3,4
6316,9,0.00610479352681771,3,4
6316,1,9.708954111485064e-6,3,4
6316,4,0.01071283929595535,3,4
6316,8,0.00718205847842252,3,4
6316,12,0.00296811833853366,3,4
6316,6,0.01554743543332935,3,4
6316,7,0.00811355973025048,3,4
6316,19,0.00307681624744149,3,4
6316,17,0.00274703020113085,3,4
6376,11,1.1710533052571031e-5,7,3
6376,10,9.664448113938e-6,7,3
6376,5,6.7127498048484e-5,7,3
6376,2,2.000110541515248e-4,7,3
6376,3,6.244499636570121e-7,7,3
6376,13,0,7,3
6376,9,2.064445094362345e-6,7,3
6376,1,0,7,3
6376,4,0,7,3
6376,8,1.3862886950539602e-5,7,3
6376,12,7.705866181287755e-6,7,3
6376,6,2.758702710854545e-5,7,3
6376,7,1.7853542142761124e-5,7,3
6376,19,5.786596918885137e-6,7,3
6376,17,3.600301705282903e-7,7,3
6378,11,4.8203822100117974e-5,7,3
6378,10,6.562834533185804e-5,7,3
6378,5,4.3599642296837134e-4,7,3
6378,2,0,7,3
6378,3,0,7,3
6378,13,4.111029417577813e-5,7,3
6378,9,7.064989878484468e-5,7,3
6378,1,0,7,3
6378,4,6.507298816935383e-4,7,3
6378,8,8.317732170323761e-5,7,3
6378,12,4.396876585793601e-5,7,3
6378,6,2.007722528455252e-4,7,3
6378,7,8.226632163821303e-5,7,3
6378,19,9.051890894541753e-5,7,3
6378,17,9.216772365524232e-5,7,3
6384,11,1.688495463393963e-5,5,1
6384,10,7.529279344579604e-5,5,1
6384,5,4.8750514671844566e-4,5,1
6384,2,2.9362589987702256e-5,5,1
6384,3,0,5,1
6384,13,3.0674604115772914e-5,5,1
6384,9,6.858545369048234e-5,5,1
6384,1,0,5,1
6384,4,0,5,1
6384,8,1.0938684234410156e-4,5,1
6384,12,9.97229741107827e-6,5,1
6384,6,2.669811179060343e-4,5,1
6384,7,1.512300040328001e-4,5,1
6384,19,1.6946462405306475e-5,5,1
6384,17,3.2402715347546124e-5,5,1
6405,11,9.77693340900698e-5,7,3
6405,10,1.090059845409286e-4,7,3
6405,5,7.550181958720576e-4,7,3
6405,2,1.8982050821461635e-4,7,3
6405,3,4.138021759167134e-4,7,3
6405,13,1.530567875467432e-4,7,3
6405,9,2.387874825812445e-4,7,3
6405,1,0,7,3
6405,4,0.00210960641373561,7,3
6405,8,1.8195039122583228e-4,7,3
6405,12,1.5389068050277604e-4,7,3
6405,6,3.2675300997454945e-4,7,3
6405,7,1.837864632343057e-4,7,3
6405,19,1.8475777305297547e-4,7,3
6405,17,7.596636598146925e-5,7,3
6449,11,6.781215651372529e-5,5,1
6449,10,2.225070612278749e-4,5,1
6449,5,9.90629067735301e-4,5,1
6449,2,1.7272111757471916e-7,5,1
6449,3,0,5,1
6449,13,5.62894797176039e-5,5,1
6449,9,2.807645328332789e-4,5,1
6449,1,0,5,1
6449,4,0,5,1
6449,8,3.220955139914436e-4,5,1
6449,12,6.0513713835406775e-5,5,1
6449,6,8.34660831295214e-4,5,1
6449,7,4.571907066361966e-4,5,1
6449,19,6.365256610773651e-5,5,1
6449,17,6.300527984245079e-5,5,1
6552,11,1.3181158133591584e-4,3,4
6552,10,1.7845515819690168e-4,3,4
6552,5,7.51695052404311e-4,3,4
6552,2,6.580674579596799e-5,3,4
6552,3,2.8724698328222557e-5,3,4
6552,13,1.350315047158251e-4,3,4
6552,9,2.383287170047195e-4,3,4
6552,1,0,3,4
6552,4,7.190916239498158e-4,3,4
6552,8,2.036111520860504e-4,3,4
6552,12,1.826743571211156e-4,3,4
6552,6,3.5893787493451913e-4,3,4
6552,7,2.495995205448761e-4,3,4
6552,19,1.8765107151241803e-4,3,4
6552,17,1.0656893047637392e-4,3,4
6553,11,0,7,3
6553,10,5.618865182522093e-6,7,3
6553,5,5.35026098307224e-5,7,3
6553,2,1.0345994942725676e-4,7,3
6553,3,8.305184516638261e-5,7,3
6553,13,1.233308825273344e-5,7,3
6553,9,0,7,3
6553,1,0,7,3
6553,4,4.415799026824408e-4,7,3
6553,8,4.548759780645807e-6,7,3
6553,12,1.4505159870659302e-5,7,3
6553,6,2.206962168683636e-5,7,3
6553,7,1.2602500336066676e-5,7,3
6553,19,4.133283513489384e-7,7,3
6553,17,2.4842081766452028e-5,7,3
6592,11,4.493576636451676e-5,5,1
6592,10,6.158276240044214e-5,5,1
6592,5,0.00140834820163106,5,1
6592,2,0,5,1
6592,3,0,5,1
6592,13,1.264932128485481e-5,5,1
6592,9,1.2157287777911584e-4,5,1
6592,1,0,5,1
6592,4,0,5,1
6592,8,1.5660730101937703e-4,5,1
6592,12,4.555526771878937e-5,5,1
6592,6,3.3502911810711305e-4,5,1
6592,7,1.876372272258816e-4,5,1
6592,19,2.1906402621493735e-5,5,1
6592,17,2.4842081766452028e-5,5,1
6615,11,4.038772213247173e-4,5,1
6615,10,5.232287257964573e-4,5,1
6615,5,0.00225508515721293,5,1
6615,2,0,5,1
6615,3,0,5,1
6615,13,2.1756832609950272e-4,5,1
6615,9,5.64969807490495e-4,5,1
6615,1,0,5,1
6615,4,9.360015845143286e-4,5,1
6615,8,5.293889954237311e-4,5,1
6615,12,3.7962723098991145e-4,5,1
6615,6,0.0014035666347781,5,1
6615,7,7.666521037773894e-4,5,1
6615,19,3.0834295010630805e-4,5,1
6615,17,2.00896835154786e-4,5,1
6626,11,4.4391090408583224e-5,7,3
6626,10,5.708767025442446e-5,7,3
6626,5,1.7180651728250607e-4,7,3
6626,2,9.776015254729104e-5,7,3
6626,3,1.3113449236797255e-4,7,3
6626,13,1.296555431697618e-5,7,3
6626,9,1.261605335443655e-5,7,3
6626,1,0,7,3
6626,4,7.80801953446023e-4,7,3
6626,8,1.5595747819357053e-5,7,3
6626,12,1.971795169917749e-5,7,3
6626,6,3.586313524110908e-5,7,3
6626,7,3.535701483174262e-5,7,3
6626,19,2.397304437823843e-5,7,3
6626,17,4.4283710974979705e-5,7,3
6660,11,1.4161574854271947e-4,5,1
6660,10,2.0902178478982185e-4,5,1
6660,5,0.00194370661428506,5,1
6660,2,0,5,1
6660,3,0,5,1
6660,13,8.032319015882804e-5,5,1
6660,9,2.775531737976041e-4,5,1
6660,1,0,5,1
6660,4,0,5,1
6660,8,3.7429794766456927e-4,5,1
6660,12,8.952403357672538e-5,5,1
6660,6,7.874563626872584e-4,5,1
6660,7,3.857765380651521e-4,5,1
6660,19,8.266567026978768e-5,5,1
6660,17,1.6201357673773062e-5,5,1
6698,11,3.5376703337883193e-4,7,3
6698,10,3.396042116316353e-4,7,3
6698,5,0.00181875641989778,7,3
6698,2,9.948736372303824e-5,7,3
6698,3,1.1031949357940548e-4,7,3
6698,13,2.3843970621951317e-4,7,3
6698,9,4.895028701521381e-4,7,3
6698,1,0,7,3
6698,4,0.00158894860379455,7,3
6698,8,4.200021530796295e-4,7,3
6698,12,2.4114828284971091e-4,7,3
6698,6,8.447760745683474e-4,7,3
6698,7,4.1553244163642066e-4,7,3
6698,19,3.2528941251161453e-4,7,3
6698,17,1.515727017924102e-4,7,3
6710,11,1.4597315619018777e-4,5,1
6710,10,3.1375743179203367e-4,5,1
6710,5,0.00224046332595484,5,1
6710,2,0,5,1
6710,3,0,5,1
6710,13,1.2206595039884893e-4,5,1
6710,9,5.346912794398472e-4,5,1
6710,1,8.566724216016234e-7,5,1
6710,4,0,5,1
6710,8,6.036854051742792e-4,5,1
6710,12,1.869805764577176e-4,5,1
6710,6,0.00138180353561469,5,1
6710,7,7.463480754581709e-4,5,1
6710,19,1.8351778799892865e-4,5,1
6710,17,1.299708915607128e-4,5,1
6716,11,2.451041801700914e-5,5,1
6716,10,2.9442853556415767e-5,5,1
6716,5,4.007711022102559e-4,5,1
6716,2,1.7272111757471916e-7,5,1
6716,3,5.7449396656445115e-5,5,1
6716,13,6.957126706670145e-6,5,1
6716,9,4.90879166881713e-5,5,1
6716,1,0,5,1
6716,4,0,5,1
6716,8,8.33939293118398e-5,5,1
6716,12,3.60362565536692e-5,5,1
6716,6,1.3609600040215755e-4,5,1
6716,7,9.696923869695748e-5,5,1
6716,19,5.3732685675362e-6,5,1
6716,17,1.6201357673773062e-5,5,1
6720,11,9.041620868496704e-5,5,1
6720,10,9.214938899336232e-5,5,1
6720,5,5.818824212024528e-4,5,1
6720,2,1.7272111757471916e-7,5,1
6720,3,4.662559728639024e-5,5,1
6720,13,5.565701365336116e-5,5,1
6720,9,7.730199964445667e-5,5,1
6720,1,0,5,1
6720,4,8.251447051798247e-4,5,1
6720,8,6.736496627527838e-5,5,1
6720,12,8.612438673203961e-5,5,1
6720,6,2.295853700477838e-4,5,1
6720,7,1.123722946632612e-4,5,1
6720,19,1.508648482423625e-4,5,1
6720,17,1.14129564057468e-4,5,1
6728,11,7.434826798492773e-5,7,3
6728,10,8.360871391592874e-5,7,3
6728,5,3.2001871594401033e-4,7,3
6728,2,1.6373961946083377e-4,7,3
6728,3,1.4903539132614022e-4,7,3
6728,13,2.97259050194088e-5,7,3
6728,9,1.220316433556408e-4,7,3
6728,1,0,7,3
6728,4,3.488296469725725e-4,7,3
6728,8,1.03971652129047e-4,7,3
6728,12,3.127675097110912e-5,7,3
6728,6,2.718854782808868e-4,7,3
6728,7,1.1622305865483712e-4,7,3
6728,19,2.851965624307675e-5,7,3
6728,17,2.1961840402225707e-5,7,3
6758,11,1.3072222942404876e-5,7,3
6758,10,3.438745491703521e-5,7,3
6758,5,1.143161352904876e-4,7,3
6758,2,0,7,3
6758,3,4.8707097165246945e-5,7,3
6758,13,2.65635746981951e-5,7,3
6758,9,2.2250130461460823e-5,7,3
6758,1,0,7,3
6758,4,0,7,3
6758,8,3.7906331505381725e-5,7,3
6758,12,1.40518736247012e-5,7,3
6758,6,7.417845066964443e-5,7,3
6758,7,3.675729264686114e-5,7,3
6758,19,4.133283513489384e-5,7,3
6758,17,1.404117665060332e-5,7,3
6772,11,1.1683299254774356e-4,7,3
6772,10,1.8879387013274231e-4,7,3
6772,5,9.045596519206608e-4,7,3
6772,2,4.7567395780077654e-4,7,3
6772,3,5.1829346983532e-4,7,3
6772,13,9.645107479701792e-5,7,3
6772,9,1.876351207987109e-4,7,3
6772,1,7.138936846680194e-6,7,3
6772,4,0.0018878926550666,7,3
6772,8,1.5184193363012907e-4,7,3
6772,12,1.7315534595599544e-4,7,3
6772,6,3.693596407310807e-4,7,3
6772,7,1.5963167092351122e-4,7,3
6772,19,1.3185174408031136e-4,7,3
6772,17,1.9081599037999383e-4,7,3
6802,11,0.15851241370971167,1,6
6802,10,0.16447249981289178,1,6
6802,5,0.00858600577761723,1,6
6802,2,2.4180956460460683e-6,1,6
6802,3,6.244499636570121e-7,1,6
6802,13,0.15436409490153294,1,6
6802,9,0.1390782252653672,1,6
6802,1,3.141132212539286e-6,1,6
6802,4,0.00286417223907246,1,6
6802,8,0.16262444377873703,1,6
6802,12,0.13528962611363932,1,6
6802,6,0.10428294726310636,1,6
6802,7,0.1459989161849711,1,6
6802,19,0.08470131240018121,1,6
6802,17,0.11476177703691567,1,6
6804,11,2.1787038237341455e-5,1,6
6804,10,3.371319109513256e-5,1,6
6804,5,6.646286935493466e-7,1,6
6804,2,0,1,6
6804,3,0,1,6
6804,13,4.6802488753962795e-5,1,6
6804,9,1.766247469621117e-5,1,6
6804,1,0,1,6
6804,4,0,1,6
6804,8,3.35741793333381e-5,1,6
6804,12,1.835809296130318e-5,1,6
6804,6,1.1647855890274746e-5,1,6
6804,7,1.0852153067168526e-5,1,6
6804,19,6.199925270234076e-6,1,6
6804,17,4.3923680804451415e-5,1,6
6815,11,3.731030298144725e-5,5,1
6815,10,5.0345032035397955e-5,5,1
6815,5,2.02379437185776e-4,5,1
6815,2,1.1865940777383208e-4,5,1
6815,3,4.795775720885853e-4,5,1
6815,13,2.814473985880195e-5,5,1
6815,9,8.211903819796881e-5,5,1
6815,1,0,5,1
6815,4,1.8476146555750663e-6,5,1
6815,8,8.122785322581797e-5,5,1
6815,12,1.4505159870659302e-5,5,1
6815,6,1.9127005461924844e-4,5,1
6815,7,9.13681274364834e-5,5,1
6815,19,1.4053163945863906e-5,5,1
6815,17,1.2241025797961867e-5,5,1
6828,11,9.150556059683412e-5,1,6
6828,10,1.033871193584065e-5,1,6
6828,5,3.323143467746733e-7,1,6
6828,2,2.4180956460460683e-4,1,6
6828,3,6.265314635358688e-5,1,6
6828,13,1.201685522061207e-5,1,6
6828,9,1.0322225471811723e-5,1,6
6828,1,0,1,6
6828,4,3.695229311150133e-7,1,6
6828,8,3.4657217376349004e-6,1,6
6828,12,4.4195408980915065e-5,1,6
6828,6,1.5939171218270703e-5,1,6
6828,7,5.251041806694448e-6,1,6
6828,19,4.794608875647686e-5,1,6
6828,17,4.6443891998149446e-5,1,6
6839,11,1.3862003078508504e-4,5,1
6839,10,2.4228546667035263e-4,5,1
6839,5,0.0017529581792364,5,1
6839,2,0,5,1
6839,3,0,5,1
6839,13,1.1068156124247958e-4,5,1
6839,9,4.601418732545403e-4,5,1
6839,1,0,5,1
6839,4,1.6111199796614578e-4,5,1
6839,8,4.865006889204992e-4,5,1
6839,12,1.208007845478345e-4,5,1
6839,6,0.00101673521021161,5,1
6839,7,6.175225164672671e-4,5,1
6839,19,1.0953201310746868e-4,5,1
6839,17,3.6723077393885606e-5,5,1
6844,11,1.4542848023425424e-4,5,1
6844,10,2.1014555782632627e-4,5,1
6844,5,0.00171972674455893,5,1
6844,2,7.098837932320957e-5,5,1
6844,3,1.1677214320386128e-4,5,1
6844,13,7.02037331309442e-5,5,1
6844,9,2.7296551803235444e-4,5,1
6844,1,0,5,1
6844,4,1.781100527974364e-4,5,1
6844,8,3.3270928681295044e-4,5,1
6844,12,9.768318600397124e-5,5,1
6844,6,8.450825970917756e-4,5,1
6844,7,4.1518237218264104e-4,5,1
6844,19,1.0415874453993247e-4,5,1
6844,17,5.9044947966639606e-5,5,1
6855,11,0.00301151336035652,3,4
6855,10,0.003179153920271,3,4
6855,5,0.00125083120125987,3,4
6855,2,0.00127727266446504,3,4
6855,3,0.00220014537195153,3,4
6855,13,0.00258457257152795,3,4
6855,9,0.00367402411960018,3,4
6855,1,5.711149477344156e-7,3,4
6855,4,0.00255044727055582,3,4
6855,8,0.00374254626142848,3,4
6855,12,0.00358481427615965,3,4
6855,6,0.00303181427922914,3,4
6855,7,0.00376849766993771,3,4
6855,19,0.00183724452174603,3,4
6855,17,0.00200464798950152,3,4
6871,11,2.2059376215308225e-5,5,1
6871,10,3.281417266592902e-5,5,1
6871,5,2.296292136212992e-4,5,1
6871,2,5.665252656450789e-5,5,1
6871,3,0,5,1
6871,13,0,5,1
6871,9,4.2435815828559307e-05,5,1
6871,1,0,5,1
6871,4,0,5,1
6871,8,4.916992715269515e-5,5,1
6871,12,1.0425583657036372e-5,5,1
6871,6,9.563502730962422e-5,5,1
6871,7,5.566104315096115e-5,5,1
6871,19,3.719955162140446e-6,5,1
6871,17,1.1160935286377e-5,5,1
6893,11,6.209305897642315e-5,5,1
6893,10,1.8429877798672463e-5,5,1
6893,5,9.836504664530329e-5,5,1
6893,2,0,5,1
6893,3,1.3051004240431554e-4,5,1
6893,13,1.359802038121892e-5,5,1
6893,9,6.147458725434537e-5,5,1
6893,1,0,5,1
6893,4,3.695229311150133e-7,5,1
6893,8,3.9639192374199176e-5,5,1
6893,12,7.932509304266807e-6,5,1
6893,6,7.387192814621615e-5,5,1
6893,7,6.721333512568894e-5,5,1
6893,19,6.199925270234076e-6,5,1
6893,17,0,5,1
6910,11,0,7,3
6910,10,1.213674879424772e-5,7,3
6910,5,4.187160769360883e-5,7,3
6910,2,8.756960661038261e-5,7,3
6910,3,1.683933401995076e-4,7,3
6910,13,0,7,3
6910,9,3.073729362717269e-5,7,3
6910,1,5.711149477344156e-7,7,3
6910,4,1.197254296812643e-4,7,3
6910,8,3.833954672258609e-5,7,3
6910,12,2.266431229790516e-7,7,3
6910,6,6.651538758393737e-5,7,3
6910,7,3.9207778823318546e-5,7,3
6910,19,2.1906402621493735e-5,7,3
6910,17,6.1205128989809345e-6,7,3
6926,11,4.270259494518926e-4,5,1
6926,10,6.787589140486688e-4,5,1
6926,5,0.0044938869114339,5,1
6926,2,1.66675878459604e-4,5,1
6926,3,1.0719724376112042e-4,5,1
6926,13,2.4697799808679014e-4,5,1
6926,9,9.748768501155516e-4,5,1
6926,1,0,5,1
6926,4,3.695229311150133e-7,5,1
6926,8,0.00114542103428833,5,1
6926,12,2.9100976990510224e-4,5,1
6926,6,0.00247915416948795,5,1
6926,7,0.00141148003763946,5,1
6926,19,3.314893377818486e-4,5,1
6926,17,2.477007573234637e-4,5,1
6957,11,2.7233797796676824e-7,8,2
6957,10,1.9104141620575115e-5,8,2
6957,5,7.277684194365345e-5,8,2
6957,2,3.868953033673709e-5,8,2
6957,3,1.769274897028201e-5,8,2
6957,13,0,8,2
6957,9,1.1239756624861652e-5,8,2
6957,1,0,8,2
6957,4,0,8,2
6957,8,1.884486194838977e-5,8,2
6957,12,2.266431229790516e-7,8,2
6957,6,3.310443253025454e-5,8,2
6957,7,1.6453264327642605e-5,8,2
6957,19,1.2399850540468153e-6,8,2
6957,17,1.7281448185357932e-5,8,2
6960,11,3.676562702551371e-5,1,6
6960,10,2.4498252195796325e-5,1,6
6960,5,2.6585147741973863e-6,1,6
6960,2,1.7272111757471916e-7,1,6
6960,3,0,1,6
6960,13,1.328178734909755e-5,1,6
6960,9,5.9639524948245506e-05,1,6
6960,1,0,1,6
6960,4,0,1,6
6960,8,6.151656084301949e-5,1,6
6960,12,2.1757739805988953e-5,1,6
6960,6,8.643935160677574e-5,1,6
6960,7,1.137725724783797e-4,1,6
6960,19,6.158592435099183e-5,1,6
6960,17,9.468793484894032e-5,1,6
6965,11,9.85863480239701e-5,7,3
6965,10,1.6137380804203452e-4,7,3
6965,5,2.5621436136327307e-4,7,3
6965,2,0,7,3
6965,3,0,7,3
6965,13,1.147925906600574e-4,7,3
6965,9,2.4773341132348133e-4,7,3
6965,1,0,7,3
6965,4,3.092906933432661e-4,7,3
6965,8,1.4685995863227892e-4,7,3
6965,12,8.544445736310246e-5,7,3
6965,6,1.618438923701333e-4,7,3
6965,7,9.311847470538154e-5,7,3
6965,19,1.3515837089110285e-4,7,3
6965,17,9.57680253605252e-5,7,3
7018,11,1.320839193138826e-4,3,4
7018,10,1.9486224452986616e-4,3,4
7018,5,7.134789025252235e-4,3,4
7018,2,0,3,4
7018,3,3.8924047734620424e-5,3,4
7018,13,1.3692890290855332e-4,3,4
7018,9,1.8786450358697335e-4,3,4
7018,1,2.855574738672078e-7,3,4
7018,4,9.44870134861089e-4,3,4
7018,8,1.9364720209035007e-4,3,4
7018,12,1.9332658390113104e-4,3,4
7018,6,4.6468814551727666e-4,3,4
7018,7,2.3279618676345384e-4,3,4
7018,19,1.3929165440459225e-4,3,4
7018,17,1.6093348622614576e-4,3,4
7035,11,7.925035158832955e-5,3,4
7035,10,1.2653684391039752e-4,3,4
7035,5,8.417522403802474e-4,3,4
7035,2,0,3,4
7035,3,4.162999757713414e-7,3,4
7035,13,7.210113132367242e-5,3,4
7035,9,1.6492622476072509e-4,3,4
7035,1,2.855574738672078e-7,3,4
7035,4,0.00109859167420493,3,4
7035,8,1.585567694967967e-4,3,4
7035,12,1.4867788867425785e-4,3,4
7035,6,4.269858751355979e-4,3,4
7035,7,1.571811847470538e-4,3,4
7035,19,1.0043878937779204e-4,3,4
7035,17,5.7604827284526446e-5,3,4
7066,11,4.765914614418444e-5,7,3
7066,10,6.742638219026511e-5,7,3
7066,5,3.180248298633623e-4,7,3
7066,2,0,7,3
7066,3,0,7,3
7066,13,4.6802488753962795e-5,7,3
7066,9,6.835607090221985e-5,7,3
7066,1,0,7,3
7066,4,8.510113103578756e-4,7,3
7066,8,4.483777498065152e-5,7,3
7066,12,8.38579555022491e-5,7,3
7066,6,1.7410479330726462e-4,7,3
7066,7,9.731930815073713e-5,7,3
7066,19,4.918607381052367e-5,7,3
7066,17,1.8721568867471093e-5,7,3
7169,11,2.652571905396323e-4,2,9
7169,10,1.326052183075214e-4,2,9
7169,5,9.93619896856273e-5,2,9
7169,2,0,2,9
7169,3,0,2,9
7169,13,2.5899485330740224e-4,2,9
7169,9,1.2799559585046537e-4,2,9
7169,1,0,2,9
7169,4,6.651412760070239e-5,2,9
7169,8,4.007240759140354e-5,2,9
7169,12,2.5293372524462157e-4,2,9
7169,6,6.161102720908484e-5,2,9
7169,7,3.605715373930188e-5,2,9
7169,19,4.745009473485813e-4,2,9
7169,17,3.225870327933481e-4,2,9
7180,11,7.625463383069511e-6,3,4
7180,10,1.4384294867256558e-5,3,4
7180,5,2.558820470164984e-5,3,4
7180,2,6.114327562145058e-5,3,4
7180,3,2.081499878856707e-7,3,4
7180,13,6.957126706670145e-6,3,4
7180,9,2.1561982096673377e-5,3,4
7180,1,0,3,4
7180,4,3.695229311150133e-7,3,4
7180,8,3.227453368172501e-5,3,4
7180,12,4.532862459581032e-7,3,4
7180,6,6.130450468565656e-5,3,4
7180,7,2.380472285701483e-5,3,4
7180,19,4.133283513489384e-6,3,4
7180,17,0,3,4
7198,11,2.434701523022908e-4,7,3
7198,10,3.339853464491132e-4,7,3
7198,5,0.00140602200120364,7,3
7198,2,7.720633955589946e-5,7,3
7198,3,1.0074459413666464e-4,7,3
7198,13,2.4065333744436275e-4,7,3
7198,9,2.986563903177525e-4,7,3
7198,1,0,7,3
7198,4,0.00240374666690316,7,3
7198,8,3.2317855203445447e-4,7,3
7198,12,2.2800298171692592e-4,7,3
7198,6,6.884495876199231e-4,7,3
7198,7,3.063107720571761e-4,7,3
7198,19,2.2650393653921824e-4,7,3
7198,17,2.1601810231697415e-4,7,3
7203,11,4.085069669501523e-6,7,3
7203,10,3.236466345132725e-5,7,3
7203,5,1.7446503205670346e-4,7,3
7203,2,0,7,3
7203,3,0,7,3
7203,13,6.198167429578857e-5,7,3
7203,9,4.151828467550937e-5,7,3
7203,1,0,7,3
7203,4,4.238428019889202e-4,7,3
7203,8,3.35741793333381e-5,7,3
7203,12,1.6318304854491716e-5,7,3
7203,6,6.95806128182202e-5,7,3
7203,7,4.655923735269077e-5,7,3
7203,19,2.14930742701448e-5,7,3
7203,17,3.7443137734942186e-5,7,3
7257,11,2.674358943633664e-4,5,1
7257,10,3.868026791648209e-4,5,1
7257,5,0.00345507226341627,5,1
7257,2,1.3679512511917757e-4,5,1
7257,3,2.227204870376677e-4,5,1
7257,13,1.834151586303947e-4,5,1
7257,9,7.771488866332915e-4,5,1
7257,1,0,5,1
7257,4,1.6628531900175598e-4,5,1
7257,8,7.293178181635443e-4,5,1
7257,12,2.3434898916033936e-4,5,1
7257,6,0.00198595942929184,5,1
7257,7,8.545195366760765e-4,5,1
7257,19,3.438891883223168e-4,5,1
7257,17,1.4365203804078783e-4,5,1
7319,11,1.097522051206076e-4,7,3
7319,10,1.2204175176437984e-4,7,3
7319,5,7.736277992914394e-4,7,3
7319,2,0,7,3
7319,3,0,7,3
7319,13,4.016159507941402e-5,7,3
7319,9,1.940578388700604e-4,7,3
7319,1,0,7,3
7319,4,0,7,3
7319,8,1.7545216296776684e-4,7,3
7319,12,3.5582970307711104e-5,7,3
7319,6,4.7419034374355346e-4,7,3
7319,7,2.3139590894833537e-4,7,3
7319,19,3.5132909864659766e-5,7,3
7319,17,1.404117665060332e-5,7,3
7332,11,4.6297456254350595e-6,6,5
7332,10,2.247546073008837e-7,6,5
7332,5,1.033497618469234e-4,6,5
7332,2,0,6,5
7332,3,0,6,5
7332,13,3.1623303212137025e-7,6,5
7332,9,2.4773341132348133e-5,6,5
7332,1,0,6,5
7332,4,0,6,5
7332,8,2.4260052163444305e-5,6,5
7332,12,3.399646844685774e-6,6,5
7332,6,6.896756777136362e-5,6,5
7332,7,1.6453264327642605e-5,6,5
7332,19,1.4053163945863906e-5,6,5
7332,17,2.1601810231697417e-5,6,5
7397,11,1.7157292611906397e-5,6,5
7397,10,5.843619789822976e-6,6,5
7397,5,2.0603489500029742e-5,6,5
7397,2,0,6,5
7397,3,5.932274654741615e-5,6,5
7397,13,0,6,5
7397,9,1.949753700231103e-5,6,5
7397,1,0,6,5
7397,4,0,6,5
7397,8,2.685934346667048e-5,6,5
7397,12,2.3344241666842315e-5,6,5
7397,6,7.938933356792524e-5,6,5
7397,7,4.375868172245373e-5,6,5
7397,19,1.4466492297212844e-5,6,5
7397,17,3.0962594665432964e-5,6,5
7412,11,2.3693404083108837e-5,7,3
7412,10,4.562518528207939e-5,7,3
7412,5,6.745981239525867e-5,7,3
7412,2,3.730776139613934e-5,7,3
7412,3,1.1136024351883385e-4,7,3
7412,13,1.8025282830918104e-5,7,3
7412,9,5.872199379519558e-5,7,3
7412,1,2.855574738672078e-7,7,3
7412,4,1.2674636537244956e-4,7,3
7412,8,6.888121953549365e-5,7,3
7412,12,3.535632718473205e-5,7,3
7412,6,1.2843293731645047e-4,7,3
7412,7,1.452788233185464e-4,7,3
7412,19,1.4466492297212844e-5,7,3
7412,17,1.5121267162188192e-5,7,3
7494,11,2.451041801700914e-5,7,3
7494,10,7.102245590707926e-5,7,3
7494,5,2.954274542826845e-4,7,3
7494,2,0,7,3
7494,3,0,7,3
7494,13,1.17006221884907e-5,7,3
7494,9,8.166027262144385e-5,7,3
7494,1,0,7,3
7494,4,6.66988890662599e-4,7,3
7494,8,3.639007824516646e-5,7,3
7494,12,2.0397881068114644e-5,7,3
7494,6,1.299655499335919e-4,7,3
7494,7,7.071402966348524e-5,7,3
7494,19,3.471958151331083e-5,7,3
7494,17,3.5282956711772445e-5,7,3
7526,11,1.4433912832238716e-5,7,3
7526,10,3.371319109513256e-5,7,3
7526,5,3.559086653956751e-4,7,3
7526,2,2.7704467258984954e-4,7,3
7526,3,2.4769848558394815e-5,7,3
7526,13,1.612788463818988e-5,7,3
7526,9,6.743853974916992e-5,7,3
7526,1,0,7,3
7526,4,0,7,3
7526,8,9.94228923484012e-5,7,3
7526,12,1.835809296130318e-5,7,3
7526,6,1.2935250488673534e-4,7,3
7526,7,9.48688219742797e-5,7,3
7526,19,4.133283513489384e-6,7,3
7526,17,0,7,3
7548,11,6.2637734932356695e-6,5,1
7548,10,8.091165862831813e-6,5,1
7548,5,3.256680598391798e-5,5,1
7548,2,6.960661038261182e-5,5,1
7548,3,5.162119699564634e-5,5,1
7548,13,0,5,1
7548,9,4.404149534639668e-5,5,1
7548,1,0,5,1
7548,4,1.1787781502568924e-4,5,1
7548,8,4.7003851066673336e-5,5,1
7548,12,3.8529330906438776e-6,5,1
7548,6,8.18415137553515e-5,5,1
7548,7,9.416868306672044e-5,5,1
7548,19,1.529314899991072e-5,5,1
7548,17,1.0080844774792128e-5,5,1
7647,11,4.357407647468292e-6,7,3
7647,10,3.438745491703521e-5,7,3
7647,5,7.144758455655475e-5,7,3
7647,2,0,7,3
7647,3,0,7,3
7647,13,2.0555147087889065e-5,7,3
7647,9,3.142544199196013e-5,7,3
7647,1,0,7,3
7647,4,3.089211704121511e-4,7,3
7647,8,1.4512709776346146e-5,7,3
7647,12,1.6544947977470766e-5,7,3
7647,6,5.5480576740519184e-5,7,3
7647,7,3.815757046197966e-5,7,3
7647,19,1.2399850540468152e-5,7,3
7647,17,0,7,3
7712,11,3.77188099483974e-4,5,1
7712,10,5.994205376714569e-4,5,1
7712,5,0.00334275001420643,5,1
7712,2,0,5,1
7712,3,6.036349648684451e-5,5,1
7712,13,1.3439903865158234e-4,5,1
7712,9,7.76460738268504e-4,5,1
7712,1,0,5,1
7712,4,1.66654841932871e-4,5,1
7712,8,8.553834463700139e-4,5,1
7712,12,2.554267995973912e-4,5,1
7712,6,0.00193967452825417,5,1
7712,7,9.745933593224896e-4,5,1
7712,19,2.442770556472226e-4,5,1
7712,17,1.1989004678592066e-4,5,1
7716,11,1.1792234445961064e-4,7,3
7716,10,2.4161120284845e-4,7,3
7716,5,8.254688373882884e-4,7,3
7716,2,0,7,3
7716,3,8.700669493621036e-5,7,3
7716,13,1.2016855220612068e-4,7,3
7716,9,2.0621512664797197e-4,7,3
7716,1,0,7,3
7716,4,0.00100325475797726,7,3
7716,8,2.4130087598282996e-4,7,3
7716,12,1.792747102764298e-4,7,3
7716,6,4.383272085024444e-4,7,3
7716,7,2.5240007617511316e-4,7,3
7716,19,1.9757095194479257e-4,7,3
7716,17,1.4761236991659902e-4,7,3
7734,11,2.3175961924971975e-4,3,4
7734,10,1.1462484972345068e-4,3,4
7734,5,4.3034707907320185e-4,3,4
7734,2,0,3,4
7734,3,6.660799612341462e-5,3,4
7734,13,1.8562878985524433e-4,3,4
7734,9,1.7478968465601185e-4,3,4
7734,1,0,3,4
7734,4,2.8896693213194036e-4,3,4
7734,8,1.5379140210754872e-4,3,4
7734,12,2.1667082556797333e-4,3,4
7734,6,2.8138767650716357e-4,3,4
7734,7,1.8448660214186497e-4,3,4
7734,19,3.686888894032531e-4,3,4
7734,17,2.628220244856519e-4,3,4
7777,11,2.097002430344115e-5,3,4
7777,10,7.192147433628279e-6,3,4
7777,5,5.5828810258145106e-5,3,4
7777,2,4.2316673805806194e-5,3,4
7777,3,0,3,4
7777,13,3.0990837147894286e-5,3,4
7777,9,3.670124612199724e-6,3,4
7777,1,0,3,4
7777,4,1.6000342917280074e-4,3,4
7777,8,2.1010938034411584e-5,3,4
7777,12,4.079576213622929e-6,3,4
7777,6,2.3602234303977772e-5,3,4
7777,7,7.701527983151858e-6,3,4
7777,19,7.85323867562983e-6,3,4
7777,17,4.7884012680262606e-5,3,4
7823,11,4.5807247894010417e-4,3,4
7823,10,1.8722058788163613e-4,3,4
7823,5,6.795828391542068e-4,3,4
7823,2,0,3,4
7823,3,4.162999757713414e-7,3,4
7823,13,3.756848421601878e-4,3,4
7823,9,1.6951388052597474e-4,3,4
7823,1,0,3,4
7823,4,0.00234462299792475,3,4
7823,8,9.574056300216412e-5,3,4
7823,12,4.909090043726257e-4,3,4
7823,6,2.1456576639979793e-4,3,4
7823,7,9.941972487341488e-5,3,4
7823,19,5.183137525915688e-4,3,4
7823,17,3.87032433317912e-4,3,4
7876,11,1.552326474410579e-5,3,4
7876,10,2.247546073008837e-7,3,4
7876,5,4.4762742510548486e-4,3,4
7876,2,1.0449627613270508e-4,3,4
7876,3,4.162999757713414e-7,3,4
7876,13,0,3,4
7876,9,6.812668811395737e-5,3,4
7876,1,0,3,4
7876,4,5.114197366631784e-4,3,4
7876,8,6.389924453764348e-5,3,4
7876,12,2.266431229790516e-7,3,4
7876,6,1.77783063588404e-4,3,4
7876,7,1.0117007214231303e-4,3,4
7876,19,4.1746163486242776e-5,3,4
7876,17,1.8721568867471093e-5,3,4
8018,11,2.636231626718317e-4,7,3
8018,10,4.068058392145995e-4,7,3
8018,5,0.00285458023879444,7,3
8018,2,0.00123150156830774,7,3
8018,3,0.00179508549552602,7,3
8018,13,1.48629525097044e-4,7,3
8018,9,5.918075937172055e-4,7,3
8018,1,1.1422298954688312e-6,7,3
8018,4,0.00457247674961717,7,3
8018,8,6.01086113871053e-4,7,3
8018,12,3.551497737081739e-4,7,3
8018,6,0.00131865989578847,7,3
8018,7,7.085405744499709e-4,7,3
8018,19,2.843699057280696e-4,7,3
8018,17,2.682224770435762e-4,7,3
8150,11,7.353125405102742e-6,7,3
8150,10,6.045898936393771e-5,7,3
8150,5,7.842618583882288e-5,7,3
8150,2,1.3126804935678657e-4,7,3
8150,3,4.953969711678963e-5,7,3
8150,13,9.170757931519736e-6,7,3
8150,9,4.335334698160923e-5,7,3
8150,1,2.855574738672078e-7,7,3
8150,4,4.951607276941178e-5,7,3
8150,8,6.541549779785874e-5,7,3
8150,12,3.399646844685774e-6,7,3
8150,6,1.0391113544218786e-4,7,3
8150,7,1.0117007214231303e-4,7,3
8150,19,2.314638767554055e-5,7,3
8150,17,1.1520965456905287e-5,7,3
8224,11,1.3507963707151704e-4,3,4
8224,10,9.529595349557468e-5,3,4
8224,5,0.00112621332121936,3,4
8224,2,0,3,4
8224,3,6.244499636570121e-7,3,4
8224,13,7.526346164488611e-5,3,4
8224,9,1.7043141167902466e-4,3,4
8224,1,0,3,4
8224,4,0.00166433128174201,3,4
8224,8,1.2433276733765205e-4,3,4
8224,12,1.4165195186190726e-4,3,4
8224,6,2.942616224911515e-4,3,4
8224,7,1.757348657973742e-4,3,4
8224,19,1.2110520694523895e-4,3,4
8224,17,1.7677481372939052e-4,3,4
8269,11,4.7196171581640936e-4,7,3
8269,10,3.308387819469008e-4,7,3
8269,5,0.00113950589509035,7,3
8269,2,1.7824819333711015e-4,7,3
8269,3,1.242655427677454e-4,7,3
8269,13,2.3306374467344987e-4,7,3
8269,9,3.227415830853132e-4,7,3
8269,1,0,7,3
8269,4,0.00228143457670409,7,3
8269,8,2.824563216172444e-4,7,3
8269,12,4.0727769199335573e-4,7,3
8269,6,6.381798937776847e-4,7,3
8269,7,3.122619527714299e-4,7,3
8269,19,4.525945447270875e-4,7,3
8269,17,3.661506834272712e-4,7,3
8281,11,8.2246069345964e-5,7,3
8281,10,1.3777457427544172e-4,7,3
8281,5,6.41699003621894e-4,7,3
8281,2,4.307664672313496e-4,7,3
8281,3,5.661679670490243e-5,7,3
8281,13,6.514400461700227e-5,7,3
8281,9,1.1469139413124136e-4,7,3
8281,1,0,7,3
8281,4,0.00133767301063634,7,3
8281,8,8.794268909248561e-5,7,3
8281,12,8.816417483885107e-5,7,3
8281,6,2.5717239715632926e-4,7,3
8281,7,1.5087993457902049e-4,7,3
8281,19,5.7865969188851376e-5,7,3
8281,17,3.600301705282903e-7,7,3
8283,11,2.124236228140792e-5,7,3
8283,10,1.0069006407079592e-4,7,3
8283,5,6.07138311557328e-4,7,3
8283,2,2.0087465973939837e-4,7,3
8283,3,4.693782226821874e-4,7,3
8283,13,2.2452545280617288e-5,7,3
8283,9,1.2593115075610302e-4,7,3
8283,1,0,7,3
8283,4,1.448529889970852e-4,7,3
8283,8,1.0483808256345572e-4,7,3
8283,12,2.9010319741318605e-5,7,3
8283,6,2.0659618079066255e-4,7,3
8283,7,1.396777120580723e-4,7,3
8283,19,2.066641756744692e-6,7,3
8283,17,3.600301705282903e-7,7,3
8300,11,3.404224724584603e-5,7,3
8300,10,1.229407701935834e-4,7,3
8300,5,5.353584126539986e-4,7,3
8300,2,0,7,3
8300,3,4.725004725004725e-5,7,3
8300,13,6.862256797033734e-5,7,3
8300,9,1.103331211542542e-4,7,3
8300,1,0,7,3
8300,4,0,7,3
8300,8,1.4750978145808546e-4,7,3
8300,12,6.119364320434393e-5,7,3
8300,6,2.6790068547631916e-4,7,3
8300,7,1.487795178563427e-4,7,3
8300,19,5.1252715567268365e-5,7,3
8300,17,8.280693922150676e-6,7,3
8317,11,8.170139339003046e-6,5,1
8317,10,4.270337538716791e-6,5,1
8317,5,4.320086508070753e-6,5,1
8317,2,1.6235785052023602e-5,5,1
8317,3,6.910579597804267e-5,5,1
8317,13,6.324660642427405e-6,5,1
8317,9,1.4451115660536412e-5,5,1
8317,1,0,5,1
8317,4,4.582084345826165e-5,5,1
8317,8,1.906146955699195e-5,5,1
8317,12,2.4930743527695676e-6,5,1
8317,6,2.3908756827406056e-5,5,1
8317,7,2.275451449567594e-5,5,1
8317,19,3.3066268107915073e-6,5,1
8317,17,1.1160935286377e-5,5,1
8329,11,2.7233797796676824e-7,8,2
8329,10,1.6182331725663626e-5,8,2
8329,5,1.9938860806480395e-5,8,2
8329,2,6.166143897417474e-5,8,2
8329,3,5.82819966079878e-5,8,2
8329,13,5.059728513941924e-6,8,2
8329,9,2.110321652014841e-5,8,2
8329,1,0,8,2
8329,4,3.695229311150133e-7,8,2
8329,8,1.364627934193742e-5,8,2
8329,12,1.0198940534057322e-5,8,2
8329,6,8.582630655991917e-6,8,2
8329,7,2.800555630237039e-6,8,2
8329,19,3.719955162140446e-6,8,2
8329,17,0,8,2
8406,11,1.3344560920371645e-5,7,3
8406,10,3.3038927273229905e-5,7,3
8406,5,2.136781249761149e-4,7,3
8406,2,2.867170551740338e-5,7,3
8406,3,0,7,3
8406,13,3.6683031726078945e-5,7,3
8406,9,7.546693733835682e-5,7,3
8406,1,0,7,3
8406,4,1.4411394313485515e-4,7,3
8406,8,6.888121953549365e-5,7,3
8406,12,5.212791828518187e-6,7,3
8406,6,1.673612977918424e-4,7,3
8406,7,9.241833579782228e-5,7,3
8406,19,7.85323867562983e-6,7,3
8406,17,7.560633581094096e-6,7,3
8459,11,2.3965742061075604e-5,5,1
8459,10,3.5286473346238745e-5,5,1
8459,5,5.775623346943821e-4,5,1
8459,2,0,5,1
8459,3,0,5,1
8459,13,3.1623303212137025e-7,5,1
8459,9,4.197705025203434e-5,5,1
8459,1,0,5,1
8459,4,0,5,1
8459,8,4.74370662838777e-5,5,1
8459,12,5.530092200688859e-5,5,1
8459,6,1.5326126171414135e-4,5,1
8459,7,5.951180714253708e-5,5,1
8459,19,4.422613359433641e-5,5,1
8459,17,4.9324133362375766e-5,5,1
8460,11,2.810527932617048e-4,3,4
8460,10,1.5485592443030888e-4,3,4
8460,5,8.351059534447539e-4,3,4
8460,2,1.7272111757471916e-7,3,4
8460,3,1.0407499394283535e-6,3,4
8460,13,1.3345033955521824e-4,3,4
8460,9,2.52321067088731e-4,3,4
8460,1,0,3,4
8460,4,0.00278657242353831,3,4
8460,8,2.5819626945380007e-4,3,4
8460,12,1.971795169917749e-4,3,4
8460,6,5.425448664680606e-4,3,4
8460,7,2.60101604158265e-4,3,4
8460,19,4.265548585921044e-4,3,4
8460,17,3.985533987748173e-4,3,4
8486,11,1.1955637232741126e-4,5,1
8486,10,1.254130708738931e-4,5,1
8486,5,6.503391766380356e-4,5,1
8486,2,2.1831949261444505e-4,5,1
8486,3,1.292611424770015e-4,5,1
8486,13,6.356283945639541e-5,5,1
8486,9,1.805242543625739e-4,5,1
8486,1,0,5,1
8486,4,3.115078309299562e-4,5,1
8486,8,1.5530765536776397e-4,5,1
8486,12,1.4595817119850924e-4,5,1
8486,6,2.6544850528889286e-4,5,1
8486,7,1.6558285163776492e-4,5,1
8486,19,1.7938450448543928e-4,5,1
8486,17,1.6957421031882472e-4,5,1
8495,11,3.894433084924786e-5,7,3
8495,10,3.910730167035377e-5,7,3
8495,5,3.2035103029078504e-4,7,3
8495,2,3.49932984206381e-4,7,3
8495,3,8.860944984293001e-4,7,3
8495,13,2.1503846184253174e-5,7,3
8495,9,7.730199964445667e-5,7,3
8495,1,0,7,3
8495,4,0.00102025281280855,7,3
8495,8,5.393529454194314e-5,7,3
8495,12,6.36867175571135e-5,7,3
8495,6,2.041440006032363e-4,7,3
8495,7,9.38186136129408e-5,7,3
8495,19,5.993261094559607e-5,7,3
8495,17,1.404117665060332e-5,7,3
8523,11,1.824664452377347e-5,7,3
8523,10,1.573282251106186e-5,7,3
8523,5,3.954540726618611e-5,7,3
8523,2,3.3853339044644955e-5,7,3
8523,3,9.741419433049388e-5,7,3
8523,13,1.8025282830918104e-5,7,3
8523,9,4.5876557652496547e-5,7,3
8523,1,0,7,3
8523,4,2.9081454678751546e-4,7,3
8523,8,3.227453368172501e-5,7,3
8523,12,1.4958446116617404e-5,7,3
8523,6,2.4828324397690903e-5,7,3
8523,7,2.5905139579692612e-5,7,3
8523,19,1.6119805702608597e-5,7,3
8523,17,1.332111630954674e-5,7,3
8531,11,0.0033206169653488,3,4
8531,10,0.00401074596728427,3,4
8531,5,0.02587532429726316,3,4
8531,2,1.7272111757471916e-7,3,4
8531,3,4.371149745599085e-6,3,4
8531,13,0.00227055317063143,3,4
8531,9,0.0052409379462212,3,4
8531,1,2.855574738672078e-7,3,4
8531,4,0.01704867947285336,3,4
8531,8,0.00548147214328679,3,4
8531,12,0.00328269899322858,3,4
8531,6,0.0116484689353216,3,4
8531,7,0.00632435475198279,3,4
8531,19,0.0028412190871726,3,4
8531,17,0.00227719082859143,3,4
8548,11,8.850984283919968e-5,3,4
8548,10,2.521746693915915e-4,3,4
8548,5,0.00161405078228458,3,4
8548,2,1.4612206546821242e-4,3,4
8548,3,4.162999757713414e-7,3,4
8548,13,7.937449106246393e-5,3,4
8548,9,3.98667286000195e-4,3,4
8548,1,0,3,4
8548,4,0,3,4
8548,8,3.829622520086565e-4,3,4
8548,12,1.876605058266547e-4,3,4
8548,6,8.784935521454584e-4,3,4
8548,7,5.044500828964467e-4,3,4
8548,19,1.2565181881007728e-4,3,4
8548,17,2.102576195885215e-4,3,4
8609,11,1.947216542462393e-4,5,1
8609,10,2.3958841138274205e-4,5,1
8609,5,0.00120895959356626,5,1
8609,2,1.7272111757471916e-7,5,1
8609,3,5.1413047007760664e-5,5,1
8609,13,1.4957822419340812e-4,5,1
8609,9,2.9590379685860273e-4,5,1
8609,1,0,5,1
8609,4,0.00290186357804619,5,1
8609,8,3.5848559223661003e-4,5,1
8609,12,1.9287329765517292e-4,5,1
8609,6,6.691386686439413e-4,5,1
8609,7,3.3116570327552984e-4,5,1
8609,19,2.711433984849036e-4,5,1
8609,17,1.8217526628731487e-4,5,1
8647,11,2.4537651814805815e-4,3,4
8647,10,2.6004108064712247e-4,3,4
8647,5,0.00101654958678372,3,4
8647,2,0,3,4
8647,3,2.081499878856707e-7,3,4
8647,13,3.3014728553471055e-4,3,4
8647,9,3.456798619115615e-4,3,4
8647,1,0,3,4
8647,4,0.00208780456079982,3,4
8647,8,3.264276661634872e-4,3,4
8647,12,2.556534427203702e-4,3,4
8647,6,6.311298757388342e-4,3,4
8647,7,3.5637070394766324e-4,3,4
8647,19,3.616623074303211e-4,3,4
8647,17,2.1961840402225707e-4,3,4
8795,11,4.765914614418444e-5,3,4
8795,10,1.1012975757743302e-5,3,4
8795,5,2.0802878108094547e-4,3,4
8795,2,6.425225573779553e-5,3,4
8795,3,2.081499878856707e-7,3,4
8795,13,2.877720592304469e-5,3,4
8795,9,9.03768185754182e-5,3,4
8795,1,0,3,4
8795,4,0,3,4
8795,8,5.8484054322588946e-5,3,4
8795,12,3.8529330906438776e-6,3,4
8795,6,1.5234169414385653e-4,3,4
8795,7,7.981583546175561e-5,3,4
8795,19,5.786596918885137e-6,3,4
8795,17,2.8802413642263223e-5,3,4
8820,11,2.0779387718864416e-4,5,1
8820,10,3.099366034679186e-4,5,1
8820,5,0.00216934805574506,5,1
8820,2,0,5,1
8820,3,0,5,1
8820,13,6.735763584185187e-5,5,1
8820,9,5.337737482867973e-4,5,1
8820,1,0,5,1
8820,4,0,5,1
8820,8,6.03468797565677e-4,5,1
8820,12,1.6816919725045628e-4,5,1
8820,6,0.0013287751390616,5,1
8820,7,8.174121745754358e-4,5,1
8820,19,1.14078624972307e-4,5,1
8820,17,4.7163952339206026e-5,5,1
8830,11,3.2680557356012185e-5,7,3
8830,10,7.821460334070753e-5,7,3
8830,5,2.2397986972612976e-4,7,3
8830,2,1.9690207403517984e-4,7,3
8830,3,1.7817638963013412e-4,7,3
8830,13,0,7,3
8830,9,1.3166572046266508e-4,7,3
8830,1,0,7,3
8830,4,6.96181202220685e-4,7,3
8830,8,7.342997931613946e-5,7,3
8830,12,4.804834207155894e-5,7,3
8830,6,1.9065700957239187e-4,7,3
8830,7,1.0922166957924452e-4,7,3
8830,19,4.505279029703429e-5,7,3
8830,17,1.6201357673773062e-5,7,3
8831,11,1.740239679207649e-4,5,1
8831,10,3.0723954818030806e-4,5,1
8831,5,0.00244483664922127,5,1
8831,2,0,5,1
8831,3,0,5,1
8831,13,1.4673212690431578e-4,5,1
8831,9,5.452428876999214e-4,5,1
8831,1,0,5,1
8831,4,0,5,1
8831,8,5.863567964861047e-4,5,1
8831,12,1.466381005674464e-4,5,1
8831,6,0.00117612692239432,5,1
8831,7,6.588307120132635e-4,5,1
8831,19,9.341220740486008e-5,5,1
8831,17,1.1953001661539236e-4,5,1
8966,11,6.209305897642315e-5,7,3
8966,10,5.484012418141563e-5,7,3
8966,5,1.7346808901637945e-4,7,3
8966,2,5.993422779842755e-5,7,3
8966,3,4.537669735907621e-5,7,3
8966,13,7.494722861276475e-5,7,3
8966,9,4.633532322902151e-5,7,3
8966,1,0,7,3
8966,4,3.7395720628839344e-4,7,3
8966,8,4.028901520000572e-5,7,3
8966,12,4.328883648899886e-5,7,3
8966,6,1.0268504534847471e-4,7,3
8966,7,4.270847336111485e-5,7,3
8966,19,5.249270062131518e-5,7,3
8966,17,5.004419370343235e-5,7,3
8986,11,0.00363271628809872,1,6
8986,10,0.00372350957915374,1,6
8986,5,6.34720402339626e-5,1,6
8986,2,8.480606872918711e-5,1,6
8986,3,1.6027549067196644e-5,1,6
8986,13,0.00379859118184189,1,6
8986,9,0.0038011021842976,1,6
8986,1,7.138936846680194e-6,1,6
8986,4,3.695229311150133e-7,1,6
8986,8,0.0038233408994371,1,6
8986,12,0.00357438869250262,1,6
8986,6,0.00235164079974178,1,6
8986,7,0.00437411782497647,1,6
8986,19,0.00304127000922548,1,6
8986,17,0.0040712211683339,1,6
9000,11,1.6939422229532983e-4,3,4
9000,10,2.1284261311393688e-4,3,4
9000,5,0.00108666791395318,3,4
9000,2,0,3,4
9000,3,8.325999515426828e-7,3,4
9000,13,1.3724513594067468e-4,3,4
9000,9,2.7961761889196645e-4,3,4
9000,1,0,3,4
9000,4,0.0023161697322289,3,4
9000,8,2.9393652487316e-4,3,4
9000,12,1.8244771399813657e-4,3,4
9000,6,6.764952092062201e-4,3,4
9000,7,2.8460646592283907e-4,3,4
9000,19,1.9426432513400103e-4,3,4
9000,17,1.7857496458203198e-4,3,4
9008,11,1.6340278678006093e-5,4,8
9008,10,1.2361503401548605e-5,4,8
9008,5,6.978601282268138e-6,4,8
9008,2,0,4,8
9008,3,4.62092973106189e-5,4,8
9008,13,9.486990963641109e-6,4,8
9008,9,3.991260515767199e-5,4,8
9008,1,0,4,8
9008,4,3.695229311150133e-7,4,8
9008,8,4.202187606882317e-5,4,8
9008,12,2.3570884789821365e-5,4,8
9008,6,9.134371198162829e-5,4,8
9008,7,1.0046993323475376e-4,4,8
9008,19,5.786596918885137e-6,4,8
9008,17,0,4,8
9021,11,2.7233797796676824e-7,7,3
9021,10,4.495092146017674e-7,7,3
9021,5,8.906024493561243e-5,7,3
9021,2,1.2884995371074048e-4,7,3
9021,3,2.081499878856707e-7,7,3
9021,13,1.5495418573947143e-5,7,3
9021,9,2.454395834408565e-5,7,3
9021,1,0,7,3
9021,4,0,7,3
9021,8,2.1227545643013765e-5,7,3
9021,12,0,7,3
9021,6,1.440655860112929e-5,7,3
9021,7,1.9603889411659273e-5,7,3
9021,19,2.8932984594425687e-6,7,3
9021,17,0,7,3
9044,11,2.3366598509548715e-4,5,1
9044,10,3.892749798451306e-4,5,1
9044,5,0.00326665002879503,5,1
9044,2,0,5,1
9044,3,3.1222498182850604e-5,5,1
9044,13,1.5463795270735005e-4,5,1
9044,9,7.42741468393919e-4,5,1
9044,1,0,5,1
9044,4,3.695229311150133e-7,5,1
9044,8,7.745888083614003e-4,5,1
9044,12,2.518005096297263e-4,5,1
9044,6,0.00175974580700177,5,1
9044,7,8.513689115920599e-4,5,1
9044,19,1.442515946207795e-4,5,1
9044,17,9.612805553105352e-5,5,1
9079,11,3.0501853532278043e-5,5,1
9079,10,1.573282251106186e-5,5,1
9079,5,2.412602157584128e-4,5,1
9079,2,0,5,1
9079,3,0,5,1
9079,13,8.981018112246915e-5,5,1
9079,9,4.564717486423406e-5,5,1
9079,1,0,5,1
9079,4,0,5,1
9079,8,4.916992715269515e-5,5,1
9079,12,3.875597402941782e-5,5,1
9079,6,1.3609600040215755e-4,5,1
9079,7,1.0677118340278712e-4,5,1
9079,19,5.7865969188851376e-5,5,1
9079,17,6.840573240037515e-6,5,1
9083,11,3.812731691534755e-5,5,1
9083,10,5.506487878871651e-5,5,1
9083,5,3.868138996457197e-4,5,1
9083,2,0,5,1
9083,3,0,5,1
9083,13,1.7392816766675363e-5,5,1
9083,9,6.675039138438247e-5,5,1
9083,1,0,5,1
9083,4,0,5,1
9083,8,6.866461192689146e-5,5,1
9083,12,3.966254652133403e-5,5,1
9083,6,2.4797672145348074e-4,5,1
9083,7,1.2217423936909083e-4,5,1
9083,19,2.107974591879586e-5,5,1
9083,17,1.7281448185357932e-5,5,1
9101,11,0.00184127706903332,2,9
9101,10,0.00128806865444136,2,9
9101,5,9.57065318711059e-4,2,9
9101,2,5.789611861104587e-4,2,9
9101,3,4.693782226821874e-4,2,9
9101,13,0.00218896504834412,2,9
9101,9,0.00100607290931924,2,9
9101,1,5.711149477344156e-7,2,9
9101,4,0.00233723253930245,2,9
9101,8,6.246963432086908e-4,2,9
9101,12,0.00231515950123101,2,9
9101,6,7.831650473592625e-4,2,9
9101,7,7.183425191558006e-4,2,9
9101,19,0.00278707307314589,2,9
9101,17,0.00273046881328655,2,9
9134,11,0.00154660737687327,1,6
9134,10,0.00171847372742255,1,6
9134,5,6.908815269445457e-4,1,6
9134,2,0,1,6
9134,3,0,1,6
9134,13,0.00132723003581339,1,6
9134,9,0.00208027250675245,1,6
9134,1,0,1,6
9134,4,0,1,6
9134,8,0.00171791494382389,1,6
9134,12,0.00191898732226362,1,6
9134,6,0.00206872051061748,1,6
9134,7,0.00215677790473629,1,6
9134,19,0.00124287835250625,1,6
9134,17,0.00136775461783697,1,6
9174,11,1.4161574854271947e-4,7,3
9174,10,1.989078274612821e-4,7,3
9174,5,8.537155568641356e-4,7,3
9174,2,8.031531967224441e-5,7,3
9174,3,0,7,3
9174,13,1.3250164045885412e-4,7,3
9174,9,2.0529759549492205e-4,7,3
9174,1,0,7,3
9174,4,0.00189713072834447,7,3
9174,8,2.6296163684304806e-4,7,3
9174,12,1.321329406967871e-4,7,3
9174,6,5.308970105777857e-4,7,3
9174,7,2.471490343684187e-4,7,3
9174,19,1.322650724316603e-4,7,3
9174,17,1.7101433100093788e-4,7,3
9176,11,1.851898250174024e-5,3,4
9176,10,3.506171873893786e-5,3,4
9176,5,6.745981239525867e-5,3,4
9176,2,0,3,4
9176,3,2.081499878856707e-7,3,4
9176,13,8.222058835155627e-6,3,4
9176,9,1.6515560754898757e-5,3,4
9176,1,0,3,4
9176,4,2.3095183194688328e-4,3,4
9176,8,2.036111520860504e-5,3,4
9176,12,1.4731802993638354e-5,3,4
9176,6,3.1878342436541405e-5,3,4
9176,7,1.4002778151185195e-5,3,4
9176,19,4.2572820188940655e-5,3,4
9176,17,1.404117665060332e-5,3,4
9185,11,6.862917044762559e-5,5,1
9185,10,2.243050980862819e-4,5,1
9185,5,0.00182606733552682,5,1
9185,2,8.687872214008374e-5,5,1
9185,3,5.3702696874503045e-5,5,1
9185,13,2.3401244376981397e-5,5,1
9185,9,2.92233672246403e-4,5,1
9185,1,0,5,1
9185,4,0,5,1
9185,8,3.203626531226261e-4,5,1
9185,12,6.0060427589448675e-5,5,1
9185,6,7.776476419375534e-4,5,1
9185,7,4.522897342832818e-4,5,1
9185,19,1.0457207289128142e-4,5,1
9185,17,8.676727109731795e-5,5,1
9273,11,1.2091806221724508e-4,5,1
9273,10,1.2383978862278694e-4,5,1
9273,5,8.281273521624858e-4,5,1
9273,2,0,5,1
9273,3,4.287889750444817e-5,5,1
9273,13,6.0084276103060346e-5,5,1
9273,9,2.8902231321072824e-4,5,1
9273,1,0,5,1
9273,4,0,5,1
9273,8,2.809400683570291e-4,5,1
9273,12,6.93527956315898e-5,5,1
9273,6,6.473755694805332e-4,5,1
9273,7,3.770248017206614e-4,5,1
9273,19,8.92789238913707e-5,5,1
9273,17,2.2681900743282288e-5,5,1
9349,11,2.7233797796676824e-7,7,3
9349,10,2.921809894911488e-6,7,3
9349,5,0,7,3
9349,2,2.1227425349932985e-4,7,3
9349,3,2.1585153743744053e-4,7,3
9349,13,8.222058835155627e-6,7,3
9349,9,6.193335283087033e-6,7,3
9349,1,0,7,3
9349,4,3.281363628301318e-4,7,3
9349,8,9.963949995700338e-6,7,3
9349,12,4.759505582560084e-6,7,3
9349,6,8.276108132563635e-6,7,3
9349,7,1.4002778151185194e-6,7,3
9349,19,4.959940216187261e-6,7,3
9349,17,6.1205128989809345e-6,7,3
9426,11,5.7735651328954863e-5,5,1
9426,10,9.664448113938e-5,5,1
9426,5,0.0012634591464373,5,1
9426,2,0,5,1
9426,3,0,5,1
9426,13,1.5811651606068512e-5,5,1
9426,9,2.1493167260194633e-4,5,1
9426,1,0,5,1
9426,4,0,5,1
9426,8,2.787739922710073e-4,5,1
9426,12,3.3316539077920586e-5,5,1
9426,6,6.197885423719877e-4,5,1
9426,7,3.777249406282206e-4,5,1
9426,19,5.9519282594247133e-5,5,1
9426,17,3.8163198075998766e-5,5,1
9469,11,4.466342838654999e-5,7,3
9469,10,5.596389721792004e-5,7,3
9469,5,2.6684842046006263e-4,7,3
9469,2,5.008912409666856e-5,7,3
9469,3,1.2197589290100304e-4,7,3
9469,13,2.687980773031647e-5,7,3
9469,9,8.739484232800591e-5,7,3
9469,1,0,7,3
9469,4,1.5372153934384552e-4,7,3
9469,8,4.180526846022099e-5,7,3
9469,12,6.617979190988306e-5,7,3
9469,6,1.2965902741016362e-4,7,3
9469,7,6.826354348702782e-5,7,3
9469,19,1.570647735125966e-5,7,3
9469,17,4.320362046339483e-6,7,3
9490,11,4.357407647468291e-5,8,2
9490,10,3.146564502212372e-5,8,2
9490,5,5.051178070975034e-5,8,2
9490,2,1.855024802752484e-4,8,2
9490,3,8.867189483929573e-5,8,2
9490,13,3.130707018001565e-5,8,2
9490,9,2.5920255073660547e-5,8,2
9490,1,2.855574738672078e-7,8,2
9490,4,3.695229311150133e-7,8,2
9490,8,1.2779848907528696e-5,8,2
9490,12,3.422311156983679e-5,8,2
9490,6,2.6973982061688885e-5,8,2
9490,7,1.2602500336066676e-5,8,2
9490,19,4.215949183759172e-5,8,2
9490,17,2.664223261909348e-5,8,2
9509,11,1.0076505184770423e-5,7,3
9509,10,2.3823988373893673e-5,7,3
9509,5,2.1201655324224153e-4,7,3
9509,2,0,7,3
9509,3,0,7,3
9509,13,6.957126706670145e-6,7,3
9509,9,6.697977417264496e-5,7,3
9509,1,0,7,3
9509,4,2.9377073023643556e-4,7,3
9509,8,3.4224002159144645e-5,7,3
9509,12,2.7423817880465243e-5,7,3
9509,6,1.0452418048904442e-4,7,3
9509,7,5.986187659631671e-5,7,3
9509,19,1.570647735125966e-5,7,3
9509,17,1.332111630954674e-5,7,3
9539,11,1.9771737200387373e-4,7,3
9539,10,2.607153444690251e-4,7,3
9539,5,0.00130666001151801,7,3
9539,2,0,7,3
9539,3,5.120489701987499e-5,7,3
9539,13,1.6950090521705444e-4,7,3
9539,9,3.860512326457585e-4,7,3
9539,1,0,7,3
9539,4,0.00190673832455346,7,3
9539,8,4.054894433032834e-4,7,3
9539,12,1.606899741921476e-4,7,3
9539,6,7.120518219239009e-4,7,3
9539,7,4.816955684007707e-4,7,3
9539,19,2.141040859987501e-4,7,3
9539,17,2.0989758941799324e-4,7,3
9585,11,1.5741135126479203e-4,3,4
9585,10,3.1802776933075044e-4,3,4
9585,5,0.0019649747324786402,3,4
9585,2,0,3,4
9585,3,0,3,4
9585,13,9.1391346283076e-5,3,4
9585,9,3.814635768805088e-4,3,4
9585,1,0,3,4
9585,4,0,3,4
9585,8,4.626738519742592e-4,3,4
9585,12,1.2805336448316415e-4,3,4
9585,6,0.00102470479582074,3,4
9585,7,5.128517497871577e-4,3,4
9585,19,6.406589445908546e-5,3,4
9585,17,4.5723831657092865e-5,3,4
9593,11,0.00353875968570018,4,8
9593,10,0.00476951752153205,4,8
9593,5,5.629405034362965e-4,4,8
9593,2,0,4,8
9593,3,0,4,8
9593,13,0.00214848722023258,4,8
9593,9,0.00591394704698333,4,8
9593,1,0,4,8
9593,4,4.0943140767543473e-4,4,8
9593,8,0.00590775591701589,4,8
9593,12,0.00340032677405471,4,8
9593,6,0.00478880138352006,4,8
9593,7,0.00729124658332213,4,8
9593,19,0.00200546916074504,4,8
9593,17,0.00253281224966652,4,8
9656,11,6.536111471202437e-6,8,2
9656,10,2.0227914657079533e-6,8,2
9656,5,3.256680598391798e-5,8,2
9656,2,3.368061792707023e-5,8,2
9656,3,3.059804821919359e-5,8,2
9656,13,0,8,2
9656,9,4.587655765249654e-6,8,2
9656,1,0,8,2
9656,4,3.695229311150133e-7,8,2
9656,8,2.361022933763776e-5,8,2
9656,12,1.4278516747680253e-5,8,2
9656,6,4.4445765897101e-5,8,2
9656,7,5.2160348613164854e-5,8,2
9656,19,0,8,2
9656,17,3.600301705282903e-7,8,2
9670,11,4.59434168829938e-4,3,4
9670,10,3.868026791648209e-4,3,4
9670,5,0.00112687794991291,3,4
9670,2,0,3,4
9670,3,6.244499636570121e-7,3,4
9670,13,3.2951481947046776e-4,3,4
9670,9,3.619660398781977e-4,3,4
9670,1,0,3,4
9670,4,0.00329060170157919,3,4
9670,8,3.2967678029251993e-4,3,4
9670,12,5.894987628685132e-4,3,4
9670,6,8.46615209708917e-4,3,4
9670,7,3.93478066048304e-4,3,4
9670,19,6.042860496721479e-4,3,4
9670,17,4.215953296886279e-4,3,4
9808,11,2.124236228140792e-4,7,3
9808,10,2.1598917761614923e-4,7,3
9808,5,0.00110627446041288,7,3
9808,2,6.667035138384159e-5,7,3
9808,3,2.976544826765091e-5,7,3
9808,13,1.7898789618069554e-4,7,3
9808,9,3.360457848045372e-4,7,3
9808,1,0,7,3
9808,4,0.00227478316394402,7,3
9808,8,2.3328639446454924e-4,7,3
9808,12,2.595063758110141e-4,7,3
9808,6,6.148841819971352e-4,7,3
9808,7,2.891573688219743e-4,7,3
9808,19,2.2154399632303096e-4,7,3
9808,17,3.1106606733644277e-4,7,3
9827,11,2.2331714193274995e-5,7,3
9827,10,2.247546073008837e-7,7,3
9827,5,1.7213883162928075e-4,7,3
9827,2,0,7,3
9827,3,0,7,3
9827,13,3.1623303212137025e-7,7,3
9827,9,4.128890188724689e-5,7,3
9827,1,0,7,3
9827,4,1.8550051141973667e-4,7,3
9827,8,3.097488803011192e-5,7,3
9827,12,9.74565428809922e-6,7,3
9827,6,3.954140552224848e-5,7,3
9827,7,4.655923735269077e-5,7,3
9827,19,6.6132536215830145e-6,7,3
9827,17,6.1205128989809345e-6,7,3
9847,11,4.2212386584849075e-5,5,1
9847,10,1.242892978373887e-4,5,1
9847,5,0.00102186661633212,5,1
9847,2,0,5,1
9847,3,9.991199418512194e-5,5,1
9847,13,1.612788463818988e-5,5,1
9847,9,2.130966102958465e-4,5,1
9847,1,0,5,1
9847,4,7.390458622300266e-7,5,1
9847,8,2.5646340858498265e-4,5,1
9847,12,1.7904806715345075e-5,5,1
9847,6,5.318165781480706e-4,5,1
9847,7,3.094613971411928e-4,5,1
9847,19,5.745264083750244e-5,5,1
9847,17,6.012503847822448e-5,5,1
9861,11,1.7974306545806704e-5,3,4
9861,10,3.6185491775442275e-5,3,4
9861,5,7.111527020978007e-5,3,4
9861,2,0,3,4
9861,3,0,3,4
9861,13,2.0871380120010437e-5,3,4
9861,9,3.027852805064772e-5,3,4
9861,1,0,3,4
9861,4,1.8291385090193156e-4,3,4
9861,8,9.530734778495976e-6,3,4
9861,12,1.994459482215654e-5,3,4
9861,6,2.0537009069694943e-5,3,4
9861,7,1.7853542142761124e-5,3,4
9861,19,1.4879820648561783e-5,3,4
9861,17,2.736229296015006e-5,3,4
9922,11,6.835683246965882e-5,5,1
9922,10,8.742954224004377e-5,5,1
9922,5,4.120697900005948e-4,5,1
9922,2,1.7272111757471916e-7,5,1
9922,3,1.8067418948476216e-4,5,1
9922,13,4.3956391464870465e-5,5,1
9922,9,1.6813758379639985e-4,5,1
9922,1,0,5,1
9922,4,3.510467845592626e-4,5,1
9922,8,1.6223909884303378e-4,5,1
9922,12,8.091159490352142e-5,5,1
9922,6,3.715052983950787e-4,5,1
9922,7,2.50649728906215e-4,5,1
9922,19,5.083938721591942e-5,5,1
9922,17,3.1682655006489544e-5,5,1
9939,11,0.00233829387882267,1,6
9939,10,0.00290607707240042,1,6
9939,5,5.8487325032342496e-5,1,6
9939,2,0,1,6
9939,3,0,1,6
9939,13,0.00259848682494129,1,6
9939,9,0.00286384411145709,1,6
9939,1,0,1,6
9939,4,0,1,6
9939,8,0.00278579045423265,1,6
9939,12,0.00298828957647879,1,6
9939,6,0.00155253658116425,1,6
9939,7,0.00296508827351346,1,6
9939,19,0.00210384130836609,1,6
9939,17,0.00259941783121425,1,6
9961,11,9.531829228836888e-6,7,3
9961,10,5.259257810840679e-5,7,3
9961,5,3.226772307182077e-4,7,3
9961,2,9.309668237277362e-5,7,3
9961,3,9.429194451220882e-5,7,3
9961,13,5.154598423578335e-5,7,3
9961,9,4.817038553512137e-5,7,3
9961,1,0,7,3
9961,4,6.577508173847237e-5,7,3
9961,8,8.317732170323761e-5,7,3
9961,12,3.082346472515102e-5,7,3
9961,6,1.5969823470613533e-4,7,3
9961,7,7.316451583994264e-5,7,3
9961,19,2.7692999540378873e-5,7,3
9961,17,7.200603410565806e-7,7,3
9967,11,2.2059376215308225e-5,3,4
9967,10,3.551122795353963e-5,3,4
9967,5,1.5618774298409643e-4,3,4
9967,2,5.31981042130135e-5,3,4
9967,3,2.081499878856707e-7,3,4
9967,13,9.170757931519736e-6,3,4
9967,9,5.9639524948245506e-05,3,4
9967,1,2.855574738672078e-7,3,4
9967,4,3.395915736946972e-4,3,4
9967,8,4.8086889109684246e-5,3,4
9967,12,1.858473608428223e-5,3,4
9967,6,1.4529167610500602e-4,3,4
9967,7,6.09120849576556e-5,3,4
9967,19,1.570647735125966e-5,3,4
9967,17,2.2321870572753997e-5,3,4
9995,11,3.594861309161341e-5,7,3
9995,10,6.0009480149335955e-5,7,3
9995,5,1.4688294127440557e-4,7,3
9995,2,9.08340357325448e-4,7,3
9995,3,0.0010240979403975,7,3
9995,13,1.9606447991524955e-5,7,3
9995,9,4.839976832338385e-5,7,3
9995,1,5.711149477344156e-7,7,3
9995,4,3.0818212454992105e-4,7,3
9995,8,3.2924356507531556e-5,7,3
9995,12,3.1730037217067227e-5,7,3
9995,6,9.471545973933938e-5,7,3
9995,7,5.74113904198593e-5,7,3
9995,19,3.099962635117038e-5,7,3
9995,17,7.920663751622386e-6,7,3
10012,11,1.285435256003146e-4,7,3
10012,10,1.1192779443584008e-4,7,3
10012,5,8.826269050335321e-4,7,3
10012,2,1.884387392740186e-4,7,3
10012,3,8.679854494832468e-5,7,3
10012,13,8.316928744792037e-5,7,3
10012,9,2.032331504005597e-4,7,3
10012,1,0,7,3
10012,4,0.00209371692769766,7,3
10012,8,2.1270867164734203e-4,7,3
10012,12,9.858975849588744e-5,7,3
10012,6,3.770227038167878e-4,7,3
10012,7,2.2684500604920016e-4,7,3
10012,19,2.0707750402581816e-4,7,3
10012,17,1.6201357673773062e-4,7,3
10016,11,2.0044075178354145e-4,3,4
10016,10,3.908482620962368e-4,3,4
10016,5,0.0026438929429393,3,4
10016,2,1.2332287794834947e-4,3,4
10016,3,2.081499878856707e-7,3,4
10016,13,1.2617697981642673e-4,3,4
10016,9,6.358490890636022e-4,3,4
10016,1,2.855574738672078e-7,3,4
10016,4,1.252682736479895e-4,3,4
10016,8,7.00292398610852e-4,3,4
10016,12,1.949130857619844e-4,3,4
10016,6,0.00162303676155275,3,4
10016,7,9.266338441546802e-4,3,4
10016,19,1.6615799724227324e-4,3,4
10016,17,1.3573137428916544e-4,3,4
10062,11,4.847616007808475e-5,7,3
10062,10,4.562518528207939e-5,7,3
10062,5,2.5422047528262504e-4,7,3
10062,2,6.321592903234721e-5,7,3
10062,3,4.787449721370426e-5,7,3
10062,13,5.692194578184664e-6,7,3
10062,9,1.234079400852157e-4,7,3
10062,1,0,7,3
10062,4,2.749250607495699e-4,7,3
10062,8,5.501833258495405e-5,7,3
10062,12,3.263660970898343e-5,7,3
10062,6,1.4896994638614544e-4,7,3
10062,7,6.3362571134113e-5,7,3
10062,19,4.29861485402896e-5,7,3
10062,17,7.560633581094096e-6,7,3
10067,11,1.4978588788172251e-5,8,2
10067,10,5.394110575221209e-6,8,2
10067,5,1.761266037905768e-5,8,2
10067,2,2.200467037901922e-4,8,2
10067,3,4.849894717736127e-5,8,2
10067,13,0,8,2
10067,9,1.1239756624861652e-5,8,2
10067,1,0,8,2
10067,4,3.695229311150133e-7,8,2
10067,8,3.2924356507531556e-5,8,2
10067,12,7.0259368123506e-6,8,2
10067,6,2.728050458511717e-5,8,2
10067,7,3.815757046197966e-5,8,2
10067,19,2.066641756744692e-6,8,2
10067,17,0,8,2
10129,11,2.363893648751548e-4,5,1
10129,10,5.283980817643776e-4,5,1
10129,5,0.0034743464955292,5,1
10129,2,3.057163781072529e-5,5,1
10129,3,1.6610369033276523e-4,5,1
10129,13,1.2396334859157717e-4,5,1
10129,9,6.782849048921614e-4,5,1
10129,1,2.855574738672078e-7,5,1
10129,4,1.6961102538179108e-4,5,1
10129,8,8.924233474409868e-4,5,1
10129,12,2.3162927168459077e-4,5,1
10129,6,0.00177047409532176,5,1
10129,7,0.00109781780705291,5,1
10129,19,2.14930742701448e-4,5,1
10129,17,1.555330336682214e-4,5,1
10139,11,2.8867825664477432e-5,8,2
10139,10,1.640708633296451e-5,8,2
10139,5,2.9908291209720592e-5,8,2
10139,2,0,8,2
10139,3,5.8073846620102126e-5,8,2
10139,13,5.059728513941924e-6,8,2
10139,9,1.8350623060998617e-5,8,2
10139,1,0,8,2
10139,4,7.390458622300266e-7,8,2
10139,8,3.335757172473592e-5,8,2
10139,12,6.346007443413445e-6,8,2
10139,6,8.981109936448685e-5,8,2
10139,7,6.3362571134113e-5,8,2
10139,19,4.5466118648383225e-6,8,2
10139,17,0,8,2
10141,11,1.9335996435640542e-5,7,3
10141,10,4.405190303097321e-5,7,3
10141,5,3.6488115275859126e-4,7,3
10141,2,0,7,3
10141,3,0,7,3
10141,13,3.2572002308501134e-5,7,3
10141,9,7.225557830268206e-5,7,3
10141,1,0,7,3
10141,4,0,7,3
10141,8,8.599322061506597e-5,7,3
10141,12,3.830268778345972e-5,7,3
10141,6,1.480503788158606e-4,7,3
10141,7,8.156618273065377e-5,7,3
10141,19,1.07465371350724e-5,7,3
10141,17,1.0800905115848709e-5,7,3
10177,11,9.531829228836888e-6,7,3
10177,10,1.1911994186946837e-5,7,3
10177,5,7.70969284517242e-5,7,3
10177,2,0,7,3
10177,3,0,7,3
10177,13,5.692194578184664e-6,7,3
10177,9,1.4909881237061377e-5,7,3
10177,1,0,7,3
10177,4,3.3257063800351197e-4,7,3
10177,8,1.7328608688174504e-5,7,3
10177,12,1.835809296130318e-5,7,3
10177,6,5.2415351506236355e-5,7,3
10177,7,1.820361159654075e-5,7,3
10177,19,1.6533134053957536e-5,7,3
10177,17,0,7,3
10180,11,2.720656399888015e-4,3,4
10180,10,3.6927181979535195e-4,3,4
10180,5,0.00197627342026898,3,4
10180,2,7.789722402619834e-5,3,4
10180,3,8.325999515426828e-7,3,4
10180,13,2.732253397528639e-4,3,4
10180,9,4.752811372798642e-4,3,4
10180,1,0,3,4
10180,4,0.00274001253421782,3,4
10180,8,4.306159259011364e-4,3,4
10180,12,3.256861677208972e-4,3,4
10180,6,0.00105014616526529,3,4
10180,7,5.041000134426671e-4,3,4
10180,19,3.265293975656613e-4,3,4
10180,17,3.5642986882300737e-4,3,4
10240,11,8.006736552222987e-5,5,1
10240,10,1.229407701935834e-4,5,1
10240,5,5.6958679037179e-4,5,1
10240,2,1.3765873070705116e-4,5,1
10240,3,5.599234674124542e-5,5,1
10240,13,5.375961546063294e-5,5,1
10240,9,1.6240301408983776e-4,5,1
10240,1,0,5,1
10240,4,2.1099759366667256e-4,5,1
10240,8,1.132857792989408e-4,5,1
10240,12,7.388565809117082e-5,5,1
10240,6,2.9242248735058174e-4,5,1
10240,7,1.554308374781557e-4,5,1
10240,19,1.2854511726951984e-4,5,1
10240,17,1.5085264145135363e-4,5,1
10248,11,2.992994377854783e-4,5,1
10248,10,4.113009313606172e-4,5,1
10248,5,0.00238302618072118,5,1
10248,2,3.419878127979439e-5,5,1
10248,3,1.519494911565396e-5,5,1
10248,13,1.910047514013076e-4,5,1
10248,9,7.76460738268504e-4,5,1
10248,1,0,5,1
10248,4,0,5,1
10248,8,7.537944779355909e-4,5,1
10248,12,3.03021855422992e-4,5,1
10248,6,0.00152893434686027,5,1
10248,7,8.363159250795358e-4,5,1
10248,19,4.120883662948916e-4,5,1
10248,17,1.7101433100093788e-4,5,1
10317,11,2.2168311406494935e-4,5,1
10317,10,4.4771117774336034e-4,5,1
10317,5,0.00311312080058513,5,1
10317,2,2.2505561619985903e-4,5,1
10317,3,5.890644657164481e-4,5,1
10317,13,8.854524899398366e-5,5,1
10317,9,7.239320797563954e-4,5,1
10317,1,2.855574738672078e-7,5,1
10317,4,2.590355747116243e-4,5,1
10317,8,7.351662235958033e-4,5,1
10317,12,2.19617186166701e-4,5,1
10317,6,0.0016950695545584,5,1
10317,7,9.96997804364386e-4,5,1
10317,19,2.0377087721502665e-4,5,1
10317,17,2.124178006116913e-4,5,1
10400,11,1.0893519118670727e-5,8,2
10400,10,1.4384294867256558e-5,8,2
10400,5,1.0733753400821946e-4,8,2
10400,2,8.100620414254329e-5,8,2
10400,3,1.1677214320386128e-4,8,2
10400,13,2.4349943473345507e-5,8,2
10400,9,2.064445094362345e-6,8,2
10400,1,0,8,2
10400,4,0,8,2
10400,8,6.7148358666676195e-6,8,2
10400,12,1.563837548555456e-5,8,2
10400,6,1.9004396452553532e-5,8,2
10400,7,1.4352847604964823e-5,8,2
10400,19,1.4466492297212844e-5,8,2
10400,17,3.3482805859130995e-5,8,2
10429,11,9.804167206803656e-6,7,3
10429,10,0,7,3
10429,5,6.57982406613853e-5,7,3
10429,2,4.698014398032361e-5,7,3
10429,3,2.7683948388794203e-5,7,3
10429,13,0,7,3
10429,9,6.193335283087033e-6,7,3
10429,1,0,7,3
10429,4,2.7714219833625993e-4,7,3
10429,8,1.169681086451779e-5,7,3
10429,12,0,7,3
10429,6,6.130450468565656e-5,7,3
10429,7,1.6803333781422235e-5,7,3
10429,19,1.6119805702608597e-5,7,3
10429,17,2.0521719720112547e-5,7,3
10471,11,4.5752780298417065e-5,7,3
10471,10,4.450141224557498e-5,7,3
10471,5,3.7352132577473274e-4,7,3
10471,2,0,7,3
10471,3,4.537669735907621e-5,7,3
10471,13,3.6683031726078945e-5,7,3
10471,9,5.8033845430408126e-5,7,3
10471,1,0,7,3
10471,4,1.5335201641273051e-4,7,3
10471,8,3.097488803011192e-5,7,3
10471,12,1.949130857619844e-5,7,3
10471,6,1.2536771208216765e-4,7,3
10471,7,6.021194605009634e-5,7,3
10471,19,4.7532760405127914e-5,7,3
10471,17,3.8163198075998766e-5,7,3
10489,11,6.536111471202437e-6,7,3
10489,10,1.5058558689159208e-5,7,3
10489,5,6.247509719363857e-5,7,3
10489,2,3.661687692584046e-5,7,3
10489,3,4.142184758924847e-5,7,3
10489,13,9.803223995762476e-6,7,3
10489,9,1.4680498448798897e-5,7,3
10489,1,0,7,3
10489,4,7.759981553415278e-5,7,3
10489,8,2.31770141204334e-5,7,3
10489,12,2.0624524191093697e-5,7,3
10489,6,3.341095505368282e-5,7,3
10489,7,1.8903750504100017e-5,7,3
10489,19,1.9839760864749044e-5,7,3
10489,17,2.736229296015006e-5,7,3
10495,11,1.7429630589873167e-5,5,1
10495,10,6.517883611725627e-5,5,1
10495,5,3.2001871594401033e-4,5,1
10495,2,2.3282806649072143e-4,5,1
10495,3,3.3158293070187345e-4,5,1
10495,13,2.529864256970962e-6,5,1
10495,9,7.661385127966923e-5,5,1
10495,1,0,5,1
10495,4,4.323418294045655e-5,5,1
10495,8,7.862856192259181e-5,5,1
10495,12,1.7451520469386972e-5,5,1
10495,6,1.7042652302612523e-4,5,1
10495,7,7.631514092395931e-5,5,1
10495,19,1.1159865486421335e-5,5,1
10495,17,2.1961840402225707e-5,5,1
10499,11,0.00145183376054084,3,4
10499,10,0.0010176888618584,3,4
10499,5,0.00169480316855083,3,4
10499,2,1.2384104130107364e-4,3,4
10499,3,1.280122425496875e-4,3,4
10499,13,0.00160519887104807,3,4
10499,9,9.007862095067696e-4,3,4
10499,1,2.855574738672078e-7,3,4
10499,4,0.00325106274794988,3,4
10499,8,5.05345550868889e-4,3,4
10499,12,0.00152417500203412,3,4
10499,6,0.00108723539060011,3,4
10499,7,4.97448693820854e-4,3,4
10499,19,0.00228777242471637,3,4
10499,17,0.00193732234761273,3,4
10530,11,9.17778985748009e-5,5,1
10530,10,1.2361503401548603e-4,5,1
10530,5,0.00105543036535636,5,1
10530,2,3.6115985684873774e-4,5,1
10530,3,5.058044705621798e-5,5,1
10530,13,4.237522630426361e-5,5,1
10530,9,2.7709440822107915e-4,5,1
10530,1,0,5,1
10530,4,2.1654043763339777e-4,5,1
10530,8,2.5841287706240227e-4,5,1
10530,12,4.623519708772653e-5,5,1
10530,6,6.663799659330867e-4,5,1
10530,7,3.3326611999820764e-4,5,1
10530,19,3.2652939756566136e-5,5,1
10530,17,4.2483560122338254e-5,5,1
10658,11,5.4467595593353645e-6,7,3
10658,10,7.641656648230047e-6,7,3
10658,5,3.2234491637143306e-5,7,3
10658,2,0.00122269279131143,7,3
10658,3,0.00108321253695703,7,3
10658,13,9.803223995762476e-6,7,3
10658,9,2.1332599308410893e-5,7,3
10658,1,2.8555747386720777e-6,7,3
10658,4,4.822274251050923e-4,7,3
10658,8,1.4079494559141785e-5,7,3
10658,12,1.1105513025973528e-5,7,3
10658,6,3.7089225334822216e-5,7,3
10658,7,2.5905139579692612e-5,7,3
10658,19,4.133283513489384e-6,7,3
10658,17,1.4401206821131611e-6,7,3
10668,11,1.8246644523773473e-4,7,3
10668,10,1.48787550033185e-4,7,3
10668,5,4.7687108762165616e-4,7,3
10668,2,1.7513921322076523e-4,7,3
10668,3,1.7588673976339176e-4,7,3
10668,13,1.7044960431341857e-4,7,3
10668,9,1.92910924928748e-4,7,3
10668,1,0,7,3
10668,4,5.062464156275682e-4,7,3
10668,8,1.1935079233980188e-4,7,3
10668,12,1.6567612289768673e-4,7,3
10668,6,2.669811179060343e-4,7,3
10668,7,1.382774342429538e-4,7,3
10668,19,1.9178435502590743e-4,7,3
10668,17,1.2601055968490158e-4,7,3
10669,11,1.982620479598073e-4,5,1
10669,10,3.602816355033166e-4,5,1
10669,5,0.00277083702340722,5,1
10669,2,0,5,1
10669,3,6.32775963172439e-5,5,1
10669,13,1.666548079279621e-4,5,1
10669,9,6.922772549761728e-4,5,1
10669,1,0,5,1
10669,4,0,5,1
10669,8,7.355994388130076e-4,5,1
10669,12,1.980860894836911e-4,5,1
10669,6,0.00136433175177928,5,1
10669,7,7.312950889456468e-4,5,1
10669,19,1.1283863991826018e-4,5,1
10669,17,1.5445294315663652e-4,5,1
10670,11,2.7233797796676824e-7,7,3
10670,10,1.4609049474557442e-5,7,3
10670,5,1.4954145604860296e-5,7,3
10670,2,2.506183416009175e-4,7,3
10670,3,3.3054218076244507e-4,7,3
10670,13,0,7,3
10670,9,2.52321067088731e-6,7,3
10670,1,0,7,3
10670,4,1.6554627313952595e-4,7,3
10670,8,3.898936954839263e-5,7,3
10670,12,1.5185089239596455e-5,7,3
10670,6,7.509801823992928e-5,7,3
10670,7,3.430680647040373e-5,7,3
10670,19,1.033320878372346e-5,7,3
10670,17,1.7281448185357932e-5,7,3
10686,11,3.703796500348048e-5,3,4
10686,10,7.754033951880488e-5,3,4
10686,5,5.2937675441205e-4,3,4
10686,2,1.7272111757471916e-7,3,4
10686,3,0,3,4
10686,13,2.118761315213181e-5,3,4
10686,9,9.81758333763426e-5,3,4
10686,1,0,3,4
10686,4,1.2896350295913962e-4,3,4
10686,8,1.3018117276991097e-4,3,4
10686,12,9.292368042141116e-6,3,4
10686,6,3.006985954831454e-4,3,4
10686,7,1.5753125420083346e-4,3,4
10686,19,4.835941710782579e-5,3,4
10686,17,4.2483560122338254e-5,3,4
10691,11,9.068854666293382e-5,5,1
10691,10,1.1754665961836218e-4,5,1
10691,5,0.00100059849813854,5,1
10691,2,1.7272111757471916e-7,5,1
10691,3,1.0615649382169208e-4,5,1
10691,13,6.514400461700227e-5,5,1
10691,9,1.876351207987109e-4,5,1
10691,1,0,5,1
10691,4,0.00168945884105784,5,1
10691,8,9.227484126452922e-5,5,1
10691,12,9.17904648065159e-5,5,1
10691,6,2.712724332340303e-4,5,1
10691,7,1.3652708697405565e-4,5,1
10691,19,9.547884916160476e-5,5,1
10691,17,6.264524967192251e-5,5,1
10732,11,3.189077721990856e-4,3,4
10732,10,3.735421573340687e-4,3,4
10732,5,0.00106872293922734,3,4
10732,2,5.941606444570339e-5,3,4
10732,3,6.744059607495732e-5,3,4
10732,13,3.646166860359398e-4,3,4
10732,9,4.5073717893577857e-4,3,4
10732,1,4.397585097555e-5,3,4
10732,4,0.0017969900140123,3,4
10732,8,3.047669053032691e-4,3,4
10732,12,3.984386101971727e-4,3,4
10732,6,7.583367229615715e-4,3,4
10732,7,4.270847336111485e-4,3,4
10732,19,5.765930501317691e-4,3,4
10732,17,4.968416353290406e-4,3,4
10764,11,4.907530362961163e-4,5,1
10764,10,8.56090299209066e-4,5,1
10764,5,0.00708294798715538,5,1
10764,2,1.7272111757471916e-7,5,1
10764,3,0,5,1
10764,13,4.0983800962929583e-4,5,1
10764,9,0.00127238632649199,5,1
10764,1,0,5,1
10764,4,0,5,1
10764,8,0.00161026096234861,5,1
10764,12,3.7486772540735135e-4,5,1
10764,6,0.00353328512755781,5,1
10764,7,0.00195653817717435,5,1
10764,19,3.4719581513310827e-4,5,1
10764,17,3.135862785301408e-4,5,1
10812,11,0.00113183663642988,3,4
10812,10,8.468753603097298e-4,3,4
10812,5,0.00162003244052653,3,4
10812,2,0,3,4
10812,3,2.039869881279573e-5,3,4
10812,13,9.8316849686534e-4,3,4
10812,9,6.278206914744152e-4,3,4
10812,1,0,3,4
10812,4,0.00271968877300649,3,4
10812,8,3.797131378796238e-4,3,4
10812,12,0.0012084611317243,3,4
10812,6,7.062278939787635e-4,3,4
10812,7,4.169327194515392e-4,3,4
10812,19,0.00245475707866134,3,4
10812,17,0.00111069307607977,3,4
10826,11,0.00102045040344148,3,4
10826,10,0.00115636245456304,3,4
10826,5,0.00521833218740269,3,4
10826,2,1.7272111757471916e-7,3,4
10826,3,6.244499636570121e-7,3,4
10826,13,8.800765283937733e-4,3,4
10826,9,0.00183781489955901,3,4
10826,1,0,3,4
10826,4,0.0059319516131893,3,4
10826,8,0.00130527744943674,3,4
10826,12,0.00113253568552632,3,4
10826,6,0.00286751820667158,3,4
10826,7,0.00143003371868978,3,4
10826,19,0.00118087909980391,3,4
10826,17,0.00114057558023362,3,4
10850,11,4.6297456254350595e-6,3,4
10850,10,2.427349758849544e-5,3,4
10850,5,3.688689249198873e-5,3,4
10850,2,0,3,4
10850,3,2.081499878856707e-7,3,4
10850,13,6.324660642427405e-6,3,4
10850,9,1.85800058492611e-5,3,4
10850,1,0,3,4
10850,4,3.425477571436173e-4,3,4
10850,8,2.4693267380648667e-5,3,4
10850,12,2.266431229790516e-7,3,4
10850,6,2.8200072155402016e-5,3,4
10850,7,2.940583411748891e-5,3,4
10850,19,3.719955162140446e-6,3,4
10850,17,1.296108613901845e-5,3,4
10884,11,1.691218843173631e-4,3,4
10884,10,1.078822115044242e-4,3,4
10884,5,9.0522428061421e-4,3,4
10884,2,0,3,4
10884,3,2.081499878856707e-7,3,4
10884,13,8.981018112246915e-5,3,4
10884,9,1.7937734042126148e-4,3,4
10884,1,0,3,4
10884,4,0.00201279140578347,3,4
10884,8,2.1834046947099872e-4,3,4
10884,12,1.255602901303946e-4,3,4
10884,6,3.914292624179171e-4,3,4
10884,7,2.1634292243581128e-4,3,4
10884,19,1.9013104162051168e-4,3,4
10884,17,2.2465882640965311e-4,3,4
10897,11,7.502911292984465e-4,3,4
10897,10,7.796737327267656e-4,3,4
10897,5,0.00134321458966322,3,4
10897,2,0,3,4
10897,3,2.081499878856707e-7,3,4
10897,13,8.791278292974092e-4,3,4
10897,9,8.333476697575998e-4,3,4
10897,1,0,3,4
10897,4,0.00110191738058496,3,4
10897,8,4.869339041377035e-4,3,4
10897,12,0.00103122620955468,3,4
10897,6,8.509065250369129e-4,3,4
10897,7,4.5193966482950216e-4,3,4
10897,19,0.00107548037020993,3,4
10897,17,8.475110214235953e-4,3,4
10905,11,8.388009721376462e-5,5,1
10905,10,1.0406138318030916e-4,5,1
10905,5,0.00107271071138864,5,1
10905,2,1.7272111757471916e-7,5,1
10905,3,1.6693629028430792e-4,5,1
10905,13,4.806742088244828e-5,5,1
10905,9,1.153795424960288e-4,5,1
10905,1,0,5,1
10905,4,2.3834229056918357e-4,5,1
10905,8,1.80434137965617e-4,5,1
10905,12,4.283555024304075e-5,5,1
10905,6,3.2430082978712315e-4,5,1
10905,7,1.7538479634359458e-4,5,1
10905,19,2.6453014486332055e-5,5,1
10905,17,0,5,1
10911,11,4.8231055897914656e-4,5,1
10911,10,5.859352612334038e-4,5,1
10911,5,0.0043705982887805,5,1
10911,2,2.145196280278012e-4,5,1
10911,3,2.0086473830967225e-4,5,1
10911,13,3.7758224035291607e-4,5,1
10911,9,9.411575802409666e-4,5,1
10911,1,0,5,1
10911,4,7.390458622300266e-7,5,1
10911,8,0.00112549313429693,5,1
10911,12,3.696549335788332e-4,5,1
10911,6,0.00253156952099418,5,1
10911,7,0.00132816350763991,5,1
10911,19,6.745518694014675e-4,5,1
10911,17,3.7947179973681793e-4,5,1
10919,11,0.2929847370903628,1,6
10919,10,0.2802683210403801,1,6
10919,5,0.01472019630473092,1,6
10919,2,7.167926379350844e-5,1,6
10919,3,4.579299733484755e-6,1,6
10919,13,0.27962273399267923,1,6
10919,9,0.26039832321181783,1,6
10919,1,1.7419005905899674e-5,1,6
10919,4,0.00377689387892655,1,6
10919,8,0.25284259579958857,1,6
10919,12,0.2890014851923849,1,6
10919,6,0.1735009439361109,1,6
10919,7,0.25237907200788634,1,6
10919,19,0.22382970210599065,1,6
10919,17,0.2663841629928588,1,6
10938,11,9.69523201561695e-5,3,4
10938,10,2.593668168252198e-4,3,4
10938,5,7.334177633317039e-4,3,4
10938,2,0,3,4
10938,3,2.081499878856707e-7,3,4
10938,13,1.7867166314857418e-4,3,4
10938,9,2.8374650908069115e-4,3,4
10938,1,0,3,4
10938,4,8.62836044153556e-4,3,4
10938,8,2.8029024553122257e-4,3,4
10938,12,1.1808106707208588e-4,3,4
10938,6,6.191754973251312e-4,3,4
10938,7,3.346663978133262e-4,3,4
10938,19,1.7525122097194988e-4,3,4
10938,17,2.1169774027063467e-4,3,4
10978,11,1.6776019442752923e-4,1,6
10978,10,2.3823988373893677e-4,1,6
10978,5,0,1,6
10978,2,8.636055878735958e-6,1,6
10978,3,1.1469064332500456e-4,1,6
10978,13,2.2357675370980877e-4,1,6
10978,9,2.2754772595638285e-4,1,6
10978,1,0,1,6
10978,4,3.695229311150133e-7,1,6
10978,8,1.9646310100217843e-4,1,6
10978,12,2.6721224199230186e-4,1,6
10978,6,6.314363982622625e-5,1,6
10978,7,2.832061881077206e-4,1,6
10978,19,4.823541860242111e-4,1,6
10978,17,2.660622960204065e-4,1,6
11143,11,2.3693404083108837e-5,7,3
11143,10,2.247546073008837e-7,7,3
11143,5,1.4023665433891212e-4,7,3
11143,2,0,7,3
11143,3,2.081499878856707e-7,7,3
11143,13,3.1623303212137025e-7,7,3
11143,9,1.2386670566174068e-5,7,3
11143,1,0,7,3
11143,4,7.538267794746271e-4,7,3
11143,8,1.2346633690324334e-5,7,3
11143,12,0,7,3
11143,6,1.3793513554272724e-5,7,3
11143,7,8.751736344490747e-6,7,3
11143,19,1.2399850540468153e-6,7,3
11143,17,0,7,3
11164,11,1.552326474410579e-5,7,3
11164,10,6.7651136797566e-5,7,3
11164,5,6.3571734537995e-4,7,3
11164,2,5.5788920976634286e-5,7,3
11164,3,1.4383164162899847e-4,7,3
11164,13,2.9409671987287432e-5,7,3
11164,9,1.4038226641663944e-4,7,3
11164,1,0,7,3
11164,4,9.016359519206323e-5,7,3
11164,8,1.826002140516388e-4,7,3
11164,12,2.0851167314072747e-5,7,3
11164,6,3.0468338828771305e-4,7,3
11164,7,1.71183962898239e-4,7,3
11164,19,4.505279029703429e-5,7,3
11164,17,3.4922926541244155e-5,7,3
11172,11,1.6612616655972863e-5,7,3
11172,10,2.472300680309721e-6,7,3
11172,5,1.2195936526630508e-4,7,3
11172,2,6.200688120932418e-5,7,3
11172,3,5.4743446813931395e-5,7,3
11172,13,1.7076583734553994e-5,7,3
11172,9,4.472964371118413e-5,7,3
11172,1,0,7,3
11172,4,3.181592436900264e-4,7,3
11172,8,4.072223041721008e-5,7,3
11172,12,2.425081415875852e-5,7,3
11172,6,8.245455880220807e-5,7,3
11172,7,5.2160348613164854e-5,7,3
11172,19,2.7279671189029937e-5,7,3
11172,17,5.7604827284526446e-5,7,3
11185,11,1.4515614225628747e-4,5,1
11185,10,1.6924021929756543e-4,5,1
11185,5,0.00158480711976841,5,1
11185,2,0,5,1
11185,3,0,5,1
11185,13,9.486990963641108e-5,5,1
11185,9,2.8191144677459126e-4,5,1
11185,1,0,5,1
11185,4,0,5,1
11185,8,3.5177075636994243e-4,5,1
11185,12,1.1513470647335822e-4,5,1
11185,6,7.580302004381433e-4,5,1
11185,7,4.904473047452614e-4,5,1
11185,19,1.301984306749156e-4,5,1
11185,17,1.2817074070807134e-4,5,1
11188,11,0,7,3
11188,10,8.99018429203535e-6,7,3
11188,5,7.277684194365345e-5,7,3
11188,2,1.0432355501513036e-4,7,3
11188,3,5.620049672913109e-5,7,3
11188,13,6.008427610306035e-6,7,3
11188,9,1.2386670566174068e-5,7,3
11188,1,0,7,3
11188,4,7.686076967192276e-5,7,3
11188,8,6.498228258065438e-6,7,3
11188,12,2.266431229790516e-7,7,3
11188,6,1.7471783835412117e-5,7,3
11188,7,1.0152014159609266e-5,7,3
11188,19,7.85323867562983e-6,7,3
11188,17,7.200603410565806e-6,7,3
11210,11,7.46206059628945e-5,7,3
11210,10,5.1918314286504136e-5,7,3
11210,5,2.0204712283900135e-4,7,3
11210,2,0,7,3
11210,3,3.0389898231307923e-5,7,3
11210,13,2.498240953758825e-5,7,3
11210,9,5.000544784122123e-5,7,3
11210,1,0,7,3
11210,4,2.2984326315353827e-4,7,3
11210,8,6.194977606022384e-5,7,3
11210,12,4.555526771878937e-5,7,3
11210,6,6.436972991993938e-5,7,3
11210,7,4.025798718465744e-5,7,3
11210,19,2.603968613498312e-5,7,3
11210,17,1.6561387844301352e-5,7,3
11218,11,8.170139339003047e-7,8,2
11218,10,2.652104366150428e-5,8,2
11218,5,0,8,2
11218,2,0,8,2
11218,3,5.307824691084603e-5,8,2
11218,13,9.170757931519736e-6,8,2
11218,9,7.110866436136964e-6,8,2
11218,1,0,8,2
11218,4,3.695229311150133e-7,8,2
11218,8,1.6028963036561415e-5,8,2
11218,12,0,8,2
11218,6,5.118926141252322e-5,8,2
11218,7,4.410875117623336e-5,8,2
11218,19,2.4799701080936306e-6,8,2
11218,17,4.4283710974979705e-5,8,2
11244,11,2.7506135774643594e-4,5,1
11244,10,3.256694259789805e-4,5,1
11244,5,0.00311145922885126,5,1
11244,2,0,5,1
11244,3,0,5,1
11244,13,1.423048644546166e-4,5,1
11244,9,4.973018849530626e-4,5,1
11244,1,0,5,1
11244,4,0,5,1
11244,8,6.439744203742849e-4,5,1
11244,12,1.334927994346614e-4,5,1
11244,6,0.00121199005763543,5,1
11244,7,6.41327239324282e-4,5,1
11244,19,1.6285137043148173e-4,5,1
11244,17,9.000754263207257e-5,5,1
11263,11,1.0348843162737194e-5,5,1
11263,10,1.0788221150442418e-5,5,1
11263,5,7.975544322592158e-6,5,1
11263,2,3.454422351494383e-7,5,1
11263,3,5.162119699564634e-5,5,1
11263,13,0,5,1
11263,9,1.101037383659917e-5,5,1
11263,1,0,5,1
11263,4,1.4263585141039513e-4,5,1
11263,8,7.364658692474164e-6,5,1
11263,12,2.266431229790516e-7,5,1
11263,6,2.2682666733692925e-5,5,1
11263,7,2.1354236680557425e-5,5,1
11263,19,0,5,1
11263,17,0,5,1
11275,11,6.862917044762559e-5,7,3
11275,10,9.214938899336232e-5,7,3
11275,5,4.5593528377485174e-4,7,3
11275,2,0,7,3
11275,3,2.726764841302286e-5,7,3
11275,13,2.4349943473345507e-5,7,3
11275,9,1.2524300239131556e-4,7,3
11275,1,0,7,3
11275,4,7.386763392989115e-4,7,3
11275,8,1.0223879126022956e-4,7,3
11275,12,6.459329004902971e-5,7,3
11275,6,2.4337888360205653e-4,7,3
11275,7,1.0046993323475376e-4,7,3
11275,19,4.835941710782579e-5,7,3
11275,17,1.0548883996478904e-4,7,3
11332,11,9.17778985748009e-5,7,3
11332,10,4.877174978429177e-5,7,3
11332,5,3.3397591850854665e-4,7,3
11332,2,3.9207693689461246e-5,7,3
11332,3,2.545674351841753e-4,7,3
11332,13,4.99648190751765e-5,7,3
11332,9,7.133804714963213e-5,7,3
11332,1,2.855574738672078e-7,7,3
11332,4,0.00105092321609109,7,3
11332,8,9.682360104517503e-5,7,3
11332,12,4.2382263997082646e-5,7,3
11332,6,2.329571178054949e-4,7,3
11332,7,8.331652999955191e-5,7,3
11332,19,3.389292481061295e-5,7,3
11332,17,4.9324133362375766e-5,7,3
11343,11,3.2680557356012185e-5,7,3
11343,10,6.877490983407042e-5,7,3
11343,5,1.880899202744651e-4,7,3
11343,2,0,7,3
11343,3,0,7,3
11343,13,3.1939536244258396e-5,7,3
11343,9,1.1239756624861652e-4,7,3
11343,1,0,7,3
11343,4,1.9030430952423185e-4,7,3
11343,8,1.2823170429249132e-4,7,3
11343,12,4.442205210389411e-5,7,3
11343,6,1.9586789247067268e-4,7,3
11343,7,1.5368049020925752e-4,7,3
11343,19,4.918607381052367e-5,7,3
11343,17,2.2681900743282288e-5,7,3
11554,11,1.440667903444204e-4,3,4
11554,10,2.2138328819137044e-4,3,4
11554,5,6.739334952590374e-4,3,4
11554,2,0,3,4
11554,3,2.081499878856707e-7,3,4
11554,13,1.7930412921281694e-4,3,4
11554,9,2.2227192182634577e-4,3,4
11554,1,0,3,4
11554,4,0.00161851043828375,3,4
11554,8,2.315535335957318e-4,3,4
11554,12,1.858473608428223e-4,3,4
11554,6,5.446905241320585e-4,3,4
11554,7,2.779551463010261e-4,3,4
11554,19,1.7070460910711158e-4,3,4
11554,17,1.8289532662837143e-4,3,4
11587,11,1.4433912832238716e-5,7,3
11587,10,8.99018429203535e-6,7,3
11587,5,0,7,3
11587,2,0,7,3
11587,3,5.953089653530182e-5,7,3
11587,13,0,7,3
11587,9,6.422718071349517e-6,7,3
11587,1,0,7,3
11587,4,2.926621614430905e-4,7,3
11587,8,1.1480203255915608e-5,7,3
11587,12,7.479223058308703e-6,7,3
11587,6,1.7165261311983834e-5,7,3
11587,7,1.4702917058744457e-5,7,3
11587,19,9.506552081025585e-6,7,3
11587,17,1.0800905115848709e-5,7,3
11701,11,1.1165857096637498e-5,7,3
11701,10,0,7,3
11701,5,1.9938860806480395e-5,7,3
11701,2,5.31981042130135e-5,7,3
11701,3,7.077099588112804e-5,7,3
11701,13,0,7,3
11701,9,1.2386670566174068e-5,7,3
11701,1,0,7,3
11701,4,0,7,3
11701,8,5.631797823656713e-6,7,3
11701,12,1.3371944255764045e-5,7,3
11701,6,3.586313524110908e-5,7,3
11701,7,2.34546534032352e-5,7,3
11701,19,9.919880432374522e-6,7,3
11701,17,1.1520965456905287e-5,7,3
11702,11,0,5,1
11702,10,1.393478565265479e-5,5,1
11702,5,2.3162309970194727e-4,5,1
11702,2,1.4491301764518936e-4,5,1
11702,3,7.972144536021188e-5,5,1
11702,13,0,5,1
11702,9,5.069359620600868e-5,5,1
11702,1,0,5,1
11702,4,3.695229311150133e-7,5,1
11702,8,6.693175105807401e-5,5,1
11702,12,2.8557033495360505e-5,5,1
11702,6,9.379589216905451e-5,5,1
11702,7,7.666521037773894e-5,5,1
11702,19,5.786596918885137e-6,5,1
11702,17,0,5,1
11746,11,2.2331714193274995e-5,7,3
11746,10,6.742638219026512e-6,7,3
11746,5,5.21733524436237e-5,7,3
11746,2,0,7,3
11746,3,0,7,3
11746,13,1.17006221884907e-5,7,3
11746,9,6.193335283087033e-6,7,3
11746,1,0,7,3
11746,4,7.50131550163477e-5,7,3
11746,8,6.498228258065438e-6,7,3
11746,12,2.243766917492611e-5,7,3
11746,6,2.605441449140403e-5,7,3
11746,7,9.801944705829637e-6,7,3
11746,19,1.1986522189119214e-5,7,3
11746,17,3.600301705282903e-7,7,3
11758,11,4.2212386584849075e-5,3,4
11758,10,4.292812999446879e-5,3,4
11758,5,7.543535671785083e-5,3,4
11758,2,0,3,4
11758,3,0,3,4
11758,13,2.65635746981951e-5,3,4
11758,9,2.110321652014841e-5,3,4
11758,1,0,3,4
11758,4,5.468939380502196e-5,3,4
11758,8,1.2563241298926517e-5,3,4
11758,12,2.402417103577947e-5,3,4
11758,6,1.440655860112929e-5,3,4
11758,7,1.5403055966303716e-5,3,4
11758,19,2.603968613498312e-5,3,4
11758,17,3.8883258417055346e-5,3,4
11792,11,1.6612616655972863e-5,7,3
11792,10,4.427665763827409e-5,7,3
11792,5,8.005452613801878e-4,7,3
11792,2,0,7,3
11792,3,0,7,3
11792,13,3.0990837147894286e-5,7,3
11792,9,6.422718071349516e-5,7,3
11792,1,0,7,3
11792,4,0,7,3
11792,8,8.534339778925943e-5,7,3
11792,12,9.74565428809922e-6,7,3
11792,6,1.992396402283838e-4,7,3
11792,7,8.751736344490747e-5,7,3
11792,19,3.141295470251932e-5,7,3
11792,17,1.7641478355886223e-5,7,3
11793,11,4.2212386584849075e-5,3,4
11793,10,2.0452669264380416e-5,3,4
11793,5,2.3959864402453945e-4,3,4
11793,2,0,3,4
11793,3,2.081499878856707e-7,3,4
11793,13,1.1384389156369328e-5,3,4
11793,9,3.9224456792884547e-5,3,4
11793,1,0,3,4
11793,4,7.549353482679722e-4,3,4
11793,8,4.0938838025812264e-5,3,4
11793,12,2.266431229790516e-7,3,4
11793,6,7.387192814621615e-5,3,4
11793,7,4.1308195545996325e-5,3,4
11793,19,3.9266193378149146e-5,3,4
11793,17,1.8721568867471093e-5,3,4
11795,11,3.3225233311945726e-5,5,1
11795,10,3.820828324115023e-5,5,1
11795,5,0,5,1
11795,2,0,5,1
11795,3,0,5,1
11795,13,1.391425341334029e-5,5,1
11795,9,3.9224456792884547e-5,5,1
11795,1,8.281166742149026e-6,5,1
11795,4,0,5,1
11795,8,3.660668585376864e-5,5,1
11795,12,3.422311156983679e-5,5,1
11795,6,6.069145963879999e-5,5,1
11795,7,5.776145987363893e-5,5,1
11795,19,1.087053564047708e-4,5,1
11795,17,4.8604073021319186e-5,5,1
11889,11,2.7233797796676824e-7,7,3
11889,10,4.6973712925884694e-5,7,3
11889,5,4.084143321860734e-4,7,3
11889,2,6.045239115115171e-5,7,3
11889,3,5.5159746789702734e-5,7,3
11889,13,3.794796385456443e-5,7,3
11889,9,4.817038553512137e-5,7,3
11889,1,2.855574738672078e-7,7,3
11889,4,9.796052903859002e-4,7,3
11889,8,5.588476301936277e-5,7,3
11889,12,2.2211026051947056e-5,7,3
11889,6,1.4988951395643029e-4,7,3
11889,7,6.09120849576556e-5,7,3
11889,19,2.231973097284267e-5,7,3
11889,17,4.7884012680262606e-5,7,3
11927,11,2.532743195090945e-4,7,3
11927,10,2.031781649999989e-4,7,3
11927,5,0.00166821802080885,7,3
11927,2,0,7,3
11927,3,5.349454688661737e-5,7,3
11927,13,3.029512447722727e-4,7,3
11927,9,3.638011021842976e-4,7,3
11927,1,0,7,3
11927,4,0.00276329247887806,7,3
11927,8,3.708322259269344e-4,7,3
11927,12,2.0760510064881123e-4,7,3
11927,6,7.07760506595905e-4,7,3
11927,7,3.5427028722498545e-4,7,3
11927,19,3.302493527278018e-4,7,3
11927,17,2.1169774027063467e-4,7,3
11961,11,0,8,2
11961,10,5.618865182522093e-6,8,2
11961,5,3.057291990326994e-5,8,2
11961,2,5.147089303726631e-5,8,2
11961,3,5.640864671701677e-5,8,2
11961,13,1.233308825273344e-5,8,2
11961,9,6.881483647874482e-6,8,2
11961,1,0,8,2
11961,4,7.390458622300266e-7,8,2
11961,8,3.682329346237082e-6,8,2
11961,12,3.6262899676648256e-6,8,2
11961,6,1.6245693741698986e-5,8,2
11961,7,1.2252430882287048e-5,8,2
11961,19,5.3732685675362e-6,8,2
11961,17,6.480543069509225e-6,8,2
11990,11,0.00126146951394207,1,6
11990,10,0.0014514652539491,1,6
11990,5,4.652400854845426e-5,1,6
11990,2,5.786157438753092e-5,1,6
11990,3,0,1,6
11990,13,0.00122287313521333,1,6
11990,9,0.00163572866309976,1,6
11990,1,5.7111494773441555e-6,1,6
11990,4,0,1,6
11990,8,0.00136484454180234,1,6
11990,12,0.00153573380130605,1,6
11990,6,7.724367590392726e-4,1,6
11990,7,0.00142548281579065,1,6
11990,19,0.00111763986204752,1,6
11990,17,0.0010041241456034,1,6
12059,11,1.5141991574952314e-4,3,4
12059,10,1.3754981966814084e-4,3,4
12059,5,5.077763218717008e-4,3,4
12059,2,0,3,4
12059,3,6.119609643838718e-5,3,4
12059,13,1.328178734909755e-4,3,4
12059,9,1.0115780962375489e-4,3,4
12059,1,0,3,4
12059,4,2.871193174763653e-4,3,4
12059,8,1.0267200647743391e-4,3,4
12059,12,1.6091661731512663e-4,3,4
12059,6,1.744113158306929e-4,3,4
12059,7,6.826354348702782e-5,3,4
12059,19,1.9467765348535e-4,3,4
12059,17,1.926161412326353e-4,3,4
12098,11,2.8595487686510665e-5,5,1
12098,10,4.045582931415907e-5,5,1
12098,5,2.911073677746138e-4,5,1
12098,2,6.217960232689889e-5,5,1
12098,3,4.704189726216158e-5,5,1
12098,13,0,5,1
12098,9,6.76679225374324e-5,5,1
12098,1,0,5,1
12098,4,0,5,1
12098,8,8.20942836602267e-5,5,1
12098,12,1.4278516747680253e-5,5,1
12098,6,1.4682428872214744e-4,5,1
12098,7,7.596507147017968e-5,5,1
12098,19,1.901310416205117e-5,5,1
12098,17,0,5,1
12138,11,7.43755017827244e-4,3,4
12138,10,7.682112477544206e-4,3,4
12138,5,7.433871937349441e-4,3,4
12138,2,3.7635931519531304e-4,3,4
12138,3,4.949806711921249e-4,3,4
12138,13,7.817280554040273e-4,3,4
12138,9,8.200434680383758e-4,3,4
12138,1,2.855574738672078e-7,3,4
12138,4,0.00190193452644897,3,4
12138,8,5.893893030065353e-4,3,4
12138,12,0.00107995448099518,3,4
12138,6,4.410859112132989e-4,3,4
12138,7,6.266243222655375e-4,3,4
12138,19,0.00134703709704619,3,4
12138,17,0.00102896622736985,3,4
12139,11,2.7233797796676824e-7,8,2
12139,10,1.820512319137158e-5,8,2
12139,5,4.785326593555295e-5,8,2
12139,2,9.344212460792306e-5,8,2
12139,3,5.4743446813931395e-5,8,2
12139,13,0,8,2
12139,9,6.193335283087033e-5,8,2
12139,1,0,8,2
12139,4,3.695229311150133e-7,8,2
12139,8,4.05056228086079e-5,8,2
12139,12,7.705866181287755e-6,8,2
12139,6,1.1065463095761008e-4,8,2
12139,7,7.701527983151857e-5,8,2
12139,19,7.439910324280892e-6,8,2
12139,17,1.6921418014829642e-5,8,2
12194,11,8.95447271554734e-4,5,1
12194,10,0.00124356724219578,5,1
12194,5,0.00901003888410171,5,1
12194,2,0,5,1
12194,3,2.0919073782509905e-4,5,1
12194,13,6.394231909494107e-4,5,1
12194,9,0.00214587598419552,5,1
12194,1,5.711149477344156e-7,5,1
12194,4,0.00166617889639759,5,1
12194,8,0.00228152794140677,5,1
12194,12,7.177787704746564e-4,5,1
12194,6,0.00550115972796739,5,1
12194,7,0.00282225993637137,5,1
12194,19,9.32882088994554e-4,5,1
12194,17,5.306844713586998e-4,5,1
12201,11,8.714815294936584e-6,7,3
12201,10,2.06774238716813e-5,7,3
12201,5,5.117640940329968e-5,7,3
12201,2,0,7,3
12201,3,2.685134843725152e-5,7,3
12201,13,1.1384389156369328e-5,7,3
12201,9,7.867829637403158e-5,7,3
12201,1,0,7,3
12201,4,0,7,3
12201,8,4.375473693764062e-5,7,3
12201,12,3.5582970307711104e-5,7,3
12201,6,7.233931552907474e-5,7,3
12201,7,6.09120849576556e-5,7,3
12201,19,5.331935732401305e-5,7,3
12201,17,9.360784433735546e-6,7,3
12210,11,8.442477316969815e-6,8,2
12210,10,1.5957577118362742e-5,8,2
12210,5,1.392397112985881e-4,8,2
12210,2,1.4508573876276407e-5,8,2
12210,3,7.368509571152743e-5,8,2
12210,13,1.0119457027883848e-5,8,2
12210,9,3.2572355933272547e-5,8,2
12210,1,0,8,2
12210,4,1.4780917244600532e-6,8,2
12210,8,1.5812355427959234e-5,8,2
12210,12,1.3371944255764045e-5,8,2
12210,6,4.0460973092533325e-5,8,2
12210,7,1.3652708697405566e-5,8,2
12210,19,3.182628305386826e-5,8,2
12210,17,0,8,2
12269,11,7.794312929408906e-4,3,4
12269,10,8.823865882632695e-4,3,4
12269,5,0.00332580198252093,3,4
12269,2,0,3,4
12269,3,5.869829658375914e-5,3,4
12269,13,7.867877839179691e-4,3,4
12269,9,0.00100859611999013,3,4
12269,1,0,3,4
12269,4,0.00531743497874504,3,4
12269,8,8.68596510494747e-4,3,4
12269,12,7.912111423198691e-4,3,4
12269,6,0.00193385060030903,3,4
12269,7,9.588402339024062e-4,3,4
12269,19,0.00100728119223736,3,4
12269,17,8.665926204615947e-4,3,4
12279,11,4.210345139366237e-4,3,4
12279,10,4.1467225047013047e-4,3,4
12279,5,0.00107703079789671,3,4
12279,2,1.0829614071934891e-4,3,4
12279,3,6.098794645050152e-5,3,4
12279,13,3.576595593292697e-4,3,4
12279,9,3.8192234245703374e-4,3,4
12279,1,0,3,4
12279,4,0.00112593637110744,3,4
12279,8,3.1256477921294757e-4,3,4
12279,12,4.507931716053336e-4,3,4
12279,6,5.183295871172261e-4,3,4
12279,7,2.69553479410315e-4,3,4
12279,19,3.976218739976788e-4,3,4
12279,17,3.369882396144797e-4,3,4
12340,11,0.00146980806708664,2,9
12340,10,2.6386190897123747e-4,2,9
12340,5,1.00691247072726e-4,2,9
12340,2,4.698014398032361e-5,2,9
12340,3,2.662238345057728e-4,2,9
12340,13,0.00301939299069484,2,9
12340,9,4.335334698160923e-5,2,9
12340,1,0,2,9
12340,4,7.390458622300266e-7,2,9
12340,8,4.418795215484498e-5,2,9
12340,12,0.0026041294830293,2,9
12340,6,1.4713081124557572e-5,2,9
12340,7,1.6453264327642605e-5,2,9
12340,19,0.00596432810996518,2,9
12340,17,0.00543213521293084,2,9
12492,11,5.871606804963523e-4,5,1
12492,10,9.35428675586278e-4,5,1
12492,5,0.00593347266166179,5,1
12492,2,6.701579361899103e-5,5,1
12492,3,9.678974436683688e-5,5,1
12492,13,3.7853093944928016e-4,5,1
12492,9,0.00152424862800419,5,1
12492,1,0,5,1
12492,4,8.502722644956456e-4,5,1
12492,8,0.0017384926666411,5,1
12492,12,5.310248371399179e-4,5,1
12492,6,0.00359704181243089,5,1
12492,7,0.00196038894116592,5,1
12492,19,6.447922281043439e-4,5,1
12492,17,4.759598854383997e-4,5,1
12508,11,2.1787038237341455e-5,8,2
12508,10,4.495092146017674e-7,8,2
12508,5,0,8,2
12508,2,5.6307084329358446e-5,8,2
12508,3,5.0372297068332314e-5,8,2
12508,13,3.2572002308501134e-5,8,2
12508,9,5.04642134177462e-6,8,2
12508,1,2.855574738672078e-7,8,2
12508,4,7.390458622300266e-7,8,2
12508,8,6.2816206494632575e-6,8,2
12508,12,1.9038022330240335e-5,8,2
12508,6,2.605441449140403e-5,8,2
12508,7,1.7853542142761124e-5,8,2
12508,19,1.0415874453993247e-4,8,2
12508,17,5.868491779611131e-5,8,2
12528,11,2.8241448315153867e-4,5,1
12528,10,6.628013369303061e-4,5,1
12528,5,0.00473946721370039,5,1
12528,2,6.250777245029087e-4,5,1
12528,3,6.075898146382728e-4,5,1
12528,13,1.3471527168370373e-4,5,1
12528,9,9.402400490879168e-4,5,1
12528,1,2.855574738672078e-7,5,1
12528,4,2.9118406971863044e-4,5,1
12528,8,0.00114607085711414,5,1
12528,12,2.7378489255869433e-4,5,1
12528,6,0.00252114775519762,5,1
12528,7,0.0013645707308329901,5,1
12528,19,2.2030401126898417e-4,5,1
12528,17,2.3149939964969065e-4,5,1
12544,11,1.2445845593081308e-4,5,1
12544,10,1.8924337934734408e-4,5,1
12544,5,0.00102419281675954,5,1
12544,2,0,5,1
12544,3,0,5,1
12544,13,4.14265272078995e-5,5,1
12544,9,1.621736313015753e-4,5,1
12544,1,0,5,1
12544,4,0,5,1
12544,8,2.1162563360433112e-4,5,1
12544,12,7.887180679670996e-5,5,1
12544,6,5.272187402966463e-4,5,1
12544,7,3.5006945377962986e-4,5,1
12544,19,6.158592435099183e-5,5,1
12544,17,1.0188853825950616e-4,5,1
12553,11,1.6612616655972863e-5,7,3
12553,10,2.247546073008837e-7,7,3
12553,5,0,7,3
12553,2,4.889734838540299e-4,7,3
12553,3,4.052680264134008e-4,7,3
12553,13,6.324660642427405e-7,7,3
12553,9,1.009284268354924e-5,7,3
12553,1,0,7,3
12553,4,4.098009306065497e-4,7,3
12553,8,1.4296102167743964e-5,7,3
12553,12,9.065724919162064e-6,7,3
12553,6,1.3793513554272724e-5,7,3
12553,7,9.801944705829637e-6,7,3
12553,19,0,7,3
12553,17,0,7,3
12564,11,6.808449449169205e-5,5,1
12564,10,1.766571213384946e-4,5,1
12564,5,8.251365230415137e-4,5,1
12564,2,0,5,1
12564,3,6.411019626878658e-5,5,1
12564,13,5.8819343974574864e-5,5,1
12564,9,2.5025662199436863e-4,5,1
12564,1,0,5,1
12564,4,3.695229311150133e-7,5,1
12564,8,2.2007333033981615e-4,5,1
12564,12,5.643413762178385e-5,5,1
12564,6,5.103600015080908e-4,5,1
12564,7,3.2731493928395394e-4,5,1
12564,19,6.489255116178333e-5,5,1
12564,17,4.608386182762115e-5,5,1
12595,11,7.89780136103628e-6,5,1
12595,10,5.618865182522093e-6,5,1
12595,5,8.440784408076701e-5,5,1
12595,2,1.4508573876276407e-5,5,1
12595,3,1.4154199176225608e-5,5,1
12595,13,9.803223995762476e-6,5,1
12595,9,1.605679517837379e-5,5,1
12595,1,0,5,1
12595,4,3.695229311150133e-7,5,1
12595,8,9.530734778495976e-6,5,1
12595,12,5.212791828518187e-6,5,1
12595,6,3.433052262396767e-5,5,1
12595,7,1.7153403235201865e-5,5,1
12595,19,1.1159865486421335e-5,5,1
12595,17,1.5121267162188192e-5,5,1
12662,11,1.8137709332586763e-4,1,6
12662,10,9.192463438606145e-5,1,6
12662,5,5.5828810258145106e-5,1,6
12662,2,7.0815658205634855e-6,1,6
12662,3,8.221924521483992e-5,1,6
12662,13,3.6145435571472616e-4,1,6
12662,9,1.8924080031654825e-4,1,6
12662,1,0,1,6
12662,4,0,1,6
12662,8,1.2888152711829786e-4,1,6
12662,12,2.8262397435487735e-4,1,6
12662,6,1.77783063588404e-4,1,6
12662,7,2.0689104718376125e-4,1,6
12662,19,0.00108168029548017,1,6
12662,17,6.026905054643579e-4,1,6
12723,11,2.124236228140792e-5,5,1
12723,10,4.989552282079619e-5,5,1
12723,5,4.2336847779093375e-4,5,1
12723,2,3.9725857042185406e-5,5,1
12723,3,1.2239219287677437e-4,5,1
12723,13,1.6760350702432622e-5,5,1
12723,9,8.464224886885613e-5,5,1
12723,1,0,5,1
12723,4,7.390458622300266e-7,5,1
12723,8,1.0548790538926228e-4,5,1
12723,12,1.994459482215654e-5,5,1
12723,6,1.839135140569697e-4,5,1
12723,7,1.1867354483129452e-4,5,1
12723,19,2.066641756744692e-6,5,1
12723,17,2.772232313067835e-5,5,1
12794,11,4.136813885315209e-4,3,4
12794,10,3.117346403263257e-4,3,4
12794,5,8.630203585738265e-4,3,4
12794,2,0,3,4
12794,3,2.081499878856707e-7,3,4
12794,13,4.8099044185660414e-4,3,4
12794,9,3.688475235260722e-4,3,4
12794,1,0,3,4
12794,4,8.232970905242496e-4,3,4
12794,8,2.672937890150917e-4,3,4
12794,12,4.258624280776379e-4,3,4
12794,6,5.731971188108888e-4,3,4
12794,7,2.6885334050275576e-4,3,4
12794,19,4.459812911055046e-4,3,4
12794,17,6.491343974625073e-4,3,4
12799,11,4.493576636451676e-5,7,3
12799,10,3.8657792455752e-5,7,3
12799,5,3.392929480569414e-4,7,3
12799,2,0,7,3
12799,3,1.0927874363997712e-4,7,3
12799,13,2.846097289092332e-5,7,3
12799,9,1.3350078276876497e-4,7,3
12799,1,0,7,3
12799,4,7.002459544629501e-4,7,3
12799,8,8.620982822366816e-5,7,3
12799,12,2.81037472494024e-5,7,3
12799,6,1.6031127975299188e-4,7,3
12799,7,1.2287437827665008e-4,7,3
12799,19,6.158592435099183e-5,7,3
12799,17,1.108892925227134e-4,7,3
12815,11,6.198412378523645e-4,3,4
12815,10,4.593984173230063e-4,3,4
12815,5,0.0022790117901807,3,4
12815,2,0,3,4
12815,3,7.59747455782698e-5,3,4
12815,13,5.828174781996854e-4,3,4
12815,9,7.005350353536222e-4,3,4
12815,1,0,3,4
12815,4,0.00261326616884537,3,4
12815,8,5.348041856387855e-4,3,4
12815,12,6.568117703932916e-4,3,4
12815,6,0.00130639899485134,3,4
12815,7,6.60230989828382e-4,3,4
12815,19,9.262688353729708e-4,3,4
12815,17,7.171800996923542e-4,3,4
12832,11,2.668912184074329e-5,5,1
12832,10,3.506171873893786e-5,5,1
12832,5,1.804466902986476e-4,5,1
12832,2,0,5,1
12832,3,0,5,1
12832,13,5.692194578184664e-6,5,1
12832,9,6.353903234870771e-5,5,1
12832,1,0,5,1
12832,4,1.1750829209457422e-4,5,1
12832,8,8.469357496345288e-5,5,1
12832,12,4.1702334628145493e-5,5,1
12832,6,1.281264147930222e-4,5,1
12832,7,8.226632163821303e-5,5,1
12832,19,1.033320878372346e-5,5,1
12832,17,0,5,1
12856,11,2.941250162041097e-5,7,3
12856,10,1.4384294867256558e-5,7,3
12856,5,3.3563749024242e-5,7,3
12856,2,1.570034958754197e-4,7,3
12856,3,1.342567421862576e-4,7,3
12856,13,0,7,3
12856,9,2.8214082956285377e-5,7,3
12856,1,0,7,3
12856,4,3.950200133619492e-4,7,3
12856,8,1.9278077165594133e-5,7,3
12856,12,0,7,3
12856,6,9.25698020753414e-5,7,3
12856,7,6.371264058789264e-5,7,3
12856,19,0,7,3
12856,17,3.8883258417055346e-5,7,3
12878,11,0,7,3
12878,10,2.2475460730088373e-6,7,3
12878,5,8.906024493561243e-5,7,3
12878,2,0,7,3
12878,3,0,7,3
12878,13,9.170757931519736e-6,7,3
12878,9,2.1332599308410893e-5,7,3
12878,1,0,7,3
12878,4,2.538622536760141e-4,7,3
12878,8,1.3862886950539602e-5,7,3
12878,12,7.932509304266807e-6,7,3
12878,6,2.1763099163408077e-5,7,3
12878,7,1.2602500336066676e-5,7,3
12878,19,1.901310416205117e-5,7,3
12878,17,3.600301705282903e-7,7,3
13012,11,0.15220996822360472,1,6
13012,10,0.13521933914503798,1,6
13012,5,0.00982221514761901,1,6
13012,2,8.29061364358652e-6,1,6
13012,3,4.97478471046753e-5,1,6
13012,13,0.18665907707389576,1,6
13012,9,0.09653712273699544,1,6
13012,1,0.02638294056806519,1,6
13012,4,1.219425672679544e-5,1,6
13012,8,0.09275072818062824,1,6
13012,12,0.14058400946642996,1,6
13012,6,0.04408008452665106,1,6
13012,7,0.06090018259622709,1,6
13012,19,0.15983696676509393,1,6
13012,17,0.17757444073813386,1,6
13022,11,1.860068389513027e-4,5,1
13022,10,5.097434493584042e-4,5,1
13022,5,0.00385418179389266,5,1
13022,2,2.5217283165908997e-5,5,1
13022,3,0,5,1
13022,13,1.4103993232613112e-4,5,1
13022,9,7.337955396516823e-4,5,1
13022,1,0.01499947742982282,5,1
13022,4,3.695229311150133e-7,5,1
13022,8,8.536505855011964e-4,5,1
13022,12,2.5769323082718167e-4,5,1
13022,6,0.00181308072607829,5,1
13022,7,0.00104320697226329,5,1
13022,19,3.000763830793293e-4,5,1
13022,17,1.7677481372939052e-4,5,1
13047,11,4.618852106316389e-4,7,3
13047,10,4.207406248672543e-4,7,3
13047,5,0.00174431800622026,7,3
13047,2,1.4404941205731575e-4,7,3
13047,3,8.908819481506706e-5,7,3
13047,13,3.1054083754318557e-4,7,3
13047,9,4.869796594812508e-4,7,3
13047,1,1.4277873693360388e-5,7,3
13047,4,0.00203163707527034,7,3
13047,8,3.9747496178500264e-4,7,3
13047,12,5.375974877063104e-4,7,3
13047,6,0.00106148749863214,7,3
13047,7,5.800650849128467e-4,7,3
13047,19,5.265803196185476e-4,7,3
13047,17,6.10251139045452e-4,7,3
13065,11,5.174421581368597e-6,8,2
13065,10,4.719846753318558e-6,8,2
13065,5,0,8,2
13065,2,1.2954083818103937e-4,8,2
13065,3,1.1177654349460516e-4,8,2
13065,13,0,8,2
13065,9,5.04642134177462e-6,8,2
13065,1,0,8,2
13065,4,3.695229311150133e-7,8,2
13065,8,4.765367389247988e-6,8,2
13065,12,1.677159110044982e-5,8,2
13065,6,2.0230486546266663e-5,8,2
13065,7,1.1552291974727784e-5,8,2
13065,19,4.5466118648383225e-6,8,2
13065,17,0,8,2
13071,11,0.00786675483154806,1,6
13071,10,0.0060544396114712,1,6
13071,5,0.00364316218369074,1,6
13071,2,5.677343134681018e-4,1,6
13071,3,8.729810491925029e-4,1,6
13071,13,0.01098182450647882,1,6
13071,9,0.00666724012363732,1,6
13071,1,1.8532680053981785e-4,1,6
13071,4,1.7441482348628626e-4,1,6
13071,8,0.00569786314428037,1,6
13071,12,0.0126972276786554,1,6
13071,6,0.00595236088245382,1,6
13071,7,0.00567497591522158,1,6
13071,19,0.0453003739794923,1,6
13071,17,0.02898530896889159,1,6
13106,11,5.909734121878871e-4,5,1
13106,10,8.070937948174734e-4,5,1
13106,5,0.00701615280345367,5,1
13106,2,3.967404070691299e-4,5,1
13106,3,8.263554519061127e-4,5,1
13106,13,2.804986994916554e-4,5,1
13106,9,0.00125839397640798,5,1
13106,1,8.566724216016234e-7,5,1
13106,4,2.7196887730064975e-4,5,1
13106,8,0.00143979077437869,5,1
13106,12,3.1503394094088173e-4,5,1
13106,6,0.00309832966681308,5,1
13106,7,0.00181651039566249,5,1
13106,19,3.9266193378149146e-4,5,1
13106,17,3.290675758628573e-4,5,1
13122,11,5.471269977352374e-4,3,4
13122,10,5.19857406686944e-4,3,4
13122,5,0.00149873770395377,3,4
13122,2,4.905279739122024e-5,3,4
13122,3,1.3966864187128504e-4,3,4
13122,13,4.471535074196175e-4,3,4
13122,9,6.633750236551e-4,3,4
13122,1,0,3,4
13122,4,0.00163883419949508,3,4
13122,8,5.244070204258809e-4,3,4
13122,12,4.204229931261407e-4,3,4
13122,6,8.199477501706564e-4,3,4
13122,7,4.5754077608997623e-4,3,4
13122,19,6.191658703207098e-4,3,4
13122,17,3.629104118925166e-4,3,4
13137,11,3.025674935210795e-4,3,4
13137,10,2.508261417477862e-4,3,4
13137,5,9.70357892582046e-5,3,4
13137,2,0,3,4
13137,3,0,3,4
13137,13,2.378072401552704e-4,3,4
13137,9,2.2135439067329585e-4,3,4
13137,1,2.855574738672078e-7,3,4
13137,4,1.5815581451722569e-4,3,4
13137,8,1.3148081842152403e-4,3,4
13137,12,3.707881491937284e-4,3,4
13137,6,1.05137225535901e-4,3,4
13137,7,7.316451583994264e-5,3,4
13137,19,4.1828829156512567e-4,3,4
13137,17,3.078257958016882e-4,3,4
13217,11,2.399297585887228e-4,5,1
13217,10,3.2364663451327257e-4,5,1
13217,5,0.00241459604366477,5,1
13217,2,0,5,1
13217,3,5.078859704410365e-5,5,1
13217,13,6.704140280973049e-5,5,1
13217,9,4.993663300474249e-4,5,1
13217,1,0,5,1
13217,4,3.695229311150133e-7,5,1
13217,8,6.119164943011621e-4,5,1
13217,12,1.6658269538960294e-4,5,1
13217,6,0.00125122494063425,5,1
13217,7,7.901067571806247e-4,5,1
13217,19,1.0994534145881762e-4,5,1
13217,17,9.792820638369497e-5,5,1
13276,11,3.2816726344995573e-4,5,1
13276,10,4.913135715597318e-4,5,1
13276,5,0.0037827342093361,5,1
13276,2,0,5,1
13276,3,0,5,1
13276,13,1.9669694597949228e-4,5,1
13276,9,7.659091300084299e-4,5,1
13276,1,0,5,1
13276,4,0,5,1
13276,8,8.274410648603325e-4,5,1
13276,12,2.089649593866856e-4,5,1
13276,6,0.00217355121362995,5,1
13276,7,0.00115277871129632,5,1
13276,19,3.108229202144017e-4,5,1
13276,17,2.743429899425572e-4,5,1
13301,11,1.7701968567839936e-4,5,1
13301,10,1.5103509610619385e-4,5,1
13301,5,7.300946198639572e-4,5,1
13301,2,0,5,1
13301,3,0,5,1
13301,13,7.905825803034256e-5,5,1
13301,9,2.098852512601717e-4,5,1
13301,1,0,5,1
13301,4,0,5,1
13301,8,2.64044674886059e-4,5,1
13301,12,1.2306721577762502e-4,5,1
13301,6,2.82920289124305e-4,5,1
13301,7,3.5181980104852803e-4,5,1
13301,19,1.4755822143157102e-4,5,1
13301,17,1.3861161565339176e-4,5,1
13307,11,4.409151863281978e-4,7,3
13307,10,3.393794570243344e-4,7,3
13307,5,0.00157251148893775,7,3
13307,2,1.345497505907062e-4,7,3
13307,3,3.0452343227673623e-4,7,3
13307,13,3.367881792092593e-4,7,3
13307,9,3.9545592696452024e-4,7,3
13307,1,0,7,3
13307,4,0.00323812944536086,7,3
13307,8,3.181965770366043e-4,7,3
13307,12,5.18106179130112e-4,7,3
13307,6,8.208673177409413e-4,7,3
13307,7,4.365366088631985e-4,7,3
13307,19,5.09633857213241e-4,7,3
13307,17,4.96121574987984e-4,7,3
13355,11,3.1863543422111885e-5,5,1
13355,10,7.259573815818543e-5,5,1
13355,5,8.490631560092902e-4,5,1
13355,2,0,5,1
13355,3,4.4960397383304874e-5,5,1
13355,13,5.122975120366198e-5,5,1
13355,9,1.7570721580906177e-4,5,1
13355,1,0,5,1
13355,4,3.695229311150133e-7,5,1
13355,8,2.488821422839063e-4,5,1
13355,12,3.286325283196248e-5,5,1
13355,6,5.33349190765212e-4,5,1
13355,7,2.9930938298158356e-4,5,1
13355,19,3.306626810791507e-5,5,1
13355,17,7.344615478777121e-5,5,1
13377,11,3.349757128991249e-5,7,3
13377,10,6.585309993915893e-5,7,3
13377,5,4.436396529441888e-4,7,3
13377,2,1.3852233629492477e-4,7,3
13377,3,1.4091754179859907e-4,7,3
13377,13,4.4905090561234575e-5,7,3
13377,9,1.220316433556408e-4,7,3
13377,1,0,7,3
13377,4,7.25743036709886e-4,7,3
13377,8,1.0440486734625138e-4,7,3
13377,12,2.4477457281737574e-5,7,3
13377,6,3.074420909985676e-4,7,3
13377,7,1.498297262176816e-4,7,3
13377,19,6.613253621583014e-5,7,3
13377,17,6.336531001297909e-5,7,3
13406,11,3.812731691534755e-6,6,5
13406,10,4.495092146017674e-7,6,5
13406,5,8.507247277431636e-5,6,5
13406,2,9.931464260546352e-5,6,5
13406,3,0,6,5
13406,13,1.5495418573947143e-5,6,5
13406,9,1.0322225471811723e-5,6,5
13406,1,0,6,5
13406,4,0,6,5
13406,8,2.4260052163444305e-5,6,5
13406,12,1.9264665453219388e-5,6,5
13406,6,4.751099113138383e-5,6,5
13406,7,1.4002778151185195e-5,6,5
13406,19,2.8932984594425687e-6,6,5
13406,17,0,6,5
13482,11,3.739200437483728e-4,3,4
13482,10,2.5015187792588357e-4,3,4
13482,5,7.480395945897896e-4,3,4
13482,2,0,3,4
13482,3,2.726764841302286e-5,3,4
13482,13,3.74103676999581e-4,3,4
13482,9,2.4108131046386935e-4,3,4
13482,1,0,3,4
13482,4,0.00163624753897727,3,4
13482,8,2.1682421621078347e-4,3,4
13482,12,4.0161161391887945e-4,3,4
13482,6,3.984792804567676e-4,3,4
13482,7,1.9253819957879643e-4,3,4
13482,19,4.976473350241219e-4,3,4
13482,17,3.0206531307323554e-4,3,4
13536,11,3.812731691534755e-5,5,1
13536,10,6.720162758296423e-5,5,1
13536,5,2.897781103875151e-4,5,1
13536,2,3.454422351494383e-7,5,1
13536,3,4.641744729850456e-5,5,1
13536,13,4.047782811153539e-5,5,1
13536,9,4.885853389990882e-5,5,1
13536,1,0,5,1
13536,4,6.304061204822127e-4,5,1
13536,8,8.296071409463543e-5,5,1
13536,12,1.1558799271931633e-5,5,1
13536,6,1.2536771208216765e-4,5,1
13536,7,6.3362571134113e-5,5,1
13536,19,3.719955162140446e-5,5,1
13536,17,3.924328858758363e-5,5,1
13543,11,1.0675648736297314e-4,8,2
13543,10,1.0878122993362772e-4,8,2
13543,5,2.096903528148188e-4,8,2
13543,2,1.2470464688894725e-4,8,2
13543,3,1.0615649382169208e-4,8,2
13543,13,1.2997177620188317e-4,8,2
13543,9,9.060620136368069e-5,8,2
13543,1,0,8,2
13543,4,3.695229311150133e-7,8,2
13543,8,6.801478910108492e-5,8,2
13543,12,7.547215995202419e-5,8,2
13543,6,1.05137225535901e-4,8,2
13543,7,6.161222386521486e-5,8,2
13543,19,1.2813178891817091e-4,8,2
13543,17,4.5723831657092865e-5,8,2
13611,11,1.2881586357828137e-4,7,3
13611,10,1.905919069911494e-4,7,3
13611,5,9.161906540577742e-4,7,3
13611,2,1.3852233629492477e-4,7,3
13611,3,2.6976238429982926e-4,7,3
13611,13,2.0017550933282735e-4,7,3
13611,9,1.874057380104484e-4,7,3
13611,1,0,7,3
13611,4,0.00271229831438419,7,3
13611,8,2.265715585978816e-4,7,3
13611,12,1.906068664253824e-4,7,3
13611,6,4.738838212201252e-4,7,3
13611,7,2.7445445176322984e-4,7,3
13611,19,1.3267840078300922e-4,7,3
13611,17,1.6057345605561746e-4,7,3
13615,11,8.20281989635906e-4,3,4
13615,10,8.763182138661456e-4,3,4
13615,5,0.00439452492174828,3,4
13615,2,1.6684859957717872e-4,3,4
13615,3,2.2771608674692376e-4,3,4
13615,13,8.724869356228604e-4,3,4
13615,9,0.00122261026143903,3,4
13615,1,0,3,4
13615,4,0.00461903663893766,3,4
13615,8,0.00121733476034425,3,4
13615,12,9.342229529196508e-4,3,4
13615,6,0.00236635388086634,3,4
13615,7,0.00136317045301787,3,4
13615,19,0.00151650172109925,3,4
13615,17,0.00131483018276931,3,4
13671,11,4.313833570993609e-4,5,1
13671,10,6.023423475663683e-4,5,1
13671,5,0.00535424875523353,5,1
13671,2,4.525293280457642e-5,5,1
13671,3,5.391084686238871e-5,5,1
13671,13,1.4578342780795169e-4,5,1
13671,9,0.00107764033925714,5,1
13671,1,0,5,1
13671,4,0,5,1
13671,8,0.00128643258748835,5,1
13671,12,3.5696291869200626e-4,5,1
13671,6,0.00293311402668523,5,1
13671,7,0.00143913552448805,5,1
13671,19,2.5089030926880564e-4,5,1
13671,17,2.1313786095274783e-4,5,1
13680,11,0.00317137575342301,2,9
13680,10,0.00153507396786503,2,9
13680,5,0.00120497182140496,2,9
13680,2,1.7272111757471916e-7,2,9
13680,3,5.661679670490243e-5,2,9
13680,13,0.00308769932563305,2,9
13680,9,9.182193014147184e-4,2,9
13680,1,0,2,9
13680,4,0.00201870377268131,2,9
13680,8,3.491714650667162e-4,2,9
13680,12,0.00337154309743637,2,9
13680,6,5.217013348749373e-4,2,9
13680,7,3.1541257785544654e-4,2,9
13680,19,0.00505541906534886,2,9
13680,17,0.00361902327415037,2,9
13712,11,7.625463383069511e-6,5,1
13712,10,1.2586258008849489e-5,5,1
13712,5,3.821614987908743e-5,5,1
13712,2,3.350789680949552e-5,5,1
13712,3,2.2896498667423776e-5,5,1
13712,13,3.1623303212137025e-7,5,1
13712,9,2.6379020650185513e-5,5,1
13712,1,0,5,1
13712,4,3.695229311150133e-7,5,1
13712,8,9.963949995700338e-6,5,1
13712,12,0,5,1
13712,6,5.33349190765212e-5,5,1
13712,7,2.730541739481113e-5,5,1
13712,19,0,5,1
13712,17,0,5,1
13770,11,1.9444931626827252e-4,5,1
13770,10,1.2091797872787545e-4,5,1
13770,5,1.8244057637929563e-4,5,1
13770,2,1.7272111757471916e-7,5,1
13770,3,1.1614769324020424e-4,5,1
13770,13,4.364015843274909e-5,5,1
13770,9,9.634077107024277e-6,5,1
13770,1,0,5,1
13770,4,4.630122326871116e-4,5,1
13770,8,1.03971652129047e-5,5,1
13770,12,8.52178142401234e-5,5,1
13770,6,3.770227038167878e-5,5,1
13770,7,1.0852153067168526e-5,5,1
13770,19,0,5,1
13770,17,0,5,1
13796,11,1.552326474410579e-5,7,3
13796,10,2.7420062090707814e-5,7,3
13796,5,2.4092790141163811e-4,7,3
13796,2,0,7,3
13796,3,0,7,3
13796,13,2.118761315213181e-5,7,3
13796,9,5.849261100693309e-5,7,3
13796,1,0,7,3
13796,4,7.009850003251802e-4,7,3
13796,8,6.541549779785874e-5,7,3
13796,12,2.6290602265569987e-5,7,3
13796,6,1.226090093713131e-4,7,3
13796,7,6.161222386521486e-5,7,3
13796,19,1.1986522189119214e-5,7,3
13796,17,1.7281448185357932e-5,7,3
13829,11,9.450127835446858e-5,5,1
13829,10,1.0585942003871624e-4,5,1
13829,5,0.00140868051597784,5,1
13829,2,0,5,1
13829,3,0,5,1
13829,13,2.308501134486003e-5,5,1
13829,9,1.9015833146959817e-4,5,1
13829,1,0,5,1
13829,4,0,5,1
13829,8,2.0317793686884603e-4,5,1
13829,12,4.532862459581032e-5,5,1
13829,6,6.151907045205636e-4,5,1
13829,7,2.6080174306582427e-4,5,1
13829,19,3.8439536675451274e-5,5,1
13829,17,2.376199125486716e-5,5,1
13844,11,1.4188808652068624e-4,5,1
13844,10,9.731874496128264e-5,5,1
13844,5,4.19048391282863e-4,5,1
13844,2,1.7272111757471916e-7,5,1
13844,3,5.224564695930335e-5,5,1
13844,13,1.337665725873396e-4,5,1
13844,9,9.863459895286756e-5,5,1
13844,1,0,5,1
13844,4,2.812069505785251e-4,5,1
13844,8,9.83398543053903e-5,5,1
13844,12,8.499117111714435e-5,5,1
13844,6,2.3019841509464036e-4,5,1
13844,7,7.911569655419635e-5,5,1
13844,19,1.430116095667327e-4,5,1
13844,17,1.3393122343652398e-4,5,1
13964,11,1.4433912832238716e-5,3,4
13964,10,1.9328896227876e-5,3,4
13964,5,1.2627945177437585e-5,3,4
13964,2,0,3,4
13964,3,2.081499878856707e-7,3,4
13964,13,6.324660642427405e-6,3,4
13964,9,3.394865266284744e-5,3,4
13964,1,0,3,4
13964,4,0,3,4
13964,8,2.815898911828357e-5,3,4
13964,12,4.306219336601981e-6,3,4
13964,6,4.107401813938989e-5,3,4
13964,7,4.620916789891114e-5,3,4
13964,19,8.266567026978768e-6,3,4
13964,17,2.1241780061169127e-5,3,4
14010,11,1.6612616655972863e-5,3,4
14010,10,1.2361503401548605e-5,3,4
14010,5,1.4688294127440557e-4,3,4
14010,2,0,3,4
14010,3,4.162999757713414e-7,3,4
14010,13,1.233308825273344e-5,3,4
14010,9,2.362642719103572e-5,3,4
14010,1,0,3,4
14010,4,4.231037561266902e-4,3,4
14010,8,3.032506520430538e-5,3,4
14010,12,2.81037472494024e-5,3,4
14010,6,7.29523605759313e-5,3,4
14010,7,1.9253819957879643e-5,3,4
14010,19,2.1906402621493735e-5,3,4
14010,17,0,3,4
14029,11,3.948900680518139e-5,3,4
14029,10,1.887938701327423e-5,3,4
14029,5,4.984715201620099e-6,3,4
14029,2,1.5372179464150004e-5,3,4
14029,3,2.081499878856707e-7,3,4
14029,13,6.609270371336638e-5,3,4
14029,9,1.6515560754898757e-5,3,4
14029,1,0,3,4
14029,4,0,3,4
14029,8,1.03971652129047e-5,3,4
14029,12,1.994459482215654e-5,3,4
14029,6,2.5134846921119187e-5,3,4
14029,7,1.5753125420083346e-5,3,4
14029,19,1.1201198321556232e-4,3,4
14029,17,8.640724092678967e-5,3,4
14032,11,0,8,2
14032,10,1.4159540259955674e-5,8,2
14032,5,5.881963937911717e-5,8,2
14032,2,7.150654267593373e-5,8,2
14032,3,2.664319844936585e-5,8,2
14032,13,6.008427610306035e-6,8,2
14032,9,2.959037968586027e-5,8,2
14032,1,0,8,2
14032,4,7.390458622300266e-7,8,2
14032,8,1.2779848907528696e-5,8,2
14032,12,8.839081796183013e-6,8,2
14032,6,3.7089225334822216e-5,8,2
14032,7,1.4352847604964823e-5,8,2
14032,19,0,8,2
14032,17,0,8,2
14073,11,0,5,1
14073,10,5.394110575221209e-6,5,1
14073,5,1.0999604878241684e-4,5,1
14073,2,1.7272111757471916e-7,5,1
14073,3,7.368509571152743e-5,5,1
14073,13,2.1503846184253174e-5,5,1
14073,9,2.2938278826248273e-5,5,1
14073,1,0,5,1
14073,4,2.1469282297782271e-4,5,1
14073,8,2.4043444554842123e-5,5,1
14073,12,0,5,1
14073,6,3.525009019425252e-5,5,1
14073,7,3.115618138638706e-5,5,1
14073,19,1.9839760864749044e-5,5,1
14073,17,1.404117665060332e-5,5,1
14078,11,7.89780136103628e-6,6,5
14078,10,2.854383512721223e-5,6,5
14078,5,9.470958883078188e-5,6,5
14078,2,9.931464260546352e-5,6,5
14078,3,2.4103768597160668e-4,6,5
14078,13,7.494722861276475e-5,6,5
14078,9,6.629162580785751e-5,6,5
14078,1,0,6,5
14078,4,0,6,5
14078,8,6.519889018925657e-5,6,5
14078,12,3.580961343069015e-5,6,5
14078,6,1.1371985619189292e-4,6,5
14078,7,7.281444638616302e-5,6,5
14078,19,3.678622327005552e-4,6,5
14078,17,2.0485716703059717e-4,6,5
14081,11,1.3153924335794904e-4,5,1
14081,10,1.9418798070796353e-4,5,1
14081,5,0.00174697652099445,5,1
14081,2,0,5,1
14081,3,0,5,1
14081,13,6.514400461700227e-5,5,1
14081,9,3.532494939242234e-4,5,1
14081,1,0,5,1
14081,4,0,5,1
14081,8,3.3595840094198314e-4,5,1
14081,12,9.269703729843212e-5,5,1
14081,6,7.712106689455595e-4,5,1
14081,7,4.802952905856522e-4,5,1
14081,19,1.0539872959397928e-4,5,1
14081,17,5.508461609082841e-5,5,1
14088,11,6.12215774469295e-4,8,2
14088,10,5.938016724889348e-4,8,2
14088,5,0.00158912720627648,8,2
14088,2,0,8,2
14088,3,0,8,2
14088,13,4.335554870383986e-4,8,2
14088,9,7.737081448093542e-4,8,2
14088,1,2.855574738672078e-7,8,2
14088,4,3.695229311150133e-7,8,2
14088,8,7.524948322839778e-4,8,2
14088,12,5.983378446646963e-4,8,2
14088,6,0.00119942263417487,8,2
14088,7,7.83105368105032e-4,8,2
14088,19,2.3311719016080127e-4,8,2
14088,17,2.073773782242952e-4,8,2
14135,11,1.3072222942404876e-5,5,1
14135,10,2.2924969944690137e-5,5,1
14135,5,1.392397112985881e-4,5,1
14135,2,0,5,1
14135,3,5.9739046523187495e-5,5,1
14135,13,0,5,1
14135,9,3.4407418239372407e-5,5,1
14135,1,0,5,1
14135,4,1.1085687933450398e-6,5,1
14135,8,2.361022933763776e-5,5,1
14135,12,1.1105513025973528e-5,5,1
14135,6,6.283711730279796e-5,5,1
14135,7,4.620916789891114e-5,5,1
14135,19,3.3066268107915073e-6,5,1
14135,17,0,5,1
14141,11,1.1792234445961064e-4,7,3
14141,10,1.2226650637168075e-4,7,3
14141,5,3.605610662505205e-4,7,3
14141,2,1.314407704743613e-4,7,3
14141,3,1.2239219287677437e-4,7,3
14141,13,1.1827115401339249e-4,7,3
14141,9,1.3258325161571503e-4,7,3
14141,1,0,7,3
14141,4,0.00157712386999887,7,3
14141,8,7.472962496775254e-5,7,3
14141,12,1.198942120559183e-4,7,3
14141,6,2.587050097734707e-4,7,3
14141,7,1.3057590625980195e-4,7,3
14141,19,1.7235792251250732e-4,7,3
14141,17,1.4221191735867464e-4,7,3
14144,11,1.4433912832238716e-5,7,3
14144,10,2.3374479159291905e-5,7,3
14144,5,1.030174475001487e-4,7,3
14144,2,3.368061792707023e-5,7,3
14144,3,1.1469064332500456e-4,7,3
14144,13,3.4785633533350726e-5,7,3
14144,9,4.90879166881713e-5,7,3
14144,1,0,7,3
14144,4,0,7,3
14144,8,1.8411646731185407e-5,7,3
14144,12,3.059682160217197e-5,7,3
14144,6,6.038493711537171e-5,7,3
14144,7,3.605715373930188e-5,7,3
14144,19,1.529314899991072e-5,7,3
14144,17,4.356365063392313e-5,7,3
14159,11,2.1405765068187985e-4,5,1
14159,10,2.825165413772108e-4,5,1
14159,5,0.00282865971974601,5,1
14159,2,6.062511226872642e-5,5,1
14159,3,6.119609643838718e-5,5,1
14159,13,1.445184956794662e-4,5,1
14159,9,6.883777475757106e-4,5,1
14159,1,0,5,1
14159,4,0,5,1
14159,8,6.587037377592333e-4,5,1
14159,12,2.19617186166701e-4,5,1
14159,6,0.00157981708574936,5,1
14159,7,7.988584935251154e-4,5,1
14159,19,1.5995807197203917e-4,5,1
14159,17,1.22770288150147e-4,5,1
14260,11,2.451041801700914e-5,5,1
14260,10,4.202911156526525e-5,5,1
14260,5,5.523064443395069e-4,5,1
14260,2,2.8326263282253945e-5,5,1
14260,3,0,5,1
14260,13,1.770904979879673e-5,5,1
14260,9,6.950298484353226e-5,5,1
14260,1,0,5,1
14260,4,1.056835582988938e-4,5,1
14260,8,7.06140804043111e-5,5,1
14260,12,9.97229741107827e-6,5,1
14260,6,1.9004396452553532e-4,5,1
14260,7,1.2112403100775194e-4,5,1
14260,19,9.506552081025585e-6,5,1
14260,17,3.1322624835961254e-5,5,1
14269,11,0.00992862566273447,1,6
14269,10,0.01119749929033732,1,6
14269,5,5.376846130814213e-4,1,6
14269,2,3.454422351494383e-7,1,6
14269,3,4.162999757713414e-5,1,6
14269,13,0.01026334305749907,1,6
14269,9,0.01542851572132285,1,6
14269,1,1.3763870240399414e-4,1,6
14269,4,1.1085687933450398e-6,1,6
14269,8,0.01148258593961023,1,6
14269,12,0.01125373762840182,1,6
14269,6,0.00511371525835404,1,6
14269,7,0.00945572601604158,1,6
14269,19,0.01244531665911653,1,6
14269,17,0.01005672275336673,1,6
14277,11,1.5250926766139022e-5,7,3
14277,10,2.966760816371665e-5,7,3
14277,5,3.921309291941144e-5,7,3
14277,2,4.100399331223833e-4,7,3
14277,3,2.7767208383948475e-4,7,3
14277,13,0,7,3
14277,9,3.073729362717269e-5,7,3
14277,1,0,7,3
14277,4,1.6369865848395087e-4,7,3
14277,8,2.9891849987101017e-5,7,3
14277,12,0,7,3
14277,6,4.505881094395757e-5,7,3
14277,7,5.321055697450374e-5,7,3
14277,19,2.7279671189029937e-5,7,3
14277,17,0,7,3
14398,11,1.23369104018946e-4,5,1
14398,10,2.166634414380519e-4,5,1
14398,5,0.00134288227531645,5,1
14398,2,2.9638943775821806e-4,5,1
14398,3,5.661679670490243e-5,5,1
14398,13,4.3956391464870465e-5,5,1
14398,9,3.266410904857754e-4,5,1
14398,1,0,5,1
14398,4,3.695229311150133e-7,5,1
14398,8,3.864279737462914e-4,5,1
14398,12,1.452782418295721e-4,5,1
14398,6,7.730498040861291e-4,5,1
14398,7,3.875268853340503e-4,5,1
14398,19,8.969225224271964e-5,5,1
14398,17,6.336531001297909e-5,5,1
14442,11,5.936967919675547e-5,7,3
14442,10,8.315920470132697e-5,7,3
14442,5,7.722985419043407e-4,7,3
14442,2,0,7,3
14442,3,4.97478471046753e-5,7,3
14442,13,6.0084276103060346e-5,7,3
14442,9,1.0299287192985474e-4,7,3
14442,1,2.855574738672078e-7,7,3
14442,4,6.459260835890432e-4,7,3
14442,8,1.6007302275701196e-4,7,3
14442,12,4.532862459581032e-5,7,3
14442,6,3.092812261391373e-4,7,3
14442,7,1.7783528252005197e-4,7,3
14442,19,4.505279029703429e-5,7,3
14442,17,1.8721568867471093e-5,7,3
14469,11,3.812731691534755e-5,5,1
14469,10,1.7306104762168047e-5,5,1
14469,5,2.758209078229788e-5,5,1
14469,2,0,5,1
14469,3,0,5,1
14469,13,8.222058835155627e-6,5,1
14469,9,3.348988708632248e-5,5,1
14469,1,0,5,1
14469,4,0,5,1
14469,8,3.1841318464520646e-5,5,1
14469,12,1.2238728640868787e-5,5,1
14469,6,7.632410833364241e-5,5,1
14469,7,4.1308195545996325e-5,5,1
14469,19,4.959940216187261e-6,5,1
14469,17,1.368114648007503e-5,5,1
14485,11,8.442477316969815e-6,3,4
14485,10,8.315920470132697e-6,3,4
14485,5,3.588994945166471e-5,3,4
14485,2,1.4024954747067196e-4,3,4
14485,3,2.081499878856707e-7,3,4
14485,13,0,3,4
14485,9,1.0780991048336688e-5,3,4
14485,1,0,3,4
14485,4,0,3,4
14485,8,1.4512709776346146e-5,3,4
14485,12,9.74565428809922e-6,3,4
14485,6,8.582630655991917e-6,3,4
14485,7,1.1202222520948156e-5,3,4
14485,19,3.719955162140446e-6,3,4
14485,17,1.188099562743358e-5,3,4
14516,11,1.252754698647134e-5,8,2
14516,10,1.0563466543141534e-5,8,2
14516,5,4.8517894629102295e-5,8,2
14516,2,2.487184093075956e-5,8,2
14516,3,6.369389629301523e-5,8,2
14516,13,2.846097289092332e-6,8,2
14516,9,1.3992350084011448e-5,8,2
14516,1,0,8,2
14516,4,3.695229311150133e-7,8,2
14516,8,1.3213064124733058e-5,8,2
14516,12,7.479223058308703e-6,8,2
14516,6,2.3602234303977772e-5,8,2
14516,7,1.1552291974727784e-5,8,2
14516,19,3.0172969648472503e-5,8,2
14516,17,1.368114648007503e-5,8,2
14699,11,4.929317401198505e-5,3,4
14699,10,1.4114589338495498e-4,3,4
14699,5,5.586204169282258e-4,3,4
14699,2,5.665252656450789e-5,3,4
14699,3,2.081499878856707e-7,3,4
14699,13,2.466617650546688e-5,3,4
14699,9,8.326595213928123e-5,3,4
14699,1,0,3,4
14699,4,1.914128783175769e-4,3,4
14699,8,1.6505499775486214e-4,3,4
14699,12,8.748424546991392e-5,3,4
14699,6,2.6207675753118175e-4,3,4
14699,7,1.6943361562934086e-4,3,4
14699,19,5.8692625891549255e-5,3,4
14699,17,1.5481297332716482e-5,3,4
14708,11,1.388923687630518e-5,7,3
14708,10,1.5957577118362742e-5,7,3
14708,5,1.0899910574209283e-4,7,3
14708,2,0,7,3
14708,3,0,7,3
14708,13,1.423048644546166e-5,7,3
14708,9,1.4909881237061377e-5,7,3
14708,1,0,7,3
14708,4,2.8748884040748034e-4,7,3
14708,8,7.581266301076345e-6,7,3
14708,12,3.6262899676648256e-6,7,3
14708,6,2.1763099163408077e-5,7,3
14708,7,1.0502083613388896e-5,7,3
14708,19,9.093223729676643e-6,7,3
14708,17,0,7,3
14919,11,8.987153272903352e-6,5,1
14919,10,6.720162758296423e-5,5,1
14919,5,4.5759685550872506e-4,5,1
14919,2,0,5,1
14919,3,3.9257087715237495e-4,5,1
14919,13,3.1623303212137025e-7,5,1
14919,9,8.76242251162684e-5,5,1
14919,1,0,5,1
14919,4,2.2171375866900795e-6,5,1
14919,8,1.204338303828128e-4,5,1
14919,12,3.739611529154352e-5,5,1
14919,6,2.0598313574380603e-4,5,1
14919,7,1.4562889277232603e-4,5,1
14919,19,4.959940216187261e-6,5,1
14919,17,1.5121267162188192e-5,5,1
14980,11,4.2212386584849075e-5,3,4
14980,10,1.2811012616150373e-5,3,4
14980,5,3.0373531295205134e-4,3,4
14980,2,0,3,4
14980,3,4.162999757713414e-7,3,4
14980,13,9.803223995762476e-6,3,4
14980,9,4.4270878134659167e-5,3,4
14980,1,0,3,4
14980,4,1.9289097004203696e-4,3,4
14980,8,8.44769673548507e-5,3,4
14980,12,1.563837548555456e-5,3,4
14980,6,1.6276345994041815e-4,3,4
14980,7,1.0117007214231303e-4,3,4
14980,19,4.133283513489384e-6,3,4
14980,17,0,3,4
15067,11,0,8,2
15067,10,0,8,2
15067,5,1.1631002137113565e-5,8,2
15067,2,1.7272111757471915e-5,8,2
15067,3,1.1677214320386128e-4,8,2
15067,13,8.222058835155627e-6,8,2
15067,9,2.3855809979298203e-5,8,2
15067,1,0,8,2
15067,4,3.695229311150133e-7,8,2
15067,8,1.4296102167743964e-5,8,2
15067,12,1.0425583657036372e-5,8,2
15067,6,1.96174414994101e-5,8,2
15067,7,1.4352847604964823e-5,8,2
15067,19,6.6132536215830145e-6,8,2
15067,17,0,8,2
15078,11,4.531703953367023e-4,3,4
15078,10,7.906867084845089e-4,3,4
15078,5,0.00442144238383702,3,4
15078,2,0,3,4
15078,3,6.265314635358688e-5,3,4
15078,13,4.702385187644775e-4,3,4
15078,9,9.55608695901503e-4,3,4
15078,1,0,3,4
15078,4,0.00218461956875195,3,4
15078,8,9.911964169635817e-4,3,4
15078,12,5.04960877997327e-4,3,4
15078,6,0.0021600642225991,3,4
15078,7,0.00127530302011919,3,4
15078,19,6.315657208611779e-4,3,4
15078,17,4.98641786181682e-4,3,4
15101,11,1.988067239157408e-5,7,3
15101,10,5.394110575221209e-6,7,3
15101,5,9.80327322985286e-5,7,3
15101,2,1.7272111757471916e-7,7,3
15101,3,0,7,3
15101,13,0,7,3
15101,9,5.04642134177462e-6,7,3
15101,1,0,7,3
15101,4,5.757167266771906e-4,7,3
15101,8,3.249114129032719e-6,7,3
15101,12,7.252579935329651e-6,7,3
15101,6,3.279791000682626e-5,7,3
15101,7,2.240444504189631e-5,7,3
15101,19,2.107974591879586e-5,7,3
15101,17,0,7,3
15168,11,1.7974306545806704e-5,6,5
15168,10,4.495092146017674e-7,6,5
15168,5,3.057291990326994e-5,6,5
15168,2,0,6,5
15168,3,5.640864671701677e-5,6,5
15168,13,0,6,5
15168,9,2.2479513249723307e-5,6,5
15168,1,0,6,5
15168,4,0,6,5
15168,8,2.4693267380648667e-5,6,5
15168,12,6.799293689371548e-7,6,5
15168,6,6.038493711537171e-5,6,5
15168,7,7.246437693238338e-5,6,5
15168,19,6.6132536215830145e-6,6,5
15168,17,1.5121267162188192e-5,6,5
15196,11,2.682529082972667e-4,5,1
15196,10,2.4048742981194556e-4,5,1
15196,5,5.144226088071942e-4,5,1
15196,2,1.7272111757471916e-7,5,1
15196,3,5.911459655953048e-5,5,1
15196,13,1.1163026033884368e-4,5,1
15196,9,2.1149093077800908e-4,5,1
15196,1,0,5,1
15196,4,8.868550346760319e-4,5,1
15196,8,2.59279307496811e-4,5,1
15196,12,1.4346509684573966e-4,5,1
15196,6,3.8345967680878176e-4,5,1
15196,7,2.485493121835372e-4,5,1
15196,19,1.583047585666434e-4,5,1
15196,17,8.244690905097847e-5,5,1
15241,11,2.007130897615082e-4,6,5
15241,10,1.7733138516039726e-4,6,5
15241,5,2.631929626455412e-4,6,5
15241,2,0,6,5
15241,3,0,6,5
15241,13,2.4824293021527566e-4,6,5
15241,9,2.4452205228780657e-4,6,5
15241,1,0,6,5
15241,4,0,6,5
15241,8,2.9588599335057965e-4,6,5
15241,12,1.8018128276834605e-4,6,5
15241,6,4.2821196522931104e-4,6,5
15241,7,3.8227584352735583e-4,6,5
15241,19,5.265803196185476e-4,6,5
15241,17,3.3878839046712117e-4,6,5
15292,11,2.2495116980055055e-4,5,1
15292,10,2.5015187792588357e-4,5,1
15292,5,0.00160042589406682,5,1
15292,2,2.4388221801550344e-4,5,1
15292,3,2.1772488732841152e-4,5,1
15292,13,2.2990141435223616e-4,5,1
15292,9,4.4660828874705386e-4,5,1
15292,1,0,5,1
15292,4,5.590881947770151e-4,5,1
15292,8,3.9942443026242226e-4,5,1
15292,12,1.9083350954836144e-4,5,1
15292,6,9.134371198162828e-4,5,1
15292,7,4.8204563785455033e-4,5,1
15292,19,2.376638020256396e-4,5,1
15292,17,1.9765656362003136e-4,5,1
15419,11,3.812731691534755e-5,5,1
15419,10,1.3710031045353907e-5,5,1
15419,5,1.2229167961307977e-4,5,1
15419,2,0,5,1
15419,3,0,5,1
15419,13,9.486990963641109e-6,5,1
15419,9,2.179136488493586e-5,5,1
15419,1,0,5,1
15419,4,3.695229311150133e-7,5,1
15419,8,2.1010938034411584e-5,5,1
15419,12,1.246537176384784e-5,5,1
15419,6,4.62849010376707e-5,5,1
15419,7,2.240444504189631e-5,5,1
15419,19,5.786596918885137e-6,5,1
15419,17,0,5,1
15462,11,4.1123034672982e-5,7,3
15462,10,2.966760816371665e-5,7,3
15462,5,1.9473620720995857e-4,7,3
15462,2,2.9880753340426412e-5,7,3
15462,3,0,7,3
15462,13,2.751227379455921e-5,7,3
15462,9,8.555978002190606e-5,7,3
15462,1,0,7,3
15462,4,1.2379018192352944e-4,7,3
15462,8,6.779818149248274e-5,7,3
15462,12,2.8330390372381452e-5,7,3
15462,6,1.3303077516787473e-4,7,3
15462,7,5.2160348613164854e-5,7,3
15462,19,3.8439536675451274e-5,7,3
15462,17,6.408537035403567e-5,7,3
15470,11,4.194004860688231e-5,7,3
15470,10,7.416902040929163e-6,7,3
15470,5,9.670347491142992e-5,7,3
15470,2,1.5890342816874165e-4,7,3
15470,3,1.0719724376112042e-4,7,3
15470,13,1.8025282830918104e-5,7,3
15470,9,1.3992350084011448e-5,7,3
15470,1,0,7,3
15470,4,2.3132135487799832e-4,7,3
15470,8,2.361022933763776e-5,7,3
15470,12,8.839081796183013e-6,7,3
15470,6,3.892836047539191e-5,7,3
15470,7,5.531097369718152e-5,7,3
15470,19,2.066641756744692e-5,7,3
15470,17,4.5723831657092865e-5,7,3
15484,11,2.7233797796676823e-5,4,8
15484,10,4.315288460176967e-5,4,8
15484,5,2.9243662516171248e-5,4,8
15484,2,0,4,8
15484,3,0,4,8
15484,13,1.296555431697618e-5,4,8
15484,9,5.023483062948372e-5,4,8
15484,1,0.22382708695396417,4,8
15484,4,6.651412760070239e-6,4,8
15484,8,4.137205324301663e-5,4,8
15484,12,2.6290602265569987e-5,4,8
15484,6,9.348936964562624e-5,4,8
15484,7,6.301250168033338e-5,4,8
15484,19,4.133283513489384e-6,4,8
15484,17,0,4,8
15504,11,1.655814906037951e-4,3,4
15504,10,1.6496988175884863e-4,3,4
15504,5,6.925430986784191e-4,3,4
15504,2,1.7272111757471916e-7,3,4
15504,3,8.325999515426828e-7,3,4
15504,13,1.4799705903280127e-4,3,4
15504,9,1.935990732935354e-4,3,4
15504,1,0,3,4
15504,4,0.00112889255455636,3,4
15504,8,1.6007302275701196e-4,3,4
15504,12,1.427851674768025e-4,3,4
15504,6,2.9487466753800803e-4,3,4
15504,7,2.1039174172155756e-4,3,4
15504,19,2.3973044378238428e-4,3,4
15504,17,2.531012098813881e-4,3,4
15524,11,0.0049195132339917,1,6
15524,10,0.00550626312426435,1,6
15524,5,4.602553702829225e-4,1,6
15524,2,9.206035566732533e-5,1,6
15524,3,3.934034771039176e-5,1,6
15524,13,0.00373407964328914,1,6
15524,9,0.00564648671586927,1,6
15524,1,0,1,6
15524,4,1.4928726417046535e-4,1,6
15524,8,0.00627338956033637,1,6
15524,12,0.00542017028604401,1,6
15524,6,0.00410341702113442,1,6
15524,7,0.00577859647354035,1,6
15524,19,0.00574774405385833,1,6
15524,17,0.00423755510711797,1,6
15611,11,0.05344578350002233,1,6
15611,10,0.05411574008208487,1,6
15611,5,0.01225442385166285,1,6
15611,2,1.209047823023034e-6,1,6
15611,3,2.4977998546280484e-6,1,6
15611,13,0.05831558475440552,1,6
15611,9,0.05526978283184521,1,6
15611,1,2.1987925487775e-5,1,6
15611,4,4.064752242265146e-6,1,6
15611,8,0.04742493625779598,1,6
15611,12,0.06952277797382408,1,6
15611,6,0.03798702980594366,1,6
15611,7,0.05147666296993324,1,6
15611,19,0.06161155070877545,1,6
15611,17,0.06310392810917555,1,6
15674,11,5.337824368148657e-5,3,4
15674,10,2.3823988373893673e-5,3,4
15674,5,2.163366397503123e-4,3,4
15674,2,6.407953462022081e-5,3,4
15674,3,2.081499878856707e-7,3,4
15674,13,4.237522630426361e-5,3,4
15674,9,1.1698522201386618e-5,3,4
15674,1,0,3,4
15674,4,6.66988890662599e-4,3,4
15674,8,3.1841318464520646e-5,3,4
15674,12,5.66607807447629e-6,3,4
15674,6,6.375668487308281e-5,3,4
15674,7,3.710736210064077e-5,3,4
15674,19,2.14930742701448e-5,3,4
15674,17,5.580467643188499e-5,3,4
15691,11,0,4,8
15691,10,2.629628905420339e-5,4,8
15691,5,0,4,8
15691,2,0,4,8
15691,3,2.8100248364565542e-5,4,8
15691,13,1.391425341334029e-5,4,8
15691,9,3.234297314501007e-5,4,8
15691,1,0,4,8
15691,4,3.695229311150133e-7,4,8
15691,8,3.270774889892937e-5,4,8
15691,12,1.6318304854491716e-5,4,8
15691,6,2.85065946788303e-5,4,8
15691,7,5.2160348613164854e-5,4,8
15691,19,8.679895378327707e-6,4,8
15691,17,9.720814604263837e-6,4,8
15724,11,1.7974306545806704e-5,7,3
15724,10,1.0990500297013214e-4,7,3
15724,5,8.02539147460836e-4,7,3
15724,2,2.162468392035484e-4,7,3
15724,3,5.1829346983532e-5,7,3
15724,13,5.9768043070938974e-5,7,3
15724,9,2.041506815536096e-4,7,3
15724,1,0,7,3
15724,4,6.98398339807375e-5,7,3
15724,8,2.3761854663659288e-4,7,3
15724,12,7.660537556691944e-5,7,3
15724,6,5.253796051560767e-4,7,3
15724,7,2.555507012591298e-4,7,3
15724,19,3.389292481061295e-5,7,3
15724,17,4.356365063392313e-5,7,3
15736,11,3.0501853532278043e-5,7,3
15736,10,4.270337538716791e-6,7,3
15736,5,9.637116056465524e-5,7,3
15736,2,4.318027939367979e-5,7,3
15736,3,2.1647598740109753e-5,7,3
15736,13,1.296555431697618e-5,7,3
15736,9,5.826322821867061e-5,7,3
15736,1,0,7,3
15736,4,0,7,3
15736,8,4.418795215484498e-5,7,3
15736,12,1.6544947977470766e-5,7,3
15736,6,8.00023786147818e-5,7,3
15736,7,7.701527983151857e-5,7,3
15736,19,1.1986522189119214e-5,7,3
15736,17,3.600301705282903e-7,7,3
15822,11,4.3356206092309504e-4,1,6
15822,10,3.757897034070776e-4,1,6
15822,5,3.6222263798439385e-5,1,6
15822,2,3.454422351494383e-7,1,6
15822,3,1.2842854252545e-4,1,6
15822,13,2.57097455114674e-4,1,6
15822,9,4.8376830044557606e-4,1,6
15822,1,0,1,6
15822,4,4.607950951004216e-4,1,6
15822,8,4.605077758882374e-4,1,6
15822,12,6.554519116554172e-4,1,6
15822,6,3.871379470899211e-4,1,6
15822,7,5.335058475601559e-4,1,6
15822,19,2.500636525661077e-4,1,6
15822,17,2.325794901612755e-4,1,6
15869,11,1.963556821140399e-4,5,1
15869,10,2.411616936338482e-4,5,1
15869,5,0.00204306860397069,5,1
15869,2,3.817136698401293e-4,5,1
15869,3,1.783845396180198e-4,5,1
15869,13,1.65706108831598e-4,5,1
15869,9,4.589949593132279e-4,5,1
15869,1,1.1422298954688312e-6,5,1
15869,4,3.225935188634066e-4,5,1
15869,8,5.685949725807259e-4,5,1
15869,12,1.8675393333473852e-4,5,1
15869,6,0.0011445551024812,5,1
15869,7,7.579003674328987e-4,5,1
15869,19,1.938509967826521e-4,5,1
15869,17,1.879357490157675e-4,5,1
15895,11,2.4782755994975908e-5,7,3
15895,10,4.899650439159265e-5,7,3
15895,5,1.7579428944380216e-4,7,3
15895,2,0.00126915477193903,7,3
15895,3,0.00128886472498807,7,3
15895,13,0,7,3
15895,9,3.693062891025972e-5,7,3
15895,1,0,7,3
15895,4,3.7247911456393337e-4,7,3
15895,8,2.859220433548793e-5,7,3
15895,12,2.266431229790516e-7,7,3
15895,6,7.479149571650099e-5,7,3
15895,7,6.616312676435004e-5,7,3
15895,19,7.026581972931953e-6,7,3
15895,17,0,7,3
15910,11,2.941250162041097e-5,3,4
15910,10,1.2586258008849489e-5,3,4
15910,5,1.578493147179698e-4,3,4
15910,2,0,3,4
15910,3,2.081499878856707e-7,3,4
15910,13,1.17006221884907e-5,3,4
15910,9,3.509556660415986e-5,3,4
15910,1,0,3,4
15910,4,4.0573617836428457e-4,3,4
15910,8,3.509043259355337e-5,3,4
15910,12,2.7877104126423346e-5,3,4
15910,6,8.73589191770606e-5,3,4
15910,7,3.04560424788278e-5,3,4
15910,19,2.397304437823843e-5,3,4
15910,17,4.2843590292866544e-5,3,4
15915,11,1.1111389501044144e-4,7,3
15915,10,1.2900914459070724e-4,7,3
15915,5,2.1567201105676296e-4,7,3
15915,2,4.580564038081552e-4,7,3
15915,3,4.789531221249283e-4,7,3
15915,13,1.1985231917399931e-4,7,3
15915,9,1.6492622476072509e-4,7,3
15915,1,2.855574738672078e-7,7,3
15915,4,8.554455855312557e-4,7,3
15915,8,1.4945924993550508e-4,7,3
15915,12,1.638629779138543e-4,7,3
15915,6,1.836069915335414e-4,7,3
15915,7,1.312760451673612e-4,7,3
15915,19,1.7235792251250732e-4,7,3
15915,17,1.224102579796187e-4,7,3
15957,11,1.565943373308917e-4,3,4
15957,10,2.0205439196349444e-4,3,4
15957,5,9.231692553400423e-4,3,4
15957,2,0,3,4
15957,3,2.1647598740109753e-5,3,4
15957,13,1.476808260006799e-4,3,4
15957,9,3.1907145847311346e-4,3,4
15957,1,0,3,4
15957,4,9.600205750368044e-4,3,4
15957,8,3.0065136073982764e-4,3,4
15957,12,2.554267995973912e-4,3,4
15957,6,5.471427043194847e-4,3,4
15957,7,2.706036877716539e-4,3,4
15957,19,2.4262374224182684e-4,3,4
15957,17,1.929761714031636e-4,3,4
15971,11,1.3671366493931764e-4,3,4
15971,10,1.3844883809734437e-4,3,4
15971,5,2.6518684872618926e-4,3,4
15971,2,1.9344765168368544e-4,3,4
15971,3,1.051157438822637e-4,3,4
15971,13,1.65706108831598e-4,3,4
15971,9,1.4267609429926425e-4,3,4
15971,1,0,3,4
15971,4,7.364592017122214e-4,3,4
15971,8,7.342997931613946e-5,3,4
15971,12,1.974061601147539e-4,3,4
15971,6,1.6245693741698988e-4,3,4
15971,7,8.471680781467043e-5,3,4
15971,19,1.9095769832320951e-4,3,4
15971,17,1.9189608089157872e-4,3,4
16002,11,5.855266526285517e-5,5,1
16002,10,1.901423977765476e-4,5,1
16002,5,0.00129602595242122,5,1
16002,2,1.3990410523552252e-5,5,1
16002,3,3.059804821919359e-5,5,1
16002,13,8.2853054415799e-5,5,1
16002,9,2.1837241442588357e-4,5,1
16002,1,0,5,1
16002,4,0,5,1
16002,8,3.779802770108063e-4,5,1
16002,12,7.229915623031747e-5,5,1
16002,6,6.326624883559756e-4,5,1
16002,7,2.9895931352780393e-4,5,1
16002,19,1.14078624972307e-4,5,1
16002,17,7.128597376460147e-5,5,1
16035,11,0,6,5
16035,10,2.247546073008837e-7,6,5
16035,5,1.1298687790338893e-5,6,5
16035,2,1.3921322076522363e-4,6,5
16035,3,1.0927874363997712e-4,6,5
16035,13,0,6,5
16035,9,8.945928742236827e-6,6,5
16035,1,0,6,5
16035,4,3.695229311150133e-7,6,5
16035,8,1.7761823905378867e-5,6,5
16035,12,0,6,5
16035,6,2.4828324397690903e-5,6,5
16035,7,3.010597302504817e-5,6,5
16035,19,2.066641756744692e-6,6,5
16035,17,1.8361538696942803e-5,6,5
16067,11,6.890150842559237e-5,5,1
16067,10,3.775877402654846e-5,5,1
16067,5,5.310383261459278e-4,5,1
16067,2,7.945171408437082e-6,5,1
16067,3,8.24273952027256e-5,5,1
16067,13,2.9409671987287432e-5,5,1
16067,9,8.487163165711861e-5,5,1
16067,1,0,5,1
16067,4,1.1344353985230907e-4,5,1
16067,8,5.155261084731914e-5,5,1
16067,12,7.796523430479375e-5,5,1
16067,6,1.1157419852789491e-4,5,1
16067,7,5.636118205852041e-5,5,1
16067,19,4.918607381052367e-5,5,1
16067,17,8.064675819833703e-5,5,1
16089,11,2.151470025937469e-5,3,4
16089,10,3.16903996294246e-5,3,4
16089,5,8.939255928238711e-5,3,4
16089,2,0,3,4
16089,3,2.081499878856707e-7,3,4
16089,13,3.1623303212137025e-7,3,4
16089,9,4.037137073419696e-5,3,4
16089,1,0,3,4
16089,4,2.701212626450747e-4,3,4
16089,8,1.2779848907528696e-5,3,4
16089,12,2.425081415875852e-5,3,4
16089,6,2.3602234303977772e-5,3,4
16089,7,1.2602500336066676e-5,3,4
16089,19,8.266567026978768e-6,3,4
16089,17,1.1520965456905287e-5,3,4
16109,11,3.213588140007865e-5,7,3
16109,10,4.989552282079619e-5,7,3
16109,5,3.984449017828332e-4,7,3
16109,2,3.402606016221967e-5,7,3
16109,3,1.0574019384592072e-4,7,3
16109,13,3.1939536244258396e-5,7,3
16109,9,5.895137658345806e-5,7,3
16109,1,0,7,3
16109,4,3.421782342125023e-4,7,3
16109,8,7.429640975054818e-5,7,3
16109,12,5.4847635760930485e-5,7,3
16109,6,1.676678203152707e-4,7,3
16109,7,8.121611327687413e-5,7,3
16109,19,4.1746163486242776e-5,7,3
16109,17,7.308612461724293e-5,7,3
16153,11,3.564904131584996e-4,5,1
16153,10,6.663974106471203e-4,5,1
16153,5,0.00544065048539495,5,1
16153,2,5.457987315361125e-4,5,1
16153,3,7.462177065701295e-4,5,1
16153,13,2.3464490983405673e-4,5,1
16153,9,0.00114874900361851,5,1
16153,1,5.711149477344156e-7,5,1
16153,4,6.610765237647587e-4,5,1
16153,8,0.00134210074289911,5,1
16153,12,2.731049631897572e-4,5,1
16153,6,0.00264866112494379,5,1
16153,7,0.00144053580230317,5,1
16153,19,2.4055710048508216e-4,5,1
16153,17,1.7065430083040958e-4,5,1
16163,11,2.2876390149208533e-5,7,3
16163,10,9.439693506637116e-6,7,3
16163,5,2.2265061233903108e-5,7,3
16163,2,0,7,3
16163,3,3.3512148049592985e-5,7,3
16163,13,0,7,3
16163,9,5.963952494824551e-6,7,3
16163,1,0,7,3
16163,4,1.6037295210391577e-4,7,3
16163,8,1.3213064124733058e-5,7,3
16163,12,6.346007443413445e-6,7,3
16163,6,3.892836047539191e-5,7,3
16163,7,1.2952569789846306e-5,7,3
16163,19,4.133283513489384e-6,7,3
16163,17,0,7,3
16164,11,1.1165857096637498e-4,3,4
16164,10,8.742954224004377e-5,3,4
16164,5,9.248308270739156e-4,3,4
16164,2,0,3,4
16164,3,0,3,4
16164,13,2.498240953758825e-5,3,4
16164,9,1.9887487742357253e-4,3,4
16164,1,0,3,4
16164,4,0,3,4
16164,8,2.3220335642153833e-4,3,4
16164,12,5.779399635965816e-5,3,4
16164,6,5.287513529137878e-4,3,4
16164,7,3.1716292512434465e-4,3,4
16164,19,3.7612879972753395e-5,3,4
16164,17,3.5282956711772445e-5,3,4
16180,11,1.0348843162737194e-5,7,3
16180,10,3.820828324115023e-5,7,3
16180,5,2.0603489500029742e-5,7,3
16180,2,0,7,3
16180,3,0,7,3
16180,13,0,7,3
16180,9,2.018568536709848e-5,7,3
16180,1,0,7,3
16180,4,1.814357591774715e-4,7,3
16180,8,2.187736846882031e-5,7,3
16180,12,2.1531096683009903e-5,7,3
16180,6,5.486753169366262e-5,7,3
16180,7,1.5753125420083346e-5,7,3
16180,19,1.6119805702608597e-5,7,3
16180,17,7.200603410565806e-6,7,3
16192,11,2.7233797796676824e-7,8,2
16192,10,1.573282251106186e-5,8,2
16192,5,1.329257387098693e-5,8,2
16192,2,3.6927774937474953e-4,8,2
16192,3,1.8858388902441765e-4,8,2
16192,13,0,8,2
16192,9,2.0644450943623447e-5,8,2
16192,1,2.855574738672078e-7,8,2
16192,4,2.2171375866900795e-6,8,2
16192,8,1.6245570645163597e-5,8,2
16192,12,0,8,2
16192,6,3.341095505368282e-5,8,2
16192,7,1.1202222520948156e-5,8,2
16192,19,2.4799701080936306e-6,8,2
16192,17,1.296108613901845e-5,8,2
16228,11,0,7,3
16228,10,4.045582931415907e-6,7,3
16228,5,9.637116056465524e-6,7,3
16228,2,0,7,3
16228,3,8.492519505735364e-5,7,3
16228,13,1.201685522061207e-5,7,3
16228,9,7.110866436136964e-6,7,3
16228,1,0,7,3
16228,4,2.2208328160012295e-4,7,3
16228,8,8.880911952689433e-6,7,3
16228,12,3.0143535356213864e-5,7,3
16228,6,1.6858738788555553e-5,7,3
16228,7,2.310458394945557e-5,7,3
16228,19,3.719955162140446e-5,7,3
16228,17,0,7,3
16319,11,1.3072222942404876e-5,8,2
16319,10,6.06837439712386e-6,8,2
16319,5,7.975544322592158e-5,8,2
16319,2,0,8,2
16319,3,9.574899442740852e-5,8,2
16319,13,1.264932128485481e-5,8,2
16319,9,1.766247469621117e-5,8,2
16319,1,0,8,2
16319,4,7.390458622300266e-7,8,2
16319,8,2.1010938034411584e-5,8,2
16319,12,0,8,2
16319,6,2.66674595382606e-5,8,2
16319,7,1.9953958865438903e-5,8,2
16319,19,0,8,2
16319,17,1.6561387844301352e-5,8,2
16498,11,1.4025405865288564e-4,3,4
16498,10,1.4316868485066294e-4,3,4
16498,5,3.761798405489302e-4,3,4
16498,2,5.026184521424327e-5,3,4
16498,3,6.244499636570121e-7,3,4
16498,13,1.517918554182577e-4,3,4
16498,9,1.6286177966636273e-4,3,4
16498,1,0,3,4
16498,4,4.74836966482792e-4,3,4
16498,8,1.5465783254195743e-4,3,4
16498,12,1.1876099644102304e-4,3,4
16498,6,2.979398927722909e-4,3,4
16498,7,1.603318098310705e-4,3,4
16498,19,1.2937177397221773e-4,3,4
16498,17,8.208687888045019e-5,3,4
16499,11,3.594861309161341e-5,3,4
16499,10,6.293129004424743e-5,3,4
16499,5,4.054235030651014e-5,3,4
16499,2,6.563402467839328e-5,3,4
16499,3,4.162999757713414e-7,3,4
16499,13,1.7076583734553994e-5,3,4
16499,9,2.5461489497135583e-5,3,4
16499,1,0,3,4
16499,4,0,3,4
16499,8,4.05056228086079e-5,3,4
16499,12,3.830268778345972e-5,3,4
16499,6,5.2415351506236355e-5,3,4
16499,7,6.616312676435004e-5,3,4
16499,19,0,3,4
16499,17,0,3,4
16500,11,1.0267141769347164e-4,5,1
16500,10,1.6204807186393717e-4,5,1
16500,5,0.00155224031378449,5,1
16500,2,0,5,1
16500,3,3.7258847831535055e-5,5,1
16500,13,6.893880100245871e-5,5,1
16500,9,3.798578973626714e-4,5,1
16500,1,0,5,1
16500,4,0,5,1
16500,8,4.176194693850055e-4,5,1
16500,12,9.722989975801312e-5,5,1
16500,6,7.742758941798423e-4,5,1
16500,7,4.452883452076892e-4,5,1
16500,19,5.1252715567268365e-5,5,1
16500,17,8.640724092678967e-5,5,1
16505,11,1.9254295042250513e-4,3,4
16505,10,9.484644428097293e-5,3,4
16505,5,1.781204898712249e-4,3,4
16505,2,0,3,4
16505,3,2.081499878856707e-7,3,4
16505,13,1.6823597308856896e-4,3,4
16505,9,9.840521616460509e-5,3,4
16505,1,2.855574738672078e-7,3,4
16505,4,7.771067241348729e-4,3,4
16505,8,6.628192823226747e-5,3,4
16505,12,1.572903273474618e-4,3,4
16505,6,6.007841459194342e-5,3,4
16505,7,5.671125151230004e-5,3,4
16505,19,1.516915049450604e-4,3,4
16505,17,8.532715041520479e-5,3,4
16640,11,2.982100858736112e-4,3,4
16640,10,2.4071218441924644e-4,3,4
16640,5,0.00147580801402632,3,4
16640,2,0,3,4
16640,3,2.081499878856707e-7,3,4
16640,13,9.866470602186752e-5,3,4
16640,9,3.961440753293077e-4,3,4
16640,1,0,3,4
16640,4,0.00243626468484128,3,4
16640,8,3.576191618022013e-4,3,4
16640,12,2.0261895194327212e-4,3,4
16640,6,6.838517497684989e-4,3,4
16640,7,3.0666084151095575e-4,3,4
16640,19,2.851965624307675e-4,3,4
16640,17,2.0521719720112543e-4,3,4
16648,11,1.0348843162737194e-5,3,4
16648,10,2.225070612278749e-5,3,4
16648,5,1.0899910574209283e-4,3,4
16648,2,6.632490914869216e-5,3,4
16648,3,2.081499878856707e-7,3,4
16648,13,0,3,4
16648,9,7.110866436136964e-6,3,4
16648,1,0,3,4
16648,4,0,3,4
16648,8,1.5595747819357053e-5,3,4
16648,12,7.479223058308703e-6,3,4
16648,6,2.421527935083434e-5,3,4
16648,7,8.401666890711118e-6,3,4
16648,19,1.6533134053957536e-6,3,4
16648,17,2.4842081766452028e-5,3,4
16667,11,0.00525911869251626,3,4
16667,10,0.00329108171470684,3,4
16667,5,0.00324006488105306,3,4
16667,2,0,3,4
16667,3,5.9739046523187495e-5,3,4
16667,13,0.00608274237285455,3,4
16667,9,0.00233603431566512,3,4
16667,1,2.855574738672078e-7,3,4
16667,4,0.00454956632788804,3,4
16667,8,0.00135293112332922,3,4
16667,12,0.0068203714998086,3,4
16667,6,0.00170058695998011,3,4
16667,7,0.0012287437827665,3,4
16667,19,0.00784827873541364,3,4
16667,17,0.00800851111323128,3,4
16698,11,0,7,3
16698,10,7.416902040929163e-6,7,3
16698,5,2.35943186210018e-5,7,3
16698,2,7.150654267593373e-5,7,3
16698,3,1.2135144293734602e-4,7,3
16698,13,1.391425341334029e-5,7,3
16698,9,8.257780377449378e-6,7,3
16698,1,0,7,3
16698,4,1.4891774123935037e-4,7,3
16698,8,1.537914021075487e-5,7,3
16698,12,2.266431229790516e-7,7,3
16698,6,2.4828324397690903e-5,7,3
16698,7,1.9603889411659273e-5,7,3
16698,19,0,7,3
16698,17,1.188099562743358e-5,7,3
16862,11,2.2331714193274995e-5,7,3
16862,10,6.787589140486688e-5,7,3
16862,5,1.6848337381475937e-4,7,3
16862,2,0,7,3
16862,3,0,7,3
16862,13,2.846097289092332e-5,7,3
16862,9,5.321680687689599e-5,7,3
16862,1,0,7,3
16862,4,2.4905845557151896e-4,7,3
16862,8,2.6209520640863937e-5,7,3
16862,12,1.4731802993638354e-5,7,3
16862,6,6.95806128182202e-5,7,3
16862,7,3.290652865528521e-5,7,3
16862,19,3.389292481061295e-5,7,3
16862,17,5.9044947966639606e-5,7,3
17011,11,4.738680816621767e-5,5,1
17011,10,5.439061496681386e-5,5,1
17011,5,3.745182688150568e-4,5,1
17011,2,0,5,1
17011,3,0,5,1
17011,13,9.803223995762476e-6,5,1
17011,9,6.697977417264496e-5,5,1
17011,1,0,5,1
17011,4,0,5,1
17011,8,7.776213148818309e-5,5,1
17011,12,2.0397881068114644e-5,5,1
17011,6,1.7900915368211713e-4,5,1
17011,7,1.1342250302460008e-4,5,1
17011,19,5.786596918885137e-6,5,1
17011,17,1.7641478355886223e-5,5,1
17024,11,2.5599769928876215e-5,7,3
17024,10,3.820828324115023e-5,7,3
17024,5,1.355842534840667e-4,7,3
17024,2,8.636055878735958e-7,7,3
17024,3,4.204629755290548e-5,7,3
17024,13,6.008427610306035e-6,7,3
17024,9,3.876569121635958e-5,7,3
17024,1,0,7,3
17024,4,1.999119057332222e-4,7,3
17024,8,5.133600323871696e-5,7,3
17024,12,5.66607807447629e-6,7,3
17024,6,1.088154958170404e-4,7,3
17024,7,5.3910695882063e-5,7,3
17024,19,2.5213029432285243e-5,7,3
17024,17,4.8604073021319186e-5,7,3
17052,11,1.3072222942404876e-5,5,1
17052,10,2.607153444690251e-5,5,1
17052,5,6.945369847590671e-5,5,1
17052,2,2.6944494341656187e-5,5,1
17052,3,2.664319844936585e-5,5,1
17052,13,1.770904979879673e-5,5,1
17052,9,5.413433802994592e-5,5,1
17052,1,0,5,1
17052,4,0,5,1
17052,8,4.678724345807116e-5,5,1
17052,12,1.4731802993638354e-5,5,1
17052,6,1.0483070301247272e-4,5,1
17052,7,9.451875252050006e-5,5,1
17052,19,1.07465371350724e-5,5,1
17052,17,3.4562896370715865e-5,5,1
17091,11,6.263773493235669e-5,3,4
17091,10,1.8946813395464497e-4,3,4
17091,5,0.00177057083961545,3,4
17091,2,0,3,4
17091,3,2.081499878856707e-7,3,4
17091,13,1.2206595039884893e-4,3,4
17091,9,2.8856354763420327e-4,3,4
17091,1,0,3,4
17091,4,7.578915317168922e-4,3,4
17091,8,3.4635556615488785e-4,3,4
17091,12,1.9174008204027765e-4,3,4
17091,6,7.592562905318564e-4,3,4
17091,7,4.41787650669893e-4,3,4
17091,19,2.9304980110639734e-4,3,4
17091,17,1.2745068036701474e-4,3,4
17094,11,7.216956416119358e-5,7,3
17094,10,5.821144329092888e-5,7,3
17094,5,3.9346018658121314e-4,7,3
17094,2,4.3698442746403946e-5,7,3
17094,3,1.292611424770015e-4,7,3
17094,13,6.925503403458009e-5,7,3
17094,9,9.70289194350302e-5,7,3
17094,1,0,7,3
17094,4,6.810307620449694e-4,7,3
17094,8,9.552395539356194e-5,7,3
17094,12,1.264668626223108e-4,7,3
17094,6,2.219223069620767e-4,7,3
17094,7,1.4037785096563158e-4,7,3
17094,19,1.0911868475611972e-4,7,3
17094,17,5.6884766943469866e-5,7,3
17172,11,1.5632199935292497e-4,2,9
17172,10,1.1192779443584008e-4,2,9
17172,5,0,2,9
17172,2,1.179685233035332e-4,2,9
17172,3,6.598354615975762e-5,2,9
17172,13,1.318691743946114e-4,2,9
17172,9,5.069359620600868e-5,2,9
17172,1,0,2,9
17172,4,3.695229311150133e-7,2,9
17172,8,3.898936954839263e-6,2,9
17172,12,7.86451636737309e-5,2,9
17172,6,3.6782702811393938e-6,2,9
17172,7,4.200833445355559e-6,2,9
17172,19,1.6409135548552854e-4,2,9
17172,17,1.5337285264505166e-4,2,9
17182,11,2.9684839598377736e-5,3,4
17182,10,1.48787550033185e-4,3,4
17182,5,0.00152499053734897,3,4
17182,2,1.7272111757471916e-7,3,4
17182,3,0,3,4
17182,13,4.933235301093376e-5,3,4
17182,9,2.1332599308410897e-4,3,4
17182,1,0,3,4
17182,4,9.385882450321337e-5,3,4
17182,8,2.2613834338067727e-4,3,4
17182,12,5.5980851375825744e-5,3,4
17182,6,4.6468814551727666e-4,3,4
17182,7,3.2381424474615765e-4,3,4
17182,19,1.0085211772914096e-4,3,4
17182,17,6.912579274143173e-5,3,4
17325,11,2.9684839598377736e-5,3,4
17325,10,4.989552282079619e-5,3,4
17325,5,3.947894439683118e-4,3,4
17325,2,0,3,4
17325,3,4.162999757713414e-7,3,4
17325,13,1.264932128485481e-6,3,4
17325,9,3.4407418239372407e-5,3,4
17325,1,0,3,4
17325,4,9.034835665762076e-4,3,4
17325,8,7.213033366452636e-5,3,4
17325,12,2.1757739805988953e-5,3,4
17325,6,1.8943091947867875e-4,3,4
17325,7,6.581305731057042e-5,3,4
17325,19,3.55462382160087e-5,3,4
17325,17,5.6884766943469866e-5,3,4
17351,11,1.1438195074604266e-4,7,3
17351,10,8.181067705752166e-5,7,3
17351,5,5.416723852427174e-4,7,3
17351,2,7.547912838015227e-5,7,3
17351,3,2.7475798400908537e-5,7,3
17351,13,9.866470602186752e-5,7,3
17351,9,1.484106640058263e-4,7,3
17351,1,0,7,3
17351,4,6.466651294512732e-4,7,3
17351,8,1.48159604283892e-4,7,3
17351,12,4.328883648899886e-5,7,3
17351,6,2.9088987473344037e-4,7,3
17351,7,1.823861854191872e-4,7,3
17351,19,2.603968613498312e-5,7,3
17351,17,1.0548883996478904e-4,7,3
17562,11,2.097002430344115e-5,7,3
17562,10,4.517567606747763e-5,7,3
17562,5,2.3893401533099008e-4,7,3
17562,2,0,7,3
17562,3,0,7,3
17562,13,4.711872178608417e-5,7,3
17562,9,6.445656350175765e-5,7,3
17562,1,0,7,3
17562,4,0,7,3
17562,8,6.736496627527838e-5,7,3
17562,12,7.932509304266807e-6,7,3
17562,6,1.0697636067647068e-4,7,3
17562,7,4.34086122686741e-5,7,3
17562,19,5.497267072940881e-5,7,3
17562,17,2.8082353301206643e-5,7,3
17565,11,1.0893519118670727e-5,3,4
17565,10,2.2924969944690137e-5,3,4
17565,5,1.229563083066291e-4,3,4
17565,2,9.499661466609554e-5,3,4
17565,3,6.244499636570121e-7,3,4
17565,13,3.0358371083651545e-5,3,4
17565,9,2.0644450943623447e-5,3,4
17565,1,0,3,4
17565,4,1.38940622099245e-4,3,4
17565,8,2.7942381509681385e-5,3,4
17565,12,2.266431229790516e-7,3,4
17565,6,4.536533346738585e-5,3,4
17565,7,5.601111260474078e-5,3,4
17565,19,1.777311910800435e-5,3,4
17565,17,1.8721568867471093e-5,3,4
17649,11,1.1002454309857436e-4,5,1
17649,10,1.7463432987278665e-4,5,1
17649,5,0.00166090710517981,5,1
17649,2,3.454422351494383e-7,5,1
17649,3,0,5,1
17649,13,8.82290159618623e-5,5,1
17649,9,2.9567441407034025e-4,5,1
17649,1,9.423396637617855e-6,5,1
17649,4,0,5,1
17649,8,3.1278138682154977e-4,5,1
17649,12,1.6884912661939343e-4,5,1
17649,6,8.398717141934948e-4,5,1
17649,7,4.928977909217189e-4,5,1
17649,19,9.299887905351114e-5,5,1
17649,17,4.7163952339206026e-5,5,1
17740,11,2.554530233328286e-4,3,4
17740,10,2.982493638882727e-4,3,4
17740,5,0.00153728616817963,3,4
17740,2,2.642633098893203e-5,3,4
17740,3,3.913219772250609e-5,3,4
17740,13,2.643708148534655e-4,3,4
17740,9,3.3054059788623763e-4,3,4
17740,1,0,3,4
17740,4,0.00231099641119329,3,4
17740,8,3.613014911484384e-4,3,4
17740,12,4.136236994367692e-4,3,4
17740,6,7.043887588381938e-4,3,4
17740,7,3.7667473226688175e-4,3,4
17740,19,5.117004989699858e-4,3,4
17740,17,5.80368634891604e-4,3,4
17804,11,4.6569794232317366e-5,8,2
17804,10,2.112693308628307e-5,8,2
17804,5,2.2929689927452456e-5,8,2
17804,2,0,8,2
17804,3,0,8,2
17804,13,1.1384389156369328e-5,8,2
17804,9,4.197705025203434e-5,8,2
17804,1,0,8,2
17804,4,0,8,2
17804,8,4.028901520000572e-5,8,2
17804,12,1.1105513025973528e-5,8,2
17804,6,9.747416245019392e-5,8,2
17804,7,7.03639602097056e-5,8,2
17804,19,3.719955162140446e-6,8,2
17804,17,3.600301705282903e-7,8,2
17805,11,1.1955637232741126e-4,5,1
17805,10,1.9958209128318475e-4,5,1
17805,5,0.0016728704216637,5,1
17805,2,9.447845131337136e-5,5,1
17805,3,1.0844614368843444e-4,5,1
17805,13,6.198167429578857e-5,5,1
17805,9,4.060075352245944e-4,5,1
17805,1,0,5,1
17805,4,0,5,1
17805,8,3.816626063570434e-4,5,1
17805,12,1.1105513025973528e-4,5,1
17805,6,8.843174800905958e-4,5,1
17805,7,4.2498431688847065e-4,5,1
17805,19,1.066387146480261e-4,5,1
17805,17,8.676727109731795e-5,5,1
17944,11,3.1318867466178344e-5,5,1
17944,10,3.348843648783167e-5,5,1
17944,5,0.00115745086981618,5,1
17944,2,0,5,1
17944,3,0,5,1
17944,13,5.31271493963902e-5,5,1
17944,9,1.646968419724626e-4,5,1
17944,1,0,5,1
17944,4,0,5,1
17944,8,1.6938714992690575e-4,5,1
17944,12,7.252579935329651e-6,5,1
17944,6,4.343424156978766e-4,5,1
17944,7,2.191434780660483e-4,5,1
17944,19,2.355971602688949e-5,5,1
17944,17,7.020588325301661e-5,5,1
18094,11,5.446759559335365e-7,7,3
18094,10,3.0117117378318416e-5,7,3
18094,5,3.4760080672630825e-4,7,3
18094,2,3.478603307954844e-4,7,3
18094,3,3.099353319617637e-4,7,3
18094,13,0,7,3
18094,9,5.688693148909571e-5,7,3
18094,1,0,7,3
18094,4,3.879990776707639e-5,7,3
18094,8,4.722045867527552e-5,7,3
18094,12,1.0652226780015423e-5,7,3
18094,6,1.226090093713131e-4,7,3
18094,7,7.211430747860376e-5,7,3
18094,19,1.1986522189119214e-5,7,3
18094,17,1.4401206821131611e-5,7,3
18187,11,0.00202020312055748,1,6
18187,10,0.00209471294004423,1,6
18187,5,1.3957202564536276e-5,1,6
18187,2,6.857028367716351e-5,1,6
18187,3,4.6001147322733225e-5,1,6
18187,13,0.002123504810695,1,6
18187,9,0.00241838273665135,1,6
18187,1,1.4277873693360389e-6,1,6
18187,4,3.695229311150133e-7,1,6
18187,8,0.00241669108917453,1,6
18187,12,0.00239992402922517,1,6
18187,6,0.00114363553491092,1,6
18187,7,0.00250404680288569,1,6
18187,19,0.00180459158198946,1,6
18187,17,0.00197152521381291,1,6
18255,11,7.162488820526005e-5,3,4
18255,10,8.675527841814111e-5,3,4
18255,5,5.895256511782704e-4,3,4
18255,2,0,3,4
18255,3,2.081499878856707e-7,3,4
18255,13,1.498944572255295e-4,3,4
18255,9,8.922990463410578e-5,3,4
18255,1,0,3,4
18255,4,8.820512365715367e-4,3,4
18255,8,1.3126421081292186e-4,3,4
18255,12,1.4369173996871872e-4,3,4
18255,6,2.8874421706944235e-4,3,4
18255,7,1.3897757315051306e-4,3,4
18255,19,6.77858496212259e-5,3,4
18255,17,1.1448959422799633e-4,3,4
18282,11,3.5458404731273226e-4,5,1
18282,10,4.088286306803075e-4,5,1
18282,5,0.00370995736739245,5,1
18282,2,0,5,1
18282,3,1.498679912776829e-4,5,1
18282,13,2.1377352971404628e-4,5,1
18282,9,6.9755305910621e-4,5,1
18282,1,0,5,1
18282,4,3.695229311150133e-7,5,1
18282,8,8.033976203054904e-4,5,1
18282,12,2.7514475129656864e-4,5,1
18282,6,0.00195683978956615,5,1
18282,7,0.0010946671819689,5,1
18282,19,2.6949008507950783e-4,5,1
18282,17,3.3914842063764944e-4,5,1
18357,11,2.2059376215308225e-5,5,1
18357,10,3.056662659292019e-5,5,1
18357,5,7.045064151623073e-5,5,1
18357,2,0,5,1
18357,3,5.4118996850274384e-5,5,1
18357,13,1.201685522061207e-5,5,1
18357,9,4.495902649944661e-5,5,1
18357,1,0,5,1
18357,4,0,5,1
18357,8,3.942258476559699e-5,5,1
18357,12,1.4278516747680253e-5,5,1
18357,6,9.195675702848485e-5,5,1
18357,7,1.0046993323475376e-4,5,1
18357,19,2.8932984594425687e-6,5,1
18357,17,0,5,1
18376,11,2.3965742061075604e-5,8,2
18376,10,1.887938701327423e-5,8,2
18376,5,2.296292136212992e-4,8,2
18376,2,1.732392809274433e-4,8,2
18376,3,1.1489879331289024e-4,8,2
18376,13,9.803223995762476e-6,8,2
18376,9,4.2665198616821787e-5,8,2
18376,1,0,8,2
18376,4,1.1085687933450398e-6,8,2
18376,8,3.747311628817736e-5,8,2
18376,12,2.3117598543863265e-5,8,2
18376,6,1.6521564012784442e-4,8,2
18376,7,8.051597436931487e-5,8,2
18376,19,0,8,2
18376,17,0,8,2
18421,11,1.3072222942404876e-5,8,2
18421,10,1.5058558689159208e-5,8,2
18421,5,4.2203922040383506e-5,8,2
18421,2,2.8326263282253943e-4,8,2
18421,3,1.8795943906076064e-4,8,2
18421,13,1.8025282830918104e-5,8,2
18421,9,4.541779207597158e-5,8,2
18421,1,0,8,2
18421,4,1.8476146555750663e-6,8,2
18421,8,4.202187606882317e-5,8,2
18421,12,3.240996658600438e-5,8,2
18421,6,8.18415137553515e-5,8,2
18421,7,6.126215441143523e-5,8,2
18421,19,1.1159865486421335e-5,8,2
18421,17,3.9963348928640223e-5,8,2
18432,11,3.758264095941402e-5,3,4
18432,10,5.1918314286504136e-5,3,4
18432,5,4.090789608796228e-4,3,4
18432,2,0,3,4
18432,3,2.081499878856707e-7,3,4
18432,13,6.957126706670145e-5,3,4
18432,9,1.4359362545231417e-4,3,4
18432,1,0,3,4
18432,4,0.00100768903315064,3,4
18432,8,9.292466409033578e-5,3,4
18432,12,6.549986254094591e-5,3,4
18432,6,1.492764689095737e-4,3,4
18432,7,8.856757180624636e-5,3,4
18432,19,9.217222235081328e-5,3,4
18432,17,6.552549103614883e-5,3,4
18463,11,0,7,3
18463,10,4.719846753318558e-6,7,3
18463,5,4.918252332265164e-5,7,3
18463,2,2.164195603211231e-4,7,3
18463,3,1.0886244366420576e-4,7,3
18463,13,0,7,3
18463,9,1.3074818930961517e-5,7,3
18463,1,0,7,3
18463,4,1.7847957572855142e-4,7,3
18463,8,9.097519561291616e-6,7,3
18463,12,2.266431229790516e-7,7,3
18463,6,3.279791000682626e-5,7,3
18463,7,2.800555630237039e-6,7,3
18463,19,2.4799701080936306e-6,7,3
18463,17,0,7,3
18469,11,2.1787038237341455e-5,7,3
18469,10,2.5172516017698977e-5,7,3
18469,5,3.821614987908743e-5,7,3
18469,2,1.0294178607453262e-4,7,3
18469,3,3.153472316467911e-4,7,3
18469,13,3.1623303212137025e-7,7,3
18469,9,5.665754870083323e-5,7,3
18469,1,0,7,3
18469,4,1.8697860314419672e-4,7,3
18469,8,4.202187606882317e-5,7,3
18469,12,4.532862459581032e-6,7,3
18469,6,1.1862421656674543e-4,7,3
18469,7,8.016590491553525e-5,7,3
18469,19,1.777311910800435e-5,7,3
18469,17,1.296108613901845e-5,7,3
18662,11,8.170139339003046e-6,7,3
18662,10,6.180751700774303e-5,7,3
18662,5,2.2165366929870707e-4,7,3
18662,2,0,7,3
18662,3,5.994719651107316e-5,7,3
18662,13,1.391425341334029e-5,7,3
18662,9,4.1059519098984407e-5,7,3
18662,1,0,7,3
18662,4,6.998764315318351e-4,7,3
18662,8,8.90257271354965e-5,7,3
18662,12,3.626289967664826e-5,7,3
18662,6,1.2873945983987877e-4,7,3
18662,7,1.0957173903302416e-4,7,3
18662,19,4.0919506783544904e-5,7,3
18662,17,4.896410319184747e-5,7,3
18667,11,1.3616898898338412e-5,7,3
18667,10,1.4833804081858326e-5,7,3
18667,5,3.489300641134069e-5,7,3
18667,2,2.5562725401058435e-5,7,3
18667,3,0,7,3
18667,13,1.5179185541825773e-5,7,3
18667,9,1.605679517837379e-5,7,3
18667,1,0,7,3
18667,4,0,7,3
18667,8,1.884486194838977e-5,7,3
18667,12,1.7678163592366025e-5,7,3
18667,6,3.92348829988202e-5,7,3
18667,7,1.3652708697405566e-5,7,3
18667,19,2.066641756744692e-5,7,3
18667,17,0,7,3
18692,11,5.729991056420804e-4,3,4
18692,10,7.077522583904828e-4,3,4
18692,5,0.00590788445696014,3,4
18692,2,0,3,4
18692,3,2.081499878856707e-7,3,4
18692,13,2.1219236455343943e-4,3,4
18692,9,0.00105722527110178,3,4
18692,1,0,3,4
18692,4,0.00169426263916233,3,4
18692,8,0.00126607147227974,3,4
18692,12,3.1412736844896555e-4,3,4
18692,6,0.00266950465653691,3,4
18692,7,0.001660029349823,3,4
18692,19,3.335559795385933e-4,3,4
18692,17,1.929761714031636e-4,3,4
18747,11,6.527941331863434e-4,3,4
18747,10,4.796263319800858e-4,3,4
18747,5,0.00236707509207599,3,4
18747,2,1.6201240828508657e-4,3,4
18747,3,1.3883604191974237e-4,3,4
18747,13,7.301820711682438e-4,3,4
18747,9,5.067065792718243e-4,3,4
18747,1,0,3,4
18747,4,0.00450374548442978,3,4
18747,8,4.061392661290899e-4,3,4
18747,12,7.542683132742837e-4,3,4
18747,6,9.34587173932834e-4,3,4
18747,7,4.638420262580096e-4,3,4
18747,19,0.00217369379974406,3,4
18747,17,0.00191716065806314,3,4
18751,11,5.201655379165273e-5,7,3
18751,10,6.810064601216777e-5,7,3
18751,5,2.495680744277796e-4,7,3
18751,2,4.8361912920921366e-4,7,3
18751,3,5.426470184179435e-4,7,3
18751,13,5.94518100388176e-5,7,3
18751,9,8.211903819796881e-5,7,3
18751,1,0,7,3
18751,4,3.813476649106937e-4,7,3
18751,8,8.057803040001143e-5,7,3
18751,12,2.3117598543863265e-5,7,3
18751,6,1.3732209049587067e-4,7,3
18751,7,7.946576600797599e-5,7,3
18751,19,5.910595424289819e-5,7,3
18751,17,1.332111630954674e-5,7,3
18754,11,1.8410047310553533e-4,3,4
18754,10,3.836561146626085e-4,3,4
18754,5,0.00228466113407587,3,4
18754,2,1.335134238852579e-4,3,4
18754,3,2.081499878856707e-7,3,4
18754,13,1.0846793001763e-4,3,4
18754,9,5.672636353731198e-4,3,4
18754,1,0,3,4
18754,4,9.570643915878844e-5,3,4
18754,8,6.216638366882603e-4,3,4
18754,12,1.2624021949933175e-4,3,4
18754,6,0.00143667106730836,3,4
18754,7,8.664218981045839e-4,3,4
18754,19,6.075926764829395e-5,3,4
18754,17,3.7083107564413896e-5,3,4
18778,11,4.2321321776035784e-4,5,1
18778,10,7.661884562887125e-4,5,1
18778,5,0.00521467672958817,5,1
18778,2,0.00119022122120738,5,1
18778,3,5.707472667825091e-4,5,1
18778,13,2.839772628449905e-4,5,1
18778,9,0.00109232083770594,5,1
18778,1,0.03461299252239198,5,1
18778,4,6.588593861780687e-4,5,1
18778,8,0.0013018117276991,5,1
18778,12,3.9458567710652886e-4,5,1
18778,6,0.00244635625948112,5,1
18778,7,0.0013918761482278,5,1
18778,19,4.0506178432195966e-4,5,1
18778,17,4.226754202002128e-4,5,1
18816,11,4.959274578774849e-4,3,4
18816,10,9.156502701438004e-4,3,4
18816,5,0.00571215130670985,3,4
18816,2,7.634273396802586e-5,3,4
18816,3,1.165639932159756e-5,3,4
18816,13,6.767386887397323e-4,3,4
18816,9,0.00124463100911223,3,4
18816,1,0,3,4
18816,4,0,3,4
18816,8,0.00143372576133783,3,4
18816,12,4.501132422363965e-4,3,4
18816,6,0.0030790187478371,3,4
18816,7,0.00146153996952995,3,4
18816,19,0.00121105206945238,3,4
18816,17,9.83602425883289e-4,3,4
18829,11,3.540393713567987e-5,5,1
18829,10,5.10192958573006e-5,5,1
18829,5,9.43772744840072e-5,5,1
18829,2,1.7272111757471916e-7,5,1
18829,3,0,5,1
18829,13,2.561487560183099e-5,5,1
18829,9,4.4270878134659167e-5,5,1
18829,1,0,5,1
18829,4,8.166456777641793e-5,5,1
18829,8,6.71483586666762e-5,5,1
18829,12,2.5837316019611884e-5,5,1
18829,6,1.103481084341818e-4,5,1
18829,7,6.371264058789264e-5,5,1
18829,19,1.1986522189119214e-5,5,1
18829,17,4.9684163532904057e-5,5,1
18867,11,6.154838302048962e-5,5,1
18867,10,1.669926732245566e-4,5,1
18867,5,0.0012883827224454,5,1
18867,2,7.219742714623261e-5,5,1
18867,3,6.119609643838718e-5,5,1
18867,13,6.293037339215268e-5,5,1
18867,9,2.0506821270665956e-4,5,1
18867,1,0,5,1
18867,4,0,5,1
18867,8,2.0664365860648096e-4,5,1
18867,12,1.40518736247012e-5,5,1
18867,6,5.106665240315191e-4,5,1
18867,7,3.0140979970426135e-4,5,1
18867,19,5.662598413480456e-5,5,1
18867,17,6.552549103614883e-5,5,1
18886,11,3.3225233311945726e-5,7,3
18886,10,7.124721051438014e-5,7,3
18886,5,3.4195146283113876e-4,7,3
18886,2,0,7,3
18886,3,0,7,3
18886,13,3.82641968866858e-5,7,3
18886,9,8.601854559843102e-5,7,3
18886,1,0,7,3
18886,4,7.612172380969274e-5,7,3
18886,8,6.519889018925657e-5,7,3
18886,12,5.462099263795144e-5,7,3
18886,6,1.4191992834729493e-4,7,3
18886,7,1.053709055876686e-4,7,3
18886,19,9.46521924589069e-5,7,3
18886,17,3.2402715347546124e-5,7,3
18930,11,1.149266267019762e-4,5,1
18930,10,1.3170619987831785e-4,5,1
18930,5,7.603352254204524e-4,5,1
18930,2,5.509803650633541e-5,5,1
18930,3,5.1829346983532e-5,5,1
18930,13,2.0555147087889065e-5,5,1
18930,9,2.075914233775469e-4,5,1
18930,1,0,5,1
18930,4,0,5,1
18930,8,2.4779910424089537e-4,5,1
18930,12,3.966254652133403e-5,5,1
18930,6,5.756492989983151e-4,5,1
18930,7,2.814558408388224e-4,5,1
18930,19,4.133283513489384e-5,5,1
18930,17,8.496712024467651e-5,5,1
18943,11,0.0010030207728516,5,1
18943,10,0.00128267454386614,5,1
18943,5,0.00981224571721577,5,1
18943,2,1.7272111757471916e-7,5,1
18943,3,0,5,1
18943,13,6.969776027955e-4,5,1
18943,9,0.00228740516455347,5,1
18943,1,7.995609268281817e-6,5,1
18943,4,6.799221932516244e-5,5,1
18943,8,0.00247755782719174,5,1
18943,12,6.400401792928417e-4,5,1
18943,6,0.00562131655715127,5,1
18943,7,0.00292132959179101,5,1
18943,19,7.737506737252127e-4,5,1
18943,17,7.10699556622845e-4,5,1
18945,11,3.9216668827214625e-5,4,8
18945,10,3.326368188053079e-5,4,8
18945,5,1.3957202564536276e-5,4,8
18945,2,1.7272111757471916e-7,4,8
18945,3,1.507005912292256e-4,4,8
18945,13,2.65635746981951e-5,4,8
18945,9,4.6105940440759027e-5,4,8
18945,1,0,4,8
18945,4,1.1085687933450398e-6,4,8
18945,8,4.5270990197855885e-5,4,8
18945,12,2.3797527912800415e-5,4,8
18945,6,8.674587413020402e-5,4,8
18945,7,9.101805798270376e-5,4,8
18945,19,1.2399850540468152e-5,4,8
18945,17,0,4,8
18952,11,2.9957177576344503e-5,7,3
18952,10,7.192147433628279e-6,7,3
18952,5,1.0999604878241684e-4,7,3
18952,2,2.3766425778281355e-4,7,3
18952,3,5.9739046523187495e-5,7,3
18952,13,0,7,3
18952,9,4.702347159380896e-5,7,3
18952,1,0,7,3
18952,4,6.244937535843724e-5,7,3
18952,8,1.9278077165594133e-5,7,3
18952,12,0,7,3
18952,6,5.088273888909494e-5,7,3
18952,7,2.800555630237039e-5,7,3
18952,19,1.6533134053957536e-5,7,3
18952,17,0,7,3
19023,11,5.7463313350988097e-5,7,3
19023,10,2.8768589734513115e-5,7,3
19023,5,2.34946243169694e-4,7,3
19023,2,0,7,3
19023,3,0,7,3
19023,13,1.48629525097044e-5,7,3
19023,9,6.399779792523269e-5,7,3
19023,1,0,7,3
19023,4,1.2674636537244956e-4,7,3
19023,8,1.862825433978759e-5,7,3
19023,12,3.60362565536692e-5,7,3
19023,6,1.4498515358157775e-4,7,3
19023,7,7.001389075592598e-5,7,3
19023,19,3.182628305386826e-5,7,3
19023,17,0,7,3
19098,11,2.0425348347507617e-5,7,3
19098,10,1.7755613976769815e-5,7,3
19098,5,1.7479734640347814e-4,7,3
19098,2,3.886225145431181e-5,7,3
19098,3,0,7,3
19098,13,1.7392816766675363e-5,7,3
19098,9,3.4178035451109927e-5,7,3
19098,1,0,7,3
19098,4,0,7,3
19098,8,6.758157388388056e-5,7,3
19098,12,1.2238728640868787e-5,7,3
19098,6,9.655459487990908e-5,7,3
19098,7,6.68632656719093e-5,7,3
19098,19,1.6119805702608597e-5,7,3
19098,17,3.600301705282903e-6,7,3
19136,11,2.530019815311277e-4,5,1
19136,10,4.0455829314159066e-4,5,1
19136,5,0.00325069894014985,5,1
19136,2,1.4681294993851128e-4,5,1
19136,3,4.12136976013628e-5,5,1
19136,13,1.0372443453580945e-4,5,1
19136,9,6.223155045561157e-4,5,1
19136,1,0,5,1
19136,4,0,5,1
19136,8,8.192099757334497e-4,5,1
19136,12,2.8217068810891923e-4,5,1
19136,6,0.00164694551838016,5,1
19136,7,9.444873862974414e-4,5,1
19136,19,1.806244895394861e-4,5,1
19136,17,1.6237360690825892e-4,5,1
19193,11,5.991435515268901e-6,7,3
19193,10,1.7081350154867163e-5,7,3
19193,5,1.1198993486306488e-4,7,3
19193,2,0,7,3
19193,3,0,7,3
19193,13,6.957126706670145e-6,7,3
19193,9,2.959037968586027e-5,7,3
19193,1,0,7,3
19193,4,4.112790223310098e-4,7,3
19193,8,3.227453368172501e-5,7,3
19193,12,2.8330390372381452e-5,7,3
19193,6,8.613282908334746e-5,7,3
19193,7,6.826354348702782e-5,7,3
19193,19,2.6453014486332055e-5,7,3
19193,17,3.7443137734942186e-5,7,3
19218,11,5.719097537302133e-6,7,3
19218,10,2.247546073008837e-7,7,3
19218,5,1.827728907260703e-5,7,3
19218,2,4.0589462630059e-4,7,3
19218,3,1.740133898724207e-4,7,3
19218,13,0,7,3
19218,9,1.7433091907948687e-5,7,3
19218,1,0,7,3
19218,4,4.035190407775945e-4,7,3
19218,8,2.31770141204334e-5,7,3
19218,12,0,7,3
19218,6,3.892836047539191e-5,7,3
19218,7,2.660527848725187e-5,7,3
19218,19,5.786596918885137e-6,7,3
19218,17,0,7,3
19278,11,8.170139339003046e-6,7,3
19278,10,2.112693308628307e-5,7,3
19278,5,1.4488905519375754e-4,7,3
19278,2,3.178068563374833e-5,7,3
19278,3,1.6235699055082314e-5,7,3
19278,13,2.624734166607373e-5,7,3
19278,9,1.605679517837379e-5,7,3
19278,1,0,7,3
19278,4,5.066159385586832e-4,7,3
19278,8,2.07943304258094e-5,7,3
19278,12,6.119364320434394e-6,7,3
19278,6,3.616965776453737e-5,7,3
19278,7,3.675729264686114e-5,7,3
19278,19,1.2399850540468152e-5,7,3
19278,17,1.9081599037999383e-5,7,3
19291,11,3.867199287128109e-5,7,3
19291,10,2.1576442300884836e-5,7,3
19291,5,1.4355979780665884e-4,7,3
19291,2,0,7,3
19291,3,3.6218097892106704e-5,7,3
19291,13,4.8699886946691015e-5,7,3
19291,9,4.633532322902151e-5,7,3
19291,1,0,7,3
19291,4,1.4965678710158038e-4,7,3
19291,8,2.036111520860504e-5,7,3
19291,12,9.519011165120167e-6,7,3
19291,6,4.260663075653131e-5,7,3
19291,7,2.415479231079446e-5,7,3
19291,19,3.471958151331083e-5,7,3
19291,17,4.6803922168677736e-5,7,3
19342,11,1.0076505184770423e-5,7,3
19342,10,0,7,3
19342,5,1.329257387098693e-5,7,3
19342,2,1.7513921322076523e-4,7,3
19342,3,8.638224497255334e-5,7,3
19342,13,9.170757931519736e-6,7,3
19342,9,4.587655765249654e-6,7,3
19342,1,0,7,3
19342,4,1.0679212709223884e-4,7,3
19342,8,8.664304344087252e-6,7,3
19342,12,0,7,3
19342,6,7.356540562278787e-6,7,3
19342,7,2.450486176457409e-6,7,3
19342,19,4.5466118648383225e-6,7,3
19342,17,0,7,3
19344,11,2.4782755994975908e-5,7,3
19344,10,3.8433037848451115e-5,7,3
19344,5,5.805531638153542e-4,7,3
19344,2,3.644415580826574e-4,7,3
19344,3,3.2846068088358837e-4,7,3
19344,13,8.854524899398366e-6,7,3
19344,9,8.968867021063074e-5,7,3
19344,1,0,7,3
19344,4,2.4647179505371384e-4,7,3
19344,8,1.0115575321721866e-4,7,3
19344,12,2.4477457281737574e-5,7,3
19344,6,2.0475704565009288e-4,7,3
19344,7,1.1657312810861676e-4,7,3
19344,19,4.959940216187261e-6,7,3
19344,17,0,7,3
19371,11,2.7233797796676823e-5,7,3
19371,10,7.843935794800842e-5,7,3
19371,5,4.426427099038648e-4,7,3
19371,2,1.2038661894957923e-4,7,3
19371,3,1.03034244003407e-4,7,3
19371,13,3.3836934436986616e-5,7,3
19371,9,4.839976832338385e-5,7,3
19371,1,0,7,3
19371,4,0.00123679325044194,7,3
19371,8,6.0433522800008575e-5,7,3
19371,12,2.969024911025576e-5,7,3
19371,6,1.618438923701333e-4,7,3
19371,7,1.032704888649908e-4,7,3
19371,19,4.050617843219596e-5,7,3
19371,17,4.3923680804451415e-5,7,3
19396,11,1.919982744665716e-4,7,3
19396,10,2.8229178676990996e-4,7,3
19396,5,0.00122823382567919,7,3
19396,2,7.306103273410621e-5,7,3
19396,3,5.68249466927881e-5,7,3
19396,13,1.584327490928065e-4,7,3
19396,9,3.1631886501396367e-4,7,3
19396,1,0,7,3
19396,4,0.00214618918391599,7,3
19396,8,2.75958093359179e-4,7,3
19396,12,2.5225379587568445e-4,7,3
19396,6,6.053819837708585e-4,7,3
19396,7,2.9930938298158356e-4,7,3
19396,19,2.649434732146695e-4,7,3
19396,17,2.9522473983319803e-4,7,3
19419,11,1.1165857096637498e-5,7,3
19419,10,1.2361503401548605e-5,7,3
19419,5,9.80327322985286e-5,7,3
19419,2,0,7,3
19419,3,0,7,3
19419,13,2.782850682668058e-5,7,3
19419,9,3.0507910838910203e-5,7,3
19419,1,0,7,3
19419,4,2.841631340274452e-4,7,3
19419,8,4.180526846022099e-5,7,3
19419,12,6.346007443413445e-6,7,3
19419,6,6.007841459194342e-5,7,3
19419,7,3.675729264686114e-5,7,3
19419,19,6.199925270234076e-6,7,3
19419,17,3.600301705282903e-7,7,3
19452,11,2.61989134804031e-4,5,1
19452,10,3.728678935121661e-4,5,1
19452,5,0.00270437415405229,5,1
19452,2,0,5,1
19452,3,6.827319602649999e-5,5,1
19452,13,1.6412494367099115e-4,5,1
19452,9,6.055705610129543e-4,5,1
19452,1,0,5,1
19452,4,0,5,1
19452,8,6.491730029807373e-4,5,1
19452,12,1.7474184781684878e-4,5,1
19452,6,0.00143084713936322,5,1
19452,7,8.440174530626876e-4,5,1
19452,19,1.0457207289128142e-4,5,1
19452,17,1.0476877962373249e-4,5,1
19482,11,2.2195545204291612e-4,3,4
19482,10,2.2565362573008724e-4,3,4
19482,5,8.763129324448134e-4,3,4
19482,2,0,3,4
19482,3,2.081499878856707e-7,3,4
19482,13,1.5685158393219964e-4,3,4
19482,9,2.759474942797667e-4,3,4
19482,1,0,3,4
19482,4,0.00119060288405257,3,4
19482,8,2.740086248817593e-4,3,4
19482,12,2.4182821221864807e-4,3,4
19482,6,6.277581279811232e-4,3,4
19482,7,3.259146614688354e-4,3,4
19482,19,2.463436974039673e-4,3,4
19482,17,3.2402715347546124e-4,3,4
19553,11,2.7233797796676824e-7,7,3
19553,10,3.03418719856193e-5,7,3
19553,5,0.00120530413575173,7,3
19553,2,1.1244144754114216e-4,7,3
19553,3,1.6672814029642223e-4,7,3
19553,13,0,7,3
19553,9,4.6105940440759027e-5,7,3
19553,1,0,7,3
19553,4,1.2120352140572435e-4,7,3
19553,8,5.4801724976351866e-5,7,3
19553,12,1.4731802993638354e-5,7,3
19553,6,3.1755733427170097e-4,7,3
19553,7,8.996784962136488e-5,7,3
19553,19,3.3066268107915073e-6,7,3
19553,17,0,7,3
19600,11,1.544156335071576e-4,3,4
19600,10,1.6227282647123805e-4,3,4
19600,5,7.121496451381248e-4,3,4
19600,2,5.0434566331817995e-5,3,4
19600,3,4.162999757713414e-7,3,4
19600,13,9.9929638150353e-5,3,4
19600,9,2.0736204058928437e-4,3,4
19600,1,0,3,4
19600,4,0.0014004919089259,3,4
19600,8,2.0512740534626568e-4,3,4
19600,12,1.8652729021175943e-4,3,4
19600,6,5.722775512406039e-4,3,4
19600,7,2.7445445176322984e-4,3,4
19600,19,1.7277125086385625e-4,3,4
19600,17,1.594933655440326e-4,3,4
19602,11,8.388009721376462e-5,7,3
19602,10,8.15859224502208e-5,7,3
19602,5,8.204841221866682e-4,7,3
19602,2,0.00155759903828881,7,3
19602,3,0.00129073807487904,7,3
19602,13,1.2174971736672756e-4,7,3
19602,9,1.738721535029619e-4,7,3
19602,1,2.855574738672078e-7,7,3
19602,4,0.00103725086763984,7,3
19602,8,1.7198644123013194e-4,7,3
19602,12,1.7474184781684878e-4,7,3
19602,6,4.245336949481717e-4,7,3
19602,7,2.0444056100730383e-4,7,3
19602,19,9.051890894541753e-5,7,3
19602,17,1.7245445168305104e-4,7,3
19613,11,0.0014561911681883,2,9
19613,10,5.056978664269884e-4,2,9
19613,5,5.602819886620992e-4,2,9
19613,2,1.7272111757471916e-7,2,9
19613,3,4.162999757713414e-7,2,9
19613,13,0.00348109321759204,2,9
19613,9,5.048715169657245e-4,2,9
19613,1,2.855574738672078e-7,2,9
19613,4,0.00107013840850907,2,9
19613,8,2.0339454447744823e-4,2,9
19613,12,0.00250123350519681,2,9
19613,6,3.3840086586482416e-4,2,9
19613,7,1.897376439485594e-4,2,9
19613,19,0.03884170516131378,2,9
19613,17,0.01545933549231425,2,9
19646,11,5.419525761538688e-5,7,3
19646,10,7.59670572676987e-5,7,3
19646,5,7.869203731624263e-4,7,3
19646,2,9.340758038440812e-4,7,3
19646,3,0.00117084368185689,7,3
19646,13,3.636679869395758e-5,7,3
19646,9,1.314363376744026e-4,7,3
19646,1,0,7,3
19646,4,8.669007963958211e-4,7,3
19646,8,1.6808750427529267e-4,7,3
19646,12,2.3344241666842315e-5,7,3
19646,6,4.6560771308756154e-4,7,3
19646,7,3.0526056369583726e-4,7,3
19646,19,4.918607381052367e-5,7,3
19646,17,6.876576257090345e-5,7,3
19725,11,5.446759559335365e-7,7,3
19725,10,2.0452669264380416e-5,7,3
19725,5,1.7944974725832355e-5,7,3
19725,2,0,7,3
19725,3,2.081499878856707e-7,7,3
19725,13,6.324660642427405e-6,7,3
19725,9,2.0415068155360963e-5,7,3
19725,1,0,7,3
19725,4,2.815764735096401e-4,7,3
19725,8,1.5812355427959234e-5,7,3
19725,12,9.292368042141116e-6,7,3
19725,6,3.8315315428535344e-5,7,3
19725,7,9.801944705829637e-6,7,3
19725,19,9.919880432374522e-6,7,3
19725,17,7.920663751622386e-6,7,3
19751,11,2.769677235922033e-4,5,1
19751,10,4.1759406036504193e-4,5,1
19751,5,0.00351056875932764,5,1
19751,2,0,5,1
19751,3,0,5,1
19751,13,2.498240953758825e-4,5,1
19751,9,7.459528274295938e-4,5,1
19751,1,0,5,1
19751,4,0,5,1
19751,8,9.708353017549766e-4,5,1
19751,12,2.8829005242935363e-4,5,1
19751,6,0.00204603784388378,5,1
19751,7,0.00116748162835506,5,1
19751,19,2.475836824580141e-4,5,1
19751,17,2.332995505023321e-4,5,1
19803,11,9.096088464090058e-5,7,3
19803,10,7.686607569690223e-5,7,3
19803,5,2.67513049153612e-4,7,3
19803,2,0,7,3
19803,3,0,7,3
19803,13,5.534078062123979e-5,7,3
19803,9,6.927360205526979e-5,7,3
19803,1,0,7,3
19803,4,0,7,3
19803,8,6.346602932043912e-5,7,3
19803,12,8.43112417482072e-5,7,3
19803,6,1.4498515358157775e-4,7,3
19803,7,7.666521037773894e-5,7,3
19803,19,6.985249137797059e-5,7,3
19803,17,3.9603318758111927e-5,7,3
19908,11,4.357407647468292e-6,7,3
19908,10,7.192147433628279e-6,7,3
19908,5,3.522532075811536e-5,7,3
19908,2,5.993422779842755e-4,7,3
19908,3,3.018174824342225e-4,7,3
19908,13,3.415316746910799e-5,7,3
19908,9,1.0780991048336688e-5,7,3
19908,1,0,7,3
19908,4,1.917824012486919e-4,7,3
19908,8,3.898936954839263e-5,7,3
19908,12,1.0425583657036372e-5,7,3
19908,6,6.007841459194342e-5,7,3
19908,7,6.756340457946856e-5,7,3
19908,19,3.2652939756566136e-5,7,3
19908,17,1.9081599037999383e-5,7,3
19978,11,0.0656879202855845,1,6
19978,10,0.07199272154679717,1,6
19978,5,0.00712049950834092,1,6
19978,2,5.9761506680852825e-5,1,6
19978,3,4.662559728639024e-5,1,6
19978,13,0.0611401781973136,1,6
19978,9,0.07718478503965455,1,6
19978,1,9.13783916375065e-6,1,6
19978,4,0.00217131674323181,1,6
19978,8,0.0792541246962349,1,6
19978,12,0.06418827878826615,1,6
19978,6,0.05869845019146929,1,6
19978,7,0.07625492897790921,1,6
19978,19,0.04034002043495369,1,6
19978,17,0.04299444293431789,1,6
20083,11,4.0578358717048467e-5,7,3
20083,10,7.012343747787572e-5,7,3
20083,5,2.412602157584128e-4,7,3
20083,2,3.005347445800113e-5,7,3
20083,3,8.700669493621036e-5,7,3
20083,13,1.8657748895160845e-5,7,3
20083,9,8.555978002190606e-5,7,3
20083,1,0,7,3
20083,4,9.72584354694715e-4,7,3
20083,8,9.509074017635758e-5,7,3
20083,12,1.9038022330240335e-5,7,3
20083,6,1.2690032469930907e-4,7,3
20083,7,8.646715508356858e-5,7,3
20083,19,6.861250632392377e-5,7,3
20083,17,0,7,3
20090,11,2.451041801700914e-5,7,3
20090,10,1.753085936946893e-5,7,3
20090,5,7.244452759687877e-5,7,3
20090,2,0,7,3
20090,3,5.078859704410365e-5,7,3
20090,13,9.170757931519736e-6,7,3
20090,9,1.4680498448798897e-5,7,3
20090,1,0,7,3
20090,4,0,7,3
20090,8,2.7725773901079203e-5,7,3
20090,12,8.159152427245858e-6,7,3
20090,6,5.762623440451716e-5,7,3
20090,7,1.5052986512524085e-5,7,3
20090,19,3.471958151331083e-5,7,3
20090,17,0,7,3
20106,11,6.86291704476256e-4,2,9
20106,10,4.573756258572984e-4,2,9
20106,5,8.696666455093199e-4,2,9
20106,2,0,2,9
20106,3,0,2,9
20106,13,0.00167888116753235,2,9
20106,9,6.872308336343982e-4,2,9
20106,1,0,2,9
20106,4,4.205170956088851e-4,2,9
20106,8,6.030355823484726e-4,2,9
20106,12,0.001222513005349,2,9
20106,6,0.00118716173323773,2,9
20106,7,6.44127794954519e-4,2,9
20106,19,0.01578004979779977,2,9
20106,17,0.008571238269767,2,9
20163,11,3.458692320177957e-5,3,4
20163,10,9.259889820796408e-5,3,4
20163,5,6.064736828637787e-4,3,4
20163,2,0,3,4
20163,3,0,3,4
20163,13,5.281091636426883e-5,3,4
20163,9,1.8625882406913597e-4,3,4
20163,1,0,3,4
20163,4,5.454158463257596e-4,3,4
20163,8,1.550910477591618e-4,3,4
20163,12,1.7451520469386974e-4,3,4
20163,6,2.718854782808868e-4,3,4
20163,7,1.5753125420083346e-4,3,4
20163,19,1.4259828121538376e-4,3,4
20163,17,3.9603318758111927e-5,3,4
20257,11,1.6340278678006093e-5,3,4
20257,10,2.5622025232300746e-5,3,4
20257,5,1.3990433999213744e-4,3,4
20257,2,1.7272111757471916e-7,3,4
20257,3,6.244499636570121e-7,3,4
20257,13,2.751227379455921e-5,3,4
20257,9,1.9038771425786067e-5,3,4
20257,1,0,3,4
20257,4,2.749250607495699e-4,3,4
20257,8,2.1010938034411584e-5,3,4
20257,12,2.81037472494024e-5,3,4
20257,6,5.70131893576606e-5,3,4
20257,7,2.625520903347224e-5,3,4
20257,19,3.8439536675451274e-5,3,4
20257,17,3.924328858758363e-5,3,4
20305,11,4.8203822100117974e-5,7,3
20305,10,4.562518528207939e-5,7,3
20305,5,4.5394139769420366e-4,7,3
20305,2,1.4957648781970678e-4,7,3
20305,3,2.1710043736475457e-4,7,3
20305,13,2.118761315213181e-5,7,3
20305,9,9.519385712893033e-5,7,3
20305,1,0,7,3
20305,4,2.176490064267428e-4,7,3
20305,8,1.4144476841722436e-4,7,3
20305,12,3.5582970307711104e-5,7,3
20305,6,2.6973982061688885e-4,7,3
20305,7,2.0093986646950755e-4,7,3
20305,19,1.859977581070223e-5,7,3
20305,17,9.720814604263837e-6,7,3
20316,11,1.1274792287824204e-4,2,9
20316,10,6.697687297566335e-5,2,9
20316,5,1.1464844963726228e-4,2,9
20316,2,0,2,9
20316,3,0,2,9
20316,13,1.404074662618884e-4,2,9
20316,9,7.913706195055654e-5,2,9
20316,1,0,2,9
20316,4,4.766845811383671e-5,2,9
20316,8,4.288830650323189e-5,2,9
20316,12,1.6816919725045628e-4,2,9
20316,6,9.011762188791514e-5,2,9
20316,7,3.885770936953891e-5,2,9
20316,19,1.2110520694523895e-4,2,9
20316,17,9.936832706580813e-5,2,9
20336,11,0.01384185006813896,1,6
20336,10,0.01545727336251097,1,6
20336,5,4.994684632023339e-4,1,6
20336,2,4.6807422862748893e-5,1,6
20336,3,3.9964797674048774e-5,1,6
20336,13,0.01417166710148708,1,6
20336,9,0.01984092303633997,1,6
20336,1,1.2678751839704025e-4,1,6
20336,4,3.879990776707639e-5,1,6
20336,8,0.01479170037622575,1,6
20336,12,0.01524560295343186,1,6
20336,6,0.00645996218125106,1,6
20336,7,0.01312165333602186,1,6
20336,19,0.01159882019555391,1,6
20336,17,0.0119105181014169,1,6
20380,11,6.399942482219054e-5,5,1
20380,10,5.6188651825220926e-5,5,1
20380,5,0.00117306964411459,5,1
20380,2,0,5,1
20380,3,0,5,1
20380,13,1.0435690060005218e-5,5,1
20380,9,1.2111411220259088e-4,5,1
20380,1,0,5,1
20380,4,0,5,1
20380,8,1.271486662494804e-4,5,1
20380,12,1.3145301132784992e-5,5,1
20380,6,3.298182352088323e-4,5,1
20380,7,1.6803333781422234e-4,5,1
20380,19,1.6533134053957536e-5,5,1
20380,17,2.628220244856519e-5,5,1
20405,11,4.330173849671615e-5,3,4
20405,10,6.562834533185804e-5,3,4
20405,5,2.8246719475847227e-4,3,4
20405,2,1.089870251896478e-4,3,4
20405,3,6.244499636570121e-7,3,4
20405,13,3.541809959759346e-5,3,4
20405,9,1.1125065230730413e-4,3,4
20405,1,0,3,4
20405,4,5.058768926964532e-4,3,4
20405,8,5.935048475699767e-5,3,4
20405,12,4.283555024304075e-5,3,4
20405,6,1.4345254096443633e-4,3,4
20405,7,7.771541873907783e-5,3,4
20405,19,3.967952172949809e-5,3,4
20405,17,2.628220244856519e-5,3,4
20409,11,1.4433912832238717e-4,3,4
20409,10,1.6766693704645924e-4,3,4
20409,5,0.00125216045864696,3,4
20409,2,1.3765873070705116e-4,3,4
20409,3,4.162999757713414e-7,3,4
20409,13,4.5853789657598685e-5,3,4
20409,9,2.4360452113475665e-4,3,4
20409,1,0,3,4
20409,4,0,3,4
20409,8,3.1408103247316285e-4,3,4
20409,12,8.861746108480918e-5,3,4
20409,6,8.055411915695272e-4,3,4
20409,7,4.186830667204373e-4,3,4
20409,19,5.290602897266411e-5,3,4
20409,17,6.516546086562055e-5,3,4
20447,11,0.00280208545530007,5,1
20447,10,0.00269975234289821,5,1
20447,5,0.01469726661480347,5,1
20447,2,1.7272111757471916e-7,5,1
20447,3,4.308704749233383e-5,5,1
20447,13,0.00261714457383646,5,1
20447,9,0.00390593011853355,5,1
20447,1,8.566724216016234e-7,5,1
20447,4,0.00470476595895634,5,1
20447,8,0.00379843102444785,5,1
20447,12,0.00322649149872977,5,1
20447,6,0.00850416088999427,5,1
20447,7,0.00463071873459694,5,1
20447,19,0.00397663206832813,5,1
20447,17,0.00388616566068236,5,1
20460,11,1.432497764105201e-4,7,3
20460,10,1.2473880705199047e-4,7,3
20460,5,5.85870193363749e-4,7,3
20460,2,3.005347445800113e-5,7,3
20460,3,0,7,3
20460,13,2.0238914055767696e-5,7,3
20460,9,1.8602944128087349e-4,7,3
20460,1,2.855574738672078e-7,7,3
20460,4,9.7295387762583e-4,7,3
20460,8,2.153079629505682e-4,7,3
20460,12,9.473682540524357e-5,7,3
20460,6,4.355685057915898e-4,7,3
20460,7,2.2439451987274275e-4,7,3
20460,19,1.2358517705333258e-4,7,3
20460,17,4.5363801486564575e-5,7,3
20482,11,0,8,2
20482,10,1.5508067903760978e-5,8,2
20482,5,4.419780812103154e-5,8,2
20482,2,3.298973345677136e-5,8,2
20482,3,1.2093514296157467e-4,8,2
20482,13,6.008427610306035e-6,8,2
20482,9,2.3167661614510757e-5,8,2
20482,1,0,8,2
20482,4,3.695229311150133e-7,8,2
20482,8,4.007240759140354e-5,8,2
20482,12,2.0397881068114644e-5,8,2
20482,6,3.586313524110908e-5,8,2
20482,7,4.445882063001299e-5,8,2
20482,19,4.0092850080847025e-5,8,2
20482,17,3.7083107564413896e-5,8,2
20488,11,0.00448322779328893,5,1
20488,10,0.00584182175296457,5,1
20488,5,0.03808854116992595,5,1
20488,2,3.454422351494383e-7,5,1
20488,3,1.4799464138671187e-4,5,1
20488,13,0.00298713722141846,5,1
20488,9,0.00808734896577035,5,1
20488,1,5.711149477344156e-7,5,1
20488,4,0.00531004452012274,5,1
20488,8,0.00914257394388086,5,1
20488,12,0.00390642086766693,5,1
20488,6,0.02043187184415904,5,1
20488,7,0.01058575021284222,5,1
20488,19,0.00435524083816376,5,1
20488,17,0.00413530653868794,5,1
20512,11,1.252754698647134e-5,3,4
20512,10,3.775877402654846e-5,3,4
20512,5,9.07218166694858e-5,3,4
20512,2,1.6581227287173038e-4,3,4
20512,3,8.325999515426828e-7,3,4
20512,13,7.589592770912885e-6,3,4
20512,9,1.4221732872273928e-5,3,4
20512,1,0,3,4
20512,4,0,3,4
20512,8,2.5992913032261752e-5,3,4
20512,12,1.4278516747680253e-5,3,4
20512,6,3.954140552224848e-5,3,4
20512,7,1.6453264327642605e-5,3,4
20512,19,2.5213029432285243e-5,3,4
20512,17,7.920663751622386e-6,3,4
20559,11,1.225520900850457e-5,7,3
20559,10,0,7,3
20559,5,2.525589035487517e-5,7,3
20559,2,6.442497685537024e-5,7,3
20559,3,8.679854494832468e-5,7,3
20559,13,0,7,3
20559,9,4.587655765249654e-6,7,3
20559,1,0,7,3
20559,4,2.143233000467077e-4,7,3
20559,8,1.1913418473119973e-5,7,3
20559,12,8.159152427245858e-6,7,3
20559,6,2.7893549631973732e-5,7,3
20559,7,8.401666890711118e-6,7,3
20559,19,4.959940216187261e-6,7,3
20559,17,0,7,3
20633,11,1.1165857096637498e-5,7,3
20633,10,1.326052183075214e-5,7,3
20633,5,9.404496013723252e-5,7,3
20633,2,7.271559049895676e-5,7,3
20633,3,5.349454688661737e-5,7,3
20633,13,0,7,3
20633,9,2.454395834408565e-5,7,3
20633,1,0,7,3
20633,4,2.752945836806849e-4,7,3
20633,8,9.314127169893794e-6,7,3
20633,12,1.133215614895258e-5,7,3
20633,6,3.4943567670824234e-5,7,3
20633,7,2.415479231079446e-5,7,3
20633,19,4.133283513489384e-6,7,3
20633,17,1.5841327503244772e-5,7,3
20639,11,3.1645673039738467e-4,5,1
20639,10,5.047988479977848e-4,5,1
20639,5,0.0039887691043364,5,1
20639,2,2.4837296707244617e-4,5,1
20639,3,2.964055827491951e-4,5,1
20639,13,2.068164030073761e-4,5,1
20639,9,7.37006898687357e-4,5,1
20639,1,0,5,1
20639,4,7.390458622300266e-7,5,1
20639,8,9.34228615901208e-4,5,1
20639,12,2.7242503382082e-4,5,1
20639,6,0.00226397535804129,5,1
20639,7,0.00120913989335484,5,1
20639,19,2.1245077259335435e-4,5,1
20639,17,1.1916998644486408e-4,5,1
20785,11,5.947861438794219e-4,3,4
20785,10,3.706203474391573e-4,3,4
20785,5,0.00102718364588051,3,4
20785,2,1.4957648781970678e-4,3,4
20785,3,9.783049430626523e-5,3,4
20785,13,0.00102301385891263,3,4
20785,9,4.635826150784776e-4,3,4
20785,1,2.855574738672078e-7,3,4
20785,4,0.00106126985816231,3,4
20785,8,3.7559759331618235e-4,3,4
20785,12,0.00106839568172324,3,4
20785,6,4.668338031812747e-4,3,4
20785,7,3.035102164269391e-4,3,4
20785,19,0.00357405025411427,3,4
20785,17,0.00222426639352377,3,4
20794,11,1.225520900850457e-5,7,3
20794,10,3.506171873893786e-5,7,3
20794,5,9.171875970980982e-5,7,3
20794,2,3.2488842215804676e-4,7,3
20794,3,9.762234431837956e-5,7,3
20794,13,8.854524899398366e-6,7,3
20794,9,6.216273561913282e-5,7,3
20794,1,0,7,3
20794,4,7.575220087857772e-5,7,3
20794,8,5.8484054322588946e-5,7,3
20794,12,3.648954279962731e-5,7,3
20794,6,1.5601996442499594e-4,7,3
20794,7,1.0362055831877043e-4,7,3
20794,19,4.1746163486242776e-5,7,3
20794,17,1.188099562743358e-5,7,3
20844,11,2.260405217124176e-5,5,1
20844,10,7.012343747787572e-5,5,1
20844,5,6.589793496541771e-4,5,1
20844,2,5.855245885782979e-5,5,1
20844,3,5.4118996850274384e-5,5,1
20844,13,4.111029417577813e-5,5,1
20844,9,1.341889311335524e-4,5,1
20844,1,0,5,1
20844,4,3.695229311150133e-7,5,1
20844,8,1.379790466795895e-4,5,1
20844,12,9.519011165120167e-6,5,1
20844,6,2.5012237911747876e-4,5,1
20844,7,1.3617701752027602e-4,5,1
20844,19,1.3639835594514968e-5,5,1
20844,17,4.4283710974979705e-5,5,1
20881,11,0,8,2
20881,10,9.439693506637116e-6,8,2
20881,5,0,8,2
20881,2,2.9880753340426412e-5,8,2
20881,3,4.5584847346961886e-5,8,2
20881,13,4.364015843274909e-5,8,2
20881,9,6.652100859611999e-6,8,2
20881,1,0,8,2
20881,4,0,8,2
20881,8,1.6245570645163597e-5,8,2
20881,12,2.266431229790516e-7,8,2
20881,6,3.433052262396767e-5,8,2
20881,7,2.415479231079446e-5,8,2
20881,19,1.2399850540468152e-5,8,2
20881,17,1.6921418014829642e-5,8,2
20892,11,1.4706250810205484e-5,8,2
20892,10,1.7081350154867163e-5,8,2
20892,5,3.555763510489004e-5,8,2
20892,2,1.2021389783200453e-4,8,2
20892,3,1.4549684153208382e-4,8,2
20892,13,1.5179185541825773e-5,8,2
20892,9,1.1239756624861652e-5,8,2
20892,1,0,8,2
20892,4,3.695229311150133e-7,8,2
20892,8,1.4079494559141785e-5,8,2
20892,12,9.97229741107827e-6,8,2
20892,6,3.065225234282828e-5,8,2
20892,7,4.375868172245373e-5,8,2
20892,19,1.6533134053957536e-5,8,2
20892,17,2.9162443812791513e-5,8,2
20902,11,1.0076505184770423e-5,7,3
20902,10,2.472300680309721e-6,7,3
20902,5,1.5618774298409642e-5,7,3
20902,2,6.857028367716351e-5,7,3
20902,3,1.683933401995076e-4,7,3
20902,13,0,7,3
20902,9,1.009284268354924e-5,7,3
20902,1,0,7,3
20902,4,0,7,3
20902,8,1.1263595647313428e-5,7,3
20902,12,4.532862459581032e-7,7,3
20902,6,4.81240361782404e-5,7,3
20902,7,1.9603889411659273e-5,7,3
20902,19,5.3732685675362e-6,7,3
20902,17,0,7,3
20906,11,6.3454748866257e-5,7,3
20906,10,9.080086134955704e-5,7,3
20906,5,4.722186867668107e-4,7,3
20906,2,6.684307250141631e-5,7,3
20906,3,0,7,3
20906,13,9.58186087327752e-5,7,3
20906,9,1.369415245927022e-4,7,3
20906,1,0,7,3
20906,4,4.807493333806323e-4,7,3
20906,8,7.927838474839835e-5,7,3
20906,12,1.176277808261278e-4,7,3
20906,6,2.0567661322037773e-4,7,3
20906,7,1.148227808397186e-4,7,3
20906,19,1.4011831110729013e-4,7,3
20906,17,1.36451434630222e-4,7,3
20960,11,1.8981957064283743e-4,2,9
20960,10,1.899176431692467e-4,2,9
20960,5,1.9573315025028256e-4,2,9
20960,2,6.753395697171519e-5,2,9
20960,3,0,2,9
20960,13,1.3408280561946095e-4,2,9
20960,9,9.381756039935545e-5,2,9
20960,1,0,2,9
20960,4,7.168744863631257e-5,2,9
20960,8,4.873671193549079e-5,2,9
20960,12,2.1508432370711996e-4,2,9
20960,6,9.655459487990908e-5,2,9
20960,7,5.0760070798046335e-5,2,9
20960,19,2.3063722005270764e-4,2,9
20960,17,2.585016624393124e-4,2,9
20975,11,5.991435515268901e-5,7,3
20975,10,3.146564502212372e-5,7,3
20975,5,1.1597770702436096e-4,7,3
20975,2,0,7,3
20975,3,0,7,3
20975,13,5.217845030002609e-5,7,3
20975,9,8.303656935101875e-5,7,3
20975,1,0,7,3
20975,4,5.81998616506146e-4,7,3
20975,8,6.736496627527838e-5,7,3
20975,12,6.889950938563169e-5,7,3
20975,6,1.459047211518626e-4,7,3
20975,7,8.156618273065377e-5,7,3
20975,19,8.969225224271964e-5,7,3
20975,17,6.948582291196003e-5,7,3
20979,11,6.263773493235669e-5,7,3
20979,10,1.1529911354535334e-4,7,3
20979,5,5.785592777347062e-4,7,3
20979,2,7.439098533943155e-4,7,3
20979,3,3.3720298037478655e-4,7,3
20979,13,1.5242432148250047e-4,7,3
20979,9,1.513926402532386e-4,7,3
20979,1,0,7,3
20979,4,6.359489644489378e-4,7,3
20979,8,1.5075889558711816e-4,7,3
20979,12,5.575420825284669e-5,7,3
20979,6,3.629226677390868e-4,7,3
20979,7,1.9008771340233905e-4,7,3
20979,19,9.79588192696984e-5,7,3
20979,17,8.712730126784625e-5,7,3
21013,11,2.562700372667289e-4,3,4
21013,10,3.9691663649336065e-4,3,4
21013,5,9.09212052775506e-4,3,4
21013,2,0,3,4
21013,3,8.325999515426828e-7,3,4
21013,13,2.4381566776557649e-4,3,4
21013,9,3.927033335053704e-4,3,4
21013,1,0,3,4
21013,4,0.00180105476625457,3,4
21013,8,2.0772669664949185e-4,3,4
21013,12,2.9871563608639e-4,3,4
21013,6,5.407057313274908e-4,3,4
21013,7,2.576511179818076e-4,3,4
21013,19,3.8274205334911694e-4,3,4
21013,17,2.909043777868585e-4,3,4
21026,11,0,3,4
21026,10,4.045582931415907e-6,3,4
21026,5,2.724977643552321e-5,3,4
21026,2,5.993422779842755e-5,3,4
21026,3,2.081499878856707e-7,3,4
21026,13,2.308501134486003e-5,3,4
21026,9,8.48716316571186e-6,3,4
21026,1,0,3,4
21026,4,0,3,4
21026,8,1.1046988038711244e-5,3,4
21026,12,1.3371944255764045e-5,3,4
21026,6,1.6858738788555553e-5,3,4
21026,7,1.2602500336066676e-5,3,4
21026,19,2.025308921609798e-5,3,4
21026,17,2.59221722780369e-5,3,4
21099,11,3.812731691534755e-4,7,3
21099,10,6.43697195309731e-4,7,3
21099,5,0.00281403788848793,7,3
21099,2,5.957151345152064e-4,7,3
21099,3,5.617968173034253e-4,7,3
21099,13,4.97118326494794e-4,7,3
21099,9,6.280500742626777e-4,7,3
21099,1,0,7,3
21099,4,0.00480416762742628,7,3
21099,8,6.088839877807316e-4,7,3
21099,12,4.4558037977681546e-4,7,3
21099,6,0.00142839495917579,7,3
21099,7,8.587203701214321e-4,7,3
21099,19,4.187016199164746e-4,7,3
21099,17,3.7695158854311994e-4,7,3
21158,11,3.404224724584603e-5,6,5
21158,10,2.0452669264380416e-5,6,5
21158,5,3.190217729036863e-5,6,5
21158,2,0,6,5
21158,3,0,6,5
21158,13,1.770904979879673e-5,6,5
21158,9,6.606224301959503e-5,6,5
21158,1,0,6,5
21158,4,0,6,5
21158,8,5.696780106237368e-5,6,5
21158,12,2.2890955420884212e-5,6,5
21158,6,3.770227038167878e-5,6,5
21158,7,3.885770936953891e-5,6,5
21158,19,1.2193186364793684e-4,6,5
21158,17,5.328446523818696e-5,6,5
21229,11,1.560496613749582e-4,2,9
21229,10,3.8657792455752e-5,2,9
21229,5,8.972487362916178e-5,2,9
21229,2,0,2,9
21229,3,0,2,9
21229,13,9.961340511823164e-5,2,9
21229,9,5.551063475952082e-5,2,9
21229,1,0,2,9
21229,4,1.4078823675482005e-4,2,9
21229,8,2.534309020645521e-5,2,9
21229,12,8.317802613331194e-5,2,9
21229,6,2.4521801874262624e-6,2,9
21229,7,2.4504861764574093e-5,2,9
21229,19,8.059902851304299e-5,2,9
21229,17,1.2385037866173183e-4,2,9
21231,11,9.722465813413626e-5,3,4
21231,10,1.5687871589601684e-4,3,4
21231,5,0.00115113689722746,3,4
21231,2,0,3,4
21231,3,0,3,4
21231,13,7.874202499822118e-5,3,4
21231,9,3.069141706952019e-4,3,4
21231,1,0,3,4
21231,4,0,3,4
21231,8,3.63250959625858e-4,3,4
21231,12,8.612438673203961e-5,3,4
21231,6,7.466888670712968e-4,3,4
21231,7,4.0958126092216696e-4,3,4
21231,19,1.430116095667327e-4,3,4
21231,17,1.663339387840701e-4,3,4
21255,11,2.478275599497591e-4,7,3
21255,10,2.649856820077419e-4,7,3
21255,5,6.619701787751491e-4,7,3
21255,2,9.900374459382902e-4,7,3
21255,3,9.997443918148764e-4,7,3
21255,13,2.495078623437611e-4,7,3
21255,9,2.504860047826311e-4,7,3
21255,1,2.5985730121915908e-5,7,3
21255,4,0.00168502456588446,7,3
21255,8,2.3090371076992525e-4,7,3
21255,12,1.9785944636071203e-4,7,3
21255,6,3.466769739973878e-4,7,3
21255,7,1.80635838150289e-4,7,3
21255,19,2.959430995658399e-4,7,3
21255,17,2.559814512456144e-4,7,3
21284,11,5.446759559335365e-7,7,3
21284,10,2.8319080519911347e-5,7,3
21284,5,4.951483766942632e-4,7,3
21284,2,0,7,3
21284,3,0,7,3
21284,13,1.4546719477583032e-5,7,3
21284,9,5.7575079853883167e-5,7,3
21284,1,0,7,3
21284,4,0,7,3
21284,8,8.534339778925943e-5,7,3
21284,12,2.7650461003444296e-5,7,3
21284,6,2.4644410883633937e-4,7,3
21284,7,1.2462472554554825e-4,7,3
21284,19,1.2813178891817091e-5,7,3
21284,17,1.6561387844301352e-5,7,3
21329,11,3.976134478314816e-5,7,3
21329,10,5.821144329092888e-5,7,3
21329,5,5.785592777347062e-4,7,3
21329,2,0,7,3
21329,3,0,7,3
21329,13,0,7,3
21329,9,8.739484232800591e-5,7,3
21329,1,0,7,3
21329,4,0.00121462187457504,7,3
21329,8,7.884516953119398e-5,7,3
21329,12,2.493074352769568e-5,7,3
21329,6,3.41466091099107e-4,7,3
21329,7,1.4317840659586862e-4,7,3
21329,19,4.29861485402896e-5,7,3
21329,17,8.316696939203505e-5,7,3
21361,11,9.25949125087012e-6,7,3
21361,10,2.314972455199102e-5,7,3
21361,5,8.906024493561243e-5,7,3
21361,2,1.5855798593359218e-4,7,3
21361,3,3.0806198207079265e-5,7,3
21361,13,1.7392816766675363e-5,7,3
21361,9,4.564717486423406e-5,7,3
21361,1,0,7,3
21361,4,2.453632262603688e-4,7,3
21361,8,2.057772281720722e-5,7,3
21361,12,9.74565428809922e-6,7,3
21361,6,7.969585609135352e-5,7,3
21361,7,4.270847336111485e-5,7,3
21361,19,2.5213029432285243e-5,7,3
21361,17,3.7443137734942186e-5,7,3
21383,11,8.257287491952413e-4,5,1
21383,10,0.0010941054283407,5,1
21383,5,0.0079303495714308,5,1
21383,2,4.611653839245002e-5,5,1
21383,3,0,5,1
21383,13,3.560783941686629e-4,5,1
21383,9,0.00182795143966372,5,1
21383,1,0,5,1
21383,4,1.5261297055050048e-4,5,1
21383,8,0.00185416112963467,5,1
21383,12,4.387810860874439e-4,5,1
21383,6,0.00420487597638918,5,1
21383,7,0.0024693899269615,5,1
21383,19,5.674998264020924e-4,5,1
21383,17,4.4967768298983455e-4,5,1
21461,11,1.6067940700039326e-5,3,4
21461,10,3.393794570243344e-5,3,4
21461,5,1.6648948773411132e-4,3,4
21461,2,0,3,4
21461,3,2.081499878856707e-7,3,4
21461,13,3.1623303212137026e-6,3,4
21461,9,7.546693733835682e-5,3,4
21461,1,0,3,4
21461,4,6.451870377268132e-4,3,4
21461,8,1.0093914560861648e-4,3,4
21461,12,4.668848333368463e-5,3,4
21461,6,1.3640252292558582e-4,3,4
21461,7,1.113220863019223e-4,3,4
21461,19,3.719955162140446e-5,3,4
21461,17,7.200603410565806e-6,3,4
21482,11,1.691218843173631e-4,1,6
21482,10,6.585309993915893e-5,1,6
21482,5,1.628340299195899e-5,1,6
21482,2,3.454422351494383e-7,1,6
21482,3,0,1,6
21482,13,1.7582556585948186e-4,1,6
21482,9,6.76679225374324e-5,1,6
21482,1,0,1,6
21482,4,0,1,6
21482,8,3.097488803011192e-5,1,6
21482,12,1.348526581725357e-4,1,6
21482,6,5.885232449823029e-5,1,6
21482,7,3.360666756284447e-5,1,6
21482,19,2.132774292960522e-4,1,6
21482,17,1.2709065019648647e-4,1,6
21512,11,2.7233797796676824e-7,7,3
21512,10,1.7081350154867163e-5,7,3
21512,5,2.402632727180888e-4,7,3
21512,2,1.0121457489878542e-4,7,3
21512,3,9.88712442456936e-5,7,3
21512,13,5.3759615460632945e-6,7,3
21512,9,4.656470601728399e-5,7,3
21512,1,0,7,3
21512,4,0.00117397435215239,7,3
21512,8,4.895331954409297e-5,7,3
21512,12,2.538402977365378e-5,7,3
21512,6,1.0789592824675554e-4,7,3
21512,7,6.756340457946856e-5,7,3
21512,19,4.133283513489384e-6,7,3
21512,17,0,7,3
21532,11,5.419525761538688e-5,7,3
21532,10,7.484328423119427e-5,7,3
21532,5,6.144492271863708e-4,7,3
21532,2,7.133382155835901e-5,7,3
21532,3,1.6527109038122254e-4,7,3
21532,13,6.419530552063816e-5,7,3
21532,9,1.234079400852157e-4,7,3
21532,1,0,7,3
21532,4,0.00110709070162057,7,3
21532,8,1.5119211080432253e-4,7,3
21532,12,6.0060427589448675e-5,7,3
21532,6,3.1265297389684843e-4,7,3
21532,7,1.4702917058744455e-4,7,3
21532,19,2.2733059324191617e-5,7,3
21532,17,1.404117665060332e-5,7,3
21634,11,6.50887767340576e-5,7,3
21634,10,5.169355967920325e-5,7,3
21634,5,4.6125231332324647e-4,7,3
21634,2,1.7272111757471916e-6,7,3
21634,3,7.659919554192682e-5,7,3
21634,13,4.617002268972006e-5,7,3
21634,9,4.6105940440759027e-5,7,3
21634,1,0,7,3
21634,4,9.629767584857246e-4,7,3
21634,8,5.935048475699767e-5,7,3
21634,12,5.462099263795144e-5,7,3
21634,6,1.725721806901232e-4,7,3
21634,7,7.631514092395931e-5,7,3
21634,19,4.7532760405127914e-5,7,3
21634,17,1.4401206821131611e-5,7,3
21692,11,2.5872107906842986e-5,5,1
21692,10,5.7761934076327114e-5,5,1
21692,5,2.84793395185895e-4,5,1
21692,2,7.893355073164666e-5,5,1
21692,3,5.82819966079878e-5,5,1
21692,13,1.0119457027883848e-5,5,1
21692,9,2.936099689759779e-5,5,1
21692,1,0,5,1
21692,4,7.390458622300266e-7,5,1
21692,8,5.913387714839549e-5,5,1
21692,12,1.2918658009805942e-5,5,1
21692,6,1.0421765796561614e-4,5,1
21692,7,6.511291840301116e-5,5,1
21692,19,3.3066268107915073e-6,5,1
21692,17,2.664223261909348e-5,5,1
21722,11,2.3475533700735424e-4,5,1
21722,10,3.6477672764933427e-4,5,1
21722,5,0.00300810946700434,5,1
21722,2,6.977933150018654e-5,5,1
21722,3,1.4695389144728352e-4,5,1
21722,13,1.710820703776613e-4,5,1
21722,9,6.541997121246008e-4,5,1
21722,1,0,5,1
21722,4,1.5667772279276564e-4,5,1
21722,8,7.992820757420489e-4,5,1
21722,12,1.4913117492021597e-4,5,1
21722,6,0.00200527034826782,5,1
21722,7,0.00108906607070842,5,1
21722,19,2.0955747413391176e-4,5,1
21722,17,5.148431438554551e-5,5,1
21741,11,1.552326474410579e-5,3,4
21741,10,0,3,4
21741,5,4.984715201620099e-5,3,4
21741,2,5.8897901092979234e-5,3,4
21741,3,2.081499878856707e-7,3,4
21741,13,3.1623303212137025e-7,3,4
21741,9,3.6013097757209787e-5,3,4
21741,1,0,3,4
21741,4,0,3,4
21741,8,3.530704020215555e-5,3,4
21741,12,2.7423817880465243e-5,3,4
21741,6,5.977189206851514e-5,3,4
21741,7,5.881166823497782e-5,3,4
21741,19,7.439910324280892e-6,3,4
21741,17,0,3,4
21800,11,1.8491748703943563e-4,5,1
21800,10,1.4249442102876029e-4,5,1
21800,5,0.00204605943309166,5,1
21800,2,0,5,1
21800,3,1.1344174339769052e-4,5,1
21800,13,7.842579196609982e-5,5,1
21800,9,1.727252395616495e-4,5,1
21800,1,0,5,1
21800,4,0,5,1
21800,8,2.6664396618928516e-4,5,1
21800,12,4.895491456347515e-5,5,1
21800,6,6.473755694805332e-4,5,1
21800,7,3.42367925796478e-4,5,1
21800,19,5.331935732401305e-5,5,1
21800,17,5.7604827284526446e-5,5,1
21819,11,1.6340278678006093e-5,7,3
21819,10,8.046214941371637e-5,7,3
21819,5,7.284330481300838e-4,7,3
21819,2,2.1261969573447927e-4,7,3
21819,3,2.069010879583567e-4,7,3
21819,13,2.3401244376981397e-5,7,3
21819,9,1.0712176211857945e-4,7,3
21819,1,1.5705661062696428e-5,7,3
21819,4,1.5926438331057073e-4,7,3
21819,8,9.27080564817336e-5,7,3
21819,12,1.1105513025973528e-5,7,3
21819,6,2.5901153229689896e-4,7,3
21819,7,1.2322444773042973e-4,7,3
21819,19,1.1573193837770277e-5,7,3
21819,17,2.4122021425395448e-5,7,3
21831,11,0,5,1
21831,10,1.9553650835176883e-5,5,1
21831,5,4.685632289522893e-5,5,1
21831,2,3.454422351494383e-7,5,1
21831,3,2.037788381400716e-4,5,1
21831,13,3.1623303212137025e-7,5,1
21831,9,2.0644450943623447e-5,5,1
21831,1,0,5,1
21831,4,7.24264944985426e-5,5,1
21831,8,1.4512709776346146e-5,5,1
21831,12,1.2918658009805942e-5,5,1
21831,6,4.107401813938989e-5,5,1
21831,7,3.080611193260743e-5,5,1
21831,19,0,5,1
21831,17,0,5,1
21858,11,8.197373136799723e-5,7,3
21858,10,3.641024638274316e-5,7,3
21858,5,1.4522136954053222e-4,7,3
21858,2,0,7,3
21858,3,0,7,3
21858,13,2.814473985880195e-5,7,3
21858,9,5.7804462642145647e-5,7,3
21858,1,0,7,3
21858,4,3.5178583042149266e-4,7,3
21858,8,6.02169151914064e-5,7,3
21858,12,5.099470267028661e-5,7,3
21858,6,1.0329809039533127e-4,7,3
21858,7,5.356062642828337e-5,7,3
21858,19,1.5417147505315405e-4,7,3
21858,17,1.36451434630222e-4,7,3
21920,11,2.3421066105142063e-5,5,1
21920,10,6.045898936393771e-5,5,1
21920,5,6.07138311557328e-4,5,1
21920,2,0,5,1
21920,3,0,5,1
21920,13,4.522132359335594e-5,5,1
21920,9,1.472637500645139e-4,5,1
21920,1,0,5,1
21920,4,0,5,1
21920,8,1.4166137602582656e-4,5,1
21920,12,4.442205210389411e-5,5,1
21920,6,2.9824641529571915e-4,5,1
21920,7,1.487795178563427e-4,5,1
21920,19,2.314638767554055e-5,5,1
21920,17,1.296108613901845e-5,5,1
21932,11,1.4787952203595514e-4,5,1
21932,10,2.6431141818583924e-4,5,1
21932,5,0.00147381412794567,5,1
21932,2,7.392463832197979e-5,5,1
21932,3,5.557604676547408e-5,5,1
21932,13,3.225576927637976e-5,5,1
21932,9,3.1425441991960135e-4,5,1
21932,1,0,5,1
21932,4,8.425122829422302e-5,5,1
21932,8,3.35741793333381e-4,5,1
21932,12,7.0259368123506e-5,5,1
21932,6,7.184887949158948e-4,5,1
21932,7,4.2918515033382623e-4,5,1
21932,19,2.314638767554055e-5,5,1
21932,17,7.272609444671463e-5,5,1
21982,11,1.252754698647134e-5,3,4
21982,10,2.966760816371665e-5,3,4
21982,5,5.307060117991532e-4,3,4
21982,2,0,3,4
21982,3,4.162999757713414e-7,3,4
21982,13,6.957126706670145e-6,3,4
21982,9,4.656470601728399e-5,3,4
21982,1,0,3,4
21982,4,0.00108972312385817,3,4
21982,8,5.956709236559985e-5,3,4
21982,12,2.7423817880465243e-5,3,4
21982,6,1.1494594628560604e-4,3,4
21982,7,6.021194605009634e-5,3,4
21982,19,4.5466118648383225e-6,3,4
21982,17,0,3,4
22028,11,4.248472456281584e-5,7,3
22028,10,6.5178836117256275e-6,7,3
22028,5,6.014889676621586e-5,7,3
22028,2,5.233449862513991e-5,7,3
22028,3,0,7,3
22028,13,0,7,3
22028,9,4.587655765249654e-6,7,3
22028,1,0,7,3
22028,4,0,7,3
22028,8,2.014450760000286e-5,7,3
22028,12,6.799293689371548e-6,7,3
22028,6,3.525009019425252e-5,7,3
22028,7,2.730541739481113e-5,7,3
22028,19,1.570647735125966e-5,7,3
22028,17,3.600301705282903e-7,7,3
22032,11,1.7429630589873167e-5,3,4
22032,10,2.225070612278749e-5,3,4
22032,5,2.35943186210018e-5,3,4
22032,2,1.0587804507330284e-4,3,4
22032,3,4.162999757713414e-7,3,4
22032,13,1.770904979879673e-5,3,4
22032,9,3.830692563983461e-5,3,4
22032,1,0,3,4
22032,4,1.4337489727262514e-4,3,4
22032,8,5.523494019355623e-5,3,4
22032,12,3.875597402941782e-5,3,4
22032,6,4.291315327995959e-5,3,4
22032,7,4.9709862436707446e-5,3,4
22032,19,1.1159865486421336e-4,3,4
22032,17,8.244690905097847e-5,3,4
22039,11,6.291007291032346e-5,3,4
22039,10,5.8885707112831535e-5,3,4
22039,5,4.077497034925241e-4,3,4
22039,2,0,3,4
22039,3,0,3,4
22039,13,2.2136312248495915e-5,3,4
22039,9,3.0049145262385237e-5,3,4
22039,1,0,3,4
22039,4,5.324825437367342e-4,3,4
22039,8,5.805083910538458e-5,3,4
22039,12,4.532862459581032e-7,3,4
22039,6,9.41024146924828e-5,3,4
22039,7,6.966382130214634e-5,3,4
22039,19,3.967952172949809e-5,3,4
22039,17,3.7443137734942186e-5,3,4
22075,11,0,7,3
22075,10,9.664448113938e-6,7,3
22075,5,1.1365150659693824e-4,7,3
22075,2,2.747992980613782e-4,7,3
22075,3,4.013131766435731e-4,7,3
22075,13,0,7,3
22075,9,1.4680498448798897e-5,7,3
22075,1,0,7,3
22075,4,1.2637684244133453e-4,7,3
22075,8,1.9711292382798496e-5,7,3
22075,12,1.7224877346407922e-5,7,3
22075,6,2.9119639725686863e-5,7,3
22075,7,7.351458529372227e-6,7,3
22075,19,6.6132536215830145e-6,7,3
22075,17,0,7,3
22108,11,1.3072222942404876e-5,5,1
22108,10,5.2367823501105904e-5,5,1
22108,5,5.682575329846913e-5,5,1
22108,2,2.5562725401058435e-4,5,1
22108,3,1.4549684153208382e-4,5,1
22108,13,3.1623303212137025e-7,5,1
22108,9,5.04642134177462e-6,5,1
22108,1,0,5,1
22108,4,5.801510018505708e-5,5,1
22108,8,1.0613772821506884e-5,5,1
22108,12,1.1105513025973528e-5,5,1
22108,6,2.973268477254343e-5,5,1
22108,7,4.2008334453555584e-5,5,1
22108,19,1.6533134053957536e-6,5,1
22108,17,0,5,1
22167,11,2.015301036954085e-5,5,1
22167,10,2.427349758849544e-5,5,1
22167,5,1.418982260727855e-4,5,1
22167,2,1.089870251896478e-4,5,1
22167,3,5.016414708044664e-5,5,1
22167,13,2.2768778312738656e-5,5,1
22167,9,5.1152361782533647e-5,5,1
22167,1,0,5,1
22167,4,3.695229311150133e-7,5,1
22167,8,4.9386534761297335e-5,5,1
22167,12,6.346007443413445e-6,5,1
22167,6,1.0912201834046867e-4,5,1
22167,7,6.511291840301116e-5,5,1
22167,19,1.4053163945863906e-5,5,1
22167,17,0,5,1
22176,11,4.085069669501523e-6,7,3
22176,10,9.439693506637116e-6,7,3
22176,5,2.811379373713736e-4,7,3
22176,2,6.791394343037958e-4,7,3
22176,3,6.075898146382728e-4,7,3
22176,13,1.296555431697618e-5,7,3
22176,9,8.257780377449378e-6,7,3
22176,1,8.566724216016234e-7,7,3
22176,4,2.7751172126737496e-4,7,3
22176,8,4.0938838025812264e-5,7,3
22176,12,1.563837548555456e-5,7,3
22176,6,8.705239665363231e-5,7,3
22176,7,3.885770936953891e-5,7,3
22176,19,4.133283513489384e-6,7,3
22176,17,0,7,3
22195,11,1.879132047970701e-5,7,3
22195,10,4.247862077986702e-5,7,3
22195,5,7.576767106462551e-5,7,3
22195,2,1.2418648353622309e-4,7,3
22195,3,1.8795943906076064e-4,7,3
22195,13,3.605056566183621e-5,7,3
22195,9,5.229927572384606e-5,7,3
22195,1,2.855574738672078e-7,7,3
22195,4,4.822274251050923e-4,7,3
22195,8,3.9639192374199176e-5,7,3
22195,12,1.699823422342887e-5,7,3
22195,6,1.0084591020790503e-4,7,3
22195,7,5.2860487520724114e-5,7,3
22195,19,4.0092850080847025e-5,7,3
22195,17,4.356365063392313e-5,7,3
22223,11,1.225520900850457e-5,7,3
22223,10,1.1237730365044186e-5,7,3
22223,5,7.078295586300541e-5,7,3
22223,2,2.4578215030882534e-4,7,3
22223,3,1.4237459171379877e-4,7,3
22223,13,1.17006221884907e-5,7,3
22223,9,4.817038553512137e-5,7,3
22223,1,0,7,3
22223,4,1.0051023726328362e-4,7,3
22223,8,3.833954672258609e-5,7,3
22223,12,2.266431229790516e-7,7,3
22223,6,3.7089225334822216e-5,7,3
22223,7,4.480889008379262e-5,7,3
22223,19,1.901310416205117e-5,7,3
22223,17,1.404117665060332e-5,7,3
22285,11,1.2391377997487954e-4,3,4
22285,10,1.0878122993362772e-4,3,4
22285,5,8.022068331140612e-4,3,4
22285,2,0,3,4
22285,3,2.081499878856707e-7,3,4
22285,13,5.755441184608938e-5,3,4
22285,9,1.830474650334612e-4,3,4
22285,1,0,3,4
22285,4,0.00152649922843611,3,4
22285,8,1.109030956043168e-4,3,4
22285,12,8.612438673203961e-5,3,4
22285,6,2.488962890237656e-4,3,4
22285,7,1.2707521172200564e-4,3,4
22285,19,8.59722970805792e-5,3,4
22285,17,1.4761236991659902e-4,3,4
22490,11,7.189722618322682e-5,7,3
22490,10,1.0451089239491092e-4,7,3
22490,5,5.250566679039837e-4,7,3
22490,2,1.5026737229000567e-4,7,3
22490,3,4.0110502665568744e-4,7,3
22490,13,7.146866525942967e-5,7,3
22490,9,1.8396499618651113e-4,7,3
22490,1,8.566724216016234e-7,7,3
22490,4,0.00127817981872683,7,3
22490,8,1.7631859340217556e-4,7,3
22490,12,1.0402919344738467e-4,7,3
22490,6,3.307378027791171e-4,7,3
22490,7,1.1692319756239638e-4,7,3
22490,19,1.1655859508040064e-4,7,3
22490,17,9.468793484894032e-5,7,3
22491,11,2.2168311406494935e-4,5,1
22491,10,2.58917307610618e-4,5,1
22491,5,0.00120530413575173,5,1
22491,2,1.7272111757471916e-7,5,1
22491,3,5.2453796947189015e-5,5,1
22491,13,1.094166291139941e-4,5,1
22491,9,3.119605920369765e-4,5,1
22491,1,0,5,1
22491,4,0.00195329821387396,5,1
22491,8,3.0065136073982764e-4,5,1
22491,12,1.3734573252530526e-4,5,1
22491,6,6.54732110042812e-4,5,1
22491,7,3.738741766366447e-4,5,1
22491,19,1.4135829616133695e-4,5,1
22491,17,1.2421040883226015e-4,5,1
22501,11,1.620410968902271e-4,5,1
22501,10,2.575687799668127e-4,5,1
22501,5,0.00166788570646208,5,1
22501,2,1.594215915214658e-4,5,1
22501,3,1.9857508844292983e-4,5,1
22501,13,1.1163026033884368e-4,5,1
22501,9,4.284870484743178e-4,5,1
22501,1,0,5,1
22501,4,1.4780917244600532e-6,5,1
22501,8,4.271502041635015e-4,5,1
22501,12,1.3326615631168234e-4,5,1
22501,6,0.0010014090840402,5,1
22501,7,5.366564726441727e-4,5,1
22501,19,1.0539872959397928e-4,5,1
22501,17,1.0188853825950616e-4,5,1
22534,11,5.446759559335365e-7,8,2
22534,10,3.4162700309734325e-5,8,2
22534,5,1.1232224920983956e-4,8,2
22534,2,1.072598140139006e-4,8,2
22534,3,8.5965944996782e-5,8,2
22534,13,7.905825803034256e-6,8,2
22534,9,2.8443465744547857e-5,8,2
22534,1,0,8,2
22534,4,3.695229311150133e-7,8,2
22534,8,4.548759780645807e-5,8,2
22534,12,2.719717475748619e-6,8,2
22534,6,1.1371985619189292e-4,8,2
22534,7,3.9557848277098176e-5,8,2
22534,19,1.4879820648561783e-5,8,2
22534,17,2.772232313067835e-5,8,2
22554,11,0.00378032347215671,1,6
22554,10,0.00402962535429754,1,6
22554,5,5.8487325032342496e-5,1,6
22554,2,3.454422351494383e-7,1,6
22554,3,2.081499878856707e-7,1,6
22554,13,0.00443295464427736,1,6
22554,9,0.00409861166067404,1,6
22554,1,9.13783916375065e-6,1,6
22554,4,3.695229311150133e-7,1,6
22554,8,0.00398341392219411,1,6
22554,12,0.00459813567899899,1,6
22554,6,0.00233846033123436,1,6
22554,7,0.0045127453286732,1,6
22554,19,0.00367200907338396,1,6
22554,17,0.00399525480235243,1,6
22569,11,6.950065197711925e-4,2,9
22569,10,8.437287958075175e-4,2,9
22569,5,8.164963500253722e-4,2,9
22569,2,2.1849221373201972e-4,2,9
22569,3,1.7817638963013412e-4,2,9
22569,13,0.00146036414233648,2,9
22569,9,0.00136895648035049,2,9
22569,1,4.540363834488604e-5,2,9
22569,4,5.350692042545392e-4,2,9
22569,8,0.00119004220166038,2,9
22569,12,0.00107292854418283,2,9
22569,6,0.00170549132035496,2,9
22569,7,0.00115627940583411,2,9
22569,19,0.01890150550718695,2,9
22569,17,0.00741986178441753,2,9
22571,11,1.293605395342149e-4,5,1
22571,10,2.025039011780962e-4,5,1
22571,5,0.00188555160359949,5,1
22571,2,5.008912409666856e-5,5,1
22571,3,6.702429609918597e-5,5,1
22571,13,7.65283937733716e-5,5,1
22571,9,3.1127244367218907e-4,5,1
22571,1,0,5,1
22571,4,0,5,1
22571,8,3.920597715699481e-4,5,1
22571,12,4.510198147283127e-5,5,1
22571,6,7.402518940793029e-4,5,1
22571,7,3.8717681588027066e-4,5,1
22571,19,6.158592435099183e-5,5,1
22571,17,4.0323379099168514e-5,5,1
22573,11,5.691863739505456e-5,7,3
22573,10,4.2703375387167905e-5,7,3
22573,5,1.8576371984704236e-4,7,3
22573,2,0,7,3
22573,3,1.0574019384592072e-4,7,3
22573,13,2.371747740910277e-5,7,3
22573,9,3.532494939242234e-5,7,3
22573,1,0,7,3
22573,4,2.475803638470589e-4,7,3
22573,8,5.350207932473878e-5,7,3
22573,12,1.6318304854491716e-5,7,3
22573,6,9.25698020753414e-5,7,3
22573,7,6.511291840301116e-5,7,3
22573,19,3.182628305386826e-5,7,3
22573,17,3.2042685177017834e-5,7,3
22583,11,2.707039500989676e-4,3,4
22583,10,5.870590342699082e-4,3,4
22583,5,0.00460620916064374,3,4
22583,2,0,3,4
22583,3,0,3,4
22583,13,1.8468009075888023e-4,3,4
22583,9,9.41845728605754e-4,3,4
22583,1,0,3,4
22583,4,0,3,4
22583,8,0.0010228211278195,3,4
22583,12,2.993955654553272e-4,3,4
22583,6,0.00246045629555882,3,4
22583,7,0.00127635322848053,3,4
22583,19,1.959176385393968e-4,3,4
22583,17,2.149380118053893e-4,3,4
22638,11,6.781215651372529e-5,3,4
22638,10,9.462168967367204e-5,3,4
22638,5,7.267714763962104e-4,3,4
22638,2,7.116110044078429e-5,3,4
22638,3,8.325999515426828e-7,3,4
22638,13,7.747709286973571e-5,3,4
22638,9,1.4129979756968936e-4,3,4
22638,1,0,3,4
22638,4,5.9160621271513e-4,3,4
22638,8,1.0483808256345572e-4,3,4
22638,12,5.416770639199333e-5,3,4
22638,6,3.1081383875627874e-4,3,4
22638,7,1.218241699153112e-4,3,4
22638,19,5.1252715567268365e-5,3,4
22638,17,5.868491779611131e-5,3,4
22641,11,9.77693340900698e-5,5,1
22641,10,9.709399035398177e-5,5,1
22641,5,6.878906978235737e-4,5,1
22641,2,0,5,1
22641,3,0,5,1
22641,13,2.751227379455921e-5,5,1
22641,9,1.4107041478142687e-4,5,1
22641,1,0,5,1
22641,4,3.695229311150133e-7,5,1
22641,8,1.1826775429679096e-4,5,1
22641,12,4.034247589027119e-5,5,1
22641,6,3.837661993322101e-4,5,1
22641,7,1.9603889411659272e-4,5,1
22641,19,2.6866342837681e-5,5,1
22641,17,2.0881749890640837e-5,5,1
22644,11,5.446759559335365e-7,7,3
22644,10,5.349159653761033e-5,7,3
22644,5,1.0135587576627534e-4,7,3
22644,2,0,7,3
22644,3,0,7,3
22644,13,6.324660642427405e-6,7,3
22644,9,5.895137658345806e-5,7,3
22644,1,0,7,3
22644,4,0,7,3
22644,8,8.10112456172158e-5,7,3
22644,12,2.402417103577947e-5,7,3
22644,6,1.4437210853472115e-4,7,3
22644,7,1.4142805932697048e-4,7,3
22644,19,8.679895378327707e-6,7,3
22644,17,9.000754263207256e-6,7,3
22664,11,1.6612616655972863e-5,7,3
22664,10,3.146564502212372e-6,7,3
22664,5,2.9908291209720592e-6,7,3
22664,2,5.4579873153611256e-5,7,3
22664,3,1.1822919311906095e-4,7,3
22664,13,0,7,3
22664,9,0,7,3
22664,1,0,7,3
22664,4,1.6037295210391577e-4,7,3
22664,8,1.0830380430109065e-6,7,3
22664,12,2.266431229790516e-7,7,3
22664,6,9.195675702848484e-6,7,3
22664,7,1.7503472688981494e-6,7,3
22664,19,0,7,3
22664,17,1.332111630954674e-5,7,3
22709,11,1.165606545697768e-4,5,1
22709,10,1.9104141620575115e-4,5,1
22709,5,0.00123820325608243,5,1
22709,2,3.6098713573116305e-5,5,1
22709,3,2.372909861896646e-5,5,1
22709,13,3.636679869395758e-5,5,1
22709,9,3.1631886501396367e-4,5,1
22709,1,0,5,1
22709,4,0,5,1
22709,8,3.3942412267961805e-4,5,1
22709,12,9.654997038907598e-5,5,1
22709,6,6.381798937776847e-4,5,1
22709,7,3.2521452256127615e-4,5,1
22709,19,4.794608875647686e-5,5,1
22709,17,3.1682655006489544e-5,5,1
22726,11,2.7233797796676824e-7,7,3
22726,10,8.091165862831813e-6,7,3
22726,5,1.7911743291154888e-4,7,3
22726,2,1.82048057923754e-4,7,3
22726,3,4.579299733484755e-5,7,3
22726,13,1.359802038121892e-5,7,3
22726,9,1.835062306099862e-6,7,3
22726,1,0,7,3
22726,4,9.267635112364532e-4,7,3
22726,8,2.382683694623994e-6,7,3
22726,12,2.493074352769568e-5,7,3
22726,6,1.7165261311983834e-5,7,3
22726,7,1.3652708697405566e-5,7,3
22726,19,5.3732685675362e-6,7,3
22726,17,0,7,3
22744,11,2.8323149708543895e-05,7,3
22744,10,3.8433037848451115e-5,7,3
22744,5,5.35026098307224e-5,7,3
22744,2,1.3783145182462588e-4,7,3
22744,3,9.033709474238108e-5,7,3
22744,13,3.0358371083651545e-5,7,3
22744,9,1.261605335443655e-5,7,3
22744,1,2.855574738672078e-7,7,3
22744,4,1.6369865848395087e-4,7,3
22744,8,1.3862886950539602e-5,7,3
22744,12,5.62074944988048e-5,7,3
22744,6,5.118926141252322e-5,7,3
22744,7,1.8903750504100017e-5,7,3
22744,19,2.5626357783634183e-5,7,3
22744,17,2.3041930913810574e-5,7,3
22782,11,1.1165857096637498e-5,7,3
22782,10,0,7,3
22782,5,7.244452759687877e-5,7,3
22782,2,5.164361415484103e-4,7,3
22782,3,8.436319009006234e-4,7,3
22782,13,3.1623303212137025e-7,7,3
22782,9,3.2113590356747583e-6,7,3
22782,1,1.0565626533086688e-5,7,3
22782,4,6.825088537694295e-4,7,3
22782,8,2.31770141204334e-5,7,3
22782,12,2.266431229790516e-7,7,3
22782,6,4.7204468607955544e-5,7,3
22782,7,2.275451449567594e-5,7,3
22782,19,0,7,3
22782,17,0,7,3
22860,11,8.987153272903352e-5,3,4
22860,10,6.675211836836246e-5,3,4
22860,5,2.000532367583533e-4,3,4
22860,2,0,3,4
22860,3,4.162999757713414e-7,3,4
22860,13,6.324660642427405e-5,3,4
22860,9,7.019113320831972e-5,3,4
22860,1,0,3,4
22860,4,4.109094993998947e-4,3,4
22860,8,6.216638366882603e-5,3,4
22860,12,6.640643503286212e-5,3,4
22860,6,1.0636331562961412e-4,3,4
22860,7,6.966382130214634e-5,3,4
22860,19,8.018570016169405e-5,3,4
22860,17,7.992669785728045e-5,3,4
23032,11,7.761632372052895e-5,3,4
23032,10,1.4698951317477794e-4,3,4
23032,5,5.58288102581451e-4,3,4
23032,2,3.661687692584046e-5,3,4
23032,3,6.244499636570121e-7,3,4
23032,13,1.0119457027883848e-4,3,4
23032,9,1.4313485987578925e-4,3,4
23032,1,0,3,4
23032,4,5.361777730478843e-4,3,4
23032,8,1.2108365320861932e-4,3,4
23032,12,7.705866181287755e-5,3,4
23032,6,2.755637485620262e-4,3,4
23032,7,1.4562889277232603e-4,3,4
23032,19,9.630550586430264e-5,3,4
23032,17,5.112428421501722e-5,3,4
23065,11,5.544801231403401e-4,5,1
23065,10,6.645993737887132e-4,5,1
23065,5,0.00565233472429041,5,1
23065,2,0,5,1
23065,3,1.4674574145939786e-4,5,1
23065,13,2.684818442710433e-4,5,1
23065,9,0.00124210779844134,5,1
23065,1,5.711149477344156e-7,5,1
23065,4,0,5,1
23065,8,0.00135401416137223,5,1
23065,12,3.979853239512146e-4,5,1
23065,6,0.00301035770258916,5,1
23065,7,0.00178220358919209,5,1
23065,19,2.7197005518760146e-4,5,1
23065,17,2.1277783078221956e-4,5,1
23084,11,8.633113901546553e-5,7,3
23084,10,1.186704326548666e-4,7,3
23084,5,5.692544760250152e-4,7,3
23084,2,5.734341103480676e-5,7,3
23084,3,1.1240099345826218e-4,7,3
23084,13,2.0238914055767696e-5,7,3
23084,9,1.7341338792643693e-4,7,3
23084,1,0,7,3
23084,4,7.394153851611416e-4,7,3
23084,8,1.4750978145808546e-4,7,3
23084,12,9.83631153729084e-5,7,3
23084,6,2.862920368820161e-4,7,3
23084,7,1.9008771340233905e-4,7,3
23084,19,8.555896872923025e-5,7,3
23084,17,4.4643741145507995e-5,7,3
23100,11,1.7701968567839936e-4,5,1
23100,10,2.93754271742255e-4,5,1
23100,5,0.00239864495501959,5,1
23100,2,5.734341103480676e-5,5,1
23100,3,1.1052764356729114e-4,5,1
23100,13,9.170757931519736e-5,5,1
23100,9,5.77356478056669e-4,5,1
23100,1,0,5,1
23100,4,1.7182816296848117e-4,5,1
23100,8,5.324215019441616e-4,5,1
23100,12,1.6703598163556103e-4,5,1
23100,6,0.00151636692339971,5,1
23100,7,7.946576600797598e-4,5,1
23100,19,1.719445941611584e-4,5,1
23100,17,1.188099562743358e-4,5,1
23118,11,3.875369426467112e-4,5,1
23118,10,7.554002351382701e-4,5,1
23118,5,0.00555762513545963,5,1
23118,2,0,5,1
23118,3,0,5,1
23118,13,2.48559163247397e-4,5,1
23118,9,0.00106594181705575,5,1
23118,1,0,5,1
23118,4,0,5,1
23118,8,0.00124765982554856,5,1
23118,12,4.061444763784605e-4,5,1
23118,6,0.00285311164807045,5,1
23118,7,0.00167928316978088,5,1
23118,19,4.443279777001088e-4,5,1
23118,17,2.880241364226322e-4,5,1
23149,11,3.6139249676190146e-4,3,4
23149,10,4.328773736615021e-4,3,4
23149,5,0.00203941314615617,3,4
23149,2,1.7272111757471916e-7,3,4
23149,3,1.6651999030853656e-6,3,4
23149,13,3.668303172607895e-4,3,4
23149,9,5.599233861487204e-4,3,4
23149,1,0,3,4
23149,4,0.00391768211568137,3,4
23149,8,5.584144149764234e-4,3,4
23149,12,4.177032756503921e-4,3,4
23149,6,0.00117888562510517,3,4
23149,7,6.458781422234171e-4,3,4
23149,19,5.311269314833859e-4,3,4
23149,17,2.5346124005191635e-4,3,4
23339,11,2.7233797796676824e-7,6,5
23339,10,2.247546073008837e-7,6,5
23339,5,4.6191694201679585e-5,6,5
23339,2,1.8429343245222535e-4,6,5
23339,3,8.471704506946798e-5,6,5
23339,13,5.692194578184664e-6,6,5
23339,9,1.6286177966636273e-5,6,5
23339,1,0,6,5
23339,4,3.695229311150133e-7,6,5
23339,8,2.014450760000286e-5,6,5
23339,12,1.5865018608533613e-5,6,5
23339,6,3.92348829988202e-5,6,5
23339,7,2.660527848725187e-5,6,5
23339,19,7.85323867562983e-6,6,5
23339,17,0,6,5
23360,11,1.4433912832238716e-5,7,3
23360,10,4.427665763827409e-5,7,3
23360,5,1.8543140550026768e-4,7,3
23360,2,0,7,3
23360,3,3.3928448025364324e-5,7,3
23360,13,5.7870644878210754e-5,7,3
23360,9,4.817038553512137e-5,7,3
23360,1,2.855574738672078e-7,7,3
23360,4,5.535453508102899e-4,7,3
23360,8,5.8484054322588946e-5,7,3
23360,12,5.824728260561626e-5,7,3
23360,6,1.140263787153212e-4,7,3
23360,7,7.316451583994264e-5,7,3
23360,19,1.669846539449711e-4,7,3
23360,17,1.072889908174305e-4,7,3
23361,11,4.921147261859502e-4,5,1
23361,10,7.005601109568545e-4,5,1
23361,5,0.00610561149329107,5,1
23361,2,0,5,1
23361,3,0,5,1
23361,13,2.763876700740776e-4,5,1
23361,9,0.00121504062942637,5,1
23361,1,0,5,1
23361,4,0,5,1
23361,8,0.00135986256680449,5,1
23361,12,2.2936284045480023e-4,5,1
23361,6,0.00292115964827153,5,1
23361,7,0.00140832941255545,5,1
23361,19,3.1164957691709954e-4,5,1
23361,17,2.030570161779557e-4,5,1
23380,11,1.1792234445961064e-4,5,1
23380,10,2.595915714325207e-4,5,1
23380,5,0.00196431010378509,5,1
23380,2,0,5,1
23380,3,5.724124666855944e-5,5,1
23380,13,9.803223995762476e-5,5,1
23380,9,3.4934998652376117e-4,5,1
23380,1,0,5,1
23380,4,3.695229311150133e-7,5,1
23380,8,4.407964835054389e-4,5,1
23380,12,9.83631153729084e-5,5,1
23380,6,0.00101489607507104,5,1
23380,7,5.793649460052874e-4,5,1
23380,19,1.698779524044137e-4,5,1
23380,17,1.256505295143733e-4,5,1
23382,11,1.2473079390877984e-4,3,4
23382,10,1.6721742783185747e-4,3,4
23382,5,3.495946928069563e-4,3,4
23382,2,5.613436321178373e-5,3,4
23382,3,3.4552897989021335e-5,3,4
23382,13,1.2554451375218397e-4,3,4
23382,9,2.2364821855592063e-4,3,4
23382,1,0,3,4
23382,4,4.482313154425111e-4,3,4
23382,8,2.3306978685594707e-4,3,4
23382,12,1.278267213601851e-4,3,4
23382,6,2.170179465872242e-4,3,4
23382,7,2.2474458932652237e-4,3,4
23382,19,1.4549157967482632e-4,3,4
23382,17,8.208687888045019e-5,3,4
23399,11,7.407593000696095e-5,7,3
23399,10,7.327000198008809e-5,7,3
23399,5,2.35943186210018e-4,7,3
23399,2,0,7,3
23399,3,5.4743446813931395e-5,7,3
23399,13,1.391425341334029e-5,7,3
23399,9,6.445656350175765e-5,7,3
23399,1,2.2844597909376624e-6,7,3
23399,4,3.9465049043083415e-4,7,3
23399,8,3.5956863027962096e-5,7,3
23399,12,3.535632718473205e-5,7,3
23399,6,1.2506118955873938e-4,7,3
23399,7,5.986187659631671e-5,7,3
23399,19,1.901310416205117e-5,7,3
23399,17,3.924328858758363e-5,7,3
23403,11,1.1165857096637498e-5,7,3
23403,10,0,7,3
23403,5,1.0999604878241684e-4,7,3
23403,2,3.1089801163449445e-5,7,3
23403,3,1.0782169372477742e-4,7,3
23403,13,2.2452545280617288e-5,7,3
23403,9,8.48716316571186e-6,7,3
23403,1,0,7,3
23403,4,0,7,3
23403,8,8.664304344087252e-6,7,3
23403,12,0,7,3
23403,6,4.199358570967474e-5,7,3
23403,7,1.7153403235201865e-5,7,3
23403,19,4.959940216187261e-6,7,3
23403,17,3.1322624835961254e-5,7,3
23456,11,2.31487281271753e-5,5,1
23456,10,5.686291564712358e-5,5,1
23456,5,2.160043254035376e-4,5,1
23456,2,0,5,1
23456,3,0,5,1
23456,13,5.692194578184664e-6,5,1
23456,9,7.569632012661929e-5,5,1
23456,1,2.855574738672078e-7,5,1
23456,4,0,5,1
23456,8,5.631797823656713e-5,5,1
23456,12,2.130445356003085e-5,5,1
23456,6,1.155589913324626e-4,5,1
23456,7,6.406271004167227e-5,5,1
23456,19,1.818644745935329e-5,5,1
23456,17,2.0521719720112547e-5,5,1
23482,11,0.00417684756807632,1,6
23482,10,0.00407525053957962,1,6
23482,5,1.4754756996795493e-4,1,6
23482,2,1.6114880269721296e-4,1,6
23482,3,4.745819723793292e-5,1,6
23482,13,0.00449398761947679,1,6
23482,9,0.00440002064445094,1,6
23482,1,1.4277873693360389e-6,1,6
23482,4,0,1,6
23482,8,0.00407049018085219,1,6
23482,12,0.00478103667924309,1,6
23482,6,0.00220818825877734,1,6
23482,7,0.00490447304745261,1,6
23482,19,0.00325744073698098,1,6
23482,17,0.00389804665630979,1,6
23569,11,3.61937172717835e-4,3,4
23569,10,5.018770381028734e-4,3,4
23569,5,0.00261564622346345,3,4
23569,2,0,3,4
23569,3,2.8308398352451215e-5,3,4
23569,13,3.7884717248140153e-4,3,4
23569,9,6.70944655667762e-4,3,4
23569,1,0,3,4
23569,4,0.00408877123278762,3,4
23569,8,6.008695062624509e-4,3,4
23569,12,3.680684317179798e-4,3,4
23569,6,0.00126011409381367,3,4
23569,7,6.458781422234171e-4,3,4
23569,19,5.749397367263733e-4,3,4
23569,17,4.810003078257958e-4,3,4
23581,11,1.260924837986137e-4,5,1
23581,10,2.332952823783173e-4,5,1
23581,5,0.0016715411642766,5,1
23581,2,0,5,1
23581,3,4.47522473954192e-5,5,1
23581,13,1.2491204768794124e-4,5,1
23581,9,3.44991713546774e-4,5,1
23581,1,0,5,1
23581,4,0,5,1
23581,8,4.6094099110544176e-4,5,1
23581,12,1.4097202249297008e-4,5,1
23581,6,0.00106731142657728,5,1
23581,7,5.373566115517319e-4,5,1
23581,19,7.274578983741316e-5,5,1
23581,17,4.356365063392313e-5,5,1
23645,11,2.7233797796676824e-7,7,3
23645,10,8.315920470132697e-6,7,3
23645,5,3.987772161296079e-5,7,3
23645,2,8.480606872918711e-5,7,3
23645,3,1.1115209353094816e-4,7,3
23645,13,5.692194578184664e-6,7,3
23645,9,5.2758041300371025e-6,7,3
23645,1,0,7,3
23645,4,5.9493191909517135e-5,7,3
23645,8,7.797873909678526e-6,7,3
23645,12,7.479223058308703e-6,7,3
23645,6,3.034572981939999e-5,7,3
23645,7,1.8903750504100017e-5,7,3
23645,19,0,7,3
23645,17,9.720814604263837e-6,7,3
23663,11,1.1982871030537802e-5,5,1
23663,10,1.4833804081858326e-5,5,1
23663,5,5.881963937911717e-5,5,1
23663,2,0,5,1
23663,3,0,5,1
23663,13,1.9922681023646324e-5,5,1
23663,9,2.2250130461460823e-5,5,1
23663,1,0,5,1
23663,4,0,5,1
23663,8,2.209397607742249e-5,5,1
23663,12,1.6544947977470766e-5,5,1
23663,6,5.70131893576606e-5,5,1
23663,7,2.240444504189631e-5,5,1
23663,19,1.4053163945863906e-5,5,1
23663,17,1.296108613901845e-5,5,1
23710,11,6.587855687016123e-4,7,3
23710,10,6.353812748395982e-4,7,3
23710,5,0.0028971164751816,7,3
23710,2,2.614997720081248e-4,7,3
23710,3,3.4761047976907005e-4,7,3
23710,13,5.034429871372215e-4,7,3
23710,9,9.83134630493001e-4,7,3
23710,1,0,7,3
23710,4,0.0051171535500807,7,3
23710,8,8.382714452904416e-4,7,3
23710,12,6.697304284030975e-4,7,3
23710,6,0.00159054537406935,7,3
23710,7,7.628013397858135e-4,7,3
23710,19,0.0013792767084514,7,3
23710,17,5.998102641001316e-4,7,3
23849,11,2.641678386277652e-5,7,3
23849,10,9.79930087831853e-5,7,3
23849,5,5.147549231539689e-4,7,3
23849,2,0,7,3
23849,3,5.890644657164481e-5,7,3
23849,13,9.265627841156148e-5,7,3
23849,9,8.900052184584329e-5,7,3
23849,1,0,7,3
23849,4,8.314265950087799e-5,7,3
23849,8,8.599322061506597e-5,7,3
23849,12,7.592544619798229e-5,7,3
23849,6,2.4858976650033734e-4,7,3
23849,7,1.2497479499932787e-4,7,3
23849,19,9.175889399946433e-5,7,3
23849,17,7.884660734569557e-5,7,3
23971,11,0,7,3
23971,10,2.3823988373893673e-5,7,3
23971,5,2.1301349628256557e-4,7,3
23971,2,1.7013030081109836e-4,7,3
23971,3,2.6539123455423017e-4,7,3
23971,13,2.118761315213181e-5,7,3
23971,9,5.069359620600868e-5,7,3
23971,1,0,7,3
23971,4,2.261480338423881e-4,7,3
23971,8,3.4873824984951186e-5,7,3
23971,12,2.493074352769568e-5,7,3
23971,6,9.839373002047876e-5,7,3
23971,7,5.496090424340189e-5,7,3
23971,19,2.9759641297123567e-5,7,3
23971,17,0,7,3
23997,11,2.1541934057171369e-4,7,3
23997,10,2.831908051991135e-4,7,3
23997,5,5.526387586862816e-4,7,3
23997,2,0,7,3
23997,3,0,7,3
23997,13,1.7550933282736047e-4,7,3
23997,9,2.8351712629242867e-4,7,3
23997,1,0,7,3
23997,4,9.7517101521252e-4,7,3
23997,8,1.9408041730755444e-4,7,3
23997,12,3.2999238705749915e-4,7,3
23997,6,3.227682171699818e-4,7,3
23997,7,1.9953958865438903e-4,7,3
23997,19,3.438891883223168e-4,7,3
23997,17,3.1250618801855596e-4,7,3
24049,11,7.54376198967948e-5,5,1
24049,10,6.090849857853949e-5,5,1
24049,5,5.925164802992424e-4,5,1
24049,2,0,5,1
24049,3,0,5,1
24049,13,1.201685522061207e-5,5,1
24049,9,1.0436916865942965e-4,5,1
24049,1,0,5,1
24049,4,7.79693384652678e-5,5,1
24049,8,1.7220304883873411e-4,5,1
24049,12,5.371442014603523e-5,5,1
24049,6,2.87211604452301e-4,5,1
24049,7,1.865870188645427e-4,5,1
24049,19,3.55462382160087e-5,5,1
24049,17,5.436455574977183e-5,5,1
24054,11,2.3094260531581943e-4,7,3
24054,10,2.5194991478429065e-4,7,3
24054,5,0.00106207665229185,7,3
24054,2,0,7,3
24054,3,6.098794645050152e-5,7,3
24054,13,1.094166291139941e-4,7,3
24054,9,3.663243128551849e-4,7,3
24054,1,0,7,3
24054,4,0.00115808486611445,7,3
24054,8,2.896043727011164e-4,7,3
24054,12,2.2936284045480023e-4,7,3
24054,6,5.676797133891797e-4,7,3
24054,7,3.119118833176502e-4,7,3
24054,19,2.7403669694434616e-4,7,3
24054,17,2.2033846436331363e-4,7,3
24081,11,0.00223943519282073,1,6
24081,10,0.00257748583652653,1,6
24081,5,1.1464844963726228e-4,1,6
24081,2,5.699796879965732e-5,1,6
24081,3,6.161239641415853e-5,1,6
24081,13,0.00217947805738048,1,6
24081,9,0.0025452314185605,1,6
24081,1,3.4266896864064935e-6,1,6
24081,4,7.390458622300266e-7,1,6
24081,8,0.00233178090660248,1,6
24081,12,0.00279178998885595,1,6
24081,6,0.00168250213109784,1,6
24081,7,0.00286741889590894,1,6
24081,19,0.00225966609682464,1,6
24081,17,0.00220626488499736,1,6
24125,11,6.743088334457181e-4,2,9
24125,10,3.782620040873873e-4,2,9
24125,5,9.13199824936802e-4,2,9
24125,2,6.701579361899103e-5,2,9
24125,3,1.6651999030853657e-4,2,9
24125,13,0.00115361810117875,2,9
24125,9,4.741342233385518e-4,2,9
24125,1,0,2,9
24125,4,9.984509598727658e-4,2,9
24125,8,3.424566292000486e-4,2,9
24125,12,0.00104255836570363,2,9
24125,6,5.011643258052423e-4,2,9
24125,7,3.280150781915132e-4,2,9
24125,19,0.00354098398600635,2,9
24125,17,0.00250833019807059,2,9
24143,11,1.1165857096637498e-4,7,3
24143,10,6.158276240044214e-5,7,3
24143,5,3.914663005005651e-4,7,3
24143,2,0,7,3
24143,3,6.057164647473017e-5,7,3
24143,13,2.687980773031647e-5,7,3
24143,9,6.23921184073953e-5,7,3
24143,1,0,7,3
24143,4,2.837936110963302e-4,7,3
24143,8,6.671514344947184e-5,7,3
24143,12,3.082346472515102e-5,7,3
24143,6,1.2935250488673534e-4,7,3
24143,7,8.226632163821303e-5,7,3
24143,19,5.1252715567268365e-5,7,3
24143,17,4.3203620463394834e-5,7,3
24159,11,1.1165857096637498e-5,7,3
24159,10,3.551122795353963e-5,7,3
24159,5,6.945369847590671e-5,7,3
24159,2,0,7,3
24159,3,0,7,3
24159,13,2.371747740910277e-5,7,3
24159,9,3.371926987458496e-5,7,3
24159,1,0,7,3
24159,4,1.9584715349095703e-4,7,3
24159,8,3.552364781075773e-5,7,3
24159,12,1.4731802993638354e-5,7,3
24159,6,6.314363982622625e-5,7,3
24159,7,2.5205000672133353e-5,7,3
24159,19,2.5213029432285243e-5,7,3
24159,17,4.5003771316036285e-5,7,3
24199,11,5.22888917696195e-5,5,1
24199,10,1.2406454323008782e-4,5,1
24199,5,0.00104114084844505,5,1
24199,2,3.281701233919664e-5,5,1
24199,3,0,5,1
24199,13,1.296555431697618e-5,5,1
24199,9,1.380884385340146e-4,5,1
24199,1,0,5,1
24199,4,0,5,1
24199,8,2.1357510208175071e-4,5,1
24199,12,5.462099263795144e-5,5,1
24199,6,4.294380553230242e-4,5,1
24199,7,2.657027154187391e-4,5,1
24199,19,4.7532760405127914e-5,5,1
24199,17,5.112428421501722e-5,5,1
24206,11,0,7,3
24206,10,6.06837439712386e-6,7,3
24206,5,4.469627964119355e-4,7,3
24206,2,2.2021942490776692e-4,7,3
24206,3,5.538871177637697e-4,7,3
24206,13,5.692194578184664e-6,7,3
24206,9,1.4680498448798897e-5,7,3
24206,1,0,7,3
24206,4,1.5778629158611063e-4,7,3
24206,8,1.5595747819357053e-5,7,3
24206,12,3.6262899676648256e-6,7,3
24206,6,9.134371198162829e-5,7,3
24206,7,3.500694537796299e-5,7,3
24206,19,1.529314899991072e-5,7,3
24206,17,1.0800905115848709e-5,7,3
24233,11,1.2908820155624814e-4,3,4
24233,10,1.6474512715154775e-4,3,4
24233,5,6.543269487993316e-4,3,4
24233,2,0,3,4
24233,3,4.162999757713414e-7,3,4
24233,13,1.008783372467171e-4,3,4
24233,9,1.4359362545231417e-4,3,4
24233,1,0,3,4
24233,4,9.888433636637756e-4,3,4
24233,8,1.4382745211184838e-4,3,4
24233,12,1.1853435331804398e-4,3,4
24233,6,3.1418558651398986e-4,3,4
24233,7,1.347767397051575e-4,3,4
24233,19,1.9095769832320951e-4,3,4
24233,17,6.516546086562055e-5,3,4
24260,11,2.7233797796676824e-7,7,3
24260,10,4.96707682134953e-5,7,3
24260,5,1.628340299195899e-4,7,3
24260,2,0,7,3
24260,3,5.536789677758841e-5,7,3
24260,13,2.9409671987287432e-5,7,3
24260,9,5.0922978994271167e-5,7,3
24260,1,0,7,3
24260,4,1.721976858995962e-4,7,3
24260,8,3.270774889892937e-5,7,3
24260,12,0,7,3
24260,6,1.226090093713131e-4,7,3
24260,7,6.861361294080746e-5,7,3
24260,19,1.901310416205117e-5,7,3
24260,17,1.044087494532042e-5,7,3
24326,11,2.7233797796676824e-7,8,2
24326,10,3.551122795353963e-5,8,2
24326,5,6.812444108880802e-5,8,2
24326,2,0,8,2
24326,3,0,8,2
24326,13,3.1623303212137025e-7,8,2
24326,9,4.679408880554647e-5,8,2
24326,1,0,8,2
24326,4,3.695229311150133e-7,8,2
24326,8,6.931443475269802e-5,8,2
24326,12,1.5865018608533613e-5,8,2
24326,6,8.18415137553515e-5,8,2
24326,7,7.596507147017968e-5,8,2
24326,19,0,8,2
24326,17,1.8361538696942803e-5,8,2
24337,11,6.277390392134007e-4,7,3
24337,10,9.95438155735614e-4,7,3
24337,5,0.00663166510423538,7,3
24337,2,0.00252241920106119,7,3
24337,3,0.00244305640781411,7,3
24337,13,4.8320407308145375e-4,7,3
24337,9,0.00133477844489938,7,3
24337,1,8.566724216016234e-7,7,3
24337,4,0.00175301678520962,7,3
24337,8,0.00159336556887764,7,3
24337,12,5.380507739522685e-4,7,3
24337,6,0.00337849125322653,7,3
24337,7,0.00192188130125016,7,3
24337,19,5.683264831047903e-4,7,3
24337,17,7.758650174884656e-4,7,3
24386,11,1.6476447666989477e-4,7,3
24386,10,2.112693308628307e-4,7,3
24386,5,0.00124451722867115,7,3
24386,2,5.243813129568474e-4,7,3
24386,3,4.225444754079115e-4,7,3
24386,13,1.6096261334977744e-4,7,3
24386,9,3.576077669012106e-4,7,3
24386,1,2.855574738672078e-7,7,3
24386,4,0.00218203290823415,7,3
24386,8,3.749477704903758e-4,7,3
24386,12,2.2415004862628204e-4,7,3
24386,6,8.211738402643695e-4,7,3
24386,7,4.354864005018595e-4,7,3
24386,19,1.884777282151159e-4,7,3
24386,17,2.8694404591104734e-4,7,3
24399,11,2.3421066105142063e-5,7,3
24399,10,4.944601360619442e-6,7,3
24399,5,9.304801709690852e-5,7,3
24399,2,3.678959804341518e-5,7,3
24399,3,2.0919073782509905e-4,7,3
24399,13,0,7,3
24399,9,8.028397589186895e-6,7,3
24399,1,0,7,3
24399,4,3.532639221459527e-4,7,3
24399,8,2.1444153251615947e-5,7,3
24399,12,1.6318304854491716e-5,7,3
24399,6,5.088273888909494e-5,7,3
24399,7,2.835562575615002e-5,7,3
24399,19,1.2399850540468152e-5,7,3
24399,17,0,7,3
24431,11,8.987153272903352e-6,5,1
24431,10,5.10192958573006e-5,5,1
24431,5,1.0766984835499414e-4,5,1
24431,2,1.7272111757471916e-7,5,1
24431,3,0,5,1
24431,13,0,5,1
24431,9,5.57400175477833e-5,5,1
24431,1,0,5,1
24431,4,0,5,1
24431,8,8.231089126882888e-5,5,1
24431,12,3.422311156983679e-5,5,1
24431,6,2.3019841509464036e-4,5,1
24431,7,1.662829905453242e-4,5,1
24431,19,7.026581972931953e-6,5,1
24431,17,1.6201357673773062e-5,5,1
24441,11,2.7233797796676824e-7,8,2
24441,10,1.6631840940265394e-5,8,2
24441,5,5.71580676452438e-5,8,2
24441,2,0,8,2
24441,3,6.0779796462615846e-5,8,2
24441,13,0,8,2
24441,9,1.0780991048336688e-5,8,2
24441,1,0,8,2
24441,4,3.695229311150133e-7,8,2
24441,8,6.498228258065438e-6,8,2
24441,12,6.346007443413445e-6,8,2
24441,6,2.421527935083434e-5,8,2
24441,7,1.9953958865438903e-5,8,2
24441,19,7.439910324280892e-6,8,2
24441,17,1.1160935286377e-5,8,2
24508,11,5.283356772555304e-5,5,1
24508,10,1.0113957328539768e-5,5,1
24508,5,5.948426807266651e-5,5,1
24508,2,0,5,1
24508,3,0,5,1
24508,13,1.1068156124247958e-5,5,1
24508,9,4.977606505295875e-5,5,1
24508,1,0,5,1
24508,4,0,5,1
24508,8,3.530704020215555e-5,5,1
24508,12,9.97229741107827e-6,5,1
24508,6,7.632410833364241e-5,5,1
24508,7,8.051597436931487e-5,5,1
24508,19,7.439910324280892e-6,5,1
24508,17,2.0881749890640837e-5,5,1
24603,11,2.7233797796676824e-7,7,3
24603,10,2.719530748340693e-5,7,3
24603,5,2.7781479390362685e-4,7,3
24603,2,7.340647496925564e-5,7,3
24603,3,2.081499878856707e-7,7,3
24603,13,0,7,3
24603,9,2.8902231321072823e-5,7,3
24603,1,2.855574738672078e-7,7,3
24603,4,0,7,3
24603,8,6.02169151914064e-5,7,3
24603,12,0,7,3
24603,6,8.705239665363231e-5,7,3
24603,7,6.266243222655375e-5,7,3
24603,19,8.266567026978768e-6,7,3
24603,17,0,7,3
24631,11,1.3262859526981614e-4,7,3
24631,10,1.3620129202433553e-4,7,3
24631,5,9.760072364772154e-4,7,3
24631,2,0,7,3
24631,3,6.0779796462615846e-5,7,3
24631,13,3.4469400501229354e-5,7,3
24631,9,3.181539273200635e-4,7,3
24631,1,0,7,3
24631,4,0,7,3
24631,8,2.265715585978816e-4,7,3
24631,12,1.2510700388443648e-4,7,3
24631,6,5.91894992740014e-4,7,3
24631,7,3.549704261325447e-4,7,3
24631,19,1.508648482423625e-4,7,3
24631,17,4.9324133362375766e-5,7,3
24654,11,0.00104632251134832,3,4
24654,10,0.00138988249154866,3,4
24654,5,0.00910109301511797,3,4
24654,2,3.454422351494383e-7,3,4
24654,3,1.094868936278628e-4,3,4
24654,13,8.244195147404122e-4,3,4
24654,9,0.00200044729643711,3,4
24654,1,0,3,4
24654,4,0.00665326037472581,3,4
24654,8,0.00267791986514876,3,4
24654,12,8.381262687765328e-4,3,4
24654,6,0.00436518725614217,3,4
24654,7,0.00212247109826589,3,4
24654,19,0.001050680669129,3,4
24654,17,8.593920170510288e-4,3,4
24672,11,1.4433912832238716e-5,5,1
24672,10,4.562518528207939e-5,5,1
24672,5,3.4726849237953354e-4,5,1
24672,2,7.64463666385707e-4,5,1
24672,3,4.362823746083658e-4,5,1
24672,13,3.1623303212137025e-7,5,1
24672,9,6.652100859611999e-5,5,1
24672,1,2.855574738672078e-7,5,1
24672,4,6.189509096176472e-4,5,1
24672,8,4.310491411183408e-5,5,1
24672,12,4.079576213622929e-5,5,1
24672,6,1.0575027058275756e-4,5,1
24672,7,5.0410001344266705e-5,5,1
24672,19,3.55462382160087e-5,5,1
24672,17,1.6921418014829642e-5,5,1
24674,11,1.2554780784268014e-4,1,6
24674,10,1.036118739657074e-4,1,6
24674,5,2.957597686294592e-5,1,6
24674,2,6.597946691354271e-5,1,6
24674,3,0,1,6
24674,13,1.0783546395338724e-4,1,6
24674,9,1.461168361232015e-4,1,6
24674,1,0,1,6
24674,4,1.1085687933450398e-6,1,6
24674,8,1.1675150103657572e-4,1,6
24674,12,2.178040411828686e-4,1,6
24674,6,9.655459487990908e-5,1,6
24674,7,8.121611327687413e-5,1,6
24674,19,3.195028155927294e-4,1,6
24674,17,1.7893499475256028e-4,1,6
24692,11,2.8595487686510665e-5,7,3
24692,10,3.236466345132725e-5,7,3
24692,5,1.442244265002082e-4,7,3
24692,2,5.68252476820826e-5,7,3
24692,3,0,7,3
24692,13,3.1623303212137025e-7,7,3
24692,9,5.6198783124308267e-5,7,3
24692,1,0,7,3
24692,4,1.6000342917280074e-4,7,3
24692,8,1.949468477419631e-5,7,3
24692,12,2.266431229790516e-7,7,3
24692,6,7.29523605759313e-5,7,3
24692,7,4.025798718465744e-5,7,3
24692,19,2.066641756744692e-6,7,3
24692,17,1.9441629208527673e-5,7,3
24695,11,3.159120544414512e-5,3,4
24695,10,5.394110575221209e-6,3,4
24695,5,5.8487325032342496e-5,3,4
24695,2,0,3,4
24695,3,2.081499878856707e-7,3,4
24695,13,0,3,4
24695,9,5.344618966515847e-5,3,4
24695,1,0,3,4
24695,4,2.756641066117999e-4,3,4
24695,8,4.353812932903844e-5,3,4
24695,12,2.266431229790516e-7,3,4
24695,6,6.620886506050908e-5,3,4
24695,7,6.196229331899449e-5,3,4
24695,19,2.4386372729587364e-5,3,4
24695,17,1.1160935286377e-5,3,4
24705,11,2.12695960792046e-4,3,4
24705,10,8.00126401991146e-5,3,4
24705,5,4.2336847779093375e-4,3,4
24705,2,3.264429122162192e-5,3,4
24705,3,0,3,4
24705,13,2.3464490983405673e-4,3,4
24705,9,1.45887453334939e-4,3,4
24705,1,0,3,4
24705,4,7.941047789661635e-4,3,4
24705,8,1.0483808256345572e-4,3,4
24705,12,3.0415507103788723e-4,3,4
24705,6,1.403873157301535e-4,3,4
24705,7,1.0187021104987228e-4,3,4
24705,19,2.4675702575531624e-4,3,4
24705,17,2.664223261909348e-4,3,4
24743,11,0,7,3
24743,10,3.258941805862814e-5,7,3
24743,5,3.256680598391798e-4,7,3
24743,2,1.046689972502798e-4,7,3
24743,3,2.2063898715881095e-5,7,3
24743,13,1.8973981927282217e-5,7,3
24743,9,5.023483062948372e-5,7,3
24743,1,0,7,3
24743,4,7.431106144722917e-4,7,3
24743,8,7.278015649033292e-5,7,3
24743,12,4.918155768645419e-5,7,3
24743,6,1.1126767600446664e-4,7,3
24743,7,5.2160348613164854e-5,7,3
24743,19,2.4386372729587364e-5,7,3
24743,17,1.5121267162188192e-5,7,3
24786,11,4.4391090408583224e-5,8,2
24786,10,6.675211836836246e-5,8,2
24786,5,1.2195936526630508e-4,8,2
24786,2,0,8,2
24786,3,0,8,2
24786,13,1.7392816766675363e-5,8,2
24786,9,7.70726168561942e-5,8,2
24786,1,0,8,2
24786,4,3.695229311150133e-7,8,2
24786,8,9.660699343657284e-5,8,2
24786,12,4.600855396474748e-5,8,2
24786,6,2.2835927995407067e-4,8,2
24786,7,1.9393847739391495e-4,8,2
24786,19,9.093223729676644e-5,8,2
24786,17,5.9404978137167897e-5,8,2
24796,11,6.538834850982105e-4,3,4
24796,10,7.277554184402615e-4,3,4
24796,5,0.00394889138272344,3,4
24796,2,0,3,4
24796,3,9.345934456066616e-5,3,4
24796,13,4.632813920578074e-4,3,4
24796,9,0.00101868896267368,3,4
24796,1,0,3,4
24796,4,0.00134247680874084,3,4
24796,8,9.84481581096914e-4,3,4
24796,12,6.606647034839354e-4,3,4
24796,6,0.00206228353762548,3,4
24796,7,0.00122209246314468,3,4
24796,19,8.200434490762938e-4,3,4
24796,17,7.63984021861032e-4,3,4
24863,11,2.8595487686510665e-5,7,3
24863,10,8.27096954867252e-5,7,3
24863,5,2.1833052583096032e-4,7,3
24863,2,5.647980544693316e-5,7,3
24863,3,0,7,3
24863,13,2.0555147087889065e-5,7,3
24863,9,5.4363720818208407e-5,7,3
24863,1,0,7,3
24863,4,3.806086190484637e-4,7,3
24863,8,8.512679018065725e-5,7,3
24863,12,1.2238728640868787e-5,7,3
24863,6,1.7012000050269693e-4,7,3
24863,7,7.841555764663709e-5,7,3
24863,19,3.55462382160087e-5,7,3
24863,17,3.7083107564413896e-5,7,3
24895,11,5.283356772555304e-5,7,3
24895,10,1.0091481867809678e-4,7,3
24895,5,7.41393307654296e-4,7,3
24895,2,0,7,3
24895,3,1.1448249333711888e-4,7,3
24895,13,7.779332590185707e-5,7,3
24895,9,1.2822497863872783e-4,7,3
24895,1,0,7,3
24895,4,0.00151726115515824,7,3
24895,8,1.78051454270993e-4,7,3
24895,12,5.1447988916244714e-5,7,3
24895,6,3.114268838031353e-4,7,3
24895,7,1.9883944974682976e-4,7,3
24895,19,3.389292481061295e-5,7,3
24895,17,8.280693922150677e-5,7,3
24929,11,3.51315991577131e-4,5,1
24929,10,5.355902291980059e-4,5,1
24929,5,0.00378971281061837,5,1
24929,2,1.145141009520388e-4,5,1
24929,3,1.4528869154419816e-4,5,1
24929,13,2.669006791104365e-4,5,1
24929,9,8.778479306805214e-4,5,1
24929,1,0,5,1
24929,4,7.50131550163477e-5,5,1
24929,8,0.00102780310281735,5,1
24929,12,3.372449669928288e-4,5,1
24929,6,0.00225876447514301,5,1
24929,7,0.0012063393377246,5,1
24929,19,4.4060802253796834e-4,5,1
24929,17,3.1286621818908423e-4,5,1
24971,11,1.5986239306649296e-4,5,1
24971,10,1.9328896227876e-4,5,1
24971,5,0.00159909663667972,5,1
24971,2,3.955313592461069e-5,5,1
24971,3,4.391964744387652e-5,5,1
24971,13,5.470831455699705e-5,5,1
24971,9,3.8650999822228337e-4,5,1
24971,1,0,5,1
24971,4,3.695229311150133e-7,5,1
24971,8,4.804356758796381e-4,5,1
24971,12,1.264668626223108e-4,5,1
24971,6,0.00101612216516475,5,1
24971,7,5.170525832325133e-4,5,1
24971,19,1.1531861002635382e-4,5,1
24971,17,1.0836908132901536e-4,5,1
24984,11,2.7233797796676824e-7,8,2
24984,10,6.203227161504391e-5,8,2
24984,5,2.18662840177735e-4,8,2
24984,2,1.7272111757471916e-7,8,2
24984,3,1.0116089411243596e-4,8,2
24984,13,0,8,2
24984,9,3.073729362717269e-5,8,2
24984,1,0,8,2
24984,4,3.695229311150133e-7,8,2
24984,8,6.953104236130019e-5,8,2
24984,12,3.399646844685774e-6,8,2
24984,6,1.3670904544901412e-4,8,2
24984,7,5.2160348613164854e-5,8,2
24984,19,7.439910324280892e-6,8,2
24984,17,0,8,2
24986,11,1.105692190545079e-4,5,1
24986,10,4.832224056969e-5,5,1
24986,5,5.313706404927026e-4,5,1
24986,2,0,5,1
24986,3,1.9378763872155943e-4,5,1
24986,13,3.1623303212137025e-7,5,1
24986,9,1.4634621891146e-4,5,1
24986,1,0,5,1
24986,4,0.00106755174799127,5,1
24986,8,1.1263595647313426e-4,5,1
24986,12,3.286325283196248e-5,5,1
24986,6,2.0659618079066255e-4,5,1
24986,7,1.0046993323475376e-4,5,1
24986,19,3.099962635117038e-5,5,1
24986,17,3.924328858758363e-5,5,1
25008,11,2.2059376215308225e-5,5,1
25008,10,5.821144329092888e-5,5,1
25008,5,3.1403705770206624e-4,5,1
25008,2,0,5,1
25008,3,0,5,1
25008,13,1.201685522061207e-5,5,1
25008,9,7.890767916229405e-5,5,1
25008,1,0,5,1
25008,4,0,5,1
25008,8,5.718440867097586e-5,5,1
25008,12,1.858473608428223e-5,5,1
25008,6,1.6981347797926863e-4,5,1
25008,7,1.0887160012546487e-4,5,1
25008,19,4.959940216187261e-6,5,1
25008,17,1.1520965456905287e-5,5,1
25011,11,4.2757062540782615e-5,5,1
25011,10,3.371319109513256e-5,5,1
25011,5,8.939255928238711e-4,5,1
25011,2,2.573544651863315e-5,5,1
25011,3,3.059804821919359e-5,5,1
25011,13,1.48629525097044e-5,5,1
25011,9,8.028397589186896e-5,5,1
25011,1,0,5,1
25011,4,7.390458622300266e-7,5,1
25011,8,1.0353843691184264e-4,5,1
25011,12,4.102240525920834e-5,5,1
25011,6,2.985529378191474e-4,5,1
25011,7,1.4037785096563158e-4,5,1
25011,19,2.14930742701448e-5,5,1
25011,17,3.2762745518074414e-5,5,1
25086,11,1.0675648736297314e-4,5,1
25086,10,1.7912942201880433e-4,5,1
25086,5,0.00111458231908225,5,1
25086,2,1.2884995371074048e-4,5,1
25086,3,1.4716204143516918e-4,5,1
25086,13,3.4785633533350726e-5,5,1
25086,9,3.465973930646114e-4,5,1
25086,1,0,5,1
25086,4,1.1861686088791926e-4,5,1
25086,8,3.647672128860733e-4,5,1
25086,12,1.2284057265464596e-4,5,1
25086,6,6.390994613479696e-4,5,1
25086,7,4.029299413003539e-4,5,1
25086,19,8.018570016169405e-5,5,1
25086,17,8.496712024467651e-5,5,1
25147,11,0,5,1
25147,10,1.9553650835176883e-5,5,1
25147,5,5.21733524436237e-5,5,1
25147,2,0.00134497934255433,5,1
25147,3,0.00181381899443573,5,1
25147,13,3.1623303212137025e-7,5,1
25147,9,4.014198794593448e-5,5,1
25147,1,2.855574738672078e-7,5,1
25147,4,4.5562177406481135e-4,5,1
25147,8,2.31770141204334e-5,5,1
25147,12,1.949130857619844e-5,5,1
25147,6,6.896756777136362e-5,5,1
25147,7,3.04560424788278e-5,5,1
25147,19,2.4799701080936306e-6,5,1
25147,17,1.188099562743358e-5,5,1
25190,11,6.726748055779175e-5,5,1
25190,10,8.113641323561903e-5,5,1
25190,5,0.00103283298977568,5,1
25190,2,6.891572591231294e-5,5,1
25190,3,7.139544584478506e-5,5,1
25190,13,4.4905090561234575e-5,5,1
25190,9,1.910758626226481e-4,5,1
25190,1,0,5,1
25190,4,7.390458622300266e-7,5,1
25190,8,1.8714897383228463e-4,5,1
25190,12,9.858975849588744e-5,5,1
25190,6,5.560318574989049e-4,5,1
25190,7,3.2311410583859835e-4,5,1
25190,19,1.0250543113453672e-4,5,1
25190,17,1.044087494532042e-5,5,1
25236,11,6.971852235949267e-5,5,1
25236,10,1.2766061694690194e-4,5,1
25236,5,0.00119201156188075,5,1
25236,2,0,5,1
25236,3,0,5,1
25236,13,6.387907248851679e-5,5,1
25236,9,1.8694697243392343e-4,5,1
25236,1,0,5,1
25236,4,5.062464156275682e-5,5,1
25236,8,2.393514075054103e-4,5,1
25236,12,4.487533834985222e-5,5,1
25236,6,5.370274610463514e-4,5,1
25236,7,2.594014652507057e-4,5,1
25236,19,3.5132909864659766e-5,5,1
25236,17,0,5,1
25265,11,2.0534283538694328e-4,1,6
25265,10,1.5800248893252126e-4,1,6
25265,5,1.611724581857165e-4,1,6
25265,2,3.368061792707023e-5,1,6
25265,3,5.120489701987499e-5,1,6
25265,13,1.1194649337096508e-4,1,6
25265,9,1.4152918035795185e-4,1,6
25265,1,0,1,6
25265,4,0,1,6
25265,8,8.90257271354965e-5,1,6
25265,12,1.8516743147388516e-4,1,6
25265,6,1.9004396452553532e-4,1,6
25265,7,1.1622305865483712e-4,1,6
25265,19,6.286724224017353e-4,1,6
25265,17,3.009852225616507e-4,1,6
25266,11,1.3998172067491887e-4,3,4
25266,10,1.6249758107853894e-4,3,4
25266,5,8.550448142512343e-4,3,4
25266,2,0,3,4
25266,3,2.081499878856707e-7,3,4
25266,13,4.079406114365677e-5,3,4
25266,9,1.6148548293678784e-4,3,4
25266,1,3.997804634140909e-6,3,4
25266,4,9.341539698587536e-4,3,4
25266,8,1.89964872744113e-4,3,4
25266,12,4.0569119013250234e-5,3,4
25266,6,4.0798147868304434e-4,3,4
25266,7,2.1249215844423532e-4,3,4
25266,19,8.473231202653238e-5,3,4
25266,17,3.4202866200187575e-5,3,4
25276,11,3.104652948821158e-5,7,3
25276,10,3.348843648783167e-5,7,3
25276,5,3.618903236376192e-4,7,3
25276,2,3.6185074131903663e-4,7,3
25276,3,3.434474800113567e-5,7,3
25276,13,1.5811651606068512e-5,7,3
25276,9,5.895137658345806e-5,7,3
25276,1,2.855574738672078e-7,7,3
25276,4,6.544251110046886e-4,7,3
25276,8,4.852010432688861e-5,7,3
25276,12,3.988918964431308e-5,7,3
25276,6,1.0299156787190302e-4,7,3
25276,7,5.846159878119819e-5,7,3
25276,19,5.9519282594247133e-5,7,3
25276,17,8.460709007414821e-5,7,3
25307,11,7.46206059628945e-5,7,3
25307,10,3.056662659292019e-5,7,3
25307,5,7.576767106462551e-5,7,3
25307,2,6.331956170289204e-4,7,3
25307,3,9.293896959095195e-4,7,3
25307,13,3.605056566183621e-5,7,3
25307,9,4.51884092877091e-5,7,3
25307,1,1.9989023170704544e-6,7,3
25307,4,2.172794834956278e-4,7,3
25307,8,6.108334562581512e-5,7,3
25307,12,4.4648695226873165e-5,7,3
25307,6,1.0452418048904442e-4,7,3
25307,7,7.281444638616302e-5,7,3
25307,19,4.0092850080847025e-5,7,3
25307,17,1.4761236991659902e-5,7,3
25325,11,1.3344560920371645e-5,5,1
25325,10,3.506171873893786e-5,5,1
25325,5,6.0813525459765206e-5,5,1
25325,2,0,5,1
25325,3,5.4743446813931395e-5,5,1
25325,13,3.1623303212137025e-7,5,1
25325,9,4.7482237170333927e-5,5,1
25325,1,0,5,1
25325,4,3.695229311150133e-7,5,1
25325,8,1.8411646731185407e-5,5,1
25325,12,8.38579555022491e-6,5,1
25325,6,8.643935160677574e-5,5,1
25325,7,4.445882063001299e-5,5,1
25325,19,1.033320878372346e-5,5,1
25325,17,1.8001508526414513e-5,5,1
25347,11,1.688495463393963e-5,7,3
25347,10,5.528963339601739e-5,7,3
25347,5,3.027383699117273e-4,7,3
25347,2,4.6289259510024736e-4,7,3
25347,3,6.028023649169024e-4,7,3
25347,13,8.506668564064859e-5,7,3
25347,9,7.179681272615709e-5,7,3
25347,1,0,7,3
25347,4,6.193204325487622e-4,7,3
25347,8,7.646248583656999e-5,7,3
25347,12,1.1014855776781908e-4,7,3
25347,6,1.655221626512727e-4,7,3
25347,7,6.021194605009634e-5,7,3
25347,19,1.335050574857071e-4,7,3
25347,17,8.136681853939361e-5,7,3
25385,11,2.614444588480975e-5,7,3
25385,10,1.7081350154867163e-5,7,3
25385,5,1.4090128303246145e-4,7,3
25385,2,0,7,3
25385,3,0,7,3
25385,13,1.328178734909755e-5,7,3
25385,9,3.968322236940951e-5,7,3
25385,1,0,7,3
25385,4,7.264820825721161e-4,7,3
25385,8,3.530704020215555e-5,7,3
25385,12,1.858473608428223e-5,7,3
25385,6,7.509801823992928e-5,7,3
25385,7,4.410875117623336e-5,7,3
25385,19,3.5132909864659766e-5,7,3
25385,17,3.924328858758363e-5,7,3
25423,11,4.357407647468292e-6,3,4
25423,10,6.967392826327395e-6,3,4
25423,5,2.5920519048424513e-5,3,4
25423,2,6.822484144201406e-5,3,4
25423,3,2.081499878856707e-7,3,4
25423,13,4.427262449699183e-6,3,4
25423,9,1.5827412390111307e-5,3,4
25423,1,0,3,4
25423,4,0,3,4
25423,8,4.981974997850169e-6,3,4
25423,12,1.2918658009805942e-5,3,4
25423,6,2.574789196797575e-5,3,4
25423,7,3.465687592418336e-5,3,4
25423,19,2.6453014486332055e-5,3,4
25423,17,0,3,4
25457,11,9.286725048666796e-5,5,1
25457,10,9.956629103429148e-5,5,1
25457,5,0.00131928795669545,5,1
25457,2,3.734230561965428e-4,5,1
25457,3,3.8320412769751977e-4,5,1
25457,13,2.814473985880195e-5,5,1
25457,9,1.963516667526852e-4,5,1
25457,1,2.855574738672078e-7,5,1
25457,4,1.781100527974364e-4,5,1
25457,8,2.490987498925085e-4,5,1
25457,12,4.328883648899886e-5,5,1
25457,6,5.523535872177655e-4,5,1
25457,7,3.269648698301743e-4,5,1
25457,19,5.083938721591942e-5,5,1
25457,17,3.636304722335731e-5,5,1
25458,11,6.563345268999114e-5,5,1
25458,10,1.406963841703532e-4,5,1
25458,5,0.00120729802183238,5,1
25458,2,4.093490486520844e-5,5,1
25458,3,2.73717234069657e-4,5,1
25458,13,6.419530552063816e-5,5,1
25458,9,2.2640081201507045e-4,5,1
25458,1,0,5,1
25458,4,5.83846231161721e-5,5,1
25458,8,3.030340444344516e-4,5,1
25458,12,9.92696878648246e-5,5,1
25458,6,6.627016956519473e-4,5,1
25458,7,3.4026750907380026e-4,5,1
25458,19,4.3399476891638533e-5,5,1
25458,17,2.9522473983319803e-5,5,1
25479,11,2.7233797796676824e-7,7,3
25479,10,4.742322214048646e-5,7,3
25479,5,4.752095158877828e-4,7,3
25479,2,5.76888532699562e-5,7,3
25479,3,1.6693629028430792e-4,7,3
25479,13,1.1068156124247958e-5,7,3
25479,9,4.128890188724689e-5,7,3
25479,1,0,7,3
25479,4,4.929435901074277e-4,7,3
25479,8,5.956709236559985e-5,7,3
25479,12,1.541173236257551e-5,7,3
25479,6,1.2107639675417168e-4,7,3
25479,7,7.421472420128154e-5,7,3
25479,19,1.570647735125966e-5,7,3
25479,17,1.7281448185357932e-5,7,3
25499,11,3.1073763286008254e-4,3,4
25499,10,4.629944910398205e-4,3,4
25499,5,0.00303967932994793,3,4
25499,2,7.996987743709497e-5,3,4
25499,3,6.515094620821493e-5,3,4
25499,13,2.156709279067745e-4,3,4
25499,9,6.422718071349517e-4,3,4
25499,1,0,3,4
25499,4,0.00103909848229541,3,4
25499,8,6.353101160301978e-4,3,4
25499,12,2.357088478982137e-4,3,4
25499,6,0.00153475827480541,3,4
25499,7,8.128612716763006e-4,3,4
25499,19,8.192167923735959e-4,3,4
25499,17,5.144831136849267e-4,3,4
25521,11,3.1863543422111885e-5,7,3
25521,10,4.629944910398204e-5,7,3
25521,5,1.2461788004050248e-4,7,3
25521,2,0,7,3
25521,3,7.576659559038413e-5,7,3
25521,13,3.1939536244258396e-5,7,3
25521,9,2.454395834408565e-5,7,3
25521,1,0,7,3
25521,4,1.7108911710625116e-4,7,3
25521,8,2.4260052163444305e-5,7,3
25521,12,2.266431229790516e-6,7,3
25521,6,8.030890113821009e-5,7,3
25521,7,2.4854931218353723e-5,7,3
25521,19,1.7359790756655415e-5,7,3
25521,17,0,7,3
25565,11,8.551412508156523e-5,3,4
25565,10,8.27096954867252e-5,3,4
25565,5,5.559619021540283e-4,3,4
25565,2,1.7272111757471916e-7,3,4
25565,3,6.244499636570121e-7,3,4
25565,13,9.423744357216832e-5,3,4
25565,9,1.062042309655295e-4,3,4
25565,1,0,3,4
25565,4,6.544251110046886e-4,3,4
25565,8,1.228165140774368e-4,3,4
25565,12,5.099470267028661e-5,3,4
25565,6,2.0904836097808885e-4,3,4
25565,7,1.1167215575570193e-4,3,4
25565,19,7.398577489145998e-5,3,4
25565,17,1.5121267162188192e-5,3,4
25594,11,3.104652948821158e-5,5,1
25594,10,1.9328896227876e-5,5,1
25594,5,1.1232224920983956e-4,5,1
25594,2,0,5,1
25594,3,2.7683948388794203e-5,5,1
25594,13,1.0119457027883848e-5,5,1
25594,9,3.647186333373475e-5,5,1
25594,1,0,5,1
25594,4,0,5,1
25594,8,2.6642735858068296e-5,5,1
25594,12,1.4505159870659302e-5,5,1
25594,6,7.172627048221816e-5,5,1
25594,7,4.0958126092216695e-5,5,1
25594,19,1.7359790756655415e-5,5,1
25594,17,0,5,1
25660,11,1.1438195074604266e-4,3,4
25660,10,5.9559970934734187e-5,3,4
25660,5,6.41699003621894e-4,3,4
25660,2,0,3,4
25660,3,2.081499878856707e-7,3,4
25660,13,1.751930997952391e-4,3,4
25660,9,1.169852220138662e-4,3,4
25660,1,0,3,4
25660,4,0.00149250311877353,3,4
25660,8,1.321306412473306e-4,3,4
25660,12,1.9423315639304723e-4,3,4
25660,6,2.277462349072141e-4,3,4
25660,7,1.4842944840256307e-4,3,4
25660,19,2.2857057829596297e-4,3,4
25660,17,1.4113182684708978e-4,3,4
25672,11,5.283356772555304e-5,3,4
25672,10,1.5957577118362742e-5,3,4
25672,5,1.478798843147296e-4,3,4
25672,2,5.958878556327811e-5,3,4
25672,3,2.081499878856707e-7,3,4
25672,13,1.5811651606068512e-5,3,4
25672,9,1.5368646813586343e-5,3,4
25672,1,0,3,4
25672,4,0,3,4
25672,8,2.4260052163444305e-5,3,4
25672,12,1.133215614895258e-5,3,4
25672,6,5.8239279451373726e-5,3,4
25672,7,2.4504861764574093e-5,3,4
25672,19,2.025308921609798e-5,3,4
25672,17,1.6921418014829642e-5,3,4
25851,11,1.388923687630518e-5,7,3
25851,10,4.023107470685819e-5,7,3
25851,5,4.831850602103749e-4,7,3
25851,2,0,7,3
25851,3,0,7,3
25851,13,0,7,3
25851,9,1.2937189258004027e-4,7,3
25851,1,5.711149477344156e-7,7,3
25851,4,0,7,3
25851,8,8.880911952689432e-5,7,3
25851,12,3.807604466048067e-5,7,3
25851,6,2.3510277546949287e-4,7,3
25851,7,1.2497479499932787e-4,7,3
25851,19,5.455934237805987e-5,7,3
25851,17,3.1682655006489544e-5,7,3
26026,11,8.088437945613017e-5,5,1
26026,10,1.4249442102876029e-4,5,1
26026,5,0.00139671719949395,5,1
26026,2,0,5,1
26026,3,7.493399563884146e-5,5,1
26026,13,3.6683031726078945e-5,5,1
26026,9,2.525504498769935e-4,5,1
26026,1,0,5,1
26026,4,7.390458622300266e-7,5,1
26026,8,3.0628315856348436e-4,5,1
26026,12,7.547215995202419e-5,5,1
26026,6,7.353475337044503e-4,5,1
26026,7,3.427179952502577e-4,5,1
26026,19,2.14930742701448e-5,5,1
26026,17,4.752398250973432e-5,5,1
26051,11,1.1710533052571031e-5,5,1
26051,10,1.8429877798672463e-5,5,1
26051,5,3.888077857263677e-5,5,1
26051,2,0,5,1
26051,3,0,5,1
26051,13,1.17006221884907e-5,5,1
26051,9,3.968322236940951e-5,5,1
26051,1,0,5,1
26051,4,4.8777026907181755e-5,5,1
26051,8,6.60653206236653e-5,5,1
26051,12,1.246537176384784e-5,5,1
26051,6,7.479149571650099e-5,5,1
26051,7,7.771541873907783e-5,5,1
26051,19,2.4799701080936304e-5,5,1
26051,17,2.556214210750861e-5,5,1
26106,11,0.00591953828908567,5,1
26106,10,0.00683433809880527,5,1
26106,5,0.04117574145146267,5,1
26106,2,1.7272111757471916e-7,5,1
26106,3,2.06068488006814e-4,5,1
26106,13,0.00483646799326423,5,1
26106,9,0.01033346522843658,5,1
26106,1,8.566724216016234e-7,5,1
26106,4,0.01095265967824899,5,1
26106,8,0.01118388404734782,5,1
26106,12,0.00605454438726238,5,1
26106,6,0.02380699134962786,5,1
26106,7,0.01392506273244611,5,1
26106,19,0.00669385265009605,5,1
26106,17,0.00649458424615982,5,1
26110,11,7.189722618322682e-5,7,3
26110,10,6.855015522676953e-5,7,3
26110,5,3.3464054720209595e-4,7,3
26110,2,0,7,3
26110,3,9.345934456066616e-5,7,3
26110,13,1.0910039608187273e-4,7,3
26110,9,5.872199379519558e-5,7,3
26110,1,0,7,3
26110,4,1.2452922778575948e-4,7,3
26110,8,1.020221836516274e-4,7,3
26110,12,1.133215614895258e-4,7,3
26110,6,2.151788114466545e-4,7,3
26110,7,1.0677118340278712e-4,7,3
26110,19,8.101235686439192e-5,7,3
26110,17,6.228521950139421e-5,7,3
26121,11,4.302940051874938e-5,7,3
26121,10,7.416902040929162e-5,7,3
26121,5,3.2101565898433435e-4,7,3
26121,2,0,7,3
26121,3,6.0779796462615846e-5,7,3
26121,13,4.553755662547731e-5,7,3
26121,9,6.124520446608289e-5,7,3
26121,1,0,7,3
26121,4,1.7367577762405625e-4,7,3
26121,8,6.12999532344173e-5,7,3
26121,12,5.076805954730756e-5,7,3
26121,6,1.6521564012784442e-4,7,3
26121,7,4.585909844513151e-5,7,3
26121,19,6.282590940503864e-5,7,3
26121,17,2.0161689549584257e-5,7,3
26181,11,7.832440246324254e-4,5,1
26181,10,4.731084483683602e-4,5,1
26181,5,0.00143028094851819,5,1
26181,2,1.7272111757471916e-7,5,1
26181,3,2.4894738551126214e-4,5,1
26181,13,4.879475685632743e-4,5,1
26181,9,4.672527396906773e-4,5,1
26181,1,0,5,1
26181,4,0.00215505773426275,5,1
26181,8,3.729983020129562e-4,5,1
26181,12,7.853184211224138e-4,5,1
26181,6,7.963455158666786e-4,5,1
26181,7,4.225338307120133e-4,5,1
26181,19,9.630550586430264e-4,5,1
26181,17,8.107879440297096e-4,5,1
26185,11,2.5327431950909445e-5,7,3
26185,10,2.4947761410398093e-5,7,3
26185,5,2.1965978321805904e-4,7,3
26185,2,0,7,3
26185,3,0,7,3
26185,13,1.233308825273344e-5,7,3
26185,9,3.532494939242234e-5,7,3
26185,1,0,7,3
26185,4,1.965861993531871e-4,7,3
26185,8,8.33939293118398e-5,7,3
26185,12,2.6063959142590933e-5,7,3
26185,6,1.4866342386271714e-4,7,3
26185,7,5.531097369718152e-5,7,3
26185,19,1.4879820648561783e-5,7,3
26185,17,3.600301705282903e-7,7,3
26186,11,4.4391090408583224e-5,5,1
26186,10,4.9221258998893535e-5,5,1
26186,5,2.4292178749228617e-4,5,1
26186,2,2.4578215030882534e-4,5,1
26186,3,1.9732618851561585e-4,5,1
26186,13,3.1623303212137025e-7,5,1
26186,9,9.358817761109296e-5,5,1
26186,1,0,5,1
26186,4,5.797814789194559e-4,5,1
26186,8,7.104729562151547e-5,5,1
26186,12,5.167463203922377e-5,5,1
26186,6,1.8912439695525048e-4,5,1
26186,7,1.2462472554554825e-4,5,1
26186,19,6.654586456717909e-5,5,1
26186,17,6.624555137720541e-5,5,1
26263,11,1.08118177252807e-4,3,4
26263,10,1.296834084126099e-4,3,4
26263,5,5.340291552668999e-4,3,4
26263,2,0,3,4
26263,3,2.081499878856707e-7,3,4
26263,13,7.589592770912885e-5,3,4
26263,9,2.6103761304270535e-4,3,4
26263,1,0,3,4
26263,4,0.00130811117614714,3,4
26263,8,1.815171760086279e-4,3,4
26263,12,1.1536134959633728e-4,3,4
26263,6,2.522680367814767e-4,3,4
26263,7,1.2602500336066677e-4,3,4
26263,19,1.0787869970207292e-4,3,4
26263,17,1.3573137428916544e-4,3,4
26357,11,2.7233797796676824e-7,8,2
26357,10,2.359923376659279e-5,8,2
26357,5,0,8,2
26357,2,2.967348799933675e-4,8,2
26357,3,2.329198364440655e-4,8,2
26357,13,8.854524899398366e-6,8,2
26357,9,1.0780991048336688e-5,8,2
26357,1,0,8,2
26357,4,1.4780917244600532e-6,8,2
26357,8,0,8,2
26357,12,1.541173236257551e-5,8,2
26357,6,1.5632648694842422e-5,8,2
26357,7,7.701527983151858e-6,8,2
26357,19,9.919880432374522e-6,8,2
26357,17,0,8,2
26370,11,1.062118114070396e-5,3,4
26370,10,1.5058558689159208e-5,3,4
26370,5,7.310915629042812e-6,3,4
26370,2,0,3,4
26370,3,2.081499878856707e-7,3,4
26370,13,1.359802038121892e-5,3,4
26370,9,0,3,4
26370,1,0,3,4
26370,4,1.6961102538179108e-4,3,4
26370,8,1.5595747819357053e-5,3,4
26370,12,5.892721197455341e-6,3,4
26370,6,2.084353159312323e-5,3,4
26370,7,7.701527983151858e-6,3,4
26370,19,1.2399850540468153e-6,3,4
26370,17,0,3,4
26387,11,4.983784996791859e-5,5,1
26387,10,4.629944910398204e-5,5,1
26387,5,2.449156735729342e-4,5,1
26387,2,6.459769797294496e-5,5,1
26387,3,2.116885376797271e-4,5,1
26387,13,1.328178734909755e-5,5,1
26387,9,8.143088983318137e-5,5,1
26387,1,5.711149477344156e-7,5,1
26387,4,7.390458622300266e-7,5,1
26387,8,6.82313967096871e-5,5,1
26387,12,4.3515479611977906e-5,5,1
26387,6,1.6245693741698988e-4,5,1
26387,7,8.471680781467043e-5,5,1
26387,19,2.066641756744692e-5,5,1
26387,17,1.9441629208527673e-5,5,1
26406,11,5.038252592385212e-5,5,1
26406,10,1.4384294867256558e-5,5,1
26406,5,4.885020897587697e-5,5,1
26406,2,0,5,1
26406,3,0,5,1
26406,13,2.0555147087889065e-5,5,1
26406,9,4.312396419334675e-5,5,1
26406,1,0,5,1
26406,4,0,5,1
26406,8,4.2671698894629715e-5,5,1
26406,12,2.10778104370518e-5,5,1
26406,6,1.0299156787190302e-4,5,1
26406,7,8.296646054577229e-5,5,1
26406,19,7.026581972931953e-6,5,1
26406,17,6.480543069509225e-5,5,1
26556,11,6.070413528879263e-4,5,1
26556,10,7.906867084845089e-4,5,1
26556,5,0.00680878865106628,5,1
26556,2,5.1816335272415746e-5,5,1
26556,3,4.371149745599085e-5,5,1
26556,13,3.835906679632221e-4,5,1
26556,9,0.00144442341768885,5,1
26556,1,5.711149477344156e-7,5,1
26556,4,8.225580446620196e-4,5,1
26556,8,0.00164231888842173,5,1
26556,12,3.7577429789926753e-4,5,1
26556,6,0.00344071532548247,5,1
26556,7,0.00181931095129273,5,1
26556,19,4.2696818694345335e-4,5,1
26556,17,1.886558093568241e-4,5,1
26579,11,2.7233797796676824e-7,7,3
26579,10,0,7,3
26579,5,1.5618774298409642e-5,7,3
26579,2,8.359702090616407e-5,7,3
26579,3,4.849894717736127e-5,7,3
26579,13,7.273359738791516e-6,7,3
26579,9,1.835062306099862e-6,7,3
26579,1,0,7,3
26579,4,1.4152728261705009e-4,7,3
26579,8,6.7148358666676195e-6,7,3
26579,12,0,7,3
26579,6,3.984792804567676e-6,7,3
26579,7,7.001389075592598e-6,7,3
26579,19,8.266567026978768e-6,7,3
26579,17,0,7,3
26590,11,2.015301036954085e-5,3,4
26590,10,7.349475658738897e-5,3,4
26590,5,5.539680160733803e-4,3,4
26590,2,8.273341531829047e-5,3,4
26590,3,2.081499878856707e-7,3,4
26590,13,2.4349943473345507e-5,3,4
26590,9,7.684323406793171e-5,3,4
26590,1,2.855574738672078e-7,3,4
26590,4,1.282244570969096e-4,3,4
26590,8,8.079463800861362e-5,3,4
26590,12,4.510198147283127e-5,3,4
26590,6,2.2161578443864844e-4,3,4
26590,7,9.626909978939822e-5,3,4
26590,19,5.0426058864570487e-5,3,4
26590,17,6.588552120667713e-5,3,4
26656,11,0.00155913492385974,5,1
26656,10,0.00214977781883295,5,1
26656,5,0.0147663879989326,5,1
26656,2,0,5,1
26656,3,0,5,1
26656,13,0.00117860051071634,5,1
26656,9,0.00326503460812817,5,1
26656,1,0,5,1
26656,4,1.0124928312551364e-4,5,1
26656,8,0.00388615710593173,5,1
26656,12,0.00111984367063949,5,1
26656,6,0.00792973768108967,5,1
26656,7,0.00418017934758256,5,1
26656,19,0.0016351269579364,5,1
26656,17,0.00156361103060436,5,1
26705,11,7.516528191882803e-5,3,4
26705,10,6.383030847345097e-5,3,4
26705,5,1.960654645970572e-4,3,4
26705,2,0,3,4
26705,3,2.4977998546280484e-5,3,4
26705,13,3.636679869395758e-5,3,4
26705,9,1.2111411220259088e-4,3,4
26705,1,0,3,4
26705,4,0,3,4
26705,8,1.0852041190969282e-4,3,4
26705,12,1.40518736247012e-5,3,4
26705,6,2.4245931603177168e-4,3,4
26705,7,1.1307243357082045e-4,3,4
26705,19,3.306626810791507e-5,3,4
26705,17,6.264524967192251e-5,3,4
26709,11,4.087793049281191e-4,3,4
26709,10,2.8476408745021966e-4,3,4
26709,5,7.327531346381545e-4,3,4
26709,2,0,3,4
26709,3,2.081499878856707e-7,3,4
26709,13,5.923044691633264e-4,3,4
26709,9,3.2090652077921335e-4,3,4
26709,1,0,3,4
26709,4,0.00128667884614247,3,4
26709,8,3.000015379140211e-4,3,4
26709,12,6.078568558298163e-4,3,4
26709,6,4.99631713188101e-4,3,4
26709,7,2.860067437379576e-4,3,4
26709,19,0.00181079150725969,3,4
26709,17,0.00129286834236709,3,4
26821,11,3.0583554925668073e-4,3,4
26821,10,4.4726166852875857e-4,3,4
26821,5,0.00143161020590529,3,4
26821,2,2.0260187091514556e-4,3,4
26821,3,5.724124666855944e-5,3,4
26821,13,3.2034406153894806e-4,3,4
26821,9,4.622063183489027e-4,3,4
26821,1,2.855574738672078e-7,3,4
26821,4,0.00139199288151025,3,4
26821,8,3.918431639613459e-4,3,4
26821,12,2.658523832544275e-4,3,4
26821,6,9.493002550573916e-4,3,4
26821,7,4.8449612403100775e-4,3,4
26821,19,0.00113210635434474,3,4
26821,17,2.9774495102689603e-4,3,4
26875,11,5.9097341218788705e-5,7,3
26875,10,1.15973377367256e-4,7,3
26875,5,4.0442656002477736e-4,7,3
26875,2,1.6270329275538544e-4,7,3
26875,3,1.6360589047813718e-4,7,3
26875,13,7.621216074125023e-5,7,3
26875,9,1.4657560169972647e-4,7,3
26875,1,0,7,3
26875,4,0.0017230854277893,7,3
26875,8,1.1133631082152118e-4,7,3
26875,12,8.544445736310246e-5,7,3
26875,6,3.1449210903741813e-4,7,3
26875,7,1.4807937894878345e-4,7,3
26875,19,1.2813178891817091e-4,7,3
26875,17,7.488627546988437e-5,7,3
26941,11,2.7233797796676824e-7,7,3
26941,10,6.967392826327395e-6,7,3
26941,5,2.34946243169694e-4,7,3
26941,2,1.480219977615343e-4,7,3
26941,3,2.2646718681960972e-4,7,3
26941,13,3.1623303212137025e-7,7,3
26941,9,5.71163142773582e-5,7,3
26941,1,0,7,3
26941,4,5.528063049480598e-4,7,3
26941,8,4.8303496718286424e-5,7,3
26941,12,1.5865018608533613e-5,7,3
26941,6,1.299655499335919e-4,7,3
26941,7,7.666521037773894e-5,7,3
26941,19,2.9346312945774627e-5,7,3
26941,17,1.2241025797961867e-5,7,3
26954,11,3.1318867466178344e-5,5,1
26954,10,3.5286473346238745e-5,5,1
26954,5,2.485711313874556e-4,5,1
26954,2,0,5,1
26954,3,0,5,1
26954,13,6.324660642427405e-6,5,1
26954,9,1.048279342359546e-4,5,1
26954,1,0,5,1
26954,4,0,5,1
26954,8,6.433245975484785e-5,5,1
26954,12,9.292368042141116e-6,5,1
26954,6,1.226090093713131e-4,5,1
26954,7,9.101805798270376e-5,5,1
26954,19,1.6533134053957536e-5,5,1
26954,17,4.9324133362375766e-5,5,1
27008,11,5.092720187978566e-5,3,4
27008,10,6.675211836836246e-5,3,4
27008,5,3.688689249198873e-4,3,4
27008,2,0,3,4
27008,3,2.081499878856707e-7,3,4
27008,13,3.699926475820032e-5,3,4
27008,9,6.950298484353226e-5,3,4
27008,1,0,3,4
27008,4,9.090264105429326e-4,3,4
27008,8,1.0353843691184264e-4,3,4
27008,12,6.481993317200876e-5,3,4
27008,6,2.0015920779866865e-4,3,4
27008,7,9.521889142805932e-5,3,4
27008,19,3.967952172949809e-5,3,4
27008,17,7.740648666358241e-5,3,4
27017,11,5.3922919637420106e-5,3,4
27017,10,8.945233370575172e-5,3,4
27017,5,2.53223532242301e-4,3,4
27017,2,1.459493443506377e-4,3,4
27017,3,4.162999757713414e-7,3,4
27017,13,3.415316746910799e-5,3,4
27017,9,6.330964956044523e-5,3,4
27017,1,0,3,4
27017,4,5.856938458172961e-4,3,4
27017,8,8.469357496345288e-5,3,4
27017,12,5.099470267028661e-5,3,4
27017,6,1.584721446124222e-4,3,4
27017,7,7.106409911726486e-5,3,4
27017,19,3.5959566567357644e-5,3,4
27017,17,4.5003771316036285e-5,3,4
27031,11,9.531829228836888e-6,8,2
27031,10,4.495092146017675e-6,8,2
27031,5,8.274627234689364e-5,8,2
27031,2,1.2591369471197023e-4,8,2
27031,3,1.250981427192881e-4,8,2
27031,13,1.1068156124247958e-5,8,2
27031,9,2.064445094362345e-6,8,2
27031,1,0,8,2
27031,4,1.1085687933450398e-6,8,2
27031,8,3.682329346237082e-6,8,2
27031,12,0,8,2
27031,6,2.115005411655151e-5,8,2
27031,7,1.1202222520948156e-5,8,2
27031,19,2.397304437823843e-5,8,2
27031,17,0,8,2
27218,11,0.00142160424498653,3,4
27218,10,6.571824717477839e-4,3,4
27218,5,9.657054917272004e-4,3,4
27218,2,0,3,4
27218,3,6.244499636570121e-7,3,4
27218,13,0.00159602811311655,3,4
27218,9,3.706825858321721e-4,3,4
27218,1,0,3,4
27218,4,0.00224928608169708,3,4
27218,8,3.4202341398284426e-4,3,4
27218,12,0.00167217296133944,3,4
27218,6,6.93660470518204e-4,3,4
27218,7,3.1471243894788724e-4,3,4
27218,19,0.00248369006325577,3,4
27218,17,0.00206513305815027,3,4
27225,11,1.4706250810205484e-5,5,1
27225,10,4.270337538716791e-6,5,1
27225,5,8.075238626624561e-5,5,1
27225,2,1.7272111757471916e-7,5,1
27225,3,2.154352374616692e-4,5,1
27225,13,0,5,1
27225,9,8.48716316571186e-6,5,1
27225,1,0,5,1
27225,4,1.1085687933450398e-6,5,1
27225,8,1.667878586236796e-5,5,1
27225,12,1.1105513025973528e-5,5,1
27225,6,2.3908756827406056e-5,5,1
27225,7,2.1354236680557425e-5,5,1
27225,19,0,5,1
27225,17,3.600301705282903e-7,5,1
27228,11,0.00347448792290002,1,6
27228,10,0.00428000198683072,1,6
27228,5,4.3533179427482195e-5,1,6
27228,2,5.4925315388760694e-5,1,6
27228,3,5.557604676547408e-5,1,6
27228,13,0.0031253310564555,1,6
27228,9,0.00464775405577442,1,6
27228,1,6.853379372812987e-6,1,6
27228,4,1.2970254882136966e-4,1,6
27228,8,0.00486782278811682,1,6
27228,12,0.00329267129063966,1,6
27228,6,0.0025263586380959,1,6
27228,7,0.00561371376081014,1,6
27228,19,0.00313468221663034,1,6
27228,17,0.00352433533930143,1,6
27268,11,1.0893519118670727e-5,5,1
27268,10,7.416902040929163e-6,5,1
27268,5,1.3990433999213744e-4,5,1
27268,2,1.7272111757471916e-7,5,1
27268,3,5.953089653530182e-5,5,1
27268,13,0,5,1
27268,9,1.3762967295748963e-5,5,1
27268,1,0,5,1
27268,4,0,5,1
27268,8,1.537914021075487e-5,5,1
27268,12,6.799293689371548e-6,5,1
27268,6,2.728050458511717e-5,5,1
27268,7,3.430680647040373e-5,5,1
27268,19,0,5,1
27268,17,1.8361538696942803e-5,5,1
27309,11,5.14718778357192e-5,5,1
27309,10,8.450773234513227e-5,5,1
27309,5,8.523862994770369e-4,5,1
27309,2,0,5,1
27309,3,5.1829346983532e-5,5,1
27309,13,6.198167429578857e-5,5,1
27309,9,1.6033856899547543e-4,5,1
27309,1,0,5,1
27309,4,0,5,1
27309,8,1.988457846968024e-4,5,1
27309,12,4.442205210389411e-5,5,1
27309,6,4.5457290224414337e-4,5,1
27309,7,2.0444056100730383e-4,5,1
27309,19,3.2652939756566136e-5,5,1
27309,17,3.0602564494904674e-5,5,1
27314,11,2.7233797796676824e-7,7,3
27314,10,2.0452669264380416e-5,7,3
27314,5,1.541938569034484e-4,7,3
27314,2,0,7,3
27314,3,6.868949600227134e-5,7,3
27314,13,4.7434954818205534e-6,7,3
27314,9,3.0507910838910203e-5,7,3
27314,1,0,7,3
27314,4,0,7,3
27314,8,2.902541955269229e-5,7,3
27314,12,1.2012085517889736e-5,7,3
27314,6,5.670666683423231e-5,7,3
27314,7,4.830958462158892e-5,7,3
27314,19,9.919880432374522e-6,7,3
27314,17,1.260105596849016e-5,7,3
27337,11,2.8867825664477432e-5,7,3
27337,10,6.450457229535362e-5,7,3
27337,5,1.056759622743461e-4,7,3
27337,2,3.602962512608642e-4,7,3
27337,3,2.970300327128521e-4,7,3
27337,13,0,7,3
27337,9,5.138174457079613e-5,7,3
27337,1,2.855574738672078e-7,7,3
27337,4,4.027799949153645e-4,7,3
27337,8,8.750947387528124e-5,7,3
27337,12,2.674388851152809e-5,7,3
27337,6,1.4253297339415148e-4,7,3
27337,7,1.029204194112112e-4,7,3
27337,19,2.4799701080936304e-5,7,3
27337,17,1.296108613901845e-5,7,3
27364,11,2.2331714193274995e-5,7,3
27364,10,2.000316004977865e-5,7,3
27364,5,2.538881609358504e-4,7,3
27364,2,6.116054773320805e-4,7,3
27364,3,9.504128446859724e-4,7,3
27364,13,0,7,3
27364,9,5.482248639473337e-5,7,3
27364,1,5.711149477344156e-7,7,3
27364,4,4.2642946250672533e-4,7,3
27364,8,3.444060976774682e-5,7,3
27364,12,6.799293689371548e-6,7,3
27364,6,7.264583805250301e-5,7,3
27364,7,5.2860487520724114e-5,7,3
27364,19,1.818644745935329e-5,7,3
27364,17,7.200603410565806e-7,7,3
27476,11,3.156397164634844e-4,5,1
27476,10,6.153781147898196e-4,5,1
27476,5,0.00485046020552313,5,1
27476,2,1.1572314877506184e-4,5,1
27476,3,1.0990319360363414e-4,5,1
27476,13,1.9732941204373504e-4,5,1
27476,9,0.00101203686181407,5,1
27476,1,0,5,1
27476,4,1.1085687933450398e-6,5,1
27476,8,0.00116448250384532,5,1
27476,12,3.3905811197666117e-4,5,1
27476,6,0.00266981117906034,5,1
27476,7,0.0012854550342788,5,1
27476,19,3.397559048088274e-4,5,1
27476,17,3.690309247914975e-4,5,1
27530,11,2.505509397294268e-5,5,1
27530,10,3.6185491775442275e-5,5,1
27530,5,2.110196102019175e-4,5,1
27530,2,0,5,1
27530,3,2.6226898473594507e-5,5,1
27530,13,1.7076583734553994e-5,5,1
27530,9,4.725285438207144e-5,5,1
27530,1,0,5,1
27530,4,1.2933302589025465e-4,5,1
27530,8,8.10112456172158e-5,5,1
27530,12,1.0425583657036372e-5,5,1
27530,6,1.088154958170404e-4,5,1
27530,7,4.375868172245373e-5,5,1
27530,19,1.4879820648561783e-5,5,1
27530,17,2.4842081766452028e-5,5,1
27532,11,3.948900680518139e-5,7,3
27532,10,5.0345032035397955e-5,7,3
27532,5,2.558820470164984e-4,7,3
27532,2,1.7652098216136298e-4,7,3
27532,3,0,7,3
27532,13,5.9768043070938974e-5,7,3
27532,9,1.5024572631192618e-4,7,3
27532,1,0,7,3
27532,4,0,7,3
27532,8,1.286649195096957e-4,7,3
27532,12,6.0513713835406775e-5,7,3
27532,6,2.685137305231757e-4,7,3
27532,7,1.9288826903257608e-4,7,3
27532,19,4.835941710782579e-5,7,3
27532,17,9.468793484894032e-5,7,3
27543,11,0,7,3
27543,10,5.618865182522093e-6,7,3
27543,5,1.0866679139531815e-4,7,3
27543,2,0,7,3
27543,3,0,7,3
27543,13,7.589592770912885e-6,7,3
27543,9,2.5690872285398067e-5,7,3
27543,1,0,7,3
27543,4,1.0827021881669888e-4,7,3
27543,8,1.1046988038711244e-5,7,3
27543,12,1.0425583657036372e-5,7,3
27543,6,4.5978378514242416e-5,7,3
27543,7,2.5555070125912982e-5,7,3
27543,19,2.1906402621493735e-5,7,3
27543,17,2.1241780061169127e-5,7,3
27561,11,4.166771062891554e-5,7,3
27561,10,4.405190303097321e-5,7,3
27561,5,2.827995091052469e-4,7,3
27561,2,2.3818242113553772e-4,7,3
27561,3,5.767836164311935e-4,7,3
27561,13,3.7631730822443055e-5,7,3
27561,9,8.051335868013143e-5,7,3
27561,1,0,7,3
27561,4,3.89846692326339e-4,7,3
27561,8,5.588476301936277e-5,7,3
27561,12,4.034247589027119e-5,7,3
27561,6,1.6306998246384642e-4,7,3
27561,7,4.795951516780929e-5,7,3
27561,19,5.910595424289819e-5,7,3
27561,17,5.400452557924354e-5,7,3
27562,11,9.531829228836888e-6,8,2
27562,10,1.79803685840707e-5,8,2
27562,5,3.821614987908743e-5,8,2
27562,2,0,8,2
27562,3,0,8,2
27562,13,2.371747740910277e-5,8,2
27562,9,6.881483647874482e-6,8,2
27562,1,0,8,2
27562,4,0,8,2
27562,8,2.859220433548793e-5,8,2
27562,12,9.065724919162064e-6,8,2
27562,6,4.138054066281817e-5,8,2
27562,7,1.3652708697405566e-5,8,2
27562,19,2.4799701080936306e-6,8,2
27562,17,3.600301705282903e-7,8,2
27584,11,2.7233797796676824e-7,7,3
27584,10,1.79803685840707e-5,7,3
27584,5,7.011832716945606e-5,7,3
27584,2,0,7,3
27584,3,4.641744729850456e-5,7,3
27584,13,9.803223995762476e-6,7,3
27584,9,1.3762967295748963e-5,7,3
27584,1,0,7,3
27584,4,1.5446058520607556e-4,7,3
27584,8,2.729255868387484e-5,7,3
27584,12,1.541173236257551e-5,7,3
27584,6,6.375668487308281e-5,7,3
27584,7,2.275451449567594e-5,7,3
27584,19,4.5466118648383225e-6,7,3
27584,17,0,7,3
27587,11,2.31487281271753e-5,7,3
27587,10,1.4159540259955674e-5,7,3
27587,5,1.4621831258085623e-4,7,3
27587,2,2.7635378811955063e-5,7,3
27587,3,7.014654591747102e-5,7,3
27587,13,2.118761315213181e-5,7,3
27587,9,5.138174457079613e-5,7,3
27587,1,0,7,3
27587,4,5.494805985680248e-4,7,3
27587,8,4.98197499785017e-5,7,3
27587,12,3.263660970898343e-5,7,3
27587,6,5.731971188108888e-5,7,3
27587,7,3.605715373930188e-5,7,3
27587,19,6.6132536215830145e-6,7,3
27587,17,1.5481297332716482e-5,7,3
27610,11,4.1286437459762065e-4,2,9
27610,10,2.7352635708517546e-4,2,9
27610,5,1.4389211215343352e-4,2,9
27610,2,5.4579873153611256e-5,2,9
27610,3,5.0372297068332314e-5,2,9
27610,13,2.659519800140724e-4,2,9
27610,9,3.037028116595271e-4,2,9
27610,1,0,2,9
27610,4,2.468413179848289e-4,2,9
27610,8,2.0187829121723295e-4,2,9
27610,12,3.587760636758387e-4,2,9
27610,6,8.643935160677574e-5,2,9
27610,7,9.13681274364834e-5,2,9
27610,19,5.439401103752029e-4,2,9
27610,17,3.085458561427448e-4,2,9
27618,11,4.0605592514845145e-4,2,9
27618,10,2.4161120284845e-4,2,9
27618,5,5.416723852427174e-5,2,9
27618,2,0,2,9
27618,3,0,2,9
27618,13,6.669354647439699e-4,2,9
27618,9,7.661385127966923e-5,2,9
27618,1,0,2,9
27618,4,0,2,9
27618,8,1.2563241298926517e-5,2,9
27618,12,5.235456140816092e-4,2,9
27618,6,3.249138748339797e-5,2,9
27618,7,1.1552291974727784e-5,2,9
27618,19,8.278966877519236e-4,2,9
27618,17,8.226689396571433e-4,2,9
27623,11,0,7,3
27623,10,1.033871193584065e-5,7,3
27623,5,1.0966373443564215e-5,7,3
27623,2,3.627143469069102e-5,7,3
27623,3,1.4591314150785517e-4,7,3
27623,13,0,7,3
27623,9,3.670124612199724e-6,7,3
27623,1,0,7,3
27623,4,4.0277999491536445e-5,7,3
27623,8,5.631797823656713e-6,7,3
27623,12,1.5865018608533613e-6,7,3
27623,6,2.145657663997979e-6,7,3
27623,7,7.001389075592598e-6,7,3
27623,19,2.4799701080936306e-6,7,3
27623,17,0,7,3
27754,11,1.9172593648860483e-4,3,4
27754,10,2.6588470043694545e-4,3,4
27754,5,0.00220789651997092,3,4
27754,2,5.9761506680852825e-5,3,4
27754,3,2.081499878856707e-7,3,4
27754,13,1.8151776043766652e-4,3,4
27754,9,5.186344842614734e-4,3,4
27754,1,0,3,4
27754,4,0,3,4
27754,8,5.84190720400083e-4,3,4
27754,12,2.4953407839993584e-4,3,4
27754,6,0.00122639661623655,3,4
27754,7,6.647818927275172e-4,3,4
27754,19,4.745009473485813e-4,3,4
27754,17,2.8370377437629275e-4,3,4
27797,11,3.4069481043642706e-4,7,3
27797,10,2.7420062090707814e-4,7,3
27797,5,0.00143792417849401,7,3
27797,2,1.694394163407995e-4,7,3
27797,3,2.352094863108079e-4,7,3
27797,13,3.0674604115772913e-4,7,3
27797,9,4.560129830658157e-4,7,3
27797,1,0,7,3
27797,4,0.0019765781585342,7,3
27797,8,4.800024606624337e-4,7,3
27797,12,3.082346472515102e-4,7,3
27797,6,7.905215879215413e-4,7,3
27797,7,4.4388806739257067e-4,7,3
27797,19,5.393934985103646e-4,7,3
27797,17,4.6803922168677734e-4,7,3
27824,11,7.625463383069511e-6,7,3
27824,10,3.775877402654846e-5,7,3
27824,5,5.21733524436237e-5,7,3
27824,2,0,7,3
27824,3,0,7,3
27824,13,0,7,3
27824,9,5.184051014732109e-5,7,3
27824,1,0,7,3
27824,4,1.5335201641273051e-4,7,3
27824,8,2.2960406511831216e-5,7,3
27824,12,4.940820080943325e-5,7,3
27824,6,5.5480576740519184e-5,7,3
27824,7,1.7853542142761124e-5,7,3
27824,19,2.14930742701448e-5,7,3
27824,17,4.5723831657092865e-5,7,3
27858,11,2.7233797796676824e-7,7,3
27858,10,1.3035767223451257e-5,7,3
27858,5,1.5984320079861784e-4,7,3
27858,2,0,7,3
27858,3,0,7,3
27858,13,1.1384389156369328e-5,7,3
27858,9,2.936099689759779e-5,7,3
27858,1,0,7,3
27858,4,2.6273080402277444e-4,7,3
27858,8,3.227453368172501e-5,7,3
27858,12,2.4930743527695676e-6,7,3
27858,6,9.287632459876968e-5,7,3
27858,7,4.550902899135188e-5,7,3
27858,19,3.802620832410233e-5,7,3
27858,17,2.9882504153848093e-5,7,3
27859,11,1.835557971496018e-4,7,3
27859,10,2.3936365677544117e-4,7,3
27859,5,8.852854198077296e-4,7,3
27859,2,0,7,3
27859,3,0,7,3
27859,13,9.803223995762476e-5,7,3
27859,9,2.1286722750758397e-4,7,3
27859,1,0,7,3
27859,4,0.00124935703009985,7,3
27859,8,2.3913479989680816e-4,7,3
27859,12,1.8902036456452904e-4,7,3
27859,6,4.180967219561777e-4,7,3
27859,7,2.201936864273872e-4,7,3
27859,19,2.2609060818786931e-4,7,3
27859,17,2.030570161779557e-4,7,3
27916,11,3.5676275113646635e-5,1,6
27916,10,2.652104366150428e-5,1,6
27916,5,1.528645995163497e-5,1,6
27916,2,1.0881430407207307e-5,1,6
27916,3,1.1448249333711888e-5,1,6
27916,13,3.3520701404865244e-5,1,6
27916,9,3.18842075684851e-5,1,6
27916,1,1.6562333484298053e-5,1,6
27916,4,1.588948603794557e-5,1,6
27916,8,2.4043444554842123e-5,1,6
27916,12,4.3062193366019806e-5,1,6
27916,6,2.9426162249115147e-5,1,6
27916,7,3.360666756284447e-5,1,6
27916,19,2.8932984594425688e-5,1,6
27916,17,3.0602564494904674e-5,1,6
27917,11,6.563345268999114e-5,7,3
27917,10,4.180435695796437e-5,7,3
27917,5,2.0703183804062145e-4,7,3
27917,2,6.877754901825317e-4,7,3
27917,3,6.850216101317423e-4,7,3
27917,13,5.723817881396801e-5,7,3
27917,9,6.468594629002013e-5,7,3
27917,1,9.965955837965552e-5,7,3
27917,4,6.182118637554173e-4,7,3
27917,8,5.740101627957804e-5,7,3
27917,12,6.617979190988306e-5,7,3
27917,6,1.1004158591075352e-4,7,3
27917,7,9.416868306672044e-5,7,3
27917,19,7.150580478336635e-5,7,3
27917,17,6.516546086562055e-5,7,3
