ID,time,frequency,cluster,cluster_orig
28,2,1.073700134312303e-4,3,1
28,6,0.00144107382211119,3,1
28,4,4.262857180024912e-4,3,1
28,17,4.38187052918478e-4,3,1
28,5,9.755372102688956e-4,3,1
28,1,2.241640809339931e-7,3,1
28,8,5.457599746592895e-4,3,1
28,10,1.1180597544093482e-4,3,1
28,7,9.150841287021548e-4,3,1
28,19,3.4398694748465937e-4,3,1
28,11,2.4034258189620095e-4,3,1
28,3,1.0399165726264702e-4,3,1
28,12,3.552373030900267e-4,3,1
28,9,3.661545727310172e-4,3,1
28,13,3.723519669233697e-4,3,1
227,2,3.193160250742909e-5,3,1
227,6,0.0032308168276514,3,1
227,4,8.500697592561414e-4,3,1
227,17,6.402914539624488e-4,3,1
227,5,0.00206212118526047,3,1
227,1,0,3,1
227,8,7.298436197751012e-4,3,1
227,10,3.324756638112009e-4,3,1
227,7,0.00133024016227794,3,1
227,19,4.5353693076002856e-4,3,1
227,11,3.4829507425826554e-4,3,1
227,3,4.521376402723784e-6,3,1
227,12,5.343349895835602e-4,3,1
227,9,4.964285154500528e-4,3,1
227,13,5.898752975272122e-4,3,1
234,2,5.432363876576373e-4,6,2
234,6,2.4679302337840695e-5,6,2
234,4,2.964486947376479e-4,6,2
234,17,3.5302078784973054e-6,6,2
234,5,2.092899113398691e-5,6,2
234,1,0,6,2
234,8,4.933130122990723e-6,6,2
234,10,2.942262511603548e-7,6,2
234,7,1.0218060990470711e-5,6,2
234,19,0,6,2
234,11,0,6,2
234,3,2.734102907058853e-4,6,2
234,12,1.1563364142975889e-5,6,2
234,9,1.6444836950726386e-5,6,2
234,13,0,6,2
272,2,8.102644136260131e-5,3,1
272,6,8.608140655438834e-5,3,1
272,4,3.777531890749775e-5,3,1
272,17,2.0298695301359505e-5,3,1
272,5,1.1252410527331784e-4,3,1
272,1,0,3,1
272,8,5.8159007765785367e-5,3,1
272,10,1.5888217562659157e-5,3,1
272,7,5.033341154565202e-5,3,1
272,19,1.2415664771208511e-5,3,1
272,11,1.9217916222697215e-5,3,1
272,3,0,3,1
272,12,3.4152261538556695e-5,3,1
272,9,2.7750662354350776e-5,3,1
272,13,1.635513763938666e-6,3,1
376,2,1.6804005819534557e-4,3,1
376,6,3.020746606151701e-5,3,1
376,4,6.129108034660232e-5,3,1
376,17,4.412759848121632e-6,3,1
376,5,2.831569388715876e-5,3,1
376,1,0,3,1
376,8,4.933130122990723e-6,3,1
376,10,2.942262511603548e-7,3,1
376,7,6.055147253612274e-6,3,1
376,19,0,3,1
376,11,1.5421784623152085e-5,3,1
376,3,1.6223762386244163e-4,3,1
376,12,1.021878691704846e-5,3,1
376,9,0,3,1
376,13,0,3,1
456,2,3.871706804025777e-5,3,1
456,6,0.00160672129940278,3,1
456,4,4.392944370964639e-4,3,1
456,17,5.129833323441397e-4,3,1
456,5,0.00113410509603698,3,1
456,1,2.241640809339931e-7,3,1
456,8,5.691274331366139e-4,3,1
456,10,1.3769788554304603e-4,3,1
456,7,8.776179050704289e-4,3,1
456,19,3.936496065694934e-4,3,1
456,11,1.973988431763467e-4,3,1
456,3,1.625035871802489e-4,3,1
456,12,4.3429844397455954e-4,3,1
456,9,1.4954523602066808e-4,3,1
456,13,5.773363586703491e-4,3,1
718,2,3.8317923008914904e-5,3,1
718,6,1.7709867357634484e-4,3,1
718,4,4.327900775494776e-5,3,1
718,17,5.207056620783525e-5,3,1
718,5,2.2110863574494405e-4,3,1
718,1,0,3,1
718,8,1.6461076305137465e-4,3,1
718,10,2.1772742585866253e-5,3,1
718,7,1.5024334123025455e-4,3,1
718,19,1.0297698427884706e-4,3,1
718,11,2.230227314732763e-5,3,1
718,3,7.393780235042423e-5,3,1
718,12,7.55652400971215e-5,3,1
718,9,6.038338567844845e-5,3,1
718,13,9.267911328985774e-5,3,1
754,2,7.22452506730583e-5,3,1
754,6,1.2813493773806888e-4,3,1
754,4,0,3,1
754,17,4.368632249640415e-5,3,1
754,5,1.433020334115339e-4,3,1
754,1,0,3,1
754,8,4.777347066475227e-5,3,1
754,10,4.678197393449641e-5,3,1
754,7,6.282215275622733e-5,3,1
754,19,9.78646517259965e-5,3,1
754,11,4.697712854437096e-5,3,1
754,3,0,3,1
754,12,2.8505037189661492e-5,3,1
754,9,6.166813856522394e-5,3,1
754,13,4.034267284382043e-5,3,1
1018,2,0.00102580273055115,3,1
1018,6,0.06147890620542301,3,1
1018,4,0.01705793307964663,3,1
1018,17,0.02182043553498425,3,1
1018,5,0.03920418619218428,3,1
1018,1,4.931609780547848e-5,3,1
1018,8,0.01736072345651446,3,1
1018,10,0.00780641089578653,3,1
1018,7,0.02791914864629614,3,1
1018,19,0.0151617176853111,3,1
1018,11,0.00890999538058236,3,1
1018,3,8.337950013258272e-4,3,1
1018,12,0.0167120192564972,3,1
1018,9,0.01069813728817957,3,1
1018,13,0.01905973223368657,3,1
1021,2,0,3,1
1021,6,0.00451117903293857,3,1
1021,4,0.00146423140109658,3,1
1021,17,0.0014476058681763,3,1
1021,5,0.00277937002259346,3,1
1021,1,3.1607135411693025e-5,3,1
1021,8,0.0012415909604285,3,1
1021,10,5.34903324609525e-4,3,1
1021,7,0.00187217584147624,3,1
1021,19,0.0015651040943941,3,1
1021,11,7.236375861632902e-4,3,1
1021,3,4.255413084916502e-6,3,1
1021,12,0.00123485972429175,3,1
1021,9,6.904262013531532e-4,3,1
1021,13,0.00130023344233123,3,1
1169,2,2.474699194325754e-5,3,1
1169,6,0.00805670632400212,3,1
1169,4,0.00303878674681705,3,1
1169,17,0.00167089151649125,3,1
1169,5,0.00511479920972129,3,1
1169,1,8.966563237359724e-7,3,1
1169,8,0.00223289047672211,3,1
1169,10,0.00101125562523813,3,1
1169,7,0.00378408858680432,3,1
1169,19,0.00104510684044702,3,1
1169,11,7.850874664309269e-4,3,1
1169,3,1.805890927911441e-4,3,1
1169,12,0.00148683349643055,3,1
1169,9,0.00118325740872023,3,1
1169,13,0.00158317732349262,3,1
1266,2,3.672134288354345e-5,3,1
1266,6,7.113562105859202e-4,3,1
1266,4,4.210321968299253e-4,3,1
1266,17,8.163605719025018e-5,3,1
1266,5,4.5846801754686616e-4,3,1
1266,1,0,3,1
1266,8,2.0615291145550707e-4,3,1
1266,10,3.442447138576151e-5,3,1
1266,7,3.2697795169506276e-4,3,1
1266,19,1.0589831716619024e-4,3,1
1266,11,9.727587223834392e-6,3,1
1266,3,1.5957799068436882e-6,3,1
1266,12,1.3660904615422678e-4,3,1
1266,9,1.1151655057211333e-4,3,1
1266,13,7.305294812259375e-5,3,1
1561,2,4.27085183536864e-5,4,3
1561,6,2.0335745126380733e-5,4,3
1561,4,1.8012072591654557e-5,4,3
1561,17,5.295311817745958e-6,4,3
1561,5,3.053170471311031e-5,4,3
1561,1,0,4,3
1561,8,8.827706535878137e-6,4,3
1561,10,0,4,3
1561,7,1.8922335167538356e-5,4,3
1561,19,1.3876331214880102e-5,4,3
1561,11,2.3725822497157057e-7,4,3
1561,3,1.2393890609819312e-4,4,3
1561,12,1.1025533252604917e-5,4,3
1561,9,1.9271293301632485e-5,4,3
1561,13,1.7990651403325325e-5,4,3
1578,2,7.084824306335829e-4,6,2
1578,6,4.0493799275929016e-4,6,2
1578,4,6.897122796554391e-4,6,2
1578,17,1.1782068794484757e-4,6,2
1578,5,2.2874156192322163e-4,6,2
1578,1,0,6,2
1578,8,1.2774210634270715e-4,6,2
1578,10,1.853625382310235e-5,6,2
1578,7,1.77113057168159e-4,6,2
1578,19,6.207832385604255e-5,6,2
1578,11,4.413002984471211e-5,6,2
1578,3,0.00107449180394141,6,2
1578,12,1.0675943173863784e-4,6,2
1578,9,4.830670854275876e-5,6,2
1578,13,1.063083946560133e-4,6,2
1674,2,2.1952976723857496e-5,4,3
1674,6,9.990181586357912e-5,4,3
1674,4,7.530047014011141e-5,4,3
1674,17,1.809231537729869e-5,4,3
1674,5,1.2655884050434438e-4,4,3
1674,1,0,4,3
1674,8,4.5696363244545646e-5,4,3
1674,10,7.061430027848515e-6,4,3
1674,7,5.6388558799264296e-5,4,3
1674,19,2.6291995986088613e-5,4,3
1674,11,2.3725822497157057e-7,4,3
1674,3,0,4,3
1674,12,7.018693119341179e-5,4,3
1674,9,4.4452449882432266e-5,4,3
1674,13,5.45171254646222e-5,4,3
1913,2,7.156670411977544e-4,6,2
1913,6,2.8706964479376296e-4,6,2
1913,4,6.907129503549754e-4,6,2
1913,17,6.59707597294184e-5,6,2
1913,5,1.5536698124171458e-4,6,2
1913,1,0,6,2
1913,8,9.81433256047628e-5,6,2
1913,10,5.148959395306209e-5,6,2
1913,7,1.184538181487901e-4,6,2
1913,19,7.522432184908686e-5,6,2
1913,11,2.8945503446531606e-5,6,2
1913,3,7.462930697672316e-4,6,2
1913,12,6.265729872821818e-5,6,2
1913,9,4.856365912011386e-5,6,2
1913,13,6.651089306683908e-5,6,2
1915,2,0,6,2
1915,6,2.5863908850057048e-5,6,2
1915,4,2.1014084690263648e-5,6,2
1915,17,6.3985017797763654e-6,6,2
1915,5,2.1175214559092637e-5,6,2
1915,1,4.483281618679862e-7,6,2
1915,8,3.193552658567679e-5,6,2
1915,10,1.5888217562659157e-5,6,2
1915,7,1.7786995057486053e-5,6,2
1915,19,1.8988663767730665e-5,6,2
1915,11,0,6,2
1915,3,0,6,2
1915,12,1.021878691704846e-5,6,2
1915,9,2.6208958890220177e-5,6,2
1915,13,5.45171254646222e-7,6,2
2023,2,1.2892384512374494e-4,1,4
2023,6,1.35242576811367e-4,1,4
2023,4,1.3559087978717735e-4,1,4
2023,17,2.0188376305156465e-4,1,4
2023,5,1.1006187102226056e-4,1,4
2023,1,0,1,4
2023,8,9.321019548177208e-5,1,4
2023,10,8.208912407373899e-5,1,4
2023,7,8.174448792376569e-5,1,4
2023,19,1.4752731081083055e-4,1,4
2023,11,8.541296098976539e-5,1,4
2023,3,1.7154633998569648e-4,1,4
2023,12,1.8582057262317068e-4,1,4
2023,9,7.040445819529734e-5,1,4
2023,13,9.267911328985774e-5,1,4
2132,2,2.0356396598486043e-5,3,1
2132,6,2.957567592166829e-4,3,1
2132,4,1.0982360927411598e-4,3,1
2132,17,2.802102503557236e-5,3,1
2132,5,1.5339719384086875e-4,3,1
2132,1,0,3,1
2132,8,5.789936933825954e-5,3,1
2132,10,2.942262511603548e-7,3,1
2132,7,1.116417774884763e-4,3,1
2132,19,3.213466176077497e-5,3,1
2132,11,1.1625653023606957e-5,3,1
2132,3,5.319266356145627e-7,3,1
2132,12,7.879222543934733e-5,3,1
2132,9,2.7236761199640577e-5,3,1
2132,13,5.669781048320709e-5,3,1
2187,2,2.1513917189380343e-4,2,5
2187,6,4.284326885849145e-5,2,5
2187,4,1.1282562137272507e-4,2,5
2187,17,0.00118041325937253,2,5
2187,5,0.001397317937475,2,5
2187,1,8.966563237359723e-6,2,5
2187,8,0.00163208715542735,2,5
2187,10,0.00173858291810653,2,5
2187,7,6.978557209788146e-4,2,5
2187,19,0.00302430987162202,2,5
2187,11,0.0029401039238477,2,5
2187,3,1.2207716287354216e-4,2,5
2187,12,0.00235650604616041,2,5
2187,9,0.00218870501791074,2,5
2187,13,0.00173637044604821,2,5
2286,2,1.0776915846257315e-5,3,1
2286,6,4.995090793178957e-5,3,1
2286,4,0,3,1
2286,17,7.281053749400692e-6,3,1
2286,5,5.0475802146674306e-5,3,1
2286,1,0,3,1
2286,8,4.0503594694029096e-5,3,1
2286,10,8.532561283650289e-6,3,1
2286,7,2.7626609344606e-5,3,1
2286,19,2.410099632058123e-5,3,1
2286,11,0,3,1
2286,3,0,3,1
2286,12,8.874209691121031e-6,3,1
2286,9,1.181972655833459e-5,3,1
2286,13,2.780373398695732e-5,3,1
2323,2,0,6,2
2323,6,9.003009492844285e-5,6,2
2323,4,0,6,2
2323,17,2.4049541172262892e-5,6,2
2323,5,1.371464477838907e-4,6,2
2323,1,0,6,2
2323,8,5.556262349052709e-5,6,2
2323,10,1.5005538809178094e-5,6,2
2323,7,7.60677873735042e-5,6,2
2323,19,5.8426657746863586e-5,6,2
2323,11,3.8198574220422855e-5,6,2
2323,3,0,6,2
2323,12,6.185055239266172e-5,6,2
2323,9,3.648698198442417e-5,6,2
2323,13,1.580996638474044e-5,6,2
2405,2,1.0497514324317312e-4,2,5
2405,6,1.9743441870272556e-6,2,5
2405,4,7.505030246522732e-7,2,5
2405,17,6.0234171926860274e-5,2,5
2405,5,6.278697340196073e-5,2,5
2405,1,0,2,5
2405,8,1.1086560855352836e-4,2,5
2405,10,1.5711681811962945e-4,2,5
2405,7,6.32005994595781e-5,2,5
2405,19,1.8696530478996343e-4,2,5
2405,11,1.0202103673777532e-4,2,5
2405,3,1.5346083437480136e-4,2,5
2405,12,1.0353244639641202e-4,2,5
2405,9,1.3772550946233349e-4,2,5
2405,13,9.104359952591908e-5,2,5
2491,2,3.991450313428636e-7,3,1
2491,6,0.00365944695065501,3,1
2491,4,8.478182501821846e-4,3,1
2491,17,0.00118416410524343,3,1
2491,5,0.00225540657396847,3,1
2491,1,2.241640809339931e-7,3,1
2491,8,0.00101466697477093,3,1
2491,10,2.874590473836666e-4,3,1
2491,7,0.00169619812441813,3,1
2491,19,9.099951944074004e-4,3,1
2491,11,6.45816888372615e-4,3,1
2491,3,1.3298165890364068e-6,3,1
2491,12,8.581091855868851e-4,3,1
2491,9,6.043477579391947e-4,3,1
2491,13,0.00125607457070489,3,1
2630,2,0,3,1
2630,6,0.00541779788362149,3,1
2630,4,0.00108347619992299,3,1
2630,17,0.00120269769660555,3,1
2630,5,0.0032151854850306,3,1
2630,1,3.8107893758778824e-6,3,1
2630,8,0.00127015118745634,3,1
2630,10,4.245684804243919e-4,3,1
2630,7,0.00217341941734345,3,1
2630,19,6.930862275221693e-4,3,1
2630,11,4.1354108612544745e-4,3,1
2630,3,6.755468272304946e-5,3,1
2630,12,9.409351427040148e-4,3,1
2630,9,5.645204184491542e-4,3,1
2630,13,0.0012985979285673,3,1
2783,2,2.115468666117177e-5,7,6
2783,6,2.7640818618381577e-5,7,6
2783,4,1.5510395842813645e-5,7,6
2783,17,1.6547849430456118e-5,7,6
2783,5,4.08730885675509e-5,7,6
2783,1,0,7,6
2783,8,4.465780953444234e-5,7,6
2783,10,1.6476670064979867e-5,7,6
2783,7,2.081456868429219e-5,7,6
2783,19,1.971899698956646e-5,7,6
2783,11,3.748679954550814e-5,7,6
2783,3,0,7,6
2783,12,6.7228861296371446e-6,7,6
2783,9,0,7,6
2783,13,0,7,6
2952,2,1.971776454833746e-4,6,2
2952,6,7.443277585092754e-5,6,2
2952,4,1.430959100337001e-4,6,2
2952,17,1.787167738489261e-5,6,2
2952,5,8.2484847410419e-5,6,2
2952,1,0,6,2
2952,8,3.0896972875573474e-5,6,2
2952,10,0,6,2
2952,7,3.21679697848152e-5,6,2
2952,19,1.3876331214880102e-5,6,2
2952,11,2.5386630071958048e-5,6,2
2952,3,1.3244973226802614e-4,6,2
2952,12,1.1832279588161374e-5,6,2
2952,9,4.059819122210576e-5,6,2
2952,13,7.632397565047109e-6,6,2
2997,2,5.140988003696083e-4,6,2
2997,6,8.154041492422566e-5,6,2
2997,4,5.866431976031935e-4,6,2
2997,17,2.2946351210232483e-5,6,2
2997,5,6.623410135344093e-5,6,2
2997,1,0,6,2
2997,8,4.855238594732975e-5,6,2
2997,10,7.944108781329578e-6,6,2
2997,7,6.774195989978732e-5,6,2
2997,19,1.8988663767730665e-5,6,2
2997,11,0,6,2
2997,3,7.954962835615787e-4,6,2
2997,12,1.532818037557269e-5,6,2
2997,9,1.9528243878987585e-5,6,2
2997,13,3.4345789042711984e-5,6,2
3052,2,2.2072720233260357e-4,6,2
3052,6,3.3958720016868795e-5,6,2
3052,4,8.430650643593869e-5,6,2
3052,17,4.8540358329337945e-6,6,2
3052,5,2.8561917312264488e-5,6,2
3052,1,0,6,2
3052,8,1.4539751941446342e-5,6,2
3052,10,1.412286005569703e-5,6,2
3052,7,3.178952308146444e-5,6,2
3052,19,1.2415664771208511e-5,6,2
3052,11,1.6608075748009937e-5,6,2
3052,3,2.7021873089219786e-4,6,2
3052,12,1.263902592371783e-5,6,2
3052,9,0,6,2
3052,13,1.5264795130094218e-5,6,2
3142,2,7.663584601782981e-5,3,1
3142,6,6.317901398487218e-6,3,1
3142,4,9.481354878107051e-5,3,1
3142,17,1.1031899620304078e-5,3,1
3142,5,1.1326277554863503e-5,3,1
3142,1,0,3,1
3142,8,4.673491695464896e-6,3,1
3142,10,2.942262511603548e-7,3,1
3142,7,8.325827473716877e-6,3,1
3142,19,1.6067330880387485e-5,3,1
3142,11,1.6845333972981508e-5,3,1
3142,3,2.6596331780728137e-7,3,1
3142,12,5.916139794080687e-6,3,1
3142,9,1.233362771304479e-5,3,1
3142,13,4.6884727899575095e-5,3,1
3157,2,0,3,1
3157,6,0.00290228595493006,3,1
3157,4,9.001032942329597e-4,3,1
3157,17,7.133226294488617e-4,3,1
3157,5,0.00183387207018746,3,1
3157,1,2.241640809339931e-7,3,1
3157,8,8.534315112773951e-4,3,1
3157,10,4.4781235426606e-4,3,1
3157,7,0.00145285689416359,3,1
3157,19,4.542672639818644e-4,3,1
3157,11,4.6905951076879496e-4,3,1
3157,3,1.5771624745971786e-4,3,1
3157,12,5.76285799032496e-4,3,1
3157,9,5.681177265321256e-4,3,1
3157,13,8.063082856217624e-4,3,1
3167,2,1.796152641042886e-5,4,3
3167,6,1.376117898357997e-4,4,3
3167,4,2.7518444237250016e-5,4,3
3167,17,4.567206442805889e-5,4,3
3167,5,1.2582017022902718e-4,4,3
3167,1,0,4,3
3167,8,1.3916619715384357e-4,4,3
3167,10,3.0011077618356188e-5,4,3
3167,7,9.574701594774408e-5,4,3
3167,19,1.4460597792348738e-4,4,3
3167,11,8.304037874004968e-6,4,3
3167,3,1.6675900026516543e-4,4,3
3167,12,9.196908225343612e-5,4,3
3167,9,1.243640794398683e-4,4,3
3167,13,5.94236667564382e-5,4,3
3213,2,1.875981647311459e-5,3,1
3213,6,6.87071777085485e-4,3,1
3213,4,3.917625788684866e-4,3,1
3213,17,8.516626506874749e-5,3,1
3213,5,4.089771091006147e-4,3,1
3213,1,0,3,1
3213,8,1.897956905213799e-4,3,1
3213,10,9.621198412943602e-5,3,1
3213,7,2.2631112860375873e-4,3,1
3213,19,1.971899698956646e-5,3,1
3213,11,5.955181446786421e-5,3,1
3213,3,7.978899534218441e-7,3,1
3213,12,7.395174742600859e-5,3,1
3213,9,1.0483583556088072e-4,3,1
3213,13,1.1830216225823016e-4,3,1
3256,2,3.991450313428636e-7,3,1
3256,6,0.0068744690248102,3,1
3256,4,0.00146948492226915,3,1
3256,17,0.00129227672152241,3,1
3256,5,0.00438326941373217,3,1
3256,1,2.241640809339931e-7,3,1
3256,8,0.00176502203032057,3,1
3256,10,5.301957045909593e-4,3,1
3256,7,0.00315889463286885,3,1
3256,19,9.742645179289502e-4,3,1
3256,11,5.902984637292675e-4,3,1
3256,3,4.521376402723784e-6,3,1
3256,12,0.00102698808516337,3,1
3256,9,8.397144867964661e-4,3,1
3256,13,0.00139291255562109,3,1
3303,2,3.352818263280054e-5,3,1
3303,6,7.324816933871118e-4,3,1
3303,4,2.3340644066685695e-4,3,1
3303,17,2.0806162683893492e-4,3,1
3303,5,4.702867419519411e-4,3,1
3303,1,0,3,1
3303,8,2.2796253936767656e-4,3,1
3303,10,1.0121383039916204e-4,3,1
3303,7,4.4959468358071134e-4,3,1
3303,19,1.1831398193739876e-4,3,1
3303,11,7.995602181541927e-5,3,1
3303,3,5.319266356145627e-7,3,1
3303,12,1.2531459745643636e-4,3,1
3303,9,5.652912701812195e-5,3,1
3303,13,3.1129278640299276e-4,3,1
3341,2,4.031364816562922e-5,3,1
3341,6,4.92796309082003e-4,3,1
3341,4,3.084567431320843e-4,3,1
3341,17,8.295988514468668e-5,3,1
3341,5,2.9300587587581674e-4,3,1
3341,1,0,3,1
3341,8,1.357908975960078e-4,3,1
3341,10,4.61935214321757e-5,3,1
3341,7,2.573437582785216e-4,3,1
3341,19,4.089866042280451e-5,3,1
3341,11,3.155534392121888e-5,3,1
3341,3,1.8617432246509696e-6,3,1
3341,12,8.30948725623151e-5,3,1
3341,9,4.727890623333836e-5,3,1
3341,13,1.1993767602216884e-4,3,1
3414,2,0,3,1
3414,6,6.560745733491571e-4,3,1
3414,4,1.038195850768978e-4,3,1
3414,17,2.144601286187113e-4,3,1
3414,5,4.513275382188001e-4,3,1
3414,1,6.724922428019793e-7,3,1
3414,8,2.251065166648925e-4,3,1
3414,10,7.73815040551733e-5,3,1
3414,7,3.424942665324442e-4,3,1
3414,19,1.2123531482474192e-4,3,1
3414,11,1.4140590208305603e-4,3,1
3414,3,2.6596331780728137e-7,3,1
3414,12,2.156701870387596e-4,3,1
3414,9,1.9836584571813703e-4,3,1
3414,13,1.7936134277860705e-4,3,1
3550,2,6.785465532828681e-6,6,2
3550,6,1.2458111820141984e-4,6,2
3550,4,7.83024822387205e-5,6,2
3550,17,3.486080280016089e-5,6,2
3550,5,1.2803618105497873e-4,6,2
3550,1,0.2112582823023803,6,2
3550,8,3.271444186825427e-5,6,2
3550,10,1.0297918790612416e-5,6,2
3550,7,6.509283297633195e-5,6,2
3550,19,4.6741326197490865e-5,6,2
3550,11,1.874339977275407e-5,6,2
3550,3,9.875217990184355e-4,6,2
3550,12,1.210119503334686e-5,6,2
3550,9,6.064033625580355e-5,6,2
3550,13,1.1448596347570664e-5,6,2
3601,2,0,3,1
3601,6,9.901336097941687e-4,3,1
3601,4,7.965338768309459e-4,3,1
3601,17,1.1318729010431984e-4,3,1
3601,5,6.121114348128406e-4,3,1
3601,1,0,3,1
3601,8,3.045558754877957e-4,3,1
3601,10,8.650251784114431e-5,3,1
3601,7,4.30672348413173e-4,3,1
3601,19,1.6578564135672543e-4,3,1
3601,11,6.144988026763676e-5,3,1
3601,3,3.1915598136873764e-6,3,1
3601,12,6.61531995156295e-5,3,1
3601,9,1.217945736663173e-4,3,1
3601,13,2.1588781683990393e-4,3,1
3650,2,0.00154389298123419,6,2
3650,6,0.00370584403905015,6,2
3650,4,0.00197957681135781,6,2
3650,17,0.00115967328808636,6,2
3650,5,0.00249276595577039,6,2
3650,1,1.1880696289501632e-5,6,2
3650,8,0.00104919888563186,6,2
3650,10,5.201920120515072e-4,6,2
3650,7,0.00173820570849007,6,2
3650,19,6.967378936313483e-4,6,2
3650,11,7.098766091149391e-4,6,2
3650,3,0.00170110138069537,6,2
3650,12,0.00101031532756187,6,2
3650,9,6.207925948899211e-4,6,2
3650,13,0.00113068518213626,6,2
3668,2,5.468286929397231e-5,3,1
3668,6,1.7176794427137124e-5,3,1
3668,4,3.402280378423638e-5,3,1
3668,17,2.8682939012790604e-5,3,1
3668,5,2.683835333652439e-5,3,1
3668,1,0,3,1
3668,8,4.933130122990723e-6,3,1
3668,10,0,3,1
3668,7,4.919807143559973e-6,3,1
3668,19,1.4606664436715897e-5,3,1
3668,11,1.826888332281093e-5,3,1
3668,3,0,3,1
3668,12,1.0487702362233943e-5,3,1
3668,9,0,3,1
3668,13,2.780373398695732e-5,3,1
3714,2,3.2729892570114815e-5,3,1
3714,6,5.443266923634144e-4,3,1
3714,4,5.848920238790049e-4,3,1
3714,17,1.2179217180815705e-4,3,1
3714,5,3.846009900151477e-4,3,1
3714,1,0,3,1
3714,8,2.458775908669587e-4,3,1
3714,10,5.737411897626918e-5,3,1
3714,7,4.488377901740098e-4,3,1
3714,19,1.124713161627124e-4,3,1
3714,11,9.82249051382302e-5,3,1
3714,3,2.9255964958800953e-6,3,1
3714,12,1.021878691704846e-4,3,1
3714,9,1.423506198547253e-4,3,1
3714,13,2.1861367311313504e-4,3,1
3716,2,0,6,2
3716,6,1.0365306981893092e-4,6,2
3716,4,0,6,2
3716,17,2.096060927857775e-5,6,2
3716,5,9.55346889410226e-5,6,2
3716,1,0,6,2
3716,8,3.375299557835758e-5,6,2
3716,10,8.532561283650289e-6,6,2
3716,7,6.282215275622733e-5,6,2
3716,19,4.820199264116246e-5,6,2
3716,11,1.6845333972981508e-5,6,2
3716,3,0,6,2
3716,12,2.0706489279282405e-5,6,2
3716,9,4.4452449882432266e-5,6,2
3716,13,4.1978186607759095e-5,6,2
3739,2,7.703499104917267e-5,6,2
3739,6,2.7443384199678858e-5,6,2
3739,4,9.356271040665006e-5,6,2
3739,17,1.5444659468425711e-6,6,2
3739,5,3.0285481288004587e-5,6,2
3739,1,0,6,2
3739,8,1.0904813956084756e-5,6,2
3739,10,0,6,2
3739,7,2.346369560774756e-5,6,2
3739,19,0,6,2
3739,11,1.826888332281093e-5,6,2
3739,3,6.941642594770044e-5,6,2
3739,12,3.065636075114538e-5,6,2
3739,9,7.451566743297894e-6,6,2
3739,13,5.45171254646222e-7,6,2
3754,2,5.069141898054367e-5,3,1
3754,6,6.614053026541307e-5,3,1
3754,4,3.377263610935229e-5,3,1
3754,17,2.250507522542032e-5,3,1
3754,5,6.42643139525951e-5,3,1
3754,1,0,3,1
3754,8,2.752167331773772e-5,3,1
3754,10,2.942262511603548e-7,3,1
3754,7,2.4220589014449094e-5,3,1
3754,19,5.842665774686358e-6,3,1
3754,11,0,3,1
3754,3,0,3,1
3754,12,1.1294448697790402e-5,3,1
3754,9,1.9014342724277385e-5,3,1
3754,13,1.3084110111509327e-5,3,1
3920,2,3.312903760145768e-5,3,1
3920,6,1.429425191407733e-4,3,1
3920,4,9.156136900757732e-5,3,1
3920,17,1.0590623635491916e-5,3,1
3920,5,8.494708166147627e-5,3,1
3920,1,0,3,1
3920,8,1.9472882064437064e-5,3,1
3920,10,0,3,1
3920,7,5.033341154565202e-5,3,1
3920,19,1.1685331549372716e-5,3,1
3920,11,9.490328998862822e-6,3,1
3920,3,0,3,1
3920,12,0,3,1
3920,9,1.181972655833459e-5,3,1
3920,13,5.724298173785331e-5,3,1
3962,2,4.430509847905786e-5,3,1
3962,6,0.00821879998175706,3,1
3962,4,0.00176868546143052,3,1
3962,17,0.00208083690638175,3,1
3962,5,0.00550161621056239,3,1
3962,1,6.724922428019793e-7,3,1
3962,8,0.0021503254567689,3,1
3962,10,7.985300456492028e-4,3,1
3962,7,0.00381322898296232,3,1
3962,19,0.001534430099077,3,1
3962,11,6.20430258300657e-4,3,1
3962,3,7.048027921892957e-5,3,1
3962,12,0.00151991009618836,3,1
3962,9,0.00127087755559832,3,1
3962,13,0.00215996851090833,3,1
4139,2,2.2751266786543225e-5,3,1
4139,6,8.754242125278851e-4,3,1
4139,4,3.54487595310757e-4,3,1
4139,17,1.868803795679511e-4,3,1
4139,5,5.207625440986155e-4,3,1
4139,1,2.241640809339931e-7,3,1
4139,8,1.895360520938541e-4,3,1
4139,10,6.031638148787273e-5,3,1
4139,7,3.9774748522165626e-4,3,1
4139,19,9.275231917314594e-5,3,1
4139,11,9.466603176365664e-5,3,1
4139,3,7.978899534218441e-7,3,1
4139,12,8.30948725623151e-5,3,1
4139,9,1.405519658132396e-4,3,1
4139,13,2.0607473425627193e-4,3,1
4187,2,0,3,1
4187,6,2.4995197407765056e-4,3,1
4187,4,1.4159490398439557e-4,3,1
4187,17,4.8319720336931863e-5,3,1
4187,5,1.0981564759715483e-4,3,1
4187,1,0,3,1
4187,8,4.5696363244545646e-5,3,1
4187,10,2.824572011139406e-5,3,1
4187,7,8.060914781371339e-5,3,1
4187,19,3.724699431362554e-5,3,1
4187,11,1.6370817523038368e-5,3,1
4187,3,2.6596331780728137e-7,3,1
4187,12,3.173202253188732e-5,3,1
4187,9,3.4174426788228275e-5,3,1
4187,13,6.214952302966932e-5,3,1
4386,2,0,6,2
4386,6,1.1095814331093176e-4,6,2
4386,4,0,6,2
4386,17,4.302440851918591e-5,6,2
4386,5,1.2261926570265272e-4,6,2
4386,1,0,6,2
4386,8,1.0904813956084756e-4,6,2
4386,10,4.8253105190298184e-5,6,2
4386,7,7.682468078020572e-5,6,2
4386,19,6.0617657412370967e-5,6,2
4386,11,7.758343956570356e-5,6,2
4386,3,0,6,2
4386,12,8.255704167194414e-5,6,2
4386,9,1.153708092324398e-4,6,2
4386,13,8.395637321551819e-5,6,2
4401,2,3.5523907789514856e-5,3,1
4401,6,0.00109734049914974,3,1
4401,4,5.198484284091412e-4,3,1
4401,17,1.663610462741855e-4,3,1
4401,5,6.817926641177617e-4,3,1
4401,1,2.241640809339931e-7,3,1
4401,8,2.9442997681428844e-4,3,1
4401,10,1.0209650915264312e-4,3,1
4401,7,4.567851709443759e-4,3,1
4401,19,7.522432184908686e-5,3,1
4401,11,1.634709170054121e-4,3,1
4401,3,1.8617432246509696e-6,3,1
4401,12,1.535507192009124e-4,3,1
4401,9,1.5725375334132107e-4,3,1
4401,13,1.139407922210604e-4,3,1
4441,2,0,3,1
4441,6,1.259631591323389e-4,3,1
4441,4,2.2014755389800017e-5,3,1
4441,17,4.0376752610312925e-5,3,1
4441,5,1.7851198320165303e-4,3,1
4441,1,0,3,1
4441,8,9.24312801991946e-5,3,1
4441,10,4.119167516244967e-6,3,1
4441,7,6.168681264617503e-5,3,1
4441,19,9.71343185041607e-5,3,1
4441,11,1.779436687286779e-5,3,1
4441,3,0,3,1
4441,12,4.921152646894389e-5,3,1
4441,9,5.5758275286056656e-5,3,1
4441,13,4.361370037169776e-5,3,1
4726,2,1.9558106535800315e-5,4,3
4726,6,8.88454884162265e-6,4,3
4726,4,4.628101985355685e-5,4,3
4726,17,5.780715401039337e-5,4,3
4726,5,1.6989416332295254e-5,4,3
4726,1,0,4,3
4726,8,3.531082614351255e-5,4,3
4726,10,3.9720543906647896e-5,4,3
4726,7,1.3624081320627616e-5,4,3
4726,19,8.5448986954788e-5,4,3
4726,11,2.3725822497157057e-7,4,3
4726,3,1.215452362379276e-4,4,3
4726,12,3.065636075114538e-5,4,3
4726,9,1.259057829039989e-5,4,3
4726,13,9.15887707805653e-5,4,3
4739,2,3.871706804025777e-4,6,2
4739,6,2.9003116107430385e-4,6,2
4739,4,5.32857147503114e-4,6,2
4739,17,2.0298695301359505e-5,6,2
4739,5,1.5315097041576303e-4,6,2
4739,1,0,6,2
4739,8,5.763973091073371e-5,6,2
4739,10,5.384340396234493e-5,6,2
4739,7,1.298072192493131e-4,6,2
4739,19,3.3595328204446564e-5,6,2
4739,11,1.755710864789622e-5,6,2
4739,3,5.720870966034623e-4,6,2
4739,12,2.9042868080032466e-5,6,2
4739,9,7.066140877265244e-5,6,2
4739,13,4.742989915422132e-5,6,2
4821,2,7.982900626857273e-6,3,1
4821,6,0.00378679215071827,3,1
4821,4,0.00115027096911705,3,1
4821,17,5.226914040100072e-4,3,1
4821,5,0.00215199273542406,3,1
4821,1,4.483281618679862e-7,3,1
4821,8,8.858863147181235e-4,3,1
4821,10,4.3045300544759904e-4,3,1
4821,7,0.00168446627661426,3,1
4821,19,3.629756112523901e-4,3,1
4821,11,3.437871679838057e-4,3,1
4821,3,4.521376402723784e-6,3,1
4821,12,5.730588136902702e-4,3,1
4821,9,5.318876951250566e-4,3,1
4821,13,6.443924229918344e-4,3,1
4851,2,4.669996866711504e-5,4,3
4851,6,3.613049862259878e-5,4,3
4851,4,1.3509054443740917e-5,4,3
4851,17,2.4270179164668973e-6,4,3
4851,5,3.939574801691653e-5,4,3
4851,1,0,4,3
4851,8,9.60662181845562e-6,4,3
4851,10,1.0592145041772773e-5,4,3
4851,7,1.2110294507224547e-5,4,3
4851,19,1.6067330880387485e-5,4,3
4851,11,4.745164499431411e-7,4,3
4851,3,2.6596331780728137e-7,4,3
4851,12,9.412040581492005e-6,4,3
4851,9,2.286860138460388e-5,4,3
4851,13,8.341120196087197e-5,4,3
4859,2,7.982900626857272e-7,2,5
4859,6,3.1392072573733366e-5,2,5
4859,4,0,2,5
4859,17,7.331800487654091e-4,2,5
4859,5,0.0013328074000973,2,5
4859,1,0,2,5
4859,8,0.00150382577222959,2,5
4859,10,0.00237646543062218,2,5
4859,7,7.724097215389157e-4,2,5
4859,19,0.0018608890492376,2,5
4859,11,0.00151702909046822,2,5
4859,3,0,2,5
4859,12,0.00139109959794451,2,5
4859,9,0.00270312007377565,2,5
4859,13,0.00129914309982194,2,5
5024,2,1.0138283796108736e-4,3,1
5024,6,4.191532709058864e-4,3,1
5024,4,1.571052998272092e-4,3,1
5024,17,1.0568559836251308e-4,3,1
5024,5,2.164303906679352e-4,3,1
5024,1,0,3,1
5024,8,8.749815007620387e-5,3,1
5024,10,1.794780132078164e-5,3,1
5024,7,2.4674725058470014e-4,3,1
5024,19,4.3819993310147685e-5,3,1
5024,11,3.535147552076401e-5,3,1
5024,3,7.978899534218441e-7,3,1
5024,12,6.99180157482263e-5,3,1
5024,9,8.068248128950133e-5,3,1
5024,13,1.1176010720247552e-4,3,1
5168,2,3.352818263280054e-5,6,2
5168,6,2.8627990711895207e-5,6,2
5168,4,4.5530516828904576e-5,6,2
5168,17,9.708071665867587e-6,6,2
5168,5,5.810872832495189e-5,6,2
5168,1,0,6,2
5168,8,1.8174689926807927e-5,6,2
5168,10,9.415240037131351e-6,6,2
5168,7,1.2867187913926082e-5,6,2
5168,19,1.0224665105701128e-5,6,2
5168,11,0,6,2
5168,3,0,6,2
5168,12,0,6,2
5168,9,2.7750662354350776e-5,6,2
5168,13,1.362928136615555e-5,6,2
5225,2,7.503926589245836e-5,4,3
5225,6,5.054321118789774e-5,4,3
5225,4,3.1270959360511385e-5,4,3
5225,17,1.5003383483613547e-5,4,3
5225,5,3.570239664033061e-5,4,3
5225,1,0,4,3
5225,8,1.79150514992821e-5,4,3
5225,10,1.4417086306857383e-5,4,3
5225,7,2.005767527759066e-5,4,3
5225,19,3.067399531710338e-5,4,3
5225,11,2.3725822497157057e-7,4,3
5225,3,7.978899534218441e-7,4,3
5225,12,1.210119503334686e-5,4,3
5225,9,2.6979810622285477e-5,4,3
5225,13,6.5420550557546646e-6,4,3
5235,2,2.115468666117177e-4,3,1
5235,6,4.317890737028608e-4,3,1
5235,4,4.200315261303889e-4,3,1
5235,17,6.442629378257582e-5,3,1
5235,5,2.52871457583583e-4,3,1
5235,1,0,3,1
5235,8,1.178758460967257e-4,3,1
5235,10,1.197500842222644e-4,3,1
5235,7,1.460804274933961e-4,3,1
5235,19,3.3595328204446564e-5,3,1
5235,11,1.0036022916297432e-4,3,1
5235,3,1.0638532712291257e-6,3,1
5235,12,7.126259297415373e-5,3,1
5235,9,1.259057829039989e-5,3,1
5235,13,5.778815299249953e-5,3,1
5281,2,1.9158961504457452e-5,2,5
5281,6,3.948688374054511e-7,2,5
5281,4,3.327230075958411e-5,2,5
5281,17,8.516626506874749e-5,2,5
5281,5,4.8259791320722754e-5,2,5
5281,1,0,2,5
5281,8,4.3359617396813195e-5,2,5
5281,10,7.149697903196621e-5,2,5
5281,7,3.670933022502441e-5,2,5
5281,19,1.7674063968426234e-4,2,5
5281,11,1.0961329993686558e-4,2,5
5281,3,0,2,5
5281,12,1.1186882519716207e-4,2,5
5281,9,1.945115870578105e-4,2,5
5281,13,7.68691469051173e-5,2,5
5289,2,2.3948701880571816e-5,3,1
5289,6,0.00498265242480068,3,1
5289,4,0.00123507781090275,3,1
5289,17,0.00125873974667669,3,1
5289,5,0.00312876106281849,3,1
5289,1,4.483281618679862e-7,3,1
5289,8,0.00118447050637282,3,1
5289,10,3.654290039411606e-4,3,1
5289,7,0.00211930153876429,3,1
5289,19,7.434792198288391e-4,3,1
5289,11,5.725040968563997e-4,3,1
5289,3,3.723486449301939e-6,3,1
5289,12,0.00116117689231092,3,1
5289,9,6.082020165995212e-4,3,1
5289,13,0.00149649509400387,3,1
5327,2,6.106918979545813e-5,4,3
5327,6,4.5212481882924155e-5,4,3
5327,4,3.2271630060047744e-5,4,3
5327,17,1.9416143331735175e-5,4,3
5327,5,4.333532281860819e-5,4,3
5327,1,0,4,3
5327,8,2.622348118010858e-5,4,3
5327,10,3.942631765548754e-5,4,3
5327,7,2.3842142311098327e-5,4,3
5327,19,1.3145997993044306e-5,4,3
5327,11,2.3725822497157057e-7,4,3
5327,3,0,4,3
5327,12,6.453970684451659e-6,4,3
5327,9,4.727890623333836e-5,4,3
5327,13,0,4,3
5558,2,3.991450313428636e-7,3,1
5558,6,0.00292044992145071,3,1
5558,4,6.594419909944641e-4,3,1
5558,17,7.953999626239241e-4,3,1
5558,5,0.00180900350425178,3,1
5558,1,4.483281618679862e-7,3,1
5558,8,8.347375444955355e-4,3,1
5558,10,3.115855999788157e-4,3,1
5558,7,0.00141539067053186,3,1
5558,19,4.7179526130592346e-4,3,1
5558,11,4.555357919454154e-4,3,1
5558,3,2.3936698602655325e-6,3,1
5558,12,6.230770864947705e-4,3,1
5558,9,4.27565760718886e-4,3,1
5558,13,7.103581448040273e-4,3,1
5621,2,4.390595344771499e-5,6,2
5621,6,1.7236024752747945e-4,6,2
5621,4,2.3315627299197287e-4,6,2
5621,17,2.8462301020384525e-5,6,2
5621,5,7.11585698555555e-5,6,2
5621,1,0,6,2
5621,8,1.7395774644230443e-5,6,2
5621,10,1.294595505105561e-5,6,2
5621,7,5.336098517245816e-5,6,2
5621,19,2.9943662095267587e-5,6,2
5621,11,1.6608075748009937e-5,6,2
5621,3,3.353797437549818e-4,6,2
5621,12,0,6,2
5621,9,4.4966351037142465e-5,6,2
5621,13,3.761681657058932e-5,6,2
5642,2,1.1335718890137326e-4,6,2
5642,6,1.4471942890909785e-4,6,2
5642,4,1.460979221323092e-4,6,2
5642,17,2.780038704316628e-5,6,2
5642,5,1.2975974503071883e-4,6,2
5642,1,0,6,2
5642,8,7.633369769259329e-5,6,2
5642,10,2.5597683850950865e-5,6,2
5642,7,9.120565550753488e-5,6,2
5642,19,4.601099297565507e-5,6,2
5642,11,3.3690667945963016e-5,6,2
5642,3,4.734147056969609e-4,6,2
5642,12,5.082501914005681e-5,6,2
5642,9,5.961253394638315e-5,6,2
5642,13,4.034267284382043e-5,6,2
5711,2,7.982900626857272e-7,4,3
5711,6,4.738426048865414e-5,4,3
5711,4,1.9763246315843194e-5,4,3
5711,17,8.3842437114311e-6,4,3
5711,5,3.496372636501342e-5,4,3
5711,1,2.241640809339931e-7,4,3
5711,8,2.648311960763441e-5,4,3
5711,10,2.942262511603548e-7,4,3
5711,7,3.5573990114972106e-5,4,3
5711,19,1.1685331549372716e-5,4,3
5711,11,2.3725822497157057e-7,4,3
5711,3,1.7261019325692562e-4,4,3
5711,12,1.5059264930387205e-5,4,3
5711,9,3.083406928261197e-5,4,3
5711,13,1.7990651403325325e-5,4,3
5783,2,2.7261605640717585e-4,3,1
5783,6,0.00544346435805284,3,1
5783,4,0.00147048559296868,3,1
5783,17,7.684821275503822e-4,3,1
5783,5,0.00316520212973413,3,1
5783,1,0,3,1
5783,8,0.00120368375000973,3,1
5783,10,4.104456203686949e-4,3,1
5783,7,0.00202166228929979,3,1
5783,19,4.506155978726854e-4,3,1
5783,11,4.334707770230594e-4,3,1
5783,3,3.752742414260741e-4,3,1
5783,12,6.924572713526259e-4,3,1
5783,9,5.560410493964359e-4,3,1
5783,13,0.00100420545105834,3,1
5871,2,2.3150411817886087e-5,3,1
5871,6,0.00678404406104435,3,1
5871,4,0.00210991416997242,3,1
5871,17,0.0019411730571887,3,1
5871,5,0.00456227384378404,3,1
5871,1,1.1208204046699654e-6,3,1
5871,8,0.0020096014290499,3,1
5871,10,7.717554567936106e-4,3,1
5871,7,0.00325653388233335,3,1
5871,19,0.00130437513419872,3,1
5871,11,9.87231474106705e-4,3,1
5871,3,7.899110538876257e-5,3,1
5871,12,0.00165302324155518,3,1
5871,9,0.00119636188816534,3,1
5871,13,0.0017303735622471,3,1
5904,2,2.0755541629828905e-5,3,1
5904,6,1.2635802796974436e-4,3,1
5904,4,0,3,1
5904,17,2.647655908872979e-5,3,1
5904,5,1.3345309640730476e-4,3,1
5904,1,2.241640809339931e-7,3,1
5904,8,7.55547824100158e-5,3,1
5904,10,1.7653575069621285e-5,3,1
5904,7,4.0872243961882845e-5,3,1
5904,19,7.595465507092266e-5,3,1
5904,11,0,3,1
5904,3,0,3,1
5904,12,1.8286250272613032e-5,3,1
5904,9,4.213989468623636e-5,3,1
5904,13,4.361370037169776e-5,3,1
6011,2,0,7,6
6011,6,4.4225309789410525e-5,7,6
6011,4,1.5510395842813645e-5,7,6
6011,17,1.0369985643085834e-5,7,6
6011,5,4.481266336924256e-5,7,6
6011,1,0,7,6
6011,8,2.129035105711786e-5,7,6
6011,10,2.294964759050767e-5,7,6
6011,7,2.4220589014449094e-5,7,6
6011,19,2.9213328873431793e-5,7,6
6011,11,2.3963080722128625e-5,7,6
6011,3,0,7,6
6011,12,5.378308903709715e-7,7,6
6011,9,4.008429006739557e-5,7,6
6011,13,2.780373398695732e-5,7,6
6094,2,0,3,1
6094,6,9.348519725574056e-4,3,1
6094,4,4.6356070156022074e-4,3,1
6094,17,2.1710778452758427e-4,3,1
6094,5,5.357821730300648e-4,3,1
6094,1,2.241640809339931e-7,3,1
6094,8,3.780335504776049e-4,3,1
6094,10,1.0445031916192596e-4,3,1
6094,7,5.003065418297141e-4,3,1
6094,19,1.1685331549372716e-4,3,1
6094,11,1.2100169473550096e-4,3,1
6094,3,2.127706542458251e-6,3,1
6094,12,1.7613961659649317e-4,3,1
6094,9,1.7498334317882295e-4,3,1
6094,13,2.2951709820605943e-4,3,1
6107,2,3.5523907789514856e-5,4,3
6107,6,7.364303817611663e-5,4,3
6107,4,1.701140189211819e-5,4,3
6107,17,3.0006766967227094e-5,4,3
6107,5,6.968122930492112e-5,4,3
6107,1,0,4,3
6107,8,2.518492747000527e-5,4,3
6107,10,3.9720543906647896e-5,4,3
6107,7,4.881962473224896e-5,4,3
6107,19,1.825833054589487e-5,4,3
6107,11,2.3725822497157057e-7,4,3
6107,3,0,4,3
6107,12,3.6034669654855094e-5,4,3
6107,9,1.4389232331885588e-5,4,3
6107,13,0,4,3
6234,2,1.5167511191028817e-5,1,4
6234,6,1.3879639634801607e-4,1,4
6234,4,1.5510395842813645e-5,1,4
6234,17,0.03362898088855774,1,4
6234,5,3.200904526374468e-4,1,4
6234,1,1.7933126474719446e-5,1,4
6234,8,6.27805717757451e-4,1,4
6234,10,9.070995323273738e-4,1,4
6234,7,3.3076241872857044e-4,1,4
6234,19,0.05647885904422752,1,4
6234,11,7.421437277110726e-4,1,4
6234,3,2.6596331780728137e-7,1,4
6234,12,0.00245681150721459,1,4
6234,9,7.007042244473571e-4,1,4
6234,13,0.00537756925583033,1,4
6271,2,1.5846057744311684e-4,3,1
6271,6,0.00847151603769654,3,1
6271,4,0.00219697252083208,3,1
6271,17,0.00242701791646689,3,1
6271,5,0.00582219911005005,3,1
6271,1,6.724922428019793e-7,3,1
6271,8,0.00206827971367074,3,1
6271,10,8.664963096672448e-4,3,1
6271,7,0.00365806583458851,3,1
6271,19,0.00190470904254775,3,1
6271,11,0.00119815403610643,3,1
6271,3,2.4096276593339692e-4,3,1
6271,12,0.00185309633277318,3,1
6271,9,0.00124209909093455,3,1
6271,13,0.00240693108926307,3,1
6351,2,3.3927327664143406e-5,3,1
6351,6,1.8558835358056203e-4,3,1
6351,4,3.68246817429382e-4,3,1
6351,17,5.295311817745958e-6,3,1
6351,5,9.061022043890804e-5,3,1
6351,1,0,3,1
6351,8,3.531082614351255e-5,3,1
6351,10,2.5597683850950865e-5,3,1
6351,7,7.644623407685495e-5,3,1
6351,19,0,3,1
6351,11,1.779436687286779e-5,3,1
6351,3,5.319266356145627e-7,3,1
6351,12,2.6891544518548576e-7,3,1
6351,9,1.3104479445110088e-5,3,1
6351,13,1.4174452620801772e-5,3,1
6368,2,0,3,1
6368,6,0.00187839105953773,3,1
6368,4,5.788879996817867e-4,3,1
6368,17,5.747619702178425e-4,3,1
6368,5,0.00127223643752129,3,1
6368,1,0,3,1
6368,8,6.226129492069344e-4,3,1
6368,10,2.8010339110465775e-4,3,1
6368,7,0.00101423716498005,3,1
6368,19,3.870766075729712e-4,3,1
6368,11,4.678732196439371e-4,3,1
6368,3,3.723486449301939e-6,3,1
6368,12,6.916505250170695e-4,3,1
6368,9,3.548487473273928e-4,3,1
6368,13,6.97274034692518e-4,3,1
6407,2,8.581618173871568e-5,3,1
6407,6,0.00339547713284947,3,1
6407,4,0.0010156807600294,3,1
6407,17,9.074840627662136e-4,3,1
6407,5,0.00225023588204125,3,1
6407,1,0,3,1
6407,8,8.767989697547196e-4,3,1
6407,10,2.9363779865803404e-4,3,1
6407,7,0.00144907242713008,3,1
6407,19,6.565695664303796e-4,3,1
6407,11,5.101051836888767e-4,3,1
6407,3,3.989449767109221e-6,3,1
6407,12,8.080909127823847e-4,3,1
6407,9,4.3398952515276353e-4,3,1
6407,13,8.461057872109366e-4,3,1
6745,2,1.0497514324317312e-4,3,1
6745,6,5.7255981423790414e-6,3,1
6745,4,8.705835085966369e-5,3,1
6745,17,1.4562107498801384e-5,3,1
6745,5,3.2009045263744684e-6,3,1
6745,1,0,3,1
6745,8,2.336745847732448e-6,3,1
6745,10,2.5597683850950865e-5,3,1
6745,7,0,3,1
6745,19,2.9213328873431793e-5,3,1
6745,11,3.9147607120309135e-5,3,1
6745,3,5.319266356145627e-7,3,1
6745,12,9.223799769862164e-5,3,1
6745,9,1.181972655833459e-5,3,1
6745,13,5.288161170068354e-5,3,1
6763,2,2.0875285139231769e-4,6,2
6763,6,3.692023629740968e-5,6,2
6763,4,6.179141569637049e-5,6,2
6763,17,6.3985017797763654e-6,6,2
6763,5,2.8808140737370216e-5,6,2
6763,1,0,6,2
6763,8,1.4280113513920517e-5,6,2
6763,10,1.0592145041772773e-5,6,2
6763,7,2.1571462090993725e-5,6,2
6763,19,0,6,2
6763,11,1.803162509783936e-5,6,2
6763,3,1.5346083437480136e-4,6,2
6763,12,1.398360314964526e-5,6,2
6763,9,2.415335427137938e-5,6,2
6763,13,0,6,2
6793,2,0,3,1
6793,6,1.715705098526685e-4,3,1
6793,4,2.5116834558362743e-4,3,1
6793,17,4.2362494541967665e-5,3,1
6793,5,6.42643139525951e-5,3,1
6793,1,0,3,1
6793,8,2.414637375990196e-5,3,1
6793,10,0,3,1
6793,7,3.519554341162134e-5,3,1
6793,19,2.190999665507384e-5,3,1
6793,11,0,3,1
6793,3,1.0638532712291257e-6,3,1
6793,12,4.921152646894389e-5,3,1
6793,9,5.395962124457095e-6,3,1
6793,13,2.889407649624977e-5,3,1
6900,2,1.5167511191028815e-4,3,1
6900,6,0.00113189152242272,3,1
6900,4,6.551891405214345e-4,3,1
6900,17,1.7077380612230713e-4,3,1
6900,5,7.142941562317179e-4,3,1
6900,1,0,3,1
6900,8,2.6950468777180896e-4,3,1
6900,10,1.0503877166424664e-4,3,1
6900,7,5.180935368872001e-4,3,1
6900,19,1.4460597792348738e-4,3,1
6900,11,1.4947268173208945e-4,3,1
6900,3,2.9122983299897313e-4,3,1
6900,12,2.6999110696622773e-4,3,1
6900,9,1.9425463648045543e-4,3,1
6900,13,1.4828658126377238e-4,3,1
6933,2,1.7562381379086e-5,3,1
6933,6,0.0028760271772426,3,1
6933,4,6.324238821069822e-4,3,1
6933,17,5.584347587797925e-4,3,1
6933,5,0.00172430264601541,3,1
6933,1,2.241640809339931e-6,3,1
6933,8,8.383724824808971e-4,3,1
6933,10,1.541745556080259e-4,3,1
6933,7,0.00125038790787093,3,1
6933,19,3.644362776960616e-4,3,1
6933,11,2.448504881706608e-4,3,1
6933,3,1.5957799068436882e-6,3,1
6933,12,5.378308903709715e-4,3,1
6933,9,2.9266670760745865e-4,3,1
6933,13,6.602023893765749e-4,3,1
6985,2,1.556665622237168e-4,6,2
6985,6,3.9486883740545114e-5,6,2
6985,4,1.6936351589652964e-4,6,2
6985,17,0,6,2
6985,5,2.1913884834409825e-5,6,2
6985,1,0,6,2
6985,8,9.087344963403964e-6,6,2
6985,10,1.3828633804536674e-5,6,2
6985,7,9.461167583769178e-6,6,2
6985,19,4.089866042280451e-5,6,2
6985,11,3.416518439590616e-5,6,2
6985,3,4.3937140101762886e-4,6,2
6985,12,5.378308903709715e-7,6,2
6985,9,2.415335427137938e-5,6,2
6985,13,0,6,2
7164,2,4.310766338502927e-5,3,1
7164,6,9.51041594891029e-4,3,1
7164,4,3.559886013600616e-4,3,1
7164,17,2.6410367691007965e-4,3,1
7164,5,6.367337773234134e-4,3,1
7164,1,2.241640809339931e-7,3,1
7164,8,2.931317846766593e-4,3,1
7164,10,1.2151544172922653e-4,3,1
7164,7,3.6293038851338566e-4,3,1
7164,19,2.548862944206924e-4,3,1
7164,11,9.82249051382302e-5,3,1
7164,3,1.0931092361879264e-4,3,1
7164,12,1.868962344039126e-4,3,1
7164,9,1.6984433163172097e-4,3,1
7164,13,2.5786600344766304e-4,3,1
7407,2,0,3,1
7407,6,0.00213110711547721,3,1
7407,4,4.555553359639298e-4,3,1
7407,17,5.065848305643633e-4,3,1
7407,5,0.00135176660383044,3,1
7407,1,2.017476728405938e-6,3,1
7407,8,6.755791884222032e-4,3,1
7407,10,2.7598422358841276e-4,3,1
7407,7,0.00104602668806152,3,1
7407,19,2.8848162262513894e-4,3,1
7407,11,2.0546562282538008e-4,3,1
7407,3,1.5957799068436882e-6,3,1
7407,12,4.6253456571903554e-4,3,1
7407,9,3.499666863576459e-4,3,1
7407,13,4.999220405105856e-4,3,1
7451,2,1.9558106535800317e-4,3,1
7451,6,0.00304424130197732,3,1
7451,4,0.00112400336325422,3,1
7451,17,7.984888945176093e-4,3,1
7451,5,0.0020291272462963,3,1
7451,1,4.483281618679862e-7,3,1
7451,8,8.856266762905977e-4,3,1
7451,10,3.20118161262466e-4,3,1
7451,7,0.00147745592988139,3,1
7451,19,6.353899029971415e-4,3,1
7451,11,4.5838289064507426e-4,3,1
7451,3,3.8644470077397986e-4,3,1
7451,12,7.016003964889324e-4,3,1
7451,9,4.422119436281267e-4,3,1
7451,13,9.267911328985774e-4,3,1
7544,2,0,3,1
7544,6,7.089869975614875e-4,3,1
7544,4,2.2840308716917513e-4,3,1
7544,17,2.274777701706701e-4,3,1
7544,5,4.813667960816989e-4,3,1
7544,1,0,3,1
7544,8,1.9654628963705143e-4,3,1
7544,10,5.85510239809106e-5,3,1
7544,7,3.7087776928375175e-4,3,1
7544,19,1.3438131281778623e-4,3,1
7544,11,1.895693217522849e-4,3,1
7544,3,1.0638532712291257e-6,3,1
7544,12,2.2185524227802576e-4,3,1
7544,9,1.243640794398683e-4,3,1
7544,13,3.0802175887511543e-4,3,1
7564,2,3.991450313428636e-7,3,1
7564,6,0.00294789330565039,3,1
7564,4,6.354258942055913e-4,3,1
7564,17,7.583327798997023e-4,3,1
7564,5,0.00191241734279619,3,1
7564,1,0,3,1
7564,8,8.991278745219408e-4,3,1
7564,10,3.239431025275506e-4,3,1
7564,7,0.00129958597930653,3,1
7564,19,5.433679170458313e-4,3,1
7564,11,3.810367093043423e-4,3,1
7564,3,8.032092197779897e-5,3,1
7564,12,6.90305947791142e-4,3,1
7564,9,4.252532055226901e-4,3,1
7564,13,6.013238938747829e-4,3,1
7832,2,4.745834422666648e-4,6,2
7832,6,3.178694141113881e-5,6,2
7832,4,3.887605667698775e-4,6,2
7832,17,1.4341469506395302e-5,6,2
7832,5,5.219936612241441e-5,6,2
7832,1,0,6,2
7832,8,1.1683729238662238e-5,6,2
7832,10,1.0297918790612416e-5,6,2
7832,7,7.568934067015342e-6,6,2
7832,19,3.724699431362554e-5,6,2
7832,11,4.128293114505327e-5,6,2
7832,3,5.88842785625321e-4,6,2
7832,12,3.200093797707281e-5,6,2
7832,9,7.965467898008093e-6,6,2
7832,13,0,6,2
7846,2,0,4,3
7846,6,1.846011814870484e-4,4,3
7846,4,8.205499736198187e-5,4,3
7846,17,2.780038704316628e-5,4,3
7846,5,1.0144405114356008e-4,4,3
7846,1,2.241640809339931e-7,4,3
7846,8,4.829274751980392e-5,4,3
7846,10,3.766096014852541e-5,4,3
7846,7,9.044876210083334e-5,4,3
7846,19,5.185365875034143e-5,4,3
7846,11,2.3725822497157057e-7,4,3
7846,3,0,4,3
7846,12,1.532818037557269e-5,4,3
7846,9,1.5930935796016186e-5,4,3
7846,13,5.724298173785331e-5,4,3
7910,2,0,5,8
7910,6,1.1312992191666177e-4,5,8
7910,4,5.003353497681821e-7,5,8
7910,17,3.6625906739409545e-5,5,8
7910,5,7.066612300534403e-5,5,8
7910,1,0,5,8
7910,8,1.2670355263260383e-4,5,8
7910,10,2.648036260443193e-5,5,8
7910,7,5.97945791294212e-5,5,8
7910,19,6.865132285256471e-5,5,8
7910,11,9.727587223834392e-6,5,8
7910,3,0,5,8
7910,12,4.5446710236347096e-5,5,8
7910,9,5.164706604837506e-5,5,8
7910,13,7.523363314117863e-5,5,8
7943,2,0,3,1
7943,6,0.00230958782998448,3,1
7943,4,5.711328017603799e-4,3,1
7943,17,0.00101449348908316,3,1
7943,5,0.00227855157592841,3,1
7943,1,0,3,1
7943,8,0.00123977349143582,3,1
7943,10,3.6807704020160384e-4,3,1
7943,7,0.00210492056403696,3,1
7943,19,6.843222288601397e-4,3,1
7943,11,3.8222300042920014e-4,3,1
7943,3,2.127706542458251e-6,3,1
7943,12,8.694036342846755e-4,3,1
7943,9,5.622078632529584e-4,3,1
7943,13,0.00115194686106746,3,1
8187,2,6.745551029694394e-5,3,1
8187,6,3.178694141113881e-5,3,1
8187,4,5.053387032658639e-5,3,1
8187,17,9.708071665867587e-6,3,1
8187,5,1.8712980308035353e-5,3,1
8187,1,0,3,1
8187,8,1.2981921376291376e-5,3,1
8187,10,2.942262511603548e-7,3,1
8187,7,1.7408548354135286e-5,3,1
8187,19,1.095499832753692e-5,3,1
8187,11,0,3,1
8187,3,0,3,1
8187,12,1.1832279588161374e-5,3,1
8187,9,6.423764433877495e-6,3,1
8187,13,1.635513763938666e-5,3,1
8188,2,0,3,1
8188,6,4.386992783574562e-4,3,1
8188,4,2.604245495543388e-4,3,1
8188,17,3.508144079256697e-5,3,1
8188,5,2.3169624302449036e-4,3,1
8188,1,0,3,1
8188,8,1.1424090811136412e-4,3,1
8188,10,5.060691519958102e-5,3,1
8188,7,1.7408548354135288e-4,3,1
8188,19,1.2415664771208511e-5,3,1
8188,11,4.389277161974055e-5,3,1
8188,3,1.3298165890364068e-6,3,1
8188,12,2.6353713628177605e-5,3,1
8188,9,4.059819122210576e-5,3,1
8188,13,1.0303736712813597e-4,3,1
8241,2,5.987175470142954e-6,3,1
8241,6,0.00648177196601048,3,1
8241,4,0.00167987593684667,3,1
8241,17,0.00119607855683336,3,1
8241,5,0.00378839361867673,3,1
8241,1,2.734801787394716e-5,3,1
8241,8,0.00142100111384885,3,1
8241,10,4.498719380241824e-4,3,1
8241,7,0.00262452788773757,3,1
8241,19,7.778048812551215e-4,3,1
8241,11,6.000260509531019e-4,3,1
8241,3,6.675679276962762e-5,3,1
8241,12,0.00113993257214127,3,1
8241,9,6.624185884214472e-4,3,1
8241,13,0.0013340340601193,3,1
8450,2,0,3,1
8450,6,3.2398988109117263e-4,3,1
8450,4,9.131120133269324e-5,3,1
8450,17,4.147994257234334e-5,3,1
8450,5,2.4351496742956532e-4,3,1
8450,1,0,3,1
8450,8,9.736441032218533e-5,3,1
8450,10,3.2953340129959734e-5,3,1
8450,7,1.1239867089517784e-4,3,1
8450,19,5.331432519401302e-5,3,1
8450,11,4.958696901905824e-5,3,1
8450,3,5.319266356145627e-7,3,1
8450,12,3.5496838764484124e-5,3,1
8450,9,9.764121939493792e-5,3,1
8450,13,5.94236667564382e-5,3,1
8466,2,5.987175470142954e-5,3,1
8466,6,5.962519444822312e-5,3,1
8466,4,0,3,1
8466,17,4.19212185571555e-6,3,1
8466,5,5.8354951750057614e-5,3,1
8466,1,0,3,1
8466,8,9.035417277898798e-5,3,1
8466,10,7.944108781329578e-6,3,1
8466,7,3.0275736268061368e-5,3,1
8466,19,1.825833054589487e-5,3,1
8466,11,0,3,1
8466,3,0,3,1
8466,12,6.9918015748226305e-6,3,1
8466,9,2.106994734311818e-5,3,1
8466,13,1.9626165167263992e-5,3,1
8513,2,6.0670044764115266e-5,3,1
8513,6,6.62589909166347e-4,3,1
8513,4,3.192139531521002e-4,3,1
8513,17,1.1318729010431984e-4,3,1
8513,5,3.459439122735483e-4,3,1
8513,1,0,3,1
8513,8,2.676872187791282e-4,3,1
8513,10,9.50350791247946e-5,3,1
8513,7,3.31519312135272e-4,3,1
8513,19,7.449398862725107e-5,3,1
8513,11,1.278821832596765e-4,3,1
8513,3,1.3298165890364068e-6,3,1
8513,12,1.1939845766235568e-4,3,1
8513,9,1.189681173154112e-4,3,1
8513,13,1.1939250476752262e-4,3,1
8672,2,3.312903760145768e-5,6,2
8672,6,1.5794753496218045e-5,6,2
8672,4,2.7018108887481833e-5,6,2
8672,17,4.19212185571555e-6,6,2
8672,5,1.034138385444059e-5,6,2
8672,1,0,6,2
8672,8,7.269875970723171e-6,6,2
8672,10,1.3828633804536674e-5,6,2
8672,7,6.433593956963041e-6,6,2
8672,19,1.0224665105701128e-5,6,2
8672,11,2.5861146521901188e-5,6,2
8672,3,0,6,2
8672,12,0,6,2
8672,9,1.027802309420399e-5,6,2
8672,13,0,6,2
8993,2,3.352818263280054e-5,3,1
8993,6,0.00452243279480463,3,1
8993,4,0.00158105970526745,3,1
8993,17,0.00103236516646805,3,1
8993,5,0.00272741687989615,3,1
8993,1,2.241640809339931e-7,3,1
8993,8,0.00127482467915181,3,1
8993,10,4.825310519029818e-4,3,1
8993,7,0.00216812116349654,3,1
8993,19,7.347152211668095e-4,3,1
8993,11,4.885146852164638e-4,3,1
8993,3,1.6356744045147804e-4,3,1
8993,12,0.00103908928019671,3,1
8993,9,5.313737939703464e-4,3,1
8993,13,0.00128060727716397,3,1
9035,2,0,2,5
9035,6,3.178694141113881e-5,2,5
9035,4,0,2,5
9035,17,1.065681503321374e-4,2,5
9035,5,6.352564367727791e-5,2,5
9035,1,0,2,5
9035,8,9.99607945974436e-5,2,5
9035,10,1.912470632542306e-4,2,5
9035,7,6.282215275622733e-5,2,5
9035,19,3.973012726786723e-4,2,5
9035,11,1.788927016285642e-4,2,5
9035,3,0,2,5
9035,12,6.911126941266985e-5,2,5
9035,9,1.10745698840048e-4,2,5
9035,13,1.0467288089207465e-4,2,5
9198,2,2.215254923952893e-4,6,2
9198,6,7.541994794444117e-5,6,2
9198,4,3.184634501274479e-4,6,2
9198,17,6.839777764588529e-6,6,2
9198,5,3.644106691564779e-5,6,2
9198,1,0,6,2
9198,8,5.140840865011385e-5,6,2
9198,10,0,6,2
9198,7,4.730583791884589e-5,6,2
9198,19,6.572998996522153e-6,6,2
9198,11,0,6,2
9198,3,1.526629444213795e-4,6,2
9198,12,1.1294448697790402e-5,6,2
9198,9,4.907756027482406e-5,6,2
9198,13,0,6,2
9255,2,4.977338540845509e-4,6,2
9255,6,2.369213024432707e-5,6,2
9255,4,4.553051682890457e-4,6,2
9255,17,9.92870965827367e-6,6,2
9255,5,1.3049841530603602e-5,6,2
9255,1,4.483281618679862e-7,6,2
9255,8,2.4406012187427787e-5,6,2
9255,10,6.178751274367451e-6,6,2
9255,7,0,6,2
9255,19,2.702232920792441e-5,6,2
9255,11,1.4710009948237372e-5,6,2
9255,3,1.1516211661055284e-4,6,2
9255,12,0,6,2
9255,9,1.5930935796016186e-5,6,2
9255,13,5.45171254646222e-6,6,2
9357,2,1.5965801253714544e-4,3,1
9357,6,0.0017461099990069,3,1
9357,4,0.00102268545492616,3,1
9357,17,4.119311318221543e-4,3,1
9357,5,0.00133083761269646,3,1
9357,1,2.241640809339931e-7,3,1
9357,8,6.732424425744708e-4,3,1
9357,10,3.154105412439003e-4,3,1
9357,7,9.34384910573044e-4,3,1
9357,19,3.125826189457202e-4,3,1
9357,11,2.6430566261832956e-4,3,1
9357,3,2.9255964958800954e-4,3,1
9357,12,5.29225596125036e-4,3,1
9357,9,3.368622069125358e-4,3,1
9357,13,4.911993004362461e-4,3,1
9416,2,7.172636213231259e-4,3,1
9416,6,0.01295031582596787,3,1
9416,4,0.00318513483662424,3,1
9416,17,0.00384174872377469,3,1
9416,5,0.00867789839442629,3,1
9416,1,1.1432368127633649e-5,3,1
9416,8,0.00391872278664731,3,1
9416,10,0.00123398489736652,3,1
9416,7,0.00607142046185635,3,1
9416,19,0.00244150396059706,3,1
9416,11,0.00141666886130524,3,1
9416,3,0.00130322025725567,3,1
9416,12,0.0031737400840791,3,1
9416,9,0.00200961046549423,3,1
9416,13,0.00412912708269048,3,1
9774,2,3.472561772682913e-5,4,3
9774,6,7.601225120054934e-5,4,3
9774,4,0,4,3
9774,17,2.4270179164668978e-5,4,3
9774,5,1.189259143260668e-4,4,3
9774,1,0,4,3
9774,8,7.243912127970588e-5,4,3
9774,10,1.794780132078164e-5,4,3
9774,7,3.746622363172594e-5,4,3
9774,19,1.0662865038802604e-4,4,3
9774,11,2.3725822497157057e-7,4,3
9774,3,0,4,3
9774,12,3.280768431262927e-5,4,3
9774,9,4.213989468623636e-5,4,3
9774,13,9.267911328985774e-6,4,3
9905,2,7.942986123722985e-5,3,1
9905,6,8.943779167233468e-5,3,1
9905,4,3.2021462385163656e-5,3,1
9905,17,1.8312953369704772e-5,3,1
9905,5,1.0267516826908871e-4,3,1
9905,1,0,3,1
9905,8,1.4020475086394686e-5,3,1
9905,10,1.294595505105561e-5,3,1
9905,7,6.092991923947351e-5,3,1
9905,19,5.331432519401302e-5,3,1
9905,11,2.0641465572526635e-5,3,1
9905,3,2.6596331780728137e-7,3,1
9905,12,3.092527619633086e-5,3,1
9905,9,4.5480252191852665e-5,3,1
9905,13,5.070092668209865e-5,3,1
10139,2,0.00101742068489295,6,2
10139,6,1.1273505307925628e-4,6,2
10139,4,8.530717713547505e-4,6,2
10139,17,1.9416143331735175e-5,6,2
10139,5,8.962532673848511e-5,6,2
10139,1,0.01888627214685078,6,2
10139,8,7.036201385949926e-5,6,2
10139,10,0,6,2
10139,7,3.330330989486751e-5,6,2
10139,19,2.0449330211402256e-5,6,2
10139,11,0,6,2
10139,3,8.880515181585126e-4,6,2
10139,12,1.4790349485201718e-5,6,2
10139,9,4.522330161449756e-5,6,2
10139,13,1.1448596347570664e-5,6,2
10189,2,3.312903760145768e-5,3,1
10189,6,0.0010653561233199,3,1
10189,4,0.00205012409567512,3,1
10189,17,1.2863194957274556e-4,3,1
10189,5,4.784121149804302e-4,3,1
10189,1,0,3,1
10189,8,1.6045654821096142e-4,3,1
10189,10,6.11990602413538e-5,3,1
10189,7,2.7664454014941076e-4,3,1
10189,19,9.932531816966808e-5,3,1
10189,11,1.0866426703697932e-4,3,1
10189,3,1.3909881521320815e-4,3,1
10189,12,1.3849145427052517e-4,3,1
10189,9,7.580042031975444e-5,3,1
10189,13,1.804516852878995e-4,3,1
10214,2,4.829654879248649e-5,2,5
10214,6,1.182632168029326e-4,2,5
10214,4,1.0306908205224552e-4,2,5
10214,17,0.00122101064997525,2,5
10214,5,0.00173341291274432,2,5
10214,1,5.155773861481841e-6,2,5
10214,8,0.00203634418708506,2,5
10214,10,0.00394763361181848,2,5
10214,7,0.00107592397762623,2,5
10214,19,0.00302650087128753,2,5
10214,11,0.00193958598914258,2,5
10214,3,5.319266356145627e-7,2,5
10214,12,0.00241754985221751,2,5
10214,9,0.00437406967831586,2,5
10214,13,0.00188411185605734,2,5
10240,2,0,3,1
10240,6,0.00195815456469363,3,1
10240,4,9.048564800557574e-4,3,1
10240,17,0.00107009426316949,3,1
10240,5,0.00170854434680864,3,1
10240,1,2.241640809339931e-7,3,1
10240,8,9.533923058748388e-4,3,1
10240,10,3.3482947382048375e-4,3,1
10240,7,0.00156790469198222,3,1
10240,19,6.288169040006193e-4,3,1
10240,11,5.347800390859199e-4,3,1
10240,3,3.457523131494658e-6,3,1
10240,12,8.589159319224416e-4,3,1
10240,9,4.442675482469675e-4,3,1
10240,13,0.00108707148176456,3,1
10250,2,7.903071620588699e-5,6,2
10250,6,1.3465027355525884e-4,6,2
10250,4,4.6531187528440935e-5,6,2
10250,17,1.4341469506395302e-5,6,2
10250,5,9.282623126485958e-5,6,2
10250,1,0,6,2
10250,8,2.07710742020662e-5,6,2
10250,10,0,6,2
10250,7,4.692739121549512e-5,6,2
10250,19,6.572998996522153e-6,6,2
10250,11,0,6,2
10250,3,1.4202441170908827e-4,6,2
10250,12,1.963082749854046e-5,6,2
10250,9,2.415335427137938e-5,6,2
10250,13,0,6,2
10379,2,1.7562381379086e-5,3,1
10379,6,0.0061500821425899,3,1
10379,4,0.00160907848485447,3,1
10379,17,0.00140171316575583,3,1
10379,5,0.00399005060383832,3,1
10379,1,0,3,1
10379,8,0.00145657157841989,3,1
10379,10,6.855471652036266e-4,3,1
10379,7,0.00292804214382488,3,1
10379,19,8.669055343190884e-4,3,1
10379,11,8.353862101248998e-4,3,1
10379,3,1.470777147474266e-4,3,1
10379,12,0.00141288174900454,3,1
10379,9,9.227095232821632e-4,3,1
10379,13,0.00129423655853013,3,1
10518,2,5.827517457605808e-5,3,1
10518,6,1.7176794427137124e-5,3,1
10518,4,4.227833705541139e-5,3,1
10518,17,1.4782745491207464e-5,3,1
10518,5,2.1175214559092637e-5,3,1
10518,1,0,3,1
10518,8,4.933130122990723e-6,3,1
10518,10,1.0886371292933126e-5,3,1
10518,7,2.119301538764296e-5,3,1
10518,19,1.095499832753692e-5,3,1
10518,11,8.066779649033398e-6,3,1
10518,3,2.6596331780728137e-7,3,1
10518,12,0,3,1
10518,9,2.569505773550998e-7,3,1
10518,13,0,3,1
10561,2,2.0755541629828905e-5,6,2
10561,6,2.7245949780976128e-5,6,2
10561,4,7.755197921406823e-6,6,2
10561,17,4.19212185571555e-6,6,2
10561,5,3.4471279514801966e-05,6,2
10561,1,0,6,2
10561,8,9.60662181845562e-6,6,2
10561,10,0,6,2
10561,7,1.8543888464187588e-5,6,2
10561,19,7.303332218357948e-6,6,2
10561,11,0,6,2
10561,3,0,6,2
10561,12,4.5984541126718066e-5,6,2
10561,9,2.8521514086416076e-5,6,2
10561,13,9.267911328985774e-6,6,2
10589,2,0,3,1
10589,6,8.339629846003128e-4,3,1
10589,4,4.483004733922912e-4,3,1
10589,17,1.2488110370184217e-4,3,1
10589,5,4.929392970616681e-4,3,1
10589,1,0,3,1
10589,8,2.570420432505693e-4,3,1
10589,10,3.9720543906647896e-5,3,1
10589,7,3.2470727147495816e-4,3,1
10589,19,7.230298896174369e-5,3,1
10589,11,4.626535386945625e-5,3,1
10589,3,1.5957799068436882e-6,3,1
10589,12,1.2235652755939602e-4,3,1
10589,9,1.4106586696794975e-4,3,1
10589,13,7.468846188653241e-5,3,1
10638,2,3.592305282085772e-5,6,2
10638,6,8.489680004217199e-6,6,2
10638,4,0,6,2
10638,17,3.088931893685142e-5,6,2
10638,5,1.5265852356555156e-5,6,2
10638,1,0,6,2
10638,8,1.1683729238662238e-5,6,2
10638,10,0,6,2
10638,7,1.324563461727685e-5,6,2
10638,19,1.533699765855169e-5,6,2
10638,11,4.460454629465526e-5,6,2
10638,3,0,6,2
10638,12,1.586601126594366e-5,6,2
10638,9,8.222418475363193e-6,6,2
10638,13,5.45171254646222e-7,6,2
10813,2,2.3070582811617516e-4,6,2
10813,6,1.4708864193353055e-4,6,2
10813,4,2.4016096788872745e-4,6,2
10813,17,3.287506086850616e-5,6,2
10813,5,1.6275368399488644e-4,6,2
10813,1,0,6,2
10813,8,4.3878894251864855e-5,6,2
10813,10,1.853625382310235e-5,6,2
10813,7,4.730583791884589e-5,6,2
10813,19,4.7471659419326665e-5,6,2
10813,11,4.199470581996798e-5,6,2
10813,3,8.883174814763198e-5,6,2
10813,12,1.2370110478532344e-5,6,2
10813,9,3.0063217550546676e-5,6,2
10813,13,1.090342509292444e-5,6,2
10849,2,0,3,1
10849,6,3.228052745789563e-4,3,1
10849,4,2.2039772157288423e-4,3,1
10849,17,9.024093889408736e-5,3,1
10849,5,3.629333286058435e-4,3,1
10849,1,0,3,1
10849,8,1.4721498840714422e-4,3,1
10849,10,5.354917771118457e-5,3,1
10849,7,2.9178240828344143e-4,3,1
10849,19,3.797732753546133e-5,3,1
10849,11,7.497359909101629e-5,3,1
10849,3,2.6596331780728137e-7,3,1
10849,12,1.4333193228386392e-4,3,1
10849,9,6.937665588587695e-5,3,1
10849,13,7.359811937723997e-5,3,1
10882,2,0,3,1
10882,6,0.00534672149288851,3,1
10882,4,0.00115927700541287,3,1
10882,17,0.00144981224810036,3,1
10882,5,0.00348972460402348,3,1
10882,1,2.241640809339931e-7,3,1
10882,8,0.00141502943001576,3,1
10882,10,6.26996141222716e-4,3,1
10882,7,0.00237778063715287,3,1
10882,19,0.00101516317835175,3,1
10882,11,9.18189330639978e-4,3,1
10882,3,2.6596331780728137e-6,3,1
10882,12,0.0012913319677807,3,1
10882,9,7.199755177489896e-4,3,1
10882,13,0.00139945461067685,3,1
11316,2,7.144696061037258e-5,4,3
11316,6,0.0013836204062687,4,3
11316,4,0.00219997453293069,4,3
11316,17,3.155123291406967e-5,4,3
11316,5,6.128501050881579e-4,4,3
11316,1,2.241640809339931e-7,4,3
11316,8,2.3653060747602889e-4,4,3
11316,10,5.678566647394847e-5,4,3
11316,7,4.015319522551639e-4,4,3
11316,19,2.190999665507384e-5,4,3
11316,11,6.026358914277891e-5,4,3
11316,3,1.5638643087068145e-4,4,3
11316,12,1.1186882519716207e-4,4,3
11316,9,1.5134389006215377e-4,4,3
11316,13,1.188473335128764e-4,4,3
11327,2,6.745551029694394e-5,3,1
11327,6,4.754220802361632e-4,3,1
11327,4,3.3872703179305927e-4,3,1
11327,17,5.604205007114472e-5,3,1
11327,5,2.8192582174605893e-4,3,1
11327,1,0,3,1
11327,8,6.750599115671516e-5,3,1
11327,10,3.677828139504435e-5,3,1
11327,7,1.4229596045988845e-4,3,1
11327,19,2.3370663098745433e-5,3,1
11327,11,3.606325019567872e-5,3,1
11327,3,1.5957799068436882e-6,3,1
11327,12,8.12124644460167e-5,3,1
11327,9,3.931343833533027e-5,3,1
11327,13,7.468846188653241e-5,3,1
11342,2,2.5146136974600407e-5,5,8
11342,6,1.9684211544661735e-4,5,8
11342,4,2.5016767488409106e-7,5,8
11342,17,1.3922257320823748e-4,5,8
11342,5,2.521327873082658e-4,5,8
11342,1,0,5,8
11342,8,7.996863567795489e-5,5,8
11342,10,5.825679772975024e-5,5,8
11342,7,1.3888994012973153e-4,5,8
11342,19,1.10280316497205e-4,5,8
11342,11,1.11036849286695e-4,5,8
11342,3,1.244708327338077e-4,5,8
11342,12,7.045584663859727e-5,5,8
11342,9,1.4337842216414568e-4,5,8
11342,13,8.886291450733419e-5,5,8
11439,2,3.991450313428636e-5,3,1
11439,6,0.00148174531236395,3,1
11439,4,3.7925419512428206e-4,3,1
11439,17,2.92124701945652e-4,3,1
11439,5,9.647033795642436e-4,3,1
11439,1,3.474543254476893e-5,3,1
11439,8,3.5025223873234136e-4,3,1
11439,10,8.767942284578573e-5,3,1
11439,7,7.406201984574512e-4,3,1
11439,19,2.9943662095267587e-4,3,1
11439,11,2.7403324984216396e-4,3,1
11439,3,1.0638532712291257e-6,3,1
11439,12,2.966137360395908e-4,3,1
11439,9,2.528393681174182e-4,3,1
11439,13,4.339563186983927e-4,3,1
11457,2,9.659309758497298e-5,3,1
11457,6,9.174777437115656e-4,3,1
11457,4,5.57873914991523e-4,3,1
11457,17,1.1208410014228945e-4,3,1
11457,5,5.005722232399458e-4,3,1
11457,1,0,3,1
11457,8,2.1420170270880772e-4,3,1
11457,10,6.355287025063663e-5,3,1
11457,7,3.6974242917369945e-4,3,1
11457,19,1.2050498160290616e-4,3,1
11457,11,8.636199388965167e-5,3,1
11457,3,2.0851524116090864e-4,3,1
11457,12,1.5247505742017043e-4,3,1
11457,9,1.336143002246519e-4,3,1
11457,13,1.6518689015780527e-4,3,1
11481,2,2.3948701880571816e-5,3,1
11481,6,0.00614100015932957,3,1
11481,4,0.00185149096181715,3,1
11481,17,0.00174436396796248,3,1
11481,5,0.00411070008214013,3,1
11481,1,0,3,1
11481,8,0.00193872013833535,3,1
11481,10,9.244588811458348e-4,3,1
11481,7,0.00327242864387408,3,1
11481,19,0.00122257781335312,3,1
11481,11,9.26967884963926e-4,3,1
11481,3,1.3803496194197905e-4,3,1
11481,12,0.00156105415930174,3,1
11481,9,9.974821412924973e-4,3,1
11481,13,0.00176253866627123,3,1
11698,2,3.632219785220059e-5,3,1
11698,6,0.02871703363473013,3,1
11698,4,0.00755281227242559,3,1
11698,17,0.0080107035902876,3,1
11698,5,0.01787434332212524,3,1
11698,1,4.483281618679862e-6,3,1
11698,8,0.00781329919953472,3,1
11698,10,0.00430658963823411,3,1
11698,7,0.01265298707982954,3,1
11698,19,0.00514154588172399,3,1
11698,11,0.00341485763201581,3,1
11698,3,3.928278204013546e-4,3,1
11698,12,0.00680221618596686,3,1
11698,9,0.00546585268149768,3,1
11698,13,0.00761386174238913,3,1
11755,2,1.1854607430883048e-4,6,2
11755,6,5.962519444822312e-5,6,2
11755,4,7.204829036661823e-5,6,2
11755,17,4.412759848121632e-6,6,2
11755,5,3.4471279514801966e-05,6,2
11755,1,2.241640809339931e-7,6,2
11755,8,2.336745847732448e-6,6,2
11755,10,0,6,2
11755,7,2.119301538764296e-5,6,2
11755,19,0,6,2
11755,11,1.2337427698521668e-5,6,2
11755,3,4.614463563956332e-4,6,2
11755,12,8.605294245935544e-6,6,2
11755,9,0,6,2
11755,13,0,6,2
11808,2,0,6,2
11808,6,3.7709973972220584e-5,6,2
11808,4,2.376592911398865e-5,6,2
11808,17,4.19212185571555e-6,6,2
11808,5,2.979303443779313e-5,6,2
11808,1,0,6,2
11808,8,5.218732393269133e-5,6,2
11808,10,2.942262511603548e-7,6,2
11808,7,2.800505604795677e-5,6,2
11808,19,7.303332218357948e-7,6,2
11808,11,0,6,2
11808,3,0,6,2
11808,12,1.2370110478532344e-5,6,2
11808,9,7.965467898008093e-6,6,2
11808,13,9.267911328985774e-6,6,2
11821,2,0,3,1
11821,6,6.088877472792057e-4,3,1
11821,4,3.840073809470798e-4,3,1
11821,17,7.060415756994611e-5,3,1
11821,5,3.919876927683195e-4,3,1
11821,1,0,3,1
11821,8,1.2800174477023296e-4,3,1
11821,10,1.1916163171994368e-4,3,1
11821,7,2.4107055003443864e-4,3,1
11821,19,8.690965339845958e-5,3,1
11821,11,7.378730796615844e-5,3,1
11821,3,1.0638532712291257e-6,3,1
11821,12,6.911126941266985e-5,3,1
11821,9,1.5519814872248027e-4,3,1
11821,13,5.015575542745243e-5,3,1
11874,2,9.85888227416873e-5,3,1
11874,6,9.674286516433552e-6,3,1
11874,4,2.3015426089336376e-5,3,1
11874,17,7.942967726618936e-6,3,1
11874,5,7.140479328066122e-6,3,1
11874,1,0,3,1
11874,8,1.6357220934127136e-5,3,1
11874,10,1.23575025487349e-5,3,1
11874,7,8.325827473716877e-6,3,1
11874,19,8.763998662029538e-6,3,1
11874,11,0,3,1
11874,3,2.6596331780728137e-7,3,1
11874,12,1.2907941368903316e-5,3,1
11874,9,6.680715011232594e-6,3,1
11874,13,0,3,1
11962,2,0,3,1
11962,6,0.00184364260184605,3,1
11962,4,4.5205298851555255e-4,3,1
11962,17,4.756955116275119e-4,3,1
11962,5,0.00129094941782933,3,1
11962,1,1.3449844856039586e-6,3,1
11962,8,6.472785998218881e-4,3,1
11962,10,1.6388402189631762e-4,3,1
11962,7,7.678683610987065e-4,3,1
11962,19,2.833692900722884e-4,3,1
11962,11,2.7901567256656697e-4,3,1
11962,3,7.978899534218441e-7,3,1
11962,12,2.5439401114546955e-4,3,1
11962,9,2.1275507805002263e-4,3,1
11962,13,4.110591260032514e-4,3,1
12025,2,7.942986123722985e-5,4,3
12025,6,1.4807581402704417e-5,4,3
12025,4,0,4,3
12025,17,4.19212185571555e-6,4,3
12025,5,2.388367223525565e-5,4,3
12025,1,0,4,3
12025,8,5.1927685505165505e-6,4,3
12025,10,2.294964759050767e-5,4,3
12025,7,1.6273208244082987e-5,4,3
12025,19,1.0224665105701128e-5,4,3
12025,11,2.3725822497157057e-7,4,3
12025,3,0,4,3
12025,12,3.7648162325968007e-6,4,3
12025,9,1.181972655833459e-5,4,3
12025,13,0,4,3
12131,2,1.6165373769385974e-4,6,2
12131,6,1.1056327447352631e-5,6,2
12131,4,1.1132461532342052e-4,6,2
12131,17,7.060415756994611e-6,6,2
12131,5,1.4280958656132244e-5,6,2
12131,1,0,6,2
12131,8,9.60662181845562e-6,6,2
12131,10,0,6,2
12131,7,0,6,2
12131,19,2.921332887343179e-6,6,2
12131,11,2.3725822497157057e-7,6,2
12131,3,4.510737870011492e-4,6,2
12131,12,1.8017334827427547e-5,6,2
12131,9,0,6,2
12131,13,9.813082583631996e-6,6,2
12251,2,0,3,1
12251,6,0.00106278947587677,3,1
12251,4,0.00106071094150854,3,1
12251,17,6.641203571423055e-5,3,1
12251,5,5.562187173138403e-4,3,1
12251,1,0,3,1
12251,8,2.8430407814078115e-4,3,1
12251,10,1.0856948667817092e-4,3,1
12251,7,4.749506127052127e-4,3,1
12251,19,4.9662659084834045e-5,3,1
12251,11,1.5184526398180517e-5,3,1
12251,3,2.3936698602655325e-6,3,1
12251,12,1.5731553543350918e-4,3,1
12251,9,1.243640794398683e-4,3,1
12251,13,7.468846188653241e-5,3,1
12295,2,3.991450313428636e-7,3,1
12295,6,0.00182370172555707,3,1
12295,4,5.055888709407481e-4,3,1
12295,17,6.30362744304175e-4,3,1
12295,5,0.0012682968627196,3,1
12295,1,2.241640809339931e-7,3,1
12295,8,7.397098800210827e-4,3,1
12295,10,2.412655259514909e-4,3,1
12295,7,0.00107743776443963,3,1
12295,19,3.8780694079480706e-4,3,1
12295,11,2.6691550309301685e-4,3,1
12295,3,1.0638532712291257e-6,3,1
12295,12,5.461672691717217e-4,3,1
12295,9,2.494990106118019e-4,3,1
12295,13,5.767911874157029e-4,3,1
12365,2,2.155383169251463e-5,3,1
12365,6,0.00237138480303843,3,1
12365,4,0.0010046733823345,3,1
12365,17,4.022230601562867e-4,3,1
12365,5,0.00151722874550149,3,1
12365,1,2.241640809339931e-7,3,1
12365,8,6.124870505334272e-4,3,1
12365,10,2.536230285002258e-4,3,1
12365,7,0.00110052301334403,3,1
12365,19,2.1983029977257424e-4,3,1
12365,11,1.871967395025691e-4,3,1
12365,3,4.521376402723784e-6,3,1
12365,12,3.229674496677684e-4,3,1
12365,9,4.1805858935674734e-4,3,1
12365,13,6.542055055754664e-4,3,1
12420,2,6.865294539097253e-5,4,3
12420,6,6.156005175150983e-4,4,3
12420,4,3.7450100930148434e-4,4,3
12420,17,7.612010738009815e-5,4,3
12420,5,3.5308439160161445e-4,4,3
12420,1,2.241640809339931e-7,4,3
12420,8,2.027776118976713e-4,4,3
12420,10,1.4299395806393242e-4,4,3
12420,7,2.739954132259554e-4,4,3
12420,19,1.0589831716619024e-4,4,3
12420,11,8.304037874004968e-6,4,3
12420,3,1.0824707034756352e-4,4,3
12420,12,1.266591746823638e-4,4,3
12420,9,9.609951593080732e-5,4,3
12420,13,8.613705823410308e-5,4,3
12435,2,0,3,1
12435,6,0.00350090711243672,3,1
12435,4,6.029040964706595e-4,3,1
12435,17,8.646802922394337e-4,3,1
12435,5,0.00227288843715097,3,1
12435,1,2.91413305214191e-6,3,1
12435,8,0.00116629581644601,3,1
12435,10,2.3979439469568915e-4,3,1
12435,7,0.00166743617496348,3,1
12435,19,6.828615624164681e-4,3,1
12435,11,3.874426813785747e-4,3,1
12435,3,1.5957799068436882e-6,3,1
12435,12,6.674481349503757e-4,3,1
12435,9,4.650805450127306e-4,3,1
12435,13,9.791275733446148e-4,3,1
12450,2,3.991450313428636e-5,3,1
12450,6,6.464002868327235e-4,3,1
12450,4,3.13209928954882e-4,3,1
12450,17,1.2510174169424825e-4,3,1
12450,5,3.981432783959627e-4,3,1
12450,1,0,3,1
12450,8,1.2670355263260383e-4,3,1
12450,10,1.529976506033845e-5,3,1
12450,7,2.509101643215586e-4,3,1
12450,19,8.106698762377322e-5,3,1
12450,11,3.155534392121888e-5,3,1
12450,3,1.3298165890364068e-6,3,1
12450,12,1.3123073725051707e-4,3,1
12450,9,1.3952416350381918e-4,3,1
12450,13,1.3792832742549416e-4,3,1
12480,2,5.228799910591513e-5,3,1
12480,6,3.149078978308473e-4,3,1
12480,4,1.7711871381793646e-4,3,1
12480,17,9.641880268145763e-5,3,1
12480,5,2.161841672428295e-4,3,1
12480,1,0,3,1
12480,8,1.622740172036422e-4,3,1
12480,10,3.501292388808222e-5,3,1
12480,7,2.1003792035967575e-4,3,1
12480,19,5.5505324859520406e-5,3,1
12480,11,2.609840474687276e-5,3,1
12480,3,5.319266356145627e-7,3,1
12480,12,7.448957831637956e-5,3,1
12480,9,4.625110392391796e-5,3,1
12480,13,1.014018533641973e-4,3,1
12577,2,3.0335022382057633e-5,6,2
12577,6,5.567650607416861e-5,6,2
12577,4,3.302213308470002e-5,6,2
12577,17,9.046157688649344e-6,6,2
12577,5,5.0475802146674306e-5,6,2
12577,1,0,6,2
12577,8,3.401263400588341e-5,6,2
12577,10,5.590298772046741e-6,6,2
12577,7,2.4220589014449094e-5,6,2
12577,19,0,6,2
12577,11,7.117746749147116e-6,6,2
12577,3,7.367183903261695e-5,6,2
12577,12,2.6891544518548576e-7,6,2
12577,9,2.569505773550998e-7,6,2
12577,13,1.4719623875447994e-5,6,2
12605,2,3.1931602507429087e-6,2,5
12605,6,1.77690976832453e-6,2,5
12605,4,0,2,5
12605,17,6.336723141902663e-4,2,5
12605,5,2.7823247036947303e-5,2,5
12605,1,4.483281618679862e-7,2,5
12605,8,8.482387427268786e-4,2,5
12605,10,3.442447138576151e-4,2,5
12605,7,3.595243681832288e-5,2,5
12605,19,5.915699096869938e-4,2,5
12605,11,0.00320179974599134,2,5
12605,3,2.6596331780728137e-7,2,5
12605,12,0.00115660532974277,2,5
12605,9,0.00123618922765538,2,5
12605,13,0.00117429888250796,2,5
12617,2,1.3610845568791648e-4,3,1
12617,6,1.47483510770936e-4,3,1
12617,4,1.4384641305835235e-4,3,1
12617,17,5.493886010911431e-5,3,1
12617,5,1.3074463873114176e-4,3,1
12617,1,0,3,1
12617,8,1.3708908973363693e-4,3,1
12617,10,1.971315882774377e-5,3,1
12617,7,8.40151681438703e-5,3,1
12617,19,6.353899029971415e-5,3,1
12617,11,3.2978893271048305e-5,3,1
12617,3,1.8617432246509696e-6,3,1
12617,12,3.899273955189544e-5,3,1
12617,9,7.759907436124013e-5,3,1
12617,13,1.908099391261777e-5,3,1
12680,2,1.676409131640027e-5,3,1
12680,6,0.00205410769218315,3,1
12680,4,5.848920238790049e-4,3,1
12680,17,6.694156689600516e-4,3,1
12680,5,0.00126140260681664,3,1
12680,1,4.483281618679862e-7,3,1
12680,8,7.693086607590269e-4,3,1
12680,10,3.239431025275506e-4,3,1
12680,7,0.00127952830402894,3,1
12680,19,4.6595259553123706e-4,3,1
12680,11,3.9906833440218165e-4,3,1
12680,3,2.6596331780728137e-6,3,1
12680,12,3.805153549374624e-4,3,1
12680,9,4.147182318511311e-4,3,1
12680,13,6.803737257984851e-4,3,1
12695,2,6.865294539097253e-5,3,1
12695,6,0.00200830290704412,3,1
12695,4,0.00100217170558566,3,1
12695,17,3.854545727334245e-4,3,1
12695,5,0.00114690871414248,3,1
12695,1,2.241640809339931e-7,3,1
12695,8,3.795913810427599e-4,3,1
12695,10,1.0033115164568098e-4,3,1
12695,7,8.098759451706417e-4,3,1
12695,19,2.578076273080356e-4,3,1
12695,11,1.819770585531946e-4,3,1
12695,3,2.6596331780728137e-6,3,1
12695,12,3.4528743161816374e-4,3,1
12695,9,2.474434059929611e-4,3,1
12695,13,3.06931416365823e-4,3,1
12738,2,0.00162212540737739,6,2
12738,6,3.085899964323601e-4,6,2
12738,4,9.498866615348938e-4,6,2
12738,17,5.5380136093926474e-5,6,2
12738,5,2.3982161605297944e-4,6,2
12738,1,2.241640809339931e-7,6,2
12738,8,1.2566499892250054e-4,6,2
12738,10,6.561245400875912e-5,6,2
12738,7,1.3737615331632847e-4,6,2
12738,19,3.5786327869953944e-5,6,2
12738,11,1.3879606160836875e-4,6,2
12738,3,0.0013407210850665,6,2
12738,12,1.1455797964901e-4,6,2
12738,9,5.755692932754235e-5,6,2
12738,13,9.595014081773508e-5,6,2
12762,2,8.461874664468709e-5,3,1
12762,6,3.7196644483593496e-4,3,1
12762,4,3.3197250457118885e-4,3,1
12762,17,6.310246582813933e-5,3,1
12762,5,2.2430954027131852e-4,3,1
12762,1,0,3,1
12762,8,8.568068108352308e-5,3,1
12762,10,1.0003692539452062e-5,3,1
12762,7,1.7181480332124826e-4,3,1
12762,19,3.505599464811815e-5,3,1
12762,11,0,3,1
12762,3,1.8617432246509696e-6,3,1
12762,12,6.80356076319279e-5,3,1
12762,9,3.674393256177927e-5,3,1
12762,13,5.233644044603731e-5,3,1
12811,2,0,5,8
12811,6,6.258671072876401e-5,5,8
12811,4,1.3509054443740917e-5,5,8
12811,17,2.1181247270983832e-5,5,8
12811,5,4.77673444705113e-5,5,8
12811,1,0,5,8
12811,8,5.893792304836285e-5,5,8
12811,10,4.030899640896861e-5,5,8
12811,7,1.3624081320627616e-5,5,8
12811,19,2.556166276425282e-5,5,8
12811,11,0,5,8
12811,3,0,5,8
12811,12,1.532818037557269e-5,5,8
12811,9,2.8007612931705876e-5,5,8
12811,13,5.506229671926842e-5,5,8
12841,2,2.04761401078889e-4,6,2
12841,6,9.358391446509192e-5,6,2
12841,4,1.4384641305835235e-4,6,2
12841,17,3.574335476978522e-5,6,2
12841,5,6.623410135344093e-5,6,2
12841,1,0,6,2
12841,8,2.7781311745263542e-5,6,2
12841,10,4.531084267869464e-5,6,2
12841,7,6.471438627298118e-5,6,2
12841,19,5.185365875034143e-5,6,2
12841,11,3.606325019567872e-5,6,2
12841,3,4.244774552204211e-4,6,2
12841,12,3.146310708670184e-5,6,2
12841,9,1.5930935796016186e-5,6,2
12841,13,1.9626165167263992e-5,6,2
12856,2,4.949398388651508e-5,3,1
12856,6,0.00651039995672237,3,1
12856,4,0.00182797520037805,3,1
12856,17,0.00161992414024545,3,1
12856,5,0.00419367737640076,3,1
12856,1,2.241640809339931e-7,3,1
12856,8,0.00179410153420346,3,1
12856,10,6.278788199761971e-4,3,1
12856,7,0.00298897206306435,3,1
12856,19,0.00111960082907427,3,1
12856,11,7.070295104152802e-4,3,1
12856,3,8.909771146543926e-5,3,1
12856,12,0.00139459549873192,3,1
12856,9,7.8549791497454e-4,3,1
12856,13,0.00173255424726569,3,1
12922,2,0,4,3
12922,6,1.042453730750391e-4,4,3
12922,4,2.4516432138640925e-5,4,3
12922,17,2.9124214997602767e-5,4,3
12922,5,1.2114192515201836e-4,4,3
12922,1,0,4,3
12922,8,8.334393523579064e-5,4,3
12922,10,6.414132275295734e-5,4,3
12922,7,8.817808188072874e-5,4,3
12922,19,8.106698762377322e-5,4,3
12922,11,2.3725822497157057e-7,4,3
12922,3,2.6596331780728137e-7,4,3
12922,12,1.5059264930387205e-5,4,3
12922,9,3.828563602590987e-5,4,3
12922,13,2.180685018584888e-5,4,3
12927,2,0,6,2
12927,6,5.488676839935771e-5,6,2
12927,4,0,6,2
12927,17,1.8974867346923014e-5,6,2
12927,5,4.727489762029984e-5,6,2
12927,1,0,6,2
12927,8,4.5436724817019816e-5,6,2
12927,10,2.765726760907335e-5,6,2
12927,7,3.822311703842747e-5,6,2
12927,19,4.016832720096871e-5,6,2
12927,11,1.2337427698521668e-5,6,2
12927,3,0,6,2
12927,12,1.586601126594366e-5,6,2
12927,9,9.250220784783593e-6,6,2
12927,13,1.7990651403325325e-5,6,2
13016,2,9.619395255363012e-5,3,1
13016,6,2.665364652486795e-5,3,1
13016,4,9.006036295827279e-5,3,1
13016,17,1.8312953369704772e-5,3,1
13016,5,2.979303443779313e-5,3,1
13016,1,0,3,1
13016,8,3.738793356371917e-5,3,1
13016,10,2.8539946362554415e-5,3,1
13016,7,7.568934067015342e-6,3,1
13016,19,3.3595328204446564e-5,3,1
13016,11,0,3,1
13016,3,2.6596331780728137e-7,3,1
13016,12,1.0756617807419432e-5,3,1
13016,9,3.879953718062007e-5,3,1
13016,13,2.671339147766488e-5,3,1
13500,2,2.031648209535176e-4,3,1
13500,6,0.00478738978470369,3,1
13500,4,0.001482743809038,3,1
13500,17,0.00112944588312673,3,1
13500,5,0.00318194532264132,3,1
13500,1,2.241640809339931e-7,3,1
13500,8,0.00115565064091745,3,1
13500,10,3.47481202620379e-4,3,1
13500,7,0.00220104602668806,3,1
13500,19,9.099951944074004e-4,3,1
13500,11,4.339452934730025e-4,3,1
13500,3,1.7261019325692562e-4,3,1
13500,12,0.00111868825197162,3,1
13500,9,6.238760018181823e-4,3,1
13500,13,0.00124190011808409,3,1
13593,2,0,3,1
13593,6,0.00114057863684564,3,1
13593,4,3.95515093991748e-4,3,1
13593,17,4.008992322018502e-4,3,1
13593,5,7.416249564184537e-4,3,1
13593,1,2.241640809339931e-7,3,1
13593,8,3.2039381956687116e-4,3,1
13593,10,2.000738507890413e-4,3,1
13593,7,5.105246028201849e-4,3,1
13593,19,2.9870628773084006e-4,3,1
13593,11,2.600350145688413e-4,3,1
13593,3,1.31385878996797e-4,3,1
13593,12,2.6568845984325997e-4,3,1
13593,9,1.7498334317882295e-4,3,1
13593,13,2.6004668846624793e-4,3,1
13616,2,1.995725156714318e-6,4,3
13616,6,1.4037587169763788e-4,4,3
13616,4,1.6010731192581828e-5,4,3
13616,17,2.360826518745073e-5,4,3
13616,5,8.346974111084191e-5,4,3
13616,1,0,4,3
13616,8,4.985057808495889e-5,4,3
13616,10,1.529976506033845e-5,4,3
13616,7,7.682468078020572e-5,4,3
13616,19,2.0449330211402256e-5,4,3
13616,11,2.3725822497157057e-7,4,3
13616,3,0,4,3
13616,12,4.383321756523418e-5,4,3
13616,9,3.520222909764867e-5,4,3
13616,13,6.323986553896176e-5,4,3
13751,2,0,3,1
13751,6,8.746344748530742e-5,3,1
13751,4,4.878269660239775e-5,3,1
13751,17,6.839777764588529e-6,3,1
13751,5,4.850601474582848e-5,3,1
13751,1,0,3,1
13751,8,3.245480344072844e-5,3,1
13751,10,2.1184290083545545e-5,3,1
13751,7,4.881962473224896e-5,3,1
13751,19,1.6067330880387485e-5,3,1
13751,11,0,3,1
13751,3,2.6596331780728137e-7,3,1
13751,12,2.0706489279282405e-5,3,1
13751,9,1.7986540414856986e-5,3,1
13751,13,0,3,1
13765,2,4.70991136984579e-5,7,6
13765,6,1.3603231448617792e-4,7,6
13765,4,2.0513749340495468e-5,7,6
13765,17,5.03054622685866e-5,7,6
13765,5,1.799893237522874e-4,7,6
13765,1,0,7,6
13765,8,8.879634221383302e-5,7,6
13765,10,8.356025532954076e-5,7,6
13765,7,8.2879828033818e-5,7,6
13765,19,6.499965674338574e-5,7,6
13765,11,2.2065014922356055e-5,7,6
13765,3,0,7,6
13765,12,1.1294448697790402e-5,7,6
13765,9,9.301610900254612e-5,7,6
13765,13,2.180685018584888e-5,7,6
13968,2,9.779053267900156e-5,3,1
13968,6,5.861827891283922e-4,3,1
13968,4,3.925130818931389e-4,3,1
13968,17,7.965031525859545e-5,3,1
13968,5,2.9743789752771985e-4,3,1
13968,1,0,3,1
13968,8,1.3241559803817203e-4,3,1
13968,10,2.0007385078904124e-5,3,1
13968,7,1.888449049720328e-4,3,1
13968,19,5.5505324859520406e-5,3,1
13968,11,5.0061485469001385e-5,3,1
13968,3,7.978899534218441e-7,3,1
13968,12,9.65406448215894e-5,3,1
13968,9,8.916185034221962e-5,3,1
13968,13,5.070092668209865e-5,3,1
14012,2,9.619395255363012e-5,4,3
14012,6,1.2102729866477078e-4,4,3
14012,4,3.827565425726593e-5,4,3
14012,17,1.2135089582334489e-5,4,3
14012,5,9.676580606655123e-5,4,3
14012,1,0,4,3
14012,8,7.217948285218005e-5,4,3
14012,10,3.148220887415796e-5,4,3
14012,7,5.487477198586123e-5,4,3
14012,19,6.280865707787835e-5,4,3
14012,11,2.3725822497157057e-7,4,3
14012,3,1.5319487105699408e-4,4,3
14012,12,3.495900787411315e-5,4,3
14012,9,5.832778105960765e-5,4,3
14012,13,3.271027527877332e-5,4,3
14340,2,2.9536732319371905e-5,3,1
14340,6,0.004686895665584,3,1
14340,4,0.00103244199424664,3,1
14340,17,8.375418191734857e-4,3,1
14340,5,0.00300220222231414,3,1
14340,1,0,3,1
14340,8,0.00145345591728958,3,1
14340,10,4.657601555868416e-4,3,1
14340,7,0.00217985301130041,3,1
14340,19,7.566252178218834e-4,3,1
14340,11,5.210190620375689e-4,3,1
14340,3,3.723486449301939e-6,3,1
14340,12,6.80356076319279e-4,3,1
14340,9,8.751736664714698e-4,3,1
14340,13,0.00100475062231298,3,1
14368,2,1.875981647311459e-5,3,1
14368,6,5.705854700508768e-5,3,1
14368,4,0,3,1
14368,17,1.1031899620304078e-5,3,1
14368,5,8.642442221211065e-5,3,1
14368,1,0,3,1
14368,8,2.8819865455366856e-5,3,1
14368,10,2.942262511603548e-7,3,1
14368,7,3.633088352167364e-5,3,1
14368,19,4.9662659084834045e-5,3,1
14368,11,8.304037874004968e-6,3,1
14368,3,0,3,1
14368,12,2.1244320169653375e-5,3,1
14368,9,4.3938548727722066e-5,3,1
14368,13,5.070092668209865e-5,3,1
14888,2,0.00183207569386374,6,2
14888,6,0.00109753793356845,6,2
14888,4,0.00137642254721226,6,2
14888,17,3.83910106786582e-4,6,2
14888,5,6.377186710238364e-4,6,2
14888,1,0,6,2
14888,8,3.572624762755387e-4,6,2
14888,10,1.3710943304072533e-4,6,2
14888,7,6.327628880024826e-4,6,2
14888,19,3.1769495149857073e-4,6,2
14888,11,1.409313856331129e-4,6,2
14888,3,0.00170748450032274,6,2
14888,12,3.092527619633086e-4,6,2
14888,9,1.0869009422120722e-4,6,2
14888,13,3.592678568118603e-4,6,2
15146,2,8.621532677005854e-5,6,2
15146,6,9.950694702617367e-5,6,2
15146,4,1.1107444764853644e-4,6,2
15146,17,2.5814645111511544e-5,6,2
15146,5,1.64969694820838e-4,6,2
15146,1,0,6,2
15146,8,5.400479292537213e-5,6,2
15146,10,4.119167516244967e-5,6,2
15146,7,6.092991923947351e-5,6,2
15146,19,3.067399531710338e-5,6,2
15146,11,2.0641465572526635e-5,6,2
15146,3,1.515990911501504e-4,6,2
15146,12,3.334551520300024e-5,6,2
15146,9,2.209774965253858e-5,6,2
15146,13,2.671339147766488e-5,6,2
15287,2,1.1575205908943044e-5,7,6
15287,6,1.2754263448196072e-4,7,6
15287,4,2.351576143910456e-5,7,6
15287,17,4.942291029896227e-5,7,6
15287,5,1.3616155408346776e-4,7,6
15287,1,0,7,6
15287,8,9.632585661208202e-5,7,6
15287,10,7.35565627900887e-5,7,6
15287,7,1.0066682309130405e-4,7,6
15287,19,3.943799397913292e-5,7,6
15287,11,3.2029860371162025e-5,7,6
15287,3,0,7,6
15287,12,1.4790349485201718e-5,7,6
15287,9,7.939772840272583e-5,7,6
15287,13,3.7071645315943095e-5,7,6
15360,2,2.31104973147518e-4,6,2
15360,6,7.380098571107881e-4,6,2
15360,4,5.698819633859594e-4,6,2
15360,17,9.09028528713056e-5,6,2
15360,5,4.136553541776236e-4,6,2
15360,1,0,6,2
15360,8,3.009209375024341e-4,6,2
15360,10,3.8837865153166834e-5,6,2
15360,7,3.2697795169506276e-4,6,2
15360,19,2.8482995651595996e-5,6,2
15360,11,8.351489518999283e-5,6,2
15360,3,5.361820486994793e-4,6,2
15360,12,1.1025533252604916e-4,6,2
15360,9,1.444062244735661e-4,6,2
15360,13,1.3847349868014038e-4,6,2
15388,2,0,3,1
15388,6,6.983255389515403e-4,3,1
15388,4,3.052045633585911e-4,3,1
15388,17,1.6900870218305848e-4,3,1
15388,5,4.6437737974940366e-4,3,1
15388,1,0,3,1
15388,8,2.313378389255123e-4,3,1
15388,10,1.0327341415728452e-4,3,1
15388,7,3.6898553576699794e-4,3,1
15388,19,8.325798728928061e-5,3,1
15388,11,9.703861401337236e-5,3,1
15388,3,1.3936477853101546e-4,3,1
15388,12,1.1186882519716207e-4,3,1
15388,9,1.5905240738280676e-4,3,1
15388,13,1.4338003997195638e-4,3,1
15426,2,2.833929722534331e-5,3,1
15426,6,3.020746606151701e-5,3,1
15426,4,3.277196540981593e-5,3,1
15426,17,2.4490817157075056e-5,3,1
15426,5,4.579755706966547e-5,3,1
15426,1,0,3,1
15426,8,3.3752995578357578e-6,3,1
15426,10,1.5593991311498805e-5,3,1
15426,7,9.839614287119944e-6,3,1
15426,19,3.505599464811815e-5,3,1
15426,11,2.4437597172071765e-5,3,1
15426,3,2.6596331780728137e-7,3,1
15426,12,3.146310708670184e-5,3,1
15426,9,1.3875331177175388e-5,3,1
15426,13,4.034267284382043e-5,3,1
15589,2,1.1535291405808758e-4,7,6
15589,6,6.693026794022396e-5,7,6
15589,4,2.6517773537713657e-5,7,6
15589,17,7.060415756994611e-6,7,6
15589,5,7.411325095682422e-5,7,6
15589,1,0,7,6
15589,8,2.310782004979865e-5,7,6
15589,10,0,7,6
15589,7,2.8383502751307537e-5,7,6
15589,19,2.7752662429760203e-5,7,6
15589,11,0,7,6
15589,3,2.7128258416342705e-5,7,6
15589,12,8.067463355564573e-7,7,6
15589,9,3.648698198442417e-5,7,6
15589,13,3.816198782523554e-5,7,6
15687,2,0,3,1
15687,6,6.404772542716417e-4,3,1
15687,4,4.1002481913502526e-4,3,1
15687,17,3.750845870903387e-6,3,1
15687,5,2.6665996938950376e-4,3,1
15687,1,0,3,1
15687,8,9.970115616991778e-5,3,1
15687,10,0,3,1
15687,7,1.9376471211559275e-4,3,1
15687,19,0,3,1
15687,11,1.1862911248578528e-5,3,1
15687,3,1.3298165890364068e-6,3,1
15687,12,5.216959636598424e-5,3,1
15687,9,4.1882944108881266e-5,3,1
15687,13,1.090342509292444e-6,3,1
15688,2,0,6,2
15688,6,2.4284433500435245e-5,6,2
15688,4,0,6,2
15688,17,2.8682939012790604e-6,6,2
15688,5,3.693351376585925e-5,6,2
15688,1,0,6,2
15688,8,2.103071262959203e-5,6,2
15688,10,1.5005538809178094e-5,6,2
15688,7,2.0436121980941422e-5,6,2
15688,19,5.112332552850564e-6,6,2
15688,11,1.9692432672640355e-5,6,2
15688,3,0,6,2
15688,12,3.7110331435597035e-5,6,2
15688,9,4.625110392391796e-6,6,2
15688,13,1.1448596347570664e-5,6,2
15742,2,2.977621933817762e-4,6,2
15742,6,8.462039185598817e-4,6,2
15742,4,7.162300531931527e-4,6,2
15742,17,1.114221861650712e-4,6,2
15742,5,4.40493707514148e-4,6,2
15742,1,0,6,2
15742,8,2.3159747735303817e-4,6,2
15742,10,7.032007402732479e-5,6,2
15742,7,3.8374495719767e-4,6,2
15742,19,9.275231917314594e-5,6,2
15742,11,1.5872575250598067e-4,6,2
15742,3,2.1117487433898143e-4,6,2
15742,12,1.2047411944309762e-4,6,2
15742,9,1.0483583556088072e-4,6,2
15742,13,9.595014081773508e-5,6,2
15826,2,8.142558639394417e-5,3,1
15826,6,2.7245949780976128e-5,3,1
15826,4,4.978336730193412e-5,3,1
15826,17,1.3458917536770976e-5,3,1
15826,5,2.95468110126874e-5,3,1
15826,1,0,3,1
15826,8,1.973252049196289e-5,3,1
15826,10,2.1184290083545545e-5,3,1
15826,7,2.005767527759066e-5,3,1
15826,19,5.842665774686358e-6,3,1
15826,11,1.5421784623152085e-5,3,1
15826,3,2.6596331780728137e-7,3,1
15826,12,0,3,1
15826,9,1.4132281754530488e-5,3,1
15826,13,0,3,1
15851,2,3.991450313428636e-5,3,1
15851,6,0.02117977726633488,3,1
15851,4,0.01016156078611689,3,1
15851,17,0.00441783452194697,3,1
15851,5,0.01269675713900198,3,1
15851,1,1.5691485665379516e-6,3,1
15851,8,0.00535296546029998,3,1
15851,10,0.00208282763196415,3,1
15851,7,0.00848136906879404,3,1
15851,19,0.00365385710884448,3,1
15851,11,0.00190115015669719,3,1
15851,3,4.002747932999585e-4,3,1
15851,12,0.00308876280340048,3,1
15851,9,0.00307518450978583,3,1
15851,13,0.00382328600883395,3,1
15882,2,5.827517457605808e-5,3,1
15882,6,0.00198974407168606,3,1
15882,4,6.589416556446959e-4,3,1
15882,17,7.417849304692462e-4,3,1
15882,5,0.00132295846309307,3,1
15882,1,0,3,1
15882,8,4.408660499388551e-4,3,1
15882,10,1.627071168916762e-4,3,1
15882,7,9.188685957356624e-4,3,1
15882,19,6.346595697753057e-4,3,1
15882,11,4.920735585910372e-4,3,1
15882,3,1.5957799068436882e-6,3,1
15882,12,4.964179118124067e-4,3,1
15882,9,3.2067432053916456e-4,3,1
15882,13,0.00101510887615126,3,1
16355,2,0,4,3
16355,6,4.232993936986436e-4,4,3
16355,4,1.4159490398439557e-4,4,3
16355,17,1.1583494601319283e-4,4,3
16355,5,2.504092233325257e-4,4,3
16355,1,0,4,3
16355,8,1.3189632118312038e-4,4,3
16355,10,6.325864399947627e-5,4,3
16355,7,1.3056411265601465e-4,4,3
16355,19,1.7454964001875495e-4,4,3
16355,11,1.352371882337952e-5,4,3
16355,3,4.3617984120394144e-5,4,3
16355,12,5.136285003042778e-5,4,3
16355,9,7.117530992736265e-5,4,3
16355,13,9.267911328985774e-5,4,3
16393,2,0,3,1
16393,6,0.00331571362769357,3,1
16393,4,6.414299184028095e-4,3,1
16393,17,9.454337974600595e-4,3,1
16393,5,0.00219261960056651,3,1
16393,1,0,3,1
16393,8,8.778375234648229e-4,3,1
16393,10,5.328437408514025e-4,3,1
16393,7,0.00144263883317312,3,1
16393,19,6.40502235549992e-4,3,1
16393,11,3.390420034843743e-4,3,1
16393,3,3.457523131494658e-6,3,1
16393,12,6.421700831029401e-4,3,1
16393,9,4.979702189141834e-4,3,1
16393,13,8.711836649246627e-4,3,1
16419,2,1.2134008952823052e-4,3,1
16419,6,2.0572666428824004e-4,3,1
16419,4,7.480013479034322e-5,3,1
16419,17,1.0215539048401575e-4,3,1
16419,5,1.3049841530603603e-4,3,1
16419,1,0,3,1
16419,8,7.659333612011913e-5,3,1
16419,10,1.176905004641419e-5,3,1
16419,7,1.1429090441193166e-4,3,1
16419,19,1.8988663767730663e-4,3,1
16419,11,4.91124525691151e-5,3,1
16419,3,7.978899534218441e-7,3,1
16419,12,5.028718824968584e-5,3,1
16419,9,4.830670854275876e-5,3,1
16419,13,6.651089306683908e-5,3,1
16420,2,3.991450313428636e-7,3,1
16420,6,0.0029850109763665,3,1
16420,4,0.00101968344282755,3,1
16420,17,0.00103324771843768,3,1
16420,5,0.00195427532506416,3,1
16420,1,0,3,1
16420,8,0.00103024528042248,3,1
16420,10,3.2894494879727665e-4,3,1
16420,7,0.00151378681340306,3,1
16420,19,7.478612191598538e-4,3,1
16420,11,5.831807169801203e-4,3,1
16420,3,3.457523131494658e-6,3,1
16420,12,9.409351427040148e-4,3,1
16420,9,5.051648350801261e-4,3,1
16420,13,0.00128660416096508,3,1
16676,2,3.592305282085772e-5,2,5
16676,6,3.3958720016868795e-5,2,5
16676,4,2.9769953311206836e-5,2,5
16676,17,0.00105531151767828,2,5
16676,5,0.00168736913224955,2,5
16676,1,5.155773861481841e-6,2,5
16676,8,0.00175515577007459,2,5
16676,10,0.00242501276206364,2,5
16676,7,9.18111702328961e-4,2,5
16676,19,0.00322515150762686,2,5
16676,11,0.00206675639772735,2,5
16676,3,2.6596331780728137e-7,2,5
16676,12,0.00182808719637093,2,5
16676,9,0.00281720613012131,2,5
16676,13,0.00143870694101137,2,5
16716,2,0,4,3
16716,6,9.615056190822736e-5,4,3
16716,4,2.5016767488409105e-5,4,3
16716,17,1.9416143331735175e-5,4,3
16716,5,9.258000783975384e-5,4,3
16716,1,0,4,3
16716,8,4.829274751980392e-5,4,3
16716,10,3.442447138576151e-5,4,3
16716,7,4.1250690665233616e-5,4,3
16716,19,1.8988663767730665e-5,4,3
16716,11,2.3725822497157057e-7,4,3
16716,3,0,4,3
16716,12,6.7228861296371446e-6,4,3
16716,9,2.8007612931705876e-5,4,3
16716,13,4.143301535311287e-5,4,3
16747,2,6.865294539097253e-5,3,1
16747,6,2.0138310707678007e-5,3,1
16747,4,5.9289738947529584e-5,3,1
16747,17,1.566529746083179e-5,3,1
16747,5,2.9300587587581673e-5,3,1
16747,1,0,3,1
16747,8,2.856022702784103e-6,3,1
16747,10,2.942262511603548e-7,3,1
16747,7,3.784467033507671e-6,3,1
16747,19,2.6291995986088613e-5,3,1
16747,11,0,3,1
16747,3,2.6596331780728137e-7,3,1
16747,12,0,3,1
16747,9,2.8264563509060976e-6,3,1
16747,13,2.780373398695732e-5,3,1
16799,2,0,3,1
16799,6,0.00490881195220586,3,1
16799,4,0.00135190611507362,3,1
16799,17,0.0012662414384185,3,1
16799,5,0.00296674604909892,3,1
16799,1,2.241640809339931e-7,3,1
16799,8,0.00133350296377265,3,1
16799,10,4.972423644609995e-4,3,1
16799,7,0.00195619100962011,3,1
16799,19,8.084788765722248e-4,3,1
16799,11,6.142615444513961e-4,3,1
16799,3,7.181009580796597e-6,3,1
16799,12,0.0011765050726865,3,1
16799,9,5.58867505747342e-4,3,1
16799,13,0.00103418987006388,3,1
16859,2,0,4,3
16859,6,3.7749460855961126e-4,4,3
16859,4,1.623588209997751e-4,4,3
16859,17,6.81771396534792e-5,4,3
16859,5,2.188926249189925e-4,4,3
16859,1,0,4,3
16859,8,6.12746688960953e-5,4,3
16859,10,1.5593991311498805e-5,4,3
16859,7,1.6159674233077757e-4,4,3
16859,19,5.185365875034143e-5,4,3
16859,11,4.745164499431411e-7,4,3
16859,3,1.0638532712291257e-6,4,3
16859,12,2.5815882737806635e-5,4,3
16859,9,5.6272176440766856e-5,4,3
16859,13,1.7445480148679103e-5,4,3
16863,2,1.0377770814914453e-5,3,1
16863,6,7.63281462704737e-4,3,1
16863,4,2.6492756770225243e-4,3,1
16863,17,1.3083832949680637e-4,3,1
16863,5,4.732414230532098e-4,3,1
16863,1,0,3,1
16863,8,2.0589327302798123e-4,3,1
16863,10,4.9135783943779246e-5,3,1
16863,7,2.7550920003935846e-4,3,1
16863,19,7.522432184908686e-5,3,1
16863,11,6.666956121701132e-5,3,1
16863,3,5.319266356145627e-7,3,1
16863,12,1.6134926711129148e-4,3,1
16863,9,1.140860563456643e-4,3,1
16863,13,1.2211836104075374e-4,3,1
16892,2,4.901500984890364e-4,4,3
16892,6,1.3820409309190789e-5,4,3
16892,4,3.9576526166663206e-4,4,3
16892,17,1.6194828642606389e-4,4,3
16892,5,1.895920373314108e-4,4,3
16892,1,2.241640809339931e-7,4,3
16892,8,2.0641254988303288e-4,4,3
16892,10,3.724904339690092e-4,4,3
16892,7,1.3510547309622385e-4,4,3
16892,19,3.7466094280176273e-4,4,3
16892,11,1.739102789041612e-4,4,3
16892,3,7.968261001506151e-4,4,3
16892,12,2.8316796378031653e-4,4,3
16892,9,3.725783371648947e-4,4,3
16892,13,1.4719623875447994e-4,4,3
17040,2,1.3770503581328795e-4,3,1
17040,6,0.00284424023583146,3,1
17040,4,0.00143921463360817,3,1
17040,17,3.757465010675569e-4,3,1
17040,5,0.00161867279664505,3,1
17040,1,0,3,1
17040,8,5.301816690077398e-4,3,1
17040,10,2.0419301830528624e-4,3,1
17040,7,9.548210325539856e-4,3,1
17040,19,2.103359678887089e-4,3,1
17040,11,2.1115982022469775e-4,3,1
17040,3,1.0053413413115236e-4,3,1
17040,12,4.25693149728624e-4,3,1
17040,9,3.491958346255806e-4,3,1
17040,13,4.132398110218363e-4,3,1
17224,2,1.9558106535800315e-5,3,1
17224,6,0.00175045355621836,3,1
17224,4,5.278537940054322e-4,3,1
17224,17,4.681938198857051e-4,3,1
17224,5,0.001173747067479,3,1
17224,1,0,3,1
17224,8,4.940919275816498e-4,3,1
17224,10,1.8124337071477855e-4,3,1
17224,7,7.379710715339959e-4,3,1
17224,19,3.1769495149857073e-4,3,1
17224,11,1.7533382825399063e-4,3,1
17224,3,1.3298165890364068e-6,3,1
17224,12,3.727168070270833e-4,3,1
17224,9,2.507837634985774e-4,3,1
17224,13,3.31464122824903e-4,3,1
17483,2,0,3,1
17483,6,0.00233347739464751,3,1
17483,4,8.768377004687392e-4,3,1
17483,17,2.901389600139973e-4,3,1
17483,5,0.00145912001717654,3,1
17483,1,0,3,1
17483,8,5.992454907296099e-4,3,1
17483,10,1.8653944323566497e-4,3,1
17483,7,8.79131691883832e-4,3,1
17483,19,1.7893163934976973e-4,3,1
17483,11,1.2693315035979024e-4,3,1
17483,3,1.1463018997493828e-4,3,1
17483,12,1.836692490616868e-4,3,1
17483,9,2.947223122262995e-4,3,1
17483,13,2.142523030759653e-4,3,1
17629,2,3.312903760145768e-5,5,8
17629,6,5.429446514324953e-5,5,8
17629,4,6.504359546986368e-6,5,8
17629,17,1.2135089582334489e-5,5,8
17629,5,6.180207970153781e-5,5,8
17629,1,0,5,8
17629,8,2.9858419165470167e-5,5,8
17629,10,1.9418932576583417e-5,5,8
17629,7,2.005767527759066e-5,5,8
17629,19,2.4831329542417023e-5,5,8
17629,11,0,5,8
17629,3,0,5,8
17629,12,0,5,8
17629,9,1.3875331177175388e-5,5,8
17629,13,1.090342509292444e-5,5,8
17656,2,0,3,1
17656,6,2.0710870521915912e-4,3,1
17656,4,9.881623157921597e-5,3,1
17656,17,4.125930457993725e-5,3,1
17656,5,1.1966458460138396e-4,3,1
17656,1,0,3,1
17656,8,1.6071618663848726e-4,3,1
17656,10,2.1772742585866253e-5,3,1
17656,7,1.3964683353643307e-4,3,1
17656,19,3.213466176077497e-5,3,1
17656,11,0,3,1
17656,3,0,3,1
17656,12,2.178215106002435e-5,3,1
17656,9,2.8521514086416076e-5,3,1
17656,13,4.633955664492887e-5,3,1
17729,2,0,3,1
17729,6,0.00225726770902826,3,1
17729,4,7.792723072639437e-4,3,1
17729,17,5.718936763165635e-4,3,1
17729,5,0.00143769857919234,3,1
17729,1,2.241640809339931e-7,3,1
17729,8,7.215351900942747e-4,3,1
17729,10,2.4450201471425484e-4,3,1
17729,7,0.00125530771501449,3,1
17729,19,3.3011061626977924e-4,3,1
17729,11,2.9372568251480433e-4,3,1
17729,3,2.9255964958800953e-6,3,1
17729,12,4.6656829739681783e-4,3,1
17729,9,3.633281163801111e-4,3,1
17729,13,7.136291723319046e-4,3,1
17845,2,1.7562381379086e-5,7,6
17845,6,7.008921863946757e-5,7,6
17845,4,3.027028866097502e-5,7,6
17845,17,2.0519333293765587e-5,7,6
17845,5,6.352564367727791e-5,7,6
17845,1,0,7,6
17845,8,1.999215891948872e-5,7,6
17845,10,2.1772742585866253e-5,7,6
17845,7,2.232835549769526e-5,7,6
17845,19,4.089866042280451e-5,7,6
17845,11,1.4235493498294232e-5,7,6
17845,3,1.4654578811181204e-4,7,6
17845,12,2.6891544518548576e-7,7,6
17845,9,1.0021072516848893e-5,7,6
17845,13,3.380061778806576e-5,7,6
17947,2,0,7,6
17947,6,3.158950699243609e-5,7,6
17947,4,4.402951077960003e-5,7,6
17947,17,1.9416143331735175e-5,7,6
17947,5,2.8808140737370216e-5,7,6
17947,1,0,7,6
17947,8,2.4925289042479444e-5,7,6
17947,10,8.826787534810643e-6,7,6
17947,7,1.324563461727685e-5,7,6
17947,19,6.572998996522153e-6,7,6
17947,11,1.3760977048351092e-5,7,6
17947,3,0,7,6
17947,12,5.378308903709715e-7,7,6
17947,9,4.4966351037142465e-5,7,6
17947,13,1.5264795130094218e-5,7,6
18198,2,9.379908236557294e-5,3,1
18198,6,0.00133801305554837,3,1
18198,4,3.4573172668981385e-4,3,1
18198,17,2.764594044848202e-4,3,1
18198,5,8.140146433995379e-4,3,1
18198,1,2.241640809339931e-7,3,1
18198,8,3.139028588787255e-4,3,1
18198,10,1.0621567666888808e-4,3,1
18198,7,5.339882984279324e-4,3,1
18198,19,1.971899698956646e-4,3,1
18198,11,1.2384879343515983e-4,3,1
18198,3,5.319266356145627e-7,3,1
18198,12,3.762127078144946e-4,3,1
18198,9,1.8063625588063512e-4,3,1
18198,13,1.935357953994088e-4,3,1
18343,2,5.3884579231286586e-5,7,6
18343,6,1.972369842840228e-4,7,6
18343,4,5.1784708701006847e-5,7,6
18343,17,3.728782071662779e-5,7,6
18343,5,2.1938507176920392e-4,7,6
18343,1,0,7,6
18343,8,9.528730290197872e-5,7,6
18343,10,5.796257147858989e-5,7,6
18343,7,7.568934067015342e-5,7,6
18343,19,1.0662865038802604e-4,7,6
18343,11,3.440244262087773e-5,7,6
18343,3,1.1915156637766204e-4,7,6
18343,12,8.067463355564572e-6,7,6
18343,9,1.384963611943988e-4,7,6
18343,13,4.306852911705154e-5,7,6
18379,2,0,2,5
18379,6,1.77690976832453e-5,2,5
18379,4,1.651106654235001e-5,2,5
18379,17,6.162419127901859e-4,2,5
18379,5,0.00114715493756758,2,5
18379,1,0,2,5
18379,8,0.0011922596591986,2,5
18379,10,0.0017432905381251,2,5
18379,7,6.407102687728488e-4,2,5
18379,19,0.00147673377455197,2,5
18379,11,0.0010372929595757,2,5
18379,3,0,2,5
18379,12,0.00137066202411042,2,5
18379,9,0.00229071439712071,2,5
18379,13,0.00103964158261034,2,5
18414,2,1.269281199670306e-4,3,1
18414,6,2.8312095641970845e-4,3,1
18414,4,2.461649920859456e-4,3,1
18414,17,5.846906798761162e-5,3,1
18414,5,2.0362677256243733e-4,3,1
18414,1,0,3,1
18414,8,1.0904813956084756e-4,3,1
18414,10,8.414870783186146e-5,3,1
18414,7,1.9490005222564503e-4,3,1
18414,19,3.797732753546133e-5,3,1
18414,11,5.1959551268773945e-5,3,1
18414,3,5.319266356145627e-7,3,1
18414,12,7.126259297415373e-5,3,1
18414,9,1.0740534133443173e-4,3,1
18414,13,1.1830216225823016e-4,3,1
18426,2,5.987175470142954e-5,6,2
18426,6,6.475848933449398e-5,6,2
18426,4,9.481354878107051e-5,6,2
18426,17,2.0078057308953423e-5,6,2
18426,5,6.057096257600917e-5,6,2
18426,1,0,6,2
18426,8,4.3619255824339025e-5,6,2
18426,10,6.11990602413538e-5,6,2
18426,7,4.7684284622196654e-5,6,2
18426,19,3.943799397913292e-5,6,2
18426,11,0,6,2
18426,3,2.234091869581164e-4,6,2
18426,12,6.7228861296371446e-6,6,2
18426,9,1.7986540414856986e-5,6,2
18426,13,1.5264795130094218e-5,6,2
18504,2,1.8759816473114588e-4,3,1
18504,6,0.00446655885431176,3,1
18504,4,0.00121456406156226,3,1
18504,17,0.00120335961058276,3,1
18504,5,0.00295566599496916,3,1
18504,1,2.241640809339931e-7,3,1
18504,8,0.00125742890450758,3,1
18504,10,4.4781235426606e-4,3,1
18504,7,0.00199895548709875,3,1
18504,19,7.909508792481658e-4,3,1
18504,11,6.830664296931516e-4,3,1
18504,3,3.989449767109221e-6,3,1
18504,12,9.984830479737089e-4,3,1
18504,9,7.091835935000754e-4,3,1
18504,13,0.00103528021257317,3,1
18584,2,8.062729633125844e-5,4,3
18584,6,4.462017862681598e-5,4,3
18584,4,1.285861848904228e-4,4,3
18584,17,9.046157688649344e-6,4,3
18584,5,3.4471279514801966e-05,4,3
18584,1,0,4,3
18584,8,8.568068108352308e-6,4,3
18584,10,4.531084267869464e-5,4,3
18584,7,1.6273208244082987e-5,4,3
18584,19,3.067399531710338e-5,4,3
18584,11,2.3725822497157057e-7,4,3
18584,3,1.0931092361879264e-4,4,3
18584,12,0,4,3
18584,9,1.284752886775499e-5,4,3
18584,13,2.9439247750895988e-5,4,3
18718,2,2.227229274893179e-4,3,1
18718,6,0.00429400117236557,3,1
18718,4,0.00112250235720491,3,1
18718,17,0.00127617014807677,3,1
18718,5,0.00293941524891218,3,1
18718,1,2.241640809339931e-7,3,1
18718,8,0.00129949032976676,3,1
18718,10,7.994127244026839e-4,3,1
18718,7,0.00214503591459214,3,1
18718,19,8.778605326466253e-4,3,1
18718,11,7.336024316120961e-4,3,1
18718,3,2.037279014403775e-4,3,1
18718,12,0.00107969551241972,3,1
18718,9,0.0011164502586079,3,1
18718,13,0.00142780351591845,3,1
18733,2,1.5965801253714545e-5,3,1
18733,6,7.245843166390028e-5,3,1
18733,4,1.6761234217234103e-5,3,1
18733,17,1.2135089582334489e-5,3,1
18733,5,7.608303835767005e-5,3,1
18733,1,0,3,1
18733,8,2.622348118010858e-5,3,1
18733,10,5.884525023207096e-7,3,1
18733,7,4.5413604402092055e-5,3,1
18733,19,8.033665440193743e-6,3,1
18733,11,1.1388394798635383e-5,3,1
18733,3,0,3,1
18733,12,1.8017334827427547e-5,3,1
18733,9,5.6272176440766856e-5,3,1
18733,13,7.632397565047109e-6,3,1
18735,2,0,3,1
18735,6,5.891443054089331e-4,3,1
18735,4,2.0513749340495468e-4,3,1
18735,17,2.2240309634533024e-4,3,1
18735,5,4.5305110219454015e-4,3,1
18735,1,0,3,1
18735,8,2.048547193178779e-4,3,1
18735,10,6.031638148787273e-5,3,1
18735,7,3.969905918149547e-4,3,1
18735,19,9.494331883865332e-5,3,1
18735,11,9.466603176365664e-5,3,1
18735,3,5.319266356145627e-7,3,1
18735,12,1.6457625245351728e-4,3,1
18735,9,1.320725967605213e-4,3,1
18735,13,1.537382938102346e-4,3,1
18938,2,2.7141862131314723e-5,3,1
18938,6,0.00330959316071378,3,1
18938,4,8.280550038663415e-4,3,1
18938,17,0.00192572839772028,3,1
18938,5,0.00240166328848127,3,1
18938,1,2.241640809339931e-7,3,1
18938,8,0.00133454151748275,3,1
18938,10,5.381398133722889e-4,3,1
18938,7,0.00164813539309259,3,1
18938,19,0.00137156579060762,3,1
18938,11,6.754741664940613e-4,3,1
18938,3,2.127706542458251e-6,3,1
18938,12,0.00134834204216002,3,1
18938,9,7.063571371491693e-4,3,1
18938,13,0.00190864456251642,3,1
19056,2,2.5505367502808983e-4,3,1
19056,6,0.00390939892473266,3,1
19056,4,0.00142470490846489,3,1
19056,17,8.829932456091385e-4,3,1
19056,5,0.00259544112403948,3,1
19056,1,2.241640809339931e-7,3,1
19056,8,0.00124029276829087,3,1
19056,10,4.7282158561469016e-4,3,1
19056,7,0.00194824362884974,3,1
19056,19,7.025805594060346e-4,3,1
19056,11,3.2101037838653493e-4,3,1
19056,3,3.776679112863395e-4,3,1
19056,12,8.769332667498691e-4,3,1
19056,9,7.202324683263447e-4,3,1
19056,13,0.00122336429542612,3,1
19242,2,2.1952976723857496e-5,3,1
19242,6,2.300110977886753e-4,3,1
19242,4,4.1027498680990936e-5,3,1
19242,17,4.986418628377444e-5,3,1
19242,5,1.3493043695793914e-4,3,1
19242,1,0,3,1
19242,8,6.490960688145688e-5,3,1
19242,10,1.294595505105561e-5,3,1
19242,7,1.173184780387378e-4,3,1
19242,19,1.825833054589487e-5,3,1
19242,11,1.2811944148464808e-5,3,1
19242,3,0,3,1
19242,12,6.453970684451658e-5,3,1
19242,9,2.184079907518348e-5,3,1
19242,13,4.524921413563643e-5,3,1
19275,2,0,3,1
19275,6,8.19352837616311e-5,3,1
19275,4,0,3,1
19275,17,4.081802859512509e-5,3,1
19275,5,1.0144405114356008e-4,3,1
19275,1,2.241640809339931e-7,3,1
19275,8,9.632585661208202e-5,3,1
19275,10,1.794780132078164e-5,3,1
19275,7,4.995496484230126e-5,3,1
19275,19,5.477499163768461e-5,3,1
19275,11,4.887519434414353e-5,3,1
19275,3,0,3,1
19275,12,2.796720629929052e-5,3,1
19275,9,4.1882944108881266e-5,3,1
19275,13,2.72585627323111e-5,3,1
19408,2,2.989596284758048e-4,6,2
19408,6,3.5873833878285235e-4,6,2
19408,4,4.465492996681026e-4,6,2
19408,17,1.0789197828657387e-4,6,2
19408,5,2.0461166626286023e-4,6,2
19408,1,0,6,2
19408,8,1.2800174477023296e-4,6,2
19408,10,4.472239017637393e-5,6,2
19408,7,1.945216055222943e-4,6,2
19408,19,9.202198595131014e-5,6,2
19408,11,4.982422724402981e-5,6,2
19408,3,1.4335422829812468e-4,6,2
19408,12,9.492715215047648e-5,6,2
19408,9,7.888382724801564e-5,6,2
19408,13,1.4174452620801771e-4,6,2
19413,2,9.97862578357159e-5,3,1
19413,6,2.3889564663029792e-5,3,1
19413,4,1.288363525653069e-4,3,1
19413,17,2.140188526338991e-5,3,1
19413,5,2.831569388715876e-5,3,1
19413,1,4.483281618679862e-7,3,1
19413,8,4.15421484041324e-5,3,1
19413,10,1.23575025487349e-5,3,1
19413,7,4.1629137368584385e-6,3,1
19413,19,9.494331883865333e-6,3,1
19413,11,5.5992941093290646e-5,3,1
19413,3,2.6596331780728137e-7,3,1
19413,12,3.442117698374218e-5,3,1
19413,9,2.8264563509060976e-5,3,1
19413,13,4.306852911705154e-5,3,1
19487,2,1.8759816473114588e-4,3,1
19487,6,0.00146575312444903,3,1
19487,4,3.1295976127999794e-4,3,1
19487,17,4.189915475791489e-4,3,1
19487,5,0.00109495557144517,3,1
19487,1,0,3,1
19487,8,4.574829093005081e-4,3,1
19487,10,2.3037915465855775e-4,3,1
19487,7,7.75058848462371e-4,3,1
19487,19,3.615149448087184e-4,3,1
19487,11,2.7735486499176593e-4,3,1
19487,3,1.470777147474266e-4,3,1
19487,12,3.213539569966555e-4,3,1
19487,9,2.823886845132547e-4,3,1
19487,13,4.24688407369407e-4,3,1
19681,2,9.7710703672733e-4,6,2
19681,6,2.132291721989436e-5,6,2
19681,4,5.693816280361913e-4,6,2
19681,17,1.2355727574740567e-5,6,2
19681,5,1.600452263187234e-5,6,2
19681,1,2.241640809339931e-6,6,2
19681,8,0,6,2
19681,10,0,6,2
19681,7,1.324563461727685e-5,6,2
19681,19,5.842665774686358e-6,6,2
19681,11,2.3725822497157057e-7,6,2
19681,3,0.00113034410068094,6,2
19681,12,0,6,2
19681,9,9.764121939493793e-6,6,2
19681,13,0,6,2
19697,2,8.182473142528703e-5,3,1
19697,6,0.00369143132648485,3,1
19697,4,0.00111449699160862,3,1
19697,17,7.523755541047382e-4,3,1
19697,5,0.0022440802964136,3,1
19697,1,2.241640809339931e-7,3,1
19697,8,8.908194448411143e-4,3,1
19697,10,6.134617336693397e-4,3,1
19697,7,0.00153649361560411,3,1
19697,19,4.2943593443944735e-4,3,1
19697,11,4.3845319974746233e-4,3,1
19697,3,5.319266356145627e-6,3,1
19697,12,5.787060380391654e-4,3,1
19697,9,8.571871260566129e-4,3,1
19697,13,6.0895629143983e-4,3,1
19698,2,1.9797593554606033e-4,3,1
19698,6,4.9556039094384113e-5,3,1
19698,4,8.930985993362051e-5,3,1
19698,17,1.8312953369704772e-5,3,1
19698,5,6.475676080280655e-5,3,1
19698,1,0,3,1
19698,8,1.1943367666188069e-5,3,1
19698,10,3.38360188834408e-5,3,1
19698,7,2.3842142311098327e-5,3,1
19698,19,0,3,1
19698,11,1.874339977275407e-5,3,1
19698,3,2.6596331780728137e-7,3,1
19698,12,1.5597095820758175e-5,3,1
19698,9,1.7729589837501886e-5,3,1
19698,13,5.560746797391464e-5,3,1
19728,2,3.1532457476086224e-5,3,1
19728,6,4.89242489545354e-4,3,1
19728,4,2.6317639397806377e-4,3,1
19728,17,8.27392471522806e-5,3,1
19728,5,2.55579915259746e-4,3,1
19728,1,0,3,1
19728,8,1.8512219882591504e-4,3,1
19728,10,9.356394786899282e-5,3,1
19728,7,2.4144899673778943e-4,3,1
19728,19,9.056131950763856e-5,3,1
19728,11,3.772405777047972e-5,3,1
19728,3,7.978899534218441e-7,3,1
19728,12,1.0353244639641202e-4,3,1
19728,9,9.096050438370532e-5,3,1
19728,13,9.104359952591908e-5,3,1
19816,2,1.0497514324317312e-4,3,1
19816,6,1.1727604470941898e-4,3,1
19816,4,4.427967845448411e-5,3,1
19816,17,1.5113702479816588e-4,3,1
19816,5,1.4724160821322555e-4,3,1
19816,1,7.307749038448175e-5,3,1
19816,8,8.542104265599726e-5,3,1
19816,10,8.97390066039082e-5,3,1
19816,7,7.228332033999651e-5,3,1
19816,19,1.117409829408766e-4,3,1
19816,11,1.1174862396160972e-4,3,1
19816,3,5.319266356145627e-7,3,1
19816,12,1.5731553543350918e-4,3,1
19816,9,5.447352239928115e-5,3,1
19816,13,1.2157318978610752e-4,3,1
19879,2,2.0755541629828905e-5,3,1
19879,6,0.00951002108007288,3,1
19879,4,0.00218496447243765,3,1
19879,17,0.00250799205967992,3,1
19879,5,0.00612037567785309,3,1
19879,1,2.241640809339931e-7,3,1
19879,8,0.00255120718886878,3,1
19879,10,0.00124310591115249,3,1
19879,7,0.00411447255882954,3,1
19879,19,0.00171117073876126,3,1
19879,11,0.00105057942017411,3,1
19879,3,1.784613862486858e-4,3,1
19879,12,0.00200261332029631,3,1
19879,9,0.0015771626438056,3,1
19879,13,0.00227445447438403,3,1
20115,2,0,6,2
20115,6,1.1964525773385169e-4,6,2
20115,4,4.177800170564321e-5,6,2
20115,17,1.963678132414126e-5,6,2
20115,5,6.918878245470967e-5,6,2
20115,1,0,6,2
20115,8,4.3878894251864855e-5,6,2
20115,10,0,6,2
20115,7,5.487477198586123e-5,6,2
20115,19,1.533699765855169e-5,6,2
20115,11,2.3963080722128625e-5,6,2
20115,3,0,6,2
20115,12,2.474022095706469e-5,6,2
20115,9,3.186187159203237e-5,6,2
20115,13,3.4345789042711984e-5,6,2
20136,2,0,3,1
20136,6,1.289246754128798e-4,3,1
20136,4,0,3,1
20136,17,3.772909670143995e-5,3,1
20136,5,1.1720235035032668e-4,3,1
20136,1,0,3,1
20136,8,4.9071662802381405e-5,3,1
20136,10,5.354917771118457e-5,3,1
20136,7,7.796002089025802e-5,3,1
20136,19,5.696599130319199e-5,3,1
20136,11,5.1010518368887665e-5,3,1
20136,3,0,3,1
20136,12,3.253876886744378e-5,3,1
20136,9,3.1091019859967076e-5,3,1
20136,13,4.4158871626343984e-5,3,1
20152,2,3.8317923008914904e-5,3,1
20152,6,9.06421416264213e-4,3,1
20152,4,6.249188518604595e-4,3,1
20152,17,1.950439852869761e-4,3,1
20152,5,5.441537694836596e-4,3,1
20152,1,2.241640809339931e-7,3,1
20152,8,3.3415465622574006e-4,3,1
20152,10,1.7418194068693002e-4,3,1
20152,7,4.4505332314050215e-4,3,1
20152,19,1.2926898026493567e-4,3,1
20152,11,1.2456056811007454e-4,3,1
20152,3,2.3936698602655325e-6,3,1
20152,12,1.1294448697790404e-4,3,1
20152,9,2.1892189190654505e-4,3,1
20152,13,2.5514014717443193e-4,3,1
20165,2,5.827517457605808e-5,3,1
20165,6,0.00609361589884092,3,1
20165,4,0.00147298726971752,3,1
20165,17,0.00242503217453524,3,1
20165,5,0.00380045856650691,3,1
20165,1,2.241640809339931e-7,3,1
20165,8,0.00182499850707904,3,1
20165,10,8.297180282722005e-4,3,1
20165,7,0.00285765105700164,3,1
20165,19,0.00168049674344416,3,1
20165,11,0.00104417344809988,3,1
20165,3,2.215474437334654e-4,3,1
20165,12,0.00189988762023545,3,1
20165,9,9.83349859537967e-4,3,1
20165,13,0.00210981275548087,3,1
20170,2,4.789740376114363e-6,2,5
20170,6,2.270495815081344e-5,2,5
20170,4,1.5760563517697737e-5,2,5
20170,17,0.00106171001945806,2,5
20170,5,4.146402478780465e-4,2,5
20170,1,6.5007583470858e-6,2,5
20170,8,0.00170738229940984,2,5
20170,10,0.00116307637083688,2,5
20170,7,1.9376471211559275e-4,2,5
20170,19,0.00239987496695242,2,5
20170,11,0.00585577025052333,2,5
20170,3,1.3298165890364068e-6,2,5
20170,12,0.00225700733144178,2,5
20170,9,0.00272753037862438,2,5
20170,13,0.00226191553552717,2,5
20196,2,0,3,1
20196,6,2.0789844289397e-4,3,1
20196,4,0,3,1
20196,17,1.292938635499638e-4,3,1
20196,5,2.3982161605297944e-4,3,1
20196,1,0,3,1
20196,8,1.4643607312456674e-4,3,1
20196,10,7.855840905981472e-5,3,1
20196,7,1.4229596045988845e-4,3,1
20196,19,1.3949364537063682e-4,3,1
20196,11,7.236375861632901e-5,3,1
20196,3,0,3,1
20196,12,6.534645318007304e-5,3,1
20196,9,1.220515242436724e-4,3,1
20196,13,2.998441900554221e-5,3,1
20273,2,3.2729892570114815e-5,2,5
20273,6,3.948688374054511e-6,2,5
20273,4,2.9519785636322745e-5,2,5
20273,17,7.43550034408495e-5,2,5
20273,5,8.667064563721637e-5,2,5
20273,1,0,2,5
20273,8,1.0411500943785684e-4,2,5
20273,10,1.50938066845262e-4,2,5
20273,7,5.714545220596583e-5,2,5
20273,19,1.971899698956646e-4,2,5
20273,11,1.523197804317483e-4,2,5
20273,3,5.319266356145627e-7,2,5
20273,12,1.7506395481575125e-4,2,5
20273,9,1.6316361662048836e-4,2,5
20273,13,6.651089306683908e-5,2,5
20453,2,1.1575205908943044e-5,5,8
20453,6,6.436362049708853e-5,5,8
20453,4,5.003353497681821e-7,5,8
20453,17,2.9786128974821013e-5,5,8
20453,5,9.799692319207989e-5,5,8
20453,1,0,5,8
20453,8,2.129035105711786e-5,5,8
20453,10,9.415240037131351e-6,5,8
20453,7,3.9736903851830546e-5,5,8
20453,19,4.601099297565507e-5,5,8
20453,11,4.745164499431411e-7,5,8
20453,3,1.300560624077606e-4,5,8
20453,12,4.221972489412127e-5,5,8
20453,9,4.676500507862816e-5,5,8
20453,13,7.632397565047109e-6,5,8
20586,2,1.261298299043449e-4,3,1
20586,6,9.269545958092966e-4,3,1
20586,4,3.967659323661684e-4,3,1
20586,17,1.5974190650200307e-4,3,1
20586,5,6.249150529183385e-4,3,1
20586,1,2.241640809339931e-7,3,1
20586,8,3.0611370605295064e-4,3,1
20586,10,7.032007402732479e-5,3,1
20586,7,4.5754206435107744e-4,3,1
20586,19,9.78646517259965e-5,3,1
20586,11,8.94463508142821e-5,3,1
20586,3,7.978899534218441e-7,3,1
20586,12,9.896088382825876e-5,3,1
20586,9,1.0226632978732971e-4,3,1
20586,13,1.5046726628235727e-4,3,1
20614,2,3.991450313428636e-7,3,1
20614,6,0.00201106698890596,3,1
20614,4,7.394956469573732e-4,3,1
20614,17,5.390186154480573e-4,3,1
20614,5,0.00136530889221126,3,1
20614,1,0,3,1
20614,8,6.615587133358085e-4,3,1
20614,10,3.2423732877871097e-4,3,1
20614,7,9.99477743549376e-4,3,1
20614,19,4.206719357774178e-4,3,1
20614,11,3.2717909223579575e-4,3,1
20614,3,2.6596331780728137e-6,3,1
20614,12,3.888517337382125e-4,3,1
20614,9,4.1394738011906574e-4,3,1
20614,13,7.359811937723997e-4,3,1
20633,2,0,3,1
20633,6,5.429446514324953e-5,3,1
20633,4,0,3,1
20633,17,4.081802859512509e-5,3,1
20633,5,4.43202165190311e-5,3,1
20633,1,0,3,1
20633,8,4.0503594694029096e-5,3,1
20633,10,1.353440755337632e-5,3,1
20633,7,2.8383502751307537e-5,3,1
20633,19,1.971899698956646e-5,3,1
20633,11,1.6608075748009937e-5,3,1
20633,3,0,3,1
20633,12,3.119419164151635e-5,3,1
20633,9,5.5758275286056656e-5,3,1
20633,13,2.180685018584888e-5,3,1
20720,2,0,3,1
20720,6,0.00378935879816141,3,1
20720,4,0.00218646547848695,3,1
20720,17,5.8954471570905e-4,3,1
20720,5,0.0021620878958534,3,1
20720,1,2.241640809339931e-7,3,1
20720,8,0.00114396691167879,3,1
20720,10,3.5424840639706714e-4,3,1
20720,7,0.00181730106949038,3,1
20720,19,4.170202696682389e-4,3,1
20720,11,3.6775024870593434e-4,3,1
20720,3,1.6649303694735816e-4,3,1
20720,12,7.026760582696743e-4,3,1
20720,9,6.69356254010035e-4,3,1
20720,13,6.743768419973766e-4,3,1
20736,2,4.111193822831495e-5,6,2
20736,6,4.659452281384323e-5,6,2
20736,4,5.528705614938413e-5,6,2
20736,17,9.266795681055424e-6,6,2
20736,5,3.668729034075352e-5,6,2
20736,1,0,6,2
20736,8,0,6,2
20736,10,4.119167516244967e-6,6,2
20736,7,2.2706802201046028e-5,6,2
20736,19,1.6797664102223282e-5,6,2
20736,11,1.9217916222697215e-5,6,2
20736,3,2.8803827318528576e-4,6,2
20736,12,1.3445772259274287e-5,6,2
20736,9,2.055604618840798e-5,6,2
20736,13,2.8348905241603544e-5,6,2
20750,2,5.3086289168600855e-5,3,1
20750,6,2.0730613963786183e-5,3,1
20750,4,2.9519785636322745e-5,3,1
20750,17,7.722329734212855e-6,3,1
20750,5,3.077792813821604e-5,3,1
20750,1,0,3,1
20750,8,1.7655413071756273e-5,3,1
20750,10,2.942262511603548e-7,3,1
20750,7,1.3624081320627616e-5,3,1
20750,19,2.921332887343179e-6,3,1
20750,11,0,3,1
20750,3,0,3,1
20750,12,2.527805184743566e-5,3,1
20750,9,1.9785194456342685e-5,3,1
20750,13,2.126167893120266e-5,3,1
20876,2,2.2072720233260357e-4,6,2
20876,6,5.212268653751955e-5,6,2
20876,4,1.3484037676252507e-4,6,2
20876,17,6.1778637873702845e-6,6,2
20876,5,3.1516598413533225e-5,6,2
20876,1,0,6,2
20876,8,1.895360520938541e-5,6,2
20876,10,0,6,2
20876,7,2.4599035717799865e-5,6,2
20876,19,2.702232920792441e-5,6,2
20876,11,0,6,2
20876,3,1.3457743881048438e-4,6,2
20876,12,2.3126728285951777e-5,6,2
20876,9,1.3618380599820288e-5,6,2
20876,13,1.635513763938666e-5,6,2
20921,2,0,4,3
20921,6,1.166837414533108e-4,4,3
20921,4,0,4,3
20921,17,4.478951245843456e-5,4,3
20921,5,1.3517666038304486e-4,4,3
20921,1,0,4,3
20921,8,7.841080511279992e-5,4,3
20921,10,4.678197393449641e-5,4,3
20921,7,5.109030495235356e-5,4,3
20921,19,9.78646517259965e-5,4,3
20921,11,3.7961315995451287e-6,4,3
20921,3,0,4,3
20921,12,2.1244320169653375e-5,4,3
20921,9,6.243899029728925e-5,4,3
20921,13,2.0171336421910218e-5,4,3
21133,2,2.155383169251463e-5,4,3
21133,6,5.153038328141137e-5,4,3
21133,4,1.2008048394436373e-5,4,3
21133,17,1.0590623635491916e-5,4,3
21133,5,2.6345906486312933e-5,4,3
21133,1,0,4,3
21133,8,1.843432835433375e-5,4,3
21133,10,0,4,3
21133,7,1.0218060990470711e-5,4,3
21133,19,1.2415664771208511e-5,4,3
21133,11,2.3725822497157057e-7,4,3
21133,3,2.6596331780728137e-7,4,3
21133,12,1.263902592371783e-5,4,3
21133,9,6.166813856522395e-6,4,3
21133,13,0,4,3
21535,2,0,3,1
21535,6,2.7463127641549125e-4,3,1
21535,4,2.826894726190229e-5,3,1
21535,17,7.281053749400692e-5,3,1
21535,5,1.9870230406032275e-4,3,1
21535,1,0,3,1
21535,8,6.646743744661185e-5,3,1
21535,10,9.121013785970998e-6,3,1
21535,7,1.3548391979957463e-4,3,1
21535,19,8.033665440193742e-5,3,1
21535,11,1.6608075748009937e-5,3,1
21535,3,0,3,1
21535,12,6.7228861296371446e-6,3,1
21535,9,3.957038891268537e-5,3,1
21535,13,4.906541291815998e-5,3,1
21597,2,1.5965801253714544e-4,3,1
21597,6,2.8924142339949296e-4,3,1
21597,4,8.530717713547506e-5,3,1
21597,17,3.155123291406967e-5,3,1
21597,5,1.755573021003843e-4,3,1
21597,1,0,3,1
21597,8,1.0307645572775354e-4,3,1
21597,10,0,3,1
21597,7,1.2602275221580545e-4,3,1
21597,19,5.039299230666984e-5,3,1
21597,11,2.9182761671503175e-5,3,1
21597,3,3.031981823003008e-5,3,1
21597,12,2.3933474621508232e-5,3,1
21597,9,5.832778105960765e-5,3,1
21597,13,4.742989915422132e-5,3,1
21754,2,1.7562381379086e-5,3,1
21754,6,0.00123949328061571,3,1
21754,4,0.00144071563965748,3,1
21754,17,2.2019671642126943e-4,3,1
21754,5,5.530178127874659e-4,3,1
21754,1,0,3,1
21754,8,2.0667218831055872e-4,3,1
21754,10,1.132771066967366e-4,3,1
21754,7,3.5498300774301956e-4,3,1
21754,19,1.4679697758899476e-4,3,1
21754,11,7.188924216638588e-5,3,1
21754,3,7.181009580796597e-6,3,1
21754,12,2.54662926590655e-4,3,1
21754,9,1.462048785150518e-4,3,1
21754,13,1.902647678715315e-4,3,1
21757,2,0,1,4
21757,6,2.152035163859709e-5,1,4
21757,4,0,1,4
21757,17,1.5996254449440915e-4,1,4
21757,5,3.717973719096498e-5,1,4
21757,1,3.3624612140098964e-6,1,4
21757,8,3.219516501320261e-5,1,4
21757,10,8.208912407373899e-5,1,4
21757,7,3.898001044512901e-5,1,4
21757,19,5.331432519401302e-4,1,4
21757,11,6.785585234186917e-5,1,4
21757,3,0,1,4
21757,12,1.4467650950979134e-4,1,4
21757,9,3.391747621087317e-5,1,4
21757,13,1.0576322340136708e-4,1,4
21794,2,9.41982273969158e-5,3,1
21794,6,1.954600745156983e-5,3,1
21794,4,8.38061710861705e-5,3,1
21794,17,2.647655908872979e-6,3,1
21794,5,7.879149603383306e-6,3,1
21794,1,0,3,1
21794,8,8.568068108352308e-6,3,1
21794,10,1.412286005569703e-5,3,1
21794,7,1.816544176083682e-5,3,1
21794,19,1.6797664102223282e-5,3,1
21794,11,0,3,1
21794,3,2.6596331780728137e-7,3,1
21794,12,0,3,1
21794,9,0,3,1
21794,13,4.906541291815998e-6,3,1
21892,2,1.7163236347743133e-5,3,1
21892,6,8.825318516011833e-5,3,1
21892,4,3.252179773493184e-6,3,1
21892,17,3.441952681534873e-5,3,1
21892,5,6.746521847896957e-5,3,1
21892,1,0,3,1
21892,8,5.66011772006304e-5,3,1
21892,10,5.884525023207096e-7,3,1
21892,7,3.21679697848152e-5,3,1
21892,19,3.651666109178974e-5,3,1
21892,11,1.0913878348692243e-5,3,1
21892,3,0,3,1
21892,12,2.3126728285951777e-5,3,1
21892,9,6.989055704058714e-5,3,1
21892,13,1.090342509292444e-6,3,1
22071,2,8.781190689542999e-5,3,1
22071,6,1.4610146984001692e-5,3,1
22071,4,6.654460151916822e-5,3,1
22071,17,9.487433673461507e-6,3,1
22071,5,1.3788511805920787e-5,3,1
22071,1,0,3,1
22071,8,8.827706535878137e-6,3,1
22071,10,0,3,1
22071,7,5.298253846910739e-6,3,1
22071,19,1.0224665105701128e-5,3,1
22071,11,1.9455174447668783e-5,3,1
22071,3,5.319266356145627e-7,3,1
22071,12,0,3,1
22071,9,1.053497367155909e-5,3,1
22071,13,2.72585627323111e-5,3,1
22122,2,2.1952976723857496e-5,2,5
22122,6,3.968431815924784e-5,2,5
22122,4,4.978336730193412e-5,2,5
22122,17,5.467409451822701e-4,2,5
22122,5,1.883609202058822e-4,2,5
22122,1,7.173250589887779e-6,2,5
22122,8,8.573260876902825e-4,2,5
22122,10,0.00154674740234998,2,5
22122,7,2.3085248904396795e-4,2,5
22122,19,0.00105021917299987,2,5
22122,11,9.606585529098892e-4,2,5
22122,3,5.319266356145627e-7,2,5
22122,12,9.16732752637321e-4,2,5
22122,9,0.00122411255051969,2,5
22122,13,8.837226037815258e-4,2,5
22335,2,0,3,1
22335,6,3.8420737879550393e-4,3,1
22335,4,1.313380293141478e-4,3,1
22335,17,7.104543355475827e-5,3,1
22335,5,2.0658145366370608e-4,3,1
22335,1,2.241640809339931e-7,3,1
22335,8,1.3812764344374025e-4,3,1
22335,10,5.384340396234493e-5,3,1
22335,7,2.1571462090993725e-4,3,1
22335,19,9.494331883865332e-5,3,1
22335,11,7.687166489078886e-5,3,1
22335,3,5.319266356145627e-7,3,1
22335,12,6.61531995156295e-5,3,1
22335,9,5.4730472976636256e-5,3,1
22335,13,7.850466066905597e-5,3,1
22404,2,7.16864476291783e-4,6,2
22404,6,4.146122792757237e-6,6,2
22404,4,3.7124882952799113e-4,6,2
22404,17,2.184316124820207e-5,6,2
22404,5,4.5305110219454014e-5,6,2
22404,1,2.241640809339931e-7,6,2
22404,8,2.4925289042479444e-5,6,2
22404,10,0,6,2
22404,7,9.461167583769178e-6,6,2
22404,19,7.522432184908686e-5,6,2
22404,11,3.511421729579244e-5,6,2
22404,3,3.228794678180396e-4,6,2
22404,12,1.2907941368903316e-5,6,2
22404,9,1.079192424891419e-5,6,2
22404,13,2.8348905241603544e-5,6,2
22407,2,2.1314344673708916e-4,6,2
22407,6,8.785831632271288e-5,6,2
22407,4,1.51101275629991e-4,6,2
22407,17,2.4490817157075056e-5,6,2
22407,5,9.307245468996532e-5,6,2
22407,1,0,6,2
22407,8,2.4406012187427787e-5,6,2
22407,10,1.9418932576583417e-5,6,2
22407,7,2.98972895647106e-5,6,2
22407,19,3.067399531710338e-5,6,2
22407,11,0,6,2
22407,3,0,6,2
22407,12,2.420239006669372e-5,6,2
22407,9,4.882060969746896e-5,6,2
22407,13,2.0171336421910218e-5,6,2
22506,2,4.031364816562922e-5,3,1
22506,6,0.01083026503793801,3,1
22506,4,0.00266178406076672,3,1
22506,17,0.00304193600130264,3,1
22506,5,0.00698732835765035,3,1
22506,1,2.241640809339931e-7,3,1
22506,8,0.00333271885572152,3,1
22506,10,0.00112512118443719,3,1
22506,7,0.00526192296338906,3,1
22506,19,0.00182437238814581,3,1
22506,11,0.00133528929013999,3,1
22506,3,1.3032202572556789e-5,3,1
22506,12,0.00268189373483484,3,1
22506,9,0.00174957648121087,3,1
22506,13,0.00280926747519198,3,1
22514,2,1.436922112834309e-5,6,2
22514,6,3.55381953664906e-6,6,2
22514,4,5.828906824799322e-5,6,2
22514,17,1.5444659468425711e-6,6,2
22514,5,1.47734055063437e-6,6,2
22514,1,0,6,2
22514,8,6.7505991156715155e-6,6,2
22514,10,0,6,2
22514,7,2.2706802201046026e-6,6,2
22514,19,0,6,2
22514,11,2.0166949122583495e-5,6,2
22514,3,1.5665239418848873e-4,6,2
22514,12,1.882408116298401e-5,6,2
22514,9,0,6,2
22514,13,1.090342509292444e-6,6,2
22520,2,4.27085183536864e-5,6,2
22520,6,4.6199653976437785e-5,6,2
22520,4,0,6,2
22520,17,3.905292465587644e-5,6,2
22520,5,5.367670667304878e-5,6,2
22520,1,0,6,2
22520,8,4.465780953444234e-5,6,2
22520,10,0,6,2
22520,7,2.6112822531202932e-5,6,2
22520,19,8.763998662029538e-6,6,2
22520,11,2.4200338947100193e-5,6,2
22520,3,0,6,2
22520,12,2.5815882737806635e-5,6,2
22520,9,1.9528243878987585e-5,6,2
22520,13,3.7071645315943095e-5,6,2
23064,2,2.3150411817886087e-5,3,1
23064,6,0.00707901108258622,3,1
23064,4,0.00169913884781274,3,1
23064,17,0.00185666870609717,3,1
23064,5,0.00425326344527635,3,1
23064,1,2.241640809339931e-7,3,1
23064,8,0.00208931042630033,3,1
23064,10,8.200085619839087e-4,3,1
23064,7,0.00352598793511909,3,1
23064,19,0.00140077911948105,3,1
23064,11,9.331365988131869e-4,3,1
23064,3,6.383119627374753e-6,3,1
23064,12,0.00156347439830841,3,1
23064,9,0.00125571747153437,3,1
23064,13,0.00196643271550892,3,1
23105,2,1.8360671441771724e-5,1,4
23105,6,1.8953704195461657e-5,1,4
23105,4,6.104091267171821e-5,1,4
23105,17,2.8462301020384525e-5,1,4
23105,5,2.708457676163012e-5,1,4
23105,1,1.1208204046699654e-6,1,4
23105,8,2.0771074202066204e-6,1,4
23105,10,0,1,4
23105,7,6.812040660313808e-6,1,4
23105,19,1.4752731081083055e-4,1,4
23105,11,2.728469587173061e-5,1,4
23105,3,1.4202441170908827e-4,1,4
23105,12,3.495900787411315e-5,1,4
23105,9,2.0556046188407982e-6,1,4
23105,13,3.9252330334527984e-5,1,4
23136,2,5.947260967008668e-4,3,1
23136,6,0.006345937085943,3,1
23136,4,0.00202660833423602,3,1
23136,17,0.00167684874228622,3,1
23136,5,0.00399989954084255,3,1
23136,1,1.7933126474719448e-6,3,1
23136,8,0.00173074975788716,3,1
23136,10,5.446127908978167e-4,3,1
23136,7,0.00279861337127892,3,1
23136,19,0.00120212848314171,3,1
23136,11,8.636199388965168e-4,3,1
23136,3,2.683569876675469e-4,3,1
23136,12,0.00146209327547348,3,1
23136,9,8.088804175138541e-4,3,1
23136,13,0.00161425208500746,3,1
23157,2,0,3,1
23157,6,0.00145272245281465,3,1
23157,4,4.150281726327071e-4,3,1
23157,17,5.566696548405439e-4,3,1
23157,5,9.390961433532478e-4,3,1
23157,1,0,3,1
23157,8,4.432027957865876e-4,3,1
23157,10,1.9507200451931525e-4,3,1
23157,7,5.449632528251047e-4,3,1
23157,19,2.826389568504526e-4,3,1
23157,11,3.388047452594027e-4,3,1
23157,3,1.0638532712291257e-6,3,1
23157,12,3.39909122714454e-4,3,1
23157,9,2.040187584199492e-4,3,1
23157,13,6.400310529546646e-4,3,1
23183,2,1.31717860343145e-5,3,1
23183,6,0.00142251498675313,3,1
23183,4,4.097746514601411e-4,3,1
23183,17,3.018327736115196e-4,3,1
23183,5,8.743393825504413e-4,3,1
23183,1,0,3,1
23183,8,3.338950177982142e-4,3,1
23183,10,2.342040959236424e-4,3,1
23183,7,7.088306753759868e-4,3,1
23183,19,2.110663011105447e-4,3,1
23183,11,1.1246039863652444e-4,3,1
23183,3,1.8617432246509696e-6,3,1
23183,12,3.514724868574299e-4,3,1
23183,9,1.7189993625056177e-4,3,1
23183,13,3.876167620534638e-4,3,1
23339,2,6.585893017157249e-5,3,1
23339,6,4.580478513903233e-5,3,1
23339,4,4.853252892751367e-5,3,1
23339,17,1.2797003559552733e-5,3,1
23339,5,6.057096257600917e-5,3,1
23339,1,0,3,1
23339,8,2.5704204325056925e-5,3,1
23339,10,0,3,1
23339,7,3.9736903851830546e-5,3,1
23339,19,1.3145997993044306e-5,3,1
23339,11,0,3,1
23339,3,5.319266356145627e-7,3,1
23339,12,1.1832279588161374e-5,3,1
23339,9,5.395962124457095e-6,3,1
23339,13,5.45171254646222e-7,3,1
23365,2,2.027656759221747e-4,4,3
23365,6,7.759172655017115e-5,4,3
23365,4,9.306237505688188e-5,4,3
23365,17,3.5610971974341565e-4,4,3
23365,5,1.3665400093367924e-4,4,3
23365,1,2.241640809339931e-7,4,3
23365,8,1.1450054653888994e-4,4,3
23365,10,1.632955693939969e-4,4,3
23365,7,1.2375207199570083e-4,4,3
23365,19,5.755025788066064e-4,4,3
23365,11,9.869942158817336e-5,4,3
23365,3,8.085284861341354e-5,4,3
23365,12,2.248133121750661e-4,4,3
23365,9,1.8988647666541876e-4,4,3
23365,13,3.669002543769074e-4,4,3
23467,2,0,4,3
23467,6,4.718682606995141e-5,4,3
23467,4,0,4,3
23467,17,3.486080280016089e-5,4,3
23467,5,2.7823247036947303e-5,4,3
23467,1,0,4,3
23467,8,2.9079503882892683e-5,4,3
23467,10,1.912470632542306e-5,4,3
23467,7,1.967922857423989e-5,4,3
23467,19,2.0449330211402256e-5,4,3
23467,11,6.405972074232404e-6,4,3
23467,3,0,4,3
23467,12,4.087514766819384e-5,4,3
23467,9,4.907756027482406e-5,4,3
23467,13,6.214952302966932e-5,4,3
23483,2,1.0058454789840164e-4,4,3
23483,6,6.843076952236468e-4,4,3
23483,4,3.497344094879593e-4,4,3
23483,17,6.994224359272786e-5,4,3
23483,5,3.7007380793390967e-4,4,3
23483,1,2.241640809339931e-7,4,3
23483,8,1.830450914057084e-4,4,3
23483,10,1.6388402189631762e-4,4,3
23483,7,2.3274472256072177e-4,4,3
23483,19,8.47186537329522e-5,4,3
23483,11,4.033389824516699e-5,4,3
23483,3,8.98956014188611e-5,4,3
23483,12,1.1805388043642823e-4,4,3
23483,9,9.096050438370532e-5,4,3
23483,13,6.70560643214853e-5,4,3
23624,2,0,6,2
23624,6,8.608140655438834e-5,6,2
23624,4,0,6,2
23624,17,3.331633685331832e-5,6,2
23624,5,9.922804031760852e-5,6,2
23624,1,0,6,2
23624,8,2.5704204325056925e-5,6,2
23624,10,1.412286005569703e-5,6,2
23624,7,6.092991923947351e-5,6,2
23624,19,3.067399531710338e-5,6,2
23624,11,1.9455174447668783e-5,6,2
23624,3,0,6,2
23624,12,4.114406311337932e-5,6,2
23624,9,3.957038891268537e-5,6,2
23624,13,3.4345789042711984e-5,6,2
23680,2,0,3,1
23680,6,3.2932061039614625e-4,3,1
23680,4,1.6611133612303648e-4,3,1
23680,17,5.074673825339876e-5,3,1
23680,5,2.0658145366370608e-4,3,1
23680,1,0,3,1
23680,8,1.3994511243642103e-4,3,1
23680,10,3.677828139504435e-5,3,1
23680,7,1.150477978186332e-4,3,1
23680,19,3.651666109178974e-5,3,1
23680,11,3.155534392121888e-5,3,1
23680,3,5.319266356145627e-7,3,1
23680,12,6.857343852229887e-5,3,1
23680,9,4.316769699565676e-5,3,1
23680,13,4.088784409846665e-5,3,1
23728,2,7.464012086111549e-5,6,2
23728,6,4.106635909016692e-5,6,2
23728,4,4.828236125262957e-5,6,2
23728,17,6.3985017797763654e-6,6,2
23728,5,6.2540749976855e-5,6,2
23728,1,0,6,2
23728,8,1.1683729238662238e-5,6,2
23728,10,2.353810009282838e-5,6,2
23728,7,4.1250690665233616e-5,6,2
23728,19,1.4606664436715897e-5,6,2
23728,11,2.3725822497157057e-7,6,2
23728,3,2.313880864923348e-4,6,2
23728,12,2.6891544518548576e-7,6,2
23728,9,1.3361430022465188e-5,6,2
23728,13,1.4719623875447994e-5,6,2
24019,2,3.8317923008914904e-5,2,5
24019,6,0.04678248038044823,2,5
24019,4,0.00172115360320254,2,5
24019,17,0.3088678159993875,2,5
24019,5,0.23601918769907165,2,5
24019,1,0.03194382986125588,2,5
24019,8,0.43846387520738617,2,5
24019,10,0.5325636374602979,2,5
24019,7,0.3518585517601556,2,5
24019,19,0.2977276412135801,2,5
24019,11,0.5410536210706183,2,5
24019,3,1.515990911501504e-5,2,5
24019,12,0.4506955632447445,2,5
24019,9,0.5033965012067684,2,5
24019,13,0.40178903398924704,2,5
24043,2,7.942986123722985e-5,3,1
24043,6,0.00513665127138881,3,1
24043,4,0.00136741651091644,3,1
24043,17,0.00133044709420867,3,1
24043,5,0.00327871112870787,3,1
24043,1,3.8107893758778825e-5,3,1
24043,8,0.00141554870687081,3,1
24043,10,4.94300101949396e-4,3,1
24043,7,0.00264534245642186,3,1
24043,19,8.22355207787105e-4,3,1
24043,11,5.302721328114601e-4,3,1
24043,3,4.521376402723784e-6,3,1
24043,12,9.888020919470311e-4,3,1
24043,9,5.755692932754235e-4,3,1
24043,13,0.00133730508764718,3,1
24107,2,2.833929722534331e-5,3,1
24107,6,3.684126252992859e-4,3,1
24107,4,1.1732863952063871e-4,3,1
24107,17,8.009159124340762e-5,3,1
24107,5,2.15691720392618e-4,3,1
24107,1,7.621578751755765e-6,3,1
24107,8,1.4461860413188593e-4,3,1
24107,10,2.500923134863016e-5,3,1
24107,7,1.517571280436576e-4,3,1
24107,19,7.887598795826584e-5,3,1
24107,11,6.35852042923809e-5,3,1
24107,3,0,3,1
24107,12,7.93300563297183e-5,3,1
24107,9,5.139011547101995e-6,3,1
24107,13,1.1066976469318306e-4,3,1
24142,2,3.923595658100349e-4,2,5
24142,6,0.00997892782449185,2,5
24142,4,0.00176843529375563,2,5
24142,17,0.05583575354824503,2,5
24142,5,0.01628152398511628,2,5
24142,1,0.01360877718942178,2,5
24142,8,0.02416428881140124,2,5
24142,10,0.0284955181986292,2,5
24142,7,0.02068173389141607,2,5
24142,19,0.04434802422953497,2,5
24142,11,0.03626586871980444,2,5
24142,3,5.680976468363531e-4,2,5
24142,12,0.050172899185482,2,5
24142,9,0.02408294981318408,2,5
24142,13,0.0554324680011732,2,5
24201,2,3.767929095876632e-4,3,1
24201,6,0.01039847596423514,3,1
24201,4,0.00419306039873225,3,1
24201,17,0.00259712980861198,3,1
24201,5,0.0069420232474309,3,1
24201,1,6.724922428019793e-7,3,1
24201,8,0.0029424822991502,3,1
24201,10,0.00107745653174921,3,1
24201,7,0.00522861965349419,3,1
24201,19,0.00169729440754638,3,1
24201,11,0.00117869886165876,3,1
24201,3,1.0691725375852712e-4,3,1
24201,12,0.00258185718922584,3,1
24201,9,0.00142067974219634,3,1
24201,13,0.00277710237116785,3,1
24226,2,6.46614950775439e-5,6,2
24226,6,1.283323721567716e-5,6,2
24226,4,1.7261569567002282e-5,6,2
24226,17,4.633397840527713e-6,6,2
24226,5,1.0587607279546318e-5,6,2
24226,1,0,6,2
24226,8,1.9472882064437064e-5,6,2
24226,10,0,6,2
24226,7,4.541360440209205e-6,6,2
24226,19,1.6067330880387485e-5,6,2
24226,11,2.9182761671503175e-5,6,2
24226,3,1.0691725375852712e-4,6,2
24226,12,1.667275760150012e-5,6,2
24226,9,1.207667713568969e-5,6,2
24226,13,0,6,2
24256,2,0,6,2
24256,6,6.71277023589267e-5,6,2
24256,4,3.052045633585911e-5,6,2
24256,17,1.6547849430456118e-5,6,2
24256,5,7.041989958023831e-5,6,2
24256,1,0,6,2
24256,8,2.1809627912169512e-5,6,2
24256,10,0,6,2
24256,7,3.519554341162134e-5,6,2
24256,19,7.303332218357948e-6,6,2
24256,11,1.874339977275407e-5,6,2
24256,3,0,6,2
24256,12,3.926165499708092e-5,6,2
24256,9,2.286860138460388e-5,6,2
24256,13,3.598130280665065e-5,6,2
24404,2,9.97862578357159e-5,3,1
24404,6,2.0335745126380733e-5,3,1
24404,4,6.254191872102277e-5,3,1
24404,17,1.3238279544364894e-5,3,1
24404,5,2.0190320858669723e-5,3,1
24404,1,0,3,1
24404,8,1.843432835433375e-5,3,1
24404,10,0,3,1
24404,7,7.568934067015342e-6,3,1
24404,19,2.921332887343179e-6,3,1
24404,11,0,3,1
24404,3,2.6596331780728137e-7,3,1
24404,12,0,3,1
24404,9,6.166813856522395e-6,3,1
24404,13,6.5420550557546646e-6,3,1
24416,2,8.781190689543e-6,3,1
24416,6,0.00333624680723865,3,1
24416,4,8.5182093298033e-4,3,1
24416,17,8.335703353101762e-4,3,1
24416,5,0.00207344746281533,3,1
24416,1,0,3,1
24416,8,9.510555600271062e-4,3,1
24416,10,4.16330145391902e-4,3,1
24416,7,0.00164018801232222,3,1
24416,19,5.674689133664126e-4,3,1
24416,11,4.306236783234006e-4,3,1
24416,3,3.457523131494658e-6,3,1
24416,12,6.314134652955206e-4,3,1
24416,9,4.822962336955223e-4,3,1
24416,13,7.730528390883428e-4,3,1
24527,2,0,3,1
24527,6,0.00540378003989359,3,1
24527,4,0.00151451510374828,3,1
24527,17,0.00121417087221066,3,1
24527,5,0.00335651773104128,3,1
24527,1,0,3,1
24527,8,0.00143424267365267,3,1
24527,10,4.6958509685192623e-4,3,1
24527,7,0.00221731923493214,3,1
24527,19,8.596022021007305e-4,3,1
24527,11,6.239891316752305e-4,3,1
24527,3,5.053303038338346e-6,3,1
24527,12,0.00104715674355228,3,1
24527,9,5.552701976643706e-4,3,1
24527,13,0.00119610573269381,3,1
24579,2,0,3,1
24579,6,0.00109714306473104,3,1
24579,4,4.310389038252889e-4,3,1
24579,17,2.3387627195044648e-4,3,1
24579,5,9.275236423732788e-4,3,1
24579,1,0,3,1
24579,8,4.221720831569956e-4,3,1
24579,10,8.032376656677685e-5,3,1
24579,7,5.990811314042643e-4,3,1
24579,19,1.110106497190408e-4,3,1
24579,11,1.376097704835109e-4,3,1
24579,3,1.5957799068436882e-6,3,1
24579,12,2.2212415772321128e-4,3,1
24579,9,1.259057829039989e-4,3,1
24579,13,1.7881617152396082e-4,3,1
24587,2,1.448896463774595e-4,6,2
24587,6,5.33072930497359e-6,6,2
24587,4,6.579409849451594e-5,6,2
24587,17,3.971483863309468e-6,6,2
24587,5,1.7235639757400984e-6,6,2
24587,1,0,6,2
24587,8,2.0771074202066204e-6,6,2
24587,10,1.3828633804536674e-5,6,2
24587,7,3.784467033507671e-7,6,2
24587,19,0,6,2
24587,11,1.3998235273322662e-5,6,2
24587,3,1.558545042350669e-4,6,2
24587,12,1.4790349485201718e-5,6,2
24587,9,7.708517320652993e-6,6,2
24587,13,5.45171254646222e-7,6,2
24701,2,0,3,1
24701,6,0.0013186644825155,3,1
24701,4,4.3279007754947754e-4,3,1
24701,17,4.514253324628429e-4,3,1
24701,5,7.994874613183e-4,3,1
24701,1,0,3,1
24701,8,3.9724679411451614e-4,3,1
24701,10,9.944847289219991e-5,3,1
24701,7,5.775096693132706e-4,3,1
24701,19,2.4977396186784184e-4,3,1
24701,11,1.271704085847618e-4,3,1
24701,3,1.5957799068436882e-6,3,1
24701,12,2.9123542713588107e-4,3,1
24701,9,1.5905240738280676e-4,3,1
24701,13,2.9929901880077587e-4,3,1
24740,2,1.3411273053120216e-4,6,2
24740,6,5.468933398065498e-5,6,2
24740,4,8.930985993362051e-5,6,2
24740,17,9.046157688649344e-6,6,2
24740,5,4.284287596839673e-5,6,2
24740,1,0,6,2
24740,8,1.0125898673507274e-5,6,2
24740,10,9.121013785970998e-6,6,2
24740,7,2.87619494546583e-5,6,2
24740,19,1.0224665105701128e-5,6,2
24740,11,0,6,2
24740,3,1.601099173199834e-4,6,2
24740,12,1.3445772259274287e-5,6,2
24740,9,6.680715011232594e-6,6,2
24740,13,1.3084110111509327e-5,6,2
24817,2,8.581618173871568e-5,7,6
24817,6,2.448186791913797e-5,7,6
24817,4,0,7,6
24817,17,1.3238279544364894e-5,7,6
24817,5,2.1667661409304093e-5,7,6
24817,1,0,7,6
24817,8,3.0896972875573474e-5,7,6
24817,10,3.2364887627639025e-6,7,6
24817,7,6.812040660313808e-6,7,6
24817,19,2.410099632058123e-5,7,6
24817,11,0,7,6
24817,3,0,7,6
24817,12,2.6891544518548576e-7,7,6
24817,9,1.233362771304479e-5,7,6
24817,13,4.633955664492887e-5,7,6
25205,2,2.1434088183111777e-4,3,1
25205,6,0.00184897333115102,3,1
25205,4,6.696988656647118e-4,3,1
25205,17,5.871176977925831e-4,3,1
25205,5,0.00122323797592525,3,1
25205,1,2.241640809339931e-7,3,1
25205,8,5.995051291571358e-4,3,1
25205,10,3.271795912903145e-4,3,1
25205,7,8.689136308933613e-4,3,1
25205,19,5.221882536125933e-4,3,1
25205,11,3.535147552076401e-4,3,1
25205,3,1.0452358389826158e-4,3,1
25205,12,5.491253390687619e-4,3,1
25205,9,3.725783371648947e-4,3,1
25205,13,4.895637866723074e-4,3,1
25242,2,2.3150411817886087e-5,6,2
25242,6,2.5863908850057048e-5,6,2
25242,4,2.2515090739568197e-5,6,2
25242,17,4.19212185571555e-6,6,2
25242,5,5.343048324794305e-5,6,2
25242,1,0,6,2
25242,8,8.308429680826481e-6,6,2
25242,10,2.942262511603548e-7,6,2
25242,7,1.059650769382148e-5,6,2
25242,19,1.533699765855169e-5,6,2
25242,11,5.6230199318262215e-5,6,2
25242,3,2.675590977141251e-4,6,2
25242,12,2.796720629929052e-5,6,2
25242,9,1.3875331177175388e-5,6,2
25242,13,1.362928136615555e-5,6,2
25320,2,1.0377770814914453e-5,3,1
25320,6,0.00649736928508799,3,1
25320,4,0.00222148895297072,3,1
25320,17,0.00174304014000804,3,1
25320,5,0.00400063821111787,3,1
25320,1,2.241640809339931e-7,3,1
25320,8,0.00199765806138371,3,1
25320,10,6.937855002361166e-4,3,1
25320,7,0.00338407042136255,3,1
25320,19,0.00123207214523698,3,1
25320,11,8.145074863274016e-4,3,1
25320,3,7.9788995342184415e-06,3,1
25320,12,0.00143385715372901,3,1
25320,9,0.00107379646276696,3,1
25320,13,0.00189556045240491,3,1
25346,2,4.989312891785795e-5,6,2
25346,6,2.5666474431354325e-6,6,2
25346,4,6.704493686893641e-5,6,2
25346,17,9.708071665867587e-6,6,2
25346,5,2.7084576761630117e-6,6,2
25346,1,0,6,2
25346,8,2.336745847732448e-6,6,2
25346,10,2.942262511603548e-7,6,2
25346,7,3.784467033507671e-7,6,2
25346,19,2.921332887343179e-6,6,2
25346,11,4.2469222269911125e-5,6,2
25346,3,6.356523295594026e-5,6,2
25346,12,8.067463355564573e-7,6,2
25346,9,0,6,2
25346,13,1.908099391261777e-5,6,2
25393,2,1.8360671441771724e-5,6,2
25393,6,4.2448400021086e-5,6,2
25393,4,1.651106654235001e-5,6,2
25393,17,3.750845870903387e-6,6,2
25393,5,3.7425960616070706e-5,6,2
25393,1,0,6,2
25393,8,2.103071262959203e-5,6,2
25393,10,0,6,2
25393,7,1.8543888464187588e-5,6,2
25393,19,1.095499832753692e-5,6,2
25393,11,1.9929690897611923e-5,6,2
25393,3,7.048027921892957e-5,6,2
25393,12,5.647224348895201e-6,6,2
25393,9,2.235470022989368e-5,6,2
25393,13,5.45171254646222e-7,6,2
25402,2,1.4528879140880235e-4,6,2
25402,6,1.8084992753169665e-4,6,2
25402,4,1.653608330983842e-4,6,2
25402,17,9.266795681055424e-6,6,2
25402,5,9.430357181549396e-5,6,2
25402,1,0,6,2
25402,8,6.387105317135358e-5,6,2
25402,10,1.3240181302215964e-5,6,2
25402,7,7.60677873735042e-5,6,2
25402,19,9.494331883865333e-6,6,2
25402,11,4.745164499431411e-7,6,2
25402,3,3.7740194796853226e-4,6,2
25402,12,4.813586468820195e-5,6,2
25402,9,2.029909561105288e-5,6,2
25402,13,3.870715907988176e-5,6,2
25631,2,0,3,1
25631,6,0.00182231968462615,3,1
25631,4,0.00100717505908335,3,1
25631,17,2.371858418365377e-4,3,1
25631,5,0.00105432870630272,3,1
25631,1,0,3,1
25631,8,4.3229798183050286e-4,3,1
25631,10,1.300480030128768e-4,3,1
25631,7,7.614347671417434e-4,3,1
25631,19,1.4971831047633794e-4,3,1
25631,11,1.7177495487941707e-4,3,1
25631,3,3.723486449301939e-6,3,1
25631,12,2.931178352521795e-4,3,1
25631,9,2.338250253931408e-4,3,1
25631,13,3.723519669233697e-4,3,1
26040,2,0,1,4
26040,6,1.0858893028649906e-5,1,4
26040,4,0,1,4
26040,17,2.5814645111511544e-5,1,4
26040,5,7.140479328066122e-6,1,4
26040,1,0,1,4
26040,8,1.2981921376291376e-6,1,4
26040,10,2.530345759979051e-5,1,4
26040,7,1.5137868134030684e-6,1,4
26040,19,1.2196564804657772e-4,1,4
26040,11,7.355004974118687e-6,1,4
26040,3,0,1,4
26040,12,3.4152261538556695e-5,1,4
26040,9,1.104887482626929e-5,1,4
26040,13,1.635513763938666e-5,1,4
26045,2,1.0377770814914453e-5,5,8
26045,6,3.889458048443694e-5,5,8
26045,4,2.5016767488409106e-7,5,8
26045,17,9.708071665867587e-6,5,8
26045,5,2.7577023611841574e-5,5,8
26045,1,0,5,8
26045,8,2.9858419165470167e-5,5,8
26045,10,0,5,8
26045,7,1.5137868134030684e-5,5,8
26045,19,1.8988663767730665e-5,5,8
26045,11,0,5,8
26045,3,7.819321543534072e-5,5,8
26045,12,0,5,8
26045,9,2.106994734311818e-5,5,8
26045,13,1.908099391261777e-5,5,8
26116,2,1.9158961504457452e-5,4,3
26116,6,2.5074171175246145e-5,4,3
26116,4,4.352917542983184e-5,4,3
26116,17,6.839777764588529e-6,4,3
26116,5,1.625074605697807e-5,4,3
26116,1,0,4,3
26116,8,1.376083665886886e-5,4,3
26116,10,0,4,3
26116,7,1.0974954397172246e-5,4,3
26116,19,2.0449330211402256e-5,4,3
26116,11,2.3725822497157054e-6,4,3
26116,3,0,4,3
26116,12,1.2370110478532344e-5,4,3
26116,9,8.479369052718293e-6,4,3
26116,13,2.72585627323111e-5,4,3
26125,2,9.499651745960152e-5,4,3
26125,6,1.4432456007169238e-4,4,3
26125,4,1.0707176485039098e-4,4,3
26125,17,2.0033929710472207e-4,4,3
26125,5,9.651958264144552e-5,4,3
26125,1,2.241640809339931e-7,4,3
26125,8,7.893008196785156e-5,4,3
26125,10,1.1945585797110403e-4,4,3
26125,7,8.62858483639749e-5,4,3
26125,19,1.7308897357508338e-4,4,3
26125,11,9.395425708874193e-5,4,3
26125,3,2.9388946617704e-4,4,3
26125,12,1.79366601938719e-4,4,3
26125,9,3.623003140706907e-5,4,3
26125,13,1.1339562096641416e-4,4,3
26133,2,0,3,1
26133,6,0.00204996156939039,3,1
26133,4,6.446820981763026e-4,3,1
26133,17,5.319581996910626e-4,3,1
26133,5,0.00130326058908462,3,1
26133,1,4.483281618679862e-7,3,1
26133,8,4.940919275816498e-4,3,1
26133,10,2.5921332727227254e-4,3,1
26133,7,0.00101575095179345,3,1
26133,19,4.7325592774959504e-4,3,1
26133,11,2.616958221436423e-4,3,1
26133,3,2.3936698602655325e-6,3,1
26133,12,4.5500493325384195e-4,3,1
26133,9,2.430752461779244e-4,3,1
26133,13,5.102802943488639e-4,3,1
26143,2,0,3,1
26143,6,0.00405155170619863,3,1
26143,4,0.00225376058303077,3,1
26143,17,2.791070603936932e-4,3,1
26143,5,0.00215297762912448,3,1
26143,1,0,3,1
26143,8,0.00257613247791126,3,1
26143,10,0.00229731856906005,3,1
26143,7,0.0024712569728805,3,1
26143,19,2.395492967621407e-4,3,1
26143,11,0.00162948948910474,3,1
26143,3,6.117156309567472e-6,3,1
26143,12,0.0012727768020629,3,1
26143,9,0.00283750522573236,3,1
26143,13,9.687693195063364e-4,3,1
26242,2,8.581618173871568e-5,3,1
26242,6,0.00358896286317814,3,1
26242,4,9.94416507664262e-4,3,1
26242,17,9.622022848829216e-4,3,1
26242,5,0.00247479164573767,3,1
26242,1,0,3,1
26242,8,0.00101648444376361,3,1
26242,10,3.663116826946417e-4,3,1
26242,7,0.0020016046140222,3,1
26242,19,7.894902128044942e-4,3,1
26242,11,5.134267988384786e-4,3,1
26242,3,1.5957799068436882e-6,3,1
26242,12,9.043626421587886e-4,3,1
26242,9,3.936482845080129e-4,3,1
26242,13,8.44470273446998e-4,3,1
26433,2,9.97862578357159e-6,3,1
26433,6,4.82727153728164e-4,3,1
26433,4,2.851911493678638e-4,3,1
26433,17,1.1230473813469552e-4,3,1
26433,5,3.668729034075352e-4,3,1
26433,1,0,3,1
26433,8,1.801890687029243e-4,3,1
26433,10,5.001846269726032e-5,3,1
26433,7,2.8232124069967225e-4,3,1
26433,19,1.0589831716619024e-4,3,1
26433,11,9.869942158817336e-5,3,1
26433,3,1.8617432246509696e-6,3,1
26433,12,1.5919794354980757e-4,3,1
26433,9,7.605737089710954e-5,3,1
26433,13,2.62772544739479e-4,3,1
26441,2,7.583755595514408e-6,2,5
26441,6,2.5883652291927323e-4,2,5
26441,4,1.0006706995363645e-6,2,5
26441,17,0.0263064471965847,2,5
26441,5,0.00226771774522375,2,5
26441,1,7.912992056969957e-5,2,5
26441,8,0.01238942648467743,2,5
26441,10,0.02562592957106226,2,5
26441,7,0.00291971631635116,2,5
26441,19,0.0306907929812056,2,5
26441,11,0.02343731649559162,2,5
26441,3,1.5957799068436882e-6,2,5
26441,12,0.02703837235161985,2,5
26441,9,0.01613444065328142,2,5
26441,13,0.02840941925086927,2,5
26459,2,2.9097672784894754e-4,3,1
26459,6,6.436362049708853e-5,3,1
26459,4,2.1739570947427512e-4,3,1
26459,17,1.2135089582334489e-5,3,1
26459,5,7.140479328066122e-5,3,1
26459,1,0,3,1
26459,8,5.011021651248471e-5,3,1
26459,10,0,3,1
26459,7,3.5573990114972106e-5,3,1
26459,19,2.556166276425282e-5,3,1
26459,11,2.2065014922356055e-5,3,1
26459,3,1.8617432246509696e-6,3,1
26459,12,1.667275760150012e-5,3,1
26459,9,2.6722860044930377e-5,3,1
26459,13,2.0171336421910218e-5,3,1
26675,2,2.0555969114157476e-4,3,1
26675,6,0.00202093870984109,3,1
26675,4,6.079074499683413e-4,3,1
26675,17,4.565000062881828e-4,3,1
26675,5,0.00117620930173006,3,1
26675,1,0,3,1
26675,8,7.127074835583966e-4,3,1
26675,10,2.4244243095613237e-4,3,1
26675,7,9.559563726640378e-4,3,1
26675,19,4.4185159921065586e-4,3,1
26675,11,2.3725822497157057e-4,3,1
26675,3,2.3936698602655325e-6,3,1
26675,12,4.824343086627615e-4,3,1
26675,9,2.320263713516551e-4,3,1
26675,13,6.220404015513393e-4,3,1
26779,2,3.3927327664143406e-5,3,1
26779,6,6.130338700719629e-4,3,1
26779,4,3.1696244407814335e-4,3,1
26779,17,1.6305147638809428e-4,3,1
26779,5,3.6638045655732377e-4,3,1
26779,1,0,3,1
26779,8,2.056336346004554e-4,3,1
26779,10,6.0610607739033087e-5,3,1
26779,7,2.4258433684784173e-4,3,1
26779,19,8.763998662029537e-5,3,1
26779,11,6.002633091780735e-5,3,1
26779,3,1.3298165890364068e-6,3,1
26779,12,1.4629000218090426e-4,3,1
26779,9,3.083406928261197e-5,3,1
26779,13,1.090342509292444e-4,3,1
26835,2,0,6,2
26835,6,6.238927631006127e-5,6,2
26835,4,0,6,2
26835,17,1.125253761271016e-5,6,2
26835,5,8.051506000957317e-5,6,2
26835,1,0,6,2
26835,8,4.232106368670989e-5,6,2
26835,10,6.472977525527805e-6,6,2
26835,7,4.314292418198745e-5,6,2
26835,19,4.601099297565507e-5,6,2
26835,11,1.3998235273322662e-5,6,2
26835,3,0,6,2
26835,12,1.3445772259274287e-5,6,2
26835,9,4.933451085217916e-5,6,2
26835,13,1.8535822657971548e-5,6,2
26905,2,3.991450313428636e-5,6,2
26905,6,7.147125957038665e-5,6,2
26905,4,4.027699565633866e-5,6,2
26905,17,1.6327211438050036e-5,6,2
26905,5,4.752112104540557e-5,6,2
26905,1,0,6,2
26905,8,2.3886735332376137e-5,6,2
26905,10,8.532561283650289e-6,6,2
26905,7,3.519554341162134e-5,6,2
26905,19,1.6797664102223282e-5,6,2
26905,11,1.826888332281093e-5,6,2
26905,3,2.5798441827306298e-5,6,2
26905,12,1.6941673046685603e-5,6,2
26905,9,7.451566743297894e-6,6,2
26905,13,1.5264795130094218e-5,6,2
26968,2,1.4608708147148807e-4,6,2
26968,6,1.599218791492077e-5,6,2
26968,4,7.580080548987959e-5,6,2
26968,17,2.206379924060816e-6,6,2
26968,5,2.806947046205303e-5,6,2
26968,1,2.241640809339931e-7,6,2
26968,8,9.346983390929792e-6,6,2
26968,10,2.942262511603548e-7,6,2
26968,7,1.4002528023978385e-5,6,2
26968,19,0,6,2
26968,11,0,6,2
26968,3,1.300560624077606e-4,6,2
26968,12,0,6,2
26968,9,1.3618380599820288e-5,6,2
26968,13,0,6,2
27033,2,9.060592211483004e-5,7,6
27033,6,1.8756269776758927e-5,7,6
27033,4,8.280550038663414e-5,7,6
27033,17,7.281053749400692e-6,7,6
27033,5,1.1080054129757777e-5,7,6
27033,1,0,7,6
27033,8,1.6357220934127136e-5,7,6
27033,10,0,7,6
27033,7,5.298253846910739e-6,7,6
27033,19,5.112332552850564e-6,7,6
27033,11,2.3725822497157057e-7,7,6
27033,3,1.0638532712291257e-6,7,6
27033,12,2.6891544518548576e-7,7,6
27033,9,1.233362771304479e-5,7,6
27033,13,1.690030889403288e-5,7,6
27273,2,1.217392345595734e-4,3,1
27273,6,8.874677120687514e-4,3,1
27273,4,3.797545304740502e-4,3,1
27273,17,1.9394079532494572e-4,3,1
27273,5,5.426764289330252e-4,3,1
27273,1,0,3,1
27273,8,2.669083034965507e-4,3,1
27273,10,1.5652836561730874e-4,3,1
27273,7,3.500632005994596e-4,3,1
27273,19,1.3438131281778623e-4,3,1
27273,11,4.982422724402981e-5,3,1
27273,3,1.470777147474266e-4,3,1
27273,12,2.471332941254614e-4,3,1
27273,9,1.0843314364385213e-4,3,1
27273,13,2.2406538565959724e-4,3,1
27698,2,2.410835989310896e-4,3,1
27698,6,7.790762162009551e-4,3,1
27698,4,4.913293134723548e-4,3,1
27698,17,1.1693813597522324e-4,3,1
27698,5,5.411990883823908e-4,3,1
27698,1,0,3,1
27698,8,1.846029219708634e-4,3,1
27698,10,6.472977525527805e-5,3,1
27698,7,2.584790983885739e-4,3,1
27698,19,7.157265573990789e-5,3,1
27698,11,5.4332133518489655e-5,3,1
27698,3,1.0638532712291257e-6,3,1
27698,12,7.153150841933921e-5,3,1
27698,9,9.687036766287264e-5,3,1
27698,13,1.1285044971176797e-4,3,1
27808,2,5.268714413725799e-5,3,1
27808,6,3.346513397011198e-4,3,1
27808,4,7.680147618941595e-5,3,1
27808,17,1.0612687434732523e-4,3,1
27808,5,2.267717745223758e-4,3,1
27808,1,0,3,1
27808,8,1.7239991587714949e-4,3,1
27808,10,3.38360188834408e-5,3,1
27808,7,1.9490005222564503e-4,3,1
27808,19,9.275231917314594e-5,3,1
27808,11,6.595778654209661e-5,3,1
27808,3,5.319266356145627e-7,3,1
27808,12,1.3472663803792837e-4,3,1
27808,9,6.064033625580355e-5,3,1
27808,13,5.6152639228560865e-5,3,1
27972,2,9.180335720885864e-5,7,6
27972,6,2.152035163859709e-5,7,6
27972,4,5.8539235922877307e-5,7,6
27972,17,3.9494200640688605e-5,7,6
27972,5,1.2064947830180689e-5,7,6
27972,1,0,7,6
27972,8,3.3233718723305926e-5,7,6
27972,10,7.944108781329578e-6,7,6
27972,7,1.6273208244082987e-5,7,6
27972,19,2.190999665507384e-5,7,6
27972,11,1.874339977275407e-5,7,6
27972,3,0,7,6
27972,12,2.6891544518548576e-7,7,6
27972,9,1.4646182909240688e-5,7,6
27972,13,1.908099391261777e-5,7,6
27987,2,7.34426857670869e-5,3,1
27987,6,0.00366359307344777,3,1
27987,4,9.22618384972528e-4,3,1
27987,17,0.00102618730268068,3,1
27987,5,0.00238935211722598,3,1
27987,1,0,3,1
27987,8,9.27428463122256e-4,3,1
27987,10,4.581102730566724e-4,3,1
27987,7,0.00151605749362317,3,1
27987,19,8.391528718893282e-4,3,1
27987,11,6.199557418507138e-4,3,1
27987,3,1.3324762222144797e-4,3,1
27987,12,0.00109421694645974,3,1
27987,9,6.688423528553247e-4,3,1
27987,13,7.599687289768335e-4,3,1
28026,2,0,4,3
28026,6,4.4225309789410525e-5,4,3
28026,4,2.4516432138640925e-5,4,3
28026,17,2.8682939012790604e-5,4,3
28026,5,4.333532281860819e-5,4,3
28026,1,0,4,3
28026,8,3.167588815815096e-5,4,3
28026,10,3.207066137647867e-5,4,3
28026,7,2.4599035717799865e-5,4,3
28026,19,1.0224665105701128e-5,4,3
28026,11,4.745164499431411e-7,4,3
28026,3,0,4,3
28026,12,3.6034669654855094e-5,4,3
28026,9,2.8778464663771176e-5,4,3
28026,13,3.9252330334527984e-5,4,3
28286,2,0,1,4
28286,6,1.2793750331936617e-4,1,4
28286,4,0,1,4
28286,17,0.00125454762482097,1,4
28286,5,3.543155087271431e-4,1,4
28286,1,0,1,4
28286,8,2.196541096868501e-4,1,4
28286,10,1.515265193475827e-4,1,4
28286,7,2.6756181926899236e-4,1,4
28286,19,0.00195145036874524,1,4
28286,11,9.466603176365664e-5,1,4
28286,3,0,1,4
28286,12,4.7113985996497106e-4,1,4
28286,9,2.641451935210426e-4,1,4
28286,13,4.661214227225198e-4,1,4
28352,2,1.1694949418345904e-4,3,1
28352,6,1.638705675232622e-5,3,1
28352,4,9.406304575641824e-5,3,1
28352,17,0,3,1
28352,5,5.90936220253748e-6,3,1
28352,1,0,3,1
28352,8,7.5295143982489985e-6,3,1
28352,10,0,3,1
28352,7,2.7626609344606e-5,3,1
28352,19,1.533699765855169e-5,3,1
28352,11,2.3725822497157057e-7,3,1
28352,3,2.6596331780728137e-7,3,1
28352,12,0,3,1
28352,9,1.7215688682791686e-5,3,1
28352,13,7.632397565047109e-6,3,1
28376,2,2.1753404208186064e-4,3,1
28376,6,0.00102586923957936,3,1
28376,4,4.47800138042523e-4,3,1
28376,17,2.727085586139168e-4,3,1
28376,5,7.92100758565128e-4,3,1
28376,1,0,3,1
28376,8,2.894968466912977e-4,3,1
28376,10,1.2445770424083006e-4,3,1
28376,7,6.051362786578767e-4,3,1
28376,19,1.7820130612793394e-4,3,1
28376,11,2.0499110637543693e-4,3,1
28376,3,2.62771757993594e-4,3,1
28376,12,1.8044226371946096e-4,3,1
28376,9,2.1121337458589203e-4,3,1
28376,13,2.780373398695732e-4,3,1
28733,2,7.982900626857273e-6,4,3
28733,6,5.429446514324953e-5,4,3
28733,4,7.154795501685005e-5,4,3
28733,17,1.8974867346923014e-5,4,3
28733,5,8.69168690623221e-5,4,3
28733,1,0.18084190648860865,4,3
28733,8,3.764757199124499e-5,4,3
28733,10,4.119167516244967e-5,4,3
28733,7,2.232835549769526e-5,4,3
28733,19,3.870766075729712e-5,4,3
28733,11,2.3725822497157057e-7,4,3
28733,3,6.851215066715568e-4,4,3
28733,12,0,4,3
28733,9,3.1091019859967076e-5,4,3
28733,13,8.17756881969333e-6,4,3
28811,2,4.70991136984579e-5,2,5
28811,6,1.9743441870272556e-6,2,5
28811,4,5.003353497681821e-7,2,5
28811,17,1.809231537729869e-5,2,5
28811,5,1.47734055063437e-6,2,5
28811,1,0,2,5
28811,8,1.8174689926807927e-5,2,5
28811,10,3.530715013924257e-5,2,5
28811,7,0,2,5
28811,19,2.702232920792441e-5,2,5
28811,11,1.224252440853304e-4,2,5
28811,3,2.3351579303479303e-4,2,5
28811,12,4.840478013338744e-5,2,5
28811,9,2.132689792047328e-5,2,5
28811,13,7.850466066905597e-5,2,5
28900,2,2.913758728802904e-5,3,1
28900,6,6.791744003373759e-5,3,1
28900,4,6.15412480214864e-5,3,1
28900,17,1.4782745491207464e-5,3,1
28900,5,5.244558954752013e-5,3,1
28900,1,0,3,1
28900,8,2.622348118010858e-5,3,1
28900,10,2.942262511603548e-7,3,1
28900,7,3.481709670827057e-5,3,1
28900,19,1.0224665105701128e-5,3,1
28900,11,0,3,1
28900,3,0,3,1
28900,12,3.119419164151635e-5,3,1
28900,9,3.751478429384457e-5,3,1
28900,13,1.362928136615555e-5,3,1
28994,2,8.781190689543e-6,2,5
28994,6,0.04293112717481416,2,5
28994,4,0.00206213214406956,2,5
28994,17,0.13402721040105148,2,5
28994,5,0.15262380606261167,2,5
28994,1,1.7036470150983474e-5,2,5
28994,8,0.2303924954108908,2,5
28994,10,0.2510862097627212,2,5
28994,7,0.19975438808952536,2,5
28994,19,0.09530556411668388,2,5
28994,11,0.23137350921760064,2,5
28994,3,6.356523295594026e-5,2,5
28994,12,0.21646725241828935,2,5
28994,9,0.2470954949112223,2,5
28994,13,0.2126467737310321,2,5
29140,2,2.115468666117177e-5,6,2
29140,6,2.3889564663029792e-5,6,2
29140,4,3.777531890749775e-5,6,2
29140,17,2.8682939012790604e-6,6,2
29140,5,3.2993938964167595e-5,6,2
29140,1,0,6,2
29140,8,7.010237543197343e-6,6,2
29140,10,0,6,2
29140,7,2.232835549769526e-5,6,2
29140,19,1.3876331214880102e-5,6,2
29140,11,3.4639700845849296e-5,6,2
29140,3,0,6,2
29140,12,0,6,2
29140,9,2.415335427137938e-5,6,2
29140,13,5.45171254646222e-7,6,2
29198,2,6.266576992082959e-5,3,1
29198,6,0.00127108278760814,3,1
29198,4,4.745680792551207e-4,3,1
29198,17,4.205360135259914e-4,3,1
29198,5,8.413454435862737e-4,3,1
29198,1,0,3,1
29198,8,3.2091309642192284e-4,3,1
29198,10,1.7918378695665606e-4,3,1
29198,7,5.430710193083508e-4,3,1
29198,19,2.950546216216611e-4,3,1
29198,11,1.3737251225853935e-4,3,1
29198,3,2.383031327553241e-4,3,1
29198,12,2.697221915210422e-4,3,1
29198,9,1.6470532008461896e-4,3,1
29198,13,3.669002543769074e-4,3,1
29228,2,1.7562381379086e-5,7,6
29228,6,1.119453154044454e-4,7,6
29228,4,5.678806219868867e-5,7,6
29228,17,2.8462301020384525e-5,7,6
29228,5,8.470085823637055e-5,7,6
29228,1,0,7,6
29228,8,4.3878894251864855e-5,7,6
29228,10,0,7,6
29228,7,3.595243681832288e-5,7,6
29228,19,4.528065975381928e-5,7,6
29228,11,2.0641465572526635e-5,7,6
29228,3,2.6596331780728137e-7,7,6
29228,12,8.067463355564573e-7,7,6
29228,9,3.3146624478807875e-5,7,6
29228,13,5.397195420997598e-5,7,6
29455,2,1.5486827216103108e-4,6,2
29455,6,2.408699908173252e-5,6,2
29455,4,1.6010731192581828e-4,6,2
29455,17,0,6,2
29455,5,2.536101278589002e-5,6,2
29455,1,0,6,2
29455,8,4.413853267939068e-6,6,2
29455,10,0,6,2
29455,7,7.94738077036611e-6,6,2
29455,19,1.533699765855169e-5,6,2
29455,11,0,6,2
29455,3,2.284624899964547e-4,6,2
29455,12,1.6941673046685603e-5,6,2
29455,9,1.130582540362439e-5,6,2
29455,13,1.1993767602216885e-5,6,2
29464,2,6.90520904223154e-5,3,1
29464,6,0.00264937246457187,3,1
29464,4,8.393125492361255e-4,3,1
29464,17,9.478608153765264e-4,3,1
29464,5,0.00178807451311779,3,1
29464,1,6.724922428019793e-7,3,1
29464,8,8.838092072979169e-4,3,1
29464,10,2.495038609839809e-4,3,1
29464,7,0.00137981668041689,3,1
29464,19,8.661752010972526e-4,3,1
29464,11,6.666956121701132e-4,3,1
29464,3,3.944236003081983e-4,3,1
29464,12,9.301785248965952e-4,3,1
29464,9,3.592169071424295e-4,3,1
29464,13,9.464172980658414e-4,3,1
29476,2,0,3,1
29476,6,4.5903502348383694e-4,3,1
29476,4,1.933796126854024e-4,3,1
29476,17,4.986418628377444e-5,3,1
29476,5,3.065481642566318e-4,3,1
29476,1,2.241640809339931e-7,3,1
29476,8,1.2592463735002635e-4,3,1
29476,10,1.2651728799895257e-5,3,1
29476,7,2.1836374783339263e-4,3,1
29476,19,3.067399531710338e-5,3,1
29476,11,7.212650039135744e-5,3,1
29476,3,2.6596331780728137e-7,3,1
29476,12,8.443944978824254e-5,3,1
29476,9,3.0577118705256876e-5,3,1
29476,13,1.3465729989761685e-4,3,1
29500,2,0.00143572467774028,6,2
29500,6,6.238927631006127e-5,6,2
29500,4,8.79089209542696e-4,6,2
29500,17,2.140188526338991e-5,6,2
29500,5,4.136553541776236e-5,6,2
29500,1,0,6,2
29500,8,3.349335715083175e-5,6,2
29500,10,2.942262511603548e-7,6,2
29500,7,5.033341154565202e-5,6,2
29500,19,6.572998996522153e-6,6,2
29500,11,2.3725822497157057e-7,6,2
29500,3,0.00108911978642081,6,2
29500,12,4.517779479116161e-5,6,2
29500,9,3.237577274674257e-5,6,2
29500,13,2.0716507676556436e-5,6,2
29528,2,2.993587735071477e-4,6,2
29528,6,2.941772838670611e-5,6,2
29528,4,1.0231857902759324e-4,6,2
29528,17,1.3238279544364895e-6,6,2
29528,5,1.4280958656132244e-5,6,2
29528,1,2.241640809339931e-7,6,2
29528,8,1.895360520938541e-5,6,2
29528,10,1.7359348818460933e-5,6,2
29528,7,1.2110294507224547e-5,6,2
29528,19,1.7527997324059075e-5,6,2
29528,11,1.6608075748009937e-5,6,2
29528,3,8.13847752490281e-5,6,2
29528,12,2.6891544518548576e-7,6,2
29528,9,0,6,2
29528,13,0,6,2
29678,2,1.9558106535800315e-5,3,1
29678,6,0.00167049261664376,3,1
29678,4,5.626271008143208e-4,3,1
29678,17,4.064151820120023e-4,3,1
29678,5,0.00108879998581753,3,1
29678,1,0,3,1
29678,8,4.242491905772022e-4,3,1
29678,10,1.4358241056625312e-4,3,1
29678,7,8.738334380369213e-4,3,1
29678,19,2.8409962329412416e-4,3,1
29678,11,1.7818092695364948e-4,3,1
29678,3,3.723486449301939e-6,3,1
29678,12,3.092527619633086e-4,3,1
29678,9,1.9553938936723095e-4,3,1
29678,13,5.015575542745243e-4,3,1
29737,2,4.031364816562922e-5,3,1
29737,6,4.48176130455187e-5,3,1
29737,4,4.402951077960003e-5,3,1
29737,17,7.942967726618936e-6,3,1
29737,5,4.062686514244518e-5,3,1
29737,1,0,3,1
29737,8,2.07710742020662e-5,3,1
29737,10,0,3,1
29737,7,2.2706802201046028e-5,3,1
29737,19,1.095499832753692e-5,3,1
29737,11,0,3,1
29737,3,2.6596331780728137e-7,3,1
29737,12,5.916139794080687e-6,3,1
29737,9,0,3,1
29737,13,1.0358253838278218e-5,3,1
29793,2,6.106918979545813e-5,6,2
29793,6,4.7561951465486586e-4,6,2
29793,4,7.7476928911603e-4,6,2
29793,17,6.3985017797763654e-6,6,2
29793,5,1.381313414843136e-4,6,2
29793,1,0,6,2
29793,8,5.893792304836285e-5,6,2
29793,10,0,6,2
29793,7,8.85565285840795e-5,6,2
29793,19,1.0224665105701128e-5,6,2
29793,11,3.0131794571389455e-5,6,2
29793,3,1.0957688693659992e-4,6,2
29793,12,8.067463355564573e-7,6,2
29793,9,2.518115658079978e-5,6,2
29793,13,1.8535822657971548e-5,6,2
29972,2,4.809697627681506e-4,3,1
29972,6,0.00698483486486502,3,1
29972,4,0.00311808989975531,3,1
29972,17,0.00152460852752602,3,1
29972,5,0.00386373798675908,3,1
29972,1,6.724922428019793e-7,3,1
29972,8,0.00179799611061635,3,1
29972,10,5.875698235672285e-4,3,1
29972,7,0.00307450101802163,3,1
29972,19,0.00110499416463755,3,1
29972,11,8.164055521271742e-4,3,1
29972,3,6.582592115730214e-4,3,1
29972,12,0.00125018790466732,3,1
29972,9,9.044660322899512e-4,3,1
29972,13,0.00178161966018385,3,1
29990,2,2.794015219400045e-5,3,1
29990,6,0.00136308722672361,3,1
29990,4,4.227833705541139e-4,3,1
29990,17,3.472842000471724e-4,3,1
29990,5,8.031808126948858e-4,3,1
29990,1,0,3,1
29990,8,4.0685341593297176e-4,3,1
29990,10,1.6447247439863833e-4,3,1
29990,7,7.531089396680266e-4,3,1
29990,19,3.089309528365412e-4,3,1
29990,11,1.5184526398180517e-4,3,1
29990,3,1.3298165890364068e-6,3,1
29990,12,3.0952167740849415e-4,3,1
29990,9,1.7267078798262705e-4,3,1
29990,13,3.603581993211528e-4,3,1
30037,2,1.261298299043449e-4,6,2
30037,6,2.843055629319248e-5,6,2
30037,4,2.2615157809521833e-4,6,2
30037,17,6.3985017797763654e-6,6,2
30037,5,1.5019628931449427e-5,6,2
30037,1,2.241640809339931e-7,6,2
30037,8,2.310782004979865e-5,6,2
30037,10,0,6,2
30037,7,1.8922335167538356e-5,6,2
30037,19,7.303332218357948e-6,6,2
30037,11,0,6,2
30037,3,1.3617321871732806e-4,6,2
30037,12,0,6,2
30037,9,8.222418475363193e-6,6,2
30037,13,1.5264795130094218e-5,6,2
30133,2,3.0335022382057633e-5,1,4
30133,6,1.954600745156983e-5,1,4
30133,4,2.076391701537956e-5,1,4
30133,17,2.9124214997602767e-5,1,4
30133,5,1.034138385444059e-5,1,4
30133,1,0,1,4
30133,8,4.413853267939068e-6,1,4
30133,10,1.4417086306857383e-5,1,4
30133,7,8.325827473716877e-6,1,4
30133,19,5.112332552850564e-5,1,4
30133,11,2.0404207347555067e-5,1,4
30133,3,0,1,4
30133,12,2.6622629073363093e-5,1,4
30133,9,3.879953718062007e-5,1,4
30133,13,1.5264795130094218e-5,1,4
30276,2,5.548115935665804e-5,4,3
30276,6,1.8558835358056204e-5,4,3
30276,4,1.3759222118625008e-5,4,3
30276,17,1.2135089582334489e-5,4,3
30276,5,2.240633168462128e-5,4,3
30276,1,0,4,3
30276,8,1.2722282948765547e-5,4,3
30276,10,0,4,3
30276,7,9.839614287119944e-6,4,3
30276,19,8.763998662029538e-6,4,3
30276,11,2.3725822497157057e-7,4,3
30276,3,1.0478954721606886e-4,4,3
30276,12,1.5597095820758175e-5,4,3
30276,9,0,4,3
30276,13,0,4,3
30392,2,7.543841092380122e-5,6,2
30392,6,1.0306076656282276e-4,6,2
30392,4,2.1739570947427512e-4,6,2
30392,17,7.722329734212855e-6,6,2
30392,5,3.767218404117644e-5,6,2
30392,1,0,6,2
30392,8,2.4665650614953617e-5,6,2
30392,10,1.294595505105561e-5,6,2
30392,7,3.8601563741778247e-5,6,2
30392,19,0,6,2
30392,11,0,6,2
30392,3,2.303242332211057e-4,6,2
30392,12,7.2607170200081155e-6,6,2
30392,9,8.479369052718293e-6,6,2
30392,13,0,6,2
30468,2,3.8836811549660625e-4,6,2
30468,6,3.1194638155030636e-5,6,2
30468,4,3.805050334987025e-4,6,2
30468,17,5.957225794964203e-6,6,2
30468,5,9.356490154017676e-6,6,2
30468,1,0,6,2
30468,8,4.413853267939068e-6,6,2
30468,10,0,6,2
30468,7,5.298253846910739e-6,6,2
30468,19,1.095499832753692e-5,6,2
30468,11,2.1353240247441343e-5,6,2
30468,3,1.542587243282232e-4,6,2
30468,12,1.0756617807419432e-5,6,2
30468,9,5.652912701812195e-6,6,2
30468,13,1.4174452620801772e-5,6,2
30622,2,3.751963294622918e-5,3,1
30622,6,0.00195953660562455,3,1
30622,4,3.9526492631686386e-4,3,1
30622,17,5.630681566203202e-4,3,1
30622,5,0.00118999781353598,3,1
30622,1,0,3,1
30622,8,5.146033633561902e-4,3,1
30622,10,1.50938066845262e-4,3,1
30622,7,9.885027891522037e-4,3,1
30622,19,4.060652713407019e-4,3,1
30622,11,2.417661312460304e-4,3,1
30622,3,1.0638532712291257e-6,3,1
30622,12,5.179311474272456e-4,3,1
30622,9,2.13782880359443e-4,3,1
30622,13,6.0895629143983e-4,3,1
30896,2,3.991450313428636e-7,2,5
30896,6,1.638705675232622e-5,2,5
30896,4,0,2,5
30896,17,1.544465946842571e-5,2,5
30896,5,2.068276770888118e-5,2,5
30896,1,2.241640809339931e-7,2,5
30896,8,1.9472882064437064e-5,2,5
30896,10,0,2,5
30896,7,1.5137868134030684e-6,2,5
30896,19,4.528065975381928e-5,2,5
30896,11,7.236375861632901e-5,2,5
30896,3,0,2,5
30896,12,2.2588897395580804e-5,2,5
30896,9,3.597308082971397e-6,2,5
30896,13,2.5623048968372436e-5,2,5
30950,2,6.705636526560108e-5,6,2
30950,6,2.566647443135432e-5,6,2
30950,4,9.731522552991142e-5,6,2
30950,17,7.501691741806774e-6,6,2
30950,5,2.9300587587581673e-5,6,2
30950,1,0,6,2
30950,8,5.712045405568206e-6,6,2
30950,10,1.412286005569703e-5,6,2
30950,7,2.497748242115063e-5,6,2
30950,19,1.6067330880387485e-5,6,2
30950,11,0,6,2
30950,3,8.829982151201742e-5,6,2
30950,12,1.2370110478532344e-5,6,2
30950,9,6.680715011232594e-6,6,2
30950,13,0,6,2
31376,2,3.1532457476086224e-5,3,1
31376,6,5.034577676919502e-4,3,1
31376,4,2.1964721854823195e-4,3,1
31376,17,5.008482427618052e-5,3,1
31376,5,3.274771553906187e-4,3,1
31376,1,0,3,1
31376,8,1.7343846958725278e-4,3,1
31376,10,2.706881510675264e-5,3,1
31376,7,2.539377379483647e-4,3,1
31376,19,2.8482995651595996e-5,3,1
31376,11,3.2741635046076736e-5,3,1
31376,3,1.3298165890364068e-6,3,1
31376,12,3.899273955189544e-5,3,1
31376,9,9.764121939493792e-5,3,1
31376,13,7.850466066905597e-5,3,1
31421,2,1.237349597162877e-5,7,6
31421,6,9.299161120898374e-5,7,6
31421,4,3.62743128581932e-5,7,6
31421,17,2.8241663027978443e-5,7,6
31421,5,1.2582017022902718e-4,7,6
31421,1,0,7,6
31421,8,7.321803656228337e-5,7,6
31421,10,0,7,6
31421,7,5.29825384691074e-5,7,6
31421,19,6.93816560744005e-5,7,6
31421,11,2.6335662971844328e-5,7,6
31421,3,0,7,6
31421,12,2.6891544518548576e-7,7,6
31421,9,4.676500507862816e-5,7,6
31421,13,7.468846188653241e-5,7,6
31480,2,0,3,1
31480,6,0.00153090648262093,3,1
31480,4,7.022206633996436e-4,3,1
31480,17,1.868803795679511e-4,3,1
31480,5,9.762758805442128e-4,3,1
31480,1,0,3,1
31480,8,3.442805548992473e-4,3,1
31480,10,6.149328649251415e-5,3,1
31480,7,5.657778215093968e-4,3,1
31480,19,1.2926898026493567e-4,3,1
31480,11,1.0842700881200772e-4,3,1
31480,3,2.127706542458251e-6,3,1
31480,12,1.9899742943725948e-4,3,1
31480,9,1.7395554086940257e-4,3,1
31480,13,1.6518689015780527e-4,3,1
31629,2,0,3,1
31629,6,0.00173979209760841,3,1
31629,4,7.102260289959346e-4,3,1
31629,17,4.434823647362239e-4,3,1
31629,5,0.00101862630966239,3,1
31629,1,0,3,1
31629,8,3.5025223873234136e-4,3,1
31629,10,2.3008492840739743e-4,3,1
31629,7,6.134621061315935e-4,3,1
31629,19,3.052792867273622e-4,3,1
31629,11,1.5421784623152084e-4,3,1
31629,3,4.255413084916502e-6,3,1
31629,12,2.702600224114132e-4,3,1
31629,9,2.158384849782838e-4,3,1
31629,13,2.67679086031295e-4,3,1
31777,2,3.592305282085772e-5,3,1
31777,6,7.10763907329812e-5,3,1
31777,4,3.152112703539547e-5,3,1
31777,17,1.0369985643085834e-5,3,1
31777,5,6.894255902960393e-5,3,1
31777,1,0,3,1
31777,8,3.063733444804765e-5,3,1
31777,10,2.942262511603548e-7,3,1
31777,7,3.746622363172594e-5,3,1
31777,19,1.971899698956646e-5,3,1
31777,11,0,3,1
31777,3,5.319266356145627e-7,3,1
31777,12,5.916139794080687e-6,3,1
31777,9,1.5160084063950888e-5,3,1
31777,13,0,3,1
31882,2,0,3,1
31882,6,4.106635909016692e-5,3,1
31882,4,0,3,1
31882,17,5.560077408633256e-5,3,1
31882,5,3.5209949790119154e-5,3,1
31882,1,0,3,1
31882,8,4.803310909227809e-5,3,1
31882,10,5.884525023207096e-7,3,1
31882,7,2.800505604795677e-5,3,1
31882,19,1.6067330880387485e-5,3,1
31882,11,4.128293114505327e-5,3,1
31882,3,0,3,1
31882,12,5.243851181116973e-5,3,1
31882,9,1.7215688682791686e-5,3,1
31882,13,5.6152639228560865e-5,3,1
31894,2,6.985038048500112e-5,3,1
31894,6,8.924035725363196e-5,3,1
31894,4,8.580751248524323e-5,3,1
31894,17,7.722329734212855e-6,3,1
31894,5,5.810872832495189e-5,3,1
31894,1,0,3,1
31894,8,2.7002396462686065e-5,3,1
31894,10,2.353810009282838e-5,3,1
31894,7,1.967922857423989e-5,3,1
31894,19,1.0224665105701128e-5,3,1
31894,11,0,3,1
31894,3,5.319266356145627e-7,3,1
31894,12,0,3,1
31894,9,2.235470022989368e-5,3,1
31894,13,3.271027527877332e-5,3,1
32015,2,3.991450313428636e-7,7,6
32015,6,6.061236654173675e-5,7,6
32015,4,0,7,6
32015,17,2.4049541172262892e-5,7,6
32015,5,5.146069584709722e-5,7,6
32015,1,0,7,6
32015,8,5.1927685505165505e-6,7,6
32015,10,1.8830480074262703e-5,7,6
32015,7,1.3624081320627616e-5,7,6
32015,19,0,7,6
32015,11,3.653776664562186e-5,7,6
32015,3,0,7,6
32015,12,5.378308903709715e-7,7,6
32015,9,2.029909561105288e-5,7,6
32015,13,1.8535822657971548e-5,7,6
32236,2,1.875981647311459e-5,3,1
32236,6,4.4225309789410525e-5,3,1
32236,4,0,3,1
32236,17,1.5003383483613547e-5,3,1
32236,5,3.865707774159935e-5,3,1
32236,1,0,3,1
32236,8,6.88041832943443e-5,3,1
32236,10,2.6186136353271576e-5,3,1
32236,7,4.011535055518132e-5,3,1
32236,19,2.264032987690964e-5,3,1
32236,11,1.5184526398180517e-5,3,1
32236,3,0,3,1
32236,12,0,3,1
32236,9,2.8264563509060976e-5,3,1
32236,13,8.722740074339552e-6,3,1
32456,2,0,3,1
32456,6,0.00216131458153873,3,1
32456,4,3.972662677159366e-4,3,1
32456,17,5.154103502606065e-4,3,1
32456,5,0.00144237682426935,3,1
32456,1,7.621578751755765e-6,3,1
32456,8,6.594816059156019e-4,3,1
32456,10,1.8889325324494775e-4,3,1
32456,7,0.0010377008605878,3,1
32456,19,4.053349381188661e-4,3,1
32456,11,2.6383114616838644e-4,3,1
32456,3,1.3457743881048438e-4,3,1
32456,12,5.883869940658429e-4,3,1
32456,9,2.597770337060059e-4,3,1
32456,13,4.628503951946425e-4,3,1
32708,2,6.46614950775439e-5,3,1
32708,6,0.00184206312649642,3,1
32708,4,6.136613064906753e-4,3,1
32708,17,4.812114614376639e-4,3,1
32708,5,0.00120674100644317,3,1
32708,1,0,3,1
32708,8,5.577033423254775e-4,3,1
32708,10,1.5858794937543123e-4,3,1
32708,7,9.828260886019422e-4,3,1
32708,19,3.103916192802128e-4,3,1
32708,11,3.5446378810752635e-4,3,1
32708,3,1.8617432246509696e-6,3,1
32708,12,4.0902039212712386e-4,3,1
32708,9,3.1964651822974415e-4,3,1
32708,13,4.290497774065767e-4,3,1
32783,2,3.4326472695486265e-5,4,3
32783,6,2.70485153622734e-5,4,3
32783,4,2.7768611912134108e-5,4,3
32783,17,3.5302078784973054e-6,4,3
32783,5,2.806947046205303e-5,4,3
32783,1,0,4,3
32783,8,1.79150514992821e-5,4,3
32783,10,2.9716851367195833e-5,4,3
32783,7,3.443865000491981e-5,4,3
32783,19,0,4,3
32783,11,2.3725822497157057e-7,4,3
32783,3,2.6596331780728137e-7,4,3
32783,12,0,4,3
32783,9,1.8757392146922285e-5,4,3
32783,13,0,4,3
32936,2,3.233074753877195e-5,3,1
32936,6,0.00144640455141616,3,1
32936,4,4.427967845448412e-4,3,1
32936,17,1.5885935453237873e-4,3,1
32936,5,7.768349062085729e-4,3,1
32936,1,0,3,1
32936,8,2.7313962575717057e-4,3,1
32936,10,1.588821756265916e-4,3,1
32936,7,4.522438105041667e-4,3,1
32936,19,1.4606664436715895e-4,3,1
32936,11,1.482863906072316e-4,3,1
32936,3,1.8617432246509696e-6,3,1
32936,12,1.314996526957025e-4,3,1
32936,9,2.286860138460388e-4,3,1
32936,13,2.033488779830408e-4,3,1
32958,2,3.791877797757204e-5,6,2
32958,6,4.896373583827594e-5,6,2
32958,4,8.705835085966369e-5,6,2
32958,17,2.206379924060816e-6,6,2
32958,5,1.600452263187234e-5,6,2
32958,1,0,6,2
32958,8,1.4280113513920517e-5,6,2
32958,10,7.649882530169225e-6,6,2
32958,7,1.4002528023978385e-5,6,2
32958,19,2.921332887343179e-6,6,2
32958,11,0,6,2
32958,3,8.829982151201742e-5,6,2
32958,12,0,6,2
32958,9,0,6,2
32958,13,1.090342509292444e-5,6,2
33175,2,2.4826820949526115e-4,6,2
33175,6,3.2932061039614625e-4,6,2
33175,4,2.4141180626314788e-4,6,2
33175,17,3.861164867106428e-5,6,2
33175,5,2.3982161605297944e-4,6,2
33175,1,0,6,2
33175,8,5.6341538773104576e-5,6,2
33175,10,1.8242027571941996e-5,6,2
33175,7,1.528924681537099e-4,6,2
33175,19,2.190999665507384e-5,6,2
33175,11,1.7319850422924648e-5,6,2
33175,3,2.1516432410609063e-4,6,2
33175,12,1.6941673046685603e-5,6,2
33175,9,4.882060969746896e-5,6,2
33175,13,5.506229671926842e-5,6,2
33325,2,3.233074753877195e-5,2,5
33325,6,3.2181810248544266e-5,2,5
33325,4,2.7768611912134108e-5,2,5
33325,17,5.24897783934068e-4,2,5
33325,5,7.765886827834672e-4,2,5
33325,1,2.017476728405938e-6,2,5
33325,8,9.36256169658134e-4,2,5
33325,10,0.00150967489470378,2,5
33325,7,5.006849885330649e-4,2,5
33325,19,0.00161987908603179,2,5
33325,11,7.350259809619256e-4,2,5
33325,3,0,2,5
33325,12,8.659077334972642e-4,2,5
33325,9,0.00194434501884604,2,5
33325,13,7.36526365027046e-4,2,5
33506,2,2.3549556849228952e-4,3,1
33506,6,0.00508393628159518,3,1
33506,4,0.00167487258334898,3,1
33506,17,0.00118990069304599,3,1
33506,5,0.00322010995353271,3,1
33506,1,2.241640809339931e-7,3,1
33506,8,0.00138828667198059,3,1
33506,10,5.669739859860037e-4,3,1
33506,7,0.00213557474700837,3,1
33506,19,8.026362107975385e-4,3,1
33506,11,6.201930000756853e-4,3,1
33506,3,6.420354491867773e-4,3,1
33506,12,9.468512824980954e-4,3,1
33506,9,7.968037403781645e-4,3,1
33506,13,0.00106253877530548,3,1
33647,2,0,6,2
33647,6,1.042453730750391e-4,6,2
33647,4,5.278537940054321e-5,6,2
33647,17,2.8682939012790604e-5,6,2
33647,5,9.922804031760852e-5,6,2
33647,1,0,6,2
33647,8,2.648311960763441e-5,6,2
33647,10,1.9418932576583417e-5,6,2
33647,7,6.168681264617503e-5,6,2
33647,19,4.016832720096871e-5,6,2
33647,11,2.301404782224234e-5,6,2
33647,3,0,6,2
33647,12,4.974935735931487e-5,6,2
33647,9,2.6722860044930377e-5,6,2
33647,13,5.45171254646222e-6,6,2
33666,2,2.003708057341175e-4,6,2
33666,6,4.38106975101348e-4,6,2
33666,4,3.6274312858193205e-4,6,2
33666,17,4.898163431415011e-5,6,2
33666,5,2.971916741026141e-4,6,2
33666,1,0,6,2
33666,8,9.269091862672042e-5,6,2
33666,10,2.7951493860233704e-5,6,2
33666,7,1.8808801156533129e-4,6,2
33666,19,2.264032987690964e-5,6,2
33666,11,8.019328004039084e-5,6,2
33666,3,1.4202441170908827e-4,6,2
33666,12,8.390161889787156e-5,6,2
33666,9,4.2910746418301666e-5,6,2
33666,13,3.652647406129687e-5,6,2
33720,2,1.3930161593865938e-4,3,1
33720,6,6.061236654173675e-5,3,1
33720,4,6.579409849451594e-5,3,1
33720,17,2.250507522542032e-5,3,1
33720,5,7.238968698108414e-5,3,1
33720,1,0,3,1
33720,8,4.7254193809700614e-5,3,1
33720,10,1.2063276297574546e-5,3,1
33720,7,4.0872243961882845e-5,3,1
33720,19,4.089866042280451e-5,3,1
33720,11,3.772405777047972e-5,3,1
33720,3,2.6596331780728137e-7,3,1
33720,12,5.7547905269693954e-5,3,1
33720,9,1.8757392146922285e-5,3,1
33720,13,5.45171254646222e-6,3,1
33822,2,9.140421217751576e-5,6,2
33822,6,6.416618607838581e-5,6,2
33822,4,2.4366331533710468e-4,6,2
33822,17,7.281053749400692e-5,6,2
33822,5,1.068609664958861e-4,6,2
33822,1,0,6,2
33822,8,2.622348118010858e-5,6,2
33822,10,0,6,2
33822,7,3.822311703842747e-5,6,2
33822,19,9.056131950763856e-5,6,2
33822,11,4.057115647013856e-5,6,2
33822,3,4.601165398065968e-4,6,2
33822,12,5.996814427636333e-5,6,2
33822,9,2.158384849782838e-5,6,2
33822,13,4.143301535311287e-5,6,2
34253,2,4.0712793196972086e-5,3,1
34253,6,0.00729915045943976,3,1
34253,4,0.0024624004238841,3,1
34253,17,0.00143944226245727,3,1
34253,5,0.00475383566851629,3,1
34253,1,8.966563237359724e-7,3,1
34253,8,0.00210540800880693,3,1
34253,10,9.2063393988075e-4,3,1
34253,7,0.00373678274888547,3,1
34253,19,0.0010692078367676,3,1
34253,11,6.446305972477571e-4,3,1
34253,3,7.71293621641116e-6,3,1
34253,12,0.00116574845487908,3,1
34253,9,0.00129451700871499,3,1
34253,13,0.00162897170888291,3,1
34356,2,6.342414548038102e-4,6,2
34356,6,5.745341584249314e-5,6,2
34356,4,4.97083169994689e-4,6,2
34356,17,1.0590623635491916e-5,6,2
34356,5,2.486856593567856e-5,6,2
34356,1,2.241640809339931e-7,6,2
34356,8,4.154214840413241e-6,6,2
34356,10,0,6,2
34356,7,1.2488741210575316e-5,6,2
34356,19,4.381999331014769e-6,6,2
34356,11,2.3725822497157057e-7,6,2
34356,3,5.029366339735691e-4,6,2
34356,12,0,6,2
34356,9,1.6187886373371286e-5,6,2
34356,13,1.090342509292444e-5,6,2
34363,2,6.825380035962967e-5,3,1
34363,6,0.00397652662709159,3,1
34363,4,0.00118929712639896,3,1
34363,17,3.8126245087770897e-4,3,1
34363,5,0.00255210580122087,3,1
34363,1,2.241640809339931e-7,3,1
34363,8,0.00117875846096725,3,1
34363,10,2.906955361464305e-4,3,1
34363,7,0.00176999523157153,3,1
34363,19,1.7893163934976973e-4,3,1
34363,11,2.970472976644063e-4,3,1
34363,3,2.460160689717353e-4,3,1
34363,12,3.5389272586409926e-4,3,1
34363,9,5.113316489366486e-4,3,1
34363,13,4.42133887518086e-4,3,1
34403,2,8.058738182812416e-4,3,1
34403,6,0.00703794472349605,3,1
34403,4,0.00239085246886725,3,1
34403,17,0.00197162110014074,3,1
34403,5,0.00470557587719557,3,1
34403,1,6.859420876580189e-5,3,1
34403,8,0.00191924725627091,3,1
34403,10,7.390963429148112e-4,3,1
34403,7,0.00326485970980706,3,1
34403,19,0.00137886912282598,3,1
34403,11,0.00123113292937747,3,1
34403,3,5.08521863647522e-4,3,1
34403,12,0.00183212092804871,3,1
34403,9,0.00100287810341695,3,1
34403,13,0.00214252303075965,3,1
34478,2,0,3,1
34478,6,2.594288261753814e-4,3,1
34478,4,1.513514433048751e-4,3,1
34478,17,4.6775254390089294e-5,3,1
34478,5,1.339455432575162e-4,3,1
34478,1,2.241640809339931e-7,3,1
34478,8,5.192768550516551e-5,3,1
34478,10,1.353440755337632e-5,3,1
34478,7,1.150477978186332e-4,3,1
34478,19,2.4831329542417023e-5,3,1
34478,11,8.090505471530555e-5,3,1
34478,3,7.978899534218441e-7,3,1
34478,12,2.6622629073363093e-5,3,1
34478,9,2.8007612931705876e-5,3,1
34478,13,0,3,1
34481,2,4.6300823635772175e-5,3,1
34481,6,0.00884328504811378,3,1
34481,4,0.00221148224597536,3,1
34481,17,0.00320785577159202,3,1
34481,5,0.00531571752460756,3,1
34481,1,2.241640809339931e-7,3,1
34481,8,0.00233492837873976,3,1
34481,10,0.00102390735403803,3,1
34481,7,0.00376819382526358,3,1
34481,19,0.0022465049903669,3,1
34481,11,0.00147693245044802,3,1
34481,3,2.3564349957725132e-4,3,1
34481,12,0.00228712586130255,3,1
34481,9,0.0015370783537382,3,1
34481,13,0.00292048241113981,3,1
34496,2,0,3,1
34496,6,4.837143258216776e-5,3,1
34496,4,0,3,1
34496,17,2.382890317985681e-5,3,1
34496,5,4.2350429118185273e-5,3,1
34496,1,0,3,1
34496,8,1.583794407907548e-5,3,1
34496,10,5.884525023207096e-7,3,1
34496,7,3.633088352167364e-5,3,1
34496,19,8.763998662029538e-6,3,1
34496,11,1.5184526398180517e-5,3,1
34496,3,0,3,1
34496,12,1.6134926711129145e-5,3,1
34496,9,2.081299676576308e-5,3,1
34496,13,1.3084110111509327e-5,3,1
34566,2,1.7163236347743133e-5,3,1
34566,6,0.00197256727725893,3,1
34566,4,9.031053063315688e-4,3,1
34566,17,8.247448156139329e-4,3,1
34566,5,0.00148842060476412,3,1
34566,1,4.483281618679862e-7,3,1
34566,8,9.009453435146216e-4,3,1
34566,10,3.2629691253683343e-4,3,1
34566,7,0.00142674407163239,3,1
34566,19,5.930305761306653e-4,3,1
34566,11,2.5339178426963735e-4,3,1
34566,3,1.8617432246509696e-6,3,1
34566,12,6.760534291963112e-4,3,1
34566,9,4.553164230732368e-4,3,1
34566,13,9.169780503149454e-4,3,1
34579,2,0,3,1
34579,6,2.981259722411156e-5,3,1
34579,4,0,3,1
34579,17,2.51527311342933e-5,3,1
34579,5,4.752112104540557e-5,3,1
34579,1,0,3,1
34579,8,2.1809627912169512e-5,3,1
34579,10,2.942262511603548e-7,3,1
34579,7,2.724816264125523e-5,3,1
34579,19,5.331432519401302e-5,3,1
34579,11,2.3725822497157057e-7,3,1
34579,3,0,3,1
34579,12,3.5765754209669606e-5,3,1
34579,9,2.9806266973191576e-5,3,1
34579,13,1.1448596347570664e-5,3,1
34593,2,1.1575205908943044e-5,3,1
34593,6,4.5390172859756606e-4,3,1
34593,4,2.156445357500865e-4,3,1
34593,17,6.95009676079157e-5,3,1
34593,5,2.7183066131672407e-4,3,1
34593,1,0,3,1
34593,8,1.4461860413188593e-4,3,1
34593,10,2.912839886487512e-5,3,1
34593,7,2.0587500662281732e-4,3,1
34593,19,3.140432853893918e-5,3,1
34593,11,5.646745754323379e-5,3,1
34593,3,5.319266356145627e-7,3,1
34593,12,7.018693119341179e-5,3,1
34593,9,7.220311223678305e-5,3,1
34593,13,6.051400926573064e-5,3,1
34669,2,2.754100716265759e-5,3,1
34669,6,0.00161185459428905,3,1
34669,4,5.120932304877344e-4,3,1
34669,17,3.027153255811439e-4,3,1
34669,5,9.81692795896539e-4,3,1
34669,1,2.241640809339931e-7,3,1
34669,8,3.754371662023466e-4,3,1
34669,10,1.815375969659389e-4,3,1
34669,7,6.622817308638425e-4,3,1
34669,19,2.117966343323805e-4,3,1
34669,11,1.3428815533390892e-4,3,1
34669,3,1.3298165890364068e-6,3,1
34669,12,2.0330007656022724e-4,3,1
34669,9,1.8115015703534535e-4,3,1
34669,13,2.5295946215584704e-4,3,1
34697,2,2.2751266786543225e-5,3,1
34697,6,0.01552505808027012,3,1
34697,4,0.00365469956238168,3,1
34697,17,0.00391213224335223,3,1
34697,5,0.0099380698841174,3,1
34697,1,0.00793025269120187,3,1
34697,8,0.00405373476896074,3,1
34697,10,0.00141758207809058,3,1
34697,7,0.00659329846577706,3,1
34697,19,0.00259487393718257,3,1
34697,11,0.00182973543098075,3,1
34697,3,1.0638532712291256e-5,3,1
34697,12,0.00320305186760432,3,1
34697,9,0.00198391540775872,3,1
34697,13,0.00369571593524673,3,1
34701,2,1.0018540286705875e-4,5,8
34701,6,1.0937866796130996e-4,5,8
34701,4,2.80187795870182e-5,5,8
34701,17,3.883228666347035e-5,5,8
34701,5,1.0833830704652048e-4,5,8
34701,1,0,5,8
34701,8,4.284034054176154e-5,5,8
34701,10,0,5,8
34701,7,5.75238989093166e-5,5,8
34701,19,6.207832385604255e-5,5,8
34701,11,1.4947268173208943e-5,5,8
34701,3,6.542697618059122e-5,5,8
34701,12,3.684141599041155e-5,5,8
34701,9,3.4174426788228275e-5,5,8
34701,13,2.998441900554221e-5,5,8
34985,2,1.5965801253714543e-6,3,1
34985,6,3.200411927171181e-4,3,1
34985,4,5.753856522334095e-5,3,1
34985,17,8.450435109152924e-5,3,1
34985,5,1.9747118693479412e-4,3,1
34985,1,0,3,1
34985,8,7.529514398248998e-5,3,1
34985,10,3.265911387879938e-5,3,1
34985,7,1.26779645622507e-4,3,1
34985,19,6.572998996522153e-5,3,1
34985,11,3.653776664562186e-5,3,1
34985,3,3.4841194632753864e-5,3,1
34985,12,6.480862228970207e-5,3,1
34985,9,5.961253394638315e-5,3,1
34985,13,6.814640683077775e-5,3,1
35045,2,1.5167511191028817e-5,3,1
35045,6,0.00427820641886936,3,1
35045,4,9.856606390433189e-4,3,1
35045,17,9.63084836852546e-4,3,1
35045,5,0.0028842612016885,3,1
35045,1,0,3,1
35045,8,0.00121069398755293,3,1
35045,10,2.2861379715159567e-4,3,1
35045,7,0.00224873031131025,3,1
35045,19,6.273562375569478e-4,3,1
35045,11,5.093934090139619e-4,3,1
35045,3,1.8617432246509696e-6,3,1
35045,12,9.446999589366116e-4,3,1
35045,9,6.292719639426394e-4,3,1
35045,13,0.00101783473242449,3,1
35175,2,1.7722039391623144e-4,6,2
35175,6,2.1125482801191636e-5,6,2
35175,4,1.2758551419088645e-4,6,2
35175,17,1.0590623635491916e-5,6,2
35175,5,3.47175029399077e-5,6,2
35175,1,0,6,2
35175,8,2.0251797347014548e-5,6,2
35175,10,1.5888217562659157e-5,6,2
35175,7,1.5137868134030684e-5,6,2
35175,19,5.112332552850564e-6,6,2
35175,11,0,6,2
35175,3,7.952303202437713e-5,6,2
35175,12,8.067463355564572e-6,6,2
35175,9,2.6208958890220177e-5,6,2
35175,13,0,6,2
35419,2,2.590451253415185e-4,6,2
35419,6,7.267560952447328e-4,6,2
35419,4,5.778873289822503e-4,6,2
35419,17,1.5179893877538412e-4,6,2
35419,5,4.626538157736635e-4,6,2
35419,1,0,6,2
35419,8,2.074511035931362e-4,6,2
35419,10,4.178012766477038e-5,6,2
35419,7,3.5952436818322876e-4,6,2
35419,19,9.78646517259965e-5,6,2
35419,11,6.761859411689761e-5,6,2
35419,3,4.970854409818089e-4,6,2
35419,12,1.532818037557269e-4,6,2
35419,9,5.755692932754235e-5,6,2
35419,13,1.090342509292444e-4,6,2
35592,2,2.833929722534331e-5,4,3
35592,6,2.6061343268759775e-5,4,3
35592,4,8.755868620943187e-6,4,3
35592,17,5.515949810152039e-6,4,3
35592,5,2.7823247036947303e-5,4,3
35592,1,0,4,3
35592,8,2.0511435774540375e-5,4,3
35592,10,0,4,3
35592,7,9.461167583769178e-6,4,3
35592,19,1.6067330880387485e-5,4,3
35592,11,2.3725822497157057e-7,4,3
35592,3,0,4,3
35592,12,9.412040581492005e-6,4,3
35592,9,6.937665588587694e-6,4,3
35592,13,5.996883801108442e-6,4,3
35631,2,1.5167511191028817e-5,3,1
35631,6,0.00341364109937012,3,1
35631,4,9.211173789232233e-4,3,1
35631,17,0.00101405221309835,3,1
35631,5,0.00226648662809822,3,1
35631,1,0,3,1
35631,8,9.98050115409281e-4,3,1
35631,10,4.907693869354718e-4,3,1
35631,7,0.00171587735299237,3,1
35631,19,6.821312291946323e-4,3,1
35631,11,3.392792617093459e-4,3,1
35631,3,3.457523131494658e-6,3,1
35631,12,9.17270583527692e-4,3,1
35631,9,4.91803405057661e-4,3,1
35631,13,9.464172980658414e-4,3,1
35676,2,0,4,3
35676,6,3.652536746000423e-5,4,3
35676,4,0,4,3
35676,17,1.67684874228622e-5,4,3
35676,5,6.475676080280655e-5,4,3
35676,1,0,4,3
35676,8,3.271444186825427e-5,4,3
35676,10,1.3240181302215964e-5,4,3
35676,7,1.438097472732915e-5,4,3
35676,19,2.7752662429760203e-5,4,3
35676,11,2.3725822497157057e-7,4,3
35676,3,0,4,3
35676,12,4.4908879345976125e-5,4,3
35676,9,1.9014342724277385e-5,4,3
35676,13,4.034267284382043e-5,4,3
35702,2,7.982900626857273e-6,3,1
35702,6,6.132313044906656e-4,3,1
35702,4,3.094574138316206e-4,3,1
35702,17,8.913774893205695e-5,3,1
35702,5,3.3461763471868484e-4,3,1
35702,1,0,3,1
35702,8,1.622740172036422e-4,3,1
35702,10,9.444662662247388e-5,3,1
35702,7,2.482610373981032e-4,3,1
35702,19,7.01119892962363e-5,3,1
35702,11,9.134441661405464e-5,3,1
35702,3,5.319266356145627e-7,3,1
35702,12,8.067463355564574e-5,3,1
35702,9,6.577934780290554e-5,3,1
35702,13,8.722740074339552e-5,3,1
35782,2,1.0657172336854458e-4,4,3
35782,6,0.00125785468155506,4,3
35782,4,0.00155604293777904,4,3
35782,17,1.544465946842571e-5,4,3
35782,5,3.858321071406763e-4,4,3
35782,1,0,4,3
35782,8,6.776562958424098e-5,4,3
35782,10,6.237596524599522e-5,4,3
35782,7,1.6727344288103906e-4,4,3
35782,19,5.112332552850564e-6,4,3
35782,11,2.3725822497157057e-7,4,3
35782,3,5.319266356145627e-6,4,3
35782,12,5.808573616006493e-5,4,3
35782,9,7.477261801033404e-5,4,3
35782,13,2.2352021440495103e-5,4,3
35866,2,1.7562381379086e-5,3,1
35866,6,5.686111258638496e-5,3,1
35866,4,2.8519114936786386e-5,3,1
35866,17,3.0006766967227094e-5,3,1
35866,5,7.829904918362162e-5,3,1
35866,1,0,3,1
35866,8,2.933914231041851e-5,3,1
35866,10,2.5597683850950865e-5,3,1
35866,7,4.427826429203975e-5,3,1
35866,19,4.7471659419326665e-5,3,1
35866,11,6.263617139249463e-5,3,1
35866,3,2.6596331780728137e-7,3,1
35866,12,3.684141599041155e-5,3,1
35866,9,6.243899029728925e-5,3,1
35866,13,1.1993767602216885e-5,3,1
35869,2,0.00150078531784916,6,2
35869,6,6.041493212303402e-5,6,2
35869,4,8.40563387610546e-4,6,2
35869,17,1.1914451589928404e-5,6,2
35869,5,3.397883266459051e-5,6,2
35869,1,4.483281618679862e-7,6,2
35869,8,2.6742758035160235e-5,6,2
35869,10,0,6,2
35869,7,3.254641648816597e-5,6,2
35869,19,1.2415664771208511e-5,6,2
35869,11,0,6,2
35869,3,8.936367478324655e-4,6,2
35869,12,8.33637880075006e-6,6,2
35869,9,9.250220784783593e-6,6,2
35869,13,0,6,2
35929,2,8.182473142528703e-5,6,2
35929,6,5.729546830753096e-4,6,2
35929,4,4.940811578960798e-4,6,2
35929,17,1.1473175605116242e-5,6,2
35929,5,2.705995441911954e-4,6,2
35929,1,0,6,2
35929,8,8.022827410548071e-5,6,2
35929,10,1.853625382310235e-5,6,2
35929,7,1.3094255935936543e-4,6,2
35929,19,8.763998662029538e-6,6,2
35929,11,0,6,2
35929,3,3.300604773988362e-4,6,2
35929,12,0,6,2
35929,9,1.8243490992212085e-5,6,2
35929,13,2.5623048968372436e-5,6,2
35941,2,0.00110004370638093,6,2
35941,6,0.00114156580893915,6,2
35941,4,0.00106246211523273,6,2
35941,17,2.10929920740214e-4,6,2
35941,5,7.130630391061893e-4,6,2
35941,1,0,6,2
35941,8,2.7573601003242883e-4,6,2
35941,10,8.91505541015875e-5,6,2
35941,7,5.203642171073047e-4,6,2
35941,19,1.694373074659044e-4,6,2
35941,11,1.0676620123720674e-4,6,2
35941,3,0.00124204869416,6,2
35941,12,2.3960366166026785e-4,6,2
35941,9,1.5571204987719047e-4,6,2
35941,13,2.1152644680273415e-4,6,2
36094,2,0,6,2
36094,6,1.1806578238422987e-4,6,2
36094,4,0,6,2
36094,17,4.2583132534373743e-05,6,2
36094,5,1.6890926962252964e-4,6,2
36094,1,0,6,2
36094,8,3.764757199124499e-5,6,2
36094,10,2.589191010211122e-5,6,2
36094,7,8.40151681438703e-5,6,2
36094,19,3.067399531710338e-5,6,2
36094,11,2.182775669738449e-5,6,2
36094,3,0,6,2
36094,12,3.442117698374218e-5,6,2
36094,9,1.7986540414856986e-5,6,2
36094,13,1.5264795130094218e-5,6,2
36159,2,1.7163236347743133e-5,3,1
36159,6,0.00512322573091702,3,1
36159,4,0.00101117774188149,3,1
36159,17,0.00131742945265671,3,1
36159,5,0.00339911438358458,3,1
36159,1,0,3,1
36159,8,0.00155367635031455,3,1
36159,10,6.072829823949722e-4,3,1
36159,7,0.00250948008991893,3,1
36159,19,8.493775369950294e-4,3,1
36159,11,6.035849243276755e-4,3,1
36159,3,4.255413084916502e-6,3,1
36159,12,0.00106194709303748,3,1
36159,9,6.703840563194554e-4,3,1
36159,13,0.00138637050056534,3,1
36244,2,0,3,1
36244,6,5.39588266314549e-4,3,1
36244,4,2.744339393478479e-4,3,1
36244,17,2.713847306594803e-5,3,1
36244,5,1.6521591824594371e-4,3,1
36244,1,0,3,1
36244,8,1.6772642418168458e-4,3,1
36244,10,3.0334726494632576e-4,3,1
36244,7,1.127771175985286e-4,3,1
36244,19,3.505599464811815e-5,3,1
36244,11,1.2622137568487553e-4,3,1
36244,3,1.3298165890364068e-6,3,1
36244,12,1.1375123331346049e-4,3,1
36244,9,1.7729589837501886e-4,3,1
36244,13,9.43146270537964e-5,3,1
36268,2,2.0555969114157476e-4,6,2
36268,6,9.081983260325375e-6,6,2
36268,4,1.1132461532342052e-4,6,2
36268,17,2.206379924060816e-6,6,2
36268,5,1.748186318250671e-5,6,2
36268,1,0,6,2
36268,8,0,6,2
36268,10,1.1180597544093482e-5,6,2
36268,7,3.406020330156904e-6,6,2
36268,19,7.303332218357948e-6,6,2
36268,11,0,6,2
36268,3,2.3085615985672024e-4,6,2
36268,12,6.453970684451659e-6,6,2
36268,9,9.764121939493793e-6,6,2
36268,13,0,6,2
36277,2,5.268714413725799e-5,3,1
36277,6,1.915113861416438e-5,3,1
36277,4,3.302213308470002e-5,3,1
36277,17,9.92870965827367e-6,3,1
36277,5,2.733080018673585e-5,3,1
36277,1,0,3,1
36277,8,8.568068108352308e-6,3,1
36277,10,2.942262511603548e-7,3,1
36277,7,7.568934067015342e-6,3,1
36277,19,1.4606664436715897e-5,3,1
36277,11,7.117746749147116e-7,3,1
36277,3,0,3,1
36277,12,2.3395643731137266e-5,3,1
36277,9,1.6187886373371286e-5,3,1
36277,13,5.996883801108442e-6,3,1
36447,2,3.340843912339768e-4,6,2
36447,6,8.173784934292838e-5,6,2
36447,4,2.206478892477683e-4,6,2
36447,17,1.544465946842571e-5,6,2
36447,5,1.0587607279546318e-4,6,2
36447,1,0,6,2
36447,8,2.5444565897531094e-5,6,2
36447,10,9.415240037131351e-6,6,2
36447,7,3.292486319151674e-5,6,2
36447,19,8.179732084560902e-5,6,2
36447,11,1.2337427698521668e-5,6,2
36447,3,3.609122222644808e-4,6,2
36447,12,1.0487702362233943e-5,6,2
36447,9,4.470940045978736e-5,6,2
36447,13,1.5264795130094218e-5,6,2
36573,2,3.472561772682913e-5,2,5
36573,6,2.9615162805408836e-6,2,5
36573,4,4.027699565633866e-5,2,5
36573,17,2.3277308198841609e-4,2,5
36573,5,6.401809052748937e-6,2,5
36573,1,4.483281618679862e-6,2,5
36573,8,4.7384013023463525e-4,2,5
36573,10,1.6035330688239337e-4,2,5
36573,7,1.1353401100523013e-6,2,5
36573,19,2.5707729408619976e-4,2,5
36573,11,0.00149235423507117,2,5
36573,3,0,2,5
36573,12,4.095582230174949e-4,2,5
36573,9,6.811759805683696e-4,2,5
36573,13,5.228192332057269e-4,2,5
36774,2,7.464012086111549e-5,6,2
36774,6,5.3504727468438625e-5,6,2
36774,4,2.2515090739568197e-5,6,2
36774,17,2.1622523255795996e-5,6,2
36774,5,6.918878245470967e-5,6,2
36774,1,0,6,2
36774,8,3.8426487273822475e-5,6,2
36774,10,2.824572011139406e-5,6,2
36774,7,3.0275736268061368e-5,6,2
36774,19,2.3370663098745433e-5,6,2
36774,11,1.826888332281093e-5,6,2
36774,3,1.170238598352038e-4,6,2
36774,12,1.4252518594830746e-5,6,2
36774,9,5.2417917780440354e-5,6,2
36774,13,2.72585627323111e-5,6,2
36819,2,0,1,4
36819,6,5.528163723676316e-6,1,4
36819,4,0,1,4
36819,17,0.0010306000625288,1,4
36819,5,8.125373028489035e-6,1,4
36819,1,0,1,4
36819,8,2.336745847732448e-6,1,4
36819,10,1.1474823795253835e-5,1,4
36819,7,5.676700550261507e-6,1,4
36819,19,0.00182145105525847,1,4
36819,11,1.8506141547782503e-5,1,4
36819,3,0,1,4
36819,12,7.959897177490378e-5,1,4
36819,9,9.507171362138693e-6,1,4
36819,13,1.2975075860580083e-4,1,4
37150,2,1.3451187556254502e-4,3,1
37150,6,6.442285082269935e-4,3,1
37150,4,3.4623206203958205e-4,3,1
37150,17,1.663610462741855e-4,3,1
37150,5,4.845677006080734e-4,3,1
37150,1,0,3,1
37150,8,2.661293882139732e-4,3,1
37150,10,4.61935214321757e-5,3,1
37150,7,3.383313527955858e-4,3,1
37150,19,1.1758364871556296e-4,3,1
37150,11,1.3333912243402264e-4,3,1
37150,3,1.31385878996797e-4,3,1
37150,12,1.3929820060608165e-4,3,1
37150,9,8.556454225924823e-5,3,1
37150,13,1.8971959661688527e-4,3,1
37199,2,1.436922112834309e-5,2,5
37199,6,3.964483127550729e-4,2,5
37199,4,1.0006706995363644e-5,2,5
37199,17,0.00919001365969811,2,5
37199,5,0.0029704394004755,2,5
37199,1,8.697566340238932e-5,2,5
37199,8,0.01652468771988129,2,5
37199,10,0.02334449921956486,2,5
37199,7,0.00383555733846002,2,5
37199,19,0.0144518337936867,2,5
37199,11,0.01664247819063081,2,5
37199,3,7.978899534218441e-7,2,5
37199,12,0.01528031342632967,2,5
37199,9,0.02141503196850608,2,5
37199,13,0.01443122828174014,2,5
37279,2,0,3,1
37279,6,0.00130997736809258,3,1
37279,4,8.720845146459414e-4,3,1
37279,17,1.2024770586131446e-4,3,1
37279,5,6.22699042092387e-4,3,1
37279,1,0,3,1
37279,8,3.336353793706884e-4,3,1
37279,10,9.650621038059635e-5,3,1
37279,7,5.120383896335879e-4,3,1
37279,19,4.7471659419326665e-5,3,1
37279,11,5.5281166418375935e-5,3,1
37279,3,3.723486449301939e-6,3,1
37279,12,1.7237480036389635e-4,3,1
37279,9,1.6830262816759035e-4,3,1
37279,13,2.3442363949787543e-4,3,1
37331,2,9.180335720885864e-5,3,1
37331,6,0.00162192374964289,3,1
37331,4,4.495513117667117e-4,3,1
37331,17,5.595379487418229e-4,3,1
37331,5,0.0011478936078429,3,1
37331,1,0,3,1
37331,8,4.5852146301061144e-4,3,1
37331,10,2.0919486457501225e-4,3,1
37331,7,7.538658330747281e-4,3,1
37331,19,3.7173960991441953e-4,3,1
37331,11,2.6999986001764725e-4,3,1
37331,3,1.3298165890364068e-6,3,1
37331,12,4.14667616476019e-4,3,1
37331,9,2.911250041433281e-4,3,1
37331,13,6.536603343208202e-4,3,1
37419,2,4.151108325965781e-5,3,1
37419,6,0.01573038987572095,3,1
37419,4,0.0038918585181718,3,1
37419,17,0.00481034951043739,3,1
37419,5,0.01003532813703417,3,1
37419,1,1.3449844856039586e-6,3,1
37419,8,0.00455146163452775,3,1
37419,10,0.00161736170262847,3,1
37419,7,0.00739938994391419,3,1
37419,19,0.00332447682579653,3,1
37419,11,0.00239701984688777,3,1
37419,3,1.2500275936942225e-5,3,1
37419,12,0.00395305704422664,3,1
37419,9,0.00246492688856747,3,1
37419,13,0.00377094956838791,3,1
37442,2,7.064867054768685e-5,6,2
37442,6,5.5479071655465885e-5,6,2
37442,4,3.6524480533077296e-5,6,2
37442,17,1.5003383483613547e-5,6,2
37442,5,6.180207970153781e-5,6,2
37442,1,0,6,2
37442,8,3.764757199124499e-5,6,2
37442,10,1.529976506033845e-5,6,2
37442,7,3.141107637811367e-5,6,2
37442,19,3.213466176077497e-5,6,2
37442,11,1.0202103673777532e-5,6,2
37442,3,1.183536764242402e-4,6,2
37442,12,2.1513235614838863e-5,6,2
37442,9,8.993270207428493e-6,6,2
37442,13,1.3084110111509327e-5,6,2
37494,2,7.064867054768685e-5,3,1
37494,6,4.086892467146419e-5,3,1
37494,4,2.876928261167047e-5,3,1
37494,17,1.963678132414126e-5,3,1
37494,5,7.534436808235288e-5,3,1
37494,1,0,3,1
37494,8,2.648311960763441e-5,3,1
37494,10,0,3,1
37494,7,1.551631483738145e-5,3,1
37494,19,1.0224665105701128e-5,3,1
37494,11,0,3,1
37494,3,2.6596331780728137e-7,3,1
37494,12,8.067463355564572e-6,3,1
37494,9,2.261165080724878e-5,3,1
37494,13,5.45171254646222e-7,3,1
37500,2,1.1974350940285908e-5,3,1
37500,6,0.04094651639801436,3,1
37500,4,0.0112810611312232,3,1
37500,17,0.01067446607260622,3,1
37500,5,0.02582317415481347,3,1
37500,1,1.3449844856039586e-6,3,1
37500,8,0.01156325700829025,3,1
37500,10,0.00583303542925403,3,1
37500,7,0.01887502932961951,3,1
37500,19,0.00766265616350115,3,1
37500,11,0.0051833804409539,3,1
37500,3,3.1623038487285757e-4,3,1
37500,12,0.00876207195047868,3,1
37500,9,0.00820211937975214,3,1
37500,13,0.01083309800107507,3,1
37554,2,1.0856744852525888e-4,3,1
37554,6,3.869714606573421e-5,3,1
37554,4,1.3358953838810462e-4,3,1
37554,17,9.046157688649344e-6,3,1
37554,5,4.702867419519411e-5,3,1
37554,1,0,3,1
37554,8,4.232106368670989e-5,3,1
37554,10,2.942262511603548e-7,3,1
37554,7,2.232835549769526e-5,3,1
37554,19,4.381999331014769e-6,3,1
37554,11,0,3,1
37554,3,7.978899534218441e-7,3,1
37554,12,0,3,1
37554,9,2.235470022989368e-5,3,1
37554,13,2.6168220223018655e-5,3,1
37563,2,1.1974350940285908e-5,7,6
37563,6,2.4876736756543425e-5,7,6
37563,4,2.3265593764220468e-5,7,6
37563,17,5.074673825339876e-6,7,6
37563,5,1.1572500979969232e-5,7,6
37563,1,0,7,6
37563,8,2.129035105711786e-5,7,6
37563,10,2.9716851367195833e-5,7,6
37563,7,1.7408548354135286e-5,7,6
37563,19,4.381999331014769e-6,7,6
37563,11,2.1353240247441343e-5,7,6
37563,3,2.513353353278809e-4,7,6
37563,12,2.6891544518548576e-7,7,6
37563,9,2.6979810622285477e-5,7,6
37563,13,1.9626165167263992e-5,7,6
37733,2,1.0657172336854458e-4,4,3
37733,6,1.790730177633721e-4,4,3
37733,4,8.255533271175005e-5,4,3
37733,17,5.3615032154677827e-05,4,3
37733,5,1.0809208362141476e-4,4,3
37733,1,0,4,3
37733,8,5.712045405568206e-5,4,3
37733,10,0,4,3
37733,7,1.1315556430187936e-4,4,3
37733,19,2.9213328873431793e-5,4,3
37733,11,4.50790627445984e-6,4,3
37733,3,0,4,3
37733,12,2.8773952634846977e-5,4,3
37733,9,3.520222909764867e-5,4,3
37733,13,9.540496956308886e-5,4,3
37812,2,1.1335718890137326e-4,3,1
37812,6,0.00582016922893764,3,1
37812,4,0.00190252516749351,3,1
37812,17,0.00126844781834256,3,1
37812,5,0.00319080936594513,3,1
37812,1,0,3,1
37812,8,0.0014306077356673,3,1
37812,10,6.714243051479296e-4,3,1
37812,7,0.00245876823166993,3,1
37812,19,8.997705293016992e-4,3,1
37812,11,7.186551634388871e-4,3,1
37812,3,1.3936477853101546e-4,3,1
37812,12,0.00102429893071151,3,1
37812,9,9.19626116353902e-4,3,1
37812,13,0.00154501533566739,3,1
37939,2,1.0138283796108736e-4,7,6
37939,6,4.6002219557735055e-5,7,6
37939,4,7.104761966708186e-5,7,6
37939,17,1.7430401400080445e-5,7,6
37939,5,6.820388875428676e-5,7,6
37939,1,0,7,6
37939,8,3.557046457103837e-5,7,6
37939,10,0,7,6
37939,7,3.784467033507671e-5,7,6
37939,19,2.190999665507384e-5,7,6
37939,11,1.5184526398180517e-5,7,6
37939,3,0,7,6
37939,12,2.6891544518548576e-7,7,6
37939,9,2.9292365818481376e-5,7,6
37939,13,3.543613155200443e-5,7,6
38086,2,3.991450313428636e-7,2,5
38086,6,3.3563851179463347e-6,2,5
38086,4,8.655801550989551e-5,2,5
38086,17,2.382890317985681e-5,2,5
38086,5,9.848937004229133e-7,2,5
38086,1,0,2,5
38086,8,5.1927685505165505e-6,2,5
38086,10,1.1474823795253835e-5,2,5
38086,7,3.784467033507671e-6,2,5
38086,19,1.1685331549372716e-5,2,5
38086,11,7.829521424061828e-6,2,5
38086,3,7.978899534218441e-7,2,5
38086,12,1.1563364142975889e-5,2,5
38086,9,0,2,5
38086,13,0,2,5
38104,2,2.0116909579680323e-4,6,2
38104,6,1.1016840563612086e-4,6,2
38104,4,6.554393081963185e-5,6,2
38104,17,3.839101067865819e-5,6,2
38104,5,1.0415250881972308e-4,6,2
38104,1,0,6,2
38104,8,6.932346014939595e-5,6,2
38104,10,8.238335032489934e-6,6,2
38104,7,6.622817308638425e-5,6,2
38104,19,4.9662659084834045e-5,6,2
38104,11,8.066779649033398e-6,6,2
38104,3,4.957556243927725e-4,6,2
38104,12,2.7160459963734063e-5,6,2
38104,9,4.625110392391796e-5,6,2
38104,13,3.4345789042711984e-5,6,2
38215,2,3.791877797757204e-5,3,1
38215,6,9.245853827848638e-4,3,1
38215,4,4.735674085555844e-4,3,1
38215,17,1.0833325427138606e-4,3,1
38215,5,6.276235105945016e-4,3,1
38215,1,0,3,1
38215,8,1.9940231233983555e-4,3,1
38215,10,6.620090651107982e-5,3,1
38215,7,4.295370083031207e-4,3,1
38215,19,6.719065640889313e-5,3,1
38215,11,1.0415636076251946e-4,3,1
38215,3,3.457523131494658e-5,3,1
38215,12,9.600281393121842e-5,3,1
38215,9,1.251349311719336e-4,3,1
38215,13,1.4828658126377238e-4,3,1
38304,2,3.045476589146049e-4,3,1
38304,6,3.47484576916797e-5,3,1
38304,4,2.459148244110615e-4,3,1
38304,17,0,3,1
38304,5,2.9300587587581673e-5,3,1
38304,1,0,3,1
38304,8,3.894576412887413e-6,3,1
38304,10,9.121013785970998e-6,3,1
38304,7,1.2867187913926082e-5,3,1
38304,19,6.572998996522153e-6,3,1
38304,11,0,3,1
38304,3,7.978899534218441e-7,3,1
38304,12,1.2907941368903316e-5,3,1
38304,9,4.5480252191852665e-5,3,1
38304,13,2.780373398695732e-5,3,1
38311,2,0,4,3
38311,6,6.910204654595394e-6,4,3
38311,4,0,4,3
38311,17,1.566529746083179e-5,4,3
38311,5,7.879149603383306e-6,4,3
38311,1,0,4,3
38311,8,1.2722282948765547e-5,4,3
38311,10,1.294595505105561e-5,4,3
38311,7,4.919807143559973e-6,4,3
38311,19,5.5505324859520406e-5,4,3
38311,11,2.3725822497157057e-7,4,3
38311,3,0,4,3
38311,12,1.667275760150012e-5,4,3
38311,9,2.569505773550998e-7,4,3
38311,13,3.325544653341954e-5,4,3
38323,2,5.907346463874381e-5,3,1
38323,6,2.823312187448975e-5,3,1
38323,4,5.053387032658639e-5,3,1
38323,17,1.3458917536770976e-5,3,1
38323,5,4.850601474582848e-5,3,1
38323,1,0,3,1
38323,8,1.895360520938541e-5,3,1
38323,10,0,3,1
38323,7,2.724816264125523e-5,3,1
38323,19,2.6291995986088613e-5,3,1
38323,11,8.066779649033398e-6,3,1
38323,3,2.6596331780728137e-7,3,1
38323,12,1.3445772259274287e-5,3,1
38323,9,2.184079907518348e-5,3,1
38323,13,0,3,1
38686,2,6.797439883768967e-4,4,3
38686,6,4.864784076835158e-4,4,3
38686,4,7.700161032932323e-4,4,3
38686,17,7.082479556235219e-5,4,3
38686,5,3.2033667606255257e-4,4,3
38686,1,2.241640809339931e-7,4,3
38686,8,1.6383184776879716e-4,4,3
38686,10,4.560506892985499e-5,4,3
38686,7,1.6954412310114366e-4,4,3
38686,19,4.4550326531983485e-5,4,3
38686,11,1.755710864789622e-5,4,3
38686,3,3.016024023934571e-4,4,3
38686,12,4.195080944893578e-5,4,3
38686,9,2.8007612931705876e-5,4,3
38686,13,6.323986553896176e-5,4,3
38794,2,3.751963294622918e-5,1,4
38794,6,2.566647443135432e-5,1,4
38794,4,4.47800138042523e-5,1,4
38794,17,1.4628298896523207e-4,1,4
38794,5,3.422505608969624e-5,1,4
38794,1,0,1,4
38794,8,4.803310909227809e-5,1,4
38794,10,3.501292388808222e-5,1,4
38794,7,4.314292418198745e-5,1,4
38794,19,1.5117897692000954e-4,1,4
38794,11,7.948150536547613e-5,1,4
38794,3,0,1,4
38794,12,1.6108035166610598e-4,1,4
38794,9,3.186187159203237e-5,1,4
38794,13,6.978192059471641e-5,1,4
38926,2,3.991450313428636e-7,3,1
38926,6,0.0015940854966058,3,1
38926,4,4.733172408807002e-4,3,1
38926,17,5.001863287845869e-4,3,1
38926,5,9.972048716781997e-4,3,1
38926,1,0,3,1
38926,8,4.328172586855545e-4,3,1
38926,10,2.483269559793394e-4,3,1
38926,7,8.079837116538878e-4,3,1
38926,19,2.797176239631094e-4,3,1
38926,11,3.046395608634966e-4,3,1
38926,3,1.0638532712291257e-6,3,1
38926,12,6.163542003651334e-4,3,1
38926,9,2.8598599259622607e-4,3,1
38926,13,4.639407377039349e-4,3,1
39017,2,2.155383169251463e-5,3,1
39017,6,5.587394049287133e-4,3,1
39017,4,7.00469489675455e-5,3,1
39017,17,1.5665297460831792e-4,3,1
39017,5,3.2230646346339837e-4,3,1
39017,1,0,3,1
39017,8,1.3241559803817203e-4,3,1
39017,10,4.501661642753428e-5,3,1
39017,7,2.554515247617678e-4,3,1
39017,19,1.146623158282198e-4,3,1
39017,11,5.978907269283577e-5,3,1
39017,3,2.6596331780728137e-7,3,1
39017,12,1.4440759406460587e-4,3,1
39017,9,4.907756027482406e-5,3,1
39017,13,1.0249219587348974e-4,3,1
39111,2,1.0218112802377308e-4,6,2
39111,6,2.4284433500435245e-5,6,2
39111,4,5.4036217774963667e-5,6,2
39111,17,2.6917835073541953e-5,6,2
39111,5,9.602713579123403e-6,6,2
39111,1,0,6,2
39111,8,8.827706535878137e-6,6,2
39111,10,6.76720377668816e-6,6,2
39111,7,3.784467033507671e-6,6,2
39111,19,5.842665774686358e-6,6,2
39111,11,3.962212357025228e-5,6,2
39111,3,1.0239587735580334e-4,6,2
39111,12,4.248864033930675e-5,6,2
39111,9,2.543810715815488e-5,6,2
39111,13,3.9797501589174206e-5,6,2
39215,2,1.357093106565736e-5,3,1
39215,6,0.01273669178493152,3,1
39215,4,0.00322165931715732,3,1
39215,17,0.00242061941468712,3,1
39215,5,0.00838341517799983,3,1
39215,1,4.483281618679862e-7,3,1
39215,8,0.00343968988786216,3,1
39215,10,0.00112835767319996,3,1
39215,7,0.00594350547612379,3,1
39215,19,0.00152274476752763,3,1
39215,11,0.00133101864209051,3,1
39215,3,1.7580175307061298e-4,3,1
39215,12,0.00211448214549347,3,1
39215,9,0.00165578952047626,3,1
39215,13,0.00274875346592625,3,1
39358,2,0,7,6
39358,6,4.185609676497782e-5,7,6
39358,4,0,7,6
39358,17,1.3458917536770976e-5,7,6
39358,5,3.988819486712799e-5,7,6
39358,1,0,7,6
39358,8,2.0511435774540375e-5,7,6
39358,10,1.5888217562659157e-5,7,6
39358,7,2.98972895647106e-5,7,6
39358,19,1.1685331549372716e-5,7,6
39358,11,1.6608075748009937e-5,7,6
39358,3,0,7,6
39358,12,5.378308903709716e-6,7,6
39358,9,5.2931818935150553e-5,7,6
39358,13,9.813082583631996e-6,7,6
39505,2,6.506064010888677e-5,4,3
39505,6,1.5320910891331504e-4,4,3
39505,4,9.956673460386824e-5,4,3
39505,17,4.346568450399807e-5,4,3
39505,5,1.2286548912775845e-4,4,3
39505,1,0,4,3
39505,8,7.944935882290323e-5,4,3
39505,10,3.38360188834408e-5,4,3
39505,7,8.325827473716876e-5,4,3
39505,19,3.505599464811815e-5,4,3
39505,11,7.117746749147116e-7,4,3
39505,3,7.978899534218441e-7,4,3
39505,12,3.6034669654855094e-5,4,3
39505,9,7.631432147446463e-5,4,3
39505,13,4.742989915422132e-5,4,3
39569,2,1.0018540286705875e-4,3,1
39569,6,0.00020651640196305096,3,1
39569,4,1.5835613820162965e-4,3,1
39569,17,3.133059492166358e-5,3,1
39569,5,1.2705128735455583e-4,3,1
39569,1,0,3,1
39569,8,5.8159007765785367e-5,3,1
39569,10,3.265911387879938e-5,3,1
39569,7,6.092991923947351e-5,3,1
39569,19,4.1628993644640305e-05,3,1
39569,11,3.487695907082087e-5,3,1
39569,3,1.5957799068436882e-6,3,1
39569,12,3.4152261538556695e-5,3,1
39569,9,4.0855141799460866e-5,3,1
39569,13,1.3084110111509327e-5,3,1
39595,2,2.434784691191468e-5,6,2
39595,6,3.257667908594972e-5,6,2
39595,4,3.177129471027957e-5,6,2
39595,17,5.736587802558121e-6,6,2
39595,5,4.8259791320722754e-5,6,2
39595,1,0,6,2
39595,8,1.2981921376291376e-5,6,2
39595,10,0,6,2
39595,7,8.704274177067643e-6,6,2
39595,19,2.556166276425282e-5,6,2
39595,11,0,6,2
39595,3,1.4468404488716109e-4,6,2
39595,12,1.532818037557269e-5,6,2
39595,9,2.415335427137938e-5,6,2
39595,13,0,6,2
39808,2,6.945123545365826e-5,6,2
39808,6,3.127361192251173e-4,6,2
39808,4,2.0263581665611377e-4,6,2
39808,17,6.663267370663664e-5,6,2
39808,5,2.0042586803606288e-4,6,2
39808,1,0,6,2
39808,8,7.685297454764495e-5,6,2
39808,10,3.677828139504435e-5,6,2
39808,7,1.3207789946941773e-4,6,2
39808,19,6.646032318705733e-5,6,2
39808,11,6.453423719226719e-5,6,2
39808,3,2.1463239747047608e-4,6,2
39808,12,7.55652400971215e-5,6,2
39808,9,5.139011547101996e-5,6,2
39808,13,1.4174452620801772e-5,6,2
39873,2,1.0258027305511594e-4,3,1
39873,6,0.00385451215633331,3,1
39873,4,0.00132338700013684,3,1
39873,17,0.00118681176115231,3,1
39873,5,0.00247577653943809,3,1
39873,1,4.483281618679862e-7,3,1
39873,8,0.00124989939010933,3,1
39873,10,5.322552883490818e-4,3,1
39873,7,0.00202998811677351,3,1
39873,19,8.303888732272987e-4,3,1
39873,11,4.6075547289479e-4,3,1
39873,3,4.255413084916502e-6,3,1
39873,12,0.001100402001699,3,1
39873,9,7.346217006582303e-4,3,1
39873,13,0.00120319295900421,3,1
39902,2,3.911621307160063e-5,6,2
39902,6,4.580478513903233e-5,6,2
39902,4,0,6,2
39902,17,1.2135089582334489e-5,6,2
39902,5,7.977638973425598e-5,6,2
39902,1,0,6,2
39902,8,2.8819865455366856e-5,6,2
39902,10,1.23575025487349e-5,6,2
39902,7,8.325827473716877e-6,6,2
39902,19,2.556166276425282e-5,6,2
39902,11,2.4674855397043336e-5,6,2
39902,3,0,6,2
39902,12,3.684141599041155e-5,6,2
39902,9,5.139011547101996e-5,6,2
39902,13,4.4158871626343984e-5,6,2
39980,2,1.3970076097000226e-5,3,1
39980,6,0.00215321977037192,3,1
39980,4,0.00140844400959743,3,1
39980,17,1.6834678820584024e-4,3,1
39980,5,0.00110702051927535,3,1
39980,1,2.241640809339931e-7,3,1
39980,8,4.826678367705134e-4,3,1
39980,10,2.244946296353507e-4,3,1
39980,7,7.391064116440482e-4,3,1
39980,19,9.348265239498172e-5,3,1
39980,11,9.917393803811648e-5,3,1
39980,3,4.016046098889949e-5,3,1
39980,12,2.2750246662692097e-4,3,1
39980,9,3.42515119614348e-4,3,1
39980,13,3.641743981036763e-4,3,1
40018,2,3.2250918532503376e-4,4,3
40018,6,8.941804823046441e-4,4,3
40018,4,8.92848431661321e-4,4,3
40018,17,1.365749172993645e-4,4,3
40018,5,5.301190342526331e-4,4,3
40018,1,4.259117537745868e-6,4,3
40018,8,2.2588543194746995e-4,4,3
40018,10,1.223981204827076e-4,4,3
40018,7,3.459002868626011e-4,4,3
40018,19,1.256173141557567e-4,4,3
40018,11,8.351489518999283e-5,4,3
40018,3,1.1808771310643294e-4,4,3
40018,12,6.722886129637144e-5,4,3
40018,9,1.5699680276396596e-4,4,3
40018,13,1.1993767602216884e-4,4,3
40037,2,5.7077739482029493e-5,3,1
40037,6,1.228042084330953e-4,3,1
40037,4,7.354929641592277e-5,3,1
40037,17,2.096060927857775e-5,3,1
40037,5,6.007851572579771e-5,3,1
40037,1,0,3,1
40037,8,3.58301029985642e-5,3,1
40037,10,6.472977525527805e-6,3,1
40037,7,4.9576518138950495e-5,3,1
40037,19,1.6067330880387485e-5,3,1
40037,11,0,3,1
40037,3,2.6596331780728137e-7,3,1
40037,12,2.2051066505209833e-5,3,1
40037,9,1.4646182909240688e-5,3,1
40037,13,1.580996638474044e-5,3,1
40192,2,0,4,3
40192,6,2.9220293968003384e-5,4,3
40192,4,0,4,3
40192,17,6.839777764588529e-6,4,3
40192,5,4.358154624371392e-5,4,3
40192,1,0,4,3
40192,8,9.866260245981446e-6,4,3
40192,10,1.294595505105561e-5,4,3
40192,7,9.839614287119944e-6,4,3
40192,19,3.140432853893918e-5,4,3
40192,11,2.3725822497157057e-7,4,3
40192,3,2.6596331780728137e-7,4,3
40192,12,2.1244320169653375e-5,4,3
40192,9,1.3875331177175388e-5,4,3
40192,13,0,4,3
40224,2,0,3,1
40224,6,9.688106925742744e-4,3,1
40224,4,4.2653588567737527e-4,3,1
40224,17,1.509163868057598e-4,3,1
40224,5,5.773939318729329e-4,3,1
40224,1,0,3,1
40224,8,2.1549989484643685e-4,3,1
40224,10,2.5597683850950865e-5,3,1
40224,7,3.636872819200872e-4,3,1
40224,19,1.124713161627124e-4,3,1
40224,11,3.653776664562186e-5,3,1
40224,3,5.319266356145627e-7,3,1
40224,12,1.4790349485201718e-4,3,1
40224,9,8.582149283660333e-5,3,1
40224,13,1.1285044971176797e-4,3,1
40242,2,1.2014265443420194e-4,3,1
40242,6,0.00191057286978627,3,1
40242,4,8.633286460249983e-4,3,1
40242,17,3.1242339724701153e-4,3,1
40242,5,0.00129119564125443,3,1
40242,1,0,3,1
40242,8,5.512123816373319e-4,3,1
40242,10,2.706881510675264e-4,3,1
40242,7,9.328711237596408e-4,3,1
40242,19,3.089309528365412e-4,3,1
40242,11,2.5552710829438146e-4,3,1
40242,3,1.5638643087068145e-4,3,1
40242,12,3.329173211396314e-4,3,1
40242,9,3.828563602590987e-4,3,1
40242,13,4.7702484781544425e-4,3,1
40335,2,9.180335720885862e-6,3,1
40335,6,1.2695033122585254e-4,3,1
40335,4,3.422293792414366e-4,3,1
40335,17,1.3238279544364895e-6,3,1
40335,5,6.032473915090344e-5,3,1
40335,1,0,3,1
40335,8,9.087344963403964e-6,3,1
40335,10,1.5593991311498805e-5,3,1
40335,7,5.033341154565202e-5,3,1
40335,19,0,3,1
40335,11,1.6845333972981508e-5,3,1
40335,3,1.0638532712291257e-6,3,1
40335,12,2.6891544518548576e-7,3,1
40335,9,5.190401662573016e-5,3,1
40335,13,1.090342509292444e-6,3,1
40364,2,1.269281199670306e-4,6,2
40364,6,1.1056327447352631e-5,6,2
40364,4,9.25620397071137e-5,6,2
40364,17,3.971483863309468e-6,6,2
40364,5,1.4280958656132244e-5,6,2
40364,1,0,6,2
40364,8,9.866260245981446e-6,6,2
40364,10,0,6,2
40364,7,1.2110294507224547e-5,6,2
40364,19,4.381999331014769e-6,6,2
40364,11,2.3725822497157057e-7,6,2
40364,3,2.7500607061272894e-4,6,2
40364,12,4.302647122967772e-6,6,2
40364,9,1.027802309420399e-5,6,2
40364,13,7.087226310400886e-6,6,2
40399,2,2.354955684922895e-5,4,3
40399,6,1.4610146984001692e-5,4,3
40399,4,6.379275709544322e-5,4,3
40399,17,7.65613833649103e-5,4,3
40399,5,1.920542715824681e-5,4,3
40399,1,2.241640809339931e-7,4,3
40399,8,3.8426487273822475e-5,4,3
40399,10,6.620090651107982e-5,4,3
40399,7,3.0275736268061368e-5,4,3
40399,19,1.117409829408766e-4,4,3
40399,11,2.3725822497157057e-7,4,3
40399,3,7.28739490791951e-5,4,3
40399,12,6.23883832830327e-5,4,3
40399,9,2.441030484873448e-5,4,3
40399,13,7.19626056133013e-5,4,3
40428,2,1.2333581468494486e-4,1,4
40428,6,1.8953704195461657e-5,1,4
40428,4,2.9269617961438653e-5,1,4
40428,17,1.473861789272625e-4,1,4
40428,5,4.505888679434829e-5,1,4
40428,1,0,1,4
40428,8,4.595600167207147e-5,1,4
40428,10,5.7668345227429533e-5,1,4
40428,7,3.633088352167364e-5,1,4
40428,19,1.7381930679691917e-4,1,4
40428,11,7.876973069056142e-5,1,4
40428,3,0,1,4
40428,12,1.495169875231301e-4,1,4
40428,9,8.350893764040743e-5,1,4
40428,13,1.0794390841995197e-4,1,4
40437,2,0,3,1
40437,6,3.9072271461269387e-4,3,1
40437,4,5.020865234923708e-4,3,1
40437,17,0,3,1
40437,5,1.2212681885244125e-4,3,1
40437,1,2.241640809339931e-7,3,1
40437,8,3.764757199124499e-5,3,1
40437,10,2.942262511603548e-7,3,1
40437,7,7.493244726345188e-5,3,1
40437,19,7.303332218357948e-6,3,1
40437,11,9.01581254891968e-6,3,1
40437,3,2.127706542458251e-6,3,1
40437,12,6.023705972154881e-5,3,1
40437,9,3.340357505616297e-5,3,1
40437,13,2.5623048968372436e-5,3,1
40442,2,1.5167511191028817e-5,5,8
40442,6,5.7255981423790414e-5,5,8
40442,4,2.5016767488409106e-7,5,8
40442,17,1.2135089582334489e-5,5,8
40442,5,4.727489762029984e-5,5,8
40442,1,0,5,8
40442,8,4.258070211423572e-5,5,8
40442,10,0,5,8
40442,7,3.898001044512901e-5,5,8
40442,19,1.2415664771208511e-5,5,8
40442,11,2.3725822497157057e-7,5,8
40442,3,0,5,8
40442,12,8.874209691121031e-6,5,8
40442,9,7.194616165942794e-5,5,8
40442,13,3.2710275278773323e-6,5,8
40549,2,9.818967771034445e-5,6,2
40549,6,4.5212481882924155e-5,6,2
40549,4,4.002682798145457e-5,6,2
40549,17,1.2355727574740567e-5,6,2
40549,5,3.397883266459051e-5,6,2
40549,1,0,6,2
40549,8,3.063733444804765e-5,6,2
40549,10,5.296072520886386e-6,6,2
40549,7,2.005767527759066e-5,6,2
40549,19,2.190999665507384e-5,6,2
40549,11,8.304037874004968e-6,6,2
40549,3,1.3617321871732806e-4,6,2
40549,12,0,6,2
40549,9,4.882060969746896e-6,6,2
40549,13,4.034267284382043e-5,6,2
40612,2,0,5,8
40612,6,4.935860467568139e-5,5,8
40612,4,7.505030246522732e-7,5,8
40612,17,3.11099569292575e-5,5,8
40612,5,6.007851572579771e-5,5,8
40612,1,7.3974146708217725e-6,5,8
40612,8,1.028168173002277e-4,5,8
40612,10,1.529976506033845e-5,5,8
40612,7,3.292486319151674e-5,5,8
40612,19,1.3876331214880102e-5,5,8
40612,11,0,5,8
40612,3,0,5,8
40612,12,2.447130551187921e-5,5,8
40612,9,2.466725542608958e-5,5,8
40612,13,8.17756881969333e-6,5,8
40667,2,5.4283724262629446e-5,6,2
40667,6,2.6949798152922037e-4,6,2
40667,4,1.033192497271296e-4,6,2
40667,17,8.891711093965087e-5,6,2
40667,5,1.6817059934721247e-4,6,2
40667,1,0,6,2
40667,8,4.3359617396813195e-5,6,2
40667,10,2.9716851367195833e-5,6,2
40667,7,1.3321323957947003e-4,6,2
40667,19,7.230298896174369e-5,6,2
40667,11,5.789100689306321e-5,6,2
40667,3,1.1090670352563632e-4,6,2
40667,12,6.373296050896013e-5,6,2
40667,9,3.340357505616297e-5,6,2
40667,13,2.998441900554221e-5,6,2
40683,2,9.12445541649786e-4,6,2
40683,6,2.092804838248891e-4,6,2
40683,4,7.790221395890596e-4,6,2
40683,17,1.6547849430456118e-5,6,2
40683,5,1.2458905310349855e-4,6,2
40683,1,1.1208204046699654e-6,6,2
40683,8,2.4665650614953617e-5,6,2
40683,10,3.265911387879938e-5,6,2
40683,7,6.963419341654114e-5,6,2
40683,19,3.943799397913292e-5,6,2
40683,11,1.4947268173208943e-5,6,2
40683,3,0.00110720529203171,6,2
40683,12,5.378308903709715e-7,6,2
40683,9,1.4132281754530488e-5,6,2
40683,13,1.090342509292444e-5,6,2
40719,2,1.7682124888488858e-4,6,2
40719,6,2.1125482801191636e-5,6,2
40719,4,1.7386653404444328e-4,6,2
40719,17,2.4270179164668973e-6,6,2
40719,5,1.9451650583352535e-5,6,2
40719,1,0,6,2
40719,8,6.490960688145689e-6,6,2
40719,10,0,6,2
40719,7,4.1629137368584385e-6,6,2
40719,19,1.3145997993044306e-5,6,2
40719,11,0,6,2
40719,3,5.441609482336977e-4,6,2
40719,12,1.2907941368903316e-5,6,2
40719,9,1.181972655833459e-5,6,2
40719,13,0,6,2
40768,2,1.0337856311780168e-4,3,1
40768,6,5.40970307245468e-5,3,1
40768,4,1.343400414127569e-4,3,1
40768,17,1.67684874228622e-5,3,1
40768,5,3.939574801691653e-5,3,1
40768,1,0,3,1
40768,8,3.894576412887413e-6,3,1
40768,10,7.061430027848515e-6,3,1
40768,7,4.2764477478636686e-5,3,1
40768,19,1.6067330880387485e-5,3,1
40768,11,3.7961315995451286e-5,3,1
40768,3,0,3,1
40768,12,3.953057044226641e-5,3,1
40768,9,1.4132281754530488e-5,3,1
40768,13,1.580996638474044e-5,3,1
41100,2,1.436922112834309e-5,3,1
41100,6,8.845061957882105e-5,3,1
41100,4,7.337417904350391e-4,3,1
41100,17,1.9416143331735175e-5,3,1
41100,5,1.354228838081506e-5,3,1
41100,1,0,3,1
41100,8,5.1927685505165505e-6,3,1
41100,10,2.942262511603548e-7,3,1
41100,7,1.9300781870889123e-5,3,1
41100,19,2.190999665507384e-5,3,1
41100,11,0,3,1
41100,3,2.6596331780728137e-6,3,1
41100,12,0,3,1
41100,9,9.507171362138693e-6,3,1
41100,13,1.1448596347570664e-5,3,1
41232,2,0,3,1
41232,6,7.166869398908937e-5,3,1
41232,4,1.701140189211819e-5,3,1
41232,17,1.963678132414126e-5,3,1
41232,5,4.653622734498266e-5,3,1
41232,1,0,3,1
41232,8,3.660901828114168e-5,3,1
41232,10,5.884525023207096e-7,3,1
41232,7,4.617049780879359e-5,3,1
41232,19,1.971899698956646e-5,3,1
41232,11,1.1151136573663817e-5,3,1
41232,3,2.6596331780728137e-7,3,1
41232,12,1.2370110478532344e-5,3,1
41232,9,1.9271293301632485e-5,3,1
41232,13,2.889407649624977e-5,3,1
41258,2,1.8759816473114588e-4,3,1
41258,6,0.00226358561042674,3,1
41258,4,8.473179148324164e-4,3,1
41258,17,6.894937262690049e-4,3,1
41258,5,0.00142760341876301,3,1
41258,1,0,3,1
41258,8,7.8592552012068e-4,3,1
41258,10,3.583675739133121e-4,3,1
41258,7,0.00116599429302371,3,1
41258,19,5.192669207252501e-4,3,1
41258,11,2.0261852412572124e-4,3,1
41258,3,6.063963646006016e-5,3,1
41258,12,5.547725634176572e-4,3,1
41258,9,4.488926586393593e-4,3,1
41258,13,7.256229399341215e-4,3,1
41298,2,5.827517457605808e-5,4,3
41298,6,5.1925252118816826e-5,4,3
41298,4,2.2765258414452288e-5,4,3
41298,17,1.0369985643085834e-5,4,3
41298,5,3.7425960616070706e-5,4,3
41298,1,0,4,3
41298,8,4.3359617396813195e-5,4,3
41298,10,0,4,3
41298,7,1.059650769382148e-5,4,3
41298,19,1.7527997324059075e-5,4,3
41298,11,2.3725822497157057e-7,4,3
41298,3,5.319266356145627e-7,4,3
41298,12,1.210119503334686e-5,4,3
41298,9,3.494527852029357e-5,4,3
41298,13,0,4,3
41344,2,3.991450313428636e-7,2,5
41344,6,6.772000561503487e-5,2,5
41344,4,1.1507713044668188e-5,2,5
41344,17,0.00128146545989452,2,5
41344,5,0.00161497944526847,2,5
41344,1,8.294070994557744e-6,2,5
41344,8,0.0018618671637877,2,5
41344,10,0.00372696392344821,2,5
41344,7,0.00104110688091796,2,5
41344,19,0.00327335350026803,2,5
41344,11,0.00208407624815027,2,5
41344,3,2.6596331780728137e-7,2,5
41344,12,0.00213034815675941,2,5
41344,9,0.00415360608294518,2,5
41344,13,0.0020629280275813,2,5
41376,2,8.940848702080145e-5,1,4
41376,6,7.74140355733387e-4,1,4
41376,4,1.115747829983046e-4,1,4
41376,17,0.16405405542558751,1,4
41376,5,0.00125056877611199,1,4
41376,1,3.2503791735429e-5,1,4
41376,8,0.0020498453853164,1,4
41376,10,0.00219992967992597,1,4
41376,7,0.00142787941174244,1,4
41376,19,0.24154967945674893,1,4
41376,11,0.00299918122186562,1,4
41376,3,4.7926589868872103e-4,1,4
41376,12,0.01185863330178955,1,4
41376,9,0.00157690569322824,1,4
41376,13,0.02216993424144326,1,4
41382,2,1.1974350940285908e-5,3,1
41382,6,0.00225055493879236,3,1
41382,4,7.234849157647914e-4,3,1
41382,17,6.369818840763575e-4,3,1
41382,5,0.00144114570714382,3,1
41382,1,2.241640809339931e-7,3,1
41382,8,6.215743954968311e-4,3,1
41382,10,3.274738175414749e-4,3,1
41382,7,0.00111906690180821,3,1
41382,19,3.5275094614668886e-4,3,1
41382,11,2.778293814417091e-4,3,1
41382,3,1.3697110867074992e-4,3,1
41382,12,4.983003199287052e-4,3,1
41382,9,3.2863978843717263e-4,3,1
41382,13,4.590341964121189e-4,3,1
41399,2,9.579480752228726e-6,3,1
41399,6,0.0065779225279187,3,1
41399,4,0.00183723140434876,3,1
41399,17,0.00154115637695647,3,1
41399,5,0.00392233916193425,3,1
41399,1,2.241640809339931e-7,3,1
41399,8,0.00144644567974638,3,1
41399,10,6.931970477337959e-4,3,1
41399,7,0.00247693367343077,3,1
41399,19,8.413438715548356e-4,3,1
41399,11,4.866166194166912e-4,3,1
41399,3,9.042752805447568e-6,3,1
41399,12,0.00108077117420046,3,1
41399,9,8.361171787134947e-4,3,1
41399,13,0.00133348888886465,3,1
41443,2,0,3,1
41443,6,6.819384821992141e-4,3,1
41443,4,1.6461033007373192e-4,3,1
41443,17,1.879835695299815e-4,3,1
41443,5,4.331070047609762e-4,3,1
41443,1,0,3,1
41443,8,2.0407580403530043e-4,3,1
41443,10,8.944478035274785e-5,3,1
41443,7,3.508200940061611e-4,3,1
41443,19,8.252765406744481e-5,3,1
41443,11,1.2313701876024512e-4,3,1
41443,3,7.978899534218441e-7,3,1
41443,12,1.8608948806835617e-4,3,1
41443,9,8.710624572337882e-5,3,1
41443,13,1.6518689015780527e-4,3,1
41510,2,0,3,1
41510,6,0.0012175780601397,3,1
41510,4,5.226002728328662e-4,3,1
41510,17,2.10929920740214e-4,3,1
41510,5,7.113394751304492e-4,3,1
41510,1,0,3,1
41510,8,3.287022492476977e-4,3,1
41510,10,1.1886740546878332e-4,3,1
41510,7,4.8592556710238497e-4,3,1
41510,19,1.4606664436715895e-4,3,1
41510,11,8.849731791439581e-5,3,1
41510,3,1.5957799068436882e-6,3,1
41510,12,2.8263013288994554e-4,3,1
41510,9,1.112595999947582e-4,3,1
41510,13,1.929906241447626e-4,3,1
41524,2,1.9158961504457452e-5,3,1
41524,6,1.3307079820563703e-4,3,1
41524,4,1.9763246315843194e-5,3,1
41524,17,3.794973469384603e-5,3,1
41524,5,2.1002858161518629e-4,3,1
41524,1,0,3,1
41524,8,9.191200334414297e-5,3,1
41524,10,2.942262511603548e-7,3,1
41524,7,8.325827473716876e-5,3,1
41524,19,6.426932352154994e-5,3,1
41524,11,0,3,1
41524,3,0,3,1
41524,12,5.351417359191167e-5,3,1
41524,9,3.931343833533027e-5,3,1
41524,13,4.4158871626343984e-5,3,1
41654,2,1.875981647311459e-5,3,1
41654,6,0.00174926894970614,3,1
41654,4,7.805231456383641e-4,3,1
41654,17,3.883228666347036e-4,3,1
41654,5,0.00116315946019946,3,1
41654,1,0,3,1
41654,8,4.886395206036074e-4,3,1
41654,10,2.9393202490919445e-4,3,1
41654,7,8.178233259410078e-4,3,1
41654,19,1.833136386807845e-4,3,1
41654,11,1.7343576245421806e-4,3,1
41654,3,7.260798576138782e-5,3,1
41654,12,2.4982244857731626e-4,3,1
41654,9,3.669254244630825e-4,3,1
41654,13,3.685357681408461e-4,3,1
41701,2,5.148970904322941e-5,3,1
41701,6,8.88454884162265e-6,3,1
41701,4,4.903286427728185e-5,3,1
41701,17,2.6917835073541953e-5,3,1
41701,5,2.8561917312264488e-5,3,1
41701,1,0,3,1
41701,8,2.752167331773772e-5,3,1
41701,10,1.971315882774377e-5,3,1
41701,7,1.4002528023978385e-5,3,1
41701,19,7.522432184908686e-5,3,1
41701,11,4.175744759499641e-5,3,1
41701,3,2.6596331780728137e-7,3,1
41701,12,3.5496838764484124e-5,3,1
41701,9,3.237577274674257e-5,3,1
41701,13,3.598130280665065e-5,3,1
41805,2,5.639919292874662e-4,6,2
41805,6,2.7443384199678858e-5,6,2
41805,4,5.100918890886617e-4,6,2
41805,17,1.0811261627897998e-5,6,2
41805,5,1.7235639757400983e-5,6,2
41805,1,2.8693002359551117e-5,6,2
41805,8,1.376083665886886e-5,6,2
41805,10,2.1184290083545545e-5,6,2
41805,7,1.5137868134030684e-5,6,2
41805,19,1.095499832753692e-5,6,2
41805,11,1.5896301073095225e-5,6,2
41805,3,4.803297519599502e-4,6,2
41805,12,1.021878691704846e-5,6,2
41805,9,1.5673985218661086e-5,6,2
41805,13,0,6,2
41969,2,0,3,1
41969,6,7.305073492000846e-5,3,1
41969,4,0,3,1
41969,17,1.7209763407674363e-5,3,1
41969,5,9.799692319207989e-5,3,1
41969,1,0,3,1
41969,8,3.245480344072844e-5,3,1
41969,10,2.942262511603548e-7,3,1
41969,7,3.519554341162134e-5,3,1
41969,19,4.601099297565507e-5,3,1
41969,11,1.803162509783936e-5,3,1
41969,3,0,3,1
41969,12,5.647224348895201e-6,3,1
41969,9,2.8778464663771176e-5,3,1
41969,13,5.506229671926842e-5,3,1
42286,2,1.676409131640027e-5,3,1
42286,6,0.00724742264173965,3,1
42286,4,0.00179845541474173,3,1
42286,17,0.0019773576879433,3,1
42286,5,0.0047540818919414,3,1
42286,1,1.1208204046699654e-6,3,1
42286,8,0.00211163933106755,3,1
42286,10,8.570810696301135e-4,3,1
42286,7,0.00371672507360788,3,1
42286,19,0.00132701546407563,3,1
42286,11,8.652807464713178e-4,3,1
42286,3,6.117156309567472e-6,3,1
42286,12,0.00166512443658852,3,1
42286,9,9.679328248966608e-4,3,1
42286,13,0.00232679091483007,3,1
42343,2,3.3927327664143406e-5,3,1
42343,6,0.00368491599066767,3,1
42343,4,9.746532613484188e-4,3,1
42343,17,0.00101581731703759,3,1
42343,5,0.00239870860738,3,1
42343,1,0,3,1
42343,8,0.00108243260435517,3,1
42343,10,3.74844243978292e-4,3,1
42343,7,0.00156109265132191,3,1
42343,19,6.288169040006193e-4,3,1
42343,11,4.5790837419513113e-4,3,1
42343,3,1.05853400487298e-4,3,1
42343,12,8.035193502142315e-4,3,1
42343,9,4.2499625494533505e-4,3,1
42343,13,0.00105054500770326,3,1
42369,2,0,3,1
42369,6,0.00693942494856339,3,1
42369,4,0.0017123977345816,3,1
42369,17,0.00162389562410876,3,1
42369,5,0.00422667131536493,3,1
42369,1,2.241640809339931e-7,3,1
42369,8,0.00178916840408047,3,1
42369,10,5.693277959952865e-4,3,1
42369,7,0.00311385947517011,3,1
42369,19,0.00101881484446093,3,1
42369,11,7.478379251103903e-4,3,1
42369,3,6.117156309567472e-6,3,1
42369,12,0.00110120874803456,3,1
42369,9,0.00104244849232963,3,1
42369,13,0.00127951693465468,3,1
42434,2,0,3,1
42434,6,0.00129418261459636,3,1
42434,4,3.8175587187312297e-4,3,1
42434,17,3.629494975080042e-4,3,1
42434,5,8.605508707445205e-4,3,1
42434,1,2.241640809339931e-7,3,1
42434,8,3.063733444804765e-4,3,1
42434,10,9.415240037131352e-5,3,1
42434,7,6.202741467919073e-4,3,1
42434,19,2.578076273080356e-4,3,1
42434,11,1.9573803560154568e-4,3,1
42434,3,7.978899534218441e-7,3,1
42434,12,2.697221915210422e-4,3,1
42434,9,1.6239276488842305e-4,3,1
42434,13,2.796728536335119e-4,3,1
42492,2,1.676409131640027e-5,4,3
42492,6,1.018761600506064e-4,4,3
42492,4,1.450972514327728e-5,4,3
42492,17,2.1622523255795996e-5,4,3
42492,5,1.1153921157289494e-4,4,3
42492,1,0,4,3
42492,8,6.542888373650854e-5,4,3
42492,10,1.1180597544093482e-5,4,3
42492,7,5.97945791294212e-5,4,3
42492,19,5.915699096869938e-5,4,3
42492,11,2.3725822497157057e-7,4,3
42492,3,1.0824707034756352e-4,4,3
42492,12,2.8236121744476007e-5,4,3
42492,9,8.941880091957472e-5,4,3
42492,13,3.7071645315943095e-5,4,3
42858,2,0,3,1
42858,6,0.00851455674097374,3,1
42858,4,0.00194930652269683,3,1
42858,17,0.00202016145847008,3,1
42858,5,0.00527287464863917,3,1
42858,1,8.966563237359724e-7,3,1
42858,8,0.00214019955809539,3,1
42858,10,9.08864889834336e-4,3,1
42858,7,0.0033836919746592,3,1
42858,19,0.00108746616731349,3,1
42858,11,8.524688023228529e-4,3,1
42858,3,1.949511119527373e-4,3,1
42858,12,0.00183319658982945,3,1
42858,9,0.00142890216067171,3,1
42858,13,0.00208200902149392,3,1
42904,2,2.9536732319371905e-5,3,1
42904,6,0.00198954663726736,3,1
42904,4,4.480503057174071e-4,3,1
42904,17,6.610314252486204e-4,3,1
42904,5,0.00127519111862256,3,1
42904,1,2.241640809339931e-7,3,1
42904,8,7.275068739273688e-4,3,1
42904,10,3.065837537090897e-4,3,1
42904,7,0.00110468592708088,3,1
42904,19,4.067956045625377e-4,3,1
42904,11,3.371439376846017e-4,3,1
42904,3,1.273964292296878e-4,3,1
42904,12,4.923841801346245e-4,3,1
42904,9,4.655944461674408e-4,3,1
42904,13,7.51245988902494e-4,3,1
42941,2,0,3,1
42941,6,2.941772838670611e-5,3,1
42941,4,3.827565425726593e-5,3,1
42941,17,7.281053749400692e-6,3,1
42941,5,3.053170471311031e-5,3,1
42941,1,4.483281618679862e-7,3,1
42941,8,8.827706535878137e-6,3,1
42941,10,2.942262511603548e-7,3,1
42941,7,1.3624081320627616e-5,3,1
42941,19,3.505599464811815e-5,3,1
42941,11,0,3,1
42941,3,5.319266356145627e-7,3,1
42941,12,0,3,1
42941,9,8.736319630073393e-6,3,1
42941,13,0,3,1
43046,2,2.1952976723857496e-5,6,2
43046,6,6.752257119633214e-5,6,2
43046,4,0,6,2
43046,17,1.7209763407674363e-5,6,2
43046,5,1.0021293401803144e-4,6,2
43046,1,0,6,2
43046,8,1.7395774644230443e-5,6,2
43046,10,2.1772742585866253e-5,6,2
43046,7,4.617049780879359e-5,6,2
43046,19,2.702232920792441e-5,6,2
43046,11,2.0878723797498206e-5,6,2
43046,3,0,6,2
43046,12,3.119419164151635e-5,6,2
43046,9,2.466725542608958e-5,6,2
43046,13,0,6,2
43052,2,0,3,1
43052,6,7.502507910703571e-5,3,1
43052,4,7.505030246522732e-6,3,1
43052,17,3.5963992762191296e-5,3,1
43052,5,5.786250489984616e-5,3,1
43052,1,0,3,1
43052,8,9.71047718946595e-5,3,1
43052,10,8.826787534810644e-7,3,1
43052,7,3.8601563741778247e-5,3,1
43052,19,4.601099297565507e-5,3,1
43052,11,1.9455174447668783e-5,3,1
43052,3,0,3,1
43052,12,3.334551520300024e-5,3,1
43052,9,5.318876951250566e-5,3,1
43052,13,1.2538938856863109e-5,3,1
43107,2,8.66144718014014e-5,2,5
43107,6,2.7838253037084304e-5,2,5
43107,4,6.354258942055914e-5,2,5
43107,17,0.00103236516646805,2,5
43107,5,0.00153815773663548,2,5
43107,1,0,2,5
43107,8,0.00165104076063673,2,5
43107,10,0.00252504968745816,2,5
43107,7,8.787532451804812e-4,2,5
43107,19,0.00255397527675977,2,5
43107,11,0.00216260872061586,2,5
43107,3,3.537312126836842e-5,2,5
43107,12,0.0018953160576673,2,5
43107,9,0.00307030244881608,2,5
43107,13,0.00171292808209842,2,5
43274,2,1.676409131640027e-5,3,1
43274,6,0.00263357771107565,3,1
43274,4,6.526874637725936e-4,3,1
43274,17,7.139845434260799e-4,3,1
43274,5,0.00166988726906704,3,1
43274,1,2.241640809339931e-7,3,1
43274,8,7.075147150078801e-4,3,1
43274,10,3.3012185380191806e-4,3,1
43274,7,0.0010607861094922,3,1
43274,19,3.797732753546133e-4,3,1
43274,11,3.656149246811902e-4,3,1
43274,3,2.6596331780728137e-6,3,1
43274,12,5.047542906131567e-4,3,1
43274,9,3.856828166100048e-4,3,1
43274,13,6.067756064212451e-4,3,1
43362,2,3.632219785220059e-5,6,2
43362,6,3.889458048443694e-5,6,2
43362,4,2.2515090739568197e-5,6,2
43362,17,1.853359136211085e-5,6,2
43362,5,3.890330116670507e-5,6,2
43362,1,0,6,2
43362,8,2.2588543194746996e-5,6,2
43362,10,1.2651728799895257e-5,6,2
43362,7,2.6112822531202932e-5,6,2
43362,19,2.9213328873431793e-5,6,2
43362,11,0,6,2
43362,3,1.2899220913653147e-4,6,2
43362,12,0,6,2
43362,9,1.5417034641305986e-5,6,2
43362,13,1.1448596347570664e-5,6,2
43383,2,7.863157117454413e-5,4,3
43383,6,2.527160559394887e-5,4,3
43383,4,6.129108034660232e-5,4,3
43383,17,2.206379924060816e-6,4,3
43383,5,2.1667661409304093e-5,4,3
43383,1,0,4,3
43383,8,1.0904813956084756e-5,4,3
43383,10,2.265542133934732e-5,4,3
43383,7,1.7408548354135286e-5,4,3
43383,19,3.651666109178974e-6,4,3
43383,11,2.3725822497157057e-7,4,3
43383,3,0,4,3
43383,12,8.605294245935544e-6,4,3
43383,9,1.027802309420399e-5,4,3
43383,13,0,4,3
43450,2,0,3,1
43450,6,3.7709973972220584e-5,3,1
43450,4,0,3,1
43450,17,1.3679555529177058e-5,3,1
43450,5,3.5948620065436336e-5,3,1
43450,1,0,3,1
43450,8,3.271444186825427e-5,3,1
43450,10,2.942262511603548e-7,3,1
43450,7,1.4002528023978385e-5,3,1
43450,19,2.6291995986088613e-5,3,1
43450,11,1.5896301073095225e-5,3,1
43450,3,0,3,1
43450,12,1.1832279588161374e-5,3,1
43450,9,4.625110392391796e-6,3,1
43450,13,2.0716507676556436e-5,3,1
43518,2,1.2213837959091625e-4,6,2
43518,6,3.55381953664906e-6,6,2
43518,4,1.626089886746592e-4,6,2
43518,17,3.971483863309468e-6,6,2
43518,5,9.602713579123403e-6,6,2
43518,1,2.241640809339931e-7,6,2
43518,8,7.5295143982489985e-6,6,2
43518,10,0,6,2
43518,7,2.6491269234553697e-6,6,2
43518,19,2.921332887343179e-6,6,2
43518,11,1.3998235273322662e-5,6,2
43518,3,1.0665129044071983e-4,6,2
43518,12,0,6,2
43518,9,4.4966351037142465e-5,6,2
43518,13,6.5420550557546646e-6,6,2
43832,2,8.461874664468709e-5,6,2
43832,6,2.270495815081344e-5,6,2
43832,4,5.5537223824268216e-5,6,2
43832,17,4.412759848121632e-6,6,2
43832,5,1.47734055063437e-5,6,2
43832,1,0,6,2
43832,8,1.7395774644230443e-5,6,2
43832,10,0,6,2
43832,7,1.6273208244082987e-5,6,2
43832,19,5.477499163768461e-5,6,2
43832,11,0,6,2
43832,3,2.6942084093877606e-4,6,2
43832,12,1.0756617807419432e-5,6,2
43832,9,3.340357505616297e-6,6,2
43832,13,5.996883801108442e-6,6,2
43905,2,3.0335022382057633e-5,6,2
43905,6,1.6189622333623495e-5,6,2
43905,4,9.181153668246142e-5,6,2
43905,17,9.046157688649344e-6,6,2
43905,5,9.110266728911948e-6,6,2
43905,1,0,6,2
43905,8,1.3241559803817204e-5,6,2
43905,10,1.176905004641419e-5,6,2
43905,7,3.406020330156904e-6,6,2
43905,19,9.494331883865333e-6,6,2
43905,11,0,6,2
43905,3,1.0399165726264702e-4,6,2
43905,12,0,6,2
43905,9,3.1604921014677275e-5,6,2
43905,13,1.9626165167263992e-5,6,2
43979,2,1.0258027305511594e-4,6,2
43979,6,2.290239256951617e-5,6,2
43979,4,1.4935010190580237e-4,6,2
43979,17,1.7651039392486527e-6,6,2
43979,5,1.9697874008458263e-5,6,2
43979,1,0,6,2
43979,8,1.0125898673507274e-5,6,2
43979,10,0,6,2
43979,7,1.5137868134030684e-5,6,2
43979,19,4.381999331014769e-6,6,2
43979,11,0,6,2
43979,3,1.4495000820496836e-4,6,2
43979,12,4.571562568153258e-6,6,2
43979,9,1.8500441569567185e-5,6,2
43979,13,0,6,2
44089,2,1.7163236347743133e-5,3,1
44089,6,9.348519725574056e-4,3,1
44089,4,3.867592253708048e-4,3,1
44089,17,2.071790748693106e-4,3,1
44089,5,5.96353135606074e-4,3,1
44089,1,0,3,1
44089,8,3.318179103780076e-4,3,1
44089,10,9.88600203898792e-5,3,1
44089,7,5.320960649111786e-4,3,1
44089,19,1.7235864035324757e-4,3,1
44089,11,5.646745754323379e-5,3,1
44089,3,1.0638532712291257e-6,3,1
44089,12,1.742572084801948e-4,3,1
44089,9,1.8063625588063512e-4,3,1
44089,13,2.006230217098097e-4,3,1
44143,2,2.0755541629828905e-5,2,5
44143,6,5.982262886692584e-5,2,5
44143,4,7.505030246522732e-6,2,5
44143,17,9.434480555284048e-4,2,5
44143,5,0.00116315946019946,2,5
44143,1,5.3799379424158345e-6,2,5
44143,8,0.00126495841890583,2,5
44143,10,0.00163472105144693,2,5
44143,7,7.440262187876081e-4,2,5
44143,19,0.00245245895892459,2,5
44143,11,0.00132840880161582,2,5
44143,3,0,2,5
44143,12,0.00145537038934384,2,5
44143,9,0.00175163208582971,2,5
44143,13,0.00146978170252621,2,5
44343,2,2.833929722534331e-5,3,1
44343,6,0.00150997843423844,3,1
44343,4,6.631945061177254e-4,3,1
44343,17,3.13747225201448e-4,3,1
44343,5,8.881278943563621e-4,3,1
44343,1,2.241640809339931e-7,3,1
44343,8,3.95948601976887e-4,3,1
44343,10,7.885263531097508e-5,3,1
44343,7,6.36925801739341e-4,3,1
44343,19,1.67246307800397e-4,3,1
44343,11,1.729612460042749e-4,3,1
44343,3,2.3936698602655325e-6,3,1
44343,12,2.850503718966149e-4,3,1
44343,9,1.3772550946233349e-4,3,1
44343,13,4.7702484781544425e-4,3,1
44356,2,1.4848195165954525e-4,6,2
44356,6,3.3781029040036344e-4,6,2
44356,4,7.512535276769255e-4,6,2
44356,17,5.074673825339876e-6,6,2
44356,5,1.5093495958981148e-4,6,2
44356,1,0,6,2
44356,8,6.932346014939595e-5,6,2
44356,10,1.853625382310235e-5,6,2
44356,7,9.4233229134341e-5,6,2
44356,19,1.3145997993044306e-5,6,2
44356,11,3.084356924630417e-5,6,2
44356,3,2.343136829882149e-4,6,2
44356,12,4.921152646894389e-5,6,2
44356,9,3.134797043732217e-5,6,2
44356,13,8.17756881969333e-5,6,2
44585,2,0.00181092100720257,3,1
44585,6,0.00958346668383029,3,1
44585,4,0.00453829179007229,3,1
44585,17,0.00314629777171072,3,1
44585,5,0.00627500398881948,3,1
44585,1,2.241640809339931e-7,3,1
44585,8,0.00238997172537524,3,1
44585,10,9.318145374248436e-4,3,1
44585,7,0.00403878321815938,3,1
44585,19,0.00197993336439683,3,1
44585,11,0.00150374262986981,3,1
44585,3,0.00215297305764994,3,1
44585,12,0.00226830178013957,3,1
44585,9,0.00136646317037442,3,1
44585,13,0.00271822387566606,3,1
44739,2,3.592305282085772e-5,3,1
44739,6,1.692012968282358e-4,3,1
44739,4,7.505030246522732e-6,3,1
44739,17,2.647655908872979e-5,3,1
44739,5,2.1519927354240656e-4,3,1
44739,1,0,3,1
44739,8,8.879634221383302e-5,3,1
44739,10,6.178751274367451e-6,3,1
44739,7,9.19625489142364e-5,3,1
44739,19,4.016832720096871e-5,3,1
44739,11,1.5896301073095225e-5,3,1
44739,3,0,3,1
44739,12,5.5665497153395555e-5,3,1
44739,9,7.297396396884834e-5,3,1
44739,13,1.4719623875447994e-5,3,1
44886,2,0,6,2
44886,6,8.094811166811749e-5,6,2
44886,4,5.278537940054321e-5,6,2
44886,17,9.487433673461507e-6,6,2
44886,5,9.454979524059968e-5,6,2
44886,1,0,6,2
44886,8,2.9079503882892683e-5,6,2
44886,10,2.5597683850950865e-5,6,2
44886,7,5.260409176575663e-5,6,2
44886,19,3.2864994982610764e-05,6,2
44886,11,0,6,2
44886,3,8.271459183806451e-5,6,2
44886,12,3.495900787411315e-5,6,2
44886,9,2.6465909467575277e-5,6,2
44886,13,3.8161987825235545e-6,6,2
45086,2,0,3,1
45086,6,3.1174894713160365e-4,3,1
45086,4,1.8862642686260465e-4,3,1
45086,17,6.420565579016974e-5,3,1
45086,5,1.7161772729869265e-4,3,1
45086,1,1.1208204046699654e-6,3,1
45086,8,8.49017658009456e-5,3,1
45086,10,1.3240181302215964e-5,3,1
45086,7,1.6046140222072527e-4,3,1
45086,19,1.3145997993044306e-5,3,1
45086,11,1.4235493498294232e-5,3,1
45086,3,5.319266356145627e-7,3,1
45086,12,1.3929820060608165e-4,3,1
45086,9,7.811297551595034e-5,3,1
45086,13,1.2429904605933863e-4,3,1
45157,2,4.031364816562922e-5,3,1
45157,6,0.00157118310403629,3,1
45157,4,4.012689505140821e-4,3,1
45157,17,4.088421999284691e-4,3,1
45157,5,0.00100360668073094,3,1
45157,1,0,3,1
45157,8,4.912359048788657e-4,3,1
45157,10,1.1033484418513304e-4,3,1
45157,7,7.368357314239436e-4,3,1
45157,19,2.461222957586628e-4,3,1
45157,11,1.5730220315615125e-4,3,1
45157,3,1.3298165890364068e-6,3,1
45157,12,4.509712015760597e-4,3,1
45157,9,2.6440214409839766e-4,3,1
45157,13,3.2601241027844076e-4,3,1
45199,2,3.07341674134005e-5,3,1
45199,6,0.00727170707524008,3,1
45199,4,0.00287667809349216,3,1
45199,17,0.0011790894314181,3,1
45199,5,0.00484764679348158,3,1
45199,1,6.724922428019793e-7,3,1
45199,8,0.002347391023261,3,1
45199,10,8.894459572577524e-4,3,1
45199,7,0.00410349760443236,3,1
45199,19,7.29602888613959e-4,3,1
45199,11,8.96124315717622e-4,3,1
45199,3,1.3936477853101546e-4,3,1
45199,12,0.00109260345378862,3,1
45199,9,0.00108613009048,3,1
45199,13,0.00155373807574173,3,1
45243,2,7.204567815738687e-4,6,2
45243,6,2.0039593498326645e-4,6,2
45243,4,6.326740497818663e-4,6,2
45243,17,6.486756976738799e-5,6,2
45243,5,1.583216623429833e-4,6,2
45243,1,2.241640809339931e-7,6,2
45243,8,3.920540255639996e-5,6,2
45243,10,1.529976506033845e-5,6,2
45243,7,9.536856924439332e-5,6,2
45243,19,3.140432853893918e-5,6,2
45243,11,1.826888332281093e-5,6,2
45243,3,5.526717744035307e-4,6,2
45243,12,5.4320919927468127e-5,6,2
45243,9,2.569505773550998e-7,6,2
45243,13,7.850466066905597e-5,6,2
45245,2,9.619395255363012e-5,2,5
45245,6,8.864805399752377e-5,2,5
45245,4,9.756539320479553e-6,2,5
45245,17,5.264422498809107e-4,2,5
45245,5,1.790044300518645e-4,2,5
45245,1,0,2,5
45245,8,3.588203068406936e-4,2,5
45245,10,9.168089986156656e-4,2,5
45245,7,3.2849173850846584e-4,2,5
45245,19,4.7179526130592346e-4,2,5
45245,11,5.473547250094132e-4,2,5
45245,3,2.6596331780728137e-7,2,5
45245,12,6.873478778941016e-4,2,5
45245,9,5.794235519357501e-4,2,5
45245,13,7.059967747668575e-4,2,5
45445,2,1.8360671441771724e-5,4,3
45445,6,2.1283430336153816e-4,4,3
45445,4,0,4,3
45445,17,1.076713402941678e-4,4,3
45445,5,2.5434879813421735e-4,4,3
45445,1,0,4,3
45445,8,1.1164452383610584e-4,4,3
45445,10,3.442447138576151e-5,4,3
45445,7,1.1466935111528243e-4,4,3
45445,19,1.110106497190408e-4,4,3
45445,11,1.5184526398180517e-5,4,3
45445,3,0,4,3
45445,12,1.4494542495497684e-4,4,3
45445,9,1.444062244735661e-4,4,3
45445,13,1.0685356591065952e-4,4,3
45462,2,3.991450313428636e-7,3,1
45462,6,0.00452223536038592,3,1
45462,4,0.001042448701242,3,1
45462,17,0.00108178807676701,3,1
45462,5,0.00281704220663463,3,1
45462,1,2.241640809339931e-7,3,1
45462,8,0.00134882163099667,3,1
45462,10,4.504603905265032e-4,3,1
45462,7,0.00194483760851959,3,1
45462,19,7.142658909554073e-4,3,1
45462,11,5.117659912636777e-4,3,1
45462,3,1.3457743881048438e-4,3,1
45462,12,8.271839093905543e-4,3,1
45462,9,4.982271694915385e-4,3,1
45462,13,8.995325701662663e-4,3,1
45638,2,1.31717860343145e-5,3,1
45638,6,5.642675686523896e-4,3,1
45638,4,2.6767941212597744e-4,3,1
45638,17,1.0392049442326442e-4,3,1
45638,5,3.23537580588927e-4,3,1
45638,1,2.241640809339931e-7,3,1
45638,8,1.5396558752281574e-4,3,1
45638,10,4.148590141361002e-5,3,1
45638,7,2.0057675277590655e-4,3,1
45638,19,4.9662659084834045e-5,3,1
45638,11,7.449908264107315e-5,3,1
45638,3,1.0638532712291257e-6,3,1
45638,12,6.05059751667343e-5,3,1
45638,9,4.0341240644750667e-5,3,1
45638,13,1.5046726628235727e-4,3,1
45714,2,6.46614950775439e-5,3,1
45714,6,0.00602648819648199,3,1
45714,4,0.00134815359995036,3,1
45714,17,0.0015274768214273,3,1
45714,5,0.00401738140402506,3,1
45714,1,0,3,1
45714,8,0.00150564324122227,3,1
45714,10,7.043776452778893e-4,3,1
45714,7,0.00282926755425033,3,1
45714,19,0.0010100508457989,3,1
45714,11,7.392966290114138e-4,3,1
45714,3,4.787339720531065e-6,3,1
45714,12,0.00123539755518212,3,1
45714,9,7.878104701707359e-4,3,1
45714,13,0.001413083892043,3,1
45800,2,5.148970904322941e-5,3,1
45800,6,0.00225805744670307,3,1
45800,4,5.979007429729777e-4,3,1
45800,17,6.107259629800338e-4,3,1
45800,5,0.00135176660383044,3,1
45800,1,0,3,1
45800,8,7.597020389405714e-4,3,1
45800,10,2.395001684445288e-4,3,1
45800,7,0.00109371097268371,3,1
45800,19,4.2870560121761154e-4,3,1
45800,11,2.2658160484784987e-4,3,1
45800,3,2.9255964958800953e-6,3,1
45800,12,7.155839996385776e-4,3,1
45800,9,2.7545101892466697e-4,3,1
45800,13,5.331774870440051e-4,3,1
45819,2,8.501789167602994e-5,3,1
45819,6,2.9240037409873653e-4,3,1
45819,4,1.51101275629991e-4,3,1
45819,17,7.457564143325557e-5,3,1
45819,5,2.0928991133986908e-4,3,1
45819,1,0,3,1
45819,8,6.932346014939595e-5,3,1
45819,10,4.9135783943779246e-5,3,1
45819,7,1.059650769382148e-4,3,1
45819,19,3.943799397913292e-5,3,1
45819,11,1.0913878348692243e-5,3,1
45819,3,2.6596331780728137e-7,3,1
45819,12,3.818599321633898e-5,3,1
45819,9,4.522330161449756e-5,3,1
45819,13,4.034267284382043e-5,3,1
45866,2,1.9158961504457452e-5,3,1
45866,6,4.82727153728164e-4,3,1
45866,4,1.175788071955228e-4,3,1
45866,17,1.747452899856166e-4,3,1
45866,5,3.269847085404072e-4,3,1
45866,1,0,3,1
45866,8,1.7837159971024352e-4,3,1
45866,10,1.23575025487349e-4,3,1
45866,7,3.023789159772629e-4,3,1
45866,19,1.4679697758899476e-4,3,1
45866,11,6.975391814164174e-5,3,1
45866,3,1.0638532712291257e-6,3,1
45866,12,1.718369694735254e-4,3,1
45866,9,7.400176627826874e-5,3,1
45866,13,1.4556072499054127e-4,3,1
45873,2,0,3,1
45873,6,7.848018143433341e-4,3,1
45873,4,5.656291129129299e-4,3,1
45873,17,1.4804809290448073e-4,3,1
45873,5,3.9494237386958824e-4,3,1
45873,1,0,3,1
45873,8,1.698035316018912e-4,3,1
45873,10,7.208543153428693e-5,3,1
45873,7,3.47792520379355e-4,3,1
45873,19,7.230298896174369e-5,3,1
45873,11,9.65640975634292e-5,3,1
45873,3,7.021431590112228e-5,3,1
45873,12,1.1267557153271852e-4,3,1
45873,9,1.3335734964729678e-4,3,1
45873,13,2.033488779830408e-4,3,1
46028,2,1.7362808863414565e-4,3,1
46028,6,0.00187365263348886,3,1
46028,4,5.125935658375026e-4,3,1
46028,17,4.324504651159198e-4,3,1
46028,5,0.00119393738833767,3,1
46028,1,0,3,1
46028,8,5.200557703342326e-4,3,1
46028,10,1.2739996675243363e-4,3,1
46028,7,8.299336204482323e-4,3,1
46028,19,2.7241429174475147e-4,3,1
46028,11,2.7972744724148166e-4,3,1
46028,3,2.5771845495525564e-4,3,1
46028,12,4.3618085209085793e-4,3,1
46028,9,1.9810889514078193e-4,3,1
46028,13,3.4345789042711987e-4,3,1
46146,2,0.00165685102510422,6,2
46146,6,6.495592375319672e-5,6,2
46146,4,0.00133939773132942,6,2
46146,17,5.515949810152039e-6,6,2
46146,5,4.481266336924256e-5,6,2
46146,1,2.465804890273924e-6,6,2
46146,8,3.531082614351255e-5,6,2
46146,10,4.589929518101535e-5,6,2
46146,7,2.232835549769526e-5,6,2
46146,19,1.4606664436715897e-5,6,2
46146,11,1.4472751723265803e-5,6,2
46146,3,0.0016915267012543,6,2
46146,12,2.3395643731137266e-5,6,2
46146,9,1.259057829039989e-5,6,2
46146,13,3.816198782523554e-5,6,2
46215,2,8.741276186408713e-5,3,1
46215,6,0.00132517981833269,3,1
46215,4,3.1446076732930244e-4,3,1
46215,17,3.794973469384603e-4,3,1
46215,5,8.797562979027673e-4,3,1
46215,1,0,3,1
46215,8,3.2974080295780097e-4,3,1
46215,10,9.827156788755848e-5,3,1
46215,7,5.400434456815447e-4,3,1
46215,19,2.8409962329412416e-4,3,1
46215,11,1.5920026895592382e-4,3,1
46215,3,1.3298165890364068e-6,3,1
46215,12,3.7459921514338166e-4,3,1
46215,9,2.220052988348062e-4,3,1
46215,13,3.1892518396803987e-4,3,1
46306,2,0,3,1
46306,6,0.00155598065379618,3,1
46306,4,8.185486322207459e-4,3,1
46306,17,2.0254567702878288e-4,3,1
46306,5,8.972381610852741e-4,3,1
46306,1,0,3,1
46306,8,3.819281268904923e-4,3,1
46306,10,1.885990269937874e-4,3,1
46306,7,6.278430808589226e-4,3,1
46306,19,1.8842597123363503e-4,3,1
46306,11,8.754828501450952e-5,3,1
46306,3,3.723486449301939e-6,3,1
46306,12,2.191660878261709e-4,3,1
46306,9,2.0016449975962273e-4,3,1
46306,13,3.200155264773323e-4,3,1
46366,2,5.747688451337236e-5,5,8
46366,6,1.7413715729580395e-4,5,8
46366,4,1.0256874670247734e-5,5,8
46366,17,3.618463075459738e-5,5,8
46366,5,8.445463481126482e-5,5,8
46366,1,0,5,8
46366,8,1.669475088991071e-4,5,8
46366,10,3.4895233387618075e-4,5,8
46366,7,6.622817308638425e-5,5,8
46366,19,1.1612298227189136e-4,5,8
46366,11,2.156677264991576e-4,5,8
46366,3,1.1755578647081836e-4,5,8
46366,12,1.1805388043642823e-4,5,8
46366,9,2.2534565634042253e-4,5,8
46366,13,1.2484421731398483e-4,5,8
46443,2,5.631936392247806e-4,6,2
46443,6,8.588397213568562e-5,6,2
46443,4,5.553722382426821e-4,6,2
46443,17,3.0006766967227094e-5,6,2
46443,5,8.642442221211065e-5,6,2
46443,1,2.241640809339931e-6,6,2
46443,8,5.66011772006304e-5,6,2
46443,10,5.590298772046741e-6,6,2
46443,7,3.406020330156904e-5,6,2
46443,19,3.651666109178974e-5,6,2
46443,11,0,6,2
46443,3,9.391164751775106e-4,6,2
46443,12,1.9361912053354976e-5,6,2
46443,9,4.2910746418301666e-5,6,2
46443,13,2.398753520443377e-5,6,2
46485,2,3.1532457476086224e-5,3,1
46485,6,5.567650607416861e-5,3,1
46485,4,2.3015426089336376e-5,3,1
46485,17,3.2433784883693994e-5,3,1
46485,5,5.022957872156858e-5,3,1
46485,1,0,3,1
46485,8,3.531082614351255e-5,3,1
46485,10,2.6186136353271576e-5,3,1
46485,7,2.6869715937904464e-5,3,1
46485,19,6.134799063420677e-5,3,1
46485,11,9.727587223834392e-6,3,1
46485,3,2.6596331780728137e-7,3,1
46485,12,9.143125136306516e-6,3,1
46485,9,2.569505773550998e-5,3,1
46485,13,0,3,1
46528,2,4.941415488024651e-4,6,2
46528,6,1.6584491171028948e-5,6,2
46528,4,3.382266964432911e-4,6,2
46528,17,0,6,2
46528,5,1.5758299206766613e-5,6,2
46528,1,0,6,2
46528,8,0,6,2
46528,10,2.942262511603548e-7,6,2
46528,7,1.6273208244082987e-5,6,2
46528,19,6.572998996522153e-6,6,2
46528,11,0,6,2
46528,3,2.4654799560734983e-4,6,2
46528,12,9.949871471862971e-6,6,2
46528,9,1.9528243878987585e-5,6,2
46528,13,1.0358253838278218e-5,6,2
46736,2,4.430509847905786e-4,3,1
46736,6,0.00193406756561189,3,1
46736,4,0.00135290678577316,3,1
46736,17,2.7491493853797766e-4,3,1
46736,5,0.00118014887653175,3,1
46736,1,0,3,1
46736,8,4.577425477280339e-4,3,1
46736,10,1.6741473691024187e-4,3,1
46736,7,7.746804017590203e-4,3,1
46736,19,8.910065306396697e-5,3,1
46736,11,2.1922659987373116e-4,3,1
46736,3,1.5984395400217612e-4,3,1
46736,12,3.140932399766474e-4,3,1
46736,9,2.5797837966452016e-4,3,1
46736,13,4.077880984753741e-4,3,1
46742,2,1.568639973177454e-4,3,1
46742,6,0.0016594362891964,3,1
46742,4,4.3329041289924574e-4,3,1
46742,17,3.627288595155981e-4,3,1
46742,5,0.00100065199962968,3,1
46742,1,0,3,1
46742,8,4.1749859146153066e-4,3,1
46742,10,1.568225918684691e-4,3,1
46742,7,8.314474072616354e-4,3,1
46742,19,2.4174029642764808e-4,3,1
46742,11,1.0652894301223516e-4,3,1
46742,3,2.6942084093877606e-4,3,1
46742,12,3.2861467401666363e-4,3,1
46742,9,2.533532692721284e-4,3,1
46742,13,4.5739868264818025e-4,3,1
46771,2,6.585893017157249e-5,4,3
46771,6,3.5735629785193325e-5,4,3
46771,4,1.1257545369784098e-5,4,3
46771,17,1.5003383483613547e-5,4,3
46771,5,1.6743192907189526e-5,4,3
46771,1,2.241640809339931e-7,4,3
46771,8,3.6349379853615854e-5,4,3
46771,10,1.853625382310235e-5,4,3
46771,7,1.4759421430679918e-5,4,3
46771,19,7.303332218357948e-6,4,3
46771,11,0,4,3
46771,3,1.0638532712291256e-4,4,3
46771,12,1.4521434040016233e-5,4,3
46771,9,5.909863279167295e-6,4,3
46771,13,1.5264795130094218e-5,4,3
46829,2,1.1974350940285907e-6,2,5
46829,6,0.00372539004650172,2,5
46829,4,0.00116778270635893,2,5
46829,17,0.01839326559894058,2,5
46829,5,0.00235192615660991,2,5
46829,1,0,2,5
46829,8,9.614410971281394e-4,2,5
46829,10,3.492465601273411e-4,2,5
46829,7,0.00153233070186725,2,5
46829,19,0.01176639853699649,2,5
46829,11,0.00141097466390593,2,5
46829,3,4.787339720531065e-6,2,5
46829,12,0.00305111464107452,2,5
46829,9,3.535639944406173e-4,2,5
46829,13,0.00688006123363532,2,5
47003,2,3.672134288354345e-5,3,1
47003,6,5.528163723676316e-6,3,1
47003,4,1.4484708375788873e-4,3,1
47003,17,1.2135089582334489e-5,3,1
47003,5,4.924468502114566e-7,3,1
47003,1,0,3,1
47003,8,0,3,1
47003,10,1.0592145041772773e-5,3,1
47003,7,0,3,1
47003,19,7.303332218357948e-6,3,1
47003,11,5.480664996843279e-5,3,1
47003,3,2.6596331780728137e-7,3,1
47003,12,6.61531995156295e-5,3,1
47003,9,2.569505773550998e-7,3,1
47003,13,1.7445480148679103e-5,3,1
47034,2,4.949398388651508e-5,3,1
47034,6,1.095761023800127e-4,3,1
47034,4,5.278537940054321e-5,3,1
47034,17,3.221314689128791e-5,3,1
47034,5,5.343048324794305e-5,3,1
47034,1,0,3,1
47034,8,6.283249946125027e-5,3,1
47034,10,2.942262511603548e-7,3,1
47034,7,4.579205110544282e-5,3,1
47034,19,7.08423225180721e-5,3,1
47034,11,2.4200338947100193e-5,3,1
47034,3,0,3,1
47034,12,6.319512961858916e-5,3,1
47034,9,4.907756027482406e-5,3,1
47034,13,2.72585627323111e-5,3,1
47531,2,6.865294539097253e-5,3,1
47531,6,5.87762264478014e-4,3,1
47531,4,2.579228728054979e-4,3,1
47531,17,1.2113025783093878e-4,3,1
47531,5,3.5850130695394046e-4,3,1
47531,1,0,3,1
47531,8,1.7032280845694287e-4,3,1
47531,10,4.030899640896861e-5,3,1
47531,7,2.7853677366616457e-4,3,1
47531,19,1.3730264570512943e-4,3,1
47531,11,1.1981540361064312e-4,3,1
47531,3,5.292670024364899e-5,3,1
47531,12,3.979948588745189e-5,3,1
47531,9,9.661341708551752e-5,3,1
47531,13,9.267911328985774e-5,3,1
47907,2,2.0116909579680323e-4,3,1
47907,6,0.0021881656624823,3,1
47907,4,9.391294515148778e-4,3,1
47907,17,2.817547163025662e-4,3,1
47907,5,0.00129168808810465,3,1
47907,1,0,3,1
47907,8,4.593003782931889e-4,3,1
47907,10,2.28908023402756e-4,3,1
47907,7,8.84051499027392e-4,3,1
47907,19,2.0741463500136573e-4,3,1
47907,11,3.07723917788127e-4,3,1
47907,3,3.1915598136873764e-6,3,1
47907,12,3.2753901223592165e-4,3,1
47907,9,2.494990106118019e-4,3,1
47907,13,3.0802175887511543e-4,3,1
48042,2,9.140421217751576e-5,3,1
48042,6,0.0487291837488571,3,1
48042,4,0.01039621806515817,3,1
48042,17,0.0177156863242615,3,1
48042,5,0.03363608965684334,3,1
48042,1,3.3624612140098964e-6,3,1
48042,8,0.01459141998852398,3,1
48042,10,0.0064929849106067,3,1
48042,7,0.02382624754955759,3,1
48042,19,0.01227398012617236,3,1
48042,11,0.00752061121514884,3,1
48042,3,8.909771146543926e-5,3,1
48042,12,0.01385075891972363,3,1
48042,9,0.0090921961797102,3,1
48042,13,0.01587102556526081,3,1
48173,2,2.1952976723857496e-5,3,1
48173,6,2.888465545620875e-4,3,1
48173,4,8.030382363779323e-5,3,1
48173,17,5.493886010911431e-5,3,1
48173,5,1.9525517610884257e-4,3,1
48173,1,0,3,1
48173,8,6.906382172187013e-5,3,1
48173,10,5.4431856464665635e-5,3,1
48173,7,1.3397013298617155e-4,3,1
48173,19,5.988732419053517e-5,3,1
48173,11,7.046569281655645e-5,3,1
48173,3,2.6596331780728137e-7,3,1
48173,12,5.028718824968584e-5,3,1
48173,9,1.0663448960236642e-4,3,1
48173,13,1.0467288089207465e-4,3,1
48180,2,1.9158961504457452e-5,7,6
48180,6,6.120466979784492e-5,7,6
48180,4,2.1014084690263648e-5,7,6
48180,17,1.963678132414126e-5,7,6
48180,5,3.791840746628216e-5,7,6
48180,1,0,7,6
48180,8,2.9079503882892683e-5,7,6
48180,10,2.648036260443193e-5,7,6
48180,7,5.2225645062405864e-5,7,6
48180,19,2.6291995986088613e-5,7,6
48180,11,2.1115982022469775e-5,7,6
48180,3,0,7,6
48180,12,1.021878691704846e-5,7,6
48180,9,6.860580415381164e-5,7,6
48180,13,0,7,6
48183,2,2.2192463742663217e-4,3,1
48183,6,3.869714606573421e-5,3,1
48183,4,1.3659155048671373e-4,3,1
48183,17,9.046157688649344e-6,3,1
48183,5,6.401809052748936e-5,3,1
48183,1,0,3,1
48183,8,2.103071262959203e-5,3,1
48183,10,2.942262511603548e-7,3,1
48183,7,1.589476154073222e-5,3,1
48183,19,2.3370663098745433e-5,3,1
48183,11,0,3,1
48183,3,5.5852296739529094e-5,3,1
48183,12,0,3,1
48183,9,4.3938548727722066e-5,3,1
48183,13,1.5264795130094218e-5,3,1
48219,2,3.592305282085772e-5,6,2
48219,6,1.8756269776758927e-5,6,2
48219,4,9.356271040665006e-5,6,2
48219,17,0,6,2
48219,5,1.4527182081237972e-5,6,2
48219,1,0,6,2
48219,8,1.8174689926807927e-6,6,2
48219,10,2.1772742585866253e-5,6,2
48219,7,7.190487363664575e-6,6,2
48219,19,1.3876331214880102e-5,6,2
48219,11,5.219680949374552e-6,6,2
48219,3,7.021431590112228e-5,6,2
48219,12,2.9580698970403434e-6,6,2
48219,9,0,6,2
48219,13,0,6,2
48424,2,6.0670044764115266e-5,3,1
48424,6,1.3800665867320518e-4,3,1
48424,4,4.452984612936821e-5,3,1
48424,17,2.382890317985681e-5,3,1
48424,5,9.701202949165696e-5,3,1
48424,1,0,3,1
48424,8,4.517708638949399e-5,3,1
48424,10,4.3839711422892864e-5,3,1
48424,7,7.720312748355649e-5,3,1
48424,19,1.825833054589487e-5,3,1
48424,11,0,3,1
48424,3,5.319266356145627e-7,3,1
48424,12,2.420239006669372e-5,3,1
48424,9,2.6465909467575277e-5,3,1
48424,13,9.267911328985774e-5,3,1
48563,2,2.410835989310896e-4,4,3
48563,6,1.1470939726628357e-4,4,3
48563,4,7.454996711545913e-5,4,3
48563,17,6.001353393445419e-5,4,3
48563,5,7.411325095682422e-5,4,3
48563,1,2.241640809339931e-7,4,3
48563,8,9.580657975703036e-5,4,3
48563,10,2.500923134863016e-5,4,3
48563,7,6.963419341654114e-5,4,3
48563,19,2.9943662095267587e-5,4,3
48563,11,9.253070773891252e-6,4,3
48563,3,1.2952413577214602e-4,4,3
48563,12,4.921152646894389e-5,4,3
48563,9,1.110026494174031e-4,4,3
48563,13,4.797507040886754e-5,4,3
48585,2,3.791877797757204e-5,5,8
48585,6,9.930951260747096e-5,5,8
48585,4,1.626089886746592e-5,5,8
48585,17,6.310246582813933e-5,5,8
48585,5,8.543952851168774e-5,5,8
48585,1,0,5,8
48585,8,4.517708638949399e-5,5,8
48585,10,5.472608271582599e-5,5,8
48585,7,6.130836594282428e-5,5,8
48585,19,3.797732753546133e-5,5,8
48585,11,0,5,8
48585,3,0,5,8
48585,12,3.4152261538556695e-5,5,8
48585,9,2.286860138460388e-5,5,8
48585,13,2.2897192695141325e-5,5,8
48754,2,9.060592211483004e-5,4,3
48754,6,3.63279330413015e-5,4,3
48754,4,1.320885323388001e-4,4,3
48754,17,2.1622523255795996e-5,4,3
48754,5,3.7425960616070706e-5,4,3
48754,1,0,4,3
48754,8,1.5578305651549652e-5,4,3
48754,10,0,4,3
48754,7,2.87619494546583e-5,4,3
48754,19,2.9943662095267587e-5,4,3
48754,11,2.3725822497157057e-7,4,3
48754,3,0,4,3
48754,12,2.097540472446789e-5,4,3
48754,9,8.222418475363193e-6,4,3
48754,13,0,4,3
48893,2,8.781190689543e-6,3,1
48893,6,0.00835779381252377,3,1
48893,4,0.00245264388456362,3,1
48893,17,0.00227235068379023,3,1
48893,5,0.00504339441644063,3,1
48893,1,1.5691485665379516e-6,3,1
48893,8,0.00213163148998704,3,1
48893,10,0.00112629808944183,3,1
48893,7,0.00413377334070042,3,1
48893,19,0.00141684645036144,3,1
48893,11,8.920909258931052e-4,3,1
48893,3,1.186196397420475e-4,3,1
48893,12,0.00185874355712207,3,1
48893,9,0.00172876348444511,3,1
48893,13,0.00256939212314764,3,1
49092,2,2.674271709997186e-5,3,1
49092,6,0.02269192747917905,3,1
49092,4,0.00480972371732153,3,1
49092,17,0.00632436741432792,3,1
49092,5,0.0142836671138084,3,1
49092,1,6.724922428019793e-7,3,1
49092,8,0.00544591601735423,3,1
49092,10,0.00278161497846999,3,1
49092,7,0.01002959453220203,3,1
49092,19,0.00482165993055991,3,1
49092,11,0.00293417246822341,3,1
49092,3,2.0479175471160668e-5,3,1
49092,12,0.00511450285198275,3,1
49092,9,0.00363944797765763,3,1
49092,13,0.00569267824101585,3,1
49167,2,1.8360671441771724e-5,3,1
49167,6,5.73349551912715e-4,3,1
49167,4,1.9087793593656148e-4,3,1
49167,17,1.875422935451693e-4,3,1
49167,5,3.7893785123771593e-4,3,1
49167,1,0,3,1
49167,8,2.0251797347014543e-4,3,1
49167,10,1.4064014805464958e-4,3,1
49167,7,2.910255148767399e-4,3,1
49167,19,6.646032318705733e-5,3,1
49167,11,5.978907269283577e-5,3,1
49167,3,7.978899534218441e-7,3,1
49167,12,1.796355173839045e-4,3,1
49167,9,1.7215688682791687e-4,3,1
49167,13,2.1643298809455015e-4,3,1
49410,2,0,3,1
49410,6,4.5429659743497153e-4,3,1
49410,4,1.75867875443516e-4,3,1
49410,17,1.7121508210711931e-4,3,1
49410,5,3.449590185731254e-4,3,1
49410,1,1.1208204046699654e-6,3,1
49410,8,1.461764346970409e-4,3,1
49410,10,6.296441774831592e-5,3,1
49410,7,2.0965947365632497e-4,3,1
49410,19,1.0078598461333968e-4,3,1
49410,11,2.3725822497157053e-5,3,1
49410,3,7.978899534218441e-7,3,1
49410,12,1.1402014875864595e-4,3,1
49410,9,4.779280738804856e-5,3,1
49410,13,1.4338003997195638e-4,3,1
49554,2,0,6,2
49554,6,1.283323721567716e-5,6,2
49554,4,3.302213308470002e-5,6,2
49554,17,6.1778637873702845e-6,6,2
49554,5,7.879149603383306e-6,6,2
49554,1,0,6,2
49554,8,1.8174689926807927e-6,6,2
49554,10,3.5307150139242574e-6,6,2
49554,7,7.568934067015342e-6,6,2
49554,19,1.0224665105701128e-5,6,2
49554,11,0,6,2
49554,3,1.9468514863492996e-4,6,2
49554,12,0,6,2
49554,9,1.5160084063950888e-5,6,2
49554,13,1.362928136615555e-5,6,2
49635,2,1.1974350940285908e-5,3,1
49635,6,1.3267592936823158e-4,3,1
49635,4,1.626089886746592e-5,3,1
49635,17,6.2219913858515e-5,3,1
49635,5,1.0390628539461735e-4,3,1
49635,1,0,3,1
49635,8,1.2436680678487138e-4,3,1
49635,10,1.9418932576583417e-5,3,1
49635,7,7.039108682324268e-5,3,1
49635,19,1.526396433636811e-4,3,1
49635,11,3.3927926170934585e-5,3,1
49635,3,2.6596331780728137e-7,3,1
49635,12,3.5496838764484124e-5,3,1
49635,9,1.4697573024711707e-4,3,1
49635,13,4.797507040886754e-5,3,1
49714,2,1.3970076097000226e-5,6,2
49714,6,2.941772838670611e-5,6,2
49714,4,1.0256874670247734e-5,6,2
49714,17,6.3985017797763654e-6,6,2
49714,5,1.6989416332295254e-5,6,2
49714,1,0,6,2
49714,8,7.5295143982489985e-6,6,2
49714,10,0,6,2
49714,7,1.1353401100523014e-5,6,2
49714,19,8.033665440193743e-6,6,2
49714,11,1.3760977048351092e-5,6,2
49714,3,1.0212991403799605e-4,6,2
49714,12,2.3395643731137266e-5,6,2
49714,9,1.6187886373371286e-5,6,2
49714,13,0,6,2
49747,2,6.565935765590106e-4,6,2
49747,6,2.246803684837017e-4,6,2
49747,4,6.719503747386686e-4,6,2
49747,17,1.1473175605116242e-5,6,2
49747,5,5.3922930098154504e-5,6,2
49747,1,0,6,2
49747,8,1.895360520938541e-5,6,2
49747,10,3.3541792632280445e-5,6,2
49747,7,1.589476154073222e-5,6,2
49747,19,7.303332218357948e-6,6,2
49747,11,0,6,2
49747,3,0.00114364226657131,6,2
49747,12,1.7479503937056574e-5,6,2
49747,9,1.027802309420399e-5,6,2
49747,13,1.908099391261777e-5,6,2
49820,2,0,3,1
49820,6,2.219162866218635e-4,3,1
49820,4,1.1582763347133416e-4,3,1
49820,17,4.478951245843456e-5,3,1
49820,5,1.1277032869842356e-4,3,1
49820,1,0,3,1
49820,8,5.997647675846616e-5,3,1
49820,10,5.913947648323131e-5,3,1
49820,7,7.152642693329498e-5,3,1
49820,19,2.702232920792441e-5,3,1
49820,11,8.066779649033398e-6,3,1
49820,3,5.319266356145627e-7,3,1
49820,12,4.16818940037503e-5,3,1
49820,9,2.312555196195898e-5,3,1
49820,13,5.233644044603731e-5,3,1
49865,2,1.7163236347743133e-5,3,1
49865,6,1.0681202051817451e-4,3,1
49865,4,1.2258216069320464e-5,3,1
49865,17,2.8241663027978443e-5,3,1
49865,5,1.0981564759715483e-4,3,1
49865,1,0,3,1
49865,8,3.58301029985642e-5,3,1
49865,10,0,3,1
49865,7,5.75238989093166e-5,3,1
49865,19,3.870766075729712e-5,3,1
49865,11,3.155534392121888e-5,3,1
49865,3,0,3,1
49865,12,1.021878691704846e-5,3,1
49865,9,2.8007612931705876e-5,3,1
49865,13,3.816198782523554e-5,3,1
50177,2,1.0816830349391605e-4,2,5
50177,6,2.4876736756543425e-5,2,5
50177,4,3.402280378423638e-5,2,5
50177,17,0.00135449663538093,2,5
50177,5,0.00181589776015474,2,5
50177,1,4.034953456811876e-6,2,5
50177,8,0.00221575434050541,2,5
50177,10,0.00340890534594387,2,5
50177,7,0.00120724498368894,2,5
50177,19,0.00212892134165134,2,5
50177,11,0.00206580736482746,2,5
50177,3,2.6596331780728137e-7,2,5
50177,12,0.00196254491896367,2,5
50177,9,0.00420139889033323,2,5
50177,13,0.00193263209772085,2,5
50256,2,0,3,1
50256,6,1.5478858426293683e-4,3,1
50256,4,7.379946409080686e-5,3,1
50256,17,4.280377052677983e-5,3,1
50256,5,8.445463481126482e-5,3,1
50256,1,0,3,1
50256,8,4.0243956266503266e-5,3,1
50256,10,2.530345759979051e-5,3,1
50256,7,7.455400056010112e-5,3,1
50256,19,4.4550326531983485e-5,3,1
50256,11,0,3,1
50256,3,2.6596331780728137e-7,3,1
50256,12,1.5597095820758175e-5,3,1
50256,9,8.222418475363193e-6,3,1
50256,13,1.0358253838278218e-5,3,1
50323,2,0,3,1
50323,6,0.0011664425456957,3,1
50323,4,4.107753221596775e-4,3,1
50323,17,2.131363006642748e-4,3,1
50323,5,6.758833019152243e-4,3,1
50323,1,0,3,1
50323,8,2.791113095902646e-4,3,1
50323,10,6.708358526456089e-5,3,1
50323,7,4.359706022600837e-4,3,1
50323,19,1.7674063968426234e-4,3,1
50323,11,2.4057984012117251e-4,3,1
50323,3,5.319266356145627e-7,3,1
50323,12,1.624249288920334e-4,3,1
50323,9,1.181972655833459e-4,3,1
50323,13,3.772585082151857e-4,3,1
50333,2,1.2772641002971636e-5,3,1
50333,6,2.659441619925713e-4,3,1
50333,4,2.2765258414452283e-4,3,1
50333,17,5.427694613189607e-5,3,1
50333,5,1.6546214167104944e-4,3,1
50333,1,0,3,1
50333,8,5.763973091073371e-5,3,1
50333,10,5.737411897626918e-5,3,1
50333,7,1.301856659526639e-4,3,1
50333,19,2.7752662429760203e-5,3,1
50333,11,1.6608075748009937e-5,3,1
50333,3,1.8617432246509696e-6,3,1
50333,12,5.378308903709715e-5,3,1
50333,9,4.779280738804856e-5,3,1
50333,13,1.362928136615555e-5,3,1
50362,2,4.1231681737717807e-4,6,2
50362,6,1.220144707582844e-4,6,2
50362,4,2.409114709133797e-4,6,2
50362,17,4.699589238249537e-5,6,2
50362,5,1.4995006588938855e-4,6,2
50362,1,0,6,2
50362,8,5.738009248320788e-5,6,2
50362,10,0,6,2
50362,7,6.584972638303347e-5,6,2
50362,19,2.9943662095267587e-5,6,2
50362,11,1.9692432672640355e-5,6,2
50362,3,1.457478981583902e-4,6,2
50362,12,6.453970684451658e-5,6,2
50362,9,3.0063217550546676e-5,6,2
50362,13,3.543613155200443e-5,6,2
50404,2,0,4,3
50404,6,2.566647443135432e-5,4,3
50404,4,0,4,3
50404,17,7.942967726618936e-6,4,3
50404,5,1.0587607279546318e-5,4,3
50404,1,0,4,3
50404,8,2.4925289042479444e-5,4,3
50404,10,3.795518639968577e-5,4,3
50404,7,1.4759421430679918e-5,4,3
50404,19,8.763998662029538e-6,4,3
50404,11,2.3725822497157057e-7,4,3
50404,3,0,4,3
50404,12,8.33637880075006e-6,4,3
50404,9,7.965467898008093e-6,4,3
50404,13,2.2897192695141325e-5,4,3
50407,2,9.619395255363012e-4,6,2
50407,6,2.3889564663029793e-4,6,2
50407,4,9.048564800557574e-4,6,2
50407,17,2.4711455149481135e-5,6,2
50407,5,1.1670990350011524e-4,6,2
50407,1,0,6,2
50407,8,6.620779901908601e-5,6,2
50407,10,2.942262511603548e-7,6,2
50407,7,7.947380770366109e-5,6,2
50407,19,2.702232920792441e-5,6,2
50407,11,1.3760977048351092e-5,6,2
50407,3,8.622530763312062e-4,6,2
50407,12,2.9580698970403436e-5,6,2
50407,9,2.7750662354350776e-5,6,2
50407,13,2.2897192695141325e-5,6,2
50601,2,1.205417994655448e-4,3,1
50601,6,0.00681879251873603,3,1
50601,4,0.00181671765500826,3,1
50601,17,0.00158594588941491,3,1
50601,5,0.00423701269921937,3,1
50601,1,0,3,1
50601,8,0.00178371599710243,3,1
50601,10,6.322922137436025e-4,3,1
50601,7,0.00307185189109817,3,1
50601,19,9.472421887210258e-4,3,1
50601,11,9.022930295668828e-4,3,1
50601,3,6.117156309567472e-6,3,1
50601,12,0.00161806423368106,3,1
50601,9,9.717870835569874e-4,3,1
50601,13,0.00155918978828819,3,1
50702,2,6.865294539097253e-5,3,1
50702,6,1.328733637869343e-4,3,1
50702,4,1.876257561630683e-5,3,1
50702,17,3.35369748457244e-5,3,1
50702,5,2.0042586803606288e-4,3,1
50702,1,0,3,1
50702,8,1.020379020176502e-4,3,1
50702,10,3.089375637183725e-5,3,1
50702,7,6.925574671319039e-5,3,1
50702,19,1.0224665105701128e-4,3,1
50702,11,6.714407766695446e-5,3,1
50702,3,2.6596331780728137e-7,3,1
50702,12,6.077489061191978e-5,3,1
50702,9,7.117530992736265e-5,3,1
50702,13,4.034267284382043e-5,3,1
51091,2,1.8360671441771724e-5,3,1
51091,6,0.00321344259880556,3,1
51091,4,8.170476261714414e-4,3,1
51091,17,8.24965453606339e-4,3,1
51091,5,0.00216331901297892,3,1
51091,1,2.241640809339931e-7,3,1
51091,8,8.313622449376998e-4,3,1
51091,10,4.033841903408464e-4,3,1
51091,7,0.00156639090516882,3,1
51091,19,6.631425654269017e-4,3,1
51091,11,4.683477360938802e-4,3,1
51091,3,5.053303038338346e-6,3,1
51091,12,8.322933028490785e-4,3,1
51091,9,5.516728895813992e-4,3,1
51091,13,0.00108652631050992,3,1
51162,2,1.776195389475743e-4,6,2
51162,6,6.633796468411579e-5,6,2
51162,4,1.898772652370251e-4,6,2
51162,17,1.0149347650679753e-5,6,2
51162,5,5.663138777431752e-5,6,2
51162,1,0,6,2
51162,8,1.843432835433375e-5,6,2
51162,10,0,6,2
51162,7,2.1949908794344493e-5,6,2
51162,19,1.533699765855169e-5,6,2
51162,11,1.0913878348692243e-5,6,2
51162,3,1.226090895091567e-4,6,2
51162,12,2.231998195039532e-5,6,2
51162,9,2.8521514086416076e-5,6,2
51162,13,2.2352021440495103e-5,6,2
51390,2,9.180335720885862e-6,2,5
51390,6,1.77690976832453e-5,2,5
51390,4,1.2258216069320464e-5,2,5
51390,17,2.8462301020384525e-5,2,5
51390,5,2.9054364162475945e-5,2,5
51390,1,1.0535711803897676e-5,2,5
51390,8,4.232106368670989e-5,2,5
51390,10,4.207435391593073e-5,2,5
51390,7,2.3842142311098327e-5,2,5
51390,19,3.651666109178974e-5,2,5
51390,11,4.033389824516699e-5,2,5
51390,3,6.649082945182035e-6,2,5
51390,12,4.195080944893578e-5,2,5
51390,9,3.4174426788228275e-5,2,5
51390,13,3.107476151483466e-5,2,5
51391,2,8.370071307259849e-4,6,2
51391,6,3.3484877411982256e-4,6,2
51391,4,7.890288465844232e-4,6,2
51391,17,6.685331169904272e-5,6,2
51391,5,1.5093495958981148e-4,6,2
51391,1,7.688827976035963e-5,6,2
51391,8,5.9457199903414504e-5,6,2
51391,10,4.678197393449641e-5,6,2
51391,7,5.828079231601814e-5,6,2
51391,19,1.0735898360986184e-4,6,2
51391,11,5.124777659385923e-5,6,2
51391,3,6.614507713867088e-4,6,2
51391,12,4.7866949243016465e-5,6,2
51391,9,4.3938548727722066e-5,6,2
51391,13,4.1978186607759095e-5,6,2
