ID,time,frequency,cluster,cluster_orig
27,7,1.758032537161231e-4,2,1
27,2,3.202322751435708e-5,2,1
27,13,3.355497983445876e-5,2,1
27,5,2.6696232945075507e-4,2,1
27,1,8.465714003247703e-5,2,1
27,19,3.4107584039291935e-5,2,1
27,17,2.430289990779194e-5,2,1
27,11,3.229817272461877e-5,2,1
27,6,1.3374219845670477e-4,2,1
27,9,1.2062796884404778e-4,2,1
27,4,6.931380379177854e-5,2,1
27,8,1.27411413307791e-4,2,1
27,3,1.4521075015114257e-4,2,1
27,10,7.070031358002537e-5,2,1
27,12,7.234287116562097e-5,2,1
28,7,6.288706815111318e-5,8,2
28,2,0,8,2
28,13,2.504102972720803e-7,8,2
28,5,1.5654793438717496e-4,8,2
28,1,2.2323971857879217e-5,8,2
28,19,7.693440008862842e-6,8,2
28,17,0,8,2
28,11,3.5302653908304236e-5,8,2
28,6,9.887952172485028e-5,8,2
28,9,1.6968128609776543e-5,8,2
28,4,2.107278959498795e-4,8,2
28,8,6.012971064629638e-5,8,2
28,3,4.152268182426462e-5,8,2
28,10,1.646834613510631e-5,8,2
28,12,4.822858077708064e-5,8,2
220,7,0.00124394828859506,2,1
220,2,7.387814768663081e-5,2,1
220,13,5.150939814886692e-4,2,1
220,5,0.00230580239671389,2,1
220,1,1.3046477059799542e-5,2,1
220,19,2.820928003249709e-4,2,1
220,17,2.3530925440132664e-4,2,1
220,11,8.247300849216606e-4,2,1
220,6,0.00151173536822631,2,1
220,9,9.17512990645008e-4,2,1
220,4,6.722394036087065e-4,2,1
220,8,0.00106988502775502,2,1
220,3,2.3252701821588188e-4,2,1
220,10,5.082472341696603e-4,2,1
220,12,6.179877948592589e-4,2,1
228,7,2.0222049795804052e-4,6,3
228,2,2.4551141094340427e-4,6,3
228,13,5.634231688621807e-5,6,3
228,5,4.023019542910642e-4,6,3
228,1,3.592130017131474e-4,6,3
228,19,1.7951360020679967e-5,6,3
228,17,7.719744676592734e-5,6,3
228,11,7.285866870437257e-5,6,3
228,6,2.4179610879520097e-4,6,3
228,9,1.6165998893678015e-4,6,3
228,4,3.437825343843489e-4,6,3
228,8,1.6370115057009324e-4,6,3
228,3,5.004076340992805e-4,6,3
228,10,7.070031358002537e-5,6,3
228,12,6.808740815587856e-5,6,3
269,7,0.00125820892486725,2,1
269,2,6.151830548810702e-5,2,1
269,13,4.304553010107061e-4,2,1
269,5,0.00281676960713683,2,1
269,1,4.7257239127718344e-5,2,1
269,19,2.936329603382652e-4,2,1
269,17,2.478895790594778e-4,2,1
269,11,4.722042927025659e-4,2,1
269,6,0.00174843459445838,2,1
269,9,7.925658617911988e-4,2,1
269,4,0.00112643638925935,2,1
269,8,9.138656463864428e-4,2,1
269,3,7.663900702421413e-5,2,1
269,10,5.474305404911202e-4,2,1
269,12,5.629031903442599e-4,2,1
356,7,1.3769696334946344e-4,2,1
356,2,1.853976329778568e-5,2,1
356,13,1.2520514863604014e-4,2,1
356,5,3.32336397023053e-4,2,1
356,1,0,2,1
356,19,3.641561604195079e-5,2,1
356,17,1.4867656414178596e-5,2,1
356,11,3.955900225185864e-5,2,1
356,6,1.730901318441194e-4,2,1
356,9,4.689373724883699e-5,2,1
356,4,2.2396369767896284e-4,2,1
356,8,7.92016893534917e-5,2,1
356,3,4.7454493513445284e-7,2,1
356,10,8.347747868484923e-5,2,1
356,12,5.508460451499897e-5,2,1
400,7,2.0292184072552504e-4,7,4
400,2,1.061822807054998e-4,7,4
400,13,1.1669119852878942e-4,7,4
400,5,5.035333699632177e-4,7,4
400,1,4.667739570283836e-5,7,4
400,19,8.48842880977867e-5,7,4
400,17,7.69115302964239e-5,7,4
400,11,7.511202959213667e-5,7,4
400,6,3.060168290907223e-4,7,4
400,9,1.8233025469778063e-4,7,4
400,4,3.350747700888993e-4,7,4
400,8,2.3151263041789883e-4,7,4
400,3,6.73853807890923e-5,7,4
400,10,2.896157423760075e-5,7,4
400,12,7.659833417536338e-5,7,4
479,7,7.855038995826777e-5,5,5
479,2,1.2359842198523784e-5,5,5
479,13,5.634231688621807e-5,5,5
479,5,6.034529314365962e-5,5,5
479,1,5.6824655638238006e-5,5,5
479,19,4.282681604933649e-5,5,5
479,17,1.5439489353185468e-5,5,5
479,11,5.007468639475779e-7,5,5
479,6,6.014321424501204e-5,5,5
479,9,0,5,5
479,4,3.4831057181798266e-7,5,5
479,8,6.012971064629638e-5,5,5
479,3,1.850725247024366e-5,5,5
479,10,1.675228313743573e-5,5,5
479,12,1.276638902922723e-5,5,5
492,7,8.970173996127185e-4,2,1
492,2,5.786653392945227e-5,2,1
492,13,5.168468535695737e-4,2,1
492,5,0.0016170789423569,2,1
492,1,5.160606481431819e-5,2,1
492,19,3.3825491238966964e-4,2,1
492,17,3.994253078962981e-4,2,1
492,11,4.686990646549328e-4,2,1
492,6,0.00112600329584814,2,1
492,9,4.624586324737279e-4,2,1
492,4,7.363285488232154e-4,2,1
492,8,7.965199996185604e-4,2,1
492,3,7.474082728367632e-5,2,1
492,10,4.4521321965252926e-4,2,1
492,12,4.8110373471254463e-4,2,1
493,7,8.112198010571105e-5,5,5
493,2,1.9663385315833295e-5,5,5
493,13,2.328815764630347e-5,5,5
493,5,1.3708876377200937e-4,5,5
493,1,6.84215241358376e-5,5,5
493,19,2.538835202924738e-5,5,5
493,17,1.7726821109212944e-5,5,5
493,11,2.5037343197378893e-7,5,5
493,6,8.9093507203628e-5,5,5
493,9,1.0797900024403252e-5,5,5
493,4,1.4838030359446062e-4,5,5
493,8,2.1191087452439253e-5,5,5
493,3,3.0370875848604985e-5,5,5
493,10,3.350456627487146e-5,5,5
493,12,2.056807121375498e-5,5,5
629,7,1.9684353674065912e-4,5,5
629,2,2.1489271095160672e-4,5,5
629,13,1.259563795278564e-4,5,5
629,5,3.653513943588958e-4,5,5
629,1,2.525218115352311e-4,5,5
629,19,7.411347208537872e-5,5,5
629,17,2.201556815176446e-5,5,5
629,11,5.5582901898181136e-5,5,5
629,6,2.448542383330829e-4,5,5
629,9,1.915855975758406e-4,5,5
629,4,1.3723436529628516e-4,5,5
629,8,1.594629330796054e-4,5,5
629,3,8.826535793500822e-5,5,5
629,10,9.540283278268485e-5,5,5
629,12,1.238812565058346e-4,5,5
788,7,0.0028200992680553,2,1
788,2,4.3259447694833246e-5,2,1
788,13,0.00106023719864998,2,1
788,5,0.00498832559084273,2,1
788,1,7.827886235879726e-5,2,1
788,19,8.25506112950983e-4,2,1
788,17,6.756206174366159e-4,2,1
788,11,0.00169602962819044,2,1
788,6,0.00377638222867917,2,1
788,9,0.00172550442389964,2,1
788,4,0.00331069198512992,2,1
788,8,0.00217288112965449,2,1
788,3,6.83344706593612e-5,2,1
788,10,0.00114653761540619,2,1
788,12,0.0013447263110786,2,1
820,7,0.00203646561585259,2,1
820,2,0,2,1
820,13,0.00105472817211,2,1
820,5,0.00273390415024753,2,1
820,1,0,2,1
820,19,8.365333769636865e-4,2,1
820,17,7.236545843131929e-4,2,1
820,11,9.008436082416924e-4,2,1
820,6,0.00219430988108157,2,1
820,9,0.00128340754575764,2,1
820,4,0.00160153200921908,2,1
820,8,0.00165634837300128,2,1
820,3,2.396451922428987e-5,2,1
820,10,0.00104403635756527,2,1
820,12,0.0016092742615175801,2,1
867,7,6.779646752350492e-5,7,4
867,2,1.8820668802297583e-5,7,4
867,13,2.0784054673582664e-5,7,4
867,5,1.2528207598303247e-4,7,4
867,1,1.855498959615935e-5,7,4
867,19,2.0772288023929675e-5,7,4
867,17,0,7,4
867,11,1.5022405918427334e-6,7,4
867,6,7.828811616977838e-5,7,4
867,9,4.350011152688168e-5,7,4
867,4,2.2535693996623477e-4,7,4
867,8,7.151992015198249e-5,7,4
867,3,2.96590584459033e-5,7,4
867,10,2.839370023294192e-7,7,4
867,12,8.34543579132817e-5,7,4
993,7,7.45761142758554e-5,2,1
993,2,4.915846328958324e-5,2,1
993,13,3.906400637444453e-5,2,1
993,5,1.1522452712575588e-4,2,1
993,1,1.2756555347359553e-5,2,1
993,19,7.360057608478786e-5,2,1
993,17,4.7176217468066704e-5,2,1
993,11,4.631908491515095e-5,2,1
993,6,6.299746848036855e-5,2,1
993,9,2.9000074351254452e-5,2,1
993,4,1.2713335871356366e-4,2,1
993,8,3.575996007599124e-5,2,1
993,3,3.32181454594117e-5,2,1
993,10,5.224440842861312e-5,2,1
993,12,3.66442648061152e-5,2,1
1128,7,0.02236044389386439,2,1
1128,2,8.340084428958436e-4,2,1
1128,13,0.0115501749616747,2,1
1128,5,0.03434959034073007,2,1
1128,1,0.0010237135666256,2,1
1128,19,0.009406256202836,2,1
1128,17,0.00718879779272485,2,1
1128,11,0.01054372596728019,2,1
1128,6,0.02515739683043222,2,1
1128,9,0.01178945575807274,2,1
1128,4,0.01557923525627472,2,1
1128,8,0.01764422919008723,2,1
1128,3,0.00132089582694674,2,1
1128,10,0.00986823051595896,2,1
1128,12,0.01138998316018721,2,1
1137,7,0.00252974336231671,1,6
1137,2,0,1,6
1137,13,0.00950407242266453,1,6
1137,5,0.00648733765530987,1,6
1137,1,0,1,6
1137,19,0.01375458849584528,1,6
1137,17,0.01158104659723661,1,6
1137,11,0.00469700558382828,1,6
1137,6,0.003162513692775,1,6
1137,9,0.00165578084088492,1,6
1137,4,0.00289202267780471,1,6
1137,8,0.00215990158858987,1,6
1137,3,4.8403583383714184e-5,1,6
1137,10,0.00307844497925556,1,6
1137,12,0.00832203074477458,1,6
1217,7,4.628862265397922e-5,8,2
1217,2,1.6292519261690445e-5,8,2
1217,13,2.504102972720803e-7,8,2
1217,5,1.7775624393404085e-4,8,2
1217,1,7.161066297267749e-5,8,2
1217,19,3.3338240038405654e-5,8,2
1217,17,2.5160649316302243e-5,8,2
1217,11,8.838182148674749e-5,8,2
1217,6,8.868575659857708e-5,8,2
1217,9,4.9670340112254966e-5,8,2
1217,4,1.424590238735549e-4,8,2
1217,8,7.36390288972264e-5,8,2
1217,3,1.2907622235657117e-4,8,2
1217,10,2.129527517470644e-5,8,2
1217,12,2.90789972332398e-5,8,2
1314,7,0.00210052158861617,2,1
1314,2,4.972027429860705e-5,2,1
1314,13,7.439689931953506e-4,2,1
1314,5,0.00421148926280134,2,1
1314,1,7.190058468511747e-5,2,1
1314,19,4.5006624051847633e-4,2,1
1314,17,6.53319132815348e-4,2,1
1314,11,9.193712422077528e-4,2,1
1314,6,0.00218513549246792,2,1
1314,9,0.00133369490872843,2,1
1314,4,0.00211250361807606,2,1
1314,8,0.00167462568592901,2,1
1314,3,1.0036625378093676e-4,2,1
1314,10,9.653858079200252e-4,2,1
1314,12,8.276875553948987e-4,2,1
1419,7,2.4640509230956613e-4,2,1
1419,2,0,2,1
1419,13,2.3563608973302757e-4,2,1
1419,5,5.861801844860559e-4,2,1
1419,1,6.958121098559756e-6,2,1
1419,19,5.103315205879019e-5,2,1
1419,17,6.290162329075561e-5,2,1
1419,11,1.3670389385768875e-4,2,1
1419,6,3.580050312347157e-4,2,1
1419,9,1.1476625168794316e-4,2,1
1419,4,1.689306273317216e-4,2,1
1419,8,1.9151445285141977e-4,2,1
1419,3,5.2674487799924264e-5,2,1
1419,10,1.081799978875087e-4,2,1
1419,12,4.9174239223690066e-5,2,1
1511,7,2.524833962944321e-5,6,3
1511,2,7.584448621821414e-5,6,3
1511,13,2.504102972720803e-7,6,3
1511,5,1.1588045422514349e-5,6,3
1511,1,1.3626320484679522e-5,6,3
1511,19,2.564480002954281e-7,6,3
1511,17,0,6,3
1511,11,4.531759118725579e-5,6,3
1511,6,1.0193765126273229e-5,6,3
1511,9,1.7276640039045206e-5,6,3
1511,4,7.001042493541451e-5,6,3
1511,8,3.2316408364969864e-5,6,3
1511,3,8.35199085836637e-5,6,3
1511,10,5.678740046588384e-7,6,3
1511,12,1.276638902922723e-5,6,3
1715,7,3.747508187592358e-4,2,1
1715,2,2.5281495406071378e-5,2,1
1715,13,2.3363280735485092e-4,2,1
1715,5,8.944659211982301e-4,2,1
1715,1,4.406810029087845e-5,2,1
1715,19,1.5745907218139285e-4,2,1
1715,17,1.7641046168361912e-4,2,1
1715,11,9.93982524935942e-5,2,1
1715,6,5.498516909111778e-4,2,1
1715,9,2.495857462783495e-4,2,1
1715,4,4.430510473524739e-4,2,1
1715,8,2.5429304942927106e-4,2,1
1715,3,1.0036625378093676e-4,2,1
1715,10,2.3368015291711197e-4,2,1
1715,12,2.099361751472922e-4,2,1
1740,7,6.148438261614411e-5,6,3
1740,2,6.525434869811535e-4,6,3
1740,13,3.7060723996267886e-5,6,3
1740,5,1.2528207598303247e-4,6,3
1740,1,6.357983153808977e-4,6,3
1740,19,1.5386880017725684e-5,6,3
1740,17,2.8019814011336588e-5,6,3
1740,11,2.5037343197378893e-7,6,3
1740,6,6.258971787531761e-5,6,3
1740,9,7.126614016106147e-5,6,3
1740,4,3.253220740779958e-4,6,3
1740,8,2.6488859315549068e-5,6,3
1740,3,7.02089231531423e-4,6,3
1740,10,2.2147086181694695e-5,6,3
1740,12,2.364146116523561e-7,6,3
1751,7,7.597879981082447e-5,2,1
1751,2,0,2,1
1751,13,5.734395807530639e-5,2,1
1751,5,2.1426951913328416e-4,2,1
1751,1,0,2,1
1751,19,8.719232010044556e-6,2,1
1751,17,1.372399053616486e-5,2,1
1751,11,0,2,1
1751,6,8.929738250615347e-5,2,1
1751,9,6.015972870738956e-5,2,1
1751,4,2.2779511396896064e-4,2,1
1751,8,8.449946121660152e-5,2,1
1751,3,2.3727246756722642e-7,2,1
1751,10,1.675228313743573e-5,2,1
1751,12,1.9149583543840845e-5,2,1
1809,7,2.1274063947030857e-5,10,7
1809,2,2.331515687448805e-5,10,7
1809,13,2.504102972720803e-7,10,7
1809,5,7.914853665943763e-5,10,7
1809,1,1.652553760907942e-5,10,7
1809,19,1.2822400014771404e-5,10,7
1809,17,0,10,7
1809,11,4.5067217755282e-5,10,7
1809,6,3.690142975710908e-5,10,7
1809,9,1.6659617180507876e-5,10,7
1809,4,3.4831057181798266e-7,10,7
1809,8,1.0595543726219626e-5,10,7
1809,3,0,10,7
1809,10,8.518110069882575e-7,10,7
1809,12,0,10,7
1848,7,0.00157007267547537,2,1
1848,2,6.404645502871416e-5,2,1
1848,13,8.686733212368466e-4,2,1
1848,5,0.00324596457250279,2,1
1848,1,6.291301159947779e-5,2,1
1848,19,4.505791365190671e-4,2,1
1848,17,5.278018027033403e-4,2,1
1848,11,9.634369662351396e-4,2,1
1848,6,0.00203182126496877,2,1
1848,9,6.241186214105081e-4,2,1
1848,4,0.00172936198907628,2,1
1848,8,0.00111120764828728,2,1
1848,3,6.64362909188234e-6,2,1
1848,10,5.505538475167438e-4,2,1
1848,12,7.194096632581196e-4,2,1
2001,7,1.028636058977316e-4,5,5
2001,2,1.1236220180476168e-4,5,5
2001,13,9.766001593611132e-6,5,5
2001,5,2.3875746417708807e-4,5,5
2001,1,4.2618491728678505e-5,5,5
2001,19,8.975680010339983e-6,5,5
2001,17,0,5,5
2001,11,7.511202959213667e-7,5,5
2001,6,1.4515921539813074e-4,5,5
2001,9,1.4777697461969025e-4,5,5
2001,4,3.61198062975248e-4,5,5
2001,8,1.2105408707205924e-4,5,5
2001,3,3.41672353296806e-5,5,5
2001,10,7.55272426196255e-5,5,5
2001,12,0,5,5
2107,7,2.162473533077312e-4,2,1
2107,2,3.736043210008326e-5,2,1
2107,13,1.016665806924646e-4,2,1
2107,5,4.613353932359486e-4,2,1
2107,1,2.3193736995199182e-5,2,1
2107,19,3.949299204549593e-5,2,1
2107,17,6.690445386380369e-5,2,1
2107,11,2.228323544566721e-5,2,1
2107,6,2.8379442111544663e-4,2,1
2107,9,6.355335442934486e-5,2,1
2107,4,9.787527068085312e-5,2,1
2107,8,1.7747535741417876e-4,2,1
2107,3,2.96590584459033e-5,2,1
2107,10,8.404535268950808e-5,2,1
2107,12,1.0331318529207962e-4,2,1
2122,7,3.296311007177308e-5,6,3
2122,2,8.191204511567127e-4,6,3
2122,13,2.504102972720803e-7,6,3
2122,5,5.531651871502132e-5,6,3
2122,1,7.047996829416152e-4,6,3
2122,19,0,6,3
2122,17,1.8584570517723247e-5,6,3
2122,11,0,6,3
2122,6,2.5892163420733995e-5,6,3
2122,9,1.912770861465719e-5,6,3
2122,4,1.929640567871624e-4,6,3
2122,8,2.27804190113722e-5,6,3
2122,3,5.841648151505114e-4,6,3
2122,10,1.9307716158400503e-5,6,3
2122,12,0,6,3
2125,7,1.096432526500821e-4,5,5
2125,2,3.932677063166659e-5,5,5
2125,13,4.256975053625365e-6,5,5
2125,5,0,5,5
2125,1,1.739530274639939e-5,5,5
2125,19,3.6672064042246214e-5,5,5
2125,17,1.5153572883682032e-5,5,5
2125,11,2.5037343197378893e-7,5,5
2125,6,5.280370335409531e-5,5,5
2125,9,8.391510876107672e-5,5,5
2125,4,0,5,5
2125,8,6.860614562727208e-5,5,5
2125,3,0,5,5
2125,10,3.747968430748333e-5,5,5
2125,12,2.9551826456544513e-5,5,5
2244,7,4.397419152128026e-4,2,1
2244,2,0,2,1
2244,13,1.717814639286471e-4,2,1
2244,5,7.560653032274455e-4,2,1
2244,1,0,2,1
2244,19,1.2489017614387347e-4,2,1
2244,17,9.034960436308532e-5,2,1
2244,11,2.3610214635128295e-4,2,1
2244,6,5.259982805156985e-4,2,1
2244,9,2.196601376392891e-4,2,1
2244,4,2.9989540233528304e-4,2,1
2244,8,2.9270189543681717e-4,2,1
2244,3,1.4236348054033583e-6,2,1
2244,10,2.441858220033005e-4,2,1
2244,12,2.3996083082714143e-4,2,1
2300,7,2.800695451488238e-4,2,1
2300,2,1.455090513371664e-4,2,1
2300,13,1.3947853558054872e-4,2,1
2300,5,6.930963016862355e-4,2,1
2300,1,2.899217124399898e-5,2,1
2300,19,8.514073609808213e-5,2,1
2300,17,1.1350883839286351e-4,2,1
2300,11,9.188704953438051e-5,2,1
2300,6,3.421027576377295e-4,2,1
2300,9,2.0947926047342312e-4,2,1
2300,4,4.646463028051888e-4,2,1
2300,8,2.884636779463293e-4,2,1
2300,3,9.016353767554604e-5,2,1
2300,10,8.546503770115517e-5,2,1
2300,12,2.018980783511121e-4,2,1
2334,7,5.680876416624722e-5,6,3
2334,2,1.1460944584085692e-4,6,3
2334,13,1.9782413484494343e-5,6,3
2334,5,8.352138398868831e-5,6,3
2334,1,1.4380116937023495e-4,6,3
2334,19,4.359616005022278e-6,6,3
2334,17,1.5725405822688902e-5,6,3
2334,11,3.655452106817318e-5,6,3
2334,6,7.319123360664177e-5,6,3
2334,9,1.5734082892701884e-5,6,3
2334,4,1.6405427932626984e-4,6,3
2334,8,3.072707680603692e-5,6,3
2334,3,1.6039618807544504e-4,6,3
2334,10,5.281228243327196e-5,6,3
2334,12,8.747340631137176e-6,6,3
2344,7,2.057272117954632e-5,10,7
2344,2,3.398956604594041e-5,10,7
2344,13,0,10,7
2344,5,3.3452282068767836e-5,10,7
2344,1,9.277494798079677e-6,10,7
2344,19,4.872512005613134e-6,10,7
2344,17,0,10,7
2344,11,0,10,7
2344,6,2.4057285698004815e-5,10,7
2344,9,0,10,7
2344,4,6.966211436359653e-7,10,7
2344,8,1.3509318250930025e-5,10,7
2344,3,3.2506328056710015e-5,10,7
2344,10,2.839370023294192e-7,10,7
2344,12,8.983755242789532e-6,10,7
2402,7,0.03762166251432785,1,6
2402,2,1.2753109904840452e-4,1,6
2402,13,0.03489091877040531,1,6
2402,5,0.01089691690212627,1,6
2402,1,6.0883559612397864e-5,1,6
2402,19,0.04132428721560557,1,6
2402,17,0.04022072751445665,1,6
2402,11,0.03665016371918717,1,6
2402,6,0.03990002770665361,1,6
2402,9,0.0398019850242382,1,6
2402,4,9.338206430440116e-4,1,6
2402,8,0.03975050673187871,1,6
2402,3,1.6846345197273074e-4,1,6
2402,10,0.04132958612206793,1,6
2402,12,0.03820838387680718,1,6
2443,7,2.454699686195868e-4,2,1
2443,2,2.331515687448805e-5,2,1
2443,13,1.8154746552225825e-4,2,1
2443,5,5.221179711125333e-4,2,1
2443,1,5.015645625211824e-5,2,1
2443,19,4.000588804608678e-5,2,1
2443,17,1.0207217961272616e-4,2,1
2443,11,3.38004133164615e-5,2,1
2443,6,3.2171522738518304e-4,2,1
2443,9,1.465429289026156e-4,2,1
2443,4,3.1069303006164053e-4,2,1
2443,8,1.9628244752821855e-4,2,1
2443,3,8.470627092149983e-5,2,1
2443,10,3.123307025623611e-5,2,1
2443,12,1.163159889329592e-4,2,1
2515,7,5.096424110387611e-4,2,1
2515,2,1.8258857793273773e-5,2,1
2515,13,3.1626820545463744e-4,2,1
2515,5,0.00104795286245492,2,1
2515,1,3.1021623231078914e-5,2,1
2515,19,1.8053939220798136e-4,2,1
2515,17,1.4581739944675165e-4,2,1
2515,11,3.6304147636199394e-4,2,1
2515,6,7.215146956376189e-4,2,1
2515,9,2.869156292198579e-4,2,1
2515,4,6.670147450314368e-4,2,1
2515,8,4.950767806076121e-4,2,1
2515,3,2.230361195131928e-5,2,1
2515,10,2.322604679054649e-4,2,1
2515,12,2.794420709730849e-4,2,1
2555,7,0.00151045854023919,2,1
2555,2,0,2,1
2555,13,8.549007548868822e-4,2,1
2555,5,0.00347903733515185,2,1
2555,1,8.987573085639684e-6,2,1
2555,19,3.895445124487553e-4,2,1
2555,17,3.9170556321970536e-4,2,1
2555,11,8.510192952789085e-4,2,1
2555,6,0.0019992012165647,2,1
2555,9,7.789913589033776e-4,2,1
2555,4,0.00173806975337173,2,1
2555,8,0.00122961284942778,2,1
2555,3,7.8299914297184708e-06,2,1
2555,10,5.684418786634971e-4,2,1
2555,12,7.359586860737846e-4,2,1
2558,7,3.834007128915451e-5,7,4
2558,2,1.002832651107498e-4,7,4
2558,13,0,7,4
2558,5,6.865370306923595e-5,7,4
2558,1,2.8992171243998984e-7,7,4
2558,19,7.436992008567415e-6,7,4
2558,17,0,7,4
2558,11,0,7,4
2558,6,4.3017688832873016e-5,7,4
2558,9,1.264896860001524e-5,7,4
2558,4,3.448274660998028e-5,7,4
2558,8,1.1125320912530608e-5,7,4
2558,3,3.8675412213457905e-5,7,4
2558,10,2.839370023294192e-7,7,4
2558,12,0,7,4
2588,7,9.180576826372546e-4,2,1
2588,2,1.741614127973806e-5,2,1
2588,13,3.280374894264252e-4,2,1
2588,5,0.00184971442027304,2,1
2588,1,0,2,1
2588,19,3.1953420836810343e-4,2,1
2588,17,2.3759658615735412e-4,2,1
2588,11,2.859264593140669e-4,2,1
2588,6,0.00128156015167507,2,1
2588,9,4.5196924387859335e-4,2,1
2588,4,9.815391913830752e-4,2,1
2588,8,7.006303288962728e-4,2,1
2588,3,3.0845420783739433e-6,2,1
2588,10,3.2482393066485553e-4,2,1
2588,12,5.359519246158912e-4,2,1
2626,7,4.439499718177098e-4,2,1
2626,2,3.0056888982773752e-5,2,1
2626,13,2.2486844695032812e-4,2,1
2626,5,0.00108359156818832,2,1
2626,1,9.219510455591676e-5,2,1
2626,19,1.9490048022452537e-4,2,1
2626,17,1.629723876169577e-4,2,1
2626,11,9.313891669424948e-5,2,1
2626,6,6.124414087864955e-4,2,1
2626,9,2.079367033270798e-4,2,1
2626,4,6.398465204296341e-4,2,1
2626,8,4.1269642813625447e-4,2,1
2626,3,1.226698657322561e-4,2,1
2626,10,2.2771747586819416e-4,2,1
2626,12,2.1300956509877285e-4,2,1
2660,7,0.00172717345539191,1,6
2660,2,1.2949743757998785e-4,1,6
2660,13,0.00195770770407312,1,6
2660,5,5.474804856221874e-4,1,6
2660,1,0,1,6
2660,19,0.00251960160290258,1,6
2660,17,0.00207175073802188,1,6
2660,11,0.00193738961661317,1,6
2660,6,0.00171010603758359,1,6
2660,9,0.00190567509859254,1,6
2660,4,3.134795146361844e-6,1,6
2660,8,0.00178720333802009,1,6
2660,3,0,1,6
2660,10,0.00206166657391391,1,6
2660,12,0.00231568112113482,1,6
2751,7,2.3962544555721567e-4,2,1
2751,2,0,2,1
2751,13,8.564032166705146e-5,2,1
2751,5,4.86041980646215e-4,2,1
2751,1,5.7984342487997964e-6,2,1
2751,19,3.6672064042246214e-5,2,1
2751,17,6.576078798578995e-5,2,1
2751,11,3.204779929264498e-5,2,1
2751,6,2.778820373422082e-4,2,1
2751,9,1.1661732026355516e-4,2,1
2751,4,3.531869198234344e-4,2,1
2751,8,2.0290466235710583e-4,2,1
2751,3,7.118174027016793e-7,2,1
2751,10,9.227952575706123e-5,2,1
2751,12,9.10196254861571e-5,2,1
2760,7,4.3530007768540055e-4,4,9
2760,2,1.99442908203452e-5,4,9
2760,13,5.308698302168102e-5,4,9
2760,5,5.979868722750328e-4,4,9
2760,1,2.638287583203907e-5,4,9
2760,19,1.341223041545089e-4,4,9
2760,17,3.974238926097741e-5,4,9
2760,11,1.712554274700716e-4,4,9
2760,6,3.200842249649793e-4,4,9
2760,9,1.1075560310745052e-4,4,9
2760,4,3.4831057181798263e-6,4,9
2760,8,2.813116859311311e-4,4,9
2760,3,0,4,9
2760,10,1.0306913184557916e-4,4,9
2760,12,1.609983505352545e-4,4,9
2915,7,5.236692663884518e-4,2,1
2915,2,0,2,1
2915,13,1.4198263855326953e-4,2,1
2915,5,8.100699677436917e-4,2,1
2915,1,2.8992171243998984e-7,2,1
2915,19,1.5463814417814313e-4,2,1
2915,17,1.4009907005668294e-5,2,1
2915,11,7.636389675200562e-5,2,1
2915,6,4.697286970186703e-4,2,1
2915,9,3.103624978442764e-4,2,1
2915,4,5.572969149087723e-6,2,1
2915,8,3.618378182504002e-4,2,1
2915,3,7.118174027016793e-7,2,1
2915,10,1.1499448594341476e-4,2,1
2915,12,2.2364822262312887e-4,2,1
3000,7,1.7276410172369013e-4,2,1
3000,2,2.0225196324857105e-5,2,1
3000,13,5.684313748076223e-5,2,1
3000,5,3.782512939801853e-4,2,1
3000,1,9.567416510519664e-6,2,1
3000,19,8.84745601019227e-5,2,1
3000,17,5.832695977870065e-5,2,1
3000,11,2.153211514974585e-4,2,1
3000,6,2.1773882309719612e-4,2,1
3000,9,6.571293443422552e-5,2,1
3000,4,3.2636700579344975e-4,2,1
3000,8,1.0330655133064135e-4,2,1
3000,3,1.186362337836132e-6,2,1
3000,10,8.063810866155504e-5,2,1
3000,12,4.137255703916232e-5,2,1
3087,7,1.369956205819789e-4,5,5
3087,2,0,5,5
3087,13,8.01312951270657e-5,5,5
3087,5,1.486768091945237e-5,5,5
3087,1,3.0441779806198932e-5,5,5
3087,19,4.6929984054063344e-5,5,5
3087,17,3.573955868792932e-5,5,5
3087,11,2.5037343197378893e-7,5,5
3087,6,7.359898421169269e-5,5,5
3087,9,1.0890453453183854e-4,5,5
3087,4,0,5,5
3087,8,1.1496164942948295e-4,5,5
3087,3,0,5,5
3087,10,9.369921076870833e-6,5,5
3087,12,4.4445946990642945e-5,5,5
3256,7,9.164212161797906e-4,2,1
3256,2,3.1714231459393984e-4,2,1
3256,13,4.502377144952004e-4,2,1
3256,5,0.00187179729928576,2,1
3256,1,1.5452827273051457e-4,2,1
3256,19,3.0081350434653717e-4,2,1
3256,17,2.481754955289812e-4,2,1
3256,11,3.02451105824337e-4,2,1
3256,6,0.0012401734652624,2,1
3256,9,4.47650083868832e-4,2,1
3256,4,0.00117206507416751,2,1
3256,8,7.419529494285293e-4,2,1
3256,3,2.486615460104533e-4,2,1
3256,10,3.941045592332338e-4,2,1
3256,12,4.643182972852274e-4,2,1
3276,7,5.727632601123691e-5,6,3
3276,2,1.4185727977851162e-4,6,3
3276,13,0,6,3
3276,5,1.1741095079038122e-4,6,3
3276,1,1.0901056387743616e-4,6,3
3276,19,9.232128010635413e-6,6,3
3276,17,0,6,3
3276,11,4.106124284370138e-5,6,3
3276,6,6.890985225360702e-5,6,3
3276,9,1.3883014317089898e-5,6,3
3276,4,1.929640567871624e-4,6,3
3276,8,3.814395741439066e-5,6,3
3276,3,9.51462594944578e-5,6,3
3276,10,2.8393700232941916e-5,6,3
3276,12,1.276638902922723e-5,6,3
3293,7,4.4044325798028714e-4,2,1
3293,2,9.26988164889284e-6,2,1
3293,13,2.0283234079038505e-4,2,1
3293,5,0.0010580104113122,2,1
3293,1,0,2,1
3293,19,7.616505608774214e-5,2,1
3293,17,1.1522433720988411e-4,2,1
3293,11,9.26381698303019e-5,2,1
3293,6,6.322173131314655e-4,2,1
3293,9,1.4808548604895892e-4,2,1
3293,4,6.029255998169279e-4,2,1
3293,8,3.4170628517058295e-4,2,1
3293,3,4.0573591953995715e-5,2,1
3293,10,1.9818802762593455e-4,2,1
3293,12,1.5201459529246497e-4,2,1
3304,7,9.4003308935177e-4,2,1
3304,2,7.149045089827963e-4,2,1
3304,13,3.217772319946232e-4,2,1
3304,5,0.00143779220185762,2,1
3304,1,4.27344604136545e-4,2,1
3304,19,2.536270722921784e-4,2,1
3304,17,2.504628272850087e-4,2,1
3304,11,3.868269523995039e-4,2,1
3304,6,0.00120612628974064,2,1
3304,9,5.827780898885071e-4,2,1
3304,4,0.00134447880721741,2,1
3304,8,6.818232387822329e-4,2,1
3304,3,4.052613746048227e-4,2,1
3304,10,3.401565287906442e-4,2,1
3304,12,2.4941741529323566e-4,2,1
3314,7,1.800113103210303e-5,5,5
3314,2,6.0113777965547504e-5,5,5
3314,13,0,5,5
3314,5,3.7387844665093464e-5,5,5
3314,1,3.276115350571885e-5,5,5
3314,19,0,5,5
3314,17,1.1436658780137382e-5,5,5
3314,11,2.5037343197378893e-7,5,5
3314,6,2.9765794168717825e-5,5,5
3314,9,0,5,5
3314,4,1.0553810326084874e-4,5,5
3314,8,2.9667522433414955e-5,5,5
3314,3,6.999537793233179e-5,5,5
3314,10,0,5,5
3314,12,7.328852961223039e-6,5,5
3350,7,3.2355279673286486e-4,2,1
3350,2,1.4747538986874972e-4,2,1
3350,13,2.0308275108765712e-4,2,1
3350,5,7.65685567351797e-4,2,1
3350,1,3.5486417602654754e-4,2,1
3350,19,1.023227521178758e-4,2,1
3350,17,9.663976669216088e-5,2,1
3350,11,1.3670389385768875e-4,2,1
3350,6,4.852232200106056e-4,2,1
3350,9,1.3389396030260035e-4,2,1
3350,4,7.969345883195444e-4,2,1
3350,8,3.207800863112992e-4,2,1
3350,3,9.917989144310065e-5,2,1
3350,10,7.751480163593143e-5,2,1
3350,12,1.9409639616658437e-4,2,1
3424,7,1.7159519711121589e-4,2,1
3424,2,0,2,1
3424,13,4.482344321170237e-5,2,1
3424,5,2.8948249319639614e-4,2,1
3424,1,0,2,1
3424,19,5.718790406588047e-5,2,1
3424,17,5.975654212621783e-5,2,1
3424,11,2.002987455790311e-6,2,1
3424,6,2.1243806523153408e-4,2,1
3424,9,4.9670340112254966e-5,2,1
3424,4,1.866944664944387e-4,2,1
3424,8,1.1337231787055e-4,2,1
3424,3,4.7454493513445284e-7,2,1
3424,10,1.436721231786861e-4,2,1
3424,12,8.960113781624297e-5,2,1
3427,7,8.649894132309249e-6,6,3
3427,2,7.267025401722962e-4,6,3
3427,13,6.786119056073376e-5,6,3
3427,5,3.017264657182981e-5,6,3
3427,1,8.494706174491702e-4,6,3
3427,19,1.615622401861197e-5,6,3
3427,17,5.718329390068691e-7,6,3
3427,11,0,6,3
3427,6,8.155012101018581e-6,6,3
3427,9,1.542557146343322e-5,6,3
3427,4,3.148727569234563e-4,6,3
3427,8,1.69528699619514e-5,6,3
3427,3,4.99933089164146e-4,6,3
3427,10,0,6,3
3427,12,8.747340631137176e-6,6,3
3436,7,3.576848114171122e-5,2,1
3436,2,0,2,1
3436,13,0,2,1
3436,5,1.084466137654173e-4,2,1
3436,1,0,2,1
3436,19,8.975680010339983e-6,2,1
3436,17,2.6018398724812547e-5,2,1
3436,11,3.7806388228042125e-5,2,1
3436,6,8.481212585059325e-5,2,1
3436,9,2.036175433173185e-5,2,1
3436,4,4.458375319270178e-5,2,1
3436,8,2.1720864638750235e-5,2,1
3436,3,0,2,1
3436,10,1.6184409132776892e-5,2,1
3436,12,1.1111486747660736e-5,2,1
3442,7,4.886021280142251e-5,6,3
3442,2,0,6,3
3442,13,2.8296363591745075e-5,6,3
3442,5,9.292300574657732e-5,6,3
3442,1,0,6,3
3442,19,8.462784009749127e-6,6,3
3442,17,5.1750880980121655e-5,6,3
3442,11,0,6,3
3442,6,5.259982805156985e-5,6,3
3442,9,3.7329882941508394e-5,6,3
3442,4,1.1424586755629831e-4,6,3
3442,8,3.3640851330747315e-5,6,3
3442,3,0,6,3
3442,10,2.328283419101237e-5,6,3
3442,12,2.056807121375498e-5,6,3
3443,7,3.389823376175246e-5,13,10
3443,2,1.1123857978671406e-4,13,10
3443,13,2.2286516457215145e-5,13,10
3443,5,3.279635496938023e-6,13,10
3443,1,0,13,10
3443,19,3.795430404372336e-5,13,10
3443,17,6.004245859572126e-6,13,10
3443,11,7.511202959213667e-7,13,10
3443,6,1.936815373991913e-5,13,10
3443,9,8.329808590253938e-6,13,10
3443,4,3.552767832543423e-5,13,10
3443,8,4.476617224327792e-5,13,10
3443,3,3.535359766751673e-5,13,10
3443,10,6.416976252644874e-5,13,10
3443,12,1.9149583543840845e-5,13,10
3460,7,2.7516014577643204e-4,2,1
3460,2,0,2,1
3460,13,1.2545555893331224e-4,2,1
3460,5,4.07549371086165e-4,2,1
3460,1,0,2,1
3460,19,5.154604805938105e-5,2,1
3460,17,5.889879271770752e-5,2,1
3460,11,1.1216729752425744e-4,2,1
3460,6,2.746200325018007e-4,2,1
3460,9,1.048938859513459e-4,2,1
3460,4,3.8314162899978094e-6,2,1
3460,8,2.2224152965745668e-4,2,1
3460,3,2.3727246756722642e-7,2,1
3460,10,7.24039355940019e-5,2,1
3460,12,7.257928577727332e-5,2,1
3477,7,0.00377976995489664,2,1
3477,2,2.0506101829369006e-5,2,1
3477,13,0.00239216956984018,2,1
3477,5,0.00244748265018161,2,1
3477,1,4.638747399039837e-5,2,1
3477,19,0.00155766515379443,2,1
3477,17,0.00171149598644755,2,1
3477,11,0.00195291276939555,2,1
3477,6,0.00263712703816688,2,1
3477,9,0.00150183363767985,2,1
3477,4,0.00320062584443544,2,1
3477,8,0.00293019761748603,2,1
3477,3,7.18935576728696e-5,2,1
3477,10,0.00176807571350529,2,1
3477,12,0.00247573381322347,2,1
3535,7,5.400339309630909e-5,2,1
3535,2,0,2,1
3535,13,5.008205945441606e-7,2,1
3535,5,1.9852726874798165e-4,2,1
3535,1,0,2,1
3535,19,1.7951360020679967e-5,2,1
3535,17,2.5732482255309112e-5,2,1
3535,11,7.386016243226772e-5,2,1
3535,6,8.012299389250756e-5,2,1
3535,9,2.6531982917105137e-5,2,1
3535,4,1.0797627726357462e-4,2,1
3535,8,4.6355503802210866e-5,2,1
3535,3,2.3727246756722642e-7,2,1
3535,10,3.520818828884798e-5,2,1
3535,12,7.116079810735919e-5,2,1
3586,7,5.877252391520392e-4,2,1
3586,2,0,2,1
3586,13,2.0032823781766424e-4,2,1
3586,5,0.00114896563576062,2,1
3586,1,0,2,1
3586,19,1.1078553612762494e-4,2,1
3586,17,1.0064259726520896e-4,2,1
3586,11,2.148204046335109e-4,2,1
3586,6,5.877724971809142e-4,2,1
3586,9,2.2459632050758768e-4,2,1
3586,4,4.876348005451757e-6,2,1
3586,8,4.6302526083579767e-4,2,1
3586,3,2.3727246756722642e-7,2,1
3586,10,1.959165316072992e-4,2,1
3586,12,1.1560674509800211e-4,2,1
3643,7,1.0590275789016458e-4,10,7
3643,2,9.831692657916647e-6,10,7
3643,13,5.859600956166679e-5,10,7
3643,5,8.570780765331366e-5,10,7
3643,1,4.174872659135853e-5,10,7
3643,19,2.2310976025702244e-5,10,7
3643,17,2.8591646950343457e-7,10,7
3643,11,7.861725763976972e-5,10,7
3643,6,7.482223602684548e-5,10,7
3643,9,5.46065229805536e-5,10,7
3643,4,1.3932422872719306e-6,10,7
3643,8,5.271283003794264e-5,10,7
3643,3,1.850725247024366e-5,10,7
3643,10,5.678740046588384e-7,10,7
3643,12,2.387787577688797e-5,10,7
3661,7,6.919915305847399e-5,11,11
3661,2,0,11,11
3661,13,2.504102972720803e-7,11,11
3661,5,1.4627174316343583e-4,11,11
3661,1,0,11,11
3661,19,3.974944004579135e-5,11,11
3661,17,0,11,11
3661,11,1.0766057574872925e-4,11,11
3661,6,7.828811616977838e-5,11,11
3661,9,3.085114292686644e-7,11,11
3661,4,2.4381740027258786e-6,11,11
3661,8,6.966569999989405e-5,11,11
3661,3,6.73853807890923e-5,11,11
3661,10,4.287448735174229e-5,11,11
3661,12,8.676416247641469e-5,11,11
3776,7,6.803024844599976e-5,10,7
3776,2,0,10,7
3776,13,2.2536926754487227e-5,10,7
3776,5,1.3708876377200937e-4,10,7
3776,1,0,10,7
3776,19,2.179808002511139e-5,10,7
3776,17,2.8591646950343457e-7,10,7
3776,11,9.414041042214462e-5,10,7
3776,6,7.563773723694735e-5,10,7
3776,9,1.6968128609776543e-5,10,7
3776,4,1.044931715453948e-6,10,7
3776,8,3.39057399239028e-5,10,7
3776,3,0,10,7
3776,10,1.1357480093176767e-6,10,7
3776,12,1.442129131079372e-5,10,7
3883,7,2.2115675268012295e-4,2,1
3883,2,8.174350181296413e-5,2,1
3883,13,1.0517232485427371e-5,2,1
3883,5,4.873538348449902e-4,2,1
3883,1,7.479980180951738e-5,2,1
3883,19,3.74414080431325e-5,2,1
3883,17,8.291577615599603e-5,2,1
3883,11,1.4872181859243062e-4,2,1
3883,6,3.5902440774734305e-4,2,1
3883,9,7.435125445374812e-5,2,1
3883,4,6.837336524786999e-4,2,1
3883,8,1.7244247414422445e-4,2,1
3883,3,7.165628520530237e-5,2,1
3883,10,9.881007681063789e-5,2,1
3883,12,1.4846837611767963e-4,2,1
3949,7,0.00151677062514655,2,1
3949,2,0,2,1
3949,13,6.172613827756779e-4,2,1
3949,5,0.00340950906261676,2,1
3949,1,0,2,1
3949,19,4.226263044868655e-4,2,1
3949,17,3.819844032565886e-4,2,1
3949,11,4.546781524644006e-4,2,1
3949,6,0.0019551641512192,2,1
3949,9,7.635657874399444e-4,2,1
3949,4,0.00150400504911004,2,1
3949,8,0.00108763256349644,2,1
3949,3,4.033631948642849e-6,2,1
3949,10,6.240935311200633e-4,2,1
3949,12,7.61491464132239e-4,2,1
3959,7,6.19519444611338e-5,11,11
3959,2,1.1854212290402358e-4,11,11
3959,13,2.7044312105384672e-5,11,11
3959,5,1.8956293172301772e-4,11,11
3959,1,2.0294519870799288e-5,11,11
3959,19,4.8725120056131335e-5,11,11
3959,17,0,11,11
3959,11,4.181236313962275e-5,11,11
3959,6,9.622914279201926e-5,11,11
3959,9,9.563854307328596e-6,11,11
3959,4,8.42911583799518e-5,11,11
3959,8,6.012971064629638e-5,11,11
3959,3,1.2646622521333167e-4,11,11
3959,10,5.8491022479860346e-5,11,11
3959,12,3.0733899514806294e-5,11,11
3990,7,1.2343632707727793e-4,2,1
3990,2,0,2,1
3990,13,2.353856794357555e-5,2,1
3990,5,1.799426675986662e-4,2,1
3990,1,0,2,1
3990,19,1.9490048022452535e-5,2,1
3990,17,1.887048698722668e-5,2,1
3990,11,3.805676166001591e-5,2,1
3990,6,1.2191743091022e-4,2,1
3990,9,7.465976588301679e-5,2,1
3990,4,1.044931715453948e-6,2,1
3990,8,4.6355503802210866e-5,2,1
3990,3,0,2,1
3990,10,7.439149461030782e-5,2,1
3990,12,4.3973117767338234e-5,2,1
4048,7,0.00348473843070815,2,1
4048,2,0.00194751786278103,2,1
4048,13,0.00171656258780011,2,1
4048,5,0.00847282898515615,2,1
4048,1,0.00159630894869458,2,1
4048,19,9.798878091288308e-4,2,1
4048,17,7.917027040550103e-4,2,1
4048,11,0.00181595850210589,2,1
4048,6,0.00426731395716049,2,1
4048,9,0.00167645110664592,2,1
4048,4,0.00495297633125171,2,1
4048,8,0.00269391699239134,2,1
4048,3,0.00173588537272182,2,1
4048,10,0.00130752989572697,2,1
4048,12,0.00163622552724595,2,1
4081,7,6.709512475602038e-5,5,5
4081,2,2.0506101829369006e-5,5,5
4081,13,2.3037747349031388e-5,5,5
4081,5,0,5,5
4081,1,6.378277673679776e-6,5,5
4081,19,2.6157696030133666e-5,5,5
4081,17,1.9728236395736985e-5,5,5
4081,11,7.511202959213667e-7,5,5
4081,6,3.017354477376875e-5,5,5
4081,9,1.5117060034164556e-5,5,5
4081,4,0,5,5
4081,8,5.5096827376342056e-5,5,5
4081,3,4.7691765981012506e-5,5,5
4081,10,7.041637657769596e-5,5,5
4081,12,5.508460451499897e-5,5,5
4108,7,2.753939266989269e-4,2,1
4108,2,0,2,1
4108,13,2.301270631930418e-4,2,1
4108,5,8.485510242410979e-4,2,1
4108,1,0,2,1
4108,19,8.385849609660498e-5,2,1
4108,17,1.3209340891058677e-4,2,1
4108,11,1.2268298166715657e-4,2,1
4108,6,4.134591135216421e-4,2,1
4108,9,2.0639414618073648e-4,2,1
4108,4,7.095086347932306e-4,2,1
4108,8,2.482006117866948e-4,2,1
4108,3,1.660907272970585e-6,2,1
4108,10,2.430500739939828e-4,2,1
4108,12,2.0733561441911629e-4,2,1
4141,7,5.704254508874207e-5,6,3
4141,2,1.938247981132139e-5,6,3
4141,13,7.76271921543449e-6,6,3
4141,5,8.811287368440154e-5,6,3
4141,1,0,6,3
4141,19,8.206336009453699e-6,6,3
4141,17,1.1150742310633948e-5,6,3
4141,11,4.081086941172759e-5,6,3
4141,6,4.220218762277116e-5,6,3
4141,9,9.255342878059932e-7,6,3
4141,4,4.702192719542766e-5,6,3
4141,8,5.6951047528430496e-5,6,3
4141,3,0,6,3
4141,10,4.88371644006601e-5,6,3
4141,12,2.364146116523561e-7,6,3
4142,7,0.00122805118586541,2,1
4142,2,0,2,1
4142,13,7.529837638971454e-4,2,1
4142,5,0.00230667696617974,2,1
4142,1,0,2,1
4142,19,4.4929689651759e-4,2,1
4142,17,4.6289876412606055e-4,2,1
4142,11,5.758588935397145e-4,2,1
4142,6,0.00158513047713548,2,1
4142,9,7.913318160741242e-4,2,1
4142,4,0.0015360496217173,2,1
4142,8,9.40354505701992e-4,2,1
4142,3,2.847269610806717e-5,2,1
4142,10,6.1103242901291e-4,2,1
4142,12,7.052247865589783e-4,2,1
4151,7,3.085908176931948e-5,2,1
4151,2,0,2,1
4151,13,2.278733705175931e-5,2,1
4151,5,5.0069101919920486e-5,2,1
4151,1,0,2,1
4151,19,1.333529601536226e-5,2,1
4151,17,0,2,1
4151,11,0,2,1
4151,6,3.3027799009125255e-5,2,1
4151,9,4.411713438541901e-5,2,1
4151,4,7.035873550723249e-5,2,1
4151,8,1.191998669199708e-5,2,1
4151,3,2.3727246756722642e-7,2,1
4151,10,3.662787330049507e-5,2,1
4151,12,2.387787577688797e-5,2,1
4153,7,2.2209187637010232e-5,6,3
4153,2,1.5140806693191635e-4,6,3
4153,13,0,6,3
4153,5,5.26928103174709e-5,6,3
4153,1,1.3307406600995532e-4,6,3
4153,19,1.205305601388512e-5,6,3
4153,17,0,6,3
4153,11,2.5037343197378893e-7,6,3
4153,6,2.5484412815683068e-5,6,3
4153,9,5.861717156104624e-6,6,3
4153,4,1.1703235213084216e-4,6,3
4153,8,1.4303984030396496e-5,6,3
4153,3,1.5114256184032323e-4,6,3
4153,10,0,6,3
4153,12,1.513053514575079e-5,6,3
4179,7,2.3261201788237032e-4,7,4
4179,2,2.401742063576781e-4,7,4
4179,13,1.2119858387968688e-4,7,4
4179,5,6.135104802938729e-4,7,4
4179,1,6.697191557363765e-5,7,4
4179,19,9.001324810369526e-5,7,4
4179,17,1.1894125131342878e-4,7,4
4179,11,2.601379958207667e-4,7,4
4179,6,3.1763772133467375e-4,7,4
4179,9,2.0084094045390053e-4,7,4
4179,4,7.812606125877351e-4,7,4
4179,8,1.9787177908715153e-4,7,4
4179,3,1.1578896417280648e-4,7,4
4179,10,1.959165316072992e-5,7,4
4179,12,1.6430815509838747e-4,7,4
4201,7,4.109868617459367e-4,2,1
4201,2,1.0112598162428552e-5,2,1
4201,13,1.4148181795872538e-4,2,1
4201,5,0.00118241791782938,2,1
4201,1,6.117348132483785e-5,2,1
4201,19,1.1258067212969294e-4,2,1
4201,17,1.446737335687379e-4,2,1
4201,11,2.045550939225855e-4,2,1
4201,6,5.77578732054641e-4,2,1
4201,9,1.786281175465567e-4,2,1
4201,4,5.572969149087722e-4,2,1
4201,8,3.464742798473818e-4,2,1
4201,3,1.186362337836132e-6,2,1
4201,10,2.490127510429006e-4,2,1
4201,12,2.6809416961377184e-4,2,1
4234,7,9.397993084292752e-5,4,9
4234,2,0,4,9
4234,13,2.7545132699928833e-5,4,9
4234,5,2.252016374564109e-4,4,9
4234,1,0,4,9
4234,19,3.0260864034860517e-5,4,9
4234,17,2.8591646950343457e-7,4,9
4234,11,8.287360598332413e-5,4,9
4234,6,1.2456780984305884e-4,4,9
4234,9,8.48406430488827e-5,4,9
4234,4,1.3932422872719306e-6,4,9
4234,8,6.913592281358306e-5,4,9
4234,3,0,4,9
4234,10,1.732015714209457e-5,4,9
4234,12,5.035631228195185e-5,4,9
4287,7,3.092921604606793e-4,2,1
4287,2,1.8258857793273773e-5,2,1
4287,13,1.2695802071694472e-4,2,1
4287,5,6.699202108412069e-4,2,1
4287,1,0,2,1
4287,19,1.0463078412053466e-4,2,1
4287,17,6.633262092479682e-5,2,1
4287,11,1.4521659054479757e-4,2,1
4287,6,4.277303846984246e-4,2,1
4287,9,1.2895777743430171e-4,2,1
4287,4,2.260535611098707e-4,2,1
4287,8,2.2621485855478903e-4,2,1
4287,3,1.8981797405378112e-6,2,1
4287,10,5.3380156437930807e-5,2,1
4287,12,1.4019386470984715e-4,2,1
4400,7,1.4096989626439127e-4,2,1
4400,2,4.129310916324992e-5,2,1
4400,13,1.7528720809045622e-5,2,1
4400,5,2.9954004205367277e-4,2,1
4400,1,5.305567337651814e-5,2,1
4400,19,4.8725120056131335e-5,2,1
4400,17,5.518187861416287e-5,2,1
4400,11,1.5473078095980155e-4,2,1
4400,6,1.908272831638348e-4,2,1
4400,9,4.257457723907569e-5,2,1
4400,4,4.440959790679279e-4,2,1
4400,8,1.2582208174885808e-4,2,1
4400,3,1.660907272970585e-6,2,1
4400,10,1.3657369812045063e-4,2,1
4400,12,2.31686319419309e-5,2,1
4444,7,1.7556947279362826e-4,2,1
4444,2,2.415787338802376e-5,2,1
4444,13,4.908041826532774e-5,2,1
4444,5,4.1607642337820384e-4,2,1
4444,1,3.392084035547881e-5,2,1
4444,19,7.180544008271987e-6,2,1
4444,17,6.433120563827277e-5,2,1
4444,11,1.2593783628281582e-4,2,1
4444,6,2.6626114509825666e-4,2,1
4444,9,7.897892589277809e-5,2,1
4444,4,2.124694488089694e-4,2,1
4444,8,1.2953052205303493e-4,2,1
4444,3,2.3727246756722642e-7,2,1
4444,10,3.833149531447159e-5,2,1
4444,12,1.4232159621471838e-4,2,1
4453,7,7.583853125732757e-4,2,1
4453,2,4.66303137489761e-5,2,1
4453,13,1.830499273058907e-4,2,1
4453,5,0.00135339624840309,2,1
4453,1,2.8992171243998984e-7,2,1
4453,19,1.720766081982323e-4,2,1
4453,17,1.875612039942531e-4,2,1
4453,11,2.1982787327298663e-4,2,1
4453,6,7.565812476719989e-4,2,1
4453,9,3.8872440087851714e-4,2,1
4453,4,7.662832579995619e-6,2,1
4453,8,5.440811703413778e-4,2,1
4453,3,4.7454493513445284e-7,2,1
4453,10,2.870603093550428e-4,2,1
4453,12,1.9740620072971737e-4,2,1
4658,7,8.696650316808217e-5,4,9
4658,2,0,4,9
4658,13,3.255333864537044e-5,4,9
4658,5,1.2681257254827023e-4,4,9
4658,1,0,4,9
4658,19,3.231244803722394e-5,4,9
4658,17,3.974238926097741e-5,4,9
4658,11,3.0044811836854668e-5,4,9
4658,6,8.664700357332242e-5,4,9
4658,9,5.2138431546404285e-5,4,9
4658,4,1.044931715453948e-6,4,9
4658,8,3.7084403041768694e-5,4,9
4658,3,7.118174027016793e-7,4,9
4658,10,5.678740046588384e-7,4,9
4658,12,1.3475632864184298e-5,4,9
4711,7,5.376961217381425e-6,10,7
4711,2,0,10,7
4711,13,0,10,7
4711,5,1.924052824870307e-5,10,7
4711,1,2.2323971857879217e-5,10,7
4711,19,1.6669120019202827e-5,10,7
4711,17,1.4867656414178596e-5,10,7
4711,11,4.005974911580622e-5,10,7
4711,6,6.3201343782894005e-6,10,7
4711,9,2.591496005856781e-5,10,7
4711,4,6.966211436359653e-7,10,7
4711,8,0,10,7
4711,3,3.6777232472920096e-5,10,7
4711,10,5.678740046588384e-7,10,7
4711,12,2.836975339828273e-6,10,7
4717,7,3.085908176931948e-5,5,5
4717,2,0,5,5
4717,13,1.9281592889950186e-5,5,5
4717,5,1.403683992689474e-4,5,5
4717,1,0,5,5
4717,19,2.9235072033678803e-5,5,5
4717,17,2.8591646950343457e-7,5,5
4717,11,7.511202959213667e-7,5,5
4717,6,5.769671061470646e-5,5,5
4717,9,3.301072293174709e-5,5,5
4717,4,3.9115277215159453e-4,5,5
4717,8,4.370661787065596e-5,5,5
4717,3,3.796359481075623e-5,5,5
4717,10,2.101133817237702e-5,5,5
4717,12,1.1111486747660736e-5,5,5
4733,7,1.7042629249874167e-4,2,1
4733,2,0,2,1
4733,13,2.428979883539179e-5,2,1
4733,5,5.203688321808329e-4,2,1
4733,1,3.276115350571885e-5,2,1
4733,19,1.4104640016248545e-5,2,1
4733,17,0,2,1
4733,11,4.4816844323308215e-5,2,1
4733,6,2.4220385940025183e-4,2,1
4733,9,9.317045163913664e-5,2,1
4733,4,2.2396369767896284e-4,2,1
4733,8,1.6317137338378224e-4,2,1
4733,3,2.3727246756722642e-7,2,1
4733,10,7.751480163593143e-5,2,1
4733,12,4.4445946990642945e-5,2,1
4958,7,0.00100712821410779,2,1
4958,2,2.809055045119042e-7,2,1
4958,13,5.401350112158773e-4,2,1
4958,5,0.00184709071187549,2,1
4958,1,0,2,1
4958,19,3.5748851241182677e-4,2,1
4958,17,1.778400440311363e-4,2,1
4958,11,2.7390853457932504e-4,2,1
4958,6,0.0011441481977729,2,1
4958,9,3.942776066053531e-4,2,1
4958,4,6.440262472914499e-4,2,1
4958,8,8.341341798466401e-4,2,1
4958,3,2.1354522081050376e-6,2,1
4958,10,3.3390991473939693e-4,2,1
4958,12,4.666824434017509e-4,2,1
4972,7,9.678530191286564e-5,14,13
4972,2,0,14,13
4972,13,5.008205945441606e-7,14,13
4972,5,2.1907965119545992e-4,14,13
4972,1,0,14,13
4972,19,2.564480002954281e-7,14,13
4972,17,1.5725405822688902e-5,14,13
4972,11,8.888256835069506e-5,14,13
4972,6,1.017337759602068e-4,14,13
4972,9,6.386186585861353e-5,14,13
4972,4,2.089863430907896e-6,14,13
4972,8,4.370661787065596e-5,14,13
4972,3,3.796359481075623e-5,14,13
4972,10,1.845590515141225e-5,14,13
4972,12,8.747340631137176e-6,14,13
5016,7,0.00199274858334605,2,1
5016,2,1.0393503666940456e-5,2,1
5016,13,9.26267689609425e-4,2,1
5016,5,0.00477558656827468,2,1
5016,1,1.942475473347932e-5,2,1
5016,19,6.980514568041553e-4,2,1
5016,17,6.1186124473735e-4,2,1
5016,11,7.406046117784676e-4,2,1
5016,6,0.00266036882265478,2,1
5016,9,0.00105017290523053,2,1
5016,4,0.00181818118488986,2,1
5016,8,0.00163197862243097,2,1
5016,3,6.1690841567478865e-6,2,1
5016,10,8.390338418834336e-4,2,1
5016,12,0.00101752848855174,2,1
5049,7,6.312084907360803e-6,10,7
5049,2,1.1039586327317835e-4,10,7
5049,13,0,10,7
5049,5,2.842350764012953e-6,10,7
5049,1,5.450528193871809e-5,10,7
5049,19,0,10,7
5049,17,0,10,7
5049,11,3.229817272461877e-5,10,7
5049,6,5.0968825631366135e-6,10,7
5049,9,0,10,7
5049,4,3.4831057181798266e-7,10,7
5049,8,4.23821749048785e-6,10,7
5049,3,1.589725532700417e-4,10,7
5049,10,2.839370023294192e-7,10,7
5049,12,7.092438349570682e-7,10,7
5244,7,9.351236899793782e-5,13,10
5244,2,7.078818713699987e-5,13,10
5244,13,1.4774207539052736e-5,13,10
5244,5,6.559270993876046e-7,13,10
5244,1,5.160606481431819e-5,13,10
5244,19,2.1285184024520537e-5,13,10
5244,17,0,13,10
5244,11,5.007468639475779e-7,13,10
5244,6,3.241617310154886e-5,13,10
5244,9,1.3790460888309298e-4,13,10
5244,4,7.871818923086408e-5,13,10
5244,8,5.271283003794264e-5,13,10
5244,3,9.656989429986116e-5,13,10
5244,10,3.066519625157727e-5,13,10
5244,12,4.63372638838618e-5,13,10
5332,7,2.8988834389360723e-5,4,9
5332,2,2.809055045119042e-7,4,9
5332,13,0,4,9
5332,5,7.105876910032383e-5,4,9
5332,1,2.754256268179903e-5,4,9
5332,19,8.975680010339983e-6,4,9
5332,17,0,4,9
5332,11,2.5037343197378893e-7,4,9
5332,6,3.771693096721094e-5,4,9
5332,9,3.7329882941508394e-5,4,9
5332,4,3.4831057181798266e-7,4,9
5332,8,2.7548413688171028e-5,4,9
5332,3,0,4,9
5332,10,2.839370023294192e-7,4,9
5332,12,6.383194514613615e-6,4,9
5462,7,3.815304655115863e-4,4,9
5462,2,3.483228255947612e-5,4,9
5462,13,1.0066493950337628e-4,4,9
5462,5,5.564448226471513e-4,4,9
5462,1,3.97192746042786e-5,4,9
5462,19,4.7955776055245054e-5,4,9
5462,17,2.9735312828357195e-5,4,9
5462,11,9.414041042214462e-5,4,9
5462,6,3.667716692433107e-4,4,9
5462,9,1.8140472040997468e-4,4,9
5462,4,5.572969149087723e-6,4,9
5462,8,3.10979208364546e-4,4,9
5462,3,7.213083014043682e-5,4,9
5462,10,2.2459416884257057e-4,4,9
5462,12,1.0402242912703668e-4,4,9
5465,7,3.1560424536804016e-5,2,1
5465,2,0,2,1
5465,13,2.378897824084763e-5,2,1
5465,5,1.5458015308901214e-4,2,1
5465,1,6.958121098559756e-6,2,1
5465,19,4.6160640053177055e-6,2,1
5465,17,0,2,1
5465,11,3.179742586067119e-5,2,1
5465,6,6.870597695108154e-5,2,1
5465,9,1.0180877165865924e-5,2,1
5465,4,1.8321136077625888e-4,2,1
5465,8,2.463463916346063e-5,2,1
5465,3,2.3727246756722642e-7,2,1
5465,10,1.959165316072992e-5,2,1
5465,12,7.801682184527751e-6,2,1
5477,7,4.3950813429030775e-5,7,4
5477,2,5.1124801821166565e-5,7,4
5477,13,0,7,4
5477,5,9.423485994535252e-5,7,4
5477,1,2.986193638131895e-5,7,4
5477,19,1.1796608013589692e-5,7,4
5477,17,1.2866241127654556e-5,7,4
5477,11,2.5037343197378893e-7,7,4
5477,6,5.830833652228286e-5,7,4
5477,9,3.856392865858305e-5,7,4
5477,4,3.901078404361406e-5,7,4
5477,8,5.324260722425362e-5,7,4
5477,3,0,7,4
5477,10,2.839370023294192e-7,7,4
5477,12,1.7258266650621996e-5,7,4
5497,7,3.20279863817937e-4,2,1
5497,2,5.5900195397868936e-5,2,1
5497,13,1.6852613006411004e-4,2,1
5497,5,7.387925562769053e-4,2,1
5497,1,1.826506788371936e-5,2,1
5497,19,1.4207219216366717e-4,2,1
5497,17,2.5732482255309112e-5,2,1
5497,11,2.2258198102469831e-4,2,1
5497,6,3.920522067564683e-4,2,1
5497,9,1.777025832587507e-4,2,1
5497,4,6.057120843914718e-4,2,1
5497,8,2.831659060832195e-4,2,1
5497,3,8.09099114404242e-5,2,1
5497,10,1.9762015362127577e-4,2,1
5497,12,1.416123523797613e-4,2,1
5508,7,0.04362866331783287,1,6
5508,2,0,1,6
5508,13,0.02862064492671242,1,6
5508,5,0.00809982510797106,1,6
5508,1,0,1,6
5508,19,0.01736383765200314,1,6
5508,17,0.02028234251363464,1,6
5508,11,0.03372154568538976,1,6
5508,6,0.0444450198258538,1,6
5508,9,0.04617459710721173,1,6
5508,4,5.736675117842175e-4,1,6
5508,8,0.04262640218776787,1,6
5508,3,6.1690841567478865e-6,1,6
5508,10,0.03853081909010684,1,6
5508,12,0.03051119695062977,1,6
5650,7,2.115717348578343e-4,2,1
5650,2,9.101338346185696e-5,2,1
5650,13,1.1093176169153156e-4,2,1
5650,5,6.596440196174677e-4,2,1
5650,1,2.681775840069906e-4,2,1
5650,19,1.0693881612319352e-4,2,1
5650,17,5.203679744962509e-5,2,1
5650,11,2.3510065262338775e-4,2,1
5650,6,3.553546523018847e-4,2,1
5650,9,2.236707862197817e-4,2,1
5650,4,6.684079873187087e-4,2,1
5650,8,2.0502377110234976e-4,2,1
5650,3,7.141901273773514e-5,2,1
5650,10,9.114377774774356e-5,2,1
5650,12,1.3617481631175712e-4,2,1
5737,7,1.1455265202247384e-5,13,10
5737,2,2.331515687448805e-5,13,10
5737,13,2.0283234079038503e-5,13,10
5737,5,2.186423664625349e-7,13,10
5737,1,2.4933267269839124e-5,13,10
5737,19,2.564480002954281e-7,13,10
5737,17,2.2873317560274764e-5,13,10
5737,11,0,13,10
5737,6,1.5902273596986234e-5,13,10
5737,9,3.331923436101575e-5,13,10
5737,4,0,13,10
5737,8,1.3509318250930025e-5,13,10
5737,3,5.172539792965536e-5,13,10
5737,10,2.9245511239930173e-5,13,10
5737,12,9.220169854441887e-6,13,10
5810,7,9.374614992043268e-5,2,1
5810,2,0,2,1
5810,13,4.807877707623942e-5,2,1
5810,5,2.91450274494559e-4,2,1
5810,1,0,2,1
5810,19,3.1799552036633086e-5,2,1
5810,17,1.1436658780137382e-5,2,1
5810,11,2.8041824381064357e-5,2,1
5810,6,1.023454018677832e-4,2,1
5810,9,3.270221150247843e-5,2,1
5810,4,3.4831057181798267e-4,2,1
5810,8,5.9070156273674416e-5,2,1
5810,3,3.6777232472920096e-5,2,1
5810,10,1.845590515141225e-5,2,1
5810,12,3.4989362524548704e-5,2,1
5880,7,3.8433583658152446e-4,2,1
5880,2,1.9663385315833295e-5,2,1
5880,13,1.5300069163324103e-4,2,1
5880,5,0.00102193442084588,2,1
5880,1,0,2,1
5880,19,1.6207513618671056e-4,2,1
5880,17,1.523934782453306e-4,2,1
5880,11,2.1356853747364193e-4,2,1
5880,6,5.168238919020526e-4,2,1
5880,9,1.9467071186852724e-4,2,1
5880,4,6.011840469578381e-4,2,1
5880,8,3.274023011401865e-4,2,1
5880,3,7.236810260800405e-5,2,1
5880,10,2.6292566415704214e-4,2,1
5880,12,2.288493440794807e-4,2,1
5933,7,5.585026238401836e-4,2,1
5933,2,1.0224960364233312e-4,2,1
5933,13,2.5842342678478685e-4,2,1
5933,5,0.00125150890563154,2,1
5933,1,7.798894064635726e-5,2,1
5933,19,1.3925126416041746e-4,2,1
5933,17,8.949185495457502e-5,2,1
5933,11,1.5247742007203744e-4,2,1
5933,6,7.088744268810401e-4,2,1
5933,9,3.5232005222481474e-4,2,1
5933,4,5.740158223560354e-4,2,1
5933,8,3.605133752846228e-4,2,1
5933,3,1.2694077014846613e-4,2,1
5933,10,2.237423578355823e-4,2,1
5933,12,3.000101421868399e-4,2,1
5945,7,2.2209187637010232e-5,6,3
5945,2,1.9551023114028533e-4,6,3
5945,13,3.105087686173796e-5,6,3
5945,5,7.608754352896213e-5,6,3
5945,1,2.2439940542855213e-4,6,3
5945,19,0,6,3
5945,17,2.8591646950343457e-7,6,3
5945,11,0,6,3
5945,6,3.6697554454583616e-5,6,3
5945,9,0,6,3
5945,4,1.0936951955084656e-4,6,3
5945,8,4.2647063498034e-5,6,3
5945,3,1.936143335348567e-4,6,3
5945,10,0,6,3
5945,12,2.0331656602102624e-5,6,3
6002,7,0.00125072793534741,1,6
6002,2,0,1,6
6002,13,0.0023067796584704,1,6
6002,5,6.257544528157747e-4,1,6
6002,1,0,1,6
6002,19,0.00188720083417405,1,6
6002,17,0.0018733247081865,1,6
6002,11,0.00231945947380518,1,6
6002,6,0.00144873789974595,1,6
6002,9,0.00214292038770014,1,6
6002,4,3.483105718179826e-5,1,6
6002,8,0.00167462568592901,1,6
6002,3,2.3727246756722642e-7,1,6
6002,10,0.00226865664861205,1,6
6002,12,0.00210078023914283,1,6
6012,7,4.5937951270236954e-4,4,9
6012,2,1.685433027071425e-5,4,9
6012,13,2.0909259822218703e-4,4,9
6012,5,9.718653189259676e-4,4,9
6012,1,0,4,9
6012,19,1.643831681893694e-4,4,9
6012,17,1.5639630881837872e-4,4,9
6012,11,1.6549683853467448e-4,4,9
6012,6,4.250800057655936e-4,4,9
6012,9,1.801706746929e-4,4,9
6012,4,6.61790086454167e-6,4,9
6012,8,4.140208711020319e-4,4,9
6012,3,4.342086156480243e-5,4,9
6012,10,1.6610314636271022e-4,4,9
6012,12,1.3853896242828066e-4,4,9
6028,7,3.3664452839257616e-5,6,3
6028,2,4.157401466776182e-5,6,3
6028,13,0,6,3
6028,5,6.559270993876045e-5,6,3
6028,1,4.087896145403857e-5,6,3
6028,19,1.1027264012703407e-5,6,3
6028,17,0,6,3
6028,11,3.955900225185864e-5,6,3
6028,6,3.2620048404074324e-5,6,3
6028,9,3.270221150247843e-5,6,3
6028,4,9.299892267540137e-5,6,3
6028,8,1.3509318250930025e-5,6,3
6028,3,1.2456804547279386e-4,6,3
6028,10,1.9023779156071084e-5,6,3
6028,12,2.789692417497802e-5,6,3
6055,7,8.006996595448426e-4,2,1
6055,2,2.809055045119042e-7,2,1
6055,13,3.383043116145805e-4,2,1
6055,5,0.00185977196913032,2,1
6055,1,0,2,1
6055,19,3.0901984035599085e-4,2,1
6055,17,2.1443735212757592e-4,2,1
6055,11,5.267857008728518e-4,2,1
6055,6,0.00104955005740109,2,1
6055,9,6.642251072154345e-4,2,1
6055,4,0.00144583718361644,2,1
6055,8,6.9374322547423e-4,2,1
6055,3,8.968899274041158e-5,2,1
6055,10,5.741206187100856e-4,2,1
6055,12,4.108885950517949e-4,2,1
6057,7,1.454117337917933e-4,5,5
6057,2,1.1067676877769028e-4,5,5
6057,13,1.206977632851427e-4,5,5
6057,5,2.4050660310878837e-6,5,5
6057,1,1.0147259935399644e-4,5,5
6057,19,2.974796803426966e-5,5,5
6057,17,1.2008491719144253e-5,5,5
6057,11,1.0014937278951555e-6,5,5
6057,6,6.340521908541946e-5,5,5
6057,9,9.594705450255465e-5,5,5
6057,4,3.4831057181798266e-7,5,5
6057,8,8.953234448655584e-5,5,5
6057,3,4.531904130534024e-5,5,5
6057,10,8.574897470348458e-5,5,5
6057,12,2.1040900437059697e-5,5,5
6136,7,7.387477150837088e-5,2,1
6136,2,0,2,1
6136,13,1.65270796199573e-5,2,1
6136,5,1.9218664012056816e-4,2,1
6136,1,2.9572014668878963e-5,2,1
6136,19,6.436844807415245e-5,2,1
6136,17,5.975654212621783e-5,2,1
6136,11,1.2518671598689444e-6,2,1
6136,6,9.867564642232483e-5,2,1
6136,9,6.170228585373288e-7,2,1
6136,4,1.2991984328810752e-4,2,1
6136,8,6.595725969571718e-5,2,1
6136,3,2.3727246756722642e-7,2,1
6136,10,4.5429920372707065e-5,2,1
6136,12,1.0354959990373198e-4,2,1
6278,7,1.4681441932676238e-4,2,1
6278,2,3.37086605414285e-5,2,1
6278,13,5.534067569712975e-5,2,1
6278,5,3.19655139768226e-4,2,1
6278,1,3.942935289183862e-5,2,1
6278,19,4.7955776055245054e-5,2,1
6278,17,5.289454685813539e-5,2,1
6278,11,1.3445053296992464e-4,2,1
6278,6,1.8511877469312176e-4,2,1
6278,9,9.471300878547997e-5,2,1
6278,4,1.0135837639903296e-4,2,1
6278,8,1.533704954370291e-4,2,1
6278,3,4.175995429183185e-5,2,1
6278,10,8.461322669416691e-5,2,1
6278,12,1.4397649849628486e-4,2,1
6301,7,2.793682023813392e-4,2,1
6301,2,0,2,1
6301,13,9.089893790976516e-5,2,1
6301,5,4.8800976194437784e-4,2,1
6301,1,0,2,1
6301,19,1.0206630411758038e-4,2,1
6301,17,3.631139162693619e-5,2,1
6301,11,2.098129359940351e-4,2,1
6301,6,2.401651063749972e-4,2,1
6301,9,1.2618117457088374e-4,2,1
6301,4,4.179726861815792e-6,2,1
6301,8,1.8568690380199896e-4,2,1
6301,3,2.3727246756722642e-7,2,1
6301,10,1.5332598125788636e-4,2,1
6301,12,5.9812896748046096e-5,2,1
6371,7,1.0403251051020584e-4,2,1
6371,2,4.522578622641658e-5,2,1
6371,13,5.984806104802719e-5,2,1
6371,5,2.562488534940909e-4,2,1
6371,1,5.7114577350678e-5,2,1
6371,19,6.20604160714936e-5,2,1
6371,17,7.405236560138955e-5,2,1
6371,11,4.156198970764896e-5,2,1
6371,6,1.98370669357277e-4,2,1
6371,9,8.730873448303202e-5,2,1
6371,4,1.184255944181141e-4,2,1
6371,8,1.0913410038006216e-4,2,1
6371,3,1.4236348054033584e-5,2,1
6371,10,6.928062856837828e-5,2,1
6371,12,8.440001635989112e-5,2,1
6376,7,1.7767350109608186e-5,6,3
6376,2,8.061987979491651e-5,6,3
6376,13,0,6,3
6376,5,4.2416619093731766e-5,6,3
6376,1,6.0883559612397864e-5,6,3
6376,19,0,6,3
6376,17,1.3438074066661423e-5,6,3
6376,11,3.855750852396349e-5,6,3
6376,6,1.2232518151527871e-5,6,3
6376,9,6.170228585373288e-7,6,3
6376,4,1.487286141662786e-4,6,3
6376,8,1.13902095056861e-5,6,3
6376,3,3.1557238186441114e-5,6,3
6376,10,1.391291311414154e-5,6,3
6376,12,2.364146116523561e-7,6,3
6377,7,4.8626431878927665e-5,2,1
6377,2,0,2,1
6377,13,1.577584872814106e-5,2,1
6377,5,1.1588045422514348e-4,2,1
6377,1,0,2,1
6377,19,2.667059203072452e-5,2,1
6377,17,0,2,1
6377,11,8.036987166358624e-5,2,1
6377,6,7.58416125394728e-5,2,1
6377,9,3.7329882941508394e-5,2,1
6377,4,2.445140214162238e-4,2,1
6377,8,4.3176840684344975e-5,2,1
6377,3,2.016815974321425e-5,2,1
6377,10,1.732015714209457e-5,2,1
6377,12,4.9174239223690066e-5,2,1
6402,7,0.00182699790929721,2,1
6402,2,1.7781318435603535e-4,2,1
6402,13,6.928852925518462e-4,2,1
6402,5,0.00410413586086824,2,1
6402,1,7.508972352195737e-5,2,1
6402,19,5.713661446582138e-4,2,1
6402,17,4.674734276381155e-4,2,1
6402,11,6.081570662643332e-4,2,1
6402,6,0.00244140674774243,2,1
6402,9,9.792152764987409e-4,2,1
6402,4,0.00191640476614254,2,1
6402,8,0.00146854236045404,2,1
6402,3,3.75127771223785e-4,2,1
6402,10,7.28866284979619e-4,2,1
6402,12,5.900908706842808e-4,2,1
6494,7,5.267084183808848e-4,2,1
6494,2,4.045039264971421e-5,2,1
6494,13,2.8621896978198776e-4,2,1
6494,5,0.00115618083385388,2,1
6494,1,2.0874363295679263e-5,2,1
6494,19,1.1155488012851122e-4,2,1
6494,17,1.6583155231199206e-4,2,1
6494,11,2.691514393718231e-4,2,1
6494,6,6.283436823834817e-4,2,1
6494,9,3.4275619791748616e-4,2,1
6494,4,5.691394743505836e-4,2,1
6494,8,4.487212768054012e-4,2,1
6494,3,4.508176883777302e-5,2,1
6494,10,3.305026707114439e-4,2,1
6494,12,2.4563478150679797e-4,2,1
6574,7,4.1636382296331815e-4,2,1
6574,2,1.8483582196883295e-4,2,1
6574,13,9.590714385520676e-5,2,1
6574,5,9.174233696767964e-4,2,1
6574,1,2.055544941199528e-4,2,1
6574,19,1.341223041545089e-4,2,1
6574,17,8.548902438152694e-5,2,1
6574,11,2.3159542457575473e-4,2,1
6574,6,4.6932094641361936e-4,2,1
6574,9,3.63117952249218e-4,2,1
6574,4,2.0794141137533563e-4,2,1
6574,8,2.6965658783228947e-4,2,1
6574,3,2.6550789120772633e-4,2,1
6574,10,8.944015573376704e-5,2,1
6574,12,8.534567480650054e-5,2,1
6643,7,5.610742139876269e-5,2,1
6643,2,1.0955314675964264e-5,2,1
6643,13,2.1535285565398903e-5,2,1
6643,5,1.147872423928308e-4,2,1
6643,1,2.8992171243998984e-7,2,1
6643,19,8.719232010044556e-6,2,1
6643,17,0,2,1
6643,11,2.5037343197378893e-7,2,1
6643,6,5.708508470713007e-5,2,1
6643,9,2.313835719514983e-5,2,1
6643,4,6.861718264814258e-5,2,1
6643,8,3.946840038016811e-5,2,1
6643,3,0,2,1
6643,10,2.3566771193341792e-5,2,1
6643,12,1.3475632864184298e-5,2,1
6679,7,2.1016904932286525e-4,3,16
6679,2,0,3,16
6679,13,3.455662102354708e-5,3,16
6679,5,3.7169202298630926e-6,3,16
6679,1,0,3,16
6679,19,7.796019208981014e-5,3,16
6679,17,2.687614813332285e-5,3,16
6679,11,7.2357921840425e-5,3,16
6679,6,9.011288371625532e-5,3,16
6679,9,1.9467071186852724e-4,3,16
6679,4,0,3,16
6679,8,1.809189091252001e-4,3,16
6679,3,0,3,16
6679,10,6.133039250315454e-5,3,16
6679,12,6.004931135969845e-5,3,16
6686,7,0.00623680745031746,2,1
6686,2,0,2,1
6686,13,0.00314189799987279,2,1
6686,5,0.01323223601831261,2,1
6686,1,2.8992171243998984e-7,2,1
6686,19,0.00204004384235013,2,1
6686,17,0.00183729923302907,2,1
6686,11,0.00235876810262506,2,1
6686,6,0.00792422525855975,2,1
6686,9,0.0034439130849261,2,1
6686,4,0.00675548354040977,2,1
6686,8,0.0051359249326918,2,1
6686,3,3.986177455129404e-5,2,1
6686,10,0.00312160340360963,2,1
6686,12,0.00323320622895762,2,1
6726,7,0.00164231098052628,2,1
6726,2,0,2,1
6726,13,6.943877543354787e-4,2,1
6726,5,0.00311084359002894,2,1
6726,1,0,2,1
6726,19,5.282828806085819e-4,2,1
6726,17,4.383099477487652e-4,2,1
6726,11,7.195732434926693e-4,2,1
6726,6,0.00212540002882796,2,1
6726,9,8.471723847717524e-4,2,1
6726,4,0.00146429764392279,2,1
6726,8,0.00126908124980795,2,1
6726,3,3.7963594810756223e-6,2,1
6726,10,7.055834507886066e-4,2,1
6726,12,6.328819153933573e-4,2,1
6745,7,2.873167537461639e-4,2,1
6745,2,4.522578622641658e-5,2,1
6745,13,2.939816889974223e-4,2,1
6745,5,1.5151915995853e-4,2,1
6745,1,8.175792290807713e-5,2,1
6745,19,2.2028883225377272e-4,2,1
6745,17,1.472469817942688e-4,2,1
6745,11,2.275894496641741e-4,2,1
6745,6,2.369031015345898e-4,2,1
6745,9,1.3019182315137637e-4,2,1
6745,4,2.852663583189278e-4,2,1
6745,8,2.2912863307949943e-4,2,1
6745,3,4.7454493513445284e-7,2,1
6745,10,2.2175479881927636e-4,2,1
6745,12,1.8653112859370896e-4,2,1
6847,7,5.412028355755651e-4,2,1
6847,2,0,2,1
6847,13,1.8355074790043485e-4,2,1
6847,5,0.00136651479039084,2,1
6847,1,3.7689822617198675e-5,2,1
6847,19,1.505349761734163e-4,2,1
6847,17,1.358103230141314e-4,2,1
6847,11,3.1096380251144584e-4,2,1
6847,6,7.196798179148898e-4,2,1
6847,9,2.7827730920033526e-4,2,1
6847,4,6.865201370532438e-4,2,1
6847,8,3.5415604904889104e-4,2,1
6847,3,1.4236348054033583e-6,2,1
6847,10,1.7518913043725162e-4,2,1
6847,12,3.075754097597153e-4,2,1
6941,7,1.5990615098647367e-4,8,2
6941,2,2.6966928433142804e-5,8,2
6941,13,2.504102972720803e-7,8,2
6941,5,1.7229018477247748e-4,8,2
6941,1,0,8,2
6941,19,2.718348803131538e-5,8,2
6941,17,4.1743804547501446e-5,8,2
6941,11,1.5523152782374914e-5,8,2
6941,6,1.1987867788497316e-4,8,2
6941,9,1.0520239738061457e-4,8,2
6941,4,0,8,2
6941,8,8.370479543713505e-5,8,2
6941,3,0,8,2
6941,10,3.975118032611868e-5,8,2
6941,12,6.761457893257384e-5,8,2
6951,7,8.619502612384919e-4,2,1
6951,2,0,2,1
6951,13,4.2519668476799234e-4,2,1
6951,5,0.0019030631576899,2,1
6951,1,5.972387276263791e-5,2,1
6951,19,2.8465728032792516e-4,2,1
6951,17,2.4617408024245715e-4,2,1
6951,11,5.633402219410251e-4,2,1
6951,6,0.00117228298952142,2,1
6951,9,3.396710836247995e-4,2,1
6951,4,0.00113653739584207,2,1
6951,8,6.966569999989405e-4,2,1
6951,3,3.179451065400834e-5,2,1
6951,10,2.58098735117442e-4,2,1
6951,12,3.4280118689591633e-4,2,1
7049,7,1.4961979039670051e-4,8,2
7049,2,0,8,2
7049,13,7.512308918162409e-7,8,2
7049,5,3.2577712602917697e-4,8,2
7049,1,1.71053810339594e-5,8,2
7049,19,8.103756809335528e-5,8,2
7049,17,2.258740109077133e-5,8,2
7049,11,7.310904213634635e-5,8,2
7049,6,1.6024598778501513e-4,8,2
7049,9,5.368098869274761e-5,8,2
7049,4,4.245905870461208e-4,8,2
7049,8,1.1734564676788236e-4,8,2
7049,3,3.701450494048732e-5,8,2
7049,10,4.344236135640113e-5,8,2
7049,12,8.960113781624297e-5,8,2
7107,7,0.00203669939677508,1,6
7107,2,1.1236220180476168e-6,1,6
7107,13,0.00413302195647568,1,6
7107,5,1.0932118323126745e-6,1,6
7107,1,1.1596868497599594e-6,1,6
7107,19,0.03313667191017344,1,6
7107,17,0.01265523477316102,1,6
7107,11,0.00206733342780757,1,6
7107,6,7.571928735795753e-4,1,6
7107,9,0.00154749332921162,1,6
7107,4,2.089863430907896e-6,1,6
7107,8,0.00149132277946541,1,6
7107,3,1.186362337836132e-6,1,6
7107,10,0.001111897301122,1,6
7107,12,0.00368168474726214,1,6
7156,7,9.510207927090276e-4,2,1
7156,2,1.1011495776866646e-4,2,1
7156,13,3.330456953718668e-4,2,1
7156,5,0.00154558288852365,2,1
7156,1,1.907684867855133e-4,2,1
7156,19,1.8284742421064023e-4,2,1
7156,17,2.6075582018713234e-4,2,1
7156,11,1.5723451527953943e-4,2,1
7156,6,9.88795217248503e-4,2,1
7156,9,3.276391378833216e-4,2,1
7156,4,2.7621028345166024e-4,2,1
7156,8,7.803617954360755e-4,2,1
7156,3,1.7605617093488198e-4,2,1
7156,10,3.2482393066485553e-4,2,1
7156,12,3.662062334494996e-4,2,1
7212,7,1.0099335851777284e-4,5,5
7212,2,0,5,5
7212,13,7.862883334343322e-5,5,5
7212,5,2.2476435272348583e-4,5,5
7212,1,3.97192746042786e-5,5,5
7212,19,3.3338240038405654e-5,5,5
7212,17,0,5,5
7212,11,5.007468639475779e-7,5,5
7212,6,1.4067395874257054e-4,5,5
7212,9,4.1032020092732365e-5,5,5
7212,4,4.771854833906362e-5,5,5
7212,8,1.0675010304166272e-4,5,5
7212,3,3.582814260265119e-5,5,5
7212,10,4.4010235361059974e-5,5,5
7212,12,4.231821548577174e-5,5,5
7218,7,2.0923392563288587e-4,2,1
7218,2,0,2,1
7218,13,1.1243422347516406e-4,2,1
7218,5,3.5594977260100676e-4,2,1
7218,1,0,2,1
7218,19,5.641856006499418e-5,2,1
7218,17,2.8305730480840022e-5,2,1
7218,11,8.36247262792455e-5,2,1
7218,6,2.385341039547935e-4,2,1
7218,9,1.8047918612216867e-4,2,1
7218,4,2.5670489142985323e-4,2,1
7218,8,1.395962885929436e-4,2,1
7218,3,7.118174027016793e-7,2,1
7218,10,9.994582481995556e-5,2,1
7218,12,1.2742747568061997e-4,2,1
7240,7,5.531256626228022e-4,2,1
7240,2,2.809055045119042e-7,2,1
7240,13,2.509111178666245e-4,2,1
7240,5,0.00103330382390193,2,1
7240,1,0,2,1
7240,19,1.836167682115265e-4,2,1
7240,17,5.746921037019035e-5,2,1
7240,11,2.2007824670496049e-4,2,1
7240,6,6.075484015258843e-4,2,1
7240,9,3.353519236150382e-4,2,1
7240,4,5.712293377814915e-4,2,1
7240,8,3.846182372617725e-4,2,1
7240,3,1.660907272970585e-6,2,1
7240,10,3.478228278535385e-4,2,1
7240,12,1.9622412767145557e-4,2,1
7288,7,2.9620042880096803e-4,2,1
7288,2,1.199466504265831e-4,2,1
7288,13,1.041706836651854e-4,2,1
7288,5,6.371238558718266e-4,2,1
7288,1,5.972387276263791e-5,2,1
7288,19,1.1386291213117008e-4,2,1
7288,17,6.461712210777621e-5,2,1
7288,11,2.3359841203154504e-4,2,1
7288,6,2.8134791748514107e-4,2,1
7288,9,1.6412808037092946e-4,2,1
7288,4,4.3887132049065816e-5,2,1
7288,8,3.12038762737168e-4,2,1
7288,3,7.118174027016793e-7,2,1
7288,10,1.184017299713678e-4,2,1
7288,12,7.778040723362516e-5,2,1
7344,7,8.673272224558732e-5,5,5
7344,2,6.713641557834511e-5,5,5
7344,13,2.854677388901715e-5,5,5
7344,5,2.3154226608382443e-4,5,5
7344,1,7.39300366721974e-5,5,5
7344,19,2.025939202333882e-5,5,5
7344,17,9.149327024109906e-6,5,5
7344,11,1.0014937278951555e-6,5,5
7344,6,9.724851930464658e-5,5,5
7344,9,4.442564581468767e-5,5,5
7344,4,4.0404026330885986e-5,5,5
7344,8,6.887103422042757e-5,5,5
7344,3,9.96544363782351e-6,5,5
7344,10,3.123307025623611e-5,5,5
7344,12,7.896248029188693e-5,5,5
7432,7,2.0011646965558693e-4,2,1
7432,2,8.146259630845223e-6,2,1
7432,13,1.0517232485427372e-4,2,1
7432,5,4.709556573603001e-4,2,1
7432,1,5.537504707603806e-5,2,1
7432,19,3.10302080357468e-5,2,1
7432,17,1.8298654048219813e-5,2,1
7432,11,8.687958089490475e-5,2,1
7432,6,1.930699114916149e-4,2,1
7432,9,6.32448430000762e-5,2,1
7432,4,1.6370596875445184e-4,2,1
7432,8,1.1522653802263844e-4,2,1
7432,3,4.7454493513445284e-7,2,1
7432,10,9.000802973842587e-5,2,1
7432,12,2.364146116523561e-5,2,1
7699,7,2.749263648539372e-4,2,1
7699,2,1.1798031189499976e-05,2,1
7699,13,2.110958806003637e-4,2,1
7699,5,4.506219172792844e-4,2,1
7699,1,2.5223188982279115e-5,2,1
7699,19,1.7848780820561795e-4,2,1
7699,17,1.066468431247811e-4,2,1
7699,11,2.1507077806548467e-4,2,1
7699,6,2.6279526495532376e-4,2,1
7699,9,1.9096857471730325e-4,2,1
7699,4,1.8599784535080273e-4,2,1
7699,8,2.556174923950485e-4,2,1
7699,3,9.419716962418887e-5,2,1
7699,10,9.256346275939064e-5,2,1
7699,12,1.6714513043821576e-4,2,1
7735,7,7.013427674845336e-6,6,3
7735,2,1.40733657760464e-4,6,3
7735,13,0,6,3
7735,5,3.1265858404142486e-5,6,3
7735,1,7.97284709209972e-5,6,3
7735,19,8.719232010044556e-6,6,3
7735,17,8.863410554606472e-6,6,3
7735,11,2.5037343197378893e-7,6,3
7735,6,1.8348777227291808e-5,6,3
7735,9,0,6,3
7735,4,1.584813101771821e-4,6,3
7735,8,1.880709011403984e-5,6,3
7735,3,1.8649615950783996e-4,6,3
7735,10,2.839370023294192e-7,6,3
7735,12,9.929413689398956e-6,6,3
7740,7,9.631774006787597e-5,2,1
7740,2,0,2,1
7740,13,3.981523726626077e-5,2,1
7740,5,3.5835483863209467e-4,2,1
7740,1,0,2,1
7740,19,4.154457604785935e-5,2,1
7740,17,2.5732482255309112e-5,2,1
7740,11,1.2118074107531384e-4,2,1
7740,6,1.1315079290163282e-4,2,1
7740,9,8.638320019522603e-6,2,1
7740,4,9.460115130576408e-4,2,1
7740,8,4.397150646381145e-5,2,1
7740,3,3.559087013508396e-6,2,1
7740,10,2.754188922595366e-5,2,1
7740,12,7.045155427240211e-5,2,1
7759,7,1.8702473799587564e-5,2,1
7759,2,8.427165135357126e-7,2,1
7759,13,5.759436837257847e-6,2,1
7759,5,6.799777596984835e-5,2,1
7759,1,5.798434248799797e-7,2,1
7759,19,6.924096007976559e-6,2,1
7759,17,3.430997634041215e-6,2,1
7759,11,7.260829527239878e-6,2,1
7759,6,2.6707664630835855e-5,2,1
7759,9,3.3936257219553083e-6,2,1
7759,4,1.1494248869993427e-5,2,1
7759,8,1.3774206844085514e-5,2,1
7759,3,1.660907272970585e-6,2,1
7759,10,8.234173067553155e-6,2,1
7759,12,9.6929990777466e-6,2,1
7763,7,1.2109851785232948e-4,5,5
7763,2,0,5,5
7763,13,3.18021077535542e-5,5,5
7763,5,4.744539352237006e-5,5,5
7763,1,0,5,5
7763,19,2.051584002363425e-5,5,5
7763,17,8.291577615599603e-6,5,5
7763,11,7.511202959213667e-7,5,5
7763,6,5.076495032884067e-5,5,5
7763,9,4.380862295615035e-5,5,5
7763,4,0,5,5
7763,8,8.635368136868995e-5,5,5
7763,3,0,5,5
7763,10,2.5554330209647724e-5,5,5
7763,12,3.87719963109864e-5,5,5
7850,7,9.538261637789656e-5,4,9
7850,2,8.230531282198794e-5,4,9
7850,13,3.355497983445876e-5,4,9
7850,5,1.943730637851935e-4,4,9
7850,1,4.870684768991829e-5,4,9
7850,19,1.359174401565769e-5,4,9
7850,17,1.629723876169577e-5,4,9
7850,11,2.5037343197378893e-7,4,9
7850,6,8.583150236322057e-5,4,9
7850,9,8.885129162937535e-5,4,9
7850,4,1.3932422872719306e-6,4,9
7850,8,5.880526768051893e-5,4,9
7850,3,2.3727246756722642e-7,4,9
7850,10,5.678740046588384e-7,4,9
7850,12,9.220169854441887e-6,4,9
7882,7,4.327284875379573e-4,2,1
7882,2,0,2,1
7882,13,7.837842304616113e-5,2,1
7882,5,5.776531321940171e-4,2,1
7882,1,0,2,1
7882,19,8.283270409542328e-5,2,1
7882,17,5.947062565671439e-5,2,1
7882,11,5.933850337778797e-5,2,1
7882,6,3.65140666823107e-4,2,1
7882,9,8.66917116244947e-5,2,1
7882,4,1.0275161868630488e-4,2,1
7882,8,2.977347787067715e-4,2,1
7882,3,1.4236348054033583e-6,2,1
7882,10,1.541777922648746e-4,2,1
7882,12,1.6856361810812988e-4,2,1
7928,7,9.304480715294812e-5,2,1
7928,2,1.7135235775226157e-5,2,1
7928,13,7.988088482979362e-5,2,1
7928,5,2.525319332642278e-4,2,1
7928,1,0,2,1
7928,19,2.051584002363425e-5,2,1
7928,17,2.8019814011336588e-5,2,1
7928,11,5.40806613063384e-5,2,1
7928,6,1.4352821297792704e-4,2,1
7928,9,1.5117060034164556e-5,2,1
7928,4,1.3793098643992112e-4,2,1
7928,8,8.555901558922349e-5,2,1
7928,3,7.118174027016793e-7,2,1
7928,10,2.9529448242259592e-5,2,1
7928,12,5.9812896748046096e-5,2,1
7946,7,2.0736367825292712e-4,5,5
7946,2,2.0562282930271388e-4,5,5
7946,13,3.931441667171661e-5,5,5
7946,5,2.5231329089776523e-4,5,5
7946,1,3.4065801211698805e-4,5,5
7946,19,3.2056000036928515e-5,5,5
7946,17,8.034252793046512e-5,5,5
7946,11,1.2518671598689444e-6,5,5
7946,6,1.8471102408807087e-4,5,5
7946,9,1.1661732026355516e-4,5,5
7946,4,3.935909461543204e-4,5,5
7946,8,1.6317137338378224e-4,5,5
7946,3,3.3882508368599933e-4,5,5
7946,10,8.262566767786097e-5,5,5
7946,12,1.0189469762216548e-4,5,5
8171,7,0.00115838447096195,2,1
8171,2,2.809055045119042e-7,2,1
8171,13,5.08332903462323e-4,2,1
8171,5,0.00173492717788021,2,1
8171,1,1.971467644591931e-5,2,1
8171,19,3.790301444366427e-4,2,1
8171,17,3.5825333628780354e-4,2,1
8171,11,4.747080270223038e-4,2,1
8171,6,0.00126728888049828,2,1
8171,9,7.064911730252414e-4,2,1
8171,4,8.443048260867899e-4,2,1
8171,8,8.555901558922348e-4,2,1
8171,3,1.8981797405378112e-6,2,1
8171,10,3.393047177836559e-4,2,1
8171,12,7.461245143748358e-4,2,1
8200,7,7.434233335336057e-5,5,5
8200,2,2.078700733388091e-5,5,5
8200,13,3.405580042900292e-5,5,5
8200,5,1.5020730575976144e-4,5,5
8200,1,6.407269844923776e-5,5,5
8200,19,6.129107207060731e-5,5,5
8200,17,6.0328375065224696e-5,5,5
8200,11,1.5022405918427334e-6,5,5
8200,6,8.746250478342429e-5,5,5
8200,9,3.578732579516507e-5,5,5
8200,4,1.769417704835352e-4,5,5
8200,8,7.761235779455877e-5,5,5
8200,3,3.487905273238228e-5,5,5
8200,10,4.1738739342424616e-5,5,5
8200,12,1.0567733140860318e-4,5,5
8436,7,2.4640509230956613e-4,2,1
8436,2,0,2,1
8436,13,1.5199905044415275e-4,2,1
8436,5,4.912893974413159e-4,2,1
8436,1,0,2,1
8436,19,5.411052806233533e-5,2,1
8436,17,4.574663512054953e-5,2,1
8436,11,6.234298456147344e-5,2,1
8436,6,2.5994101071996726e-4,2,1
8436,9,1.554897603514069e-4,2,1
8436,4,3.552767832543423e-5,2,1
8436,8,1.337687395435228e-4,2,1
8436,3,2.3727246756722642e-7,2,1
8436,10,8.262566767786097e-5,2,1
8436,12,7.943530951519165e-5,2,1
8437,7,1.7673837740610248e-4,2,1
8437,2,5.618110090238084e-7,2,1
8437,13,1.2520514863604017e-5,2,1
8437,5,2.85328288233608e-4,2,1
8437,1,2.4063502132519155e-5,2,1
8437,19,2.000294402304339e-5,2,1
8437,17,4.974946569359762e-5,2,1
8437,11,1.8026887102112803e-5,2,1
8437,6,1.8185676985271436e-4,2,1
8437,9,1.030428173757339e-4,2,1
8437,4,1.7415528590899132e-6,2,1
8437,8,1.589331558932944e-4,2,1
8437,3,2.3727246756722642e-7,2,1
8437,10,3.889936931913043e-5,2,1
8437,12,6.146779902961259e-5,2,1
8478,7,1.2694304091470058e-4,8,2
8478,2,0,8,2
8478,13,2.504102972720803e-7,8,2
8478,5,3.2206020579931383e-4,8,2
8478,1,1.9134833021039328e-5,8,2
8478,19,2.974796803426966e-5,8,2
8478,17,1.8012737578716378e-5,8,2
8478,11,5.5582901898181136e-5,8,2
8478,6,1.6656612216330453e-4,8,2
8478,9,5.738312584397158e-5,8,2
8478,4,3.4622070838707475e-4,8,2
8478,8,1.3164963079827886e-4,8,2
8478,3,2.111724961348315e-5,8,2
8478,10,3.6343936298165655e-5,8,2
8478,12,7.116079810735919e-5,8,2
8494,7,2.67679156256597e-4,2,1
8494,2,2.848381815750709e-4,2,1
8494,13,1.3722484290510002e-4,2,1
8494,5,4.8560469591328993e-4,2,1
8494,1,2.6411868003283075e-4,2,1
8494,19,5.770080006647132e-5,2,1
8494,17,2.9735312828357195e-5,2,1
8494,11,7.66142701839794e-5,2,1
8494,6,2.8726030125837953e-4,2,1
8494,9,8.700022305376337e-5,2,1
8494,4,1.1981883670538604e-4,2,1
8494,8,1.727073627373799e-4,2,1
8494,3,4.021768325264488e-4,2,1
8494,10,1.0619243887120276e-4,2,1
8494,12,8.936472320459061e-5,2,1
8603,7,5.447095494129878e-5,2,1
8603,2,1.7697046784249967e-5,2,1
8603,13,6.2602574318020075e-6,2,1
8603,5,1.040737664361666e-4,2,1
8603,1,0,2,1
8603,19,3.077376003545137e-6,2,1
8603,17,2.7162064602826285e-5,2,1
8603,11,3.480190704435666e-5,2,1
8603,6,6.931760285865795e-5,2,1
8603,9,4.9670340112254966e-5,2,1
8603,4,4.5280374336337745e-5,2,1
8603,8,5.2977718631098135e-5,2,1
8603,3,4.7454493513445284e-7,2,1
8603,10,4.1738739342424616e-5,2,1
8603,12,4.25546300974241e-6,2,1
8630,7,2.770303931563908e-4,2,1
8630,2,3.679862109105945e-5,2,1
8630,13,6.009847134529927e-5,2,1
8630,5,4.980673108016544e-4,2,1
8630,1,2.2613893570319208e-5,2,1
8630,19,5.539276806381247e-5,2,1
8630,17,6.633262092479682e-5,2,1
8630,11,1.3244754551413433e-4,2,1
8630,6,2.29971341248724e-4,2,1
8630,9,9.502152021474864e-5,2,1
8630,4,3.4831057181798263e-6,2,1
8630,8,1.9972599923923995e-4,2,1
8630,3,2.3727246756722642e-7,2,1
8630,10,8.432928969183749e-5,2,1
8630,12,7.494343189379688e-5,2,1
8760,7,2.1274063947030857e-5,11,11
8760,2,8.00580687858927e-5,11,11
8760,13,0,11,11
8760,5,3.1265858404142486e-5,11,11
8760,1,2.1454206720559248e-5,11,11
8760,19,7.693440008862842e-6,11,11
8760,17,2.630431519431598e-5,11,11
8760,11,0,11,11
8760,6,2.3649535092953887e-5,11,11
8760,9,6.170228585373288e-7,11,11
8760,4,3.3437814894526334e-5,11,11
8760,8,1.3509318250930025e-5,11,11
8760,3,7.260537507557128e-5,11,11
8760,10,0,11,11
8760,12,1.276638902922723e-5,11,11
8820,7,7.270586689589665e-5,6,3
8820,2,6.427117943232369e-4,6,3
8820,13,3.756154459081204e-5,6,3
8820,5,2.2214064432593544e-4,6,3
8820,1,5.763643643306998e-4,6,3
8820,19,2.667059203072452e-5,6,3
8820,17,1.944231992623355e-5,6,3
8820,11,4.331460373146548e-5,6,3
8820,6,9.398651446423914e-5,6,3
8820,9,1.9436220043925855e-5,6,3
8820,4,4.733540671006384e-4,6,3
8820,8,4.794483536114381e-5,6,3
8820,3,5.10373077737104e-4,6,3
8820,10,2.101133817237702e-5,6,3
8820,12,1.891316893218849e-5,6,3
8825,7,6.146100452389463e-4,2,1
8825,2,2.809055045119042e-7,2,1
8825,13,2.5842342678478685e-4,2,1
8825,5,0.0012593800308242,2,1
8825,1,0,2,1
8825,19,1.9823430422836593e-4,2,1
8825,17,1.612568887999371e-4,2,1
8825,11,3.162216445828954e-4,2,1
8825,6,9.25186122860558e-4,2,1
8825,9,2.9709650638572383e-4,2,1
8825,4,0.00116475055215933,2,1
8825,8,4.948118920144566e-4,2,1
8825,3,1.8981797405378112e-6,2,1
8825,10,3.4384770982092664e-4,2,1
8825,12,2.3499612398244197e-4,2,1
8860,7,1.6878982604127775e-4,2,1
8860,2,4.410216420836896e-5,2,1
8860,13,5.133411094077646e-5,2,1
8860,5,3.802190752783481e-4,2,1
8860,1,3.97192746042786e-5,2,1
8860,19,5.7444352066175896e-5,2,1
8860,17,4.974946569359762e-5,2,1
8860,11,7.386016243226772e-5,2,1
8860,6,2.4057285698004816e-4,2,1
8860,9,9.1010871634256e-5,2,1
8860,4,2.8770453232165367e-4,2,1
8860,8,1.0542566007588528e-4,2,1
8860,3,4.389540649993689e-5,2,1
8860,10,3.662787330049507e-5,2,1
8860,12,1.3593840170010476e-4,2,1
8921,7,4.907061563166787e-4,6,3
8921,2,6.519816759721297e-4,6,3
8921,13,1.740351566040958e-4,6,3
8921,5,0.00105341892161649,6,3
8921,1,6.459455753162973e-4,6,3
8921,19,1.56946176180802e-4,6,3
8921,17,1.1865533484392534e-4,6,3
8921,11,2.5162529913365784e-4,6,3
8921,6,6.314018119213637e-4,6,3
8921,9,3.1745826071745566e-4,6,3
8921,4,7.133400510832285e-4,6,3
8921,8,4.193186429651417e-4,6,3
8921,3,5.893848094369904e-4,6,3
8921,10,2.0982944472144077e-4,6,3
8921,12,2.1253673587546813e-4,6,3
8937,7,4.091166143659779e-5,7,4
8937,2,2.323088522313448e-4,7,4
8937,13,5.6091906588945986e-5,7,4
8937,5,1.1828552025623136e-4,7,4
8937,1,1.319143791601954e-4,7,4
8937,19,1.5899776018316543e-5,7,4
8937,17,0,7,4
8937,11,2.5037343197378893e-7,7,4
8937,6,6.15703413626903e-5,7,4
8937,9,7.126614016106147e-5,7,4
8937,4,5.363982805996933e-5,7,4
8937,8,4.767994676798832e-5,7,4
8937,3,2.8354059874283557e-4,7,4
8937,10,5.678740046588384e-7,7,4
8937,12,1.9622412767145556e-5,7,4
9001,7,3.1630558813552467e-4,2,1
9001,2,0,2,1
9001,13,5.008205945441606e-5,2,1
9001,5,0,2,1
9001,1,0,2,1
9001,19,8.744876810074098e-5,2,1
9001,17,4.345930336452205e-5,2,1
9001,11,7.060530781660847e-5,2,1
9001,6,1.298685677087209e-4,2,1
9001,9,2.2336227479051305e-4,2,1
9001,4,0,2,1
9001,8,2.0555354828866076e-4,2,1
9001,3,2.3727246756722642e-7,2,1
9001,10,2.373713339473944e-4,2,1
9001,12,1.6194400898186394e-4,2,1
9039,7,5.1198022026370955e-5,2,1
9039,2,2.3034251369976144e-5,2,1
9039,13,2.378897824084763e-5,2,1
9039,5,2.088034599717208e-4,2,1
9039,1,0,2,1
9039,19,1.9490048022452535e-5,2,1
9039,17,3.774097397445336e-5,2,1
9039,11,5.007468639475779e-7,2,1
9039,6,9.82678958172739e-5,2,1
9039,9,2.1287288619537844e-5,2,1
9039,4,6.966211436359653e-5,2,1
9039,8,6.913592281358306e-5,2,1
9039,3,2.3727246756722642e-7,2,1
9039,10,3.492425128651856e-5,2,1
9039,12,1.0638657524356023e-5,2,1
9041,7,3.4833357451731836e-4,2,1
9041,2,2.809055045119042e-7,2,1
9041,13,6.786119056073376e-5,2,1
9041,5,5.310823081374972e-4,2,1
9041,1,0,2,1
9041,19,6.231686407178903e-5,2,1
9041,17,5.489596214465944e-5,2,1
9041,11,6.509709231318512e-5,2,1
9041,6,2.8379442111544663e-4,2,1
9041,9,2.338516633856476e-4,2,1
9041,4,1.2887491157265358e-4,2,1
9041,8,2.0899709999968216e-4,2,1
9041,3,1.186362337836132e-6,2,1
9041,10,1.8683054753275785e-4,2,1
9041,12,1.6147117975855922e-4,2,1
9128,7,6.241950630612349e-5,2,1
9128,2,0,2,1
9128,13,2.1284875268126824e-5,2,1
9128,5,1.7403932370417774e-4,2,1
9128,1,2.8992171243998984e-7,2,1
9128,19,1.8464256021270825e-5,2,1
9128,17,2.1443735212757592e-5,2,1
9128,11,0,2,1
9128,6,1.051996561031397e-4,2,1
9128,9,7.435125445374812e-5,2,1
9128,4,1.7554852819626326e-4,2,1
9128,8,4.873950114061028e-5,2,1
9128,3,9.490898702689056e-7,2,1
9128,10,0,2,1
9128,12,6.856023737918327e-6,2,1
9196,7,3.174744927479989e-4,2,1
9196,2,0,2,1
9196,13,1.5074699895779235e-4,2,1
9196,5,7.020606387111995e-4,2,1
9196,1,0,2,1
9196,19,4.821222405554048e-5,2,1
9196,17,6.690445386380369e-5,2,1
9196,11,4.531759118725579e-5,2,1
9196,6,3.9633358810950306e-4,2,1
9196,9,1.7646853754167604e-4,2,1
9196,4,9.080456607294808e-4,2,1
9196,8,2.0052066501870643e-4,2,1
9196,3,1.660907272970585e-6,2,1
9196,10,1.5077054823692157e-4,2,1
9196,12,1.437400838846325e-4,2,1
9257,7,2.9479774326599895e-4,2,1
9257,2,1.2893562657096403e-4,2,1
9257,13,8.76436040452281e-5,2,1
9257,5,6.449949810644779e-4,2,1
9257,1,6.726183728607763e-5,2,1
9257,19,9.66808961113764e-5,2,1
9257,17,9.778343257017462e-5,2,1
9257,11,1.0190198681333208e-4,2,1
9257,6,3.847126958655516e-4,2,1
9257,9,7.003209444398682e-5,2,1
9257,4,4.7509561995972833e-4,2,1
9257,8,2.015802193913284e-4,2,1
9257,3,4.009904701886126e-5,2,1
9257,10,8.74525967174611e-5,2,1
9257,12,1.1773447660287332e-4,2,1
9280,7,4.3155958292548304e-4,2,1
9280,2,6.264192750615464e-5,2,1
9280,13,2.1935942041034233e-4,2,1
9280,5,9.90012635342358e-4,2,1
9280,1,9.654393024251662e-5,2,1
9280,19,1.2386438414269178e-4,2,1
9280,17,2.3759658615735412e-4,2,1
9280,11,1.151717787079429e-4,2,1
9280,6,5.653462139031132e-4,2,1
9280,9,1.918941090051093e-4,2,1
9280,4,8.686865661140487e-4,2,1
9280,8,3.644867041819552e-4,2,1
9280,3,7.497809975124355e-5,2,1
9280,10,1.7093007540231034e-4,2,1
9280,12,2.711675595652524e-4,2,1
9312,7,2.0712989733043228e-4,2,1
9312,2,1.0393503666940456e-5,2,1
9312,13,8.538991136977939e-5,2,1
9312,5,4.83199629882202e-4,2,1
9312,1,0,2,1
9312,19,9.437286410871752e-5,2,1
9312,17,4.0886055138991146e-5,2,1
9312,11,8.287360598332413e-5,2,1
9312,6,2.454658642406593e-4,2,1
9312,9,6.694698015130018e-5,2,1
9312,4,1.3967253929901105e-4,2,1
9312,8,7.787724638771425e-5,2,1
9312,3,1.4236348054033583e-6,2,1
9312,10,2.612220421430656e-5,2,1
9312,12,1.0331318529207962e-4,2,1
9314,7,3.9298573071383367e-4,2,1
9314,2,0,2,1
9314,13,1.7829213165772116e-4,2,1
9314,5,8.074462593461412e-4,2,1
9314,1,2.8122406106679012e-5,2,1
9314,19,1.1155488012851122e-4,2,1
9314,17,9.43524349361334e-5,2,1
9314,11,1.422121093611121e-4,2,1
9314,6,5.253866546081221e-4,2,1
9314,9,3.1992635215160497e-4,2,1
9314,4,0.00125008664225473,2,1
9314,8,3.538911604557355e-4,2,1
9314,3,3.0845420783739433e-6,2,1
9314,10,1.524741702508981e-4,2,1
9314,12,1.9787902995302208e-4,2,1
9382,7,6.071290557191113e-4,4,9
9382,2,3.0337794487285657e-5,4,9
9382,13,2.2937583230122556e-4,4,9
9382,5,9.81485583050319e-4,4,9
9382,1,0,4,9
9382,19,1.0206630411758038e-4,4,9
9382,17,1.6497380290348177e-4,4,9
9382,11,2.7390853457932504e-4,4,9
9382,6,6.002088906349675e-4,4,9
9382,9,3.643519979662927e-4,4,9
9382,4,6.61790086454167e-6,4,9
9382,8,4.158750912541203e-4,4,9
9382,3,2.254088441888651e-5,4,9
9382,10,2.3793920795205328e-4,4,9
9382,12,1.1135128208825972e-4,4,9
9419,7,1.0005823482779346e-4,5,5
9419,2,3.2865944027892795e-5,5,5
9419,13,6.410503610165256e-5,5,5
9419,5,2.562488534940909e-4,5,5
9419,1,0,5,5
9419,19,3.821075204401878e-5,5,5
9419,17,2.487473284679881e-5,5,5
9419,11,5.007468639475779e-7,5,5
9419,6,1.4128558465014693e-4,5,5
9419,9,2.097877719026918e-5,5,5
9419,4,1.1772897327447814e-4,5,5
9419,8,7.602302623562581e-5,5,5
9419,3,2.301542935402096e-5,5,5
9419,10,1.845590515141225e-5,5,5
9419,12,6.028572597135081e-5,5,5
9556,7,9.982445390529864e-5,2,1
9556,2,1.1517125684988072e-5,2,1
9556,13,9.565673355793469e-5,2,1
9556,5,1.554547225548623e-4,2,1
9556,1,0,2,1
9556,19,7.3087680084197e-5,2,1
9556,17,1.6011322292192337e-5,2,1
9556,11,6.10911174016045e-5,2,1
9556,6,9.94911476324267e-5,2,1
9556,9,9.77981230781666e-5,2,1
9556,4,1.2922322214447155e-4,2,1
9556,8,8.291012965766857e-5,2,1
9556,3,3.0608148316172206e-5,2,1
9556,10,6.104645550082513e-5,2,1
9556,12,1.0213111223381784e-4,2,1
9611,7,0.00203366024478265,2,1
9611,2,0,2,1
9611,13,7.757711009489048e-4,2,1
9611,5,0.00368980857642173,2,1
9611,1,0,2,1
9611,19,4.8776409656190427e-4,2,1
9611,17,5.232271391912853e-4,2,1
9611,11,6.269350736623675e-4,2,1
9611,6,0.00270175550906745,2,1
9611,9,0.00127106708858689,2,1
9611,4,0.00274608054821297,2,1
9611,8,0.00147569435246923,2,1
9611,3,6.1690841567478865e-6,2,1
9611,10,7.93887858513056e-4,2,1
9611,12,7.676382440352002e-4,2,1
9625,7,7.230843932765541e-4,2,1
9625,2,2.415787338802376e-5,2,1
9625,13,2.909767654301573e-4,2,1
9625,5,0.00156394884730651,2,1
9625,1,0,2,1
9625,19,1.8848928021713968e-4,2,1
9625,17,2.3387967205380948e-4,2,1
9625,11,2.934376622732806e-4,2,1
9625,6,9.447581519030026e-4,2,1
9625,9,3.840967294394872e-4,2,1
9625,4,9.341689536158296e-4,2,1
9625,8,5.734838041816373e-4,2,1
9625,3,1.1982259612144934e-4,2,1
9625,10,2.2743353886586475e-4,2,1
9625,12,3.5296701519696764e-4,2,1
9666,7,2.873167537461639e-4,2,1
9666,2,0,2,1
9666,13,1.7077982273955877e-4,2,1
9666,5,7.296095768854788e-4,2,1
9666,1,2.4933267269839124e-5,2,1
9666,19,1.1565804813323807e-4,2,1
9666,17,1.000707643262021e-4,2,1
9666,11,6.609858604108028e-5,2,1
9666,6,4.079544803534545e-4,2,1
9666,9,1.1075560310745052e-4,2,1
9666,4,4.176243756097612e-4,2,1
9666,8,2.156193148285694e-4,2,1
9666,3,9.490898702689056e-7,2,1
9666,10,1.229447220086385e-4,2,1
9666,12,2.208112472833006e-4,2,1
9693,7,3.4973626005228744e-4,2,1
9693,2,0,2,1
9693,13,2.7444968581020004e-4,2,1
9693,5,8.522679444709609e-4,2,1
9693,1,3.247123179327886e-5,2,1
9693,19,9.360352010783124e-5,2,1
9693,17,1.586836405744062e-4,2,1
9693,11,1.3044455805834402e-4,2,1
9693,6,4.7686433260706154e-4,2,1
9693,9,2.0639414618073648e-4,2,1
9693,4,2.971089177607392e-4,2,1
9693,8,2.863445692010854e-4,2,1
9693,3,1.186362337836132e-6,2,1
9693,10,1.802999964791812e-4,2,1
9693,12,2.1017258975894457e-4,2,1
9773,7,6.849781029098945e-5,2,1
9773,2,3.0899605496309464e-6,2,1
9773,13,4.081687845534909e-5,2,1
9773,5,1.642004172133637e-4,2,1
9773,1,7.248042810999745e-6,2,1
9773,19,1.5386880017725684e-5,2,1
9773,17,1.9156403456730116e-5,2,1
9773,11,3.505228047633045e-5,2,1
9773,6,7.42106101192691e-5,2,1
9773,9,3.054263149759778e-5,2,1
9773,4,1.1529079927175226e-4,2,1
9773,8,4.794483536114381e-5,2,1
9773,3,2.3727246756722642e-7,2,1
9773,10,3.3220629272542044e-5,2,1
9773,12,4.610084927220944e-5,2,1
9892,7,2.735236793189681e-5,6,3
9892,2,3.8484054118130875e-5,6,3
9892,13,0,6,3
9892,5,9.051793971548944e-5,6,3
9892,1,9.306486969323674e-5,6,3
9892,19,6.66764800768113e-6,6,3
9892,17,0,6,3
9892,11,0,6,3
9892,6,3.2008422496497934e-5,6,3
9892,9,3.085114292686644e-7,6,3
9892,4,1.2957153271628955e-4,6,3
9892,8,3.152174258550339e-5,6,3
9892,3,4.792903844857974e-5,6,3
9892,10,1.732015714209457e-5,6,3
9892,12,0,6,3
9900,7,2.2653371389750435e-4,2,1
9900,2,5.140570732567847e-5,2,1
9900,13,4.2319340238981573e-5,2,1
9900,5,5.26928103174709e-4,2,1
9900,1,4.3198335153558486e-5,2,1
9900,19,3.2825344037814796e-5,2,1
9900,17,6.147204094323843e-5,2,1
9900,11,1.509751794801947e-4,2,1
9900,6,2.5790225769471264e-4,2,1
9900,9,1.8942601757095993e-4,2,1
9900,4,3.6259130526252e-4,2,1
9900,8,1.557544927754285e-4,2,1
9900,3,2.776087870536549e-5,2,1
9900,10,7.268787259633131e-5,2,1
9900,12,1.345199140301906e-4,2,1
9973,7,2.2442968559505076e-4,7,4
9973,2,1.0505865868745218e-4,7,4
9973,13,1.5400233282232938e-4,7,4
9973,5,5.907716741817692e-4,7,4
9973,1,2.7252640969359043e-5,7,4
9973,19,4.308326404963192e-5,7,4
9973,17,2.141514356580725e-4,7,4
9973,11,7.060530781660847e-5,7,4
9973,6,2.6911539933361316e-4,7,4
9973,9,1.3142586886845105e-4,7,4
9973,4,2.4799712713440366e-4,7,4
9973,8,1.337687395435228e-4,7,4
9973,3,6.904628806206288e-5,7,4
9973,10,2.8677637235271335e-5,7,4
9973,12,2.836975339828273e-5,7,4
9975,7,1.0333116774272127e-4,8,2
9975,2,1.4129546876948782e-4,8,2
9975,13,1.0517232485427371e-5,8,2
9975,5,1.6463770194628875e-4,8,2
9975,1,1.1770821525063588e-4,8,2
9975,19,2.025939202333882e-5,8,2
9975,17,4.488888571203923e-5,8,2
9975,11,6.184223769752586e-5,8,2
9975,6,9.31710132541373e-5,8,2
9975,9,6.046824013665822e-5,8,2
9975,4,3.827933184279629e-4,8,2
9975,8,1.0410121711010784e-4,8,2
9975,3,2.465260938023482e-4,8,2
9975,10,7.779873863826086e-5,8,2
9975,12,8.865547936963353e-5,8,2
10004,7,2.732898983964733e-4,2,1
10004,2,0,2,1
10004,13,8.814442463977227e-5,2,1
10004,5,5.55132968448376e-4,2,1
10004,1,0,2,1
10004,19,6.847161607887931e-5,2,1
10004,17,1.2008491719144252e-4,2,1
10004,11,3.680489450014697e-5,2,1
10004,6,3.2742373585589605e-4,2,1
10004,9,8.514915447815137e-5,2,1
10004,4,3.6607441098069975e-4,2,1
10004,8,2.1455976045594744e-4,2,1
10004,3,9.490898702689056e-7,2,1
10004,10,1.885341695467343e-4,2,1
10004,12,9.858489305903248e-5,2,1
10276,7,0.00129023691124904,2,1
10276,2,9.94405485972141e-5,2,1
10276,13,6.137556386138688e-4,2,1
10276,5,0.00239282205856598,2,1
10276,1,2.2323971857879217e-5,2,1
10276,19,4.146764164777073e-4,2,1
10276,17,3.299476058069635e-4,2,1
10276,11,4.967408890359972e-4,2,1
10276,6,0.00145424253291413,2,1
10276,9,8.456298276254092e-4,2,1
10276,4,8.310690243577066e-4,2,1
10276,8,0.00103836328516952,2,1
10276,3,2.016815974321425e-5,2,1
10276,10,4.4947227468747055e-4,2,1
10276,12,5.792157985482724e-4,2,1
10320,7,6.487420599231936e-4,2,1
10320,2,2.809055045119042e-7,2,1
10320,13,4.412229437934055e-4,2,1
10320,5,0.001520220374014,2,1
10320,1,8.117807948319715e-6,2,1
10320,19,1.2027411213855576e-4,2,1
10320,17,2.681896483942216e-4,2,1
10320,11,3.204779929264498e-4,2,1
10320,6,9.867564642232485e-4,2,1
10320,9,3.782350122833826e-4,2,1
10320,4,8.996862070058492e-4,2,1
10320,8,4.601114863110873e-4,2,1
10320,3,4.6505403643176374e-5,2,1
10320,10,2.0074346064689937e-4,2,1
10320,12,3.621871850514096e-4,2,1
10329,7,0.00105224793214929,1,6
10329,2,0,1,6
10329,13,0.00287220610971076,1,6
10329,5,0.00131163555640874,1,6
10329,1,0,1,6
10329,19,0.00529180448609615,1,6
10329,17,0.00371434085531911,1,6
10329,11,0.00214069284337589,1,6
10329,6,0.00121265029942146,1,6
10329,9,0.00104122607378174,1,6
10329,4,3.61198062975248e-4,1,6
10329,8,0.00118299245703242,1,6
10329,3,1.4236348054033583e-6,1,6
10329,10,0.00199096626033388,1,6
10329,12,0.00270860220570104,1,6
10400,7,4.792508911144313e-5,2,1
10400,2,0,2,1
10400,13,6.48562669934688e-5,2,1
10400,5,1.0079413093922856e-4,2,1
10400,1,0,2,1
10400,19,4.5391296052290775e-5,2,1
10400,17,4.6604384529059835e-5,2,1
10400,11,6.584821260910648e-5,2,1
10400,6,6.870597695108154e-5,2,1
10400,9,1.82021743268512e-5,2,1
10400,4,9.961682353994304e-5,2,1
10400,8,3.072707680603692e-5,2,1
10400,3,4.7454493513445284e-7,2,1
10400,10,2.4702519202659468e-5,2,1
10400,12,8.274511407832463e-6,2,1
10425,7,6.943293398096883e-5,6,3
10425,2,3.0365885037736846e-4,6,3
10425,13,3.655990340172372e-5,6,3
10425,5,1.1806687788976885e-4,6,3
10425,1,3.2848130019450845e-4,6,3
10425,19,8.462784009749127e-6,6,3
10425,17,4.002830573048084e-5,6,3
10425,11,3.855750852396349e-5,6,3
10425,6,1.1029653866627631e-4,6,3
10425,9,4.041499723419504e-5,6,3
10425,4,4.392196310624761e-4,6,3
10425,8,7.178480874513797e-5,6,3
10425,3,2.4225518938613815e-4,6,3
10425,10,2.385070819567121e-5,6,3
10425,12,4.0190483980900536e-5,6,3
10553,7,4.72237463439586e-5,6,3
10553,2,2.603994026825352e-4,6,3
10553,13,0,6,3
10553,5,1.5764114621948764e-4,6,3
10553,1,2.458536121491114e-4,6,3
10553,19,2.3080320026588528e-5,6,3
10553,17,0,6,3
10553,11,9.414041042214462e-5,6,3
10553,6,7.359898421169269e-5,6,3
10553,9,1.9436220043925855e-5,6,3
10553,4,2.831764948880199e-4,6,3
10553,8,4.397150646381145e-5,6,3
10553,3,1.0629806547011744e-4,6,3
10553,10,2.07274011700476e-5,6,3
10553,12,2.364146116523561e-7,6,3
10559,7,1.0146092036276252e-4,6,3
10559,2,4.730448695980467e-4,6,3
10559,13,4.482344321170237e-5,6,3
10559,5,2.0311875844369488e-4,6,3
10559,1,6.471052621660573e-4,6,3
10559,19,4.308326404963192e-5,6,3
10559,17,9.721159963116776e-5,6,3
10559,11,3.555302734027803e-5,6,3
10559,6,9.704464400212112e-5,6,3
10559,9,6.75640030098375e-5,6,3
10559,4,2.3510963597713828e-4,6,3
10559,8,6.330837376416226e-5,6,3
10559,3,7.77541876217801e-4,6,3
10559,10,6.644125854508409e-5,6,3
10559,12,2.175014427201676e-5,6,3
10612,7,7.761526626828839e-5,2,1
10612,2,0,2,1
10612,13,7.88792436407053e-5,2,1
10612,5,2.3154226608382443e-4,2,1
10612,1,0,2,1
10612,19,4.8725120056131335e-5,2,1
10612,17,3.7169141035446494e-5,2,1
10612,11,7.511202959213667e-7,2,1
10612,6,1.2517943575063523e-4,2,1
10612,9,3.270221150247843e-5,2,1
10612,4,2.086380325189716e-4,2,1
10612,8,4.158750912541203e-5,2,1
10612,3,7.118174027016793e-7,2,1
10612,10,7.524330561729608e-5,2,1
10612,12,8.770982092302411e-5,2,1
10670,7,1.4260636272185517e-4,2,1
10670,2,0,2,1
10670,13,1.1268463377243614e-4,2,1
10670,5,3.3955159511631663e-4,2,1
10670,1,0,2,1
10670,19,6.20604160714936e-5,2,1
10670,17,6.20438738822453e-5,2,1
10670,11,1.219318613712352e-4,2,1
10670,6,2.456697395431848e-4,2,1
10670,9,1.0088323737085326e-4,2,1
10670,4,2.570532020016712e-4,2,1
10670,8,1.337687395435228e-4,2,1
10670,3,3.535359766751673e-5,2,1
10670,10,1.2351259601329733e-4,2,1
10670,12,6.808740815587856e-5,2,1
10674,7,0.00120701090284088,2,1
10674,2,8.174350181296413e-5,2,1
10674,13,5.909683015621095e-4,2,1
10674,5,0.00220785061653867,2,1
10674,1,1.1161985928939608e-4,2,1
10674,19,4.259601284907061e-4,2,1
10674,17,2.7305022837578003e-4,2,1
10674,11,7.481158147376812e-4,2,1
10674,6,0.0014051085850055,2,1
10674,9,7.064911730252414e-4,2,1
10674,4,0.00140682639957283,2,1
10674,8,0.00118908489467499,2,1
10674,3,1.2694077014846613e-4,2,1
10674,10,7.555563631985844e-4,2,1
10674,12,5.839440907813195e-4,2,1
10719,7,3.109286269181433e-5,9,18
10719,2,1.5000353940935684e-4,9,18
10719,13,2.479061942993595e-5,9,18
10719,5,4.613353932359486e-5,9,18
10719,1,6.697191557363765e-5,9,18
10719,19,0,9,18
10719,17,2.8591646950343457e-7,9,18
10719,11,2.5037343197378893e-7,9,18
10719,6,1.9979779647495523e-5,9,18
10719,9,9.255342878059932e-7,9,18
10719,4,6.130266063996495e-5,9,18
10719,8,3.12568539923479e-5,9,18
10719,3,0,9,18
10719,10,2.07274011700476e-5,9,18
10719,12,7.565267572875395e-6,9,18
10740,7,0.00303658040228553,2,1
10740,2,9.160328502133196e-4,2,1
10740,13,0.00137249883934827,2,1
10740,5,0.00642436865376866,2,1
10740,1,0.0010831475176758,2,1
10740,19,0.00107913318524316,2,1
10740,17,9.292285258861623e-4,2,1
10740,11,8.640387137415455e-4,2,1
10740,6,0.00335966111031713,2,1
10740,9,0.00137750353168458,2,1
10740,4,0.00272065387647026,2,1
10740,8,0.00225817525665055,2,1
10740,3,8.382836279150109e-4,2,1
10740,10,0.0013222946198481,2,1
10740,12,0.00151659973374986,2,1
10791,7,1.2296876523228823e-4,2,1
10791,2,0,2,1
10791,13,3.831277548262829e-5,2,1
10791,5,3.1550093480543784e-4,2,1
10791,1,0,2,1
10791,19,5.7444352066175896e-5,2,1
10791,17,1.315215759715799e-5,2,1
10791,11,1.3144605178623918e-4,2,1
10791,6,1.6982812700371195e-4,2,1
10791,9,5.89256829903149e-5,2,1
10791,4,1.6196441589536194e-4,2,1
10791,8,1.075447688211292e-4,2,1
10791,3,7.118174027016793e-7,2,1
10791,10,1.987559016305934e-6,2,1
10791,12,7.778040723362516e-5,2,1
10927,7,6.148438261614411e-5,2,1
10927,2,0,2,1
10927,13,0,2,1
10927,5,1.742579660706403e-4,2,1
10927,1,1.0147259935399644e-5,2,1
10927,19,1.2309504014180548e-5,2,1
10927,17,1.8298654048219813e-5,2,1
10927,11,2.4035849469483737e-5,2,1
10927,6,8.725862948089883e-5,2,1
10927,9,2.375538005368716e-5,2,1
10927,4,2.8039001031347603e-4,2,1
10927,8,5.562660456265304e-5,2,1
10927,3,2.3727246756722642e-7,2,1
10927,10,2.839370023294192e-7,2,1
10927,12,4.4445946990642945e-5,2,1
10949,7,2.520158344494424e-4,2,1
10949,2,0,2,1
10949,13,6.435544639892464e-5,2,1
10949,5,5.870547539519062e-4,2,1
10949,1,0,2,1
10949,19,4.3852608050518207e-5,2,1
10949,17,8.034252793046512e-5,2,1
10949,11,1.3369941267400327e-4,2,1
10949,6,2.9725019108212727e-4,2,1
10949,9,2.036175433173185e-5,2,1
10949,4,4.2215241304339497e-4,2,1
10949,8,1.9151445285141977e-4,2,1
10949,3,4.531904130534024e-5,2,1
10949,10,9.511889578035542e-5,2,1
10949,12,4.822858077708064e-5,2,1
11005,7,1.6388042666888602e-4,7,4
11005,2,3.258503852338089e-5,7,4
11005,13,5.934724045348303e-5,7,4
11005,5,3.955240409307256e-4,7,4
11005,1,1.0611134675303628e-4,7,4
11005,19,5.0263808057903904e-5,7,4
11005,17,8.177211027798229e-5,7,4
11005,11,1.5022405918427334e-5,7,4
11005,6,2.3078684245882584e-4,7,4
11005,9,1.0890453453183854e-4,7,4
11005,4,1.8564953477898476e-4,7,4
11005,8,1.2237853003783667e-4,7,4
11005,3,2.254088441888651e-5,7,4
11005,10,1.987559016305934e-6,7,4
11005,12,1.0473167296199376e-4,7,4
11048,7,9.842176837032956e-5,5,5
11048,2,4.887755778507133e-5,5,5
11048,13,4.807877707623942e-5,5,5
11048,5,2.1426951913328416e-4,5,5
11048,1,5.4215360226278096e-5,5,5
11048,19,3.1799552036633086e-5,5,5
11048,17,5.718329390068691e-7,5,5
11048,11,5.007468639475779e-7,5,5
11048,6,1.449553400956053e-4,5,5
11048,9,5.3063965834210274e-5,5,5
11048,4,4.231973447588489e-4,5,5
11048,8,6.463281672993973e-5,5,5
11048,3,1.00603526248504e-4,5,5
11048,10,4.2306613347083454e-5,5,5
11048,12,6.903306660248798e-5,5,5
11136,7,1.8234911954597875e-5,6,3
11136,2,4.494488072190467e-5,6,3
11136,13,5.008205945441606e-7,6,3
11136,5,2.186423664625349e-5,6,3
11136,1,4.7257239127718344e-5,6,3
11136,19,0,6,3
11136,17,0,6,3
11136,11,2.954406497290709e-5,6,3
11136,6,1.304801936162973e-5,6,3
11136,9,3.702137151223973e-5,6,3
11136,4,5.712293377814916e-5,6,3
11136,8,3.12568539923479e-5,6,3
11136,3,7.09444678026007e-5,6,3
11136,10,0,6,3
11136,12,1.323921825253194e-5,6,3
11160,7,0.00150438023625432,2,1
11160,2,2.1067912838392816e-5,2,1
11160,13,0.00106148925013634,2,1
11160,5,0.00284038298271479,2,1
11160,1,4.870684768991829e-5,2,1
11160,19,6.626616327633862e-4,2,1
11160,17,6.498881351813067e-4,2,1
11160,11,0.00140234159248519,2,1
11160,6,0.00184221723362009,2,1
11160,9,0.00109490706247449,2,1
11160,4,0.00183873150862713,2,1
11160,8,0.00129980832661399,2,1
11160,3,4.270904416210075e-6,2,1
11160,10,9.980385631879083e-4,2,1
11160,12,0.0013095005339424,2,1
11250,7,7.29396478183915e-5,2,1
11250,2,1.3764369721083309e-5,2,1
11250,13,2.3037747349031388e-5,2,1
11250,5,1.4911409392744877e-4,2,1
11250,1,1.1886790210039584e-5,2,1
11250,19,1.333529601536226e-5,2,1
11250,17,5.5753711553169745e-5,2,1
11250,11,5.3830287874364616e-5,2,1
11250,6,1.0254927717030866e-4,2,1
11250,9,2.5606448629299144e-5,2,1
11250,4,9.160568038812944e-5,2,1
11250,8,6.330837376416226e-5,2,1
11250,3,2.3727246756722642e-7,2,1
11250,10,3.747968430748333e-5,2,1
11250,12,3.215238718472043e-5,2,1
11292,7,9.285778241495226e-4,2,1
11292,2,1.0393503666940456e-4,2,1
11292,13,6.120027665329642e-4,2,1
11292,5,0.00253340910020139,2,1
11292,1,1.2930508374823547e-4,2,1
11292,19,3.1620038436426284e-4,2,1
11292,17,2.753375601318075e-4,2,1
11292,11,5.798648684512951e-4,2,1
11292,6,0.0011537303369916,2,1
11292,9,3.760754322785019e-4,2,1
11292,4,0.00106687528147848,2,1
11292,8,7.329467372612427e-4,2,1
11292,3,5.647084728099989e-5,2,1
11292,10,4.61965502789965e-4,2,1
11292,12,7.801682184527751e-4,2,1
11328,7,2.983044571034216e-4,2,1
11328,2,0,2,1
11328,13,1.1268463377243614e-4,2,1
11328,5,6.839133222948091e-4,2,1
11328,1,2.8412327819119003e-5,2,1
11328,19,1.3001913614978206e-4,2,1
11328,17,1.2551733011200778e-4,2,1
11328,11,4.9323566098836416e-5,2,1
11328,6,3.4699576489834064e-4,2,1
11328,9,1.9898987187828856e-4,2,1
11328,4,6.412397627169061e-4,2,1
11328,8,1.4409939467658692e-4,2,1
11328,3,1.660907272970585e-6,2,1
11328,10,6.331795151946048e-5,2,1
11328,12,5.697592140821782e-5,2,1
11369,7,9.818798744783471e-6,2,1
11369,2,2.809055045119042e-7,2,1
11369,13,7.261898620890328e-6,2,1
11369,5,2.3176090845028697e-5,2,1
11369,1,6.987113269803754e-5,2,1
11369,19,6.411200007385703e-6,2,1
11369,17,0,2,1
11369,11,2.5037343197378893e-7,2,1
11369,6,7.5433861934421875e-6,2,1
11369,9,2.437240291222449e-5,2,1
11369,4,0,2,1
11369,8,7.151992015198248e-6,2,1
11369,3,0,2,1
11369,10,0,2,1
11369,12,1.2529974417574874e-5,2,1
11492,7,6.849781029098945e-5,7,4
11492,2,2.5281495406071378e-5,7,4
11492,13,7.487267888435201e-5,7,4
11492,5,2.1995422066131007e-4,7,4
11492,1,0,7,4
11492,19,9.232128010635413e-6,7,4
11492,17,4.774805040707357e-5,7,4
11492,11,3.6053774204225606e-5,7,4
11492,6,1.2742206407841534e-4,7,4
11492,9,4.781927153664298e-5,7,4
11492,4,5.712293377814916e-5,7,4
11492,8,6.913592281358306e-5,7,4
11492,3,4.603085870804192e-5,7,4
11492,10,2.839370023294192e-7,7,4
11492,12,4.25546300974241e-5,7,4
11525,7,3.553470021921637e-5,6,3
11525,2,1.1938483941755929e-4,6,3
11525,13,2.3037747349031388e-5,6,3
11525,5,1.259380030824201e-4,6,3
11525,1,6.0883559612397864e-5,6,3
11525,19,8.719232010044556e-6,6,3
11525,17,2.8591646950343457e-7,6,3
11525,11,2.5037343197378893e-7,6,3
11525,6,4.668744427833138e-5,6,3
11525,9,0,6,3
11525,4,3.1800755206981817e-4,6,3
11525,8,3.3640851330747315e-5,6,3
11525,3,2.104606787321298e-4,6,3
11525,10,5.678740046588384e-7,6,3
11525,12,0,6,3
11539,7,0.00101718079377506,6,3
11539,2,7.758610034618794e-4,6,3
11539,13,2.258700881394164e-4,6,3
11539,5,0.00213569863560604,6,3
11539,1,9.181820632974478e-4,6,3
11539,19,1.897715202186168e-4,6,3
11539,17,2.524642425715327e-4,6,3
11539,11,4.5317591187255793e-4,6,3
11539,6,0.0012658617533806,6,3
11539,9,6.077675156592689e-4,6,3
11539,4,0.00230964740172504,6,3
11539,8,7.639387026604351e-4,6,3
11539,3,9.09702640652746e-4,6,3
11539,10,3.9154912621226903e-4,6,3
11539,12,3.1537709194424306e-4,6,3
11584,7,9.468127361041203e-5,2,1
11584,2,1.9101574306809488e-5,2,1
11584,13,3.355497983445876e-5,2,1
11584,5,2.7439616991048124e-4,2,1
11584,1,2.2323971857879217e-5,2,1
11584,19,1.9233600022157103e-5,2,1
11584,17,2.687614813332285e-5,2,1
11584,11,7.511202959213667e-6,2,1
11584,6,1.1294691759910736e-4,2,1
11584,9,4.442564581468767e-5,2,1
11584,4,1.3166139614719744e-4,2,1
11584,8,6.993058859304953e-5,2,1
11584,3,9.490898702689056e-7,2,1
11584,10,6.360188852178989e-5,2,1
11584,12,1.0638657524356023e-5,2,1
11617,7,0.0443440329406671,1,6
11617,2,1.0449684767842836e-4,1,6
11617,13,0.04854378899827367,1,6
11617,5,0.01731713135093214,1,6
11617,1,1.1915782381283582e-4,1,6
11617,19,0.0307437556194168,1,6
11617,17,0.03780759251184766,1,6
11617,11,0.05270586079137033,1,6
11617,6,0.04566174763132576,1,6
11617,9,0.05330892390904959,1,6
11617,4,9.43573339054915e-4,1,6
11617,8,0.04936834666076142,1,6
11617,3,5.552175741073098e-5,1,6
11617,10,0.05231454086818849,1,6
11617,12,0.04499632020656963,1,6
11646,7,1.821153386234839e-4,2,1
11646,2,0,2,1
11646,13,1.374752532023721e-4,2,1
11646,5,4.051443050550771e-4,2,1
11646,1,0,2,1
11646,19,4.308326404963192e-5,2,1
11646,17,6.747628680281056e-5,2,1
11646,11,3.6053774204225606e-5,2,1
11646,6,2.006132976850571e-4,2,1
11646,9,4.535118010249367e-5,2,1
11646,4,2.7864845745438613e-6,2,1
11646,8,1.8939534410617584e-4,2,1
11646,3,0,2,1
11646,10,3.0097322246918433e-5,2,1
11646,12,7.801682184527751e-5,2,1
11766,7,2.5318473906191664e-4,2,1
11766,2,0,2,1
11766,13,8.26353980997865e-5,2,1
11766,5,5.794022711257174e-4,2,1
11766,1,0,2,1
11766,19,9.95018241146261e-5,2,1
11766,17,1.6240055467795083e-4,2,1
11766,11,1.1116580379636228e-4,2,1
11766,6,3.4699576489834064e-4,2,1
11766,9,1.2618117457088374e-4,2,1
11766,4,2.8039001031347603e-4,2,1
11766,8,2.534983836498046e-4,2,1
11766,3,9.490898702689056e-7,2,1
11766,10,7.325574660099014e-5,2,1
11766,12,8.818265014632883e-5,2,1
11787,7,1.0566897696766972e-4,2,1
11787,2,0,2,1
11787,13,6.98644729389104e-5,2,1
11787,5,2.2126607486008527e-4,2,1
11787,1,0,2,1
11787,19,3.1799552036633086e-5,2,1
11787,17,3.6025475157432756e-5,2,1
11787,11,4.431609745936064e-5,2,1
11787,6,1.1641279774204026e-4,2,1
11787,9,9.87236573659726e-5,2,1
11787,4,9.090905924449349e-5,2,1
11787,8,7.416880608353739e-5,2,1
11787,3,4.7454493513445284e-7,2,1
11787,10,2.839370023294192e-7,2,1
11787,12,4.066331320420525e-5,2,1
11813,7,6.356503282634823e-4,2,1
11813,2,2.2191534856440433e-5,2,1
11813,13,3.2227805258916735e-4,2,1
11813,5,0.0010632578281073,2,1
11813,1,0,2,1
11813,19,2.054148482366379e-4,2,1
11813,17,5.1179048041114787e-5,2,1
11813,11,2.1982787327298663e-4,2,1
11813,6,4.99902241792439e-4,2,1
11813,9,2.4403254055151355e-4,2,1
11813,4,5.921279720905705e-6,2,1
11813,8,4.2726530075980646e-4,2,1
11813,3,2.3727246756722642e-7,2,1
11813,10,1.243644070202856e-4,2,1
11813,12,2.815698024779561e-4,2,1
11932,7,3.2402035857785453e-4,2,1
11932,2,2.471968439704757e-5,2,1
11932,13,1.4373551063417408e-4,2,1
11932,5,8.975269143287056e-4,2,1
11932,1,0,2,1
11932,19,1.1104198412792036e-4,2,1
11932,17,8.291577615599603e-5,2,1
11932,11,9.889750562964662e-5,2,1
11932,6,4.099932333787092e-4,2,1
11932,9,8.854278020010669e-5,2,1
11932,4,6.837336524786999e-4,2,1
11932,8,2.972050015204605e-4,2,1
11932,3,9.490898702689056e-7,2,1
11932,10,6.95645655707077e-5,2,1
11932,12,1.3073728024375292e-4,2,1
11960,7,2.60198166736762e-4,2,1
11960,2,2.359606237899995e-5,2,1
11960,13,6.936365234436625e-5,2,1
11960,5,4.862606230126775e-4,2,1
11960,1,9.045557428127684e-5,2,1
11960,19,9.924537611433068e-5,2,1
11960,17,6.976361855883804e-5,2,1
11960,11,1.52978166935985e-4,2,1
11960,6,3.200842249649793e-4,2,1
11960,9,1.187769002684358e-4,2,1
11960,4,6.112850535405595e-4,2,1
11960,8,2.3124774182474336e-4,2,1
11960,3,1.8744524937810887e-5,2,1
11960,10,5.423196744491906e-5,2,1
11960,12,1.200986227193969e-4,2,1
12008,7,3.333715954776483e-4,2,1
12008,2,3.061869999179756e-5,2,1
12008,13,1.0993012050244326e-4,2,1
12008,5,7.199893127611273e-4,2,1
12008,1,1.1596868497599594e-6,2,1
12008,19,1.1847897613648776e-4,2,1
12008,17,6.147204094323843e-5,2,1
12008,11,2.461170836302345e-4,2,1
12008,6,5.105037575237632e-4,2,1
12008,9,1.3389396030260035e-4,2,1
12008,4,6.555204961614434e-4,2,1
12008,8,2.964103357409941e-4,2,1
12008,3,3.7726322343189e-5,2,1
12008,10,2.041507046748524e-4,2,1
12008,12,1.9953393223458857e-4,2,1
12044,7,4.24078593405648e-4,2,1
12044,2,0,2,1
12044,13,9.465509236884636e-5,2,1
12044,5,8.579526459989868e-4,2,1
12044,1,0,2,1
12044,19,1.5771552018168828e-4,2,1
12044,17,1.1265108898435324e-4,2,1
12044,11,2.0555658765048068e-4,2,1
12044,6,4.990867405823371e-4,2,1
12044,9,2.2490483193685637e-4,2,1
12044,4,5.315219325942415e-4,2,1
12044,8,3.523018288968026e-4,2,1
12044,3,1.4236348054033583e-6,2,1
12044,10,1.9762015362127577e-4,2,1
12044,12,1.2482691495244402e-4,2,1
12099,7,1.3348890674455622e-4,2,1
12099,2,1.460708623461902e-5,2,1
12099,13,9.640796444975092e-5,2,1
12099,5,3.2184156343285133e-4,2,1
12099,1,1.2176711922479573e-5,2,1
12099,19,5.103315205879019e-5,2,1
12099,17,3.516772574892245e-5,2,1
12099,11,4.456647089133442e-5,2,1
12099,6,1.4923672144864005e-4,2,1
12099,9,7.558530017082278e-5,2,1
12099,4,1.891326404971646e-4,2,1
12099,8,1.2343808441045865e-4,2,1
12099,3,6.809719819179399e-5,2,1
12099,10,1.3259858008783876e-4,2,1
12099,12,5.4375360680041904e-5,2,1
12224,7,1.1665668032492745e-4,2,1
12224,2,0,2,1
12224,13,5.033246975168814e-5,2,1
12224,5,1.6769869507676425e-4,2,1
12224,1,1.971467644591931e-5,2,1
12224,19,7.8473088090401e-5,2,1
12224,17,1.1436658780137385e-6,2,1
12224,11,1.4872181859243062e-4,2,1
12224,6,1.2946081710367e-4,2,1
12224,9,3.023412006832911e-5,2,1
12224,4,5.0156722341789504e-5,2,1
12224,8,7.072525437251601e-5,2,1
12224,3,0,2,1
12224,10,8.00702346568962e-5,2,1
12224,12,6.312270131117908e-5,2,1
12240,7,7.08356195159379e-5,14,13
12240,2,0,14,13
12240,13,1.0517232485427371e-5,14,13
12240,5,2.1186445310219628e-4,14,13
12240,1,0,14,13
12240,19,4.6160640053177055e-6,14,13
12240,17,3.402405987090871e-5,14,13
12240,11,7.160680154450363e-5,14,13
12240,6,8.705475417837335e-5,14,13
12240,9,6.293633157080753e-5,14,13
12240,4,3.448274660998028e-5,14,13
12240,8,7.39039174903819e-5,14,13
12240,3,0,14,13
12240,10,4.968897540764835e-5,14,13
12240,12,2.884258262158744e-5,14,13
12307,7,0.00158176172160011,2,1
12307,2,2.1517361645611864e-4,2,1
12307,13,6.763582129318889e-4,2,1
12307,5,0.00360628719243305,2,1
12307,1,2.3628619563859172e-4,2,1
12307,19,2.4311270428006585e-4,2,1
12307,17,5.00067905161507e-4,2,1
12307,11,7.05802704734111e-4,2,1
12307,6,0.00213722479637444,2,1
12307,9,0.00105294950809395,2,1
12307,4,0.00206652662259609,2,1
12307,8,0.00137583135284961,2,1
12307,3,3.369269039454615e-4,2,1
12307,10,6.51635420346017e-4,2,1
12307,12,6.617244980149447e-4,2,1
12368,7,1.0520141512268004e-4,2,1
12368,2,1.9663385315833295e-5,2,1
12368,13,4.6826725589879015e-5,2,1
12368,5,2.32198193183212e-4,2,1
12368,1,7.39300366721974e-5,2,1
12368,19,3.769785604342793e-5,2,1
12368,17,9.578201728365058e-5,2,1
12368,11,9.814638533372523e-5,2,1
12368,6,1.3435382436428114e-4,2,1
12368,9,2.4063891482955825e-5,2,1
12368,4,1.2086376842083998e-4,2,1
12368,8,1.160212038021049e-4,2,1
12368,3,4.7454493513445284e-7,2,1
12368,10,3.577606229350682e-5,2,1
12368,12,3.215238718472043e-5,2,1
12375,7,1.2250120338729855e-4,2,1
12375,2,1.207893669401188e-5,2,1
12375,13,2.3037747349031388e-5,2,1
12375,5,3.266516954950271e-4,2,1
12375,1,1.3916242197119512e-5,2,1
12375,19,8.206336009453699e-6,2,1
12375,17,3.2022644584384674e-5,2,1
12375,11,2.0079949244297871e-4,2,1
12375,6,1.6942037639866103e-4,2,1
12375,9,6.046824013665822e-5,2,1
12375,4,2.490420588498576e-4,2,1
12375,8,9.37705619770437e-5,2,1
12375,3,9.490898702689056e-7,2,1
12375,10,1.834233035048048e-4,2,1
12375,12,4.9174239223690066e-5,2,1
12387,7,5.06837039968823e-4,2,1
12387,2,0,2,1
12387,13,2.2436762635578397e-4,2,1
12387,5,8.27342714694232e-4,2,1
12387,1,0,2,1
12387,19,1.2078700813914665e-4,2,1
12387,17,1.415286524042001e-4,2,1
12387,11,2.641439707323473e-4,2,1
12387,6,5.182510190197308e-4,2,1
12387,9,3.529370750833521e-4,2,1
12387,4,4.876348005451757e-6,2,1
12387,8,6.108330958165615e-4,2,1
12387,3,4.7454493513445284e-7,2,1
12387,10,1.8484298851645188e-4,2,1
12387,12,2.149008819919917e-4,2,1
12468,7,4.254812789406171e-5,2,1
12468,2,2.0225196324857105e-5,2,1
12468,13,2.5291440024480112e-5,2,1
12468,5,1.893442893565552e-4,2,1
12468,1,9.97330690793565e-5,2,1
12468,19,8.719232010044556e-6,2,1
12468,17,2.8591646950343457e-7,2,1
12468,11,0,2,1
12468,6,5.545408228692635e-5,2,1
12468,9,3.856392865858305e-5,2,1
12468,4,1.6823400618808562e-4,2,1
12468,8,3.523018288968026e-5,2,1
12468,3,1.1578896417280648e-4,2,1
12468,10,0,2,1
12468,12,0,2,1
12640,7,2.4476862585210226e-4,2,1
12640,2,1.544980274815473e-5,2,1
12640,13,9.29022202879418e-5,2,1
12640,5,4.213238401733047e-4,2,1
12640,1,2.4933267269839124e-5,2,1
12640,19,8.437139209719584e-5,2,1
12640,17,1.5439489353185468e-5,2,1
12640,11,4.456647089133442e-5,2,1
12640,6,2.713580276613933e-4,2,1
12640,9,1.4284079175139162e-4,2,1
12640,4,3.3681632294798924e-4,2,1
12640,8,1.6529048212902617e-4,2,1
12640,3,7.118174027016793e-7,2,1
12640,10,5.3380156437930807e-5,2,1
12640,12,1.3002803640879584e-4,2,1
12644,7,1.6130883652144275e-5,2,1
12644,2,2.134881834290472e-5,2,1
12644,13,0,2,1
12644,5,1.9021885882240533e-5,2,1
12644,1,5.8854107625317935e-5,2,1
12644,19,0,2,1
12644,17,2.1729651682261023e-5,2,1
12644,11,2.5037343197378893e-7,2,1
12644,6,1.794102662224088e-5,2,1
12644,9,0,2,1
12644,4,5.0505032913607486e-5,2,1
12644,8,2.6488859315549066e-6,2,1
12644,3,2.3727246756722642e-7,2,1
12644,10,2.07274011700476e-5,2,1
12644,12,9.6929990777466e-6,2,1
12700,7,5.935697622144102e-4,2,1
12700,2,0,2,1
12700,13,3.801228312590179e-4,2,1
12700,5,0.0013894722388694,2,1
12700,1,2.2613893570319208e-5,2,1
12700,19,9.77066881125581e-5,2,1
12700,17,1.149384207403807e-4,2,1
12700,11,1.9328828948376504e-4,2,1
12700,6,8.214135938750966e-4,2,1
12700,9,3.1776677214672436e-4,2,1
12700,4,0.00102612294457577,2,1
12700,8,5.790464646379026e-4,2,1
12700,3,2.6099971432394904e-6,2,1
12700,10,3.0920739553673746e-4,2,1
12700,12,3.300347978666891e-4,2,1
12841,7,4.0116806300115326e-4,2,1
12841,2,0,2,1
12841,13,1.4173222825599743e-4,2,1
12841,5,7.084012673386129e-4,2,1
12841,1,2.986193638131895e-5,2,1
12841,19,9.462931210901296e-5,2,1
12841,17,8.863410554606472e-5,2,1
12841,11,3.497716844673831e-4,2,1
12841,6,4.4872954085854744e-4,2,1
12841,9,1.801706746929e-4,2,1
12841,4,2.950190543298313e-4,2,1
12841,8,2.6965658783228947e-4,2,1
12841,3,1.186362337836132e-6,2,1
12841,10,1.2209291100165025e-4,2,1
12841,12,1.7991151946744298e-4,2,1
12882,7,1.0683788158014396e-4,9,18
12882,2,7.387814768663081e-5,9,18
12882,13,8.238498780251442e-5,9,18
12882,5,3.1725007373713807e-4,9,18
12882,1,2.4353423844959146e-5,9,18
12882,19,1.5643328018021114e-5,9,18
12882,17,5.718329390068691e-7,9,18
12882,11,4.782132550699368e-5,9,18
12882,6,1.213058050026514e-4,9,18
12882,9,1.6659617180507876e-5,9,18
12882,4,6.339252407087284e-5,9,18
12882,8,3.946840038016811e-5,9,18
12882,3,2.3727246756722642e-7,9,18
12882,10,7.353968360331957e-5,9,18
12882,12,3.144314334976336e-5,9,18
12892,7,5.306826940632971e-5,12,19
12892,2,5.5900195397868936e-5,12,19
12892,13,4.382180202261405e-5,12,19
12892,5,7.892989429297508e-5,12,19
12892,1,1.594569418419944e-5,12,19
12892,19,0,12,19
12892,17,2.8591646950343457e-7,12,19
12892,11,4.431609745936064e-5,12,19
12892,6,3.2008422496497934e-5,12,19
12892,9,2.067026576100051e-5,12,19
12892,4,3.4831057181798266e-7,12,19
12892,8,1.668798136879591e-5,12,19
12892,3,0,12,19
12892,10,1.646834613510631e-5,12,19
12892,12,2.364146116523561e-7,12,19
12909,7,0.00274552315377945,2,1
12909,2,0,2,1
12909,13,0.00104020437486822,2,1
12909,5,0.00626016823655529,2,1
12909,1,3.1311544943518904e-5,2,1
12909,19,8.34481792961323e-4,2,1
12909,17,8.4745641560818e-4,2,1
12909,11,0.00128316383886566,2,1
12909,6,0.0035227613523375,2,1
12909,9,0.00120442861986486,2,1
12909,4,0.00317101944583091,2,1
12909,8,0.00213341272927432,2,1
12909,3,1.6205709534841564e-4,2,1
12909,10,0.0012328544641143299,2,1
12909,12,0.00115890442631984,2,1
13012,7,1.2741060275969028e-4,5,5
13012,2,6.208011649713083e-5,5,5
13012,13,3.455662102354708e-5,5,5
13012,5,2.3810153707770049e-4,5,5
13012,1,1.2176711922479573e-5,5,5
13012,19,1.7182016019793682e-5,5,5
13012,17,2.31592340297782e-5,5,5
13012,11,2.5037343197378893e-7,5,5
13012,6,9.398651446423914e-5,5,5
13012,9,1.4808548604895893e-5,5,5
13012,4,1.7415528590899132e-6,5,5
13012,8,1.0701499163481823e-4,5,5
13012,3,3.582814260265119e-5,5,5
13012,10,1.987559016305934e-5,5,5
13012,12,5.721233601987017e-5,5,5
13027,7,4.6054841731484376e-5,2,1
13027,2,5.505747888433323e-5,2,1
13027,13,3.205251805082628e-5,2,1
13027,5,4.066748016203148e-5,2,1
13027,1,1.3278414429751534e-4,2,1
13027,19,1.897715202186168e-5,2,1
13027,17,6.576078798578995e-6,2,1
13027,11,7.511202959213667e-7,2,1
13027,6,1.9572029042444595e-5,2,1
13027,9,0,2,1
13027,4,9.683033896539916e-5,2,1
13027,8,2.039642167297278e-5,2,1
13027,3,2.3727246756722642e-7,2,1
13027,10,3.492425128651856e-5,2,1
13027,12,2.8133338786630375e-5,2,1
13031,7,7.808282811327808e-5,5,5
13031,2,6.348464401969035e-5,5,5
13031,13,1.627666932268522e-5,5,5
13031,5,1.5261237179084932e-4,5,5
13031,1,1.2176711922479571e-4,5,5
13031,19,8.462784009749127e-6,5,5
13031,17,1.2580324658151122e-5,5,5
13031,11,2.5037343197378893e-7,5,5
13031,6,7.767649026220199e-5,5,5
13031,9,3.547881436589641e-5,5,5
13031,4,1.3932422872719306e-6,5,5
13031,8,5.6421270342119514e-5,5,5
13031,3,0,5,5
13031,10,2.044346416771818e-5,5,5
13031,12,4.610084927220944e-5,5,5
13060,7,5.984791615868021e-4,2,1
13060,2,1.460708623461902e-5,2,1
13060,13,1.5049658866052028e-4,2,1
13060,5,9.524061483108018e-4,2,1
13060,1,4.2618491728678505e-5,2,1
13060,19,1.6156224018611971e-4,2,1
13060,17,9.43524349361334e-5,2,1
13060,11,2.5212604599760544e-4,2,1
13060,6,5.83287240525354e-4,2,1
13060,9,3.1745826071745566e-4,2,1
13060,4,8.011143151813601e-6,2,1
13060,8,4.2673552357349546e-4,2,1
13060,3,7.118174027016793e-7,2,1
13060,10,1.5758503629282765e-4,2,1
13060,12,1.8582188475875188e-4,2,1
13126,7,2.104028302453601e-5,12,19
13126,2,7.050728163248795e-5,12,19
13126,13,0,12,19
13126,5,5.8596154211959343e-5,12,19
13126,1,7.39300366721974e-5,12,19
13126,19,7.693440008862842e-6,12,19
13126,17,0,12,19
13126,11,2.5037343197378893e-7,12,19
13126,6,1.712552541213902e-5,12,19
13126,9,2.036175433173185e-5,12,19
13126,4,0,12,19
13126,8,1.4833761216707478e-5,12,19
13126,3,3.226905558914279e-5,12,19
13126,10,3.804755831214217e-5,12,19
13126,12,2.364146116523561e-7,12,19
13318,7,0.01509032476611972,2,1
13318,2,5.618110090238084e-7,2,1
13318,13,0.00669722340054178,2,1
13318,5,0.03229828765857857,2,1
13318,1,5.798434248799797e-7,2,1
13318,19,0.00479224378152066,2,1
13318,17,0.00457351984617693,2,1
13318,11,0.00718171152273616,2,1
13318,6,0.01793491036316511,2,1
13318,9,0.00782539240339967,2,1
13318,4,0.01247892285652286,2,1
13318,8,0.01204633855093225,2,1
13318,3,1.6324345768625178e-4,2,1
13318,10,0.00706122931093032,2,1
13318,12,0.00717636553670726,2,1
13344,7,1.154877757124532e-4,2,1
13344,2,6.292283301066654e-5,2,1
13344,13,1.4774207539052737e-4,2,1
13344,5,3.708174535204591e-4,2,1
13344,1,4.377817857843846e-5,2,1
13344,19,7.231833608331073e-5,2,1
13344,17,2.31592340297782e-5,2,1
13344,11,1.2593783628281582e-4,2,1
13344,6,2.0958381099617755e-4,2,1
13344,9,8.730873448303202e-5,2,1
13344,4,1.7311035419353738e-4,2,1
13344,8,1.0357143992379686e-4,2,1
13344,3,2.3727246756722642e-7,2,1
13344,10,8.574897470348458e-5,2,1
13344,12,1.0000338072894664e-4,2,1
13434,7,2.2442968559505077e-5,5,5
13434,2,6.545098255127368e-5,5,5
13434,13,0,5,5
13434,5,6.20944320753599e-5,5,5
13434,1,1.5307866416831465e-4,5,5
13434,19,3.846720004431421e-6,5,5
13434,17,1.887048698722668e-5,5,5
13434,11,2.5037343197378893e-7,5,5
13434,6,2.9561918866192356e-5,5,5
13434,9,2.0053242902463184e-5,5,5
13434,4,2.368511888362282e-5,5,5
13434,8,2.2250641825061216e-5,5,5
13434,3,1.0036625378093676e-4,5,5
13434,10,0,5,5
13434,12,2.9315411844892157e-5,5,5
13503,7,2.291053040449477e-5,6,3
13503,2,2.7725373295324945e-4,6,3
13503,13,2.3037747349031388e-5,6,3
13503,5,5.815886947903428e-5,6,3
13503,1,2.55421028659631e-4,6,3
13503,19,1.872070402156625e-5,6,3
13503,17,0,6,3
13503,11,3.179742586067119e-5,6,3
13503,6,1.977590434497006e-5,6,3
13503,9,0,6,3
13503,4,2.81086631457112e-4,6,3
13503,8,1.4303984030396496e-5,6,3
13503,3,2.4510245899694486e-4,6,3
13503,10,0,6,3
13503,12,1.2293559805922516e-5,6,3
13513,7,3.039151992432979e-5,5,5
13513,2,3.0056888982773752e-5,5,5
13513,13,3.155169745628212e-5,5,5
13513,5,5.247416795100837e-6,5,5
13513,1,4.0589039741598576e-5,5,5
13513,19,8.975680010339983e-6,5,5
13513,17,0,5,5
13513,11,0,5,5
13513,6,1.569839829446077e-5,5,5
13513,9,0,5,5
13513,4,3.4831057181798266e-7,5,5
13513,8,3.284618555128084e-5,5,5
13513,3,5.528448494316375e-5,5,5
13513,10,1.8171968149082827e-5,5,5
13513,12,1.3002803640879583e-5,5,5
13605,7,1.9427194659321585e-4,5,5
13605,2,0,5,5
13605,13,4.181851964443741e-5,5,5
13605,5,3.810936447441983e-4,5,5
13605,1,0,5,5
13605,19,2.820928003249709e-5,5,5
13605,17,5.718329390068691e-6,5,5
13605,11,2.5037343197378893e-7,5,5
13605,6,1.4964447205369097e-4,5,5
13605,9,4.997885154152363e-5,5,5
13605,4,1.3932422872719306e-6,5,5
13605,8,1.0489588288957e-4,5,5
13605,3,0,5,5
13605,10,3.350456627487146e-5,5,5
13605,12,4.0899727815857606e-5,5,5
13673,7,1.893625472208241e-4,2,1
13673,2,4.606850273995229e-5,2,1
13673,13,4.5073853508974455e-5,2,1
13673,5,4.460304275835711e-4,2,1
13673,1,1.2756555347359553e-5,2,1
13673,19,4.744288005465419e-5,2,1
13673,17,6.0328375065224696e-5,2,1
13673,11,1.1642364586781184e-4,2,1
13673,6,2.6279526495532376e-4,2,1
13673,9,1.8263876612704933e-4,2,1
13673,4,2.991987811916471e-4,2,1
13673,8,2.0210999657763935e-4,2,1
13673,3,1.115180597565964e-5,2,1
13673,10,1.3259858008783876e-4,2,1
13673,12,1.6856361810812988e-4,2,1
13712,7,1.0239604405274192e-4,11,11
13712,2,0,11,11
13712,13,6.61083184798292e-5,11,11
13712,5,2.2651349165518612e-4,11,11
13712,1,0,11,11
13712,19,3.3081792038110225e-5,11,11
13712,17,1.1436658780137382e-5,11,11
13712,11,2.1782488581719633e-5,11,11
13712,6,1.357809514819594e-4,11,11
13712,9,6.170228585373288e-7,11,11
13712,4,5.398813863178731e-5,11,11
13712,8,8.396968403029053e-5,11,11
13712,3,0,11,11
13712,10,1.1357480093176767e-6,11,11
13712,12,4.8464995388733e-5,11,11
13777,7,1.2226742246480369e-4,5,5
13777,2,1.1601397336341644e-4,5,5
13777,13,8.363703928887482e-5,5,5
13777,5,4.6767602186336207e-4,5,5
13777,1,2.0120566843335295e-4,5,5
13777,19,7.154899208242444e-5,5,5
13777,17,1.6583155231199206e-5,5,5
13777,11,1.5022405918427334e-6,5,5
13777,6,1.863420265082746e-4,5,5
13777,9,6.41703772878822e-5,5,5
13777,4,1.3967253929901105e-4,5,5
13777,8,9.615455931544312e-5,5,5
13777,3,1.9907160028890297e-4,5,5
13777,10,5.252834543094255e-5,5,5
13777,12,6.761457893257384e-5,5,5
13838,7,2.5528876736437023e-4,2,1
13838,2,9.29797219934403e-5,2,1
13838,13,1.412314076614533e-4,2,1
13838,5,6.281595188468627e-4,2,1
13838,1,1.0611134675303628e-4,2,1
13838,19,6.590713607592501e-5,2,1
13838,17,8.634677379003724e-5,2,1
13838,11,1.216814879392614e-4,2,1
13838,6,3.2171522738518304e-4,2,1
13838,9,8.391510876107672e-5,2,1
13838,4,5.667013003478578e-4,2,1
13838,8,1.5681404714805049e-4,2,1
13838,3,7.592718962151245e-5,2,1
13838,10,1.0306913184557916e-4,2,1
13838,12,1.0945996519504089e-4,2,1
13912,7,8.860296962554608e-5,2,1
13912,2,0,2,1
13912,13,2.2286516457215145e-5,2,1
13912,5,2.85328288233608e-4,2,1
13912,1,0,2,1
13912,19,2.3593216027179383e-5,2,1
13912,17,0,2,1
13912,11,4.131161627567517e-5,2,1
13912,6,8.05307444975585e-5,2,1
13912,9,2.437240291222449e-5,2,1
13912,4,1.3932422872719306e-6,2,1
13912,8,7.840702357402524e-5,2,1
13912,3,2.3727246756722642e-7,2,1
13912,10,4.287448735174229e-5,2,1
13912,12,3.1915972573068076e-5,2,1
13963,7,0.00234482265262329,2,1
13963,2,8.427165135357126e-7,2,1
13963,13,9.04481993746754e-4,2,1
13963,5,0.00584562230974233,2,1
13963,1,2.8992171243998984e-7,2,1
13963,19,6.536859527530463e-4,2,1
13963,17,5.826977648479997e-4,2,1
13963,11,9.77207504993698e-4,2,1
13963,6,0.00323590880168417,2,1
13963,9,0.00123373720564538,2,1
13963,4,0.00200592058309976,2,1
13963,8,0.00190640320494006,2,1
13963,3,4.508176883777301e-6,2,1
13963,10,0.00123512596013297,2,1
13963,12,9.955419296680714e-4,2,1
13987,7,4.067788051410295e-5,6,3
13987,2,4.410216420836896e-5,6,3
13987,13,0,6,3
13987,5,7.433840459726185e-5,6,3
13987,1,9.422455654299668e-5,6,3
13987,19,7.693440008862842e-6,6,3
13987,17,5.146496451061822e-6,6,3
13987,11,0,6,3
13987,6,5.076495032884067e-5,6,3
13987,9,3.424476864882175e-5,6,3
13987,4,9.334723324721936e-5,6,3
13987,8,6.145415361207384e-5,6,3
13987,3,1.6490436495922235e-4,6,3
13987,10,6.558944753809583e-5,6,3
13987,12,8.747340631137176e-6,6,3
14050,7,2.8264113529626706e-4,2,1
14050,2,0,2,1
14050,13,1.5550479460596186e-4,2,1
14050,5,5.124977069881818e-4,2,1
14050,1,2.8992171243998984e-7,2,1
14050,19,6.359910407326617e-5,2,1
14050,17,5.804104330919722e-5,2,1
14050,11,8.13713653914814e-5,2,1
14050,6,3.253849828306414e-4,2,1
14050,9,1.5734082892701886e-4,2,1
14050,4,1.320097067190154e-4,2,1
14050,8,2.5111438631140516e-4,2,1
14050,3,7.118174027016793e-7,2,1
14050,10,1.331664540924976e-4,2,1
14050,12,8.109021179675814e-5,2,1
14070,7,6.428975368608225e-5,5,5
14070,2,0,5,5
14070,13,3.7060723996267886e-5,5,5
14070,5,0,5,5
14070,1,0,5,5
14070,19,1.4104640016248545e-5,5,5
14070,17,1.0864825841130511e-5,5,5
14070,11,5.007468639475779e-7,5,5
14070,6,2.8542542353565035e-5,5,5
14070,9,7.157465159033014e-5,5,5
14070,4,0,5,5
14070,8,3.97332889733236e-5,5,5
14070,3,3.298087299184447e-5,5,5
14070,10,4.5429920372707065e-5,5,5
14070,12,3.097031412645865e-5,5,5
14115,7,8.229088471818528e-5,14,13
14115,2,6.404645502871416e-5,14,13
14115,13,0,14,13
14115,5,1.4189889583418513e-4,14,13
14115,1,4.2328570016238514e-5,14,13
14115,19,2.179808002511139e-5,14,13
14115,17,3.631139162693619e-5,14,13
14115,11,6.860232036081816e-5,14,13
14115,6,7.115248058138712e-5,14,13
14115,9,7.959594875131541e-5,14,13
14115,4,5.294320691633336e-5,14,13
14115,8,4.397150646381145e-5,14,13
14115,3,1.3310985430521402e-4,14,13
14115,10,4.968897540764835e-5,14,13
14115,12,4.63372638838618e-5,14,13
14141,7,3.4295661329993693e-4,2,1
14141,2,0,2,1
14141,13,3.756154459081204e-5,2,1
14141,5,4.659268829316618e-4,2,1
14141,1,3.276115350571885e-5,2,1
14141,19,5.180249605967647e-5,2,1
14141,17,6.433120563827277e-5,2,1
14141,11,7.511202959213667e-5,2,1
14141,6,3.011238218301111e-4,2,1
14141,9,2.1040479476122913e-4,2,1
14141,4,3.8314162899978094e-6,2,1
14141,8,2.556174923950485e-4,2,1
14141,3,7.118174027016793e-7,2,1
14141,10,2.643453491686892e-4,2,1
14141,12,1.1371542820478328e-4,2,1
14153,7,2.417294738596693e-4,2,1
14153,2,5.33720458572618e-6,2,1
14153,13,1.8405156849497903e-4,2,1
14153,5,4.718302268261502e-4,2,1
14153,1,2.8992171243998984e-7,2,1
14153,19,7.052320008124273e-5,2,1
14153,17,1.9728236395736985e-5,2,1
14153,11,4.707020521107231e-5,2,1
14153,6,3.123369634690117e-4,2,1
14153,9,9.96491916537786e-5,2,1
14153,4,6.137232275432855e-4,2,1
14153,8,1.933686730035082e-4,2,1
14153,3,2.5388154029693227e-5,2,1
14153,10,6.842881756139002e-5,2,1
14153,12,1.2459050034079166e-4,2,1
14182,7,4.907061563166787e-4,2,1
14182,2,5.7585628424940366e-5,2,1
14182,13,2.033331613849292e-4,2,1
14182,5,8.909676433348295e-4,2,1
14182,1,2.0381496384531289e-4,2,1
14182,19,1.1360646413087464e-4,2,1
14182,17,1.0150034667371929e-4,2,1
14182,11,3.3700263943671987e-4,2,1
14182,6,6.61371481392607e-4,2,1
14182,9,4.013733694785324e-4,2,1
14182,4,4.674327873797327e-4,2,1
14182,8,4.039551045621233e-4,2,1
14182,3,1.6015891560787785e-4,2,1
14182,10,1.805839334815106e-4,2,1
14182,12,2.7234963262351425e-4,2,1
14185,7,1.2296876523228823e-4,5,5
14185,2,0,5,5
14185,13,6.034888164257135e-5,5,5
14185,5,2.5362514509654047e-4,5,5
14185,1,5.479520365115808e-5,5,5
14185,19,2.025939202333882e-5,5,5
14185,17,4.6032551590052966e-5,5,5
14185,11,5.007468639475779e-7,5,5
14185,6,1.8471102408807087e-4,5,5
14185,9,2.3446868624418496e-5,5,5
14185,4,1.7937994448626106e-4,5,5
14185,8,9.483011634966566e-5,5,5
14185,3,4.009904701886126e-5,5,5
14185,10,7.751480163593143e-5,5,5
14185,12,4.208180087411939e-5,5,5
14263,7,1.9170035644577253e-5,6,3
14263,2,5.241696714192133e-4,6,3
14263,13,0,6,3
14263,5,3.170314313706756e-5,6,3
14263,1,5.624481221335803e-4,6,3
14263,19,7.693440008862842e-6,6,3
14263,17,0,6,3
14263,11,3.6053774204225606e-5,6,3
14263,6,2.426116100053028e-5,6,3
14263,9,0,6,3
14263,4,2.2988497739986856e-4,6,3
14263,8,6.622214828887267e-6,6,3
14263,3,4.766803873425578e-4,6,3
14263,10,3.378850327720088e-5,6,3
14263,12,0,6,3
14287,7,5.178247433260807e-4,2,1
14287,2,3.932677063166659e-5,2,1
14287,13,1.8630526117042776e-4,2,1
14287,5,0.00141680253467722,2,1
14287,1,0,2,1
14287,19,9.232128010635413e-5,2,1
14287,17,7.090728443685177e-5,2,1
14287,11,3.740579073688406e-4,2,1
14287,6,6.809435104350516e-4,2,1
14287,9,1.6937277466849677e-4,2,1
14287,4,0.00147857837736733,2,1
14287,8,4.021008844100348e-4,2,1
14287,3,7.711355195934858e-5,2,1
14287,10,2.223226728239352e-4,2,1
14287,12,1.631260820401257e-4,2,1
14319,7,0.00261694364640728,1,6
14319,2,5.618110090238084e-7,1,6
14319,13,0.00321601944786532,1,6
14319,5,1.9415442141873095e-4,1,6
14319,1,1.2176711922479573e-5,1,6
14319,19,0.003707468740271,1,6
14319,17,0.00345158361984546,1,6
14319,11,0.00296742591575334,1,6
14319,6,5.202897720449855e-4,1,6
14319,9,0.00398226552899992,1,6
14319,4,1.044931715453948e-6,1,6
14319,8,0.00330051187071741,1,6
14319,3,7.118174027016793e-7,1,6
14319,10,0.00357419898532272,1,6
14319,12,0.00319892611026803,1,6
14333,7,7.838674331252138e-4,2,1
14333,2,1.5927342105824969e-4,2,1
14333,13,4.389692511179568e-4,2,1
14333,5,0.00142423637513695,2,1
14333,1,1.3423375285971528e-4,2,1
14333,19,2.3516281627090755e-4,2,1
14333,17,1.9699644748786643e-4,2,1
14333,11,2.248353419124624e-4,2,1
14333,6,9.019443383726552e-4,2,1
14333,9,4.399372981371154e-4,2,1
14333,4,0.0013831412806892,2,1
14333,8,6.261966342195799e-4,2,1
14333,3,9.728171170256284e-5,2,1
14333,10,3.3220629272542044e-4,2,1
14333,12,3.839373293234263e-4,2,1
14406,7,2.2372834282756625e-4,2,1
14406,2,2.809055045119042e-7,2,1
14406,13,1.0717560723245036e-4,2,1
14406,5,3.6403954016012055e-4,2,1
14406,1,2.8992171243998984e-7,2,1
14406,19,5.9752384068834746e-5,2,1
14406,17,2.9735312828357195e-5,2,1
14406,11,7.761576391187456e-5,2,1
14406,6,2.483201184760158e-4,2,1
14406,9,5.3063965834210274e-5,2,1
14406,4,1.7415528590899132e-6,2,1
14406,8,1.9469311596928565e-4,2,1
14406,3,4.7454493513445284e-7,2,1
14406,10,7.353968360331957e-5,2,1
14406,12,8.416360174823878e-5,2,1
14427,7,1.610750555989479e-4,4,9
14427,2,1.52531688949964e-4,4,9
14427,13,1.4799248568779947e-4,4,9
14427,5,3.3780245618461634e-4,4,9
14427,1,7.71191755090373e-5,4,9
14427,19,4.462195205140449e-5,4,9
14427,17,1.5725405822688902e-5,4,9
14427,11,1.9529127693955533e-5,4,9
14427,6,1.5494522991935303e-4,4,9
14427,9,8.607468876595737e-5,4,9
14427,4,3.134795146361844e-6,4,9
14427,8,1.329740737640563e-4,4,9
14427,3,1.3595712391602073e-4,4,9
14427,10,9.909401381296727e-5,4,9
14427,12,9.858489305903248e-5,4,9
14470,7,0.00109877033572576,6,3
14470,2,0.00162616196561941,6,3
14470,13,3.0825507594193087e-4,6,3
14470,5,0.00214182062186699,6,3
14470,1,0.00169372264407442,6,3
14470,19,3.849284484434376e-4,6,3
14470,17,4.3116203601117935e-4,6,3
14470,11,3.9383740849476993e-4,6,3
14470,6,0.0013618870208701,6,3
14470,9,5.803099984543577e-4,6,3
14470,4,0.00278613626397204,6,3
14470,8,9.851206779452695e-4,6,3
14470,3,0.00109999515964166,6,3
14470,10,4.991612500951189e-4,6,3
14470,12,5.728326040336588e-4,6,3
14495,7,3.693738575418544e-5,6,3
14495,2,1.3286830363413069e-4,6,3
14495,13,2.403938853811971e-5,6,3
14495,5,9.248572101365225e-5,6,3
14495,1,7.769901893391728e-5,6,3
14495,19,1.6412672018907398e-5,6,3
14495,17,2.8591646950343457e-7,6,3
14495,11,2.5037343197378893e-7,6,3
14495,6,5.443470577429903e-5,6,3
14495,9,2.591496005856781e-5,6,3
14495,4,9.61337178217632e-5,6,3
14495,8,5.1123498479009695e-5,6,3
14495,3,1.392789384619619e-4,6,3
14495,10,2.839370023294192e-7,6,3
14495,12,7.328852961223039e-6,6,3
14518,7,8.76678459355667e-5,2,1
14518,2,9.831692657916647e-6,2,1
14518,13,0,2,1
14518,5,2.1295766493450896e-4,2,1
14518,1,2.2034050145439223e-5,2,1
14518,19,1.0514368012112552e-5,2,1
14518,17,0,2,1
14518,11,7.736539047990078e-5,2,1
14518,6,1.184515507672949e-4,2,1
14518,9,3.1159654356135104e-5,2,1
14518,4,7.802156808722811e-5,2,1
14518,8,7.416880608353739e-5,2,1
14518,3,1.8744524937810887e-5,2,1
14518,10,6.133039250315454e-5,2,1
14518,12,7.825323645692987e-5,2,1
14543,7,2.094677065553807e-4,2,1
14543,2,1.5730708252666635e-5,2,1
14543,13,1.5224946074142483e-4,2,1
14543,5,2.634640515873545e-4,2,1
14543,1,4.145880487891855e-5,2,1
14543,19,7.180544008271987e-5,2,1
14543,17,3.974238926097741e-5,2,1
14543,11,6.259335799344723e-5,2,1
14543,6,2.0856443448355024e-4,2,1
14543,9,1.36053540307481e-4,2,1
14543,4,3.598048206879761e-4,2,1
14543,8,1.446291718628979e-4,2,1
14543,3,2.3727246756722642e-7,2,1
14543,10,1.286234620552269e-4,2,1
14543,12,9.196528393276652e-5,2,1
14576,7,3.731143523017719e-4,2,1
14576,2,1.3792460271534496e-4,2,1
14576,13,2.5967547827114725e-4,2,1
14576,5,0.00102237170557881,2,1
14576,1,1.3800273512143516e-4,2,1
14576,19,1.6515251219025568e-4,2,1
14576,17,1.066468431247811e-4,2,1
14576,11,2.471185773581297e-4,2,1
14576,6,5.675888422308933e-4,2,1
14576,9,2.366282662490656e-4,2,1
14576,4,6.112850535405595e-4,2,1
14576,8,3.4144139657742747e-4,2,1
14576,3,4.697994857831083e-5,2,1
14576,10,1.7291763441861627e-4,2,1
14576,12,2.90789972332398e-4,2,1
14597,7,9.232008629321412e-4,2,1
14597,2,7.612539172272604e-5,2,1
14597,13,5.01822235733249e-4,2,1
14597,5,0.00194088828708792,2,1
14597,1,1.1451907641379598e-4,2,1
14597,19,3.4902572840207763e-4,2,1
14597,17,3.010700423871166e-4,2,1
14597,11,2.033032267627166e-4,2,1
14597,6,9.486317826509864e-4,2,1
14597,9,5.346503069225954e-4,2,1
14597,4,4.8519662654244983e-4,2,1
14597,8,6.722872494286353e-4,2,1
14597,3,1.679889070375963e-4,2,1
14597,10,4.974576280811424e-4,2,1
14597,12,4.4516871374138654e-4,2,1
14671,7,0.00145739027083286,2,1
14671,2,1.853976329778568e-5,2,1
14671,13,8.626634741023166e-4,2,1
14671,5,0.00316659739347689,2,1
14671,1,0,2,1
14671,19,5.890610566785983e-4,2,1
14671,17,6.130049106153637e-4,2,1
14671,11,6.962885143191069e-4,2,1
14671,6,0.00185730400600698,2,1
14671,9,7.543104445618845e-4,2,1
14671,4,0.00158516141234363,2,1
14671,8,0.00124206261330609,2,1
14671,3,4.7691765981012506e-5,2,1
14671,10,7.033119547699713e-4,2,1
14671,12,0.00107261309306673,2,1
14674,7,4.6989965421463754e-5,6,3
14674,2,3.427047155045231e-5,6,3
14674,13,0,6,3
14674,5,8.330274162222579e-5,6,3
14674,1,5.3925438513838105e-5,6,3
14674,19,8.462784009749127e-6,6,3
14674,17,1.8298654048219813e-5,6,3
14674,11,8.036987166358624e-5,6,3
14674,6,5.05610750263152e-5,6,3
14674,9,2.6531982917105137e-5,6,3
14674,4,1.504701670253685e-4,6,3
14674,8,1.5098649809862969e-05,6,3
14674,3,4.508176883777302e-5,6,3
14674,10,0,6,3
14674,12,2.056807121375498e-5,6,3
14678,7,6.312084907360803e-4,2,1
14678,2,2.809055045119042e-7,2,1
14678,13,2.406442956784692e-4,2,1
14678,5,0.00142729736826742,2,1
14678,1,1.826506788371936e-5,2,1
14678,19,1.1617094413382892e-4,2,1
14678,17,1.7412312992759165e-4,2,1
14678,11,1.444654702488762e-4,2,1
14678,6,8.346654885392518e-4,2,1
14678,9,4.260542838200255e-4,2,1
14678,4,5.841168289387569e-4,2,1
14678,8,5.324260722425362e-4,2,1
14678,3,4.199722675939908e-5,2,1
14678,10,2.7286345923857185e-4,2,1
14678,12,2.777871686915184e-4,2,1
14753,7,1.0309738682022644e-4,6,3
14753,2,1.581497990402021e-4,6,3
14753,13,1.0692519693517829e-4,6,3
14753,5,2.7570802410925647e-4,6,3
14753,1,6.465254187411774e-5,6,3
14753,19,2.7439936031610805e-5,6,3
14753,17,3.545364221842589e-5,6,3
14753,11,2.050558407865331e-4,6,3
14753,6,1.4679021781833446e-4,6,3
14753,9,3.578732579516507e-5,6,3
14753,4,1.285266010008356e-4,6,3
14753,8,1.1204787490477256e-4,6,3
14753,3,8.565536079176873e-5,6,3
14753,10,2.6690078218965403e-5,6,3
14753,12,4.822858077708064e-5,6,3
14779,7,1.1034459541756662e-4,2,1
14779,2,7.724901374077366e-5,2,1
14779,13,7.362062739799161e-5,2,1
14779,5,5.422330688270865e-5,2,1
14779,1,9.219510455591676e-5,2,1
14779,19,3.4107584039291935e-5,2,1
14779,17,2.487473284679881e-5,2,1
14779,11,1.106650569324147e-4,2,1
14779,6,7.359898421169269e-5,2,1
14779,9,3.856392865858305e-5,2,1
14779,4,6.861718264814258e-5,2,1
14779,8,8.132079809873563e-5,2,1
14779,3,2.3727246756722642e-7,2,1
14779,10,4.656566838202474e-5,2,1
14779,12,4.799216616542829e-5,2,1
15080,7,2.291053040449477e-5,6,3
15080,2,6.488917154224987e-5,6,3
15080,13,1.4523797241780655e-5,6,3
15080,5,5.6847015280259066e-5,6,3
15080,1,1.1538884155111596e-4,6,3
15080,19,1.4617536016839402e-5,6,3
15080,17,2.4016983438288505e-5,6,3
15080,11,2.1281741717772056e-5,6,3
15080,6,3.975568399246559e-5,6,3
15080,9,1.758515146831387e-5,6,3
15080,4,1.7554852819626326e-4,6,3
15080,8,2.013153307981729e-5,6,3
15080,3,8.304536364852925e-5,6,3
15080,10,3.804755831214217e-5,6,3
15080,12,2.364146116523561e-7,6,3
15105,7,1.3395646858954593e-4,5,5
15105,2,2.0084743572601152e-4,5,5
15105,13,9.365345117975804e-5,5,5
15105,5,3.279635496938023e-4,5,5
15105,1,1.588770984171144e-4,5,5
15105,19,4.154457604785935e-5,5,5
15105,17,1.9728236395736985e-5,5,5
15105,11,1.0014937278951555e-6,5,5
15105,6,1.7268238123906846e-4,5,5
15105,9,8.082999446839008e-5,5,5
15105,4,2.1560424395533127e-4,5,5
15105,8,9.271100760442172e-5,5,5
15105,3,3.139114745914405e-4,5,5
15105,10,3.350456627487146e-5,5,5
15105,12,3.853558169933404e-5,5,5
15121,7,7.387477150837088e-5,7,4
15121,2,0,7,4
15121,13,9.089893790976516e-5,7,4
15121,5,0,7,4
15121,1,2.1164285008119257e-5,7,4
15121,19,2.2310976025702244e-5,7,4
15121,17,4.0886055138991146e-5,7,4
15121,11,2.278398230961479e-5,7,4
15121,6,5.973546363996111e-5,7,4
15121,9,7.959594875131541e-5,7,4
15121,4,0,7,4
15121,8,7.046036577936052e-5,7,4
15121,3,0,7,4
15121,10,2.612220421430656e-5,7,4
15121,12,2.90789972332398e-5,7,4
15164,7,1.589710272964943e-5,6,3
15164,2,1.1545216235439264e-4,6,3
15164,13,0,6,3
15164,5,1.8803243515778e-5,6,3
15164,1,6.291301159947779e-5,6,3
15164,19,3.077376003545137e-6,6,3
15164,17,0,6,3
15164,11,2.5037343197378893e-7,6,3
15164,6,1.080539103384962e-5,6,3
15164,9,1.604259432197055e-5,6,3
15164,4,1.1076276183811848e-4,6,3
15164,8,1.191998669199708e-5,6,3
15164,3,2.96590584459033e-5,6,3
15164,10,2.839370023294192e-7,6,3
15164,12,0,6,3
15177,7,3.677373910843905e-4,2,1
15177,2,1.7809408986054726e-4,2,1
15177,13,2.847165079983553e-4,2,1
15177,5,7.547534490286704e-4,2,1
15177,1,2.528117332476711e-4,2,1
15177,19,9.719379211196723e-5,2,1
15177,17,5.7183293900686914e-5,2,1
15177,11,2.0831069540219236e-4,2,1
15177,6,4.3608927210196863e-4,2,1
15177,9,1.4068121174651095e-4,2,1
15177,4,7.220478153786781e-4,2,1
15177,8,2.450219486688289e-4,2,1
15177,3,5.504721247559653e-5,2,1
15177,10,1.1243905292245e-4,2,1
15177,12,1.6501739893334455e-4,2,1
15218,7,8.953809331552545e-5,8,2
15218,2,4.929891604183919e-4,8,2
15218,13,2.504102972720803e-7,8,2
15218,5,2.47721801202052e-4,8,2
15218,1,8.297559410032509e-4,8,2
15218,19,3.795430404372336e-5,8,2
15218,17,2.8591646950343457e-5,8,2
15218,11,4.6569458347124734e-5,8,2
15218,6,8.073461980008395e-5,8,2
15218,9,3.20851886439411e-5,8,2
15218,4,8.871470264204018e-4,8,2
15218,8,5.4302161596875586e-5,8,2
15218,3,4.833240164344402e-4,8,2
15218,10,6.67251955474135e-5,8,2
15218,12,1.0591374602025551e-4,8,2
15287,7,5.070708208913178e-4,2,1
15287,2,4.606850273995229e-5,2,1
15287,13,2.1660490714034945e-4,2,1
15287,5,7.14523253599564e-4,2,1
15287,1,0,2,1
15287,19,1.3155782415155462e-4,2,1
15287,17,7.977069499145824e-5,2,1
15287,11,2.2433459504851483e-4,2,1
15287,6,4.415939052701562e-4,2,1
15287,9,2.878411635076639e-4,2,1
15287,4,3.4831057181798263e-6,2,1
15287,8,3.650164813682661e-4,2,1
15287,3,7.118174027016793e-7,2,1
15287,10,9.284739976172008e-5,2,1
15287,12,1.0945996519504089e-4,2,1
15306,7,1.7136141618872105e-4,2,1
15306,2,0,2,1
15306,13,1.0717560723245036e-4,2,1
15306,5,4.32911885595819e-4,2,1
15306,1,0,2,1
15306,19,5.513632006351704e-5,2,1
15306,17,5.489596214465944e-5,2,1
15306,11,1.2969343776242265e-4,2,1
15306,6,2.081566838784993e-4,2,1
15306,9,7.003209444398682e-5,2,1
15306,4,3.7025413784251554e-4,2,1
15306,8,1.3694740266138866e-4,2,1
15306,3,0,2,1
15306,10,2.9245511239930173e-5,2,1
15306,12,1.0213111223381784e-4,2,1
15389,7,8.790162685806155e-5,2,1
15389,2,2.6966928433142804e-5,2,1
15389,13,5.4088624210769344e-5,2,1
15389,5,1.727274695054025e-4,2,1
15389,1,2.058444158323928e-5,2,1
15389,19,2.7952832032201664e-5,2,1
15389,17,2.744798107232972e-5,2,1
15389,11,6.935344065673953e-5,2,1
15389,6,9.989889823747764e-5,2,1
15389,9,6.41703772878822e-5,2,1
15389,4,5.294320691633336e-5,2,1
15389,8,1.0277677414433038e-4,2,1
15389,3,1.7320890132407528e-5,2,1
15389,10,6.530551053576641e-5,2,1
15389,12,3.0733899514806294e-5,2,1
15496,7,3.576848114171122e-5,2,1
15496,2,0,2,1
15496,13,1.627666932268522e-5,2,1
15496,5,1.5348694125669947e-4,2,1
15496,1,0,2,1
15496,19,0,2,1
15496,17,1.944231992623355e-5,2,1
15496,11,5.007468639475779e-7,2,1
15496,6,5.5250206984400886e-5,2,1
15496,9,3.085114292686644e-7,2,1
15496,4,1.469870613071887e-4,2,1
15496,8,2.1985753231905725e-5,2,1
15496,3,4.7454493513445284e-7,2,1
15496,10,0,2,1
15496,12,5.81579944664796e-5,2,1
15540,7,3.946221971712976e-4,2,1
15540,2,0,2,1
15540,13,1.7603843898227246e-4,2,1
15540,5,6.817268986301837e-4,2,1
15540,1,0,2,1
15540,19,4.257036804904107e-5,2,1
15540,17,5.318046332763883e-5,2,1
15540,11,1.311956783542654e-4,2,1
15540,6,4.952131098343534e-4,2,1
15540,9,2.634687605954394e-4,2,1
15540,4,2.7830014688256816e-4,2,1
15540,8,3.1071431977139054e-4,2,1
15540,3,7.118174027016793e-7,2,1
15540,10,1.837072405071342e-4,2,1
15540,12,1.1938937888443985e-4,2,1
15545,7,7.668014257830901e-5,2,1
15545,2,2.809055045119042e-7,2,1
15545,13,1.8029541403589783e-5,2,1
15545,5,1.5458015308901214e-4,2,1
15545,1,0,2,1
15545,19,1.9233600022157103e-5,2,1
15545,17,1.8012737578716378e-5,2,1
15545,11,2.503734319737889e-6,2,1
15545,6,7.889974207735477e-5,2,1
15545,9,6.787251443910617e-6,2,1
15545,4,2.2988497739986856e-4,2,1
15545,8,6.22488193915403e-5,2,1
15545,3,3.7726322343189e-5,2,1
15545,10,2.044346416771818e-5,2,1
15545,12,4.279104470907645e-5,2,1
15576,7,0.00196562999633665,2,1
15576,2,8.820432841673792e-5,2,1
15576,13,8.281068530787695e-4,2,1
15576,5,0.00419880800554652,2,1
15576,1,4.435802200331844e-5,2,1
15576,19,6.754840327781576e-4,2,1
15576,17,5.24370805069299e-4,2,1
15576,11,0.00107485314346347,2,1
15576,6,0.00251541348255918,2,1
15576,9,0.00120874777987462,2,1
15576,4,0.00287042742235199,2,1
15576,8,0.00159277511064396,2,1
15576,3,1.3239803690251234e-4,2,1
15576,10,0.00103637005850238,2,1
15576,12,9.581884210269992e-4,2,1
15736,7,1.5523053253657678e-4,2,1
15736,2,3.904586512715469e-5,2,1
15736,13,1.2144899417695894e-4,2,1
15736,5,5.184010508826702e-4,2,1
15736,1,1.9134833021039328e-5,2,1
15736,19,4.9238016056722194e-5,2,1
15736,17,3.459589280991558e-5,2,1
15736,11,3.630414763619939e-5,2,1
15736,6,2.277287129209439e-4,2,1
15736,9,8.700022305376337e-5,2,1
15736,4,2.629744817225769e-4,2,1
15736,8,1.0648521444850725e-4,2,1
15736,3,1.4236348054033583e-6,2,1
15736,10,7.013243957536653e-5,2,1
15736,12,5.3429702233432475e-5,2,1
15815,7,7.060183859344306e-5,7,4
15815,2,9.213700547990458e-5,7,4
15815,13,8.213457750524234e-5,7,4
15815,5,1.4474124659819807e-4,7,4
15815,1,7.103081954779751e-5,7,4
15815,19,3.5389824040769075e-5,7,4
15815,17,1.887048698722668e-5,7,4
15815,11,0,7,4
15815,6,8.358887403544046e-5,7,4
15815,9,0,7,4
15815,4,4.249388976179388e-5,7,4
15815,8,5.880526768051893e-5,7,4
15815,3,1.176871439133443e-4,7,4
15815,10,2.839370023294192e-7,7,4
15815,12,1.9149583543840845e-5,7,4
15852,7,3.305662244077102e-4,2,1
15852,2,2.331515687448805e-5,2,1
15852,13,3.6059082807179565e-5,2,1
15852,5,6.449949810644779e-4,2,1
15852,1,2.2323971857879217e-5,2,1
15852,19,5.590566406440333e-5,2,1
15852,17,9.749751610067118e-5,2,1
15852,11,1.622419839190152e-4,2,1
15852,6,2.9990057001495833e-4,2,1
15852,9,1.5055357748310823e-4,2,1
15852,4,1.5151509874082245e-4,2,1
15852,8,2.1164598593123704e-4,2,1
15852,3,1.186362337836132e-6,2,1
15852,10,1.8228755549548712e-4,2,1
15852,12,1.7210983728291524e-4,2,1
15863,7,0.001246753659665,2,1
15863,2,1.0702499721903552e-4,2,1
15863,13,8.796913743168181e-4,2,1
15863,5,0.00363645983900487,2,1
15863,1,3.97192746042786e-5,2,1
15863,19,4.354487045016369e-4,2,1
15863,17,2.441726649559331e-4,2,1
15863,11,9.812134799052788e-4,2,1
15863,6,0.00174517258961797,2,1
15863,9,6.318314071422247e-4,2,1
15863,4,0.00271124949103117,2,1
15863,8,9.718762482874952e-4,2,1
15863,3,5.884357195667215e-5,2,1
15863,10,6.71227073506747e-4,2,1
15863,12,7.851329252974746e-4,2,1
15914,7,2.7586148854391656e-5,6,3
15914,2,4.727639640935348e-4,6,3
15914,13,5.008205945441606e-7,6,3
15914,5,4.810132062175767e-5,6,3
15914,1,5.050436230704622e-4,6,3
15914,19,8.975680010339983e-6,6,3
15914,17,1.0864825841130511e-5,6,3
15914,11,7.511202959213667e-7,6,3
15914,6,3.6289803849532685e-5,6,3
15914,9,2.9617097209791785e-5,6,3
15914,4,3.448274660998028e-4,6,3
15914,8,1.4303984030396496e-5,6,3
15914,3,4.921030977344276e-4,6,3
15914,10,5.650346346355442e-5,6,3
15914,12,0,6,3
16023,7,1.9029767091080347e-4,2,1
16023,2,1.927011760951663e-4,2,1
16023,13,1.0091534980064836e-4,2,1
16023,5,4.1935605887514186e-4,2,1
16023,1,1.3916242197119512e-4,2,1
16023,19,9.437286410871752e-5,2,1
16023,17,7.69115302964239e-5,2,1
16023,11,4.306423029949169e-5,2,1
16023,6,2.523976245265251e-4,2,1
16023,9,5.3063965834210274e-5,2,1
16023,4,5.290837585915156e-4,2,1
16023,8,1.4621850342183085e-4,2,1
16023,3,1.860216145727055e-4,2,1
16023,10,1.1982141498301487e-4,2,1
16023,12,1.432672546613278e-4,2,1
16175,7,4.979533649140189e-5,7,4
16175,2,1.2921653207547594e-5,7,4
16175,13,2.3037747349031388e-5,7,4
16175,5,9.882634964106577e-5,7,4
16175,1,0,7,4
16175,19,4.359616005022278e-6,7,4
16175,17,1.1722575249640818e-5,7,4
16175,11,0,7,4
16175,6,7.094860527886166e-5,7,4
16175,9,5.4298011551284934e-5,7,4
16175,4,6.0257728924511e-5,7,4
16175,8,2.887285665394848e-5,7,4
16175,3,3.891268468102513e-5,7,4
16175,10,2.839370023294192e-7,7,4
16175,12,3.262521640802514e-5,7,4
16198,7,0.00106346941642904,2,1
16198,2,1.32025587120595e-5,2,1
16198,13,4.2319340238981573e-4,2,1
16198,5,0.00194198149892023,2,1
16198,1,2.870224953155899e-5,2,1
16198,19,2.4952390428745154e-4,2,1
16198,17,2.2129934739565835e-4,2,1
16198,11,3.5578064683475404e-4,2,1
16198,6,0.00127707489501951,2,1
16198,9,5.584056869762826e-4,2,1
16198,4,6.931380379177855e-4,2,1
16198,8,8.51351938401747e-4,2,1
16198,3,2.1354522081050376e-6,2,1
16198,10,5.545289655493556e-4,2,1
16198,12,5.139653657322222e-4,2,1
16212,7,3.389823376175246e-5,8,2
16212,2,0,8,2
16212,13,2.504102972720803e-7,8,2
16212,5,6.449949810644779e-5,8,2
16212,1,1.8844911308599337e-5,8,2
16212,19,1.9233600022157103e-5,8,2
16212,17,0,8,2
16212,11,7.185717497647741e-5,8,2
16212,6,2.833866705103957e-5,8,2
16212,9,6.170228585373288e-7,8,2
16212,4,6.443745578632679e-5,8,2
16212,8,2.410486197714965e-5,8,2
16212,3,7.568991715394522e-5,8,2
16212,10,1.987559016305934e-5,8,2
16212,12,0,8,2
16234,7,7.490340756734819e-4,2,1
16234,2,0,2,1
16234,13,3.9064006374444526e-4,2,1
16234,5,0.00184337379164563,2,1
16234,1,0,2,1
16234,19,1.851554562132991e-4,2,1
16234,17,2.804840565828693e-4,2,1
16234,11,4.83971844005334e-4,2,1
16234,6,0.00106952983704858,2,1
16234,9,3.9304356088827846e-4,2,1
16234,4,5.510273246160485e-4,2,1
16234,8,6.405006182499764e-4,2,1
16234,3,1.660907272970585e-6,2,1
16234,10,4.1539983440794026e-4,2,1
16234,12,3.84410158546731e-4,2,1
16302,7,2.4476862585210226e-4,2,1
16302,2,0,2,1
16302,13,8.463868047796315e-5,2,1
16302,5,5.42451711193549e-4,2,1
16302,1,0,2,1
16302,19,6.847161607887931e-5,2,1
16302,17,6.833403621132086e-5,2,1
16302,11,1.842748459327e-4,2,1
16302,6,3.0377420076294217e-4,2,1
16302,9,5.676610298543425e-5,2,1
16302,4,4.134446487479454e-4,2,1
16302,8,1.933686730035082e-4,2,1
16302,3,1.186362337836132e-6,2,1
16302,10,5.394803044258965e-5,2,1
16302,12,1.992975176229362e-4,2,1
16330,7,8.860296962554608e-5,5,5
16330,2,0,5,5
16330,13,3.7060723996267886e-5,5,5
16330,5,1.9655948744981883e-4,5,5
16330,1,7.537964523439735e-5,5,5
16330,19,9.48857601093084e-6,5,5
16330,17,2.8591646950343457e-7,5,5
16330,11,2.5037343197378893e-7,5,5
16330,6,8.256949752281314e-5,5,5
16330,9,5.46065229805536e-5,5,5
16330,4,2.3336808311804837e-5,5,5
16330,8,2.383997338399416e-5,5,5
16330,3,0,5,5
16330,10,2.612220421430656e-5,5,5
16330,12,3.309804563132985e-5,5,5
16412,7,1.449441719468036e-5,12,19
16412,2,1.685433027071425e-5,12,19
16412,13,2.504102972720803e-7,12,19
16412,5,3.869969886386867e-5,12,19
16412,1,3.682005747987871e-5,12,19
16412,19,1.872070402156625e-5,12,19
16412,17,1.8012737578716378e-5,12,19
16412,11,2.053062142185069e-5,12,19
16412,6,3.588205324448176e-5,12,19
16412,9,1.3265991458552569e-5,12,19
16412,4,3.4831057181798266e-7,12,19
16412,8,9.535989353597664e-6,12,19
16412,3,4.342086156480243e-5,12,19
16412,10,2.5554330209647724e-5,12,19
16412,12,2.364146116523561e-7,12,19
16531,7,4.4114460074777165e-4,2,1
16531,2,1.991620026989401e-4,2,1
16531,13,3.340473365609551e-4,2,1
16531,5,0.00107615772772859,2,1
16531,1,5.247582995163816e-5,2,1
16531,19,1.041178881199438e-4,2,1
16531,17,1.0521726077726392e-4,2,1
16531,11,2.393570009669422e-4,2,1
16531,6,5.14785138876798e-4,2,1
16531,9,2.9740501781499247e-4,2,1
16531,4,0.00120863768420839,2,1
16531,8,3.1389298288925644e-4,2,1
16531,3,8.70789955971721e-5,2,1
16531,10,2.2317448383092343e-4,2,1
16531,12,2.0095241990450267e-4,2,1
16682,7,1.828166813909684e-4,2,1
16682,2,0,2,1
16682,13,1.2795966190603305e-4,2,1
16682,5,4.834182722486646e-4,2,1
16682,1,0,2,1
16682,19,8.078112009305986e-5,2,1
16682,17,1.1036375722832574e-4,2,1
16682,11,9.06351823745116e-5,2,1
16682,6,2.275248376184184e-4,2,1
16682,9,1.326599145855257e-4,2,1
16682,4,2.943224331861953e-4,2,1
16682,8,1.98666444866618e-4,2,1
16682,3,2.3727246756722642e-7,2,1
16682,10,7.353968360331957e-5,2,1
16682,12,1.3310142636027648e-4,2,1
16807,7,4.598470745473592e-4,6,3
16807,2,0.00201942967193607,6,3
16807,13,1.7503679779318413e-4,6,3
16807,5,9.854211456466447e-4,6,3
16807,1,0.00206018368859856,6,3
16807,19,1.2617241614535065e-4,6,3
16807,17,1.1036375722832574e-4,6,3
16807,11,2.3159542457575473e-4,6,3
16807,6,5.058146255656775e-4,6,3
16807,9,2.4125593768809555e-4,6,3
16807,4,0.00122326672822475,6,3
16807,8,3.353489589348512e-4,6,3
16807,3,0.00251959633309637,6,3
16807,10,1.7547306743958104e-4,6,3
16807,12,1.5154176606916025e-4,6,3
17019,7,6.919915305847399e-5,7,4
17019,2,6.713641557834511e-5,7,4
17019,13,3.18021077535542e-5,7,4
17019,5,1.5829707331887526e-4,7,4
17019,1,3.1021623231078914e-5,7,4
17019,19,3.5902720041359933e-5,7,4
17019,17,2.31592340297782e-5,7,4
17019,11,7.686464361595319e-5,7,4
17019,6,8.318112343038953e-5,7,4
17019,9,2.036175433173185e-5,7,4
17019,4,3.692092061270616e-5,7,4
17019,8,7.999635513295818e-5,7,4
17019,3,7.497809975124355e-5,7,4
17019,10,2.839370023294192e-7,7,4
17019,12,3.215238718472043e-5,7,4
17093,7,0.00164628525620869,2,1
17093,2,1.665769641755592e-4,2,1
17093,13,5.919699427511979e-4,2,1
17093,5,0.00352145395424558,2,1
17093,1,1.1190978100183608e-4,2,1
17093,19,4.895592325639722e-4,2,1
17093,17,4.837706663998113e-4,2,1
17093,11,7.979401277004652e-4,2,1
17093,6,0.0020112298594137,2,1
17093,9,7.762147560399596e-4,2,1
17093,4,0.00167641878215995,2,1
17093,8,0.00131729097376225,2,1
17093,3,2.301542935402096e-5,2,1
17093,10,8.472680149509868e-4,2,1
17093,12,7.879699006373028e-4,2,1
17134,7,4.956155556890704e-5,2,1
17134,2,0,2,1
17134,13,2.7795542997200915e-5,2,1
17134,5,1.1784823552330628e-4,2,1
17134,1,0,2,1
17134,19,1.077081601240798e-5,2,1
17134,17,2.7733897541833153e-5,2,1
17134,11,1.0014937278951555e-6,2,1
17134,6,6.177421666521575e-5,2,1
17134,9,6.355335442934486e-5,2,1
17134,4,3.448274660998028e-5,2,1
17134,8,1.907197870719533e-5,2,1
17134,3,0,2,1
17134,10,4.287448735174229e-5,2,1
17134,12,1.3002803640879583e-5,2,1
17217,7,7.597879981082447e-5,5,5
17217,2,0,5,5
17217,13,2.479061942993595e-5,5,5
17217,5,2.728656733452435e-4,5,5
17217,1,3.537044891767876e-5,5,5
17217,19,4.744288005465419e-5,5,5
17217,17,3.1450811645377805e-5,5,5
17217,11,1.0014937278951555e-6,5,5
17217,6,9.03167590187808e-5,5,5
17217,9,9.255342878059932e-5,5,5
17217,4,0.0012765582457129,5,5
17217,8,1.0595543726219628e-4,5,5
17217,3,1.4568529508627703e-4,5,5
17217,10,2.129527517470644e-5,5,5
17217,12,9.90577222823372e-5,5,5
17251,7,0.00184172610741438,2,1
17251,2,0,2,1
17251,13,0.00112409182445436,2,1
17251,5,0.00497149012862511,2,1
17251,1,2.8992171243998984e-7,2,1
17251,19,7.175415048266079e-4,2,1
17251,17,5.68401941372828e-4,2,1
17251,11,0.00129242765584869,2,1
17251,6,0.00250746234576068,2,1
17251,9,9.483641335718744e-4,2,1
17251,4,0.00284639399289655,2,1
17251,8,0.0016020462114044,2,1
17251,3,6.1690841567478865e-6,2,1
17251,10,9.188201395380004e-4,2,1
17251,12,0.00108443382364935,2,1
17334,7,7.738148534579354e-5,8,2
17334,2,3.2950215679246363e-4,8,2
17334,13,5.008205945441606e-7,8,2
17334,5,1.3708876377200937e-4,8,2
17334,1,2.2642885741563205e-4,8,2
17334,19,3.846720004431421e-6,8,2
17334,17,2.1157818743254157e-5,8,2
17334,11,7.135642811252984e-5,8,2
17334,6,8.134624570766034e-5,8,2
17334,9,1.048938859513459e-5,8,2
17334,4,2.786484574543861e-4,8,2
17334,8,5.006394410638774e-5,8,2
17334,3,2.4486518652937764e-4,8,2
17334,10,5.508377845190732e-5,8,2
17334,12,7.565267572875396e-5,8,2
17361,7,5.680876416624722e-5,14,13
17361,2,1.7697046784249967e-5,14,13
17361,13,1.9281592889950186e-5,14,13
17361,5,1.4517853133112315e-4,14,13
17361,1,0,14,13
17361,19,2.564480002954281e-7,14,13
17361,17,1.8584570517723247e-5,14,13
17361,11,4.4816844323308215e-5,14,13
17361,6,7.156023118643805e-5,14,13
17361,9,1.2340457170746576e-5,14,13
17361,4,1.3584112300901325e-5,14,13
17361,8,3.68195144486132e-5,14,13
17361,3,3.7726322343189e-5,14,13
17361,10,8.518110069882575e-7,14,13
17361,12,3.0497484903153935e-5,14,13
17403,7,2.141433250052776e-4,2,1
17403,2,6.573188805578559e-5,2,1
17403,13,1.3071417517602593e-4,2,1
17403,5,6.320950814431883e-4,2,1
17403,1,8.465714003247703e-5,2,1
17403,19,5.693145606558504e-5,2,1
17403,17,3.2308561053888105e-5,2,1
17403,11,3.7806388228042125e-5,2,1
17403,6,2.996966947124329e-4,2,1
17403,9,9.718110021962928e-5,2,1
17403,4,2.3789612055168216e-4,2,1
17403,8,1.8913045551302032e-4,2,1
17403,3,5.12508529945209e-5,2,1
17403,10,4.9121101402989514e-5,2,1
17403,12,1.4634064461280843e-4,2,1
17406,7,3.773224089066791e-4,2,1
17406,2,4.606850273995229e-5,2,1
17406,13,1.7503679779318413e-4,2,1
17406,5,0.00103264789680255,2,1
17406,1,4.0589039741598576e-5,2,1
17406,19,1.0180985611728496e-4,2,1
17406,17,1.240877477644906e-4,2,1
17406,11,1.331986658100557e-4,2,1
17406,6,5.66569465718266e-4,2,1
17406,9,1.934366661514526e-4,2,1
17406,4,2.504353011371295e-4,2,1
17406,8,2.921721182505062e-4,2,1
17406,3,9.490898702689056e-7,2,1
17406,10,1.68658579383675e-4,2,1
17406,12,1.7210983728291524e-4,2,1
17433,7,2.2185809544760743e-4,2,1
17433,2,2.5281495406071378e-5,2,1
17433,13,1.878077229540602e-5,2,1
17433,5,5.293331692057969e-4,2,1
17433,1,2.3193736995199182e-5,2,1
17433,19,7.8473088090401e-5,2,1
17433,17,5.861287624820409e-5,2,1
17433,11,1.4772032486453545e-4,2,1
17433,6,2.864448000482777e-4,2,1
17433,9,1.6073445464897417e-4,2,1
17433,4,4.0229871044977e-4,2,1
17433,8,1.2873585627356846e-4,2,1
17433,3,7.118174027016793e-7,2,1
17433,10,1.8484298851645188e-4,2,1
17433,12,1.2506332956409638e-4,2,1
17516,7,7.364099058587603e-5,8,2
17516,2,3.623681008203564e-5,8,2
17516,13,2.504102972720803e-7,8,2
17516,5,2.667436870842925e-4,8,2
17516,1,1.971467644591931e-5,8,2
17516,19,3.74414080431325e-5,8,2
17516,17,1.4295823475171728e-5,8,2
17516,11,1.7526140238165223e-6,8,2
17516,6,1.4740184372591083e-4,8,2
17516,9,6.108526299519556e-5,8,2
17516,4,5.886448663723906e-4,8,2
17516,8,2.675374790870456e-5,8,2
17516,3,1.7890344054568872e-4,8,2
17516,10,9.19955887547318e-5,8,2
17516,12,4.822858077708064e-5,8,2
17593,7,3.7241300953428735e-4,2,1
17593,2,8.651889538966649e-5,2,1
17593,13,1.1518873674515694e-4,2,1
17593,5,6.250985257163871e-4,2,1
17593,1,0,2,1
17593,19,2.9491520033974232e-5,2,1
17593,17,7.147911737585864e-5,2,1
17593,11,3.805676166001591e-5,2,1
17593,6,4.2793426000095006e-4,2,1
17593,9,2.0947926047342312e-4,2,1
17593,4,1.2887491157265358e-4,2,1
17593,8,3.1601209163450034e-4,2,1
17593,3,5.172539792965536e-5,2,1
17593,10,1.834233035048048e-4,2,1
17593,12,1.3381067019523356e-4,2,1
17705,7,3.693738575418544e-5,10,7
17705,2,0,10,7
17705,13,1.727831051177354e-5,10,7
17705,5,1.6507498667921384e-4,10,7
17705,1,0,10,7
17705,19,1.5899776018316543e-5,10,7
17705,17,2.8591646950343457e-7,10,7
17705,11,3.430116018040908e-5,10,7
17705,6,3.955180868994012e-5,10,7
17705,9,3.146816578540377e-5,10,7
17705,4,6.966211436359653e-7,10,7
17705,8,8.50292384029125e-5,10,7
17705,3,0,10,7
17705,10,2.839370023294192e-7,10,7
17705,12,7.092438349570682e-7,10,7
17708,7,5.514891961653383e-4,2,1
17708,2,0,2,1
17708,13,1.5951135936231514e-4,2,1
17708,5,8.319342043899452e-4,2,1
17708,1,2.0004598158359297e-5,2,1
17708,19,1.6771699219320996e-4,2,1
17708,17,1.240877477644906e-4,2,1
17708,11,8.763070119082612e-5,2,1
17708,6,6.554590976193685e-4,2,1
17708,9,3.877988665907111e-4,2,1
17708,4,8.349004406477044e-4,2,1
17708,8,4.211728631172302e-4,2,1
17708,3,4.389540649993689e-5,2,1
17708,10,1.6099228032078066e-4,2,1
17708,12,3.49893625245487e-4,2,1
17766,7,7.364099058587603e-5,6,3
17766,2,2.865236146021423e-4,6,3
17766,13,8.26353980997865e-6,6,3
17766,5,1.3577690957323416e-4,6,3
17766,1,1.6061662869175437e-4,6,3
17766,19,1.3078848015066833e-5,6,3
17766,17,1.5725405822688902e-5,6,3
17766,11,3.304929302054014e-5,6,3
17766,6,8.012299389250756e-5,6,3
17766,9,4.3191600097613014e-5,6,3
17766,4,1.2156038956447594e-4,6,3
17766,8,5.7745713307896965e-5,6,3
17766,3,1.888688841835122e-4,6,3
17766,10,2.839370023294192e-7,6,3
17766,12,3.333446024298221e-5,6,3
17785,7,1.9637597489566942e-5,6,3
17785,2,6.533862034946892e-4,6,3
17785,13,0,6,3
17785,5,1.8803243515778e-5,6,3
17785,1,5.44183054249861e-4,6,3
17785,19,2.564480002954281e-7,6,3
17785,17,2.8591646950343457e-7,6,3
17785,11,0,6,3
17785,6,1.1417016941426014e-5,6,3
17785,9,1.2031945741477913e-5,6,3
17785,4,4.1065816417340154e-4,6,3
17785,8,2.2515530418216707e-5,6,3
17785,3,6.84293796463881e-4,6,3
17785,10,2.839370023294192e-7,6,3
17785,12,1.205714519427016e-5,6,3
17855,7,7.855038995826777e-5,6,3
17855,2,5.393385686628561e-5,6,3
17855,13,1.727831051177354e-5,6,3
17855,5,0,6,3
17855,1,6.146340303727785e-5,6,3
17855,19,1.0001472011521695e-5,6,3
17855,17,2.001415286524042e-5,6,3
17855,11,0,6,3
17855,6,4.322156413539848e-5,6,3
17855,9,3.6095837224433735e-5,6,3
17855,4,9.474047553449128e-5,6,3
17855,8,6.887103422042757e-5,6,3
17855,3,2.4201791691857092e-5,6,3
17855,10,1.646834613510631e-5,6,3
17855,12,2.482353422349739e-5,6,3
17882,7,0.00992423394082864,2,1
17882,2,2.809055045119042e-7,2,1
17882,13,0.00375390076640575,2,1
17882,5,0.02344108539318128,2,1
17882,1,2.8992171243998984e-7,2,1
17882,19,0.00264987718705265,2,1
17882,17,0.00235881087340333,2,1
17882,11,0.00457632558961691,2,1
17882,6,0.01252772958958474,2,1
17882,9,0.00533046047490398,2,1
17882,4,0.01723336216183832,2,1
17882,8,0.00817419709618528,2,1
17882,3,8.375718105123092e-5,2,1
17882,10,0.00460801361080414,2,1
17882,12,0.00404245344464363,2,1
17900,7,1.14318871099979e-4,7,4
17900,2,9.045157245283316e-5,7,4
17900,13,6.135052283165968e-5,7,4
17900,5,3.360533172529161e-4,7,4
17900,1,2.1135292836875255e-4,7,4
17900,19,5.641856006499418e-5,7,4
17900,17,7.290869972337581e-5,7,4
17900,11,4.306423029949169e-5,7,4
17900,6,1.253833110531607e-4,7,4
17900,9,1.6351105751239213e-5,7,4
17900,4,1.8216642906080491e-4,7,4
17900,8,1.3429851672983376e-4,7,4
17900,3,4.104813688913017e-5,7,4
17900,10,1.703622013976515e-6,7,4
17900,12,6.926948121414033e-5,7,4
17916,7,4.070125860635244e-4,2,1
17916,2,2.5281495406071378e-5,2,1
17916,13,2.1535285565398905e-4,2,1
17916,5,8.802541673781654e-4,2,1
17916,1,1.8844911308599337e-5,2,1
17916,19,1.1437580813176092e-4,2,1
17916,17,9.406651846662996e-5,2,1
17916,11,3.1446903055907887e-4,2,1
17916,6,5.076495032884067e-4,2,1
17916,9,2.7951135491740994e-4,2,1
17916,4,2.267501822535067e-4,2,1
17916,8,3.353489589348512e-4,2,1
17916,3,9.490898702689056e-7,2,1
17916,10,1.6184409132776893e-4,2,1
17916,12,3.3358101704147446e-4,2,1
17935,7,1.7627081556111278e-4,2,1
17935,2,5.33720458572618e-5,2,1
17935,13,1.2119858387968688e-4,2,1
17935,5,4.788267825529514e-4,2,1
17935,1,3.508052720523877e-5,2,1
17935,19,3.846720004431421e-5,2,1
17935,17,5.346637979714226e-5,2,1
17935,11,6.835194692884437e-5,2,1
17935,6,2.809401668800901e-4,2,1
17935,9,1.101385802489132e-4,2,1
17935,4,4.3573652534429627e-4,2,1
17935,8,1.4251006311765397e-4,2,1
17935,3,4.5793586240474697e-5,2,1
17935,10,1.152784229457442e-4,2,1
17935,12,1.2624540262235815e-4,2,1
18045,7,4.1379223281587485e-5,12,19
18045,2,8.286712383101175e-5,12,19
18045,13,0,12,19
18045,5,4.0230195429106416e-5,12,19
18045,1,1.2205704093723573e-4,12,19
18045,19,6.924096007976559e-6,12,19
18045,17,0,12,19
18045,11,0,12,19
18045,6,3.873630747983826e-5,12,19
18045,9,1.6659617180507876e-5,12,19
18045,4,6.966211436359653e-7,12,19
18045,8,3.284618555128084e-5,12,19
18045,3,6.430083871071835e-5,12,19
18045,10,1.391291311414154e-5,12,19
18045,12,2.364146116523561e-7,12,19
18124,7,3.1326643614309167e-4,2,1
18124,2,0,2,1
18124,13,1.765392595768166e-4,2,1
18124,5,6.568016688534548e-4,2,1
18124,1,0,2,1
18124,19,9.873248011373982e-5,2,1
18124,17,5.804104330919722e-5,2,1
18124,11,2.1281741717772056e-5,2,1
18124,6,4.717674500439249e-4,2,1
18124,9,2.2644738908319967e-4,2,1
18124,4,2.730754883052984e-4,2,1
18124,8,2.948210041820611e-4,2,1
18124,3,2.3727246756722642e-7,2,1
18124,10,7.666299062894318e-5,2,1
18124,12,1.3712047475836653e-4,2,1
18134,7,1.402685534969067e-4,2,1
18134,2,0,2,1
18134,13,8.739319374795603e-5,2,1
18134,5,4.143272844465035e-4,2,1
18134,1,1.942475473347932e-5,2,1
18134,19,2.0772288023929675e-5,2,1
18134,17,6.976361855883804e-5,2,1
18134,11,3.980937568383243e-5,2,1
18134,6,1.8267227106281625e-4,2,1
18134,9,7.496827731228544e-5,2,1
18134,4,3.3228828551435546e-4,2,1
18134,8,1.2529230456254708e-4,2,1
18134,3,7.070719533503347e-5,2,1
18134,10,2.9813385244589018e-5,2,1
18134,12,8.109021179675814e-5,2,1
18292,7,5.376961217381425e-6,6,3
18292,2,6.882184860541654e-5,6,3
18292,13,0,6,3
18292,5,1.814731641639039e-5,6,3
18292,1,6.233316817459781e-5,6,3
18292,19,0,6,3
18292,17,7.433828207089299e-6,6,3
18292,11,2.5037343197378893e-7,6,3
18292,6,7.3395108909167235e-6,6,3
18292,9,2.097877719026918e-5,6,3
18292,4,0,6,3
18292,8,7.151992015198248e-6,6,3
18292,3,4.0810864421562945e-5,6,3
18292,10,3.975118032611868e-6,6,3
18292,12,0,6,3
18493,7,7.997645358548632e-4,2,1
18493,2,0,2,1
18493,13,3.3655143953367593e-4,2,1
18493,5,0.00193673408212513,2,1
18493,1,0,2,1
18493,19,1.8669414421507169e-4,2,1
18493,17,2.258740109077133e-4,2,1
18493,11,3.257358349978994e-4,2,1
18493,6,0.00103242453198895,2,1
18493,9,3.3257532075162024e-4,2,1
18493,4,6.447228684350859e-4,2,1
18493,8,5.480544992387102e-4,2,1
18493,3,4.721722104587805e-5,2,1
18493,10,3.228363716485496e-4,2,1
18493,12,2.9599109378874983e-4,2,1
18518,7,5.846860871596062e-4,2,1
18518,2,2.137690889335591e-4,2,1
18518,13,4.479840218197517e-4,2,1
18518,5,0.00151060010988965,2,1
18518,1,1.055315033281563e-4,2,1
18518,19,1.661783041914374e-4,2,1
18518,17,1.3952723711767607e-4,2,1
18518,11,4.356497716343927e-4,2,1
18518,6,7.989873105972955e-4,2,1
18518,9,2.779687977710666e-4,2,1
18518,4,0.0013636358886674,2,1
18518,8,4.672634783262855e-4,2,1
18518,3,2.13782493278071e-4,2,1
18518,10,4.6111369178297674e-4,2,1
18518,12,2.749501933516901e-4,2,1
18519,7,2.4430106400711e-4,2,1
18519,2,0,2,1
18519,13,1.880581332513323e-4,2,1
18519,5,5.791836287592549e-4,2,1
18519,1,0,2,1
18519,19,5.052025605819933e-5,2,1
18519,17,4.54607186510461e-5,2,1
18519,11,1.342001595379509e-4,2,1
18519,6,2.3812635334974255e-4,2,1
18519,9,1.2093648027331645e-4,2,1
18519,4,3.4831057181798263e-6,2,1
18519,8,1.9734200190084055e-4,2,1
18519,3,7.118174027016793e-7,2,1
18519,10,1.8143574448849884e-4,2,1
18519,12,1.9078659160345137e-4,2,1
18650,7,2.7118587009401967e-5,12,19
18650,2,2.865236146021423e-5,12,19
18650,13,0,12,19
18650,5,5.20368832180833e-5,12,19
18650,1,4.9576612827238263e-5,12,19
18650,19,7.180544008271987e-6,12,19
18650,17,0,12,19
18650,11,0,12,19
18650,6,3.445492612680351e-5,12,19
18650,9,4.380862295615035e-5,12,19
18650,4,3.4831057181798266e-7,12,19
18650,8,3.0197299619725937e-5,12,19
18650,3,2.372724675672264e-5,12,19
18650,10,3.605999929583623e-5,12,19
18650,12,2.364146116523561e-7,12,19
18807,7,0.04423859774462193,1,6
18807,2,7.3316336677607e-5,1,6
18807,13,0.04116369671707092,1,6
18807,5,0.012625940736112,1,6
18807,1,4.899676940235828e-5,1,6
18807,19,0.03288330128588156,1,6
18807,17,0.03882002273035932,1,6
18807,11,0.04327404323548572,1,6
18807,6,0.04447397011881241,1,6
18807,9,0.04801178266850663,1,6
18807,4,5.158479568624323e-4,1,6
18807,8,0.04752604649536498,1,6
18807,3,6.477538364585281e-5,1,6
18807,10,0.04752054852085858,1,6
18807,12,0.0399812570495882,1,6
18831,7,3.646982390919575e-5,7,4
18831,2,0,7,4
18831,13,2.353856794357555e-5,7,4
18831,5,6.362492864059765e-5,7,4
18831,1,2.8992171243998984e-7,7,4
18831,19,0,7,4
18831,17,1.944231992623355e-5,7,4
18831,11,7.085568124858226e-5,7,4
18831,6,4.587194306822952e-5,7,4
18831,9,1.6351105751239213e-5,7,4
18831,4,6.443745578632679e-5,7,4
18831,8,1.642309277564042e-5,7,4
18831,3,8.019809403772252e-5,7,4
18831,10,2.839370023294192e-7,7,4
18831,12,4.728292233047122e-7,7,4
18847,7,0.00111349853384294,2,1
18847,2,0,2,1
18847,13,7.522325330053292e-4,2,1
18847,5,0.00269979594107938,2,1
18847,1,2.7832484394239025e-5,2,1
18847,19,4.972526725728351e-4,2,1
18847,17,5.581089484707043e-4,2,1
18847,11,2.095625625620613e-4,2,1
18847,6,0.00146565954985556,2,1
18847,9,5.192247354591622e-4,2,1
18847,4,9.164051144531124e-4,2,1
18847,8,9.769091315574496e-4,2,1
18847,3,3.559087013508396e-6,2,1
18847,10,4.6736030583422394e-4,2,1
18847,12,5.794522131599248e-4,2,1
18874,7,1.133837474099996e-4,13,10
18874,2,6.713641557834511e-5,13,10
18874,13,3.480703132081916e-5,13,10
18874,5,6.559270993876046e-7,13,10
18874,1,1.1219970271427608e-4,13,10
18874,19,1.7694912020384537e-5,13,10
18874,17,3.0878978706370936e-5,13,10
18874,11,5.007468639475779e-7,13,10
18874,6,4.179443701772023e-5,13,10
18874,9,1.2371308313673443e-4,13,10
18874,4,8.42911583799518e-5,13,10
18874,8,9.615455931544312e-5,13,10
18874,3,1.0345079585931073e-4,13,10
18874,10,2.1863149179365276e-5,13,10
18874,12,3.87719963109864e-5,13,10
18931,7,4.2501371709562736e-4,2,1
18931,2,2.471968439704757e-5,2,1
18931,13,1.1393668525879654e-4,2,1
18931,5,8.848456570738786e-4,2,1
18931,1,1.797514617127937e-5,2,1
18931,19,1.159144961335335e-4,2,1
18931,17,9.034960436308532e-5,2,1
18931,11,1.7350878835783572e-4,2,1
18931,6,3.5046164504127353e-4,2,1
18931,9,2.2490483193685637e-4,2,1
18931,4,4.179726861815792e-6,2,1
18931,8,3.353489589348512e-4,2,1
18931,3,2.3727246756722642e-7,2,1
18931,10,2.0840975970979367e-4,2,1
18931,12,1.1347901359313092e-4,2,1
18999,7,2.4944424430199913e-4,6,3
18999,2,1.4747538986874972e-4,6,3
18999,13,8.714278345068394e-5,6,3
18999,5,6.233493867846869e-4,6,3
18999,1,2.8093413935435015e-4,6,3
18999,19,2.4619008028361097e-5,6,3
18999,17,3.631139162693619e-5,6,3
18999,11,1.3845650788150526e-4,6,3
18999,6,2.764549102245299e-4,6,3
18999,9,1.0581942023915188e-4,6,3
18999,4,4.315567984824805e-4,6,3
18999,8,2.2250641825061215e-4,6,3
18999,3,3.134369296563061e-4,6,3
18999,10,9.057590374308471e-5,6,3
18999,12,5.650309218491311e-5,6,3
19007,7,5.14318029488658e-5,2,1
19007,2,5.084389631665466e-5,2,1
19007,13,2.654349151084051e-5,2,1
19007,5,1.8606465385961717e-4,2,1
19007,1,3.653013576743872e-5,2,1
19007,19,1.9233600022157103e-5,2,1
19007,17,0,2,1
19007,11,2.5037343197378893e-7,2,1
19007,6,7.135635588391259e-5,2,1
19007,9,3.301072293174709e-5,2,1
19007,4,6.443745578632679e-5,2,1
19007,8,7.65528034219368e-5,2,1
19007,3,0,2,1
19007,10,5.224440842861312e-5,2,1
19007,12,3.144314334976336e-5,2,1
19036,7,0.0048427718094807,1,6
19036,2,6.545098255127368e-4,1,6
19036,13,0.00479310350008488,1,6
19036,5,0.00179330468972571,1,6
19036,1,5.154808047183019e-4,1,6
19036,19,0.00329920352380068,1,6
19036,17,0.00393706978506229,1,6
19036,11,0.00562764363047485,1,6
19036,6,0.00515886065510435,1,6
19036,9,0.00503922568567436,1,6
19036,4,4.984324282715332e-4,1,6
19036,8,0.00544081170341377,1,6
19036,3,7.153764897151877e-4,1,6
19036,10,0.00634570806506018,1,6
19036,12,0.0050280659606223,1,6
19172,7,6.19519444611338e-5,2,1
19172,2,3.8203148613618976e-5,2,1
19172,13,1.4774207539052736e-5,2,1
19172,5,1.3249727407629614e-4,2,1
19172,1,1.652553760907942e-5,2,1
19172,19,5.898304006794846e-6,2,1
19172,17,5.718329390068691e-6,2,1
19172,11,0,2,1
19172,6,7.461836072432003e-5,2,1
19172,9,4.411713438541901e-5,2,1
19172,4,4.980841176997152e-5,2,1
19172,8,4.9004389733765775e-5,2,1
19172,3,3.298087299184447e-5,2,1
19172,10,1.4480787118800375e-5,2,1
19172,12,8.51092601948482e-6,2,1
19175,7,2.2793639943247343e-4,2,1
19175,2,0,2,1
19175,13,4.83291873735115e-5,2,1
19175,5,5.879293234177563e-4,2,1
19175,1,0,2,1
19175,19,6.513779207503873e-5,2,1
19175,17,6.375937269926591e-5,2,1
19175,11,7.285866870437257e-5,2,1
19175,6,3.123369634690117e-4,2,1
19175,9,1.308088460099137e-4,2,1
19175,4,6.966211436359653e-5,2,1
19175,8,1.822433520909776e-4,2,1
19175,3,0,2,1
19175,10,7.808267564059027e-5,2,1
19175,12,1.099327944183456e-4,2,1
19198,7,2.543536436743909e-4,14,13
19198,2,1.255647605168212e-4,14,13
19198,13,6.385462580438047e-5,14,13
19198,5,5.824632642561929e-4,14,13
19198,1,1.597468635544344e-4,14,13
19198,19,6.154752007090274e-6,14,13
19198,17,6.490303857727965e-5,14,13
19198,11,8.337435284727171e-5,14,13
19198,6,3.0499745257809495e-4,14,13
19198,9,1.2525564028307776e-4,14,13
19198,4,1.6753738504444966e-4,14,13
19198,8,1.8250824068413303e-4,14,13
19198,3,1.0273897845660903e-4,14,13
19198,10,1.2322865901096791e-4,14,13
19198,12,5.3429702233432475e-5,14,13
19393,7,1.4237258179936033e-4,12,19
19393,2,6.095649447908321e-5,12,19
19393,13,6.911324204709416e-5,12,19
19393,5,2.3853882181062552e-4,12,19
19393,1,2.2034050145439223e-5,12,19
19393,19,7.001030408065187e-5,12,19
19393,17,4.1457888077998015e-5,12,19
19393,11,5.4331034738312194e-5,12,19
19393,6,1.2089805439760049e-4,12,19
19393,9,1.4839399747822757e-4,12,19
19393,4,1.3932422872719306e-6,12,19
19393,8,1.6025759885907186e-4,12,19
19393,3,5.6708119748567114e-5,12,19
19393,10,1.5048661123459216e-5,12,19
19393,12,9.456584466094244e-7,12,19
19510,7,9.374614992043268e-5,2,1
19510,2,2.809055045119042e-7,2,1
19510,13,0,2,1
19510,5,1.5086323285914906e-4,2,1
19510,1,2.7832484394239025e-5,2,1
19510,19,0,2,1
19510,17,0,2,1
19510,11,2.5037343197378893e-7,2,1
19510,6,1.4638246721328357e-4,2,1
19510,9,4.041499723419504e-5,2,1
19510,4,4.5071387993246955e-4,2,1
19510,8,9.721411368806507e-5,2,1
19510,3,1.4236348054033583e-6,2,1
19510,10,0,2,1
19510,12,3.924482553429111e-5,2,1
19591,7,6.312084907360803e-5,2,1
19591,2,9.831692657916647e-6,2,1
19591,13,1.77791311063177e-5,2,1
19591,5,1.2200244048609446e-4,2,1
19591,1,0,2,1
19591,19,0,2,1
19591,17,0,2,1
19591,11,0,2,1
19591,6,8.155012101018582e-5,2,1
19591,9,1.881919718538853e-5,2,1
19591,4,5.642631263451319e-5,2,1
19591,8,2.887285665394848e-5,2,1
19591,3,2.3727246756722642e-7,2,1
19591,10,2.044346416771818e-5,2,1
19591,12,2.4350705000192677e-5,2,1
19614,7,9.374614992043268e-5,2,1
19614,2,0,2,1
19614,13,2.0784054673582664e-5,2,1
19614,5,1.624512782816634e-4,2,1
19614,1,0,2,1
19614,19,2.718348803131538e-5,2,1
19614,17,3.0307145767364064e-5,2,1
19614,11,3.1547052428697405e-5,2,1
19614,6,9.908339702737577e-5,2,1
19614,9,4.010648580492637e-5,2,1
19614,4,1.3305463843446937e-4,2,1
19614,8,6.51625939162507e-5,2,1
19614,3,2.9896330913470528e-5,2,1
19614,10,1.8739842153741665e-5,2,1
19614,12,7.967172412684401e-5,2,1
19625,7,6.241950630612349e-5,2,1
19625,2,4.6349408244464194e-5,2,1
19625,13,5.108370064350438e-5,2,1
19625,5,2.1492544623267175e-4,2,1
19625,1,2.2034050145439223e-5,2,1
19625,19,1.6412672018907398e-5,2,1
19625,17,1.4581739944675165e-5,2,1
19625,11,0,2,1
19625,6,1.0275315247283412e-4,2,1
19625,9,2.3446868624418496e-5,2,1
19625,4,3.747821752761493e-4,2,1
19625,8,5.721593612158598e-5,2,1
19625,3,2.3727246756722642e-7,2,1
19625,10,5.820708547753093e-5,2,1
19625,12,3.87719963109864e-5,2,1
19692,7,1.6621823589383448e-4,4,9
19692,2,0,4,9
19692,13,3.155169745628212e-5,4,9
19692,5,3.8962069703623713e-4,4,9
19692,1,0,4,9
19692,19,3.615916804165536e-5,4,9
19692,17,1.887048698722668e-5,4,9
19692,11,8.087061852753381e-5,4,9
19692,6,1.7349788244917032e-4,4,9
19692,9,5.244694297567295e-5,4,9
19692,4,2.7864845745438613e-6,4,9
19692,8,1.586682673001389e-4,4,9
19692,3,1.70836176648403e-5,4,9
19692,10,9.93779508152967e-6,4,9
19692,12,4.25546300974241e-5,4,9
19771,7,1.028636058977316e-5,12,19
19771,2,7.837263575882128e-5,12,19
19771,13,1.5275028133596898e-5,12,19
19771,5,3.82624141309436e-5,12,19
19771,1,8.233776633295711e-5,12,19
19771,19,1.2822400014771404e-5,12,19
19771,17,2.8591646950343457e-7,12,19
19771,11,0,12,19
19771,6,1.4882897084358913e-5,12,19
19771,9,1.3265991458552569e-5,12,19
19771,4,6.966211436359653e-7,12,19
19771,8,4.23821749048785e-6,12,19
19771,3,1.537525589835627e-4,12,19
19771,10,6.81448805590606e-6,12,19
19771,12,2.364146116523561e-7,12,19
19883,7,7.286951354164305e-4,2,1
19883,2,3.0056888982773752e-5,2,1
19883,13,3.1476574367100493e-4,2,1
19883,5,0.00159805705647466,2,1
19883,1,0,2,1
19883,19,2.30033856264999e-4,2,1
19883,17,2.3959800144387816e-4,2,1
19883,11,1.0240273367727968e-4,2,1
19883,6,9.164194848519632e-4,2,1
19883,9,2.7457517204911133e-4,2,1
19883,4,8.418666520840641e-4,2,1
19883,8,5.099105418243195e-4,2,1
19883,3,3.440450779724783e-5,2,1
19883,10,3.4839070185819734e-4,2,1
19883,12,3.0450201980823465e-4,2,1
19920,7,2.9620042880096803e-4,2,1
19920,2,3.146141650533327e-5,2,1
19920,13,9.941288801701588e-5,2,1
19920,5,6.02141077237821e-4,2,1
19920,1,0,2,1
19920,19,3.872364804460964e-5,2,1
19920,17,5.289454685813539e-5,2,1
19920,11,9.739526503780388e-5,2,1
19920,6,3.912367055463664e-4,2,1
19920,9,1.0026621451231592e-4,2,1
19920,4,4.01253778734316e-4,2,1
19920,8,1.7456158288946835e-4,2,1
19920,3,9.490898702689056e-7,2,1
19920,10,1.184017299713678e-4,2,1
19920,12,1.6123476514690686e-4,2,1
19966,7,5.8445230623711135e-5,2,1
19966,2,0,2,1
19966,13,5.358780361622519e-5,2,1
19966,5,1.2440750651718233e-4,2,1
19966,1,2.8992171243998984e-7,2,1
19966,19,1.9746496022747965e-5,2,1
19966,17,2.1729651682261023e-5,2,1
19966,11,4.556796461922958e-5,2,1
19966,6,7.01331040687598e-5,2,1
19966,9,3.7329882941508394e-5,2,1
19966,4,1.2399856356720183e-4,2,1
19966,8,4.9004389733765775e-5,2,1
19966,3,1.186362337836132e-6,2,1
19966,10,6.246614051247222e-6,2,1
19966,12,4.657367849551415e-5,2,1
19980,7,2.1297442039280336e-4,2,1
19980,2,2.809055045119042e-7,2,1
19980,13,3.7060723996267886e-5,2,1
19980,5,3.343041783212158e-4,2,1
19980,1,0,2,1
19980,19,3.1543104036337656e-5,2,1
19980,17,5.775512683969378e-5,2,1
19980,11,4.005974911580622e-5,2,1
19980,6,2.252822092906383e-4,2,1
19980,9,8.206404018546473e-5,2,1
19980,4,3.4831057181798263e-6,2,1
19980,8,1.8595179239515444e-4,2,1
19980,3,0,2,1
19980,10,9.93779508152967e-5,2,1
19980,12,3.9954069369248183e-5,2,1
20116,7,6.817051699949667e-4,2,1
20116,2,3.539409356849993e-5,2,1
20116,13,3.3680184983094803e-4,2,1
20116,5,0.00130944913274412,2,1
20116,1,1.1741829353819589e-4,2,1
20116,19,2.5516576029395097e-4,2,1
20116,17,1.6068505586093023e-4,2,1
20116,11,3.0395334641617974e-4,2,1
20116,6,9.99396732979827e-4,2,1
20116,9,3.6280944081994935e-4,2,1
20116,4,8.732146035476825e-4,2,1
20116,8,4.958714463870785e-4,2,1
20116,3,3.606541507021841e-5,2,1
20116,10,2.916033013923135e-4,2,1
20116,12,3.543855028668818e-4,2,1
20141,7,1.402685534969067e-4,11,11
20141,2,5.309114035274989e-5,11,11
20141,13,6.836201115527792e-5,11,11
20141,5,3.9727317986242586e-4,11,11
20141,1,4.783708255259832e-5,11,11
20141,19,6.667648007681131e-5,11,11
20141,17,4.974946569359762e-5,11,11
20141,11,6.259335799344723e-5,11,11
20141,6,1.8878853013858015e-4,11,11
20141,9,2.067026576100051e-5,11,11
20141,4,3.935909461543204e-5,11,11
20141,8,1.2290830722414768e-4,11,11
20141,3,5.9555389359373825e-5,11,11
20141,10,1.7888031146753408e-4,11,11
20141,12,9.220169854441888e-5,11,11
20142,7,3.553470021921637e-5,2,1
20142,2,4.915846328958324e-5,2,1
20142,13,2.504102972720803e-7,2,1
20142,5,4.525896985774472e-5,2,1
20142,1,3.595029234255874e-5,2,1
20142,19,2.564480002954281e-5,2,1
20142,17,0,2,1
20142,11,2.5037343197378893e-7,2,1
20142,6,3.6289803849532685e-5,2,1
20142,9,4.164904295126969e-5,2,1
20142,4,0,2,1
20142,8,3.549507148283575e-5,2,1
20142,3,0,2,1
20142,10,1.8739842153741665e-5,2,1
20142,12,2.2932217330278543e-5,2,1
20217,7,8.439491302063888e-5,5,5
20217,2,5.6181100902380845e-6,5,5
20217,13,2.0283234079038503e-5,5,5
20217,5,1.7360203897125268e-4,5,5
20217,1,1.855498959615935e-5,5,5
20217,19,3.92365440452005e-5,5,5
20217,17,1.9156403456730116e-5,5,5
20217,11,5.007468639475779e-7,5,5
20217,6,1.0356865368293598e-4,5,5
20217,9,7.373423159521079e-5,5,5
20217,4,1.121560041253904e-4,5,5
20217,8,7.708258060824778e-5,5,5
20217,3,6.38262937755839e-5,5,5
20217,10,2.5554330209647724e-5,5,5
20217,12,1.0756864830182204e-4,5,5
20221,7,1.994151268881024e-4,2,1
20221,2,6.7417321082857e-5,2,1
20221,13,9.089893790976516e-5,2,1
20221,5,5.041892970626054e-4,2,1
20221,1,1.478600733443948e-5,2,1
20221,19,5.923948806824389e-5,2,1
20221,17,3.974238926097741e-5,2,1
20221,11,9.789601190175146e-5,2,1
20221,6,2.059140555507192e-4,2,1
20221,9,1.2957480029283903e-4,2,1
20221,4,3.5423185153888833e-4,2,1
20221,8,1.647607049427152e-4,2,1
20221,3,7.118174027016793e-7,2,1
20221,10,1.303270840692034e-4,2,1
20221,12,2.5059948835149748e-5,2,1
20253,7,1.0216226313024709e-4,5,5
20253,2,1.8820668802297583e-5,5,5
20253,13,5.659272718349015e-5,5,5
20253,5,0,5,5
20253,1,0,5,5
20253,19,3.3851136038996506e-5,5,5
20253,17,3.0307145767364064e-5,5,5
20253,11,7.511202959213667e-7,5,5
20253,6,3.6289803849532685e-5,5,5
20253,9,5.121289725859829e-5,5,5
20253,4,0,5,5
20253,8,8.370479543713505e-5,5,5
20253,3,0,5,5
20253,10,2.328283419101237e-5,5,5
20253,12,5.295687301012776e-5,5,5
20269,7,2.010515933455663e-4,5,5
20269,2,0,5,5
20269,13,9.79104262333834e-5,5,5
20269,5,4.613353932359486e-4,5,5
20269,1,0,5,5
20269,19,1.1335001613057922e-4,5,5
20269,17,5.432412920565257e-5,5,5
20269,11,1.2518671598689444e-6,5,5
20269,6,2.5790225769471264e-4,5,5
20269,9,1.0952155739037586e-4,5,5
20269,4,3.61198062975248e-4,5,5
20269,8,1.0145233117855291e-4,5,5
20269,3,3.914995714859236e-5,5,5
20269,10,7.808267564059027e-5,5,5
20269,12,1.810935925257048e-4,5,5
20458,7,2.010515933455663e-5,5,5
20458,2,1.544980274815473e-5,5,5
20458,13,2.7795542997200915e-5,5,5
20458,5,2.7767580540741927e-5,5,5
20458,1,0,5,5
20458,19,7.180544008271987e-6,5,5
20458,17,2.916347988935033e-5,5,5
20458,11,2.5037343197378893e-7,5,5
20458,6,7.135635588391259e-6,5,5
20458,9,1.6351105751239213e-5,5,5
20458,4,6.966211436359653e-7,5,5
20458,8,8.4764349809757e-6,5,5
20458,3,4.0573591953995715e-5,5,5
20458,10,0,5,5
20458,12,8.983755242789532e-6,5,5
20486,7,2.681467181015867e-4,2,1
20486,2,0,2,1
20486,13,2.286246014094093e-4,2,1
20486,5,7.195520280282022e-4,2,1
20486,1,0,2,1
20486,19,8.924390410280898e-5,2,1
20486,17,6.004245859572126e-5,2,1
20486,11,1.0440572113306998e-4,2,1
20486,6,3.1254083877153713e-4,2,1
20486,9,2.551389520051855e-4,2,1
20486,4,8.268892974958908e-4,2,1
20486,8,2.0369932813657233e-4,2,1
20486,3,1.660907272970585e-6,2,1
20486,10,1.1329086392943824e-4,2,1
20486,12,1.9953393223458857e-4,2,1
20531,7,1.0309738682022644e-4,2,1
20531,2,5.028208530763086e-5,2,1
20531,13,7.011488323618249e-5,2,1
20531,5,1.893442893565552e-4,2,1
20531,1,1.0727103360279624e-5,2,1
20531,19,5.770080006647132e-5,2,1
20531,17,2.7733897541833153e-5,2,1
20531,11,9.163667610240674e-5,2,1
20531,6,1.2782981468346626e-4,2,1
20531,9,7.157465159033014e-5,2,1
20531,4,6.61790086454167e-5,2,1
20531,8,7.602302623562581e-5,2,1
20531,3,4.7454493513445284e-7,2,1
20531,10,6.757700655440176e-5,2,1
20531,12,8.014455335014871e-5,2,1
20593,7,7.434233335336057e-5,5,5
20593,2,4.719212475799991e-5,5,5
20593,13,0,5,5
20593,5,9.489078704474013e-5,5,5
20593,1,6.0883559612397864e-5,5,5
20593,19,9.48857601093084e-6,5,5
20593,17,0,5,5
20593,11,5.007468639475779e-7,5,5
20593,6,6.03470895475375e-5,5,5
20593,9,6.509591157568818e-5,5,5
20593,4,6.130266063996495e-5,5,5
20593,8,6.728170266149463e-5,5,5
20593,3,5.718266468370156e-5,5,5
20593,10,3.293669227021262e-5,5,5
20593,12,0,5,5
20596,7,1.1244862372002024e-4,2,1
20596,2,9.26988164889284e-5,2,1
20596,13,4.2319340238981573e-5,2,1
20596,5,2.6433862105320466e-4,2,1
20596,1,5.102622138943821e-5,2,1
20596,19,3.128665603604223e-5,2,1
20596,17,4.889171628508731e-5,2,1
20596,11,1.0415534770109618e-4,2,1
20596,6,1.298685677087209e-4,2,1
20596,9,5.4298011551284934e-5,2,1
20596,4,4.555902279379213e-4,2,1
20596,8,6.754659125465012e-5,2,1
20596,3,2.1401976574563823e-4,2,1
20596,10,6.388582552411931e-5,2,1
20596,12,2.9315411844892157e-5,2,1
20686,7,3.062530084682464e-5,2,1
20686,2,2.471968439704757e-5,2,1
20686,13,0,2,1
20686,5,9.707721070936548e-5,2,1
20686,1,3.479060549279878e-5,2,1
20686,19,2.1285184024520537e-5,2,1
20686,17,0,2,1
20686,11,4.181236313962275e-5,2,1
20686,6,5.973546363996111e-5,2,1
20686,9,1.82021743268512e-5,2,1
20686,4,1.267850481417457e-4,2,1
20686,8,2.410486197714965e-5,2,1
20686,3,0,2,1
20686,10,1.646834613510631e-5,2,1
20686,12,1.4894120534098434e-5,2,1
20690,7,9.982445390529864e-5,2,1
20690,2,0,2,1
20690,13,9.240139969339764e-5,2,1
20690,5,4.099544371172529e-4,2,1
20690,1,3.479060549279878e-5,2,1
20690,19,5.693145606558504e-5,2,1
20690,17,4.889171628508731e-5,2,1
20690,11,9.614339787793494e-5,2,1
20690,6,1.8369164757544356e-4,2,1
20690,9,6.632995729276285e-5,2,1
20690,4,2.744687305925703e-4,2,1
20690,8,1.1575631520894942e-4,2,1
20690,3,0,2,1
20690,10,4.4010235361059974e-5,2,1
20690,12,6.335911592283143e-5,2,1
20691,7,0.00239602067464966,2,1
20691,2,1.4410452381460686e-4,2,1
20691,13,0.00101140719068193,2,1
20691,5,0.00473295130681449,2,1
20691,1,1.0060283421667647e-4,2,1
20691,19,8.644862089958881e-4,2,1
20691,17,6.395951422791832e-4,2,1
20691,11,0.00118702044098773,2,1
20691,6,0.00322326853292759,2,1
20691,9,0.00129667353721619,2,1
20691,4,0.00260431814548305,2,1
20691,8,0.00210401009543406,2,1
20691,3,8.684172312960487e-5,2,1
20691,10,9.849774610807551e-4,2,1
20691,12,0.0012395218088933,2,1
20734,7,0.02974441433086406,1,6
20734,2,1.99442908203452e-5,1,6
20734,13,0.02214854038341823,1,6
20734,5,0.008254842545793,1,6
20734,1,0,1,6
20734,19,0.01348890836753922,1,6
20734,17,0.01718300798421741,1,6
20734,11,0.02795569592046537,1,6
20734,6,0.03155867357912675,1,6
20734,9,0.02898156366549833,1,6
20734,4,4.1588282275067126e-4,1,6
20734,8,0.03201072692846842,1,6
20734,3,5.694539221613434e-6,1,6
20734,10,0.03058171877289242,1,6
20734,12,0.02432351731985265,1,6
20768,7,3.880763313414419e-5,6,3
20768,2,1.064631862100117e-4,6,3
20768,13,0,6,3
20768,5,6.121986260950977e-5,6,3
20768,1,2.0845371124435268e-4,6,3
20768,19,1.0257920011817125e-5,6,3
20768,17,0,6,3
20768,11,0,6,3
20768,6,2.7727041143463176e-5,6,3
20768,9,1.3883014317089898e-5,6,3
20768,4,1.6196441589536194e-4,6,3
20768,8,2.7548413688171028e-5,6,3
20768,3,7.90117316998864e-5,6,3
20768,10,1.732015714209457e-5,6,3
20768,12,4.728292233047122e-7,6,3
20783,7,1.5078869500917473e-4,5,5
20783,2,6.7417321082857e-5,5,5
20783,13,5.4839855102585583e-05,5,5
20783,5,5.028774428638302e-6,5,5
20783,1,2.2034050145439223e-5,5,5
20783,19,4.846867205583591e-5,5,5
20783,17,3.859872338296367e-5,5,5
20783,11,1.0014937278951555e-6,5,5
20783,6,9.19477614389845e-5,5,5
20783,9,8.792575734156935e-5,5,5
20783,4,0,5,5
20783,8,1.1867008973365982e-4,5,5
20783,3,1.4046530079979804e-4,5,5
20783,10,1.050566908618851e-4,5,5
20783,12,6.40683597577885e-5,5,5
20784,7,4.465215619651531e-5,2,1
20784,2,0,2,1
20784,13,4.106728875262117e-5,2,1
20784,5,1.2200244048609446e-4,2,1
20784,1,0,2,1
20784,19,0,2,1
20784,17,1.4009907005668294e-5,2,1
20784,11,3.555302734027803e-5,2,1
20784,6,6.829822634603063e-5,2,1
20784,9,3.702137151223973e-5,2,1
20784,4,3.389061863788971e-4,2,1
20784,8,4.1057731939101054e-5,2,1
20784,3,9.490898702689056e-7,2,1
20784,10,0,2,1
20784,12,2.482353422349739e-5,2,1
20826,7,4.909399372391736e-6,6,3
20826,2,9.837310768006885e-4,6,3
20826,13,0,6,3
20826,5,3.1265858404142486e-5,6,3
20826,1,0.00113185436536572,6,3
20826,19,0,6,3
20826,17,0,6,3
20826,11,3.5302653908304236e-5,6,3
20826,6,1.26402687565788e-5,6,3
20826,9,4.93618286829863e-6,6,3
20826,4,7.965862777477264e-4,6,3
20826,8,1.0065766539908645e-5,6,3
20826,3,9.815961983256156e-4,6,3
20826,10,2.839370023294192e-7,6,3
20826,12,8.51092601948482e-6,6,3
20887,7,1.7066007342123653e-5,11,11
20887,2,1.2219389446267834e-4,11,11
20887,13,9.515591296339052e-6,11,11
20887,5,4.2416619093731766e-5,11,11
20887,1,2.3541643050127177e-4,11,11
20887,19,0,11,11
20887,17,1.0864825841130511e-5,11,11
20887,11,0,11,11
20887,6,2.5076662210632136e-5,11,11
20887,9,3.085114292686644e-7,11,11
20887,4,4.144895804633993e-5,11,11
20887,8,1.98666444866618e-5,11,11
20887,3,1.312116745646762e-4,11,11
20887,10,1.2209291100165025e-5,11,11
20887,12,0,11,11
20898,7,3.516065074322462e-4,2,1
20898,2,2.595566861689995e-4,2,1
20898,13,7.662555096525658e-5,2,1
20898,5,7.184588161958896e-4,2,1
20898,1,9.422455654299668e-5,2,1
20898,19,1.2976268814948662e-4,2,1
20898,17,9.864118197868492e-5,2,1
20898,11,1.3269791894610813e-4,2,1
20898,6,3.5127714625137537e-4,2,1
20898,9,2.3169208338076695e-4,2,1
20898,4,2.1734579681442117e-4,2,1
20898,8,2.4581661444829535e-4,2,1
20898,3,2.676433434158314e-4,2,1
20898,10,1.734855084232751e-4,2,1
20898,12,1.4728630305941784e-4,2,1
20952,7,1.7627081556111278e-4,2,1
20952,2,0,2,1
20952,13,9.390386147703012e-5,2,1
20952,5,5.133722764540319e-4,2,1
20952,1,0,2,1
20952,19,6.359910407326617e-5,2,1
20952,17,3.345222693190184e-5,2,1
20952,11,6.0590370537656914e-5,2,1
20952,6,2.680960228209859e-4,2,1
20952,9,1.0890453453183854e-4,2,1
20952,4,3.622429946907019e-4,2,1
20952,8,1.5125138669178518e-4,2,1
20952,3,1.660907272970585e-6,2,1
20952,10,3.6343936298165655e-5,2,1
20952,12,5.934006752474138e-5,2,1
20996,7,3.8269937012406054e-4,2,1
20996,2,1.0842952474159504e-4,2,1
20996,13,1.4849330628234362e-4,2,1
20996,5,9.130505223475456e-4,2,1
20996,1,7.277034982243745e-5,2,1
20996,19,9.385996810812667e-5,2,1
20996,17,1.1551025367938757e-4,2,1
20996,11,1.5948787616730354e-4,2,1
20996,6,4.7401007837170504e-4,2,1
20996,9,8.638320019522603e-5,2,1
20996,4,8.42911583799518e-4,2,1
20996,8,2.9084767528472874e-4,2,1
20996,3,2.2066339483752057e-4,2,1
20996,10,1.5304204425555692e-4,2,1
20996,12,1.508325222342032e-4,2,1
21023,7,1.3512537320202014e-4,2,1
21023,2,0,2,1
21023,13,9.440468207157428e-5,2,1
21023,5,2.2104743249362272e-4,2,1
21023,1,0,2,1
21023,19,2.5131904028951952e-5,2,1
21023,17,4.317338689501862e-5,2,1
21023,11,1.532285403679588e-4,2,1
21023,6,1.2681043817083893e-4,2,1
21023,9,7.250018587813614e-5,2,1
21023,4,4.7683717281881826e-4,2,1
21023,8,1.393313999997881e-4,2,1
21023,3,7.118174027016793e-7,2,1
21023,10,5.366409344026022e-5,2,1
21023,12,6.5723262039355e-5,2,1
21053,7,2.471064350770507e-4,2,1
21053,2,0,2,1
21053,13,1.0892847931335491e-4,2,1
21053,5,5.455127043240245e-4,2,1
21053,1,0,2,1
21053,19,7.154899208242444e-5,2,1
21053,17,4.803396687657701e-5,2,1
21053,11,1.6674870569454342e-4,2,1
21053,6,3.465880142932897e-4,2,1
21053,9,1.4006418888797364e-4,2,1
21053,4,3.681642744116077e-4,2,1
21053,8,2.783979114064207e-4,2,1
21053,3,4.7454493513445284e-7,2,1
21053,10,8.035417165922562e-5,2,1
21053,12,1.8724037242866603e-4,2,1
21140,7,1.0987703357257692e-4,6,3
21140,2,1.831503889417615e-4,6,3
21140,13,1.3021335458148175e-4,6,3
21140,5,3.179060008365257e-4,6,3
21140,1,1.841002873993935e-4,6,3
21140,19,8.2063360094537e-5,6,3
21140,17,8.291577615599603e-5,6,3
21140,11,7.060530781660847e-5,6,3
21140,6,1.684009998860337e-4,6,3
21140,9,6.787251443910617e-5,6,3
21140,4,4.179726861815792e-4,6,3
21140,8,7.284436311775994e-5,6,3
21140,3,9.656989429986116e-5,6,3
21140,10,1.3969700514607423e-4,6,3
21140,12,6.761457893257384e-5,6,3
21152,7,0.00135476044585762,2,1
21152,2,1.9719566416735677e-4,2,1
21152,13,3.9314416671716606e-4,2,1
21152,5,0.00315107378545805,2,1
21152,1,1.3365390943483532e-4,2,1
21152,19,2.6978329631079036e-4,2,1
21152,17,2.8563055303393114e-4,2,1
21152,11,2.6539583789221625e-4,2,1
21152,6,0.00171561067075178,2,1
21152,9,7.296295302203913e-4,2,1
21152,4,0.00187147270237802,2,1
21152,8,0.00128153101368626,2,1
21152,3,2.0618977431591975e-4,2,1
21152,10,5.922925868591684e-4,2,1
21152,12,5.962376505872421e-4,2,1
21174,7,7.787242528303272e-4,2,1
21174,2,2.9214172469238037e-5,2,1
21174,13,4.219413509034554e-4,2,1
21174,5,0.00169775797558158,2,1
21174,1,0,2,1
21174,19,2.2670003226115843e-4,2,1
21174,17,9.806934903967806e-5,2,1
21174,11,2.5888612866089775e-4,2,1
21174,6,0.0010544430646617,2,1
21174,9,4.7078844106398187e-4,2,1
21174,4,0.00101532531684941,2,1
21174,8,6.479174988583302e-4,2,1
21174,3,3.32181454594117e-6,2,1
21174,10,4.4663290466417634e-4,2,1
21174,12,3.3901855310947864e-4,2,1
21176,7,5.189936479385549e-5,8,2
21176,2,0,8,2
21176,13,2.504102972720803e-7,8,2
21176,5,5.837751184549681e-5,8,2
21176,1,1.8844911308599337e-5,8,2
21176,19,6.66764800768113e-6,8,2
21176,17,1.5439489353185468e-5,8,2
21176,11,0,8,2
21176,6,4.648356897580591e-5,8,2
21176,9,2.591496005856781e-5,8,2
21176,4,0,8,2
21176,8,2.3575084790838668e-5,8,2
21176,3,0,8,2
21176,10,2.5554330209647724e-5,8,2
21176,12,1.4894120534098434e-5,8,2
21248,7,5.5873640476267845e-5,5,5
21248,2,2.5281495406071378e-5,5,5
21248,13,2.0283234079038503e-5,5,5
21248,5,6.51554252058354e-5,5,5
21248,1,4.0299118029158585e-5,5,5
21248,19,3.5902720041359933e-5,5,5
21248,17,2.8019814011336588e-5,5,5
21248,11,7.511202959213667e-7,5,5
21248,6,4.444481595055127e-5,5,5
21248,9,3.301072293174709e-5,5,5
21248,4,1.044931715453948e-6,5,5
21248,8,5.0593721292698714e-5,5,5
21248,3,4.7691765981012506e-5,5,5
21248,10,1.1073543090847347e-5,5,5
21248,12,3.782633786437698e-5,5,5
21330,7,1.297484119846387e-4,8,2
21330,2,1.9157755407711867e-4,8,2
21330,13,5.008205945441606e-7,8,2
21330,5,3.2249749053223895e-4,8,2
21330,1,6.900136756071758e-5,8,2
21330,19,9.66808961113764e-5,8,2
21330,17,8.177211027798229e-5,8,2
21330,11,2.053062142185069e-5,8,2
21330,6,1.9572029042444592e-4,8,2
21330,9,8.915980305864402e-5,8,2
21330,4,4.939043908378994e-4,8,2
21330,8,9.562478212913212e-5,8,2
21330,3,3.5211234186976396e-4,8,2
21330,10,2.4986456204988887e-5,8,2
21330,12,6.78509935442262e-5,8,2
21392,7,2.3845654094474144e-5,6,3
21392,2,1.609588540853211e-4,6,3
21392,13,0,6,3
21392,5,7.21519809326365e-5,6,3
21392,1,1.0611134675303628e-4,6,3
21392,19,0,6,3
21392,17,0,6,3
21392,11,4.882281923488884e-5,6,3
21392,6,4.3017688832873016e-5,6,3
21392,9,3.085114292686644e-7,6,3
21392,4,3.796585232816011e-5,6,3
21392,8,2.383997338399416e-5,6,3
21392,3,9.823080157283174e-5,6,3
21392,10,2.839370023294192e-7,6,3
21392,12,4.728292233047122e-7,6,3
21415,7,3.733481332242667e-4,2,1
21415,2,1.067440917145236e-5,2,1
21415,13,1.447371518232624e-4,2,1
21415,5,4.945690329382538e-4,2,1
21415,1,0,2,1
21415,19,1.7669267220354995e-4,2,1
21415,17,1.0378767842974676e-4,2,1
21415,11,1.1341916468412635e-4,2,1
21415,6,3.2803536176347244e-4,2,1
21415,9,2.0084094045390053e-4,2,1
21415,4,4.179726861815792e-6,2,1
21415,8,3.202503091249882e-4,2,1
21415,3,2.3727246756722642e-7,2,1
21415,10,2.40494640973018e-4,2,1
21415,12,1.6430815509838747e-4,2,1
21543,7,2.524833962944321e-5,6,3
21543,2,1.9579113664479724e-4,6,3
21543,13,2.353856794357555e-5,6,3
21543,5,8.002310612528776e-5,6,3
21543,1,1.7656232287595382e-4,6,3
21543,19,6.411200007385703e-6,6,3
21543,17,2.6590231663819416e-5,6,3
21543,11,0,6,3
21543,6,5.667733410207914e-5,6,3
21543,9,1.1106411453671918e-5,6,3
21543,4,1.4977354588173255e-4,6,3
21543,8,3.0991965399192406e-5,6,3
21543,3,1.5470164885383162e-4,6,3
21543,10,0,6,3
21543,12,0,6,3
21549,7,3.317351290201844e-4,6,3
21549,2,2.9495077973749943e-4,6,3
21549,13,1.2695802071694472e-4,6,3
21549,5,8.072276169796787e-4,6,3
21549,1,4.015415717293859e-4,6,3
21549,19,1.0924684812585236e-4,6,3
21549,17,1.2923424421555242e-4,6,3
21549,11,2.3560139948733535e-4,6,3
21549,6,3.673832951508871e-4,6,3
21549,9,2.0145796331243787e-4,6,3
21549,4,4.2110748132794104e-4,6,3
21549,8,3.570698235736014e-4,6,3
21549,3,3.829577626535034e-4,6,3
21549,10,2.504324360545477e-4,6,3
21549,12,8.936472320459061e-5,6,3
21555,7,1.264754790697109e-4,2,1
21555,2,0,2,1
21555,13,9.190057909885348e-5,2,1
21555,5,3.3845838328400396e-4,2,1
21555,1,0,2,1
21555,19,3.5389824040769075e-5,2,1
21555,17,5.832695977870065e-5,2,1
21555,11,3.5803400772251814e-5,2,1
21555,6,1.575956088521841e-4,2,1
21555,9,6.046824013665822e-5,2,1
21555,4,1.9575054136170624e-4,2,1
21555,8,1.0383632851695234e-4,2,1
21555,3,3.938722961615958e-5,2,1
21555,10,1.0193338383626148e-4,2,1
21555,12,5.4848189903346616e-5,2,1
21737,7,1.0216226313024709e-4,2,1
21737,2,7.247362016407128e-5,2,1
21737,13,2.353856794357555e-5,2,1
21737,5,2.0902210233818337e-4,2,1
21737,1,6.494246358655772e-5,2,1
21737,19,1.5386880017725684e-5,2,1
21737,17,2.8591646950343457e-7,2,1
21737,11,1.7250729462994056e-4,2,1
21737,6,1.2191743091022e-4,2,1
21737,9,3.6095837224433735e-5,2,1
21737,4,1.0797627726357462e-4,2,1
21737,8,9.085678745233328e-5,2,1
21737,3,4.318358909723521e-5,2,1
21737,10,1.703622013976515e-5,2,1
21737,12,2.8606168009935086e-5,2,1
21743,7,1.054351960451749e-4,2,1
21743,2,0,2,1
21743,13,2.0032823781766425e-5,2,1
21743,5,3.2708898022795215e-4,2,1
21743,1,0,2,1
21743,19,3.5389824040769075e-5,2,1
21743,17,9.17791867106025e-5,2,1
21743,11,1.2443559569097308e-4,2,1
21743,6,1.6248861611279524e-4,2,1
21743,9,9.347896306840533e-5,2,1
21743,4,1.7937994448626106e-4,2,1
21743,8,9.986299961961998e-5,2,1
21743,3,4.7454493513445284e-7,2,1
21743,10,8.518110069882575e-7,2,1
21743,12,8.889189398128589e-5,2,1
21776,7,5.907643911444722e-4,2,1
21776,2,0,2,1
21776,13,2.7920748145836955e-4,2,1
21776,5,8.638559898934752e-4,2,1
21776,1,0,2,1
21776,19,1.7489753620148195e-4,2,1
21776,17,1.8727528752474963e-4,2,1
21776,11,4.644427163113784e-4,2,1
21776,6,5.741128519117082e-4,2,1
21776,9,3.865648208736365e-4,2,1
21776,4,4.674327873797327e-4,2,1
21776,8,5.448758361208443e-4,2,1
21776,3,2.1354522081050376e-6,2,1
21776,10,3.05516214506455e-4,2,1
21776,12,3.1301294582771947e-4,2,1
21834,7,7.410855243086572e-5,2,1
21834,2,2.0225196324857105e-5,2,1
21834,13,0,2,1
21834,5,2.3110498135089935e-4,2,1
21834,1,1.2756555347359553e-5,2,1
21834,19,5.641856006499418e-6,2,1
21834,17,1.5439489353185468e-5,2,1
21834,11,4.556796461922958e-5,2,1
21834,6,8.399662464049139e-5,2,1
21834,9,2.6531982917105137e-5,2,1
21834,4,3.591081995443401e-4,2,1
21834,8,2.9137745247103973e-5,2,1
21834,3,1.70836176648403e-5,2,1
21834,10,1.8739842153741665e-5,2,1
21834,12,1.3712047475836654e-5,2,1
21918,7,5.961413523618536e-5,5,5
21918,2,2.3034251369976144e-5,5,5
21918,13,7.11165244252708e-5,5,5
21918,5,1.386192603372471e-4,5,5
21918,1,2.5513110694719105e-5,5,5
21918,19,2.3336768026883957e-5,5,5
21918,17,6.576078798578995e-6,5,5
21918,11,0,5,5
21918,6,7.951136798493117e-5,5,5
21918,9,0,5,5
21918,4,3.169626203543642e-5,5,5
21918,8,5.0328832699543226e-5,5,5
21918,3,0,5,5
21918,10,1.760409414442399e-5,5,5
21918,12,0,5,5
21920,7,1.45879295636783e-4,6,3
21920,2,3.207940861525946e-4,6,3
21920,13,5.0582880048960224e-5,6,3
21920,5,2.977909031219725e-4,6,3
21920,1,3.754486176097869e-4,6,3
21920,19,3.6672064042246214e-5,6,3
21920,17,1.8012737578716378e-5,6,3
21920,11,1.62492357350989e-4,6,3
21920,6,2.103993122062794e-4,6,3
21920,9,1.4345781460992896e-4,6,3
21920,4,1.7102049076262948e-4,6,3
21920,8,1.2396786159676965e-4,6,3
21920,3,3.962450208372681e-4,6,3
21920,10,1.0392094285256742e-4,6,3
21920,12,5.4375360680041904e-5,6,3
21927,7,2.2583237113001984e-4,2,1
21927,2,8.904704493027363e-5,2,1
21927,13,9.089893790976516e-5,2,1
21927,5,4.403457260555452e-4,2,1
21927,1,1.3887250025875514e-4,2,1
21927,19,1.1052908812732952e-4,2,1
21927,17,4.202972101700488e-5,2,1
21927,11,1.1391991154807397e-4,2,1
21927,6,2.717657782664442e-4,2,1
21927,9,1.274152202879584e-4,2,1
21927,4,2.3719949940804617e-4,2,1
21927,8,1.2635185893516903e-4,2,1
21927,3,1.1246714962686532e-4,2,1
21927,10,6.133039250315454e-5,2,1
21927,12,8.676416247641469e-5,2,1
22008,7,1.290470692171542e-4,2,1
22008,2,1.3202558712059498e-4,2,1
22008,13,4.106728875262117e-5,2,1
22008,5,2.7701987830803165e-4,2,1
22008,1,2.6672797544479065e-5,2,1
22008,19,4.949446405701762e-5,2,1
22008,17,1.8012737578716378e-5,2,1
22008,11,1.0615833515688648e-4,2,1
22008,6,1.9531253981939505e-4,2,1
22008,9,7.095762873179282e-5,2,1
22008,4,7.035873550723249e-5,2,1
22008,8,9.8803445246998e-5,2,1
22008,3,1.1436532936740312e-4,2,1
22008,10,6.644125854508409e-5,2,1
22008,12,2.7424094951673308e-5,2,1
22031,7,2.4897668245700945e-4,2,1
22031,2,2.7809644946678516e-5,2,1
22031,13,8.964688642340475e-5,2,1
22031,5,6.578948806857674e-4,2,1
22031,1,7.045097612291753e-5,2,1
22031,19,1.2001766413826036e-4,2,1
22031,17,1.4524556650774475e-4,2,1
22031,11,1.264385831467634e-4,2,1
22031,6,3.885863266135354e-4,2,1
22031,9,7.342572016594212e-5,2,1
22031,4,1.1494248869993428e-4,2,1
22031,8,2.240957498095451e-4,2,1
22031,3,5.718266468370156e-5,2,1
22031,10,1.1300692692710883e-4,2,1
22031,12,2.089905167006828e-4,2,1
22088,7,3.717116667668029e-5,12,19
22088,2,8.427165135357126e-6,12,19
22088,13,1.552543843086898e-5,12,19
22088,5,0,12,19
22088,1,0,12,19
22088,19,2.025939202333882e-5,12,19
22088,17,1.1722575249640818e-5,12,19
22088,11,2.1281741717772056e-5,12,19
22088,6,2.3241784487902956e-5,12,19
22088,9,1.7276640039045206e-5,12,19
22088,4,0,12,19
22088,8,3.3640851330747315e-5,12,19
22088,3,0,12,19
22088,10,2.9529448242259592e-5,12,19
22088,12,2.364146116523561e-7,12,19
22091,7,1.285795073721645e-5,9,18
22091,2,5.899015594749989e-5,9,18
22091,13,7.512308918162409e-6,9,18
22091,5,4.307254619311937e-5,9,18
22091,1,2.4643345557399136e-5,9,18
22091,19,0,9,18
22091,17,0,9,18
22091,11,7.260829527239878e-6,9,18
22091,6,1.1009266336375084e-5,9,18
22091,9,7.0957628731792815e-6,9,18
22091,4,2.1351438052442335e-4,9,18
22091,8,5.297771863109813e-6,9,18
22091,3,2.3727246756722642e-7,9,18
22091,10,9.369921076870833e-6,9,18
22091,12,2.364146116523561e-7,9,18
22237,7,1.4658063840426754e-4,6,3
22237,2,8.71087969491415e-4,6,3
22237,13,1.1869448090696606e-4,6,3
22237,5,2.5559292639470326e-4,6,3
22237,1,7.535065306315335e-4,6,3
22237,19,4.410905605081363e-5,6,3
22237,17,9.378060199712656e-5,6,3
22237,11,2.66898078484059e-4,6,3
22237,6,1.5657623233955676e-4,6,3
22237,9,8.422362019034538e-5,6,3
22237,4,7.297106479586736e-4,6,3
22237,8,1.2926563345987946e-4,6,3
22237,3,4.232940821399319e-4,6,3
22237,10,1.095996828991558e-4,6,3
22237,12,7.305211500057803e-5,6,3
22239,7,1.0333116774272127e-4,2,1
22239,2,0,2,1
22239,13,8.51395010725073e-5,2,1
22239,5,1.7797488630050338e-4,2,1
22239,1,2.8992171243998984e-7,2,1
22239,19,2.974796803426966e-5,2,1
22239,17,2.201556815176446e-5,2,1
22239,11,1.4020912190532178e-5,2,1
22239,6,1.3435382436428114e-4,2,1
22239,9,2.437240291222449e-5,2,1
22239,4,3.935909461543204e-5,2,1
22239,8,5.562660456265304e-5,2,1
22239,3,0,2,1
22239,10,1.6667102036736905e-4,2,1
22239,12,4.113614242750996e-5,2,1
22256,7,3.567496877271328e-4,4,9
22256,2,1.7697046784249967e-5,4,9
22256,13,4.557467410351862e-5,4,9
22256,5,6.111054142627849e-4,4,9
22256,1,0,4,9
22256,19,5.641856006499418e-5,4,9
22256,17,4.831988334608044e-5,4,9
22256,11,1.852763396606038e-4,4,9
22256,6,3.306857406963035e-4,4,9
22256,9,2.184260919222144e-4,4,9
22256,4,4.876348005451757e-6,4,9
22256,8,2.508494977182497e-4,4,9
22256,3,8.328263611609646e-5,4,9
22256,10,1.3288251709016818e-4,4,9
22256,12,1.049680875736461e-4,4,9
22257,7,5.615417758326166e-4,2,1
22257,2,2.443877889253567e-4,2,1
22257,13,2.1885859981579816e-4,2,1
22257,5,0.00122527182165604,2,1
22257,1,2.8499304332851e-4,2,1
22257,19,1.5002208017282544e-4,2,1
22257,17,1.9814011336588016e-4,2,1
22257,11,2.981947574807826e-4,2,1
22257,6,7.484262355709803e-4,2,1
22257,9,2.6562834060032004e-4,2,1
22257,4,0.00121212078992657,2,1
22257,8,3.769364680602632e-4,2,1
22257,3,1.9124160885918449e-4,2,1
22257,10,2.578147981151126e-4,2,1
22257,12,2.912628015557027e-4,2,1
22400,7,0.00157708610315022,2,1
22400,2,1.460708623461902e-4,2,1
22400,13,0.00101992114078918,2,1
22400,5,0.00417213363683809,2,1
22400,1,8.436721832003704e-5,2,1
22400,19,9.196225290594052e-4,2,1
22400,17,7.31660245459289e-4,2,1
22400,11,8.262323255135034e-4,2,1
22400,6,0.00232173194515999,2,1
22400,9,7.546189559911531e-4,2,1
22400,4,0.00146116284877643,2,1
22400,8,0.00148761433916123,2,1
22400,3,2.7808333198878937e-4,2,1
22400,10,8.600451800558107e-4,2,1
22400,12,0.00112722486835843,2,1
22442,7,2.246634665175456e-4,2,1
22442,2,0,2,1
22442,13,9.740960563883924e-5,2,1
22442,5,6.644541516796434e-4,2,1
22442,1,1.0727103360279624e-5,2,1
22442,19,3.256889603751937e-5,2,1
22442,17,6.347345622976247e-5,2,1
22442,11,4.807169893896747e-5,2,1
22442,6,2.5892163420734e-4,2,1
22442,9,1.2926628886357038e-4,2,1
22442,4,3.6642272155251775e-4,2,1
22442,8,2.1402998326963647e-4,2,1
22442,3,1.8981797405378112e-6,2,1
22442,10,6.360188852178989e-5,2,1
22442,12,1.196257934960922e-4,2,1
22479,7,8.631191658509661e-4,2,1
22479,2,7.97771632813808e-5,2,1
22479,13,2.6092752975750765e-4,2,1
22479,5,0.00165118715152506,2,1
22479,1,2.4353423844959146e-5,2,1
22479,19,1.5412524817755229e-4,2,1
22479,17,2.51320576693519e-4,2,1
22479,11,1.900334348681058e-4,2,1
22479,6,7.604548784199827e-4,2,1
22479,9,4.331500466932048e-4,2,1
22479,4,7.314522008177636e-5,2,1
22479,8,6.312295174895343e-4,2,1
22479,3,5.93181168918066e-5,2,1
22479,10,2.2175479881927636e-4,2,1
22479,12,2.591104143709823e-4,2,1
22614,7,8.60313794781028e-5,2,1
22614,2,0,2,1
22614,13,2.8296363591745075e-5,2,1
22614,5,1.241888641507198e-4,2,1
22614,1,0,2,1
22614,19,7.257478408360615e-5,2,1
22614,17,3.1450811645377805e-5,2,1
22614,11,1.2518671598689444e-6,2,1
22614,6,7.217185709401445e-5,2,1
22614,9,5.182992011713562e-5,2,1
22614,4,7.976312094631803e-5,2,1
22614,8,3.602484866914673e-5,2,1
22614,3,4.7454493513445284e-7,2,1
22614,10,5.8491022479860346e-5,2,1
22614,12,1.9149583543840845e-5,2,1
22678,7,4.144935755833594e-4,2,1
22678,2,0,2,1
22678,13,1.6727407857774964e-4,2,1
22678,5,8.883439349372792e-4,2,1
22678,1,0,2,1
22678,19,1.4822694417075745e-4,2,1
22678,17,7.891294558294794e-5,2,1
22678,11,6.885269379279195e-5,2,1
22678,6,5.237556521879184e-4,2,1
22678,9,1.5641529463921285e-4,2,1
22678,4,4.0229871044977e-4,2,1
22678,8,3.202503091249882e-4,2,1
22678,3,4.555631377290747e-5,2,1
22678,10,1.998916496399111e-4,2,1
22678,12,2.914992161673551e-4,2,1
22766,7,2.501455870694837e-5,2,1
22766,2,1.5730708252666635e-5,2,1
22766,13,0,2,1
22766,5,6.165714734243483e-5,2,1
22766,1,0,2,1
22766,19,7.436992008567415e-6,2,1
22766,17,0,2,1
22766,11,1.8026887102112803e-5,2,1
22766,6,3.5270427336905363e-05,2,1
22766,9,3.177667721467243e-5,2,1
22766,4,5.9909418352693015e-5,2,1
22766,8,2.066131026612827e-5,2,1
22766,3,2.3727246756722642e-7,2,1
22766,10,1.2777165104823862e-5,2,1
22766,12,1.1820730582617803e-5,2,1
22790,7,0.00144803903393306,2,1
22790,2,0,2,1
22790,13,0.00138301607183369,2,1
22790,5,0.00301835786901529,2,1
22790,1,0,2,1
22790,19,6.213735047158222e-4,2,1
22790,17,7.831252099699073e-4,2,1
22790,11,0.00132522657543726,2,1
22790,6,0.00187565278323427,2,1
22790,9,9.18438524932814e-4,2,1
22790,4,0.00292824697727378,2,1
22790,8,0.00128682878554937,2,1
22790,3,8.660445066203764e-5,2,1
22790,10,8.234173067553156e-4,2,1
22790,12,0.00113526296515461,2,1
22811,7,9.397993084292752e-5,5,5
22811,2,1.2359842198523784e-5,5,5
22811,13,2.328815764630347e-5,5,5
22811,5,2.197355782948475e-4,5,5
22811,1,2.4643345557399136e-5,5,5
22811,19,2.3849664027474813e-5,5,5
22811,17,2.8019814011336588e-5,5,5
22811,11,5.007468639475779e-7,5,5
22811,6,1.0764615973344528e-4,5,5
22811,9,1.1414922882940585e-5,5,5
22811,4,1.1285262526902638e-4,5,5
22811,8,6.940081140673856e-5,5,5
22811,3,3.986177455129404e-5,5,5
22811,10,5.139259742162487e-5,5,5
22811,12,7.825323645692987e-5,5,5
22824,7,0.0016547013694185,2,1
22824,2,1.1460944584085692e-4,2,1
22824,13,9.315263058521388e-4,2,1
22824,5,0.00364935973862616,2,1
22824,1,1.284353186109155e-4,2,1
22824,19,6.031656966948469e-4,2,1
22824,17,6.944911044238426e-4,2,1
22824,11,6.074059459684119e-4,2,1
22824,6,0.00198982295264853,2,1
22824,9,8.07065898966826e-4,2,1
22824,4,0.00141448923215282,2,1
22824,8,0.00135622959695611,2,1
22824,3,2.6099971432394905e-5,2,1
22824,10,6.857078606255473e-4,2,1
22824,12,7.969536558800924e-4,2,1
22834,7,0.0153224692221571,1,6
22834,2,0,1,6
22834,13,0.01659644327230166,1,6
22834,5,0.00332270804313114,1,6
22834,1,5.798434248799797e-7,1,6
22834,19,0.02536014274921488,1,6
22834,17,0.02375222478752832,1,6
22834,11,0.01536641901395932,1,6
22834,6,0.01193261758151291,1,6
22834,9,0.0178476946946215,1,6
22834,4,8.916750638540356e-5,1,6
22834,8,0.01790223067982068,1,6
22834,3,2.1354522081050376e-6,1,6
22834,10,0.0174189672189052,1,6
22834,12,0.01674642901639464,1,6
22873,7,0.00208649473326648,2,1
22873,2,0,2,1
22873,13,0.00164569647367211,2,1
22873,5,0.00489715172402785,2,1
22873,1,0,2,1
22873,19,0.00171102105797109,2,1
22873,17,0.00123687464707185,2,1
22873,11,0.00123784624767841,2,1
22873,6,0.00259818685538452,2,1
22873,9,0.00109058790246472,2,1
22873,4,0.00290665172182106,2,1
22873,8,0.0017175376380202,2,1
22873,3,6.406356624315113e-6,2,1
22873,10,0.00122632391306076,2,1
22873,12,0.00164284513637222,2,1
22885,7,3.810629036665966e-5,2,1
22885,2,2.359606237899995e-5,2,1
22885,13,0,2,1
22885,5,1.248447912501074e-4,2,1
22885,1,2.3193736995199182e-5,2,1
22885,19,1.3848192015953116e-5,2,1
22885,17,1.8012737578716378e-5,2,1
22885,11,2.5037343197378893e-7,2,1
22885,6,7.380285951421816e-5,2,1
22885,9,1.0180877165865924e-5,2,1
22885,4,1.20515457849022e-4,2,1
22885,8,2.6488859315549068e-5,2,1
22885,3,7.118174027016793e-7,2,1
22885,10,0,2,1
22885,12,1.3712047475836654e-5,2,1
22954,7,0.00277334308355634,1,6
22954,2,2.809055045119042e-7,1,6
22954,13,0.00269616767072848,1,6
22954,5,8.741321811172143e-4,1,6
22954,1,7.798894064635726e-5,1,6
22954,19,0.00194644032224229,1,6
22954,17,0.00260755820187132,1,6
22954,11,0.00278039696206892,1,6
22954,6,0.00289604867237422,1,6
22954,9,0.0028827307950864,1,6
22954,4,1.842562924917128e-4,1,6
22954,8,0.00306025791672538,1,6
22954,3,4.7454493513445284e-7,1,6
22954,10,0.00281126026006357,1,6
22954,12,0.00276936076089569,1,6
23002,7,8.60313794781028e-5,13,10
23002,2,2.5000589901559476e-5,13,10
23002,13,5.534067569712975e-5,13,10
23002,5,3.279635496938023e-6,13,10
23002,1,0,13,10
23002,19,2.154163202481596e-5,13,10
23002,17,1.6011322292192337e-5,13,10
23002,11,4.757095207501989e-6,13,10
23002,6,5.05610750263152e-5,13,10
23002,9,8.607468876595737e-5,13,10
23002,4,0,13,10
23002,8,8.50292384029125e-5,13,10
23002,3,0,13,10
23002,10,1.1357480093176766e-5,13,10
23002,12,3.9481240145943465e-5,13,10
23170,7,0.00100268637658038,2,1
23170,2,0,2,1
23170,13,3.405580042900292e-4,2,1
23170,5,0.00262042876205348,2,1
23170,1,2.058444158323928e-5,2,1
23170,19,2.9440230433915146e-4,2,1
23170,17,3.3452226931901844e-4,2,1
23170,11,4.0435309263766906e-4,2,1
23170,6,0.00137248853660142,2,1
23170,9,4.831288982347285e-4,2,1
23170,4,8.324622666449785e-4,2,1
23170,8,8.171813098846887e-4,2,1
23170,3,2.372724675672264e-6,2,1
23170,10,6.41413688262158e-4,2,1
23170,12,4.425681530132106e-4,2,1
23184,7,1.627115220564118e-4,11,11
23184,2,0,11,11
23184,13,1.4573879301235074e-4,11,11
23184,5,2.6652504471783e-4,11,11
23184,1,3.7979744329638665e-05,11,11
23184,19,2.9235072033678803e-5,11,11
23184,17,6.661853739430026e-5,11,11
23184,11,5.007468639475779e-7,11,11
23184,6,2.1284581583658495e-4,11,11
23184,9,9.255342878059932e-7,11,11
23184,4,3.336815278016274e-4,11,11
23184,8,1.395962885929436e-4,11,11
23184,3,3.7726322343189e-5,11,11
23184,10,1.8171968149082827e-5,11,11
23184,12,7.494343189379688e-5,11,11
23271,7,4.638213502297716e-4,2,1
23271,2,0,2,1
23271,13,2.654349151084051e-4,2,1
23271,5,0.00108446613765417,2,1
23271,1,0,2,1
23271,19,2.1798080025111388e-4,2,1
23271,17,1.2380183129498718e-4,2,1
23271,11,2.571335146370812e-4,2,1
23271,6,6.110142816688172e-4,2,1
23271,9,2.212026947856324e-4,2,1
23271,4,8.899335109949457e-4,2,1
23271,8,4.312386296571388e-4,2,1
23271,3,1.660907272970585e-6,2,1
23271,10,1.7263369741628686e-4,2,1
23271,12,3.4729306451731113e-4,2,1
23346,7,7.644636165581416e-5,2,1
23346,2,3.0056888982773752e-5,2,1
23346,13,2.554185032175219e-5,2,1
23346,5,2.1426951913328416e-4,2,1
23346,1,3.334099693059883e-5,2,1
23346,19,1.9233600022157103e-5,2,1
23346,17,1.1436658780137382e-5,2,1
23346,11,4.156198970764896e-5,2,1
23346,6,8.358887403544046e-5,2,1
23346,9,4.689373724883699e-5,2,1
23346,4,4.075233690270397e-5,2,1
23346,8,6.410303954362874e-5,2,1
23346,3,4.436995143507134e-5,2,1
23346,10,3.577606229350682e-5,2,1
23346,12,3.4752947912896345e-5,2,1
23381,7,1.8071265308851483e-4,2,1
23381,2,3.707952659557136e-5,2,1
23381,13,1.1018053079971532e-4,2,1
23381,5,3.651327519924332e-4,2,1
23381,1,2.1454206720559248e-5,2,1
23381,19,5.872659206765304e-5,2,1
23381,17,3.974238926097741e-5,2,1
23381,11,9.614339787793494e-5,2,1
23381,6,1.9572029042444592e-4,2,1
23381,9,9.317045163913664e-5,2,1
23381,4,1.044931715453948e-6,2,1
23381,8,1.586682673001389e-4,2,1
23381,3,4.7454493513445284e-7,2,1
23381,10,4.031905433077752e-5,2,1
23381,12,1.00239795340599e-4,2,1
23382,7,1.6364664574639118e-6,6,3
23382,2,5.028208530763086e-5,6,3
23382,13,0,6,3
23382,5,2.033374008101574e-5,6,3
23382,1,7.798894064635726e-5,6,3
23382,19,0,6,3
23382,17,1.4867656414178596e-5,6,3
23382,11,3.2798919588566346e-5,6,3
23382,6,1.1009266336375084e-5,6,3
23382,9,0,6,3
23382,4,1.6022286303627202e-5,6,3
23382,8,0,6,3
23382,3,1.0843351767822248e-4,6,3
23382,10,2.839370023294192e-7,6,3
23382,12,7.328852961223039e-6,6,3
23394,7,2.2700127574249403e-4,3,16
23394,2,2.078700733388091e-5,3,16
23394,13,5.909683015621095e-5,3,16
23394,5,8.745694658501394e-6,3,16
23394,1,3.1311544943518904e-5,3,16
23394,19,6.642003207651587e-5,3,16
23394,17,6.375937269926591e-5,3,16
23394,11,8.087061852753381e-5,3,16
23394,6,9.439426506929008e-5,3,16
23394,9,1.0890453453183854e-4,3,16
23394,4,0,3,16
23394,8,2.111162087449261e-4,3,16
23394,3,0,3,16
23394,10,1.2180897399932082e-4,3,16
23394,12,5.532101912665133e-5,3,16
23443,7,4.285204309330501e-4,2,1
23443,2,1.3764369721083309e-5,2,1
23443,13,1.537519225250573e-4,2,1
23443,5,0.00104336137275921,2,1
23443,1,1.8844911308599337e-5,2,1
23443,19,9.103904010487696e-5,2,1
23443,17,9.235101964960936e-5,2,1
23443,11,3.930862881988486e-5,2,1
23443,6,5.276292829359022e-4,2,1
23443,9,1.3759609745382434e-4,2,1
23443,4,8.178332226286232e-4,2,1
23443,8,3.6263248402986675e-4,2,1
23443,3,2.6099971432394904e-6,2,1
23443,10,2.3822314495438267e-4,2,1
23443,12,2.0851768747737808e-4,2,1
23498,7,6.230261584487607e-4,2,1
23498,2,0,2,1
23498,13,1.6977818155047044e-4,2,1
23498,5,8.330274162222578e-4,2,1
23498,1,5.798434248799797e-7,2,1
23498,19,1.4181574416337174e-4,2,1
23498,17,7.262278325387237e-5,2,1
23498,11,1.6374422451085794e-4,2,1
23498,6,6.169266654420557e-4,2,1
23498,9,1.8664941470754196e-4,2,1
23498,4,4.3016355619520855e-4,2,1
23498,8,4.171995342198978e-4,2,1
23498,3,4.7454493513445284e-7,2,1
23498,10,1.7178188640929858e-4,2,1
23498,12,2.6998548650699066e-4,2,1
23524,7,3.553470021921637e-4,2,1
23524,2,4.775393576702372e-5,2,1
23524,13,1.409809973641812e-4,2,1
23524,5,7.947650020913142e-4,2,1
23524,1,1.826506788371936e-5,2,1
23524,19,1.6104934418552884e-4,2,1
23524,17,1.0178626314322272e-4,2,1
23524,11,4.166213908043847e-4,2,1
23524,6,4.703403229262467e-4,2,1
23524,9,2.357027319612596e-4,2,1
23524,4,3.845348712870528e-4,2,1
23524,8,2.948210041820611e-4,2,1
23524,3,1.4236348054033583e-6,2,1
23524,10,1.067603128758616e-4,2,1
23524,12,1.8487622631214247e-4,2,1
23545,7,2.604319476592568e-4,2,1
23545,2,2.6124211919607092e-5,2,1
23545,13,1.2420350744695184e-4,2,1
23545,5,5.599431005105518e-4,2,1
23545,1,8.900596571907688e-5,2,1
23545,19,8.001177609217356e-5,2,1
23545,17,5.746921037019035e-5,2,1
23545,11,1.5172629977611607e-4,2,1
23545,6,3.896057031261627e-4,2,1
23545,9,1.570323174977502e-4,2,1
23545,4,4.935560802660815e-4,2,1
23545,8,2.640939273760242e-4,2,1
23545,3,1.660907272970585e-6,2,1
23545,10,1.570171622881688e-4,2,1
23545,12,7.919889490353929e-5,2,1
23566,7,7.03680576709482e-5,2,1
23566,2,0,2,1
23566,13,4.256975053625365e-5,2,1
23566,5,1.0953982559772996e-4,2,1
23566,1,0,2,1
23566,19,1.2822400014771404e-5,2,1
23566,17,2.1729651682261023e-5,2,1
23566,11,1.9278754261981744e-5,2,1
23566,6,8.012299389250756e-5,2,1
23566,9,9.039384877571868e-5,2,1
23566,4,7.453846236904829e-5,2,1
23566,8,8.608879277553446e-5,2,1
23566,3,2.3727246756722642e-7,2,1
23566,10,3.2652755267883206e-5,2,1
23566,12,9.669357616581364e-5,2,1
23640,7,1.914665755232777e-4,2,1
23640,2,0,2,1
23640,13,8.238498780251442e-5,2,1
23640,5,3.7890722107957294e-4,2,1
23640,1,0,2,1
23640,19,1.041178881199438e-4,2,1
23640,17,1.1551025367938757e-4,2,1
23640,11,2.5037343197378893e-7,2,1
23640,6,2.358837250219625e-4,2,1
23640,9,1.0211728308792792e-4,2,1
23640,4,1.8739108763807464e-4,2,1
23640,8,1.2635185893516903e-4,2,1
23640,3,7.118174027016793e-7,2,1
23640,10,7.55272426196255e-5,2,1
23640,12,5.295687301012776e-5,2,1
23678,7,1.585034654515046e-4,2,1
23678,2,2.3034251369976144e-5,2,1
23678,13,4.95812388598719e-5,2,1
23678,5,4.383779447573824e-4,2,1
23678,1,0,2,1
23678,19,5.334118406144904e-5,2,1
23678,17,7.491011500989986e-5,2,1
23678,11,2.002987455790311e-6,2,1
23678,6,2.006132976850571e-4,2,1
23678,9,1.7122384324410873e-4,2,1
23678,4,3.9672574130068225e-4,2,1
23678,8,1.5654915855489498e-4,2,1
23678,3,7.118174027016793e-7,2,1
23678,10,8.29096046801904e-5,2,1
23678,12,7.990813873849637e-5,2,1
23694,7,3.651658009369472e-4,2,1
23694,2,9.663149355209504e-5,2,1
23694,13,1.3271745755420256e-4,2,1
23694,5,0.00103614617466595,2,1
23694,1,7.740909722147728e-5,2,1
23694,19,1.1976121613796491e-4,2,1
23694,17,1.9127811809779773e-4,2,1
23694,11,3.252350881339518e-4,2,1
23694,6,5.225324003727656e-4,2,1
23694,9,1.8819197185388528e-4,2,1
23694,4,6.617900864541671e-4,2,1
23694,8,3.144227600755674e-4,2,1
23694,3,1.2551713534306278e-4,2,1
23694,10,1.2180897399932082e-4,2,1
23694,12,1.4704988844776548e-4,2,1
23730,7,0.00148053458215985,2,1
23730,2,0,2,1
23730,13,8.230986471333279e-4,2,1
23730,5,0.00306864561330167,2,1
23730,1,0,2,1
23730,19,6.734324487757942e-4,2,1
23730,17,4.674734276381155e-4,2,1
23730,11,0.00117124691477338,2,1
23730,6,0.0018566923800994,2,1
23730,9,7.996616246643782e-4,2,1
23730,4,0.00217380627871602,2,1
23730,8,0.0012568963745228,2,1
23730,3,3.820086727832345e-5,2,1
23730,10,7.319895920052426e-4,2,1
23730,12,7.456516851515312e-4,2,1
23911,7,7.574501888832964e-5,2,1
23911,2,5.5900195397868936e-5,2,1
23911,13,1.677748991722938e-5,2,1
23911,5,2.877333542646959e-4,2,1
23911,1,4.116888316647856e-5,2,1
23911,19,0,2,1
23911,17,1.4295823475171728e-5,2,1
23911,11,0,2,1
23911,6,1.4169333525519784e-4,2,1
23911,9,3.085114292686644e-7,2,1
23911,4,5.00870602274259e-4,2,1
23911,8,6.595725969571718e-5,2,1
23911,3,4.7454493513445284e-7,2,1
23911,10,2.2147086181694695e-5,2,1
23911,12,0,2,1
23964,7,4.7106855882711175e-4,2,1
23964,2,0,2,1
23964,13,9.565673355793469e-5,2,1
23964,5,9.50875651745564e-4,2,1
23964,1,0,2,1
23964,19,5.616211206469875e-5,2,1
23964,17,7.205095031486551e-5,2,1
23964,11,8.637883403095718e-5,2,1
23964,6,6.369064450895512e-4,2,1
23964,9,2.156494890587964e-4,2,1
23964,4,6.513407692996275e-4,2,1
23964,8,3.642218155887997e-4,2,1
23964,3,6.38262937755839e-5,2,1
23964,10,1.5020267423226274e-4,2,1
23964,12,1.5863420441873094e-4,2,1
24064,7,6.312084907360803e-6,13,10
24064,2,1.1236220180476167e-5,13,10
24064,13,0,13,10
24064,5,6.559270993876046e-7,13,10
24064,1,5.160606481431819e-5,13,10
24064,19,0,13,10
24064,17,0,13,10
24064,11,2.5037343197378893e-7,13,10
24064,6,3.2620048404074326e-6,13,10
24064,9,1.3265991458552569e-5,13,10
24064,4,6.548238750178074e-5,13,10
24064,8,3.7084403041768694e-6,13,10
24064,3,9.989170884580232e-5,13,10
24064,10,3.747968430748333e-5,13,10
24064,12,1.6076193592360214e-5,13,10
24095,7,4.278190881655655e-5,7,4
24095,2,7.106909264151176e-5,7,4
24095,13,3.255333864537044e-5,7,4
24095,5,1.2681257254827023e-4,7,4
24095,1,1.649654543783542e-4,7,4
24095,19,0,7,4
24095,17,1.4867656414178596e-5,7,4
24095,11,2.5037343197378893e-7,7,4
24095,6,7.543386193442187e-5,7,4
24095,9,0,7,4
24095,4,1.0344823982994084e-4,7,4
24095,8,5.271283003794264e-5,7,4
24095,3,9.395989715662166e-5,7,4
24095,10,2.839370023294192e-7,7,4
24095,12,1.3002803640879583e-5,7,4
24142,7,4.628862265397922e-5,4,9
24142,2,0,4,9
24142,13,6.61083184798292e-5,4,9
24142,5,1.3184134697690852e-4,4,9
24142,1,0,4,9
24142,19,2.846572803279252e-5,4,9
24142,17,8.291577615599603e-6,4,9
24142,11,2.92936915409333e-5,4,9
24142,6,4.933782321116242e-5,4,9
24142,9,6.139377442446421e-5,4,9
24142,4,1.044931715453948e-6,4,9
24142,8,2.993241102657045e-5,4,9
24142,3,4.0810864421562945e-5,4,9
24142,10,4.287448735174229e-5,4,9
24142,12,3.4989362524548704e-5,4,9
24146,7,2.314431132698961e-5,12,19
24146,2,0,12,19
24146,13,2.7044312105384672e-5,12,19
24146,5,4.132340726141909e-5,12,19
24146,1,0,12,19
24146,19,1.205305601388512e-5,12,19
24146,17,5.718329390068691e-7,12,19
24146,11,1.0014937278951555e-6,12,19
24146,6,1.8756527832342736e-5,12,19
24146,9,3.331923436101575e-5,12,19
24146,4,3.4831057181798266e-7,12,19
24146,8,2.860796806079299e-5,12,19
24146,3,0,12,19
24146,10,2.3566771193341792e-5,12,19
24146,12,2.364146116523561e-7,12,19
24384,7,3.7919265628663787e-4,2,1
24384,2,4.5506691730928486e-5,2,1
24384,13,3.060013832664821e-4,2,1
24384,5,8.227512249985187e-4,2,1
24384,1,2.8992171243998984e-7,2,1
24384,19,1.4540601616750773e-4,2,1
24384,17,2.2959092501125797e-4,2,1
24384,11,1.94540156643634e-4,2,1
24384,6,4.0897385686608186e-4,2,1
24384,9,1.7708556040021338e-4,2,1
24384,4,6.032739103887459e-4,2,1
24384,8,3.176014231934333e-4,2,1
24384,3,4.816631091614696e-5,2,1
24384,10,0.00023140865689847664,2,1
24384,12,1.517781806808126e-4,2,1
24464,7,2.725885556289887e-4,2,1
24464,2,0,2,1
24464,13,1.1919530150151024e-4,2,1
24464,5,6.904725932886851e-4,2,1
24464,1,8.987573085639684e-6,2,1
24464,19,9.078259210458156e-5,2,1
24464,17,1.1122150663683604e-4,2,1
24464,11,2.0004837214705737e-4,2,1
24464,6,3.5617015351198654e-4,2,1
24464,9,2.1873460335148303e-4,2,1
24464,4,3.2044572607254403e-4,2,1
24464,8,2.0475888250919428e-4,2,1
24464,3,7.118174027016793e-7,2,1
24464,10,1.3657369812045063e-4,2,1
24464,12,1.1773447660287332e-4,2,1
24465,7,1.800113103210303e-5,6,3
24465,2,7.163090365053557e-5,6,3
24465,13,1.7528720809045622e-5,6,3
24465,5,2.8423507640129533e-5,6,3
24465,1,7.190058468511747e-5,6,3
24465,19,2.564480002954281e-7,6,3
24465,17,2.201556815176446e-5,6,3
24465,11,0,6,3
24465,6,3.2620048404074324e-5,6,3
24465,9,6.170228585373288e-7,6,3
24465,4,2.5426671742712734e-5,6,3
24465,8,1.562842699617395e-5,6,3
24465,3,8.375718105123092e-5,6,3
24465,10,1.391291311414154e-5,6,3
24465,12,2.364146116523561e-7,6,3
24641,7,2.798357642263289e-4,2,1
24641,2,0,2,1
24641,13,1.24704328041496e-4,2,1
24641,5,7.720261959792106e-4,2,1
24641,1,0,2,1
24641,19,1.2796755214741862e-4,2,1
24641,17,8.491719144252007e-5,2,1
24641,11,2.3635251978325672e-4,2,1
24641,6,4.230412527403389e-4,2,1
24641,9,1.015002602293906e-4,2,1
24641,4,3.768720387070573e-4,2,1
24641,8,2.158842034217249e-4,2,1
24641,3,1.186362337836132e-6,2,1
24641,10,1.7405338242793396e-4,2,1
24641,12,7.707116339866808e-5,2,1
24649,7,9.397993084292752e-5,2,1
24649,2,2.809055045119042e-7,2,1
24649,13,5.08332903462323e-5,2,1
24649,5,2.9997732678659e-4,2,1
24649,1,6.958121098559756e-6,2,1
24649,19,3.256889603751937e-5,2,1
24649,17,3.631139162693619e-5,2,1
24649,11,3.655452106817318e-5,2,1
24649,6,9.31710132541373e-5,2,1
24649,9,1.6659617180507876e-5,2,1
24649,4,1.044931715453948e-6,2,1
24649,8,5.5096827376342056e-5,2,1
24649,3,0,2,1
24649,10,3.492425128651856e-5,2,1
24649,12,6.501401820439792e-5,2,1
24651,7,0.00102302531683743,1,6
24651,2,0,1,6
24651,13,0.00913546846508003,1,6
24651,5,6.288154459462503e-4,1,6
24651,1,0,1,6
24651,19,0.00812940160936507,1,6
24651,17,0.0062692904268018,1,6
24651,11,0.00707555318757927,1,6
24651,6,7.741145236891888e-4,1,6
24651,9,0.0012365138085088,1,6
24651,4,9.961682353994304e-5,1,6
24651,8,9.353216224320376e-4,1,6
24651,3,2.3727246756722642e-7,1,6
24651,10,0.00409834669162283,1,6
24651,12,0.00851801845783439,1,6
24696,7,1.0450007235519552e-4,5,5
24696,2,1.9410570361772585e-4,5,5
24696,13,1.627666932268522e-5,5,5
24696,5,1.523937294243868e-4,5,5
24696,1,1.0611134675303628e-4,5,5
24696,19,3.128665603604223e-5,5,5
24696,17,4.1457888077998015e-5,5,5
24696,11,1.0014937278951555e-6,5,5
24696,6,1.3007244301124638e-4,5,5
24696,9,3.6095837224433735e-5,5,5
24696,4,2.730754883052984e-4,5,5
24696,8,7.125503155882698e-5,5,5
24696,3,6.952083299719734e-5,5,5
24696,10,4.202267634475404e-5,5,5
24696,12,1.066229898552126e-4,5,5
24786,7,1.795437484760406e-4,2,1
24786,2,2.134881834290472e-5,2,1
24786,13,1.0692519693517829e-4,2,1
24786,5,4.180442046763667e-4,2,1
24786,1,0,2,1
24786,19,5.154604805938105e-5,2,1
24786,17,7.405236560138955e-5,2,1
24786,11,1.4571733740874514e-4,2,1
24786,6,2.5504800345935613e-4,2,1
24786,9,1.2988331172210772e-4,2,1
24786,4,8.881919581358558e-5,2,1
24786,8,1.3509318250930024e-4,2,1
24786,3,4.7454493513445284e-7,2,1
24786,10,6.275007751480163e-5,2,1
24786,12,4.893782461203771e-5,2,1
24801,7,1.8959632814331893e-4,2,1
24801,2,4.466397521739277e-5,2,1
24801,13,9.114934820703724e-5,2,1
24801,5,6.119799837286351e-4,2,1
24801,1,1.0756095531523624e-4,2,1
24801,19,4.846867205583591e-5,2,1
24801,17,5.003538216310105e-5,2,1
24801,11,9.764563846977768e-5,2,1
24801,6,2.968424404770764e-4,2,1
24801,9,1.5024506605383956e-4,2,1
24801,4,6.854752053377898e-4,2,1
24801,8,1.6873403384004757e-4,2,1
24801,3,1.5114256184032323e-4,2,1
24801,10,5.650346346355442e-5,2,1
24801,12,9.929413689398955e-5,2,1
24804,7,2.3962544555721567e-4,2,1
24804,2,0,2,1
24804,13,3.9564826968988685e-5,2,1
24804,5,1.7185290003955242e-4,2,1
24804,1,0,2,1
24804,19,6.795872007828845e-5,2,1
24804,17,3.774097397445336e-5,2,1
24804,11,6.159186426555207e-5,2,1
24804,6,1.8471102408807087e-4,2,1
24804,9,1.595004089318995e-4,2,1
24804,4,3.587598889725221e-5,2,1
24804,8,1.9257400722404172e-4,2,1
24804,3,2.3727246756722642e-7,2,1
24804,10,1.8569479952344013e-4,2,1
24804,12,5.508460451499897e-5,2,1
24853,7,8.533003671061825e-5,2,1
24853,2,7.247362016407128e-5,2,1
24853,13,4.206892994170949e-5,2,1
24853,5,2.4794044356851453e-4,2,1
24853,1,2.4353423844959146e-5,2,1
24853,19,3.3594688038701084e-5,2,1
24853,17,3.7169141035446494e-5,2,1
24853,11,2.053062142185069e-4,2,1
24853,6,7.237573239653991e-5,2,1
24853,9,1.5734082892701884e-5,2,1
24853,4,3.716473801297874e-4,2,1
24853,8,6.25137079846958e-5,2,1
24853,3,9.15871724809494e-5,2,1
24853,10,4.88371644006601e-5,2,1
24853,12,5.626667757326075e-5,2,1
24934,7,1.4728198117175206e-5,6,3
24934,2,7.809173025430937e-5,6,3
24934,13,1.677748991722938e-5,6,3
24934,5,1.6835462217615186e-5,6,3
24934,1,6.0883559612397864e-5,6,3
24934,19,2.0515840023634247e-6,6,3
24934,17,0,6,3
24934,11,7.511202959213667e-7,6,3
24934,6,2.018365495002099e-5,6,3
24934,9,0,6,3
24934,4,0,6,3
24934,8,8.21154638782021e-6,6,3
24934,3,3.0608148316172206e-5,6,3
24934,10,1.3345039109482702e-5,6,3
24934,12,0,6,3
24986,7,3.062530084682464e-5,5,5
24986,2,1.32025587120595e-5,5,5
24986,13,0,5,5
24986,5,2.4050660310878837e-6,5,5
24986,1,8.146800119563714e-5,5,5
24986,19,1.333529601536226e-5,5,5
24986,17,0,5,5
24986,11,7.511202959213667e-7,5,5
24986,6,1.5494522991935306e-5,5,5
24986,9,1.4808548604895893e-5,5,5
24986,4,1.3932422872719306e-6,5,5
24986,8,1.3509318250930025e-5,5,5
24986,3,1.0748442780795356e-4,5,5
24986,10,0,5,5
24986,12,1.867675432053613e-5,5,5
25044,7,0.00167924836628046,1,6
25044,2,3.679862109105945e-5,1,6
25044,13,0.00297387269040322,1,6
25044,5,9.182979391426464e-6,1,6
25044,1,3.073170151863892e-5,1,6
25044,19,0.00239855814676313,1,6
25044,17,0.00275509110013509,1,6
25044,11,0.00286151795402843,1,6
25044,6,3.9409095978172295e-4,1,6
25044,9,0.00242520834548097,1,6
25044,4,8.951581695722154e-5,1,6
25044,8,0.00177210468821023,1,6
25044,3,7.141901273773514e-5,1,6
25044,10,0.00270847506522032,1,6
25044,12,0.00329160063803575,1,6
25295,7,3.600226206420606e-5,4,9
25295,2,0,4,9
25295,13,2.353856794357555e-5,4,9
25295,5,6.056393551012216e-5,4,9
25295,1,0,4,9
25295,19,1.205305601388512e-5,4,9
25295,17,1.686907170070264e-5,4,9
25295,11,0,4,9
25295,6,3.3435549614176186e-5,4,9
25295,9,2.1595800048806507e-5,4,9
25295,4,3.4831057181798266e-7,4,9
25295,8,2.6223970722393577e-5,4,9
25295,3,0,4,9
25295,10,2.839370023294192e-7,4,9
25295,12,1.1820730582617803e-5,4,9
25378,7,9.734637612685328e-4,2,1
25378,2,1.8455491646432107e-4,2,1
25378,13,3.916417049335336e-4,2,1
25378,5,0.00198877096534321,2,1
25378,1,1.0147259935399644e-4,2,1
25378,19,3.0825049635510457e-4,2,1
25378,17,2.990686271005926e-4,2,1
25378,11,4.529255384405842e-4,2,1
25378,6,0.00132947084776855,2,1
25378,9,5.115119497274455e-4,2,1
25378,4,9.24764568176744e-4,2,1
25378,8,7.477804984779502e-4,2,1
25378,3,2.7903242185905823e-4,2,1
25378,10,3.600321189537035e-4,2,1
25378,12,4.8606844155724415e-4,2,1
25495,7,1.1244862372002024e-4,4,9
25495,2,1.207893669401188e-5,4,9
25495,13,8.88956555315885e-5,4,9
25495,5,2.0661703630709544e-4,4,9
25495,1,0,4,9
25495,19,1.0001472011521695e-5,4,9
25495,17,3.631139162693619e-5,4,9
25495,11,6.7600826632923e-5,4,9
25495,6,1.4964447205369097e-4,4,9
25495,9,5.923419441958357e-5,4,9
25495,4,6.966211436359653e-7,4,9
25495,8,9.69492250949096e-5,4,9
25495,3,0,4,9
25495,10,5.9058896484519184e-5,4,9
25495,12,7.423418805883982e-5,4,9
25501,7,0.00311396188763132,2,1
25501,2,3.6517715586547546e-5,2,1
25501,13,0.00104721586319183,2,1
25501,5,0.00644710745988076,2,1
25501,1,5.073629967699822e-5,2,1
25501,19,8.544847369843664e-4,2,1
25501,17,8.568916591017934e-4,2,1
25501,11,0.0016008877240404,2,1
25501,6,0.00388912527097576,2,1
25501,9,0.00172550442389964,2,1
25501,4,0.00248624086163676,2,1
25501,8,0.00248518478098481,2,1
25501,3,2.265952065267012e-4,2,1
25501,10,0.00127146989643113,2,1
25501,12,0.00135843835855443,2,1
25518,7,2.718872128615042e-4,2,1
25518,2,4.3259447694833246e-5,2,1
25518,13,1.1744242942060566e-4,2,1
25518,5,0,2,1
25518,1,9.277494798079677e-6,2,1
25518,19,6.847161607887931e-5,2,1
25518,17,4.54607186510461e-5,2,1
25518,11,8.212248568740276e-5,2,1
25518,6,8.460825054806778e-5,2,1
25518,9,1.221705259903911e-4,2,1
25518,4,0,2,1
25518,8,1.584033787069834e-4,2,1
25518,3,0,2,1
25518,10,6.416976252644874e-5,2,1
25518,12,8.676416247641469e-5,2,1
25645,7,7.434233335336057e-5,10,7
25645,2,4.775393576702372e-5,10,7
25645,13,2.9298004780833396e-5,10,7
25645,5,1.298735656787457e-4,10,7
25645,1,1.971467644591931e-5,10,7
25645,19,3.3851136038996506e-5,10,7
25645,17,2.8591646950343457e-7,10,7
25645,11,8.763070119082612e-5,10,7
25645,6,9.133613553140813e-5,10,7
25645,9,1.1939392312697312e-4,10,7
25645,4,2.0550323737260976e-5,10,7
25645,8,5.4302161596875586e-5,10,7
25645,3,4.104813688913017e-5,10,7
25645,10,2.839370023294192e-7,10,7
25645,12,1.0402242912703667e-5,10,7
25662,7,2.852127254437103e-5,2,1
25662,2,8.146259630845222e-5,2,1
25662,13,2.504102972720803e-7,2,1
25662,5,4.6352181690057394e-5,2,1
25662,1,1.42931404232915e-4,2,1
25662,19,7.180544008271987e-6,2,1
25662,17,0,2,1
25662,11,0,2,1
25662,6,3.425105082427804e-5,2,1
25662,9,1.048938859513459e-5,2,1
25662,4,6.0257728924511e-5,2,1
25662,8,3.3111074144436334e-5,2,1
25662,3,2.3727246756722642e-7,2,1
25662,10,2.754188922595366e-5,2,1
25662,12,6.856023737918327e-6,2,1
25746,7,3.656333627819368e-4,1,6
25746,2,0,1,6
25746,13,8.82445887586811e-4,1,6
25746,5,1.9852726874798165e-4,1,6
25746,1,4.406810029087845e-5,1,6
25746,19,6.844597127884976e-4,1,6
25746,17,6.430261399132243e-4,1,6
25746,11,0.00114245397009639,1,6
25746,6,2.778820373422082e-4,1,6
25746,9,3.606498608150687e-4,1,6
25746,4,2.089863430907896e-6,1,6
25746,8,4.4792661102593473e-4,1,6
25746,3,0,1,6
25746,10,6.186987280758044e-4,1,6
25746,12,7.364315152970892e-4,1,6
25883,7,6.779646752350492e-6,6,3
25883,2,3.811887696226541e-4,6,3
25883,13,0,6,3
25883,5,4.1104764894956555e-5,6,3
25883,1,3.290611436193885e-4,6,3
25883,19,0,6,3
25883,17,1.4867656414178596e-5,6,3
25883,11,0,6,3
25883,6,1.6310024202037162e-5,6,3
25883,9,1.912770861465719e-5,6,3
25883,4,3.3577139123253525e-4,6,3
25883,8,7.94665779466472e-6,6,3
25883,3,5.317275998181544e-4,6,3
25883,10,2.9529448242259592e-5,6,3
25883,12,0,6,3
25944,7,5.938035431369051e-5,5,5
25944,2,2.1629723847416623e-5,5,5
25944,13,6.585790818255712e-5,5,5
25944,5,2.7308431571170606e-4,5,5
25944,1,5.508512536359807e-5,5,5
25944,19,1.7694912020384537e-5,5,5
25944,17,1.315215759715799e-5,5,5
25944,11,7.511202959213667e-7,5,5
25944,6,1.333344478516538e-4,5,5
25944,9,1.82021743268512e-5,5,5
25944,4,2.089863430907896e-6,5,5
25944,8,8.714834714815643e-5,5,5
25944,3,9.846807404039895e-5,5,5
25944,10,3.662787330049507e-5,5,5
25944,12,2.836975339828273e-5,5,5
26014,7,3.752183806042255e-4,2,1
26014,2,7.303543117309509e-6,2,1
26014,13,8.63915525588677e-5,2,1
26014,5,8.815660215769406e-4,2,1
26014,1,1.71053810339594e-5,2,1
26014,19,1.1206777612910208e-4,2,1
26014,17,8.062844439996855e-5,2,1
26014,11,1.129184178201788e-4,2,1
26014,6,5.194742708348836e-4,2,1
26014,9,2.1287288619537844e-4,2,1
26014,4,5.903864192314806e-4,2,1
26014,8,3.565400463872904e-4,2,1
26014,3,9.490898702689056e-7,2,1
26014,10,1.998916496399111e-4,2,1
26014,12,2.7211321801186186e-4,2,1
26049,7,1.0099335851777284e-4,2,1
26049,2,3.0056888982773752e-5,2,1
26049,13,1.627666932268522e-5,2,1
26049,5,2.0268147371076985e-4,2,1
26049,1,5.798434248799797e-7,2,1
26049,19,0,2,1
26049,17,2.3445150499281636e-5,2,1
26049,11,5.1076180122652935e-5,2,1
26049,6,9.928727232990122e-5,2,1
26049,9,3.085114292686644e-5,2,1
26049,4,1.104144512663005e-4,2,1
26049,8,6.410303954362874e-5,2,1
26049,3,7.118174027016793e-7,2,1
26049,10,1.201053519853443e-4,2,1
26049,12,3.357087485463456e-5,2,1
26066,7,3.5628212588214306e-4,2,1
26066,2,0,2,1
26066,13,3.4381333815456625e-4,2,1
26066,5,5.769972050946295e-4,2,1
26066,1,0,2,1
26066,19,9.642444811108095e-5,2,1
26066,17,1.075045925332914e-4,2,1
26066,11,1.4421509681690242e-4,2,1
26066,6,3.9694521401707945e-4,2,1
26066,9,1.3759609745382434e-4,2,1
26066,4,6.318353772778205e-4,2,1
26066,8,2.680672562733566e-4,2,1
26066,3,1.186362337836132e-6,2,1
26066,10,1.703622013976515e-4,2,1
26066,12,1.2459050034079166e-4,2,1
26147,7,0.00271489785293263,2,1
26147,2,2.2753345865464243e-5,2,1
26147,13,9.951305213592471e-4,2,1
26147,5,0.00502134058817857,2,1
26147,1,4.638747399039837e-5,2,1
26147,19,0.00107938963324345,2,1
26147,17,7.814097111528866e-4,2,1
26147,11,0.0011767551302768,2,1
26147,6,0.00342918258847831,2,1
26147,9,0.00126242876856737,2,1
26147,4,0.00178126026427716,2,1
26147,8,0.00211645985931237,2,1
26147,3,4.436995143507134e-5,2,1
26147,10,0.00109855226201252,2,1
26147,12,0.00128869604811699,2,1
26188,7,1.7042629249874167e-4,1,6
26188,2,5.7585628424940366e-5,1,6
26188,13,9.337799985275876e-4,1,6
26188,5,3.458922237437302e-4,1,6
26188,1,7.103081954779751e-5,1,6
26188,19,0.00142097836963696,1,6
26188,17,0.00122629573770023,1,6
26188,11,4.5317591187255793e-4,1,6
26188,6,2.358837250219625e-4,1,6
26188,9,1.4191525746358563e-4,1,6
26188,4,4.409611839215661e-4,1,6
26188,8,1.2635185893516903e-4,1,6
26188,3,7.616446208907967e-5,1,6
26188,10,3.273793636858203e-4,1,6
26188,12,0.0010539363387462,1,6
26224,7,7.144344991442449e-4,2,1
26224,2,4.4270707511076106e-4,2,1
26224,13,2.531648105420732e-4,2,1
26224,5,0.00158471987212045,2,1
26224,1,3.774780695968668e-4,2,1
26224,19,2.2516134425938587e-4,2,1
26224,17,2.255880944382099e-4,2,1
26224,11,2.991962512086777e-4,2,1
26224,6,6.905256496537484e-4,2,1
26224,9,5.630333584153125e-4,2,1
26224,4,3.2009741550072604e-4,2,1
26224,8,5.66331812166439e-4,2,1
26224,3,5.488112174829947e-4,2,1
26224,10,4.250536924871405e-4,2,1
26224,12,4.18926691847975e-4,2,1
26252,7,1.344240304345356e-4,4,9
26252,2,0,4,9
26252,13,1.4022976647236497e-5,4,9
26252,5,3.1812464320298825e-4,4,9
26252,1,0,4,9
26252,19,5.128960005908562e-6,4,9
26252,17,2.744798107232972e-5,4,9
26252,11,9.739526503780388e-5,4,9
26252,6,1.7635213668452682e-4,4,9
26252,9,7.805339160497209e-5,4,9
26252,4,2.089863430907896e-6,4,9
26252,8,1.1469676083632744e-4,4,9
26252,3,0,4,9
26252,10,4.287448735174229e-5,4,9
26252,12,7.092438349570683e-5,4,9
26268,7,1.133837474099996e-4,6,3
26268,2,5.182706558244632e-4,6,3
26268,13,2.7795542997200915e-5,6,3
26268,5,2.6258948212150437e-4,6,3
26268,1,3.400781686921081e-4,6,3
26268,19,6.180396807119817e-5,6,3
26268,17,5.403821273614913e-5,6,3
26268,11,2.5788463493300256e-5,6,3
26268,6,1.5881886066733687e-4,6,3
26268,9,8.885129162937535e-5,6,3
26268,4,5.102749877133446e-4,6,3
26268,8,9.8803445246998e-5,6,3
26268,3,4.6149494941825534e-4,6,3
26268,10,8.688472271280226e-5,6,3
26268,12,3.428011868959163e-5,6,3
26291,7,1.7416678725865918e-4,2,1
26291,2,0,2,1
26291,13,6.510667729074088e-6,2,1
26291,5,1.9349849431934336e-4,2,1
26291,1,2.8992171243998984e-7,2,1
26291,19,6.975385608035645e-5,2,1
26291,17,3.116489517587437e-5,2,1
26291,11,5.007468639475779e-7,2,1
26291,6,1.2232518151527872e-4,2,1
26291,9,2.437240291222449e-5,2,1
26291,4,1.7415528590899132e-6,2,1
26291,8,1.2290830722414768e-4,2,1
26291,3,2.3727246756722642e-7,2,1
26291,10,6.700913254974292e-5,2,1
26291,12,3.758992325272462e-5,2,1
26369,7,7.387477150837088e-5,9,18
26369,2,0,9,18
26369,13,3.856318577990037e-5,9,18
26369,5,1.7491389317002788e-4,9,18
26369,1,0,9,18
26369,19,5.56492160641079e-5,9,18
26369,17,5.718329390068691e-7,9,18
26369,11,0,9,18
26369,6,8.56276270606951e-5,9,18
26369,9,0,9,18
26369,4,1.163357309872062e-4,9,18
26369,8,4.873950114061028e-5,9,18
26369,3,2.3727246756722642e-7,9,18
26369,10,3.833149531447159e-5,9,18
26369,12,1.2529974417574874e-5,9,18
26418,7,1.2063095600733978e-4,2,1
26418,2,0,2,1
26418,13,0,2,1
26418,5,3.8765291573807434e-4,2,1
26418,1,0,2,1
26418,19,1.1283712012998837e-5,2,1
26418,17,4.860579981558388e-6,2,1
26418,11,7.511202959213667e-7,2,1
26418,6,2.0734118266839744e-4,2,1
26418,9,5.89256829903149e-5,2,1
26418,4,4.5593853850973927e-4,2,1
26418,8,5.218305285163166e-5,2,1
26418,3,1.186362337836132e-6,2,1
26418,10,3.8615432316801006e-5,2,1
26418,12,9.196528393276652e-5,2,1
26453,7,5.009925169064519e-4,2,1
26453,2,6.151830548810702e-5,2,1
26453,13,2.844660977010832e-4,2,1
26453,5,0.00138160111367675,2,1
26453,1,2.174412843299924e-5,2,1
26453,19,1.5386880017725685e-4,2,1
26453,17,1.786977934396466e-4,2,1
26453,11,1.3945800160940043e-4,2,1
26453,6,7.512804898063368e-4,2,1
26453,9,4.402458095663841e-4,2,1
26453,4,8.819223678431321e-4,2,1
26453,8,4.797132422045936e-4,2,1
26453,3,1.8981797405378112e-6,2,1
26453,10,1.4764724121129797e-4,2,1
26453,12,2.870073385459603e-4,2,1
26479,7,0.00212693883285809,1,6
26479,2,1.5702617702215445e-4,1,6
26479,13,0.00472599354041597,1,6
26479,5,0.00305640164077977,1,6
26479,1,9.219510455591676e-5,1,6
26479,19,0.00427627040492626,1,6
26479,17,0.0035550853818057,1,6
26479,11,0.00504151942622421,1,6
26479,6,0.00225669572365436,1,6
26479,9,0.00183656853843635,1,6
26479,4,0.00131208592403834,1,6
26479,8,0.00234188005208769,1,6
26479,3,4.2709044162100755e-5,1,6
26479,10,0.0025335698717854,1,6
26479,12,0.00410604897517812,1,6
26611,7,6.241950630612349e-5,6,3
26611,2,1.8146495591469012e-4,6,3
26611,13,6.160093312893176e-5,6,3
26611,5,1.215651557531694e-4,6,3
26611,1,1.1017025072719614e-4,6,3
26611,19,1.5899776018316543e-5,6,3
26611,17,1.8012737578716378e-5,6,3
26611,11,4.606871148317715e-5,6,3
26611,6,6.258971787531761e-5,6,3
26611,9,2.4063891482955825e-5,6,3
26611,4,1.0727965611993864e-4,6,3
26611,8,4.185239771856752e-5,6,3
26611,3,1.0107807118363843e-4,6,3
26611,10,3.208488126322437e-5,6,3
26611,12,4.728292233047122e-7,6,3
26760,7,1.6715335958381386e-4,6,3
26760,2,0,6,3
26760,13,5.308698302168102e-5,6,3
26760,5,3.2971268862550256e-4,6,3
26760,1,0,6,3
26760,19,2.28238720262931e-5,6,3
26760,17,5.546779508366631e-5,6,3
26760,11,3.5803400772251814e-5,6,3
26760,6,1.7574051077695043e-4,6,3
26760,9,1.6937277466849677e-4,6,3
26760,4,3.1243458292073045e-4,6,3
26760,8,1.7111803117844695e-4,6,3
26760,3,0,6,3
26760,10,4.59977943773659e-5,6,3
26760,12,6.170421364126495e-5,6,3
26772,7,7.041481385544718e-4,2,1
26772,2,0,2,1
26772,13,3.888871916635407e-4,2,1
26772,5,0.00152677964500788,2,1
26772,1,1.9134833021039328e-5,2,1
26772,19,2.554222082942464e-4,2,1
26772,17,1.9871194630488703e-4,2,1
26772,11,5.575816330056279e-4,2,1
26772,6,9.76562699096975e-4,2,1
26772,9,4.124797809322043e-4,2,1
26772,4,6.112850535405595e-4,2,1
26772,8,5.136189821284965e-4,2,1
26772,3,9.490898702689056e-7,2,1
26772,10,3.566248749257505e-4,2,1
26772,12,4.458779575763436e-4,2,1
26810,7,4.8626431878927665e-5,2,1
26810,2,0,2,1
26810,13,2.353856794357555e-5,2,1
26810,5,8.199088742345058e-5,2,1
26810,1,0,2,1
26810,19,4.7699328054949625e-5,2,1
26810,17,1.000707643262021e-5,2,1
26810,11,5.3079167578443246e-5,2,1
26810,6,5.8919962429859254e-5,2,1
26810,9,1.974473147319452e-5,2,1
26810,4,6.478576635814477e-5,2,1
26810,8,1.69528699619514e-5,2,1
26810,3,0,2,1
26810,10,2.1579212177035857e-5,2,1
26810,12,2.056807121375498e-5,2,1
26840,7,3.436579560674215e-5,10,7
26840,2,4.6349408244464194e-5,10,7
26840,13,1.602625902541314e-5,10,7
26840,5,6.865370306923595e-5,10,7
26840,1,2.2613893570319208e-5,10,7
26840,19,0,10,7
26840,17,0,10,7
26840,11,2.47869697654051e-5,10,7
26840,6,2.833866705103957e-5,10,7
26840,9,1.82021743268512e-5,10,7
26840,4,1.7415528590899132e-6,10,7
26840,8,4.688528098852185e-5,10,7
26840,3,9.751898417013006e-5,10,7
26840,10,2.839370023294192e-7,10,7
26840,12,1.7258266650621996e-5,10,7
26892,7,7.537096941233789e-4,2,1
26892,2,0,2,1
26892,13,4.750283339251363e-4,2,1
26892,5,0.00160242990380391,2,1
26892,1,1.681545932151941e-5,2,1
26892,19,3.3620332838730626e-4,2,1
26892,17,2.564670731445808e-4,2,1
26892,11,1.8752970054836788e-4,2,1
26892,6,9.76562699096975e-4,2,1
26892,9,4.106287123565923e-4,2,1
26892,4,3.2985011151162954e-4,2,1
26892,8,6.558641566529949e-4,2,1
26892,3,7.070719533503347e-5,2,1
26892,10,4.81557155950695e-4,2,1
26892,12,5.532101912665133e-4,2,1
26916,7,6.6160001066041e-5,2,1
26916,2,0,2,1
26916,13,6.48562669934688e-5,2,1
26916,5,1.7338339660479015e-4,2,1
26916,1,1.2756555347359553e-5,2,1
26916,19,5.641856006499418e-6,2,1
26916,17,9.549610081414716e-5,2,1
26916,11,5.057543325870536e-5,2,1
26916,6,7.624936314452374e-5,2,1
26916,9,6.201079728300154e-5,2,1
26916,4,7.140366722268644e-5,2,1
26916,8,5.138838707216519e-5,2,1
26916,3,4.7454493513445284e-7,2,1
26916,10,8.688472271280226e-5,2,1
26916,12,1.6549022815664926e-5,2,1
27058,7,1.5102247593166957e-4,2,1
27058,2,0,2,1
27058,13,1.7729049046863286e-4,2,1
27058,5,3.1309586877434993e-4,2,1
27058,1,0,2,1
27058,19,2.7439936031610805e-5,2,1
27058,17,5.232271391912853e-5,2,1
27058,11,2.503734319737889e-5,2,1
27058,6,1.920505349789876e-4,2,1
27058,9,5.614908012689692e-5,2,1
27058,4,2.243120082507808e-4,2,1
27058,8,7.443369467669288e-5,2,1
27058,3,4.7454493513445284e-7,2,1
27058,10,3.40724402795303e-5,2,1
27058,12,6.690533509761678e-5,2,1
27209,7,0.05313022135079084,1,6
27209,2,6.123739998359512e-5,1,6
27209,13,0.21770270588359025,1,6
27209,5,0.00598446021244604,1,6
27209,1,4.116888316647856e-5,1,6
27209,19,0.2577653736729457,1,6
27209,17,0.3026268575635628,1,6
27209,11,0.2090277649113653,1,6
27209,6,0.02595923839526487,1,6
27209,9,0.1619370322002634,1,6
27209,4,1.041448609735768e-4,1,6
27209,8,0.09507964140441812,1,6
27209,3,1.0890806261335692e-4,1,6
27209,10,0.19677203379531777,1,6
27209,12,0.20397096166608,1,6
27226,7,4.3904057244531806e-4,4,9
27226,2,6.320373851517845e-5,4,9
27226,13,2.301270631930418e-4,4,9
27226,5,8.378375482844336e-4,4,9
27226,1,0,4,9
27226,19,1.002711681155124e-4,4,9
27226,17,9.778343257017462e-5,4,9
27226,11,1.4847144516045682e-4,4,9
27226,6,4.430210323878344e-4,4,9
27226,9,2.6130918059055877e-4,4,9
27226,4,5.572969149087723e-6,4,9
27226,8,4.166697570335868e-4,4,9
27226,3,3.32181454594117e-5,4,9
27226,10,1.2720377704357978e-4,4,9
27226,12,1.2955520718549115e-4,4,9
27275,7,4.886021280142251e-5,5,5
27275,2,0,5,5
27275,13,0,5,5
27275,5,1.1391267292698066e-4,5,5
27275,1,2.8992171243998984e-7,5,5
27275,19,2.846572803279252e-5,5,5
27275,17,1.4009907005668294e-5,5,5
27275,11,2.5037343197378893e-7,5,5
27275,6,5.1580451538942525e-5,5,5
27275,9,2.313835719514983e-5,5,5
27275,4,1.044931715453948e-6,5,5
27275,8,3.867373460070164e-5,5,5
27275,3,7.829991429718472e-5,5,5
27275,10,4.9972912409977773e-5,5,5
27275,12,5.8630823689784314e-5,5,5
27300,7,3.436579560674215e-4,2,1
27300,2,2.0225196324857105e-5,2,1
27300,13,2.0408439227674545e-4,2,1
27300,5,7.720261959792106e-4,2,1
27300,1,0,2,1
27300,19,1.1976121613796491e-4,2,1
27300,17,1.2380183129498718e-4,2,1
27300,11,3.9208479447095344e-4,2,1
27300,6,4.844077188005037e-4,2,1
27300,9,1.2463861742454042e-4,2,1
27300,4,5.862066923696648e-4,2,1
27300,8,2.6250459581709124e-4,2,1
27300,3,1.186362337836132e-6,2,1
27300,10,1.5332598125788636e-4,2,1
27300,12,1.964605422831079e-4,2,1
27319,7,0.0024937411002525,1,6
27319,2,5.929915200246298e-4,1,6
27319,13,0.00642402576621794,1,6
27319,5,0.00152590507554203,1,6
27319,1,6.204324646215783e-4,1,6
27319,19,0.01812241083687701,1,6
27319,17,0.01242707343049728,1,6
27319,11,0.00454728227150795,1,6
27319,6,0.00183732422635948,1,6
27319,9,0.0028728584293498,1,6
27319,4,4.5141050107610554e-4,1,6
27319,8,0.00281973907414019,1,6
27319,3,5.518957595613686e-4,1,6
27319,10,0.00449841392790498,1,6
27319,12,0.00642480348626442,1,6
27320,7,4.745752726645344e-5,7,4
27320,2,4.887755778507133e-5,7,4
27320,13,1.0517232485427371e-5,7,4
27320,5,9.817042254167816e-5,7,4
27320,1,0,7,4
27320,19,1.872070402156625e-5,7,4
27320,17,8.005661146096168e-6,7,4
27320,11,2.5037343197378893e-7,7,4
27320,6,4.709519488338231e-5,7,4
27320,9,2.2212822907343836e-5,7,4
27320,4,1.5395327274354834e-4,7,4
27320,8,2.5694193536082595e-5,7,4
27320,3,7.118174027016793e-7,7,4
27320,10,2.839370023294192e-7,7,4
27320,12,2.9788241068196868e-5,7,4
27382,7,0.00127223578021694,2,1
27382,2,3.9270589530764207e-4,2,1
27382,13,3.638461619363327e-4,2,1
27382,5,0.0025484954234873,2,1
27382,1,3.844361906954265e-4,2,1
27382,19,2.828621443258572e-4,2,1
27382,17,1.7555271227510884e-4,2,1
27382,11,4.8221922998151743e-4,2,1
27382,6,0.0012538331105316,2,1
27382,9,5.321822154884461e-4,2,1
27382,4,0.00119575019305113,2,1
27382,8,9.80882460454782e-4,2,1
27382,3,4.282768039588437e-4,2,1
27382,10,2.944426714156077e-4,2,1
27382,12,3.3925496772113097e-4,2,1
27407,7,1.5289272331162832e-4,2,1
27407,2,3.34277550369166e-5,2,1
27407,13,8.188416720797027e-5,2,1
27407,5,2.8139272563728235e-4,2,1
27407,1,2.3483658707639177e-5,2,1
27407,19,6.565068807562959e-5,2,1
27407,17,4.574663512054953e-5,2,1
27407,11,5.958887680976176e-5,2,1
27407,6,1.8817690423100376e-4,2,1
27407,9,5.275545440494161e-5,2,1
27407,4,3.2985011151162954e-4,2,1
27407,8,1.3509318250930024e-4,2,1
27407,3,7.284264754313851e-5,2,1
27407,10,8.14899196685433e-5,2,1
27407,12,4.0426898592552895e-5,2,1
27442,7,5.000573932164724e-4,2,1
27442,2,2.809055045119042e-7,2,1
27442,13,1.397289458778208e-4,2,1
27442,5,0.00125872410372481,2,1
27442,1,0,2,1
27442,19,1.0360499211935296e-4,2,1
27442,17,1.2637507952051807e-4,2,1
27442,11,1.917860488919223e-4,2,1
27442,6,7.182526907972116e-4,2,1
27442,9,2.27064411941737e-4,2,1
27442,4,0.0014973871482455,2,1
27442,8,4.005115528511019e-4,2,1
27442,3,4.982721818911755e-6,2,1
27442,10,3.063680255134433e-4,2,1
27442,12,2.007160052928503e-4,2,1
27587,7,1.931030419807416e-4,2,1
27587,2,1.272501935438926e-4,2,1
27587,13,5.358780361622519e-5,2,1
27587,5,5.730616424983038e-4,2,1
27587,1,7.740909722147728e-5,2,1
27587,19,2.1028736024225104e-5,2,1
27587,17,7.319461619287925e-5,2,1
27587,11,1.6199161048704143e-4,2,1
27587,6,3.2905473827609977e-4,2,1
27587,9,9.625556593182327e-5,2,1
27587,4,3.8000683385341905e-4,2,1
27587,8,1.478078349807638e-4,2,1
27587,3,8.423172598636537e-5,2,1
27587,10,7.865054964524912e-5,2,1
27587,12,1.0307677068042726e-4,2,1
27597,7,2.9783689525843195e-4,2,1
27597,2,1.0955314675964264e-5,2,1
27597,13,1.422330488505416e-4,2,1
27597,5,5.361110825661355e-4,2,1
27597,1,0,2,1
27597,19,6.770227207799301e-5,2,1
27597,17,6.976361855883804e-5,2,1
27597,11,1.557322746876967e-4,2,1
27597,6,2.8257116930029385e-4,2,1
27597,9,1.542557146343322e-4,2,1
27597,4,1.3932422872719306e-6,2,1
27597,8,1.9707711330768505e-4,2,1
27597,3,4.7454493513445284e-7,2,1
27597,10,1.0903180889449696e-4,2,1
27597,12,6.5723262039355e-5,2,1
27685,7,4.7831576742445194e-4,2,1
27685,2,2.809055045119042e-7,2,1
27685,13,2.884726624574365e-4,2,1
27685,5,9.8673299984542e-4,2,1
27685,1,0,2,1
27685,19,2.420869122788841e-4,2,1
27685,17,2.258740109077133e-4,2,1
27685,11,3.6279110293002014e-4,2,1
27685,6,6.835938893678825e-4,2,1
27685,9,2.141069319124531e-4,2,1
27685,4,7.572271831322942e-4,2,1
27685,8,3.8514801444808344e-4,2,1
27685,3,1.9219069872945337e-5,2,1
27685,10,2.4390188500097103e-4,2,1
27685,12,3.643149165562808e-4,2,1
27740,7,4.7480905358702926e-4,2,1
27740,2,0,2,1
27740,13,1.770400801713608e-4,2,1
27740,5,8.927167822665299e-4,2,1
27740,1,0,2,1
27740,19,9.565510411019469e-5,2,1
27740,17,5.346637979714226e-5,2,1
27740,11,5.157692698660051e-5,2,1
27740,6,4.59942682497448e-4,2,1
27740,9,1.8171323183924337e-4,2,1
27740,4,9.404385439085532e-6,2,1
27740,8,3.430307281363604e-4,2,1
27740,3,9.490898702689056e-7,2,1
27740,10,9.966188781762612e-5,2,1
27740,12,1.5414232679733617e-4,2,1
27794,7,1.7440056818115402e-4,2,1
27794,2,0,2,1
27794,13,1.1268463377243614e-4,2,1
27794,5,4.558693340743852e-4,2,1
27794,1,0,2,1
27794,19,1.1796608013589692e-5,2,1
27794,17,1.9156403456730116e-5,2,1
27794,11,7.511202959213667e-5,2,1
27794,6,1.8838077953352923e-4,2,1
27794,9,7.990446018058408e-5,2,1
27794,4,5.886448663723907e-5,2,1
27794,8,1.4621850342183085e-4,2,1
27794,3,2.3727246756722642e-7,2,1
27794,10,1.2493228102494443e-5,2,1
27794,12,1.4019386470984715e-4,2,1
27806,7,4.021031866911326e-5,12,19
27806,2,1.0449684767842836e-4,12,19
27806,13,2.3037747349031388e-5,12,19
27806,5,9.008065498256437e-5,12,19
27806,1,2.0178551185823292e-4,12,19
27806,19,1.3848192015953116e-5,12,19
27806,17,2.7733897541833153e-5,12,19
27806,11,5.007468639475779e-7,12,19
27806,6,5.178432684146799e-5,12,19
27806,9,5.645759155616558e-5,12,19
27806,4,2.4381740027258786e-6,12,19
27806,8,2.9402633840259464e-5,12,19
27806,3,0,12,19
27806,10,2.385070819567121e-5,12,19
27806,12,2.364146116523561e-7,12,19
27884,7,7.527745704333995e-5,9,18
27884,2,1.741614127973806e-5,9,18
27884,13,4.632590499533486e-5,9,18
27884,5,2.0727296340648305e-4,9,18
27884,1,3.913943117939863e-5,9,18
27884,19,0,9,18
27884,17,8.577494085103037e-7,9,18
27884,11,4.707020521107231e-5,9,18
27884,6,1.2334455802790603e-4,9,18
27884,9,8.422362019034538e-5,9,18
27884,4,1.8355967134807684e-4,9,18
27884,8,5.006394410638774e-5,9,18
27884,3,4.7454493513445284e-7,9,18
27884,10,7.666299062894318e-6,9,18
27884,12,6.383194514613615e-5,9,18
27916,7,1.1198106187503054e-4,2,1
27916,2,0,2,1
27916,13,5.1584521238048545e-5,2,1
27916,5,2.3525918631368752e-4,2,1
27916,1,1.0147259935399644e-5,2,1
27916,19,2.8978624033383377e-5,2,1
27916,17,4.431705277303236e-5,2,1
27916,11,1.7526140238165223e-6,2,1
27916,6,1.058112820107161e-4,2,1
27916,9,5.275545440494161e-5,2,1
27916,4,6.966211436359653e-5,2,1
27916,8,9.430033916335468e-5,2,1
27916,3,2.3727246756722642e-7,2,1
27916,10,8.319354168251982e-5,2,1
27916,12,9.196528393276652e-5,2,1
27963,7,5.028627642864106e-4,2,1
27963,2,1.2416023299426166e-4,2,1
27963,13,7.662555096525658e-5,2,1
27963,5,0.0010667561059707,2,1
27963,1,1.7598247945107382e-4,2,1
27963,19,1.4207219216366717e-4,2,1
27963,17,3.516772574892245e-5,2,1
27963,11,4.05604959797538e-5,2,1
27963,6,6.709536206113037e-4,2,1
27963,9,2.320005948100356e-4,2,1
27963,4,9.902469556785246e-4,2,1
27963,8,4.021008844100348e-4,2,1
27963,3,1.428380254754703e-4,2,1
27963,10,1.6780676837668674e-4,2,1
27963,12,1.7092776422465345e-4,2,1
27986,7,3.747508187592358e-4,2,1
27986,2,2.809055045119042e-7,2,1
27986,13,1.487437165796157e-4,2,1
27986,5,9.81048298317394e-4,2,1
27986,1,0,2,1
27986,19,1.4463667216662145e-4,2,1
27986,17,1.661174687814955e-4,2,1
27986,11,1.276904503066323e-4,2,1
27986,6,4.954169851368788e-4,2,1
27986,9,2.199686490685577e-4,2,1
27986,4,6.572620490205332e-4,2,1
27986,8,2.667428133075791e-4,2,1
27986,3,2.372724675672264e-5,2,1
27986,10,1.7746062645588695e-4,2,1
27986,12,1.6738154504986812e-4,2,1
28200,7,1.9637597489566942e-5,11,11
28200,2,1.7977952288761868e-5,11,11
28200,13,1.2019694269059854e-5,11,11
28200,5,4.744539352237006e-5,11,11
28200,1,7.248042810999745e-6,11,11
28200,19,1.9746496022747965e-5,11,11
28200,17,2.487473284679881e-5,11,11
28200,11,1.4772032486453543e-5,11,11
28200,6,3.078517068134515e-5,11,11
28200,9,8.638320019522603e-6,11,11
28200,4,0,11,11
28200,8,2.039642167297278e-5,11,11
28200,3,0,11,11
28200,10,2.129527517470644e-5,11,11
28200,12,2.364146116523561e-5,11,11
28253,7,6.919915305847399e-5,5,5
28253,2,2.1629723847416623e-5,5,5
28253,13,3.280374894264252e-5,5,5
28253,5,1.867205809590048e-4,5,5
28253,1,7.39300366721974e-5,5,5
28253,19,8.719232010044556e-6,5,5
28253,17,1.6583155231199206e-5,5,5
28253,11,7.511202959213667e-7,5,5
28253,6,1.2946081710367e-4,5,5
28253,9,0,5,5
28253,4,1.727620436217194e-4,5,5
28253,8,6.198393079838481e-5,5,5
28253,3,0,5,5
28253,10,3.2368818265553784e-5,5,5
28253,12,5.082914150525656e-5,5,5
28459,7,8.088819918321621e-5,7,4
28459,2,1.938247981132139e-5,7,4
28459,13,0,7,4
28459,5,2.0486789737539517e-4,7,4
28459,1,1.855498959615935e-5,7,4
28459,19,2.179808002511139e-5,7,4
28459,17,0,7,4
28459,11,0,7,4
28459,6,1.396545822299432e-4,7,4
28459,9,4.2266065809807024e-5,7,4
28459,4,1.567397573180922e-4,7,4
28459,8,8.105590950558014e-5,7,4
28459,3,5.908084442423938e-5,7,4
28459,10,3.975118032611868e-6,7,4
28459,12,1.087507213600838e-5,7,4
28509,7,0.00181975070069986,2,1
28509,2,1.1517125684988072e-4,2,1
28509,13,5.326227022977148e-4,2,1
28509,5,0.00421061469333549,2,1
28509,1,1.2002758895015578e-4,2,1
28509,19,4.551952005243849e-4,2,1
28509,17,4.671875111686121e-4,2,1
28509,11,5.828693496349805e-4,2,1
28509,6,0.00219247500335884,2,1
28509,9,8.240340275766026e-4,2,1
28509,4,0.00288157336065017,2,1
28509,8,0.00135596470836295,2,1
28509,3,2.0073250756187351e-4,2,1
28509,10,8.492555739672927e-4,2,1
28509,12,7.886791444722599e-4,2,1
28556,7,5.80478030554699e-4,2,1
28556,2,3.707952659557136e-5,2,1
28556,13,3.668510855035977e-4,2,1
28556,5,0.00125894274609127,2,1
28556,1,4.2618491728678505e-5,2,1
28556,19,1.715637121976414e-4,2,1
28556,17,1.5811180763539932e-4,2,1
28556,11,1.9554165037152912e-4,2,1
28556,6,7.949098045467862e-4,2,1
28556,9,2.992560863906045e-4,2,1
28556,4,4.433993579242919e-4,2,1
28556,8,4.484563882122457e-4,2,1
28556,3,2.5150881562126e-5,2,1
28556,10,3.361814107580323e-4,2,1
28556,12,2.810969732546514e-4,2,1
28592,7,1.8562205246090656e-4,2,1
28592,2,5.899015594749989e-5,2,1
28592,13,9.766001593611131e-5,2,1
28592,5,3.5879212336501973e-4,2,1
28592,1,2.638287583203907e-5,2,1
28592,19,7.103609608183359e-5,2,1
28592,17,1.2580324658151122e-5,2,1
28592,11,7.66142701839794e-5,2,1
28592,6,2.454658642406593e-4,2,1
28592,9,5.8308660131777574e-5,2,1
28592,4,2.3789612055168216e-4,2,1
28592,8,1.6873403384004757e-4,2,1
28592,3,4.7454493513445284e-7,2,1
28592,10,7.439149461030782e-5,2,1
28592,12,1.2837313412722936e-4,2,1
28650,7,6.524825546831111e-4,2,1
28650,2,4.045039264971421e-5,2,1
28650,13,7.712637155980073e-5,2,1
28650,5,9.834533643484815e-4,2,1
28650,1,4.638747399039837e-5,2,1
28650,19,1.5617683217991572e-4,2,1
28650,17,9.778343257017462e-5,2,1
28650,11,1.4146098906519074e-4,2,1
28650,6,6.336444402491438e-4,2,1
28650,9,2.9061776637108184e-4,2,1
28650,4,3.2044572607254405e-5,2,1
28650,8,4.921630060829016e-4,2,1
28650,3,2.3727246756722642e-7,2,1
28650,10,1.8995385455838144e-4,2,1
28650,12,1.572157167488168e-4,2,1
28676,7,2.665102516441228e-5,10,7
28676,2,8.399074584905935e-5,10,7
28676,13,5.008205945441606e-7,10,7
28676,5,1.967781298162814e-5,10,7
28676,1,8.5526905169797e-5,10,7
28676,19,1.148887041323518e-4,10,7
28676,17,1.9156403456730116e-5,10,7
28676,11,1.977950112592932e-5,10,7
28676,6,2.5484412815683068e-5,10,7
28676,9,1.881919718538853e-5,10,7
28676,4,3.4831057181798266e-7,10,7
28676,8,1.3244429657774534e-5,10,7
28676,3,1.371434862538569e-4,10,7
28676,10,0,10,7
28676,12,1.158431597096545e-5,10,7
28713,7,1.8608961430589623e-4,2,1
28713,2,3.483228255947612e-5,2,1
28713,13,5.033246975168814e-5,2,1
28713,5,3.7169202298630927e-4,2,1
28713,1,2.870224953155899e-5,2,1
28713,19,3.949299204549593e-5,2,1
28713,17,2.944939635885376e-5,2,1
28713,11,1.016516133813583e-4,2,1
28713,6,2.287480894335712e-4,2,1
28713,9,4.905331725371764e-5,2,1
28713,4,3.242771423625418e-4,2,1
28713,8,1.6846914524689207e-4,2,1
28713,3,5.38608501377604e-5,2,1
28713,10,1.0335306884790856e-4,2,1
28713,12,5.9576482136393736e-5,2,1
28726,7,3.523078501997307e-4,2,1
28726,2,3.0337794487285657e-5,2,1
28726,13,2.1660490714034945e-4,2,1
28726,5,8.9359135173238e-4,2,1
28726,1,0,2,1
28726,19,1.4104640016248543e-4,2,1
28726,17,1.1007784075882231e-4,2,1
28726,11,1.2794082373860613e-4,2,1
28726,6,4.893007260611149e-4,2,1
28726,9,0.00019035155185876591,2,1
28726,4,8.676416343985948e-4,2,1
28726,8,2.5959082129238086e-4,2,1
28726,3,3.582814260265119e-5,2,1
28726,10,5.763921147287209e-5,2,1
28726,12,1.813300071373571e-4,2,1
28737,7,1.3793074427195828e-5,11,11
28737,2,1.2107027244463072e-4,11,11
28737,13,0,11,11
28737,5,3.367092443523037e-5,11,11
28737,1,1.9279793877259325e-4,11,11
28737,19,2.3080320026588527e-6,11,11
28737,17,1.4867656414178596e-5,11,11
28737,11,0,11,11
28737,6,1.1417016941426014e-5,11,11
28737,9,3.085114292686644e-7,11,11
28737,4,6.82688720763246e-5,11,11
28737,8,2.2250641825061216e-5,11,11
28737,3,1.2504259040792832e-4,11,11
28737,10,0,11,11
28737,12,0,11,11
28808,7,1.8655717615088596e-4,2,1
28808,2,0,2,1
28808,13,1.7754090076590494e-4,2,1
28808,5,5.057197936278431e-4,2,1
28808,1,5.247582995163816e-5,2,1
28808,19,5.8983040067948465e-5,2,1
28808,17,9.149327024109906e-5,2,1
28808,11,6.684970633700163e-5,2,1
28808,6,2.369031015345898e-4,2,1
28808,9,6.355335442934486e-5,2,1
28808,4,4.8171352082427e-4,2,1
28808,8,1.3085496501881238e-4,2,1
28808,3,4.0810864421562945e-5,2,1
28808,10,6.21822035101428e-5,2,1
28808,12,1.007126245639037e-4,2,1
28891,7,1.4728198117175206e-5,9,18
28891,2,4.3259447694833246e-5,9,18
28891,13,2.353856794357555e-5,9,18
28891,5,7.390111986433678e-5,9,18
28891,1,2.5513110694719105e-5,9,18
28891,19,7.693440008862842e-6,9,18
28891,17,2.8591646950343457e-7,9,18
28891,11,2.5037343197378893e-7,9,18
28891,6,3.078517068134515e-5,9,18
28891,9,1.1723434312209248e-5,9,18
28891,4,7.419015179723031e-5,9,18
28891,8,2.039642167297278e-5,9,18
28891,3,2.3727246756722642e-7,9,18
28891,10,2.6974015221294826e-5,9,18
28891,12,1.3002803640879583e-5,9,18
28950,7,8.836918870305124e-5,2,1
28950,2,0,2,1
28950,13,6.61083184798292e-5,2,1
28950,5,2.6543183288551734e-4,2,1
28950,1,1.942475473347932e-5,2,1
28950,19,1.743846402008911e-5,2,1
28950,17,3.88846398524671e-5,2,1
28950,11,7.360978900029394e-5,2,1
28950,6,1.3924683162489228e-4,2,1
28950,9,2.375538005368716e-5,2,1
28950,4,9.125736981631146e-5,2,1
28950,8,1.0807454600744018e-4,2,1
28950,3,2.2066339483752055e-5,2,1
28950,10,4.826929039600126e-5,2,1
28950,12,6.123138441796023e-5,2,1
28982,7,1.5569809438156646e-4,4,9
28982,2,2.2472440360952334e-5,4,9
28982,13,6.61083184798292e-5,4,9
28982,5,3.5026507107298083e-4,4,9
28982,1,1.2466633634919562e-5,4,9
28982,19,1.1283712012998837e-5,4,9
28982,17,2.430289990779194e-5,4,9
28982,11,7.511202959213667e-7,4,9
28982,6,1.9816679405475153e-4,4,9
28982,9,7.003209444398682e-5,4,9
28982,4,1.7415528590899132e-6,4,9
28982,8,1.5178116387809615e-4,4,9
28982,3,4.7454493513445284e-7,4,9
28982,10,1.1073543090847347e-5,4,9
28982,12,3.0024655679849224e-5,4,9
29199,7,1.0099335851777284e-4,9,18
29199,2,0,9,18
29199,13,5.909683015621095e-5,9,18
29199,5,1.3402777064153387e-4,9,18
29199,1,0,9,18
29199,19,4.6160640053177056e-5,9,18
29199,17,1.000707643262021e-5,9,18
29199,11,3.505228047633045e-5,9,18
29199,6,1.7145912942391568e-4,9,18
29199,9,5.3372477263478944e-5,9,18
29199,4,3.7060244841433354e-4,9,18
29199,8,1.1469676083632744e-4,9,18
29199,3,9.490898702689056e-7,9,18
29199,10,1.4196850116470958e-5,9,18
29199,12,7.919889490353929e-5,9,18
29214,7,3.939208544038131e-4,2,1
29214,2,0,2,1
29214,13,1.8605485087315568e-4,2,1
29214,5,9.858584303795697e-4,2,1
29214,1,0,2,1
29214,19,8.180691209424156e-5,2,1
29214,17,1.0693275959428452e-4,2,1
29214,11,1.6825094628638613e-4,2,1
29214,6,4.799224621449435e-4,2,1
29214,9,9.224491735133066e-5,2,1
29214,4,6.924414167741495e-4,2,1
29214,8,2.243606384027006e-4,2,1
29214,3,1.8981797405378112e-6,2,1
29214,10,1.274877140459092e-4,2,1
29214,12,1.184437204378304e-4,2,1
29281,7,6.251301867512143e-4,2,1
29281,2,2.809055045119042e-7,2,1
29281,13,1.016665806924646e-4,2,1
29281,5,0.00129152045869419,2,1
29281,1,0,2,1
29281,19,1.5412524817755229e-4,2,1
29281,17,1.603991393914268e-4,2,1
29281,11,1.985461315552146e-4,2,1
29281,6,8.428205006402704e-4,2,1
29281,9,3.65894555112636e-4,2,1
29281,4,0.00103622395115849,2,1
29281,8,5.454056133071553e-4,2,1
29281,3,5.599630234586543e-5,2,1
29281,10,2.322604679054649e-4,2,1
29281,12,2.6383870660402943e-4,2,1
29368,7,4.074801479085141e-4,2,1
29368,2,7.668720273174985e-5,2,1
29368,13,1.1468791615061278e-4,2,1
29368,5,8.18378377669268e-4,2,1
29368,1,3.276115350571885e-5,2,1
29368,19,1.2437728014328263e-4,2,1
29368,17,7.348053266238269e-5,2,1
29368,11,1.397083750413742e-4,2,1
29368,6,5.310951630788351e-4,2,1
29368,9,2.0485158903439315e-4,2,1
29368,4,2.2152552367623695e-4,2,1
29368,8,3.454147254747598e-4,2,1
29368,3,3.440450779724783e-5,2,1
29368,10,1.6809070537901615e-4,2,1
29368,12,2.706947303419477e-4,2,1
29417,7,1.1689046124742228e-4,1,6
29417,2,4.775393576702372e-6,1,6
29417,13,3.984027829598798e-4,1,6
29417,5,2.2782534585396132e-4,1,6
29417,1,0,1,6
29417,19,0.00103245964918939,1,6
29417,17,6.970643526493735e-4,1,6
29417,11,2.864272061780145e-4,1,6
29417,6,1.2844144059104265e-4,1,6
29417,9,1.5240464605872022e-4,1,6
29417,4,2.41379226269862e-4,1,6
29417,8,1.3800695703401064e-4,1,6
29417,3,7.118174027016793e-7,1,6
29417,10,2.1891542879598215e-4,1,6
29417,12,3.6147794121645246e-4,1,6
29425,7,5.680876416624722e-5,3,16
29425,2,5.33720458572618e-6,3,16
29425,13,2.504102972720803e-7,3,16
29425,5,2.6237083975504184e-6,3,16
29425,1,2.638287583203907e-5,3,16
29425,19,7.180544008271987e-6,3,16
29425,17,5.718329390068691e-6,3,16
29425,11,5.007468639475779e-7,3,16
29425,6,3.710530505963455e-5,3,16
29425,9,3.948946294638904e-5,3,16
29425,4,0,3,16
29425,8,2.7283525095015537e-5,3,16
29425,3,0,3,16
29425,10,1.732015714209457e-5,3,16
29425,12,4.0899727815857606e-5,3,16
29498,7,1.1876070862738104e-4,2,1
29498,2,2.4438778892535663e-5,2,1
29498,13,7.462226858707994e-5,2,1
29498,5,3.904952665020873e-4,2,1
29498,1,0,2,1
29498,19,3.0260864034860517e-5,2,1
29498,17,3.831280691346023e-5,2,1
29498,11,3.83071350919897e-5,2,1
29498,6,2.2038920203002715e-4,2,1
29498,9,1.2186201456112244e-4,2,1
29498,4,1.8181811848898697e-4,2,1
29498,8,9.456522775651016e-5,2,1
29498,3,2.3727246756722642e-7,2,1
29498,10,7.439149461030782e-5,2,1
29498,12,7.494343189379688e-5,2,1
29505,7,2.3471604618482392e-4,2,1
29505,2,1.8820668802297583e-5,2,1
29505,13,5.308698302168102e-5,2,1
29505,5,5.442008501252493e-4,2,1
29505,1,0,2,1
29505,19,4.205747204845021e-5,2,1
29505,17,1.0607501018577422e-4,2,1
29505,11,1.2568746285084202e-4,2,1
29505,6,3.219191026877085e-4,2,1
29505,9,1.959047575856019e-4,2,1
29505,4,3.455240872434388e-4,2,1
29505,8,1.872762353609319e-4,2,1
29505,3,8.280809118096202e-5,2,1
29505,10,1.7263369741628686e-4,2,1
29505,12,1.539059121856838e-4,2,1
29525,7,1.9801244135313336e-4,2,1
29525,2,2.809055045119042e-7,2,1
29525,13,2.504102972720803e-7,2,1
29525,5,3.63383613060733e-4,2,1
29525,1,0,2,1
29525,19,9.001324810369526e-5,2,1
29525,17,9.120735377159565e-5,2,1
29525,11,4.782132550699368e-5,2,1
29525,6,2.2732096231589297e-4,2,1
29525,9,8.854278020010669e-5,2,1
29525,4,3.134795146361844e-6,2,1
29525,8,1.613171532316938e-4,2,1
29525,3,2.3727246756722642e-7,2,1
29525,10,4.798535339367184e-5,2,1
29525,12,4.775575155377593e-5,2,1
29538,7,9.678530191286564e-4,2,1
29538,2,2.809055045119042e-7,2,1
29538,13,0.00105422735151545,2,1
29538,5,0.00243436410819386,2,1
29538,1,4.2328570016238514e-5,2,1
29538,19,4.0005888046086785e-4,2,1
29538,17,2.4274308260841595e-4,2,1
29538,11,8.830670945715535e-4,2,1
29538,6,9.05002467910537e-4,2,1
29538,9,0.00105757717953298,2,1
29538,4,0.0016736322975854,2,1
29538,8,9.94921555892023e-4,2,1
29538,3,5.3623577670193166e-5,2,1
29538,10,0.00125755698331699,2,1
29538,12,0.00129649773030152,2,1
29614,7,9.795420652533988e-5,3,16
29614,2,0,3,16
29614,13,2.504102972720803e-7,3,16
29614,5,1.3118541987752092e-6,3,16
29614,1,0,3,16
29614,19,2.3080320026588527e-6,3,16
29614,17,4.831988334608044e-5,3,16
29614,11,3.0295185268828457e-5,3,16
29614,6,4.872619730358603e-5,3,16
29614,9,5.02873629707923e-5,3,16
29614,4,0,3,16
29614,8,1.2078919847890376e-4,3,16
29614,3,0,3,16
29614,10,4.7133542386683585e-5,3,16
29614,12,3.5462191747853415e-5,3,16
29658,7,5.442419875679981e-4,2,1
29658,2,2.0534192379820197e-4,2,1
29658,13,2.1710572773489363e-4,2,1
29658,5,9.939481979386836e-4,2,1
29658,1,1.649654543783542e-4,2,1
29658,19,1.4976563217253e-4,2,1
29658,17,3.2308561053888105e-5,2,1
29658,11,3.0395334641617974e-4,2,1
29658,6,5.512788180288561e-4,2,1
29658,9,1.918941090051093e-4,2,1
29658,4,4.009054681624981e-4,2,1
29658,8,4.1349109391572095e-4,2,1
29658,3,7.118174027016793e-7,2,1
29658,10,1.959165316072992e-4,2,1
29658,12,2.0237090757441685e-4,2,1
29852,7,5.657498324375238e-5,5,5
29852,2,2.8933266964726136e-5,5,5
29852,13,0,5,5
29852,5,8.876880078378916e-5,5,5
29852,1,0,5,5
29852,19,1.5386880017725684e-5,5,5
29852,17,2.8591646950343457e-5,5,5
29852,11,5.007468639475779e-7,5,5
29852,6,5.1580451538942525e-5,5,5
29852,9,3.4861791507359075e-5,5,5
29852,4,1.3932422872719306e-6,5,5
29852,8,4.2647063498034e-5,5,5
29852,3,5.409812260532762e-5,5,5
29852,10,2.6974015221294826e-5,5,5
29852,12,0,5,5
29876,7,0.02792583253477666,1,6
29876,2,2.2191534856440433e-5,1,6
29876,13,0.05689922938735117,1,6
29876,5,6.340628627413511e-6,1,6
29876,1,1.826506788371936e-5,1,6
29876,19,0.05589745772839387,1,6
29876,17,0.05296230906140771,1,6
29876,11,0.04998405121238327,1,6
29876,6,0.00585713356625407,1,6
29876,9,0.04677465183713928,1,6
29876,4,2.4381740027258786e-6,1,6
29876,8,0.03021928537295784,1,6
29876,3,2.7998151172932715e-5,1,6
29876,10,0.04811653228874803,1,6
29876,12,0.05803434962458542,1,6
29901,7,6.141424833939566e-4,2,1
29901,2,3.5028916412634456e-4,2,1
29901,13,2.534152208393453e-4,2,1
29901,5,0.00165315493282322,2,1
29901,1,2.6324891489551075e-4,2,1
29901,19,1.9413113622363903e-4,2,1
29901,17,1.4696106532476538e-4,2,1
29901,11,2.4561633676628694e-4,2,1
29901,6,8.381313686821847e-4,2,1
29901,9,3.8008608085899454e-4,2,1
29901,4,0.00134378218607377,2,1
29901,8,4.791834650182826e-4,2,1
29901,3,1.4260075300790307e-4,2,1
29901,10,2.680365301989717e-4,2,1
29901,12,3.2861631019677495e-4,2,1
30157,7,1.8702473799587564e-4,5,5
30157,2,1.5590255500410685e-4,5,5
30157,13,9.766001593611132e-6,5,5
30157,5,2.728656733452435e-4,5,5
30157,1,2.3019783967735192e-4,5,5
30157,19,4.359616005022278e-5,5,5
30157,17,3.859872338296367e-5,5,5
30157,11,1.7526140238165223e-6,5,5
30157,6,1.7451725896179765e-4,5,5
30157,9,1.508620889123769e-4,5,5
30157,4,9.82235812526711e-5,5,5
30157,8,1.2873585627356846e-4,5,5
30157,3,8.992626520797881e-5,5,5
30157,10,5.991070749150744e-5,5,5
30157,12,1.416123523797613e-4,5,5
30241,7,1.4237258179936033e-4,2,1
30241,2,2.809055045119042e-7,2,1
30241,13,1.7528720809045622e-5,2,1
30241,5,3.391143103833916e-4,2,1
30241,1,1.739530274639939e-5,2,1
30241,19,3.692851204254165e-5,2,1
30241,17,6.976361855883804e-5,2,1
30241,11,3.054555870080225e-5,2,1
30241,6,1.783908897097815e-4,2,1
30241,9,9.502152021474864e-5,2,1
30241,4,2.4277246855713391e-4,2,1
30241,8,1.1019365475268413e-4,2,1
30241,3,8.589263325933596e-5,2,1
30241,10,3.464031428418914e-5,2,1
30241,12,3.569860635950577e-5,2,1
30307,7,8.259479991742858e-4,2,1
30307,2,2.809055045119042e-7,2,1
30307,13,4.24195043578904e-4,2,1
30307,5,0.00217483561920283,2,1
30307,1,0,2,1
30307,19,2.4952390428745154e-4,2,1
30307,17,2.736220613147869e-4,2,1
30307,11,3.157208977189478e-4,2,1
30307,6,0.00118859301372345,2,1
30307,9,4.923842411127884e-4,2,1
30307,4,9.03517623295847e-4,2,1
30307,8,5.24744303041027e-4,2,1
30307,3,4.0810864421562945e-5,2,1
30307,10,5.445911704678259e-4,2,1
30307,12,5.009625620913425e-4,2,1
30369,7,2.478077778445352e-5,8,2
30369,2,8.483346236259508e-5,8,2
30369,13,2.504102972720803e-7,8,2
30369,5,8.046039085821283e-5,8,2
30369,1,6.465254187411774e-5,8,2
30369,19,7.180544008271987e-6,8,2
30369,17,3.7169141035446494e-5,8,2
30369,11,3.5302653908304236e-5,8,2
30369,6,4.933782321116242e-5,8,2
30369,9,2.468091434149315e-5,8,2
30369,4,1.1180769355357242e-4,8,2
30369,8,4.767994676798832e-5,8,2
30369,3,4.152268182426462e-5,8,2
30369,10,1.5048661123459216e-5,8,2
30369,12,2.482353422349739e-5,8,2
30392,7,6.312084907360803e-6,6,3
30392,2,5.561928989335703e-5,6,3
30392,13,0,6,3
30392,5,1.3774469087139695e-5,6,3
30392,1,3.42107620679188e-5,6,3
30392,19,2.3080320026588527e-6,6,3
30392,17,2.573248225530911e-6,6,3
30392,11,0,6,3
30392,6,4.893007260611149e-6,6,3
30392,9,9.255342878059932e-7,6,3
30392,4,2.368511888362282e-5,6,3
30392,8,2.9137745247103975e-6,6,3
30392,3,5.860629948910493e-5,6,3
30392,10,0,6,3
30392,12,0,6,3
30437,7,6.639378198853585e-5,7,4
30437,2,1.938247981132139e-5,7,4
30437,13,2.353856794357555e-5,7,4
30437,5,1.285617114799705e-4,7,4
30437,1,1.13649311276476e-4,7,4
30437,19,1.4104640016248545e-5,7,4
30437,17,1.372399053616486e-5,7,4
30437,11,1.0014937278951555e-6,7,4
30437,6,6.360909438794494e-5,7,4
30437,9,2.437240291222449e-5,7,4
30437,4,1.563914467462742e-4,7,4
30437,8,2.1985753231905725e-5,7,4
30437,3,1.3358439924034848e-4,7,4
30437,10,2.839370023294192e-7,7,4
30437,12,2.7424094951673308e-5,7,4
30466,7,2.2442968559505076e-4,2,1
30466,2,6.769822658736892e-5,2,1
30466,13,8.213457750524234e-5,2,1
30466,5,6.181019699895861e-4,2,1
30466,1,1.594569418419944e-4,2,1
30466,19,2.2310976025702244e-5,2,1
30466,17,5.689737743118348e-5,2,1
30466,11,7.210754840845121e-5,2,1
30466,6,3.180454719397247e-4,2,1
30466,9,1.4222376889285428e-4,2,1
30466,4,6.638799498850749e-4,2,1
30466,8,1.2264341863099215e-4,2,1
30466,3,1.7486980859704587e-4,2,1
30466,10,1.570171622881688e-4,2,1
30466,12,7.470701728214452e-5,2,1
30534,7,3.109286269181433e-5,6,3
30534,2,6.179921099261892e-5,6,3
30534,13,0,6,3
30534,5,2.0989667180403347e-5,6,3
30534,1,4.174872659135853e-5,6,3
30534,19,5.128960005908562e-7,6,3
30534,17,4.860579981558388e-6,6,3
30534,11,3.655452106817318e-5,6,3
30534,6,2.5076662210632136e-5,6,3
30534,9,3.177667721467243e-5,6,3
30534,4,1.626610370389979e-4,6,3
30534,8,2.860796806079299e-5,6,3
30534,3,6.2877203905315e-5,6,3
30534,10,3.975118032611868e-5,6,3
30534,12,0,6,3
30554,7,1.1455265202247384e-5,6,3
30554,2,9.915964309270218e-5,6,3
30554,13,0,6,3
30554,5,5.881479657842188e-5,6,3
30554,1,7.219050639755747e-5,6,3
30554,19,0,6,3
30554,17,0,6,3
30554,11,5.157692698660051e-5,6,3
30554,6,1.2436393454053335e-5,6,3
30554,9,1.758515146831387e-5,6,3
30554,4,9.787527068085312e-5,6,3
30554,8,8.4764349809757e-6,6,3
30554,3,9.040081014311328e-5,6,3
30554,10,0,6,3
30554,12,2.364146116523561e-7,6,3
30769,7,2.1016904932286525e-4,2,1
30769,2,1.99442908203452e-5,2,1
30769,13,7.88792436407053e-5,2,1
30769,5,4.5630661880731026e-4,2,1
30769,1,3.855958775451865e-5,2,1
30769,19,3.821075204401878e-5,2,1
30769,17,7.633969735741703e-5,2,1
30769,11,9.639377130990872e-5,2,1
30769,6,2.9806569229222916e-4,2,1
30769,9,1.1291518311233116e-4,2,1
30769,4,1.044931715453948e-4,2,1
30769,8,1.5919804448644989e-4,2,1
30769,3,4.7454493513445284e-7,2,1
30769,10,1.1243905292245e-4,2,1
30769,12,1.120605259232168e-4,2,1
30784,7,5.1198022026370955e-5,8,2
30784,2,3.34277550369166e-5,8,2
30784,13,2.504102972720803e-7,8,2
30784,5,9.707721070936548e-5,8,2
30784,1,3.508052720523877e-5,8,2
30784,19,7.949888009158271e-6,8,2
30784,17,1.6011322292192337e-5,8,2
30784,11,0,8,2
30784,6,6.177421666521575e-5,8,2
30784,9,0,8,2
30784,4,1.8739108763807464e-4,8,2
30784,8,1.562842699617395e-5,8,2
30784,3,3.487905273238228e-5,8,2
30784,10,2.3566771193341792e-5,8,2
30784,12,1.394846208748901e-5,8,2
30808,7,8.158954195070074e-5,6,3
30808,2,1.9831928618540436e-4,6,3
30808,13,2.604267091629635e-5,6,3
30808,5,1.4823952446159865e-4,6,3
30808,1,2.0091574672091296e-4,6,3
30808,19,3.3594688038701084e-5,6,3
30808,17,6.347345622976247e-5,6,3
30808,11,4.156198970764896e-5,6,3
30808,6,5.688120940460461e-5,6,3
30808,9,2.282984576588117e-5,6,3
30808,4,1.4838030359446062e-4,6,3
30808,8,4.688528098852185e-5,6,3
30808,3,1.4568529508627703e-4,6,3
30808,10,3.975118032611868e-5,6,3
30808,12,1.7258266650621996e-5,6,3
31013,7,1.0333116774272127e-4,4,9
31013,2,2.3034251369976144e-5,4,9
31013,13,1.1268463377243614e-5,4,9
31013,5,2.763639512086441e-4,4,9
31013,1,3.739990090475869e-5,4,9
31013,19,3.0260864034860517e-5,4,9
31013,17,4.2315637486508315e-5,4,9
31013,11,1.2944306433044887e-4,4,9
31013,6,1.5902273596986235e-4,4,9
31013,9,7.620232302936011e-5,4,9
31013,4,1.3932422872719306e-6,4,9
31013,8,4.873950114061028e-5,4,9
31013,3,9.70444392349956e-5,4,9
31013,10,6.331795151946048e-5,4,9
31013,12,3.404370407793928e-5,4,9
31265,7,3.0531788477826e-4,5,5
31265,2,9.94405485972141e-5,5,5
31265,13,7.387103769526368e-5,5,5
31265,5,5.571007497465389e-4,5,5
31265,1,1.739530274639939e-4,5,5
31265,19,8.257625609512784e-5,5,5
31265,17,4.54607186510461e-5,5,5
31265,11,1.3019418462637024e-5,5,5
31265,6,3.2273460389781037e-4,5,5
31265,9,1.6258552322458614e-4,5,5
31265,4,5.346567277406033e-4,5,5
31265,8,2.0793754562706016e-4,5,5
31265,3,1.9812251041863405e-4,5,5
31265,10,1.081799978875087e-4,5,5
31265,12,1.9622412767145556e-5,5,5
31393,7,1.648155503588654e-4,2,1
31393,2,7.163090365053557e-5,2,1
31393,13,1.374752532023721e-4,2,1
31393,5,6.139477650267979e-4,2,1
31393,1,7.306027153487744e-5,2,1
31393,19,1.2386438414269178e-4,2,1
31393,17,1.057890937162708e-4,2,1
31393,11,6.835194692884437e-5,2,1
31393,6,2.7115415235886783e-4,2,1
31393,9,1.4592590604407826e-4,2,1
31393,4,3.284568692243576e-4,2,1
31393,8,1.756211372620903e-4,2,1
31393,3,5.338630520262594e-5,2,1
31393,10,1.4651149320198028e-4,2,1
31393,12,1.5957986286534035e-4,2,1
31488,7,2.3798897909975175e-4,2,1
31488,2,1.544980274815473e-5,2,1
31488,13,2.461533222184549e-4,2,1
31488,5,5.459499890569495e-4,2,1
31488,1,0,2,1
31488,19,6.180396807119817e-5,2,1
31488,17,7.233686678436895e-5,2,1
31488,11,1.6875169315033373e-4,2,1
31488,6,3.155989683094191e-4,2,1
31488,9,2.625432263076334e-4,2,1
31488,4,7.001042493541451e-4,2,1
31488,8,2.672725904938901e-4,2,1
31488,3,1.660907272970585e-6,2,1
31488,10,1.1243905292245e-4,2,1
31488,12,1.011854537872084e-4,2,1
31570,7,3.834007128915451e-5,13,10
31570,2,3.455137705496422e-5,13,10
31570,13,3.105087686173796e-5,13,10
31570,5,0,13,10
31570,1,9.596408681763663e-5,13,10
31570,19,0,13,10
31570,17,3.259447752339154e-5,13,10
31570,11,2.5037343197378893e-7,13,10
31570,6,2.161078206769924e-5,13,10
31570,9,4.7202248678105655e-5,13,10
31570,4,5.9909418352693015e-5,13,10
31570,8,2.5429304942927104e-5,13,10
31570,3,2.631351665320541e-4,13,10
31570,10,6.303401451713106e-5,13,10
31570,12,2.411429038854032e-5,13,10
31584,7,4.626524456172974e-4,2,1
31584,2,4.775393576702372e-5,2,1
31584,13,1.3046376487875383e-4,2,1
31584,5,7.665601368176473e-4,2,1
31584,1,2.2613893570319208e-5,2,1
31584,19,1.2489017614387347e-4,2,1
31584,17,6.86199526808243e-5,2,1
31584,11,1.7926737729323286e-4,2,1
31584,6,3.673832951508871e-4,2,1
31584,9,2.4680914341493153e-4,2,1
31584,4,5.2246585772697395e-6,2,1
31584,8,3.520369403036471e-4,2,1
31584,3,4.7454493513445284e-7,2,1
31584,10,1.8285542950014595e-4,2,1
31584,12,2.9859165451692575e-4,2,1
31625,7,1.825829004684736e-4,5,5
31625,2,2.1629723847416623e-5,5,5
31625,13,1.016665806924646e-4,5,5
31625,5,0,5,5
31625,1,0,5,5
31625,19,6.924096007976559e-5,5,5
31625,17,7.205095031486551e-5,5,5
31625,11,1.0014937278951555e-6,5,5
31625,6,1.0152990065768134e-4,5,5
31625,9,1.3852163174163032e-4,5,5
31625,4,0,5,5
31625,8,1.2608697034201355e-4,5,5
31625,3,0,5,5
31625,10,7.098425058235479e-5,5,5
31625,12,8.960113781624297e-5,5,5
31767,7,8.219737234918734e-4,2,1
31767,2,0,2,1
31767,13,3.2002435991371864e-4,2,1
31767,5,0.00220719468943928,2,1
31767,1,5.5085125363598065e-6,2,1
31767,19,1.2078700813914665e-4,2,1
31767,17,2.1300776978005876e-4,2,1
31767,11,4.496706838249249e-4,2,1
31767,6,0.00110072275833498,2,1
31767,9,3.353519236150382e-4,2,1
31767,4,0.00146882568135643,2,1
31767,8,6.325539604553117e-4,2,1
31767,3,4.270904416210075e-6,2,1
31767,10,2.4958062504755945e-4,2,1
31767,12,3.8039111014864097e-4,2,1
31816,7,1.5663321807154584e-4,2,1
31816,2,4.831574677604752e-5,2,1
31816,13,4.031605786080493e-5,2,1
31816,5,2.88607923730546e-4,2,1
31816,1,0,2,1
31816,19,6.462489607444787e-5,2,1
31816,17,1.4867656414178596e-5,2,1
31816,11,5.508215503423356e-5,2,1
31816,6,2.0102104829010804e-4,2,1
31816,9,6.32448430000762e-5,2,1
31816,4,2.3406470426168432e-4,2,1
31816,8,1.191998669199708e-4,2,1
31816,3,1.2172077586198714e-4,2,1
31816,10,8.915621873143762e-5,2,1
31816,12,6.61960912626597e-5,2,1
31914,7,0.00476983216166231,1,6
31914,2,2.134881834290472e-5,1,6
31914,13,0.01080745801996571,1,6
31914,5,0.00693140030159528,1,6
31914,1,6.581222872387769e-5,1,6
31914,19,0.01016072621970515,1,6
31914,17,0.00799908506729758,1,6
31914,11,0.00825606391933568,1,6
31914,6,0.00524163402792969,1,6
31914,9,0.00384960561441439,1,6
31914,4,0.00208533539347426,1,6
31914,8,0.00485752702128538,1,6
31914,3,5.93181168918066e-6,1,6
31914,10,0.00649221955826217,1,6
31914,12,0.01111101391843743,1,6
31987,7,3.109286269181433e-5,2,1
31987,2,0,2,1
31987,13,6.110011253438759e-5,2,1
31987,5,9.817042254167816e-5,2,1
31987,1,0,2,1
31987,19,2.1285184024520537e-5,2,1
31987,17,0,2,1
31987,11,3.955900225185864e-5,2,1
31987,6,5.953158833743565e-5,2,1
31987,9,1.542557146343322e-5,2,1
31987,4,2.647160345816668e-5,2,1
31987,8,2.781330228132652e-5,2,1
31987,3,2.3727246756722642e-7,2,1
31987,10,5.678740046588384e-7,2,1
31987,12,5.673950679656546e-6,2,1
31998,7,2.146108868502673e-4,2,1
31998,2,1.0393503666940456e-4,2,1
31998,13,1.1343586466425238e-4,2,1
31998,5,5.083435020253936e-4,2,1
31998,1,1.2640586662383555e-4,2,1
31998,19,8.693587210015012e-5,2,1
31998,17,5.718329390068691e-7,2,1
31998,11,1.1366953811610015e-4,2,1
31998,6,2.6136813783764554e-4,2,1
31998,9,1.0088323737085326e-4,2,1
31998,4,1.1076276183811848e-4,2,1
31998,8,1.870113467677764e-4,2,1
31998,3,3.203178312157557e-5,2,1
31998,10,1.022173208385909e-4,2,1
31998,12,1.1820730582617804e-4,2,1
32003,7,3.106948459956484e-4,2,1
32003,2,0,2,1
32003,13,1.194457117987823e-4,2,1
32003,5,7.092758368044631e-4,2,1
32003,1,2.8992171243998984e-7,2,1
32003,19,7.898598409099186e-5,2,1
32003,17,1.0207217961272616e-4,2,1
32003,11,1.1116580379636228e-4,2,1
32003,6,3.944987103867739e-4,2,1
32003,9,1.0674495452695787e-4,2,1
32003,4,4.994773599869871e-4,2,1
32003,8,2.267446357411e-4,2,1
32003,3,9.490898702689056e-7,2,1
32003,10,1.4282031217169785e-4,2,1
32003,12,1.3688406014671415e-4,2,1
32018,7,5.285786657608435e-4,2,1
32018,2,3.25569479729297e-4,2,1
32018,13,2.4114511627301336e-4,2,1
32018,5,0.00106260190100791,2,1
32018,1,2.5455126352231106e-4,2,1
32018,19,2.118260482440236e-4,2,1
32018,17,9.606793375315402e-5,2,1
32018,11,3.943381553587175e-4,2,1
32018,6,5.936848809541528e-4,2,1
32018,9,2.539049062881108e-4,2,1
32018,4,7.419015179723031e-4,2,1
32018,8,4.2726530075980646e-4,2,1
32018,3,7.497809975124355e-5,2,1
32018,10,1.6184409132776893e-4,2,1
32018,12,3.2223311568216134e-4,2,1
32041,7,0.0013376944385155,2,1
32041,2,0,2,1
32041,13,7.041537559290898e-4,2,1
32041,5,0.00271400769489944,2,1
32041,1,0,2,1
32041,19,4.4929689651759e-4,2,1
32041,17,5.057862345515758e-4,2,1
32041,11,7.921815387650681e-4,2,1
32041,6,0.00185281874935142,2,1
32041,9,7.916403275033928e-4,2,1
32041,4,0.00145141015276553,2,1
32041,8,0.001066441476044,2,1
32041,3,4.270904416210075e-6,2,1
32041,10,4.09153220356693e-4,2,1
32041,12,4.628998096153132e-4,2,1
32121,7,0,6,3
32121,2,9.747421006563077e-5,6,3
32121,13,2.729472240265675e-5,6,3
32121,5,2.0115097714553208e-5,6,3
32121,1,1.4467093450755493e-4,6,3
32121,19,0,6,3
32121,17,2.8591646950343457e-7,6,3
32121,11,0,6,3
32121,6,1.8348777227291809e-6,6,3
32121,9,3.085114292686644e-7,6,3
32121,4,2.5809813371712516e-4,6,3
32121,8,4.503106083643341e-6,6,3
32121,3,1.2433077300522664e-4,6,3
32121,10,2.839370023294192e-7,6,3
32121,12,2.364146116523561e-7,6,3
32316,7,1.2133229877482432e-4,8,2
32316,2,6.463635658818916e-4,8,2
32316,13,7.512308918162409e-7,8,2
32316,5,2.737402428110937e-4,8,2
32316,1,5.325861857522613e-4,8,2
32316,19,2.7439936031610805e-5,8,2
32316,17,2.201556815176446e-5,8,2
32316,11,3.2798919588566346e-5,8,2
32316,6,1.7492500956684857e-4,8,2
32316,9,6.478740014641953e-6,8,2
32316,4,2.0410999508533784e-4,8,2
32316,8,9.535989353597663e-5,8,2
32316,3,5.832157252802425e-4,8,2
32316,10,6.275007751480163e-5,8,2
32316,12,5.0119897670299495e-5,8,2
32402,7,1.6294530297890664e-4,5,5
32402,2,0,5,5
32402,13,4.131769904989325e-5,5,5
32402,5,8.745694658501394e-6,5,5
32402,1,1.507592904687947e-5,5,5
32402,19,2.538835202924738e-5,5,5
32402,17,4.774805040707357e-5,5,5
32402,11,5.007468639475779e-7,5,5
32402,6,9.31710132541373e-5,5,5
32402,9,1.1754285455136112e-4,5,5
32402,4,6.966211436359653e-7,5,5
32402,8,1.4648339201498635e-4,5,5
32402,3,4.6505403643176374e-5,5,5
32402,10,5.451590444724848e-5,5,5
32402,12,6.903306660248798e-5,5,5
32448,7,8.151940767395229e-4,2,1
32448,2,0,2,1
32448,13,5.716867086721593e-4,2,1
32448,5,0.00167523781183594,2,1
32448,1,1.826506788371936e-5,2,1
32448,19,2.651672323054727e-4,2,1
32448,17,2.4360083201692623e-4,2,1
32448,11,2.861768327460407e-4,2,1
32448,6,0.00112212966510015,2,1
32448,9,3.362774579028442e-4,2,1
32448,4,7.889234451677307e-4,2,1
32448,8,6.78644575664367e-4,2,1
32448,3,1.7795435067541982e-5,2,1
32448,10,2.9330692340629e-4,2,1
32448,12,3.5580399053679595e-4,2,1
32489,7,1.4260636272185515e-5,4,9
32489,2,2.2191534856440433e-5,4,9
32489,13,3.380539013173084e-5,4,9
32489,5,2.9954004205367277e-5,4,9
32489,1,2.8992171243998984e-7,4,9
32489,19,3.92365440452005e-5,4,9
32489,17,2.8591646950343457e-7,4,9
32489,11,0,4,9
32489,6,2.5076662210632136e-5,4,9
32489,9,1.6968128609776543e-5,4,9
32489,4,3.4831057181798266e-7,4,9
32489,8,1.3244429657774534e-5,4,9
32489,3,0,4,9
32489,10,0,4,9
32489,12,0,4,9
32529,7,1.196958323173604e-4,1,6
32529,2,8.70807063986903e-6,1,6
32529,13,1.7754090076590494e-4,1,6
32529,5,3.279635496938023e-6,1,6
32529,1,1.449608562199949e-5,1,6
32529,19,1.6822988819380083e-4,1,6
32529,17,1.495343135502963e-4,1,6
32529,11,8.512696687108822e-5,1,6
32529,6,4.974557381621335e-5,1,6
32529,9,1.3111735743918238e-4,1,6
32529,4,6.966211436359653e-7,1,6
32529,8,1.9787177908715153e-4,1,6
32529,3,1.328725818376468e-5,1,6
32529,10,1.5786897329515706e-4,1,6
32529,12,1.3168293869036236e-4,1,6
32623,7,5.580350619951939e-4,2,1
32623,2,1.1769940639048788e-4,2,1
32623,13,3.445645690463825e-4,2,1
32623,5,0.0015716013301327,2,1
32623,1,6.320293331191778e-5,2,1
32623,19,1.4002060816130374e-4,2,1
32623,17,1.0807642547229826e-4,2,1
32623,11,2.323465448716761e-4,2,1
32623,6,8.344616132367264e-4,2,1
32623,9,3.65894555112636e-4,2,1
32623,4,6.590036018796232e-4,2,1
32623,8,4.717665844099289e-4,2,1
32623,3,7.118174027016793e-7,2,1
32623,10,3.1914519061826716e-4,2,1
32623,12,3.666790626728043e-4,2,1
32701,7,0.02446330329170552,1,6
32701,2,2.5843306415095187e-5,1,6
32701,13,0.03534240853638687,1,6
32701,5,0.00661983492938616,1,6
32701,1,4.348825686599848e-5,1,6
32701,19,0.03460458026386447,1,6
32701,17,0.04003116489517587,1,6
32701,11,0.03223282525887361,1,6
32701,6,0.01660727439311929,1,6
32701,9,0.02946685214373794,1,6
32701,4,5.154996462906143e-5,1,6
32701,8,0.02620940184977002,1,6
32701,3,5.2437215332357034e-5,1,6
32701,10,0.03300909620580662,1,6
32701,12,0.03719487443665353,1,6
32714,7,2.4079435016968988e-5,10,7
32714,2,2.5843306415095187e-5,10,7
32714,13,0,10,7
32714,5,6.559270993876046e-6,10,7
32714,1,5.479520365115808e-5,10,7
32714,19,0,10,7
32714,17,1.4009907005668294e-5,10,7
32714,11,2.02802479898769e-5,10,7
32714,6,6.3201343782894005e-6,10,7
32714,9,1.1414922882940585e-5,10,7
32714,4,1.3932422872719306e-6,10,7
32714,8,1.2979541064619045e-5,10,7
32714,3,5.2437215332357034e-5,10,7
32714,10,2.839370023294192e-7,10,7
32714,12,0,10,7
32737,7,2.880180965136485e-4,2,1
32737,2,1.3764369721083309e-5,2,1
32737,13,5.4839855102585583e-05,2,1
32737,5,7.079639826056879e-4,2,1
32737,1,0,2,1
32737,19,4.7186432054358767e-5,2,1
32737,17,1.0864825841130514e-4,2,1
32737,11,1.1467103184399532e-4,2,1
32737,6,3.447531365705605e-4,2,1
32737,9,1.5734082892701886e-4,2,1
32737,4,4.089166113143116e-4,2,1
32737,8,2.3707529087416417e-4,2,1
32737,3,1.8981797405378112e-6,2,1
32737,10,9.45510217756966e-5,2,1
32737,12,1.4634064461280843e-4,2,1
32866,7,4.0163562484614294e-4,2,1
32866,2,4.410216420836896e-5,2,1
32866,13,2.7394886521565583e-4,2,1
32866,5,7.081826249721504e-4,2,1
32866,1,6.55223070114377e-5,2,1
32866,19,1.9002796821891225e-4,2,1
32866,17,1.621146382084474e-4,2,1
32866,11,2.0480546735455936e-4,2,1
32866,6,3.9001345373121366e-4,2,1
32866,9,1.514791117709142e-4,2,1
32866,4,4.883314216888116e-4,2,1
32866,8,3.11508985550857e-4,2,1
32866,3,4.531904130534024e-5,2,1
32866,10,1.005136988246144e-4,2,1
32866,12,3.182140672840713e-4,2,1
32941,7,1.1408509017748414e-4,5,5
32941,2,9.719330456111884e-5,5,5
32941,13,7.412144799253577e-5,5,5
32941,5,2.238897832576357e-4,5,5
32941,1,6.784168071095762e-5,5,5
32941,19,7.94988800915827e-5,5,5
32941,17,4.117197160849458e-5,5,5
32941,11,1.8778007398034166e-5,5,5
32941,6,1.045880301955633e-4,5,5
32941,9,8.792575734156935e-5,5,5
32941,4,4.702192719542766e-5,5,5
32941,8,1.1469676083632744e-4,5,5
32941,3,2.0737613665375589e-4,5,5
32941,10,2.896157423760075e-5,5,5
32941,12,4.63372638838618e-5,5,5
32972,7,9.124469404973782e-4,2,1
32972,2,6.236102200164273e-5,2,1
32972,13,2.098438291140033e-4,2,1
32972,5,0.00218533045279303,2,1
32972,1,8.26276880453971e-5,2,1
32972,19,2.2695648026145387e-4,2,1
32972,17,2.198697650481412e-4,2,1
32972,11,3.8507433837568734e-4,2,1
32972,6,0.0012986856770872,2,1
32972,9,4.084691323517117e-4,2,1
32972,4,0.00211772827665333,2,1
32972,8,6.463281672993973e-4,2,1
32972,3,3.559087013508396e-6,2,1
32972,10,4.236340074754934e-4,2,1
32972,12,4.366577877219017e-4,2,1
33024,7,4.1846785126577174e-5,11,11
33024,2,1.3764369721083309e-5,11,11
33024,13,0,11,11
33024,5,1.0429240880262911e-4,11,11
33024,1,8.639667030711697e-5,11,11
33024,19,1.0257920011817125e-5,11,11
33024,17,1.2008491719144253e-5,11,11
33024,11,1.8527633966060377e-5,11,11
33024,6,6.422072029552133e-5,11,11
33024,9,3.085114292686644e-7,11,11
33024,4,2.9954709176346508e-5,11,11
33024,8,4.1057731939101054e-5,11,11
33024,3,1.0202716105390736e-4,11,11
33024,10,0,11,11
33024,12,2.31686319419309e-5,11,11
33191,7,4.698996542146376e-4,2,1
33191,2,2.4438778892535663e-5,2,1
33191,13,1.259563795278564e-4,2,1
33191,5,9.738331002241304e-4,2,1
33191,1,4.5517708853078406e-5,2,1
33191,19,1.6874278419439168e-4,2,1
33191,17,9.864118197868492e-5,2,1
33191,11,3.6178960920212495e-4,2,1
33191,6,5.812484875000993e-4,2,1
33191,9,2.384793348246776e-4,2,1
33191,4,9.766628433776233e-4,2,1
33191,8,3.68724921672443e-4,2,1
33191,3,1.4236348054033583e-6,2,1
33191,10,1.7859637446520466e-4,2,1
33191,12,2.955182645654451e-4,2,1
33253,7,2.115717348578343e-4,6,3
33253,2,3.359629833962374e-4,6,3
33253,13,2.098438291140033e-4,6,3
33253,5,4.869165501120652e-4,6,3
33253,1,3.510951937648277e-4,6,3
33253,19,5.590566406440333e-5,6,3
33253,17,5.746921037019035e-5,6,3
33253,11,1.987965049871884e-4,6,3
33253,6,2.318062189714532e-4,6,3
33253,9,9.2861940209868e-5,6,3
33253,4,2.9780553890437517e-4,6,3
33253,8,1.928388958171972e-4,6,3
33253,3,2.702533405590709e-4,6,3
33253,10,1.0392094285256742e-4,6,3
33253,12,1.0047620995225134e-4,6,3
33266,7,0.00177042292605345,2,1
33266,2,8.483346236259508e-5,2,1
33266,13,0.00100414529206104,2,1
33266,5,0.00483221494118848,2,1
33266,1,2.748457833931104e-4,2,1
33266,19,6.052172806972103e-4,2,1
33266,17,5.50675120263615e-4,2,1
33266,11,8.720506635647067e-4,2,1
33266,6,0.00236087600324487,2,1
33266,9,0.0012050456427234,2,1
33266,4,0.00220724409361055,2,1
33266,8,0.00152284452205091,2,1
33266,3,2.2801884133210457e-4,2,1
33266,10,0.00100939604328108,2,1
33266,12,0.00103147695063922,2,1
33280,7,3.880763313414419e-5,12,19
33280,2,2.415787338802376e-5,12,19
33280,13,1.1769283971787774e-5,12,19
33280,5,7.761804009419988e-5,12,19
33280,1,0,12,19
33280,19,1.9490048022452535e-5,12,19
33280,17,0,12,19
33280,11,0,12,19
33280,6,4.668744427833138e-5,12,19
33280,9,3.270221150247843e-5,12,19
33280,4,3.4831057181798266e-7,12,19
33280,8,2.5694193536082595e-5,12,19
33280,3,0,12,19
33280,10,1.8171968149082827e-5,12,19
33280,12,2.364146116523561e-7,12,19
33303,7,2.4967802522449397e-4,6,3
33303,2,9.90753714413486e-4,6,3
33303,13,9.615755415247884e-5,6,3
33303,5,2.866401424323832e-4,6,3
33303,1,0.00124115485095559,6,3
33303,19,4.3852608050518207e-5,6,3
33303,17,5.260863038863196e-5,6,3
33303,11,3.505228047633045e-5,6,3
33303,6,2.7849366324978457e-4,6,3
33303,9,1.4623441747334693e-4,6,3
33303,4,0.00102229152828577,6,3
33303,8,1.9151445285141977e-4,6,3
33303,3,0.00127913587265491,6,3
33303,10,7.013243957536653e-5,6,3
33303,12,6.383194514613615e-5,6,3
33343,7,1.7930996755354575e-4,2,1
33343,2,4.66303137489761e-5,2,1
33343,13,2.0057864811493632e-4,2,1
33343,5,4.735793657578505e-4,2,1
33343,1,7.161066297267749e-5,2,1
33343,19,1.451495681672123e-4,2,1
33343,17,8.262985968649259e-5,2,1
33343,11,7.786613734384835e-5,2,1
33343,6,2.581061329972381e-4,2,1
33343,9,6.0776751565926886e-5,2,1
33343,4,1.9540223078988827e-4,2,1
33343,8,1.758860258552458e-4,2,1
33343,3,1.392789384619619e-4,2,1
33343,10,1.3827732013442712e-4,2,1
33343,12,2.331048070892231e-4,2,1
33398,7,1.3863208703944282e-4,2,1
33398,2,0,2,1
33398,13,1.181936603124219e-4,2,1
33398,5,3.6207175886195775e-4,2,1
33398,1,0,2,1
33398,19,2.974796803426966e-5,2,1
33398,17,1.4295823475171728e-5,2,1
33398,11,8.487659343911444e-5,2,1
33398,6,2.2732096231589297e-4,2,1
33398,9,4.905331725371764e-5,2,1
33398,4,3.427376026688949e-4,2,1
33398,8,1.2979541064619043e-4,2,1
33398,3,9.490898702689056e-7,2,1
33398,10,1.942129095933227e-4,2,1
33398,12,1.5745213136046917e-4,2,1
33503,7,1.264754790697109e-4,2,1
33503,2,6.741732108285701e-6,2,1
33503,13,5.5090265399857665e-5,2,1
33503,5,3.065365977804739e-4,2,1
33503,1,7.827886235879726e-6,2,1
33503,19,3.1799552036633086e-5,2,1
33503,17,1.1150742310633948e-5,2,1
33503,11,3.680489450014697e-5,2,1
33503,6,1.3985845753246867e-4,2,1
33503,9,1.0119174880012192e-4,2,1
33503,4,3.587598889725221e-5,2,1
33503,8,1.4886738935338575e-4,2,1
33503,3,4.6742676110743605e-5,2,1
33503,10,5.366409344026022e-5,2,1
33503,12,2.553277805845446e-5,2,1
33505,7,1.9333682290323645e-4,4,9
33505,2,2.5843306415095187e-5,4,9
33505,13,7.211816561435913e-5,4,9
33505,5,4.560879764408477e-4,4,9
33505,1,3.276115350571885e-5,4,9
33505,19,5.821369606706218e-5,4,9
33505,17,5.689737743118348e-5,4,9
33505,11,1.845252193646824e-4,4,9
33505,6,2.511743727113723e-4,4,9
33505,9,8.206404018546473e-5,4,9
33505,4,2.7864845745438613e-6,4,9
33505,8,1.7641580304155678e-4,4,9
33505,3,6.121629663234441e-5,4,9
33505,10,8.489716369649634e-5,4,9
33505,12,6.312270131117908e-5,4,9
33545,7,8.579759855560794e-5,2,1
33545,2,0,2,1
33545,13,7.687596126252865e-5,2,1
33545,5,2.940739828921094e-4,2,1
33545,1,0,2,1
33545,19,2.9235072033678803e-5,2,1
33545,17,3.1736728114881236e-5,2,1
33545,11,1.084116960446506e-4,2,1
33545,6,1.4373208828045249e-4,2,1
33545,9,4.041499723419504e-5,2,1
33545,4,2.0550323737260977e-4,2,1
33545,8,6.198393079838481e-5,2,1
33545,3,2.1354522081050378e-5,2,1
33545,10,3.9467243323789266e-5,2,1
33545,12,6.264987208787437e-5,2,1
33582,7,3.988302537762048e-4,2,1
33582,2,2.134881834290472e-5,2,1
33582,13,2.7269681372929543e-4,2,1
33582,5,7.46007754370169e-4,2,1
33582,1,3.942935289183862e-5,2,1
33582,19,2.6978329631079036e-4,2,1
33582,17,1.3866948770916576e-4,2,1
33582,11,1.7501102894967844e-4,2,1
33582,6,4.901162272712168e-4,2,1
33582,9,3.760754322785019e-4,2,1
33582,4,6.631833287414389e-4,2,1
33582,8,4.2620574638718446e-4,2,1
33582,3,7.782536936205026e-5,2,1
33582,10,9.000802973842587e-5,2,1
33582,12,2.1844710116677703e-4,2,1
33635,7,1.1221484279752538e-5,10,7
33635,2,1.1236220180476167e-5,10,7
33635,13,0,10,7
33635,5,4.0230195429106416e-5,10,7
33635,1,2.986193638131895e-5,10,7
33635,19,2.3593216027179383e-5,10,7
33635,17,0,10,7
33635,11,5.8837756513840395e-5,10,7
33635,6,3.139679658892154e-5,10,7
33635,9,1.912770861465719e-5,10,7
33635,4,1.3932422872719306e-6,10,7
33635,8,1.2979541064619045e-5,10,7
33635,3,8.518081585663428e-5,10,7
33635,10,5.678740046588384e-7,10,7
33635,12,5.035631228195185e-5,10,7
33739,7,1.2156607969731916e-5,9,18
33739,2,9.85978320836784e-5,9,18
33739,13,0,9,18
33739,5,2.9516719472442208e-5,9,18
33739,1,3.884950946695864e-5,9,18
33739,19,1.2565952014475976e-5,9,18
33739,17,2.8591646950343457e-7,9,18
33739,11,0,9,18
33739,6,9.174388613645904e-6,9,18
33739,9,1.5734082892701884e-5,9,18
33739,4,0,9,18
33739,8,1.5098649809862969e-05,9,18
33739,3,0,9,18
33739,10,1.675228313743573e-5,9,18
33739,12,6.6196091262659704e-6,9,18
33761,7,1.7089385434373137e-4,2,1
33761,2,2.809055045119042e-7,2,1
33761,13,7.286939650617537e-5,2,1
33761,5,4.5543204934146014e-4,2,1
33761,1,0,2,1
33761,19,4.6673536053767915e-5,2,1
33761,17,5.861287624820409e-5,2,1
33761,11,1.5047443261624713e-4,2,1
33761,6,2.293597153411476e-4,2,1
33761,9,6.41703772878822e-5,2,1
33761,4,2.3754780997986417e-4,2,1
33761,8,1.7350202851684638e-4,2,1
33761,3,4.7454493513445284e-7,2,1
33761,10,1.0647637587353218e-4,2,1
33761,12,9.26745277677236e-5,2,1
33766,7,2.267674948199992e-5,2,1
33766,2,1.685433027071425e-5,2,1
33766,13,0,2,1
33766,5,6.362492864059765e-5,2,1
33766,1,1.1596868497599591e-5,2,1
33766,19,0,2,1
33766,17,6.576078798578995e-6,2,1
33766,11,2.70403306531692e-5,2,1
33766,6,2.5076662210632136e-5,2,1
33766,9,2.4989425770761815e-5,2,1
33766,4,1.546498938871843e-4,2,1
33766,8,1.3774206844085514e-5,2,1
33766,3,1.186362337836132e-6,2,1
33766,10,0,2,1
33766,12,0,2,1
33838,7,2.204554099126384e-4,2,1
33838,2,0,2,1
33838,13,2.2536926754487227e-5,2,1
33838,5,5.087807867583187e-4,2,1
33838,1,0,2,1
33838,19,7.796019208981014e-5,2,1
33838,17,8.348760909500289e-5,2,1
33838,11,1.4271285622505968e-4,2,1
33838,6,3.635096644029033e-4,2,1
33838,9,3.9797974375657706e-5,2,1
33838,4,9.334723324721936e-5,2,1
33838,8,2.240957498095451e-4,2,1
33838,3,4.7454493513445284e-7,2,1
33838,10,9.256346275939064e-5,2,1
33838,12,6.052214058300316e-5,2,1
33842,7,7.078886333143893e-4,2,1
33842,2,5.713617961772132e-4,2,1
33842,13,2.070893158440104e-4,2,1
33842,5,0.00131753890030323,2,1
33842,1,6.389874542177376e-4,2,1
33842,19,1.707943681967551e-4,2,1
33842,17,7.376644913188611e-5,2,1
33842,11,4.000967442941147e-4,2,1
33842,6,7.07039549158311e-4,2,1
33842,9,3.831711951516812e-4,2,1
33842,4,4.402645627779301e-4,2,1
33842,8,5.038181041817433e-4,2,1
33842,3,4.4227587954531e-4,2,1
33842,10,1.910896025676991e-4,2,1
33842,12,1.8984093315684196e-4,2,1
33861,7,6.522487737606163e-5,2,1
33861,2,8.427165135357127e-5,2,1
33861,13,1.878077229540602e-5,2,1
33861,5,1.259380030824201e-4,2,1
33861,1,2.2034050145439223e-5,2,1
33861,19,1.333529601536226e-5,2,1
33861,17,2.373106696878507e-5,2,1
33861,11,1.7526140238165225e-5,2,1
33861,6,8.868575659857708e-5,2,1
33861,9,1.7276640039045206e-5,2,1
33861,4,2.4312077912895188e-4,2,1
33861,8,6.145415361207384e-5,2,1
33861,3,6.691083585395785e-5,2,1
33861,10,8.518110069882574e-6,2,1
33861,12,2.600560728175917e-5,2,1
33862,7,1.3793074427195828e-4,4,9
33862,2,1.6292519261690445e-5,4,9
33862,13,2.1535285565398903e-5,4,9
33862,5,2.376642523447754e-4,4,9
33862,1,0,4,9
33862,19,7.693440008862842e-6,4,9
33862,17,3.0878978706370936e-5,4,9
33862,11,3.480190704435666e-5,4,9
33862,6,1.2375230863295698e-4,4,9
33862,9,9.934068022450992e-5,4,9
33862,4,4.528037433633774e-6,4,9
33862,8,6.198393079838481e-5,4,9
33862,3,4.603085870804192e-5,4,9
33862,10,3.577606229350682e-5,4,9
33862,12,4.0426898592552895e-5,4,9
33918,7,8.088819918321621e-5,13,10
33918,2,3.9439132833471354e-4,13,10
33918,13,2.729472240265675e-5,13,10
33918,5,1.2681257254827022e-5,13,10
33918,1,3.316704390313484e-4,13,10
33918,19,1.6669120019202827e-5,13,10
33918,17,9.43524349361334e-6,13,10
33918,11,7.511202959213667e-7,13,10
33918,6,3.955180868994012e-5,13,10
33918,9,5.645759155616558e-5,13,10
33918,4,1.285266010008356e-4,13,10
33918,8,8.211546387820211e-5,13,10
33918,3,1.1934805118631488e-4,13,10
33918,10,5.820708547753093e-5,13,10
33918,12,2.6714851116716237e-5,13,10
33964,7,1.0239604405274192e-4,6,3
33964,2,0,6,3
33964,13,6.761078026346168e-5,6,3
33964,5,2.2126607486008527e-4,6,3
33964,1,0,6,3
33964,19,2.9491520033974232e-5,6,3
33964,17,9.149327024109906e-5,6,3
33964,11,3.0044811836854668e-5,6,3
33964,6,1.270143134733644e-4,6,3
33964,9,4.997885154152363e-5,6,3
33964,4,2.2013228138896505e-4,6,3
33964,8,8.23803524713576e-5,6,3
33964,3,9.51462594944578e-5,6,3
33964,10,5.281228243327196e-5,6,3
33964,12,5.177479995186599e-5,6,3
34014,7,6.335462999610287e-5,3,16
34014,2,6.376554952420226e-5,3,16
34014,13,2.3037747349031388e-5,3,16
34014,5,2.186423664625349e-7,3,16
34014,1,0,3,16
34014,19,8.514073609808213e-5,3,16
34014,17,7.004953502834147e-5,3,16
34014,11,1.239348488270255e-4,3,16
34014,6,4.036730990004198e-5,3,16
34014,9,8.638320019522603e-5,3,16
34014,4,3.622429946907019e-5,3,16
34014,8,4.873950114061028e-5,3,16
34014,3,5.338630520262594e-5,3,16
34014,10,9.881007681063789e-5,3,16
34014,12,5.8630823689784314e-5,3,16
34184,7,8.439491302063888e-5,5,5
34184,2,1.9101574306809488e-5,5,5
34184,13,7.787760245161697e-5,5,5
34184,5,3.935562596325628e-6,5,5
34184,1,4.667739570283836e-5,5,5
34184,19,1.2565952014475976e-5,5,5
34184,17,2.4588816377295374e-5,5,5
34184,11,2.5037343197378893e-7,5,5
34184,6,2.87464176560905e-5,5,5
34184,9,4.1032020092732365e-5,5,5
34184,4,0,5,5
34184,8,4.52959494295889e-5,5,5
34184,3,0,5,5
34184,10,4.259055034941288e-5,5,5
34184,12,6.335911592283143e-5,5,5
34295,7,9.164212161797906e-5,7,4
34295,2,1.727568852748211e-4,7,4
34295,13,6.460585669619671e-5,7,4
34295,5,1.9852726874798165e-4,7,4
34295,1,6.610215043631768e-5,7,4
34295,19,2.3849664027474813e-5,7,4
34295,17,5.1464964510618224e-5,7,4
34295,11,5.533252846620735e-5,7,4
34295,6,7.563773723694735e-5,7,4
34295,9,0,7,4
34295,4,1.386276075835571e-4,7,4
34295,8,3.7084403041768694e-5,7,4
34295,3,3.0608148316172206e-5,7,4
34295,10,2.839370023294192e-7,7,4
34295,12,1.5603364369055503e-5,7,4
34399,7,3.109286269181433e-5,6,3
34399,2,4.13492902641523e-4,6,3
34399,13,2.504102972720803e-7,6,3
34399,5,1.1369403056051812e-5,6,3
34399,1,7.076989000660152e-4,6,3
34399,19,1.2822400014771404e-5,6,3
34399,17,6.576078798578995e-6,6,3
34399,11,2.5037343197378893e-7,6,3
34399,6,1.9164278437393667e-5,6,3
34399,9,5.89256829903149e-5,6,3
34399,4,7.593170465632022e-5,6,3
34399,8,2.039642167297278e-5,6,3
34399,3,4.5888495227501585e-4,6,3
34399,10,1.1073543090847347e-5,6,3
34399,12,2.5059948835149748e-5,6,3
34580,7,3.15838026290535e-4,2,1
34580,2,1.61239759589833e-4,2,1
34580,13,1.9181428771041352e-4,2,1
34580,5,9.307605540310108e-4,2,1
34580,1,9.828346051715656e-5,2,1
34580,19,1.897715202186168e-5,2,1
34580,17,7.719744676592734e-6,2,1
34580,11,3.1071342907947204e-4,2,1
34580,6,4.150901159418458e-4,2,1
34580,9,2.5174532628323014e-4,2,1
34580,4,4.841516948269959e-4,2,1
34580,8,2.3892951102625257e-4,2,1
34580,3,9.419716962418887e-5,2,1
34580,10,2.2913716087984127e-4,2,1
34580,12,3.016650444684064e-4,2,1
34584,7,2.2606615205251468e-4,2,1
34584,2,2.809055045119042e-7,2,1
34584,13,1.0767642782699452e-4,2,1
34584,5,3.124399416749623e-4,2,1
34584,1,0,2,1
34584,19,5.616211206469875e-5,2,1
34584,17,4.574663512054953e-5,2,1
34584,11,4.757095207501989e-5,2,1
34584,6,2.0428305313051543e-4,2,1
34584,9,1.542557146343322e-4,2,1
34584,4,2.4381740027258786e-6,2,1
34584,8,1.340336281366783e-4,2,1
34584,3,1.186362337836132e-6,2,1
34584,10,1.1613023395273245e-4,2,1
34584,12,7.990813873849637e-5,2,1
34593,7,9.000565516051514e-5,2,1
34593,2,3.707952659557136e-5,2,1
34593,13,2.504102972720803e-7,2,1
34593,5,2.050865397418577e-4,2,1
34593,1,1.8844911308599337e-5,2,1
34593,19,1.4361088016543974e-5,2,1
34593,17,2.6590231663819416e-5,2,1
34593,11,2.5037343197378893e-7,2,1
34593,6,1.2191743091022e-4,2,1
34593,9,1.6659617180507876e-5,2,1
34593,4,1.6718907447263166e-4,2,1
34593,8,6.0924376425762856e-5,2,1
34593,3,0,2,1
34593,10,1.1073543090847347e-5,2,1
34593,12,1.93859981554932e-5,2,1
34613,7,2.2349456190507135e-4,2,1
34613,2,2.809055045119042e-7,2,1
34613,13,1.2996294428420968e-4,2,1
34613,5,5.485736974545e-4,2,1
34613,1,0,2,1
34613,19,9.001324810369526e-5,2,1
34613,17,7.834111264394108e-5,2,1
34613,11,4.707020521107231e-5,2,1
34613,6,3.0989045983870607e-4,2,1
34613,9,1.039683516635399e-4,2,1
34613,4,5.141064040033424e-4,2,1
34613,8,1.6873403384004757e-4,2,1
34613,3,4.128540935669739e-5,2,1
34613,10,8.262566767786097e-5,2,1
34613,12,1.3168293869036236e-4,2,1
34709,7,4.72237463439586e-5,7,4
34709,2,0,7,4
34709,13,0,7,4
34709,5,9.445350231181508e-5,7,4
34709,1,1.536585075931946e-5,7,4
34709,19,2.8978624033383377e-5,7,4
34709,17,0,7,4
34709,11,2.5037343197378893e-7,7,4
34709,6,8.093849510260943e-5,7,4
34709,9,2.4063891482955825e-5,7,4
34709,4,6.548238750178074e-5,7,4
34709,8,3.284618555128084e-5,7,4
34709,3,3.582814260265119e-5,7,4
34709,10,2.839370023294192e-7,7,4
34709,12,5.673950679656546e-5,7,4
34792,7,2.0806502102041168e-4,2,1
34792,2,8.70807063986903e-6,2,1
34792,13,2.0032823781766425e-5,2,1
34792,5,4.182628470428292e-4,2,1
34792,1,4.116888316647856e-5,2,1
34792,19,3.5389824040769075e-5,2,1
34792,17,3.774097397445336e-5,2,1
34792,11,1.0140123994938453e-4,2,1
34792,6,2.713580276613933e-4,2,1
34792,9,1.0705346595622654e-4,2,1
34792,4,7.558339408450224e-5,2,1
34792,8,1.7721046882102323e-4,2,1
34792,3,6.38262937755839e-5,2,1
34792,10,5.565165245656616e-5,2,1
34792,12,1.0685940446686496e-4,2,1
34878,7,9.608395914538111e-5,4,9
34878,2,2.4438778892535663e-5,4,9
34878,13,0,4,9
34878,5,2.1798643936314727e-4,4,9
34878,1,2.3773580420079167e-5,4,9
34878,19,7.180544008271987e-6,4,9
34878,17,3.1736728114881236e-5,4,9
34878,11,1.2618820971478962e-4,4,9
34878,6,1.074422844309198e-4,4,9
34878,9,4.411713438541901e-5,4,9
34878,4,1.044931715453948e-6,4,9
34878,8,5.165327566532068e-5,4,9
34878,3,3.8438139745890675e-5,4,9
34878,10,3.464031428418914e-5,4,9
34878,12,1.7731095873926708e-5,4,9
34909,7,2.0128537426806112e-4,2,1
34909,2,1.1517125684988072e-5,2,1
34909,13,3.806236518535621e-5,2,1
34909,5,3.859037768063741e-4,2,1
34909,1,0,2,1
34909,19,1.53355904176666e-4,2,1
34909,17,1.829865404821981e-4,2,1
34909,11,9.338929012622328e-5,2,1
34909,6,2.3139846836640223e-4,2,1
34909,9,2.175005576344084e-4,2,1
34909,4,2.636711028662129e-4,2,1
34909,8,1.8356779505675504e-4,2,1
34909,3,4.626813117560915e-5,2,1
34909,10,9.76743288013202e-5,2,1
34909,12,1.820392509723142e-4,2,1
34941,7,2.3892410278973113e-4,2,1
34941,2,3.146141650533327e-5,2,1
34941,13,9.991370861156004e-5,2,1
34941,5,4.7379800812431306e-4,2,1
34941,1,3.653013576743872e-5,2,1
34941,19,8.437139209719584e-5,2,1
34941,17,3.859872338296367e-5,2,1
34941,11,4.757095207501989e-5,2,1
34941,6,3.714608012013964e-4,2,1
34941,9,1.2155350313185376e-4,2,1
34941,4,3.9463587786977433e-4,2,1
34941,8,1.7403180570315738e-4,2,1
34941,3,1.8981797405378112e-6,2,1
34941,10,7.353968360331957e-5,2,1
34941,12,8.55820894181529e-5,2,1
34959,7,2.485091206120198e-4,2,1
34959,2,8.314802933552365e-5,2,1
34959,13,1.0116576009792043e-4,2,1
34959,5,7.016233539782744e-4,2,1
34959,1,1.513391338936747e-4,2,1
34959,19,8.2063360094537e-5,2,1
34959,17,1.0636092665527766e-4,2,1
34959,11,2.8742869990590965e-4,2,1
34959,6,3.7084917529382e-4,2,1
34959,9,1.2124499170258512e-4,2,1
34959,4,2.1003127480624353e-4,2,1
34959,8,2.4369750570305145e-4,2,1
34959,3,9.324807975391998e-5,2,1
34959,10,8.234173067553156e-5,2,1
34959,12,1.0969637980669325e-4,2,1
35087,7,7.761526626828839e-5,5,5
35087,2,0,5,5
35087,13,1.1593996763697318e-4,5,5
35087,5,1.5589200728778735e-4,5,5
35087,1,0,5,5
35087,19,1.6412672018907398e-5,5,5
35087,17,4.774805040707357e-5,5,5
35087,11,1.2518671598689444e-6,5,5
35087,6,9.255938734656088e-5,5,5
35087,9,7.18831630195988e-5,5,5
35087,4,2.4590726370349574e-4,5,5
35087,8,8.476434980975701e-5,5,5
35087,3,3.748904987562177e-5,5,5
35087,10,1.4764724121129796e-5,5,5
35087,12,8.676416247641469e-5,5,5
35205,7,1.3302134489956655e-4,2,1
35205,2,3.258503852338089e-5,2,1
35205,13,5.859600956166679e-5,2,1
35205,5,4.178255623099042e-4,2,1
35205,1,1.8844911308599337e-5,2,1
35205,19,4.9238016056722194e-5,2,1
35205,17,3.745505750494993e-5,2,1
35205,11,1.5372928723190638e-4,2,1
35205,6,1.977590434497006e-4,2,1
35205,9,8.329808590253938e-5,2,1
35205,4,8.881919581358558e-5,2,1
35205,8,7.946657794664719e-5,2,1
35205,3,4.247177169453353e-5,2,1
35205,10,3.40724402795303e-5,2,1
35205,12,4.4918776213947656e-5,2,1
35395,7,5.166558387136064e-5,2,1
35395,2,2.809055045119042e-7,2,1
35395,13,3.105087686173796e-5,2,1
35395,5,9.817042254167816e-5,2,1
35395,1,1.3626320484679522e-5,2,1
35395,19,5.38540800620399e-6,2,1
35395,17,1.2008491719144253e-5,2,1
35395,11,3.5803400772251814e-5,2,1
35395,6,4.159056171519477e-5,2,1
35395,9,3.085114292686644e-7,2,1
35395,4,6.966211436359653e-7,2,1
35395,8,3.4435517110213785e-5,2,1
35395,3,0,2,1
35395,10,1.760409414442399e-5,2,1
35395,12,0,2,1
35447,7,0.00129818546261387,2,1
35447,2,1.205084614356069e-4,2,1
35447,13,4.2770078774071314e-4,2,1
35447,5,0.0031799345778311,2,1
35447,1,5.218590823919817e-5,2,1
35447,19,3.3645977638760167e-4,2,1
35447,17,2.1758243329211371e-4,2,1
35447,11,6.016473570330148e-4,2,1
35447,6,0.00188625429896559,2,1
35447,9,7.32714644513078e-4,2,1
35447,4,0.00129501870601925,2,1
35447,8,9.498904950555896e-4,2,1
35447,3,4.982721818911755e-6,2,1
35447,10,5.054078641463662e-4,2,1
35447,12,5.172751702953552e-4,2,1
35514,7,1.8351802415845296e-4,2,1
35514,2,0,2,1
35514,13,6.410503610165256e-5,2,1
35514,5,5.319568776033473e-4,2,1
35514,1,1.2466633634919562e-5,2,1
35514,19,6.693292807710673e-5,2,1
35514,17,5.918470918721096e-5,2,1
35514,11,7.110605468055606e-5,2,1
35514,6,2.682998981235113e-4,2,1
35514,9,1.3142586886845105e-4,2,1
35514,4,4.876348005451757e-5,2,1
35514,8,1.8065402053204463e-4,2,1
35514,3,4.7454493513445284e-7,2,1
35514,10,7.098425058235479e-5,2,1
35514,12,5.81579944664796e-5,2,1
35521,7,1.7229653987870045e-4,2,1
35521,2,3.483228255947612e-5,2,1
35521,13,1.577584872814106e-4,2,1
35521,5,3.238093447310141e-4,2,1
35521,1,8.81362005817569e-5,2,1
35521,19,6.0521728069721034e-5,2,1
35521,17,4.946354922409418e-5,2,1
35521,11,9.389003699017084e-5,2,1
35521,6,1.7390563305422124e-4,2,1
35521,9,4.627671439029966e-5,2,1
35521,4,3.0651330319982474e-4,2,1
35521,8,9.9333222433309e-5,2,1
35521,3,4.4607223902638565e-5,2,1
35521,10,1.0789606088517928e-4,2,1
35521,12,1.2860954873888171e-4,2,1
35535,7,4.3483251584041086e-5,5,5
35535,2,8.932795043478554e-5,5,5
35535,13,0,5,5
35535,5,1.3249727407629614e-4,5,5
35535,1,3.450068378035879e-5,5,5
35535,19,1.4104640016248545e-5,5,5
35535,17,2.744798107232972e-5,5,5
35535,11,5.007468639475779e-7,5,5
35535,6,5.7492835312181e-5,5,5
35535,9,7.4042743024479455e-6,5,5
35535,4,2.2535693996623477e-4,5,5
35535,8,5.4302161596875586e-5,5,5
35535,3,1.3999075586466358e-4,5,5
35535,10,2.101133817237702e-5,5,5
35535,12,1.7731095873926708e-5,5,5
35676,7,6.171816353863896e-4,2,1
35676,2,0,2,1
35676,13,2.2211393368033524e-4,2,1
35676,5,0.00155454722554862,2,1
35676,1,2.8992171243998984e-7,2,1
35676,19,1.892586242180259e-4,2,1
35676,17,8.034252793046512e-5,2,1
35676,11,1.534789137999326e-4,2,1
35676,6,7.910361737988023e-4,2,1
35676,9,3.8440524086875587e-4,2,1
35676,4,9.968648565430664e-4,2,1
35676,8,5.665967007595945e-4,2,1
35676,3,3.3455417926978924e-5,2,1
35676,10,2.9387479741094886e-4,2,1
35676,12,1.997703468462409e-4,2,1
35747,7,2.1016904932286525e-4,2,1
35747,2,0,2,1
35747,13,9.690878504429507e-5,2,1
35747,5,5.944885944116323e-4,2,1
35747,1,0,2,1
35747,19,6.308620807267531e-5,2,1
35747,17,1.2265816541697343e-4,2,1
35747,11,1.151717787079429e-4,2,1
35747,6,3.1254083877153713e-4,2,1
35747,9,1.169258316928238e-4,2,1
35747,4,4.054335055961318e-4,2,1
35747,8,1.6714470228111462e-4,2,1
35747,3,2.3727246756722642e-7,2,1
35747,10,1.0846393488983812e-4,2,1
35747,12,1.1182411131156444e-4,2,1
35843,7,7.981280693973992e-4,2,1
35843,2,5.309114035274989e-5,2,1
35843,13,4.655127426287973e-4,2,1
35843,5,0.00220194727264418,2,1
35843,1,4.116888316647856e-5,2,1
35843,19,3.5851430441300846e-4,2,1
35843,17,2.5761073902259455e-4,2,1
35843,11,4.19876245420044e-4,2,1
35843,6,0.00115107995805877,2,1
35843,9,5.087353468640276e-4,2,1
35843,4,0.0010595607594703,2,1
35843,8,6.985112201510289e-4,2,1
35843,3,2.0879977145915923e-5,2,1
35843,10,3.4611920583956196e-4,2,1
35843,12,5.373704122858054e-4,2,1
35848,7,1.542954088465974e-5,2,1
35848,2,5.618110090238084e-7,2,1
35848,13,0,2,1
35848,5,7.565025879603706e-5,2,1
35848,1,1.739530274639939e-6,2,1
35848,19,0,2,1
35848,17,0,2,1
35848,11,3.179742586067119e-5,2,1
35848,6,2.4465036303055743e-5,2,1
35848,9,0,2,1
35848,4,2.2779511396896064e-4,2,1
35848,8,7.151992015198248e-6,2,1
35848,3,2.372724675672264e-6,2,1
35848,10,2.839370023294192e-7,2,1
35848,12,4.728292233047122e-7,2,1
35892,7,1.1221484279752538e-4,1,6
35892,2,0,1,6
35892,13,1.6877654036138212e-4,1,6
35892,5,6.362492864059765e-5,1,6
35892,1,2.8992171243998984e-7,1,6
35892,19,0,1,6
35892,17,2.058598580424729e-5,1,6
35892,11,1.5723451527953943e-4,1,6
35892,6,1.0825778564102168e-4,1,6
35892,9,1.7893662897582534e-4,1,6
35892,4,1.044931715453948e-6,1,6
35892,8,9.271100760442172e-5,1,6
35892,3,0,1,6
35892,10,2.4674125502426524e-4,1,6
35892,12,2.487081714582786e-4,1,6
35954,7,1.290470692171542e-4,5,5
35954,2,0,5,5
35954,13,5.283657272440894e-5,5,5
35954,5,2.186423664625349e-6,5,5
35954,1,0,5,5
35954,19,1.6412672018907398e-5,5,5
35954,17,1.8298654048219813e-5,5,5
35954,11,5.007468639475779e-7,5,5
35954,6,5.586183289197728e-5,5,5
35954,9,9.96491916537786e-5,5,5
35954,4,0,5,5
35954,8,8.423457262344604e-5,5,5
35954,3,0,5,5
35954,10,4.9972912409977773e-5,5,5
35954,12,1.4657705922446078e-5,5,5
35958,7,4.818224812618746e-4,2,1
35958,2,5.618110090238084e-5,2,1
35958,13,3.292895409127856e-4,2,1
35958,5,0.00141702117704368,2,1
35958,1,9.451447825543667e-5,2,1
35958,19,2.1669856024963675e-4,2,1
35958,17,1.686907170070264e-4,2,1
35958,11,3.1471940399105267e-4,2,1
35958,6,7.109131799062948e-4,2,1
35958,9,3.606498608150687e-4,2,1
35958,4,0.00113549246412662,2,1
35958,8,4.767994676798832e-4,2,1
35958,3,1.0297625092417626e-4,2,1
35958,10,3.3703322176502056e-4,2,1
35958,12,4.196359356829321e-4,2,1
35964,7,2.1975406714515387e-5,6,3
35964,2,1.2949743757998785e-4,6,3
35964,13,0,6,3
35964,5,8.636373475270127e-5,6,3
35964,1,2.986193638131895e-5,6,3
35964,19,1.0514368012112552e-5,6,3
35964,17,0,6,3
35964,11,2.3034355741588575e-5,6,3
35964,6,3.730918036216001e-5,6,3
35964,9,0,6,3
35964,4,5.398813863178731e-5,6,3
35964,8,1.536353840301846e-5,6,3
35964,3,7.616446208907967e-5,6,3
35964,10,0,6,3
35964,12,2.364146116523561e-7,6,3
36099,7,4.306244592355036e-4,2,1
36099,2,0,2,1
36099,13,1.65270796199573e-4,2,1
36099,5,0.00114459278843137,2,1
36099,1,0,2,1
36099,19,1.733588481997094e-4,2,1
36099,17,1.0550317724676736e-4,2,1
36099,11,1.7250729462994056e-4,2,1
36099,6,5.416966788101593e-4,2,1
36099,9,2.27989946229543e-4,2,1
36099,4,9.397419227649172e-4,2,1
36099,8,3.9574355817430305e-4,2,1
36099,3,1.8981797405378112e-6,2,1
36099,10,2.237423578355823e-4,2,1
36099,12,1.943328107782367e-4,2,1
36141,7,1.5803590360651492e-4,2,1
36141,2,0,2,1
36141,13,1.855540302786115e-4,2,1
36141,5,5.079062172924684e-4,2,1
36141,1,8.697651373199695e-6,2,1
36141,19,8.514073609808213e-5,2,1
36141,17,6.890586915032774e-5,2,1
36141,11,1.2794082373860613e-4,2,1
36141,6,2.4301936061035372e-4,2,1
36141,9,1.4530888318554092e-4,2,1
36141,4,5.2142092601152e-4,2,1
36141,8,1.221136414446812e-4,2,1
36141,3,5.38608501377604e-5,2,1
36141,10,1.9023779156071083e-4,2,1
36141,12,1.00239795340599e-4,2,1
36341,7,1.3909964888443252e-4,3,16
36341,2,1.601161375717854e-5,3,16
36341,13,2.504102972720803e-7,3,16
36341,5,1.967781298162814e-6,3,16
36341,1,2.0874363295679263e-5,3,16
36341,19,3.872364804460964e-5,3,16
36341,17,1.4295823475171728e-5,3,16
36341,11,3.204779929264498e-5,3,16
36341,6,8.297724812786407e-5,3,16
36341,9,1.0242579451719658e-4,3,16
36341,4,0,3,16
36341,8,1.4012606577925457e-4,3,16
36341,3,2.3727246756722642e-7,3,16
36341,10,8.00702346568962e-5,3,16
36341,12,4.8701410000385354e-5,3,16
36429,7,8.97718742380203e-5,2,1
36429,2,0,2,1
36429,13,5.5841496291673904e-5,2,1
36429,5,2.5122007906545256e-4,2,1
36429,1,0,2,1
36429,19,3.256889603751937e-5,2,1
36429,17,4.031422219998428e-5,2,1
36429,11,5.6083648762128713e-5,2,1
36429,6,1.288491911960936e-4,2,1
36429,9,4.164904295126969e-5,2,1
36429,4,3.60501441831612e-4,2,1
36429,8,6.489770532309522e-5,2,1
36429,3,5.813175455397047e-5,2,1
36429,10,5.167653442395429e-5,2,1
36429,12,6.170421364126495e-5,2,1
36585,7,5.386312454281219e-4,2,1
36585,2,1.1236220180476167e-5,2,1
36585,13,1.3196622666238633e-4,2,1
36585,5,7.505992440658822e-4,2,1
36585,1,2.1454206720559248e-5,2,1
36585,19,1.3745612815834946e-4,2,1
36585,17,7.633969735741703e-5,2,1
36585,11,7.110605468055606e-5,2,1
36585,6,4.632046873378554e-4,2,1
36585,9,3.8533077515656185e-4,2,1
36585,4,2.629744817225769e-4,2,1
36585,8,4.3547684714762664e-4,2,1
36585,3,7.118174027016793e-7,2,1
36585,10,2.666168451873246e-4,2,1
36585,12,1.6430815509838747e-4,2,1
36778,7,2.5482120551938055e-5,2,1
36778,2,3.2865944027892795e-5,2,1
36778,13,3.080046656446588e-5,2,1
36778,5,5.050638665284555e-5,2,1
36778,1,3.653013576743872e-5,2,1
36778,19,9.745024011226268e-6,2,1
36778,17,0,2,1
36778,11,3.655452106817318e-5,2,1
36778,6,2.0795280857597385e-5,2,1
36778,9,3.023412006832911e-5,2,1
36778,4,1.4176240272991894e-4,2,1
36778,8,6.092437642576285e-6,2,1
36778,3,2.3727246756722642e-7,2,1
36778,10,0,2,1
36778,12,8.747340631137176e-6,2,1
36882,7,7.756851008378942e-4,2,1
36882,2,0,2,1
36882,13,3.520768779645449e-4,2,1
36882,5,0.00150732047439271,2,1
36882,1,0,2,1
36882,19,3.0440377635067317e-4,2,1
36882,17,2.481754955289812e-4,2,1
36882,11,3.2423359440605665e-4,2,1
36882,6,0.0011009266336375,2,1
36882,9,3.353519236150382e-4,2,1
36882,4,0.00130059167516834,2,1
36882,8,6.410303954362875e-4,2,1
36882,3,1.898179740537811e-5,2,1
36882,10,4.14548023400952e-4,2,1
36882,12,4.118342534984043e-4,2,1
36883,7,1.9450572751571063e-4,2,1
36883,2,6.123739998359512e-5,2,1
36883,13,3.831277548262829e-5,2,1
36883,5,3.034756046499984e-4,2,1
36883,1,1.0582142504059628e-4,2,1
36883,19,7.02667520809473e-5,2,1
36883,17,6.890586915032774e-5,2,1
36883,11,2.1031368285798267e-5,2,1
36883,6,1.8552652529817273e-4,2,1
36883,9,1.35128006019675e-4,2,1
36883,4,6.757225093268863e-5,2,1
36883,8,8.847279011393388e-5,2,1
36883,3,0,2,1
36883,10,9.426708477336716e-5,2,1
36883,12,9.456584466094244e-5,2,1
36888,7,6.078303984865958e-6,6,3
36888,2,5.449566787530942e-5,6,3
36888,13,0,6,3
36888,5,1.6835462217615186e-5,6,3
36888,1,1.4438101279511494e-4,6,3
36888,19,0,6,3
36888,17,0,6,3
36888,11,0,6,3
36888,6,1.3659645269206124e-5,6,3
36888,9,2.067026576100051e-5,6,3
36888,4,6.687562978905267e-5,6,3
36888,8,6.357326235731776e-6,6,3
36888,3,9.301080728635276e-5,6,3
36888,10,2.839370023294192e-7,6,3
36888,12,1.4657705922446078e-5,6,3
36915,7,4.745752726645344e-5,7,4
36915,2,4.269763668580944e-5,7,4
36915,13,1.9031182592678104e-5,7,4
36915,5,1.3337184354214626e-4,7,4
36915,1,1.797514617127937e-5,7,4
36915,19,1.3078848015066833e-5,7,4
36915,17,1.4867656414178596e-5,7,4
36915,11,5.007468639475779e-7,7,4
36915,6,7.237573239653991e-5,7,4
36915,9,2.4989425770761815e-5,7,4
36915,4,2.629744817225769e-4,7,4
36915,8,5.95999334599854e-5,7,4
36915,3,1.041626132620124e-4,7,4
36915,10,2.839370023294192e-7,7,4
36915,12,1.583977898070786e-5,7,4
36954,7,3.2939731979523596e-4,2,1
36954,2,8.146259630845223e-6,2,1
36954,13,1.7077982273955877e-4,2,1
36954,5,5.466059161563371e-4,2,1
36954,1,1.971467644591931e-5,2,1
36954,19,9.591155211049012e-5,2,1
36954,17,1.2351591482548374e-4,2,1
36954,11,1.9128530202797473e-4,2,1
36954,6,4.593310565898716e-4,2,1
36954,9,1.7184086610264607e-4,2,1
36954,4,3.169626203543642e-4,2,1
36954,8,2.924370068436617e-4,2,1
36954,3,7.118174027016793e-7,2,1
36954,10,2.1068125572842904e-4,2,1
36954,12,9.716640538911836e-5,2,1
36990,7,6.849781029098945e-5,2,1
36990,2,7.556358071370223e-5,2,1
36990,13,4.006564756353285e-5,2,1
36990,5,1.5064459049268653e-4,2,1
36990,1,2.4063502132519155e-5,2,1
36990,19,1.7694912020384537e-5,2,1
36990,17,1.2580324658151122e-5,2,1
36990,11,3.179742586067119e-5,2,1
36990,6,9.82678958172739e-5,2,1
36990,9,2.7149005775642467e-5,2,1
36990,4,4.493206376451976e-5,2,1
36990,8,5.191816425847617e-5,2,1
36990,3,1.0700988287281911e-4,2,1
36990,10,5.820708547753093e-5,2,1
36990,12,4.0190483980900536e-5,2,1
37127,7,1.243714507672573e-4,14,13
37127,2,0,14,13
37127,13,4.557467410351862e-5,14,13
37127,5,2.7046060731415565e-4,14,13
37127,1,0,14,13
37127,19,7.949888009158271e-6,14,13
37127,17,6.94777020893346e-5,14,13
37127,11,4.05604959797538e-5,14,13
37127,6,1.09277162153649e-4,14,13
37127,9,3.270221150247843e-5,14,13
37127,4,3.099964089180046e-5,14,13
37127,8,6.118926501891834e-5,14,13
37127,3,3.701450494048732e-5,14,13
37127,10,9.256346275939064e-5,14,13
37127,12,3.026107029150158e-5,14,13
37151,7,1.6130883652144275e-5,8,2
37151,2,0,8,2
37151,13,2.504102972720803e-7,8,2
37151,5,3.104721603767995e-5,8,2
37151,1,0,8,2
37151,19,6.924096007976559e-6,8,2
37151,17,1.057890937162708e-5,8,2
37151,11,2.628921035724783e-5,8,2
37151,6,2.059140555507192e-5,8,2
37151,9,0,8,2
37151,4,2.229187659635089e-5,8,2
37151,8,1.642309277564042e-5,8,2
37151,3,0,8,2
37151,10,1.5048661123459216e-5,8,2
37151,12,1.205714519427016e-5,8,2
37314,7,7.948551364824715e-5,5,5
37314,2,0,5,5
37314,13,3.18021077535542e-5,5,5
37314,5,1.6441905957982622e-4,5,5
37314,1,2.1454206720559248e-5,5,5
37314,19,3.5646272041064504e-5,5,5
37314,17,2.058598580424729e-5,5,5
37314,11,1.0014937278951555e-6,5,5
37314,6,1.0621903261576704e-4,5,5
37314,9,3.64043486537024e-5,5,5
37314,4,1.3584112300901325e-5,5,5
37314,8,9.11216760454888e-5,5,5
37314,3,3.203178312157557e-5,5,5
37314,10,3.9467243323789266e-5,5,5
37314,12,6.35955305344838e-5,5,5
37383,7,3.810629036665966e-5,6,3
37383,2,2.806245990073923e-4,6,3
37383,13,2.328815764630347e-5,6,3
37383,5,6.034529314365962e-5,6,3
37383,1,2.4498384701179143e-4,6,3
37383,19,7.949888009158271e-6,6,3
37383,17,2.8591646950343457e-7,6,3
37383,11,0,6,3
37383,6,3.0377420076294215e-5,6,3
37383,9,3.64043486537024e-5,6,3
37383,4,6.513407692996276e-5,6,3
37383,8,3.072707680603692e-5,6,3
37383,3,2.3015429354020963e-4,6,3
37383,10,5.678740046588384e-7,6,3
37383,12,1.323921825253194e-5,6,3
37542,7,0.02479176548781077,1,6
37542,2,1.0112598162428552e-4,1,6
37542,13,0.01976538558427984,1,6
37542,5,0.00561386140129204,1,6
37542,1,5.160606481431819e-5,1,6
37542,19,0.01385947572796611,1,6
37542,17,0.0166243272028077,1,6
37542,11,0.02563798906068401,1,6
37542,6,0.02497676331239466,1,6
37542,9,0.02791288007451168,1,6
37542,4,6.02228978673292e-4,1,6
37542,8,0.0271879003128864,1,6
37542,3,6.928356052963011e-5,1,6
37542,10,0.02700042136251146,1,6
37542,12,0.02012006552467376,1,6
37560,7,5.376961217381424e-5,2,1
37560,2,0,2,1
37560,13,5.559108599440183e-5,2,1
37560,5,1.4649038552989836e-4,2,1
37560,1,2.8992171243998984e-7,2,1
37560,19,0,2,1
37560,17,2.373106696878507e-5,2,1
37560,11,2.1031368285798267e-5,2,1
37560,6,6.116259075763936e-5,2,1
37560,9,3.64043486537024e-5,2,1
37560,4,1.6161610532354397e-4,2,1
37560,8,7.92016893534917e-5,2,1
37560,3,0,2,1
37560,10,3.662787330049507e-5,2,1
37560,12,6.6196091262659704e-6,2,1
37741,7,4.8041979572690553e-4,4,9
37741,2,1.4859901188679734e-4,4,9
37741,13,2.1284875268126827e-4,4,9
37741,5,9.33602904795024e-4,4,9
37741,1,8.5526905169797e-5,4,9
37741,19,1.3335296015362262e-4,4,9
37741,17,1.698343828850401e-4,4,9
37741,11,1.6875169315033373e-4,4,9
37741,6,4.0958548277365825e-4,4,9
37741,9,2.4125593768809555e-4,4,9
37741,4,6.269590292723688e-6,4,9
37741,8,3.5812937794622336e-4,4,9
37741,3,1.3761803118899133e-4,4,9
37741,10,2.637774751640304e-4,4,9
37741,12,1.955148838364985e-4,4,9
37784,7,1.32320002132082e-4,2,1
37784,2,0,2,1
37784,13,6.034888164257135e-5,2,1
37784,5,2.9822818785489754e-4,2,1
37784,1,2.8992171243998984e-7,2,1
37784,19,4.5134848051995346e-5,2,1
37784,17,3.545364221842589e-5,2,1
37784,11,6.384522515331617e-5,2,1
37784,6,1.8430327348301995e-4,2,1
37784,9,1.0242579451719658e-4,2,1
37784,4,3.580632678288862e-4,2,1
37784,8,1.0701499163481823e-4,2,1
37784,3,1.660907272970585e-6,2,1
37784,10,1.155623599480736e-4,2,1
37784,12,5.792157985482724e-5,2,1
37808,7,2.99239580793401e-5,6,3
37808,2,9.887873758819028e-5,6,3
37808,13,2.504102972720803e-7,6,3
37808,5,5.6191088180871464e-5,6,3
37808,1,1.0437181647839632e-4,6,3
37808,19,1.0001472011521695e-5,6,3
37808,17,1.6583155231199206e-5,6,3
37808,11,2.5037343197378893e-7,6,3
37808,6,4.974557381621335e-5,6,3
37808,9,0,6,3
37808,4,3.274119375089037e-4,6,3
37808,8,1.7482647148262383e-5,6,3
37808,3,1.8910615665107945e-4,6,3
37808,10,0,6,3
37808,12,2.364146116523561e-7,6,3
37883,7,1.1922827047237072e-5,4,9
37883,2,0,4,9
37883,13,3.7811954888084125e-5,4,9
37883,5,1.617953511822758e-5,4,9
37883,1,0,4,9
37883,19,2.9235072033678803e-5,4,9
37883,17,2.8591646950343457e-7,4,9
37883,11,1.6775019942243858e-5,4,9
37883,6,1.080539103384962e-5,4,9
37883,9,0,4,9
37883,4,6.966211436359653e-7,4,9
37883,8,1.3509318250930025e-5,4,9
37883,3,0,4,9
37883,10,1.987559016305934e-5,4,9
37883,12,1.1820730582617803e-5,4,9
37892,7,0.0012016339416235,2,1
37892,2,8.258621832649984e-5,2,1
37892,13,7.204304252517751e-4,2,1
37892,5,0.0028379779166837,2,1
37892,1,2.8122406106679012e-5,2,1
37892,19,4.93662400568699e-4,2,1
37892,17,2.8820380125946205e-4,2,1
37892,11,4.924845406924428e-4,2,1
37892,6,0.00161163426646379,2,1
37892,9,6.487995357520013e-4,2,1
37892,4,0.00121177247935476,2,1
37892,8,8.725430258541862e-4,2,1
37892,3,6.596174598368894e-5,2,1
37892,10,5.880335318242271e-4,2,1
37892,12,5.621939465093028e-4,2,1
37920,7,5.5873640476267845e-5,7,4
37920,2,1.2387932748974975e-4,7,4
37920,13,0,7,4
37920,5,9.926363437399084e-5,7,4
37920,1,1.942475473347932e-5,7,4
37920,19,3.5902720041359933e-5,7,4
37920,17,1.5439489353185468e-5,7,4
37920,11,4.506721775528201e-6,7,4
37920,6,4.322156413539848e-5,7,4
37920,9,2.067026576100051e-5,7,4
37920,4,1.546498938871843e-4,7,4
37920,8,2.6223970722393577e-5,7,4
37920,3,1.6324345768625178e-4,7,4
37920,10,2.839370023294192e-7,7,4
37920,12,2.4587119611845033e-5,7,4
37987,7,3.656333627819368e-4,2,1
37987,2,1.0702499721903552e-4,2,1
37987,13,1.2144899417695894e-4,2,1
37987,5,4.197933436080669e-4,2,1
37987,1,1.281453968984755e-4,2,1
37987,19,9.924537611433068e-5,2,1
37987,17,6.86199526808243e-5,2,1
37987,11,1.514759263441423e-4,2,1
37987,6,2.907261814013124e-4,2,1
37987,9,2.502027691368868e-4,2,1
37987,4,3.5597340439797825e-4,2,1
37987,8,2.667428133075791e-4,2,1
37987,3,1.3785530365655854e-4,2,1
37987,10,1.286234620552269e-4,2,1
37987,12,2.0969976053563985e-4,2,1
38101,7,9.206292727846978e-4,2,1
38101,2,6.208011649713083e-5,2,1
38101,13,6.29781897639282e-4,2,1
38101,5,0.00228350087533471,2,1
38101,1,3.455866812284679e-4,2,1
38101,19,4.2108761648509296e-4,2,1
38101,17,3.382391834225631e-4,2,1
38101,11,5.090091872027128e-4,2,1
38101,6,0.00115699234183201,2,1
38101,9,3.8903291230778583e-4,2,1
38101,4,0.00113479584298298,2,1
38101,8,8.407563946755274e-4,2,1
38101,3,3.253005530346674e-4,2,1
38101,10,5.014327461137542e-4,2,1
38101,12,5.591205565578222e-4,2,1
38514,7,7.076548523918944e-4,2,1
38514,2,0,2,1
38514,13,3.167690260491816e-4,2,1
38514,5,0.00207688383902761,2,1
38514,1,2.8992171243998984e-7,2,1
38514,19,2.0490195223604705e-4,2,1
38514,17,2.3416558852331292e-4,2,1
38514,11,2.3284729173562367e-4,2,1
38514,6,0.00100734786977832,2,1
38514,9,3.8347970658094983e-4,2,1
38514,4,8.383835463658842e-4,2,1
38514,8,5.665967007595945e-4,2,1
38514,3,8.114718390799143e-5,2,1
38514,10,2.799618842968073e-4,2,1
38514,12,4.5698944432400433e-4,2,1
38530,7,7.621258073331932e-5,3,16
38530,2,0,3,16
38530,13,9.014770701794891e-6,3,16
38530,5,8.745694658501395e-7,3,16
38530,1,0,3,16
38530,19,1.6669120019202827e-5,3,16
38530,17,1.7726821109212944e-5,3,16
38530,11,4.106124284370138e-5,3,16
38530,6,3.812468157226187e-5,3,16
38530,9,4.7202248678105655e-5,3,16
38530,4,0,3,16
38530,8,4.582572661589989e-5,3,16
38530,3,0,3,16
38530,10,3.662787330049507e-5,3,16
38530,12,5.579384834995604e-5,3,16
38588,7,7.658663020931108e-4,2,1
38588,2,7.303543117309509e-5,2,1
38588,13,1.5550479460596186e-4,2,1
38588,5,0.00149791885263482,2,1
38588,1,1.826506788371936e-5,2,1
38588,19,1.4104640016248543e-4,2,1
38588,17,9.26369361191128e-5,2,1
38588,11,2.6214098327655697e-4,2,1
38588,6,8.032686919503303e-4,2,1
38588,9,3.634264636784867e-4,2,1
38588,4,5.092300559978906e-4,2,1
38588,8,6.103033186302505e-4,2,1
38588,3,2.1354522081050376e-6,2,1
38588,10,3.608839299606918e-4,2,1
38588,12,3.3712723621625977e-4,2,1
38696,7,9.888933021531924e-5,5,5
38696,2,6.966456511895224e-4,5,5
38696,13,5.634231688621807e-5,5,5
38696,5,4.127967878812658e-4,5,5
38696,1,5.6998608665702e-4,5,5
38696,19,3.231244803722394e-5,5,5
38696,17,5.003538216310105e-5,5,5
38696,11,1.0014937278951555e-6,5,5
38696,6,1.4903284614611458e-4,5,5
38696,9,4.350011152688168e-5,5,5
38696,4,0.0012319744925202,5,5
38696,8,1.2078919847890376e-4,5,5
38696,3,5.281685128046459e-4,5,5
38696,10,9.76743288013202e-5,5,5
38696,12,3.66442648061152e-5,5,5
38708,7,4.402094770577923e-4,2,1
38708,2,2.331515687448805e-5,2,1
38708,13,1.6326751382139635e-4,2,1
38708,5,9.486892280809387e-4,2,1
38708,1,1.965669210343131e-4,2,1
38708,19,7.513926408656043e-5,2,1
38708,17,6.833403621132086e-5,2,1
38708,11,2.1782488581719633e-5,2,1
38708,6,4.0897385686608186e-4,2,1
38708,9,9.656407736109196e-5,2,1
38708,4,7.941481037450004e-5,2,1
38708,8,2.5588238098820396e-4,2,1
38708,3,1.267034976808989e-4,2,1
38708,10,1.2606802903426212e-4,2,1
38708,12,1.706913496130011e-4,2,1
38757,7,6.79834922615008e-4,6,3
38757,2,8.132214355619627e-4,6,3
38757,13,2.1184711149217992e-4,6,3
38757,5,0.00119947202241346,6,3
38757,1,7.882971361243324e-4,6,3
38757,19,1.5386880017725685e-4,6,3
38757,17,1.7097804876305389e-4,6,3
38757,11,8.913294178266885e-5,6,3
38757,6,6.766621290820167e-4,6,3
38757,9,3.316497864638142e-4,6,3
38757,4,5.750607540714893e-4,6,3
38757,8,4.693825870715295e-4,6,3
38757,3,5.775211860586291e-4,6,3
38757,10,1.6070834331845124e-4,6,3
38757,12,2.588739997593299e-4,6,3
38822,7,2.3378092249484455e-5,4,9
38822,2,1.0955314675964264e-5,4,9
38822,13,2.328815764630347e-5,4,9
38822,5,4.810132062175767e-5,4,9
38822,1,3.71099791923187e-5,4,9
38822,19,0,4,9
38822,17,0,4,9
38822,11,0,4,9
38822,6,3.2008422496497934e-5,4,9
38822,9,1.82021743268512e-5,4,9
38822,4,6.966211436359653e-7,4,9
38822,8,6.092437642576285e-6,4,9
38822,3,0,4,9
38822,10,5.394803044258964e-6,4,9
38822,12,2.6714851116716237e-5,4,9
38824,7,7.244870788115233e-4,2,1
38824,2,3.089960549630946e-5,2,1
38824,13,2.4114511627301336e-4,2,1
38824,5,0.00139581286749682,2,1
38824,1,9.915322565447651e-5,2,1
38824,19,3.559498244100542e-4,2,1
38824,17,3.7369282564098897e-4,2,1
38824,11,3.9784338340635055e-4,2,1
38824,6,7.861431665381912e-4,2,1
38824,9,3.65894555112636e-4,2,1
38824,4,1.1145938298175443e-5,2,1
38824,8,4.847461254745479e-4,2,1
38824,3,3.748904987562177e-5,2,1
38824,10,4.1227652738231663e-4,2,1
38824,12,4.073423758770096e-4,2,1
38833,7,4.776144246569674e-4,2,1
38833,2,0,2,1
38833,13,1.868060817649719e-4,2,1
38833,5,0.00112928782277899,2,1
38833,1,2.174412843299924e-5,2,1
38833,19,1.4078995216219002e-4,2,1
38833,17,7.748336323543076e-5,2,1
38833,11,2.984451309127564e-4,2,1
38833,6,6.393529487198567e-4,2,1
38833,9,2.66553874888126e-4,2,1
38833,4,2.995470917634651e-4,2,1
38833,8,3.181312003797443e-4,2,1
38833,3,4.7454493513445284e-7,2,1
38833,10,1.2805558805056803e-4,2,1
38833,12,1.4894120534098435e-4,2,1
38917,7,1.9357060382573128e-4,2,1
38917,2,6.404645502871416e-5,2,1
38917,13,2.6793901808112594e-5,2,1
38917,5,3.714733806198467e-4,2,1
38917,1,7.624941037171733e-5,2,1
38917,19,7.231833608331073e-5,2,1
38917,17,3.116489517587437e-5,2,1
38917,11,4.0310122547780014e-5,2,1
38917,6,1.8206064515523983e-4,2,1
38917,9,1.2525564028307776e-4,2,1
38917,4,1.7763839162717114e-5,2,1
38917,8,1.4409939467658692e-4,2,1
38917,3,4.7454493513445284e-7,2,1
38917,10,4.684960538435416e-5,2,1
38917,12,5.768516524317488e-5,2,1
38934,7,5.27877322993359e-4,2,1
38934,2,2.1910629351928528e-5,2,1
38934,13,3.0199481851012885e-4,2,1
38934,5,0.0012578495342589599,2,1
38934,1,0,2,1
38934,19,2.072099842387059e-4,2,1
38934,17,1.8555978870772903e-4,2,1
38934,11,1.717561743340192e-4,2,1
38934,6,6.597404789724032e-4,2,1
38934,9,2.3724528910760293e-4,2,1
38934,4,5.670496109196758e-4,2,1
38934,8,3.994519984784799e-4,2,1
38934,3,1.4236348054033583e-6,2,1
38934,10,3.1147889155537284e-4,2,1
38934,12,3.042656051965823e-4,2,1
38940,7,2.515482726044527e-4,2,1
38940,2,2.809055045119042e-7,2,1
38940,13,1.409809973641812e-4,2,1
38940,5,5.352365131002854e-4,2,1
38940,1,4.348825686599848e-5,2,1
38940,19,5.231539206026733e-5,2,1
38940,17,7.77692797049342e-5,2,1
38940,11,2.078099485382448e-5,2,1
38940,6,2.654456438881548e-4,2,1
38940,9,6.910656015618082e-5,2,1
38940,4,3.1173796177709446e-4,2,1
38940,8,1.98666444866618e-4,2,1
38940,3,4.555631377290747e-5,2,1
38940,10,6.530551053576641e-5,2,1
38940,12,5.673950679656546e-5,2,1
38952,7,6.569243922105131e-5,2,1
38952,2,5.33720458572618e-6,2,1
38952,13,1.1268463377243614e-5,2,1
38952,5,1.0210598513800378e-4,2,1
38952,1,6.088355961239786e-6,2,1
38952,19,7.693440008862842e-6,2,1
38952,17,2.0300069334743857e-5,2,1
38952,11,1.2017924734741869e-5,2,1
38952,6,7.726873965715106e-5,2,1
38952,9,2.2521334336612503e-5,2,1
38952,4,3.552767832543423e-5,2,1
38952,8,4.9004389733765775e-5,2,1
38952,3,2.2066339483752055e-5,2,1
38952,10,4.060299133310694e-5,2,1
38952,12,1.394846208748901e-5,2,1
38994,7,6.849781029098945e-5,5,5
38994,2,2.5000589901559476e-5,5,5
38994,13,2.5291440024480112e-5,5,5
38994,5,1.2331429468486965e-4,5,5
38994,1,4.348825686599848e-5,5,5
38994,19,8.975680010339983e-6,5,5
38994,17,2.31592340297782e-5,5,5
38994,11,1.5022405918427334e-6,5,5
38994,6,7.42106101192691e-5,5,5
38994,9,4.380862295615035e-5,5,5
38994,4,2.2814342454077863e-4,5,5
38994,8,4.185239771856752e-5,5,5
38994,3,2.8235423640499945e-5,5,5
38994,10,1.4480787118800375e-5,5,5
38994,12,5.8630823689784314e-5,5,5
39001,7,3.1162996968562775e-4,2,1
39001,2,3.736043210008326e-5,2,1
39001,13,1.6952777125319837e-4,2,1
39001,5,8.522679444709609e-4,2,1
39001,1,0,2,1
39001,19,7.796019208981014e-5,2,1
39001,17,3.0878978706370936e-5,2,1
39001,11,1.7901700386125906e-4,2,1
39001,6,4.034692236978943e-4,2,1
39001,9,1.7616002611240737e-4,2,1
39001,4,3.2009741550072604e-4,2,1
39001,8,1.9946111064608448e-4,2,1
39001,3,9.490898702689056e-7,2,1
39001,10,1.7717668945355756e-4,2,1
39001,12,7.470701728214452e-5,2,1
39045,7,1.4634685748177268e-4,7,4
39045,2,3.736043210008326e-5,7,4
39045,13,6.886283174982209e-5,7,4
39045,5,2.960417641902722e-4,7,4
39045,1,3.189138836839888e-5,7,4
39045,19,2.718348803131538e-5,7,4
39045,17,3.002122929786063e-5,7,4
39045,11,5.5582901898181136e-5,7,4
39045,6,1.0418027959051236e-4,7,4
39045,9,5.861717156104624e-5,7,4
39045,4,1.1807728384629612e-4,7,4
39045,8,8.317501825082407e-5,7,4
39045,3,8.257081871339479e-5,7,4
39045,10,2.015952716538876e-5,7,4
39045,12,1.0165828301051312e-5,7,4
39080,7,0.00140221797312407,2,1
39080,2,2.415787338802376e-5,2,1
39080,13,5.055783901923302e-4,2,1
39080,5,0.0027533633208627,2,1
39080,1,0,2,1
39080,19,3.5928364841389474e-4,2,1
39080,17,1.96710531018363e-4,2,1
39080,11,2.3985774783088975e-4,2,1
39080,6,0.00127870589743971,2,1
39080,9,7.040230815910922e-4,2,1
39080,4,1.8112149734535096e-5,2,1
39080,8,0.00114008050494123,2,1
39080,3,1.186362337836132e-6,2,1
39080,10,5.826387287799681e-4,2,1
39080,12,6.241345747622201e-4,2,1
39084,7,0.00107632736716626,2,1
39084,2,7.528267520919033e-5,2,1
39084,13,4.33460224577971e-4,2,1
39084,5,0.00289373172013164,2,1
39084,1,5.4215360226278096e-5,2,1
39084,19,2.685010563093132e-4,2,1
39084,17,2.3445150499281636e-4,2,1
39084,11,3.049548401440749e-4,2,1
39084,6,0.00151091986701621,2,1
39084,9,4.433309238590707e-4,2,1
39084,4,0.00169383431075084,2,1
39084,8,8.36253288591884e-4,2,1
39084,3,1.1816168884847876e-4,2,1
39084,10,3.807595201237511e-4,2,1
39084,12,5.775608962667059e-4,2,1
39123,7,2.0081781242307147e-4,2,1
39123,2,1.8258857793273773e-5,2,1
39123,13,1.3071417517602593e-4,2,1
39123,5,4.659268829316618e-4,2,1
39123,1,0,2,1
39123,19,2.564480002954281e-5,2,1
39123,17,5.832695977870065e-5,2,1
39123,11,1.4121061563321694e-4,2,1
39123,6,3.525003980665282e-4,2,1
39123,9,1.5919189750263082e-4,2,1
39123,4,2.1386269109624137e-4,2,1
39123,8,2.12705540303859e-4,2,1
39123,3,7.118174027016793e-7,2,1
39123,10,1.5616535128118054e-4,2,1
39123,12,1.323921825253194e-4,2,1
39251,7,5.047330116663694e-4,2,1
39251,2,0,2,1
39251,13,3.142649230764608e-4,2,1
39251,5,0.00100334981969657,2,1
39251,1,0,2,1
39251,19,1.3489164815539518e-4,2,1
39251,17,1.403849865261864e-4,2,1
39251,11,1.842748459327e-4,2,1
39251,6,6.393529487198567e-4,2,1
39251,9,3.4985196079066543e-4,2,1
39251,4,3.7199569070160547e-4,2,1
39251,8,3.700493646382205e-4,2,1
39251,3,1.660907272970585e-6,2,1
39251,10,2.4361794799864165e-4,2,1
39251,12,2.7542302257499483e-4,2,1
39273,7,1.0683788158014396e-4,2,1
39273,2,0,2,1
39273,13,2.2812378081486515e-4,2,1
39273,5,2.4094388784171345e-4,2,1
39273,1,1.536585075931946e-5,2,1
39273,19,8.231980809483242e-5,2,1
39273,17,4.574663512054953e-5,2,1
39273,11,1.3670389385768875e-4,2,1
39273,6,1.3129569482639916e-4,2,1
39273,9,6.972358301471815e-5,2,1
39273,4,3.086031666307326e-4,2,1
39273,8,1.2820607908725748e-4,2,1
39273,3,9.490898702689056e-7,2,1
39273,10,9.739039179899078e-5,2,1
39273,12,2.11118248205554e-4,2,1
39294,7,1.3138487844210263e-4,2,1
39294,2,0,2,1
39294,13,6.135052283165968e-5,2,1
39294,5,3.705988111539966e-4,2,1
39294,1,0,2,1
39294,19,6.590713607592501e-5,2,1
39294,17,4.574663512054953e-5,2,1
39294,11,7.786613734384835e-5,2,1
39294,6,2.0204042480273537e-4,2,1
39294,9,1.1414922882940584e-4,2,1
39294,4,2.2013228138896505e-4,2,1
39294,8,9.774389087437604e-5,2,1
39294,3,2.3727246756722642e-7,2,1
39294,10,7.013243957536653e-5,2,1
39294,12,7.683474878701573e-5,2,1
39318,7,5.4237174018803933e-5,2,1
39318,2,1.8258857793273773e-5,2,1
39318,13,3.30541592399146e-5,2,1
39318,5,1.3927518743663472e-4,2,1
39318,1,0,2,1
39318,19,6.66764800768113e-6,2,1
39318,17,2.8591646950343457e-7,2,1
39318,11,7.511202959213667e-7,2,1
39318,6,1.0091827475010496e-4,2,1
39318,9,3.2393700073209764e-5,2,1
39318,4,3.0024371290710103e-4,2,1
39318,8,6.145415361207384e-5,2,1
39318,3,7.118174027016793e-7,2,1
39318,10,2.441858220033005e-5,2,1
39318,12,4.066331320420525e-5,2,1
39394,7,2.7118587009401967e-5,4,9
39394,2,2.8090550451190422e-6,4,9
39394,13,1.0517232485427371e-5,4,9
39394,5,4.985045955345795e-5,4,9
39394,1,1.797514617127937e-5,4,9
39394,19,6.154752007090274e-6,4,9
39394,17,1.057890937162708e-5,4,9
39394,11,2.002987455790311e-6,4,9
39394,6,2.201853267275017e-5,4,9
39394,9,1.881919718538853e-5,4,9
39394,4,3.4831057181798266e-7,4,9
39394,8,2.092619885928376e-5,4,9
39394,3,1.4948165456735264e-5,4,9
39394,10,8.518110069882574e-6,4,9
39394,12,3.0497484903153935e-5,4,9
39451,7,7.621258073331932e-5,2,1
39451,2,2.387696788351186e-5,2,1
39451,13,1.1518873674515694e-5,2,1
39451,5,2.0290011607723235e-4,2,1
39451,1,0,2,1
39451,19,4.231392004874564e-5,2,1
39451,17,2.7733897541833153e-5,2,1
39451,11,3.4050786748435294e-5,2,1
39451,6,1.1865542606982036e-4,2,1
39451,9,3.7329882941508394e-5,2,1
39451,4,9.857189182448908e-5,2,1
39451,8,5.006394410638774e-5,2,1
39451,3,5.4572667540462074e-5,2,1
39451,10,6.445369952877815e-5,2,1
39451,12,3.6171435582810486e-5,2,1
39461,7,3.6493202001445233e-4,2,1
39461,2,2.331515687448805e-5,2,1
39461,13,1.1268463377243614e-4,2,1
39461,5,5.850869726537433e-4,2,1
39461,1,1.0930048558987616e-4,2,1
39461,19,6.257331207208445e-5,2,1
39461,17,6.232979035174873e-5,2,1
39461,11,9.789601190175146e-5,2,1
39461,6,3.926638326640447e-4,2,1
39461,9,1.317343802977197e-4,2,1
39461,4,1.0484148211721278e-4,2,1
39461,8,3.221045292770766e-4,2,1
39461,3,1.0345079585931073e-4,2,1
39461,10,1.2833952505289747e-4,2,1
39461,12,1.758924710693529e-4,2,1
39607,7,3.9812891100872026e-4,2,1
39607,2,2.120836559064877e-4,2,1
39607,13,2.8396527710653906e-4,2,1
39607,5,9.755822391558306e-4,2,1
39607,1,1.507592904687947e-4,2,1
39607,19,1.9182310422098024e-4,2,1
39607,17,1.2923424421555242e-4,2,1
39607,11,3.3750338630066746e-4,2,1
39607,6,4.330311425640867e-4,2,1
39607,9,1.3204289172698836e-4,2,1
39607,4,6.900032427714236e-4,2,1
39607,8,3.0727076806036916e-4,2,1
39607,3,2.856760509509406e-4,2,1
39607,10,3.6201967797000944e-4,2,1
39607,12,4.139619850032755e-4,2,1
39622,7,1.5149003777665927e-4,2,1
39622,2,0,2,1
39622,13,8.939647612613267e-5,2,1
39622,5,3.8174957184358585e-4,2,1
39622,1,0,2,1
39622,19,2.692704003101995e-5,2,1
39622,17,5.718329390068691e-7,2,1
39622,11,2.002987455790311e-6,2,1
39622,6,2.006132976850571e-4,2,1
39622,9,4.5968202961030995e-5,2,1
39622,4,1.5987455246445405e-4,2,1
39622,8,1.618469304180048e-4,2,1
39622,3,7.118174027016793e-7,2,1
39622,10,1.1414267493642652e-4,2,1
39622,12,3.66442648061152e-5,2,1
39847,7,6.218572538362865e-5,6,3
39847,2,2.797818824938566e-4,6,3
39847,13,0,6,3
39847,5,1.346836977409215e-4,6,3
39847,1,2.4643345557399135e-4,6,3
39847,19,7.180544008271987e-6,6,3
39847,17,0,6,3
39847,11,4.757095207501989e-5,6,3
39847,6,6.564784741319958e-5,6,3
39847,9,5.614908012689692e-5,6,3
39847,4,1.563914467462742e-4,6,3
39847,8,5.165327566532068e-5,6,3
39847,3,4.021768325264488e-4,6,3
39847,10,2.4702519202659468e-5,6,3
39847,12,1.3475632864184298e-5,6,3
39889,7,7.247208597340181e-6,10,7
39889,2,0,10,7
39889,13,2.654349151084051e-5,10,7
39889,5,1.8803243515778e-5,10,7
39889,1,4.2328570016238514e-5,10,7
39889,19,1.0257920011817125e-5,10,7
39889,17,2.373106696878507e-5,10,7
39889,11,0,10,7
39889,6,6.524009680814865e-6,10,7
39889,9,0,10,7
39889,4,3.4831057181798266e-7,10,7
39889,8,1.1125320912530608e-5,10,7
39889,3,7.474082728367632e-5,10,7
39889,10,0,10,7
39889,12,2.364146116523561e-7,10,7
39911,7,1.952070702831952e-4,2,1
39911,2,9.915964309270218e-5,2,1
39911,13,1.0316904247609708e-4,2,1
39911,5,4.576184730060855e-4,2,1
39911,1,1.3481359628459528e-4,2,1
39911,19,6.38555520735616e-5,2,1
39911,17,1.7154988170206074e-6,2,1
39911,11,7.2357921840425e-5,2,1
39911,6,2.903184307962615e-4,2,1
39911,9,1.0705346595622654e-4,2,1
39911,4,3.033785080534629e-4,2,1
39911,8,1.5204605247125163e-4,2,1
39911,3,1.7178526651867191e-4,2,1
39911,10,1.1669810795739128e-4,2,1
39911,12,1.4137593776810894e-4,2,1
39981,7,1.0333116774272127e-4,6,3
39981,2,1.7107145224774963e-4,6,3
39981,13,8.113293631615401e-5,6,3
39981,5,3.4458036954495495e-4,6,3
39981,1,1.878692696611134e-4,6,3
39981,19,5.180249605967647e-5,6,3
39981,17,4.574663512054953e-5,6,3
39981,11,2.1532115149745845e-5,6,3
39981,6,1.4230496116277423e-4,6,3
39981,9,5.4915034409822267e-5,6,3
39981,4,3.894112192925046e-4,6,3
39981,8,1.247625273762361e-4,6,3
39981,3,1.50905289372756e-4,6,3
39981,10,4.6281731379695325e-5,6,3
39981,12,2.2459388106973828e-5,6,3
40029,7,5.657498324375238e-5,5,5
40029,2,0,5,5
40029,13,0,5,5
40029,5,7.871125192651255e-6,5,5
40029,1,0,5,5
40029,19,6.66764800768113e-6,5,5
40029,17,0,5,5
40029,11,2.5037343197378893e-7,5,5
40029,6,2.6299914025784923e-5,5,5
40029,9,3.64043486537024e-5,5,5
40029,4,6.966211436359653e-7,5,5
40029,8,5.4302161596875586e-5,5,5
40029,3,3.32181454594117e-5,5,5
40029,10,2.8109763230612498e-5,5,5
40029,12,2.4350705000192677e-5,5,5
40059,7,2.5739279566682383e-4,2,1
40059,2,0,2,1
40059,13,1.6326751382139635e-4,2,1
40059,5,6.764794818350829e-4,2,1
40059,1,0,2,1
40059,19,9.437286410871752e-5,2,1
40059,17,9.43524349361334e-5,2,1
40059,11,8.087061852753381e-5,2,1
40059,6,3.973529646221304e-4,2,1
40059,9,1.38830143170899e-4,2,1
40059,4,6.057120843914718e-4,2,1
40059,8,2.360157365015422e-4,2,1
40059,3,1.186362337836132e-6,2,1
40059,10,7.637905362661375e-5,2,1
40059,12,2.1300956509877285e-4,2,1
40113,7,3.3524184285760707e-4,2,1
40113,2,2.1910629351928528e-5,2,1
40113,13,1.0266822188155293e-4,2,1
40113,5,6.758235547356953e-4,2,1
40113,1,5.305567337651814e-5,2,1
40113,19,1.4232864016396258e-4,2,1
40113,17,8.863410554606472e-5,2,1
40113,11,9.113592923845916e-5,2,1
40113,6,3.1478346709931724e-4,2,1
40113,9,1.6875575180995943e-4,2,1
40113,4,4.179726861815792e-6,2,1
40113,8,2.5190905209087163e-4,2,1
40113,3,1.186362337836132e-6,2,1
40113,10,9.568676978501426e-5,2,1
40113,12,8.936472320459061e-5,2,1
40120,7,7.597879981082447e-5,6,3
40120,2,9.578877703855934e-5,6,3
40120,13,5.709354777803431e-5,6,3
40120,5,1.611394240828882e-4,6,3
40120,1,1.5249882074343466e-4,6,3
40120,19,2.7952832032201664e-5,6,3
40120,17,2.8305730480840022e-5,6,3
40120,11,2.228323544566721e-5,6,3
40120,6,9.867564642232483e-5,6,3
40120,9,4.5042668673225006e-5,6,3
40120,4,1.947056096462523e-4,6,3
40120,8,5.377238441056461e-5,6,3
40120,3,1.554134662565333e-4,6,3
40120,10,1.760409414442399e-5,6,3
40120,12,3.806275247602933e-5,6,3
40142,7,1.3161865936459747e-4,2,1
40142,2,0,2,1
40142,13,4.983164915714398e-5,2,1
40142,5,2.219220019594729e-4,2,1
40142,1,0,2,1
40142,19,6.180396807119817e-5,2,1
40142,17,1.887048698722668e-5,2,1
40142,11,6.0590370537656914e-5,2,1
40142,6,1.5311035219662386e-4,2,1
40142,9,6.75640030098375e-5,2,1
40142,4,9.056074867267548e-5,2,1
40142,8,9.11216760454888e-5,2,1
40142,3,0,2,1
40142,10,5.565165245656616e-5,2,1
40142,12,6.808740815587856e-5,2,1
40170,7,4.953817747665756e-4,2,1
40170,2,0,2,1
40170,13,1.7228228452319125e-4,2,1
40170,5,0.00122177354379264,2,1
40170,1,0,2,1
40170,19,1.8848928021713968e-4,2,1
40170,17,2.1043452155452785e-4,2,1
40170,11,4.256348343554412e-4,2,1
40170,6,6.089755286435626e-4,2,1
40170,9,3.1838379500526165e-4,2,1
40170,4,5.193310625806122e-4,2,1
40170,8,3.9865733269901343e-4,2,1
40170,3,1.4236348054033583e-6,2,1
40170,10,3.012571594715137e-4,2,1
40170,12,2.1442805276868695e-4,2,1
40190,7,2.9783689525843195e-4,2,1
40190,2,0,2,1
40190,13,9.715919534156716e-5,2,1
40190,5,7.05121631841675e-4,2,1
40190,1,2.4933267269839124e-5,2,1
40190,19,8.719232010044555e-5,2,1
40190,17,1.1350883839286351e-4,2,1
40190,11,1.4696920456861408e-4,2,1
40190,6,3.747228060418038e-4,2,1
40190,9,1.6505361465873544e-4,2,1
40190,4,3.8244500785614496e-4,2,1
40190,8,1.9469311596928565e-4,2,1
40190,3,2.3727246756722642e-7,2,1
40190,10,1.7973212247452232e-4,2,1
40190,12,1.598162774769927e-4,2,1
40199,7,6.19519444611338e-5,5,5
40199,2,4.213582567678563e-6,5,5
40199,13,0,5,5
40199,5,1.147872423928308e-4,5,5
40199,1,2.058444158323928e-5,5,5
40199,19,2.564480002954281e-7,5,5
40199,17,2.544656578580568e-5,5,5
40199,11,2.5037343197378893e-7,5,5
40199,6,4.403706534550034e-5,5,5
40199,9,8.946831448791268e-6,5,5
40199,4,4.876348005451757e-5,5,5
40199,8,3.575996007599124e-5,5,5
40199,3,4.033631948642849e-5,5,5
40199,10,1.1073543090847347e-5,5,5
40199,12,0,5,5
40202,7,3.296311007177308e-5,6,3
40202,2,0,6,3
40202,13,1.3522156052692336e-5,6,3
40202,5,5.20368832180833e-5,6,3
40202,1,0,6,3
40202,19,2.820928003249709e-6,6,3
40202,17,5.718329390068691e-6,6,3
40202,11,1.35201653265846e-5,6,3
40202,6,4.036730990004198e-5,6,3
40202,9,1.2031945741477913e-5,6,3
40202,4,0,6,3
40202,8,3.3111074144436334e-5,6,3
40202,3,0,6,3
40202,10,1.9023779156071084e-5,6,3
40202,12,4.964706844699478e-6,6,3
40236,7,2.15078448695257e-5,13,10
40236,2,9.185609997539268e-5,13,10
40236,13,1.0016411890883212e-5,13,10
40236,5,3.060993130475488e-6,13,10
40236,1,5.13161431018782e-5,13,10
40236,19,7.949888009158271e-6,13,10
40236,17,0,13,10
40236,11,0,13,10
40236,6,1.4271271176782518e-5,13,10
40236,9,1.2031945741477913e-5,13,10
40236,4,0,13,10
40236,8,1.1125320912530608e-5,13,10
40236,3,1.186362337836132e-5,13,10
40236,10,0,13,10
40236,12,7.328852961223039e-6,13,10
40252,7,2.828749162187619e-5,6,3
40252,2,0,6,3
40252,13,1.5275028133596898e-5,6,3
40252,5,0,6,3
40252,1,3.653013576743872e-5,6,3
40252,19,8.719232010044556e-6,6,3
40252,17,1.2294408188647687e-5,6,3
40252,11,4.256348343554411e-5,6,3
40252,6,1.529064768940984e-5,6,3
40252,9,2.0053242902463184e-5,6,3
40252,4,0,6,3
40252,8,1.3244429657774534e-5,6,3
40252,3,2.6811788835096583e-5,6,3
40252,10,8.518110069882574e-6,6,3
40252,12,1.8440339708883775e-5,6,3
40292,7,8.533003671061825e-5,6,3
40292,2,1.6404881463495205e-4,6,3
40292,13,0,6,3
40292,5,4.10829006583103e-4,6,3
40292,1,1.2321672778699567e-4,6,3
40292,19,6.66764800768113e-6,6,3
40292,17,7.719744676592734e-6,6,3
40292,11,4.156198970764896e-5,6,3
40292,6,9.684076869959564e-5,6,3
40292,9,3.085114292686644e-5,6,3
40292,4,2.751653517362063e-4,6,3
40292,8,4.847461254745479e-5,6,3
40292,3,7.877445923231917e-5,6,3
40292,10,1.8739842153741665e-5,6,3
40292,12,0,6,3
40356,7,8.182332287319559e-5,5,5
40356,2,2.66860229286309e-5,5,5
40356,13,1.9532003187222264e-5,5,5
40356,5,1.854087267602296e-4,5,5
40356,1,7.161066297267749e-5,5,5
40356,19,2.8722176033087948e-5,5,5
40356,17,2.001415286524042e-5,5,5
40356,11,2.5037343197378893e-7,5,5
40356,6,1.5209097568399653e-4,5,5
40356,9,2.838305149271713e-5,5,5
40356,4,9.265061210358338e-5,5,5
40356,8,6.171904220522933e-5,5,5
40356,3,7.118174027016793e-5,5,5
40356,10,2.015952716538876e-5,5,5
40356,12,5.768516524317488e-5,5,5
40392,7,8.762108975106773e-4,2,1
40392,2,1.2584566602133308e-4,2,1
40392,13,5.321218817031706e-4,2,1
40392,5,0.00268514690252639,2,1
40392,1,6.262308988703781e-5,2,1
40392,19,3.323566083828748e-4,2,1
40392,17,3.176531976183158e-4,2,1
40392,11,4.686990646549328e-4,2,1
40392,6,0.00128910353786851,2,1
40392,9,5.118204611567142e-4,2,1
40392,4,9.9965134111761e-4,2,1
40392,8,7.991688855501153e-4,2,1
40392,3,4.6505403643176374e-5,2,1
40392,10,4.497562116898e-4,2,1
40392,12,4.834678808290682e-4,2,1
40397,7,4.198705368007408e-4,6,3
40397,2,0.00124693953452834,6,3
40397,13,2.40143475083925e-4,6,3
40397,5,0.00119881609531407,6,3
40397,1,0.00132929105153735,6,3
40397,19,1.177096321356015e-4,6,3
40397,17,1.9699644748786643e-4,6,3
40397,11,1.0715982888478163e-4,6,3
40397,6,5.794136097773702e-4,6,3
40397,9,1.2031945741477912e-4,6,3
40397,4,0.00151027463940277,6,3
40397,8,3.194556433455217e-4,6,3
40397,3,0.00147369929606004,6,3
40397,10,6.246614051247222e-5,6,3
40397,12,2.690398280603812e-4,6,3
40467,7,3.530091929672153e-5,7,4
40467,2,4.606850273995229e-5,7,4
40467,13,5.008205945441606e-7,7,4
40467,5,1.3227863170983358e-4,7,4
40467,1,6.233316817459781e-5,7,4
40467,19,0,7,4
40467,17,0,7,4
40467,11,0,7,4
40467,6,4.322156413539848e-5,7,4
40467,9,0,7,4
40467,4,7.697663637177417e-5,7,4
40467,8,3.258129695812535e-5,7,4
40467,3,1.0819624521065524e-4,7,4
40467,10,2.839370023294192e-7,7,4
40467,12,1.323921825253194e-5,7,4
40480,7,6.328449571935442e-4,6,3
40480,2,0.00127699642351111,6,3
40480,13,2.80709943242002e-4,6,3
40480,5,0.0018376890901176,6,3
40480,1,0.00116896434455803,6,3
40480,19,1.487398401713483e-4,6,3
40480,17,1.6011322292192336e-4,6,3
40480,11,3.5352728594698995e-4,6,3
40480,6,9.406806458524934e-4,6,3
40480,9,3.2023486358087366e-4,6,3
40480,4,0.00146917399192825,6,3
40480,8,5.95469557413543e-4,6,3
40480,3,0.00173280083064345,6,3
40480,10,2.2942109788217068e-4,6,3
40480,12,2.933905330605739e-4,6,3
40594,7,2.7118587009401967e-5,8,2
40594,2,5.730472292042846e-5,8,2
40594,13,3.0049235672649636e-6,8,2
40594,5,1.1260081872820546e-4,8,2
40594,1,1.5771741156735448e-4,8,2
40594,19,0,8,2
40594,17,1.7154988170206075e-5,8,2
40594,11,0,8,2
40594,6,4.689131958085684e-5,8,2
40594,9,2.7766028634179796e-5,8,2
40594,4,2.1525593338351327e-4,8,2
40594,8,3.893862319385713e-5,8,2
40594,3,4.128540935669739e-5,8,2
40594,10,1.675228313743573e-5,8,2
40594,12,1.1347901359313092e-5,8,2
40662,7,0.00162010179288927,2,1
40662,2,1.0112598162428552e-5,2,1
40662,13,8.291084942678579e-4,2,1
40662,5,0.00331658605687019,2,1
40662,1,1.4496085621999491e-6,2,1
40662,19,4.805835525536323e-4,2,1
40662,17,5.326623826848986e-4,2,1
40662,11,0.00102653107109253,2,1
40662,6,0.00193090299021867,2,1
40662,9,8.940661220205895e-4,2,1
40662,4,0.00241518550498589,2,1
40662,8,0.00124206261330609,2,1
40662,3,8.067263897285698e-6,2,1
40662,10,8.694151011326814e-4,2,1
40662,12,8.912830859293825e-4,2,1
40744,7,5.091748491937714e-4,4,9
40744,2,0,4,9
40744,13,2.4189634716482956e-4,4,9
40744,5,7.411976223079932e-4,4,9
40744,1,2.8992171243998984e-7,4,9
40744,19,1.4078995216219002e-4,4,9
40744,17,2.301627579502648e-4,4,9
40744,11,1.7626289610954738e-4,4,9
40744,6,4.4689466313581826e-4,4,9
40744,9,1.5610678320994418e-4,4,9
40744,4,5.572969149087723e-6,4,9
40744,8,3.459445026610708e-4,4,9
40744,3,0,4,9
40744,10,2.0954550771911136e-4,4,9
40744,12,1.853490555354472e-4,4,9
40765,7,2.471064350770507e-4,2,1
40765,2,0,2,1
40765,13,5.358780361622519e-5,2,1
40765,5,6.2706630701455e-4,2,1
40765,1,1.652553760907942e-5,2,1
40765,19,3.1799552036633086e-5,2,1
40765,17,9.578201728365058e-5,2,1
40765,11,7.085568124858226e-5,2,1
40765,6,3.168222201245719e-4,2,1
40765,9,8.113850589765873e-5,2,1
40765,4,3.138278252080024e-4,2,1
40765,8,1.557544927754285e-4,2,1
40765,3,5.93181168918066e-5,2,1
40765,10,1.5758503629282765e-4,2,1
40765,12,1.1442467203974036e-4,2,1
40846,7,3.9275194979133885e-5,4,9
40846,2,0,4,9
40846,13,6.335380520983632e-5,4,9
40846,5,1.1369403056051812e-4,4,9
40846,1,0,4,9
40846,19,1.743846402008911e-5,4,9
40846,17,2.1729651682261023e-5,4,9
40846,11,1.104146835004409e-4,4,9
40846,6,5.4638581076824496e-5,4,9
40846,9,1.3574502887821232e-5,4,9
40846,4,1.3932422872719306e-6,4,9
40846,8,4.476617224327792e-5,4,9
40846,3,0,4,9
40846,10,2.4986456204988887e-5,4,9
40846,12,8.203587024336757e-5,4,9
40871,7,1.1151350003004084e-4,5,5
40871,2,1.8455491646432107e-4,5,5
40871,13,8.288580839705858e-5,5,5
40871,5,2.735216004446311e-4,5,5
40871,1,1.2205704093723573e-4,5,5
40871,19,2.8978624033383377e-5,5,5
40871,17,3.6025475157432756e-5,5,5
40871,11,2.5037343197378893e-7,5,5
40871,6,1.3843133041479042e-4,5,5
40871,9,4.257457723907569e-5,5,5
40871,4,6.388015887141802e-4,5,5
40871,8,9.05918988591778e-5,5,5
40871,3,9.585807689715947e-5,5,5
40871,10,3.6343936298165655e-5,5,5
40871,12,3.451653330124399e-5,5,5
40876,7,3.553470021921637e-5,11,11
40876,2,0,11,11
40876,13,5.008205945441606e-7,11,11
40876,5,7.630618589542466e-5,11,11
40876,1,9.857338222959657e-6,11,11
40876,19,1.4617536016839402e-5,11,11
40876,17,1.7154988170206075e-5,11,11
40876,11,0,11,11
40876,6,4.2609938227822085e-5,11,11
40876,9,3.085114292686644e-7,11,11
40876,4,0,11,11
40876,8,2.83430794676375e-5,11,11
40876,3,4.413267896750411e-5,11,11
40876,10,0,11,11
40876,12,1.4184876699141364e-5,11,11
40879,7,1.6575067404884478e-4,2,1
40879,2,4.7473030262511814e-5,2,1
40879,13,6.135052283165968e-5,2,1
40879,5,5.251789642430087e-4,2,1
40879,1,4.870684768991829e-5,2,1
40879,19,7.283123208390158e-5,2,1
40879,17,4.63184680595564e-5,2,1
40879,11,5.508215503423356e-5,2,1
40879,6,2.513782480138978e-4,2,1
40879,9,1.1229816025379384e-4,2,1
40879,4,3.8244500785614496e-4,2,1
40879,8,1.478078349807638e-4,2,1
40879,3,9.063808261068048e-5,2,1
40879,10,4.571385737503649e-5,2,1
40879,12,6.997872504909741e-5,2,1
40921,7,3.1466912167806075e-4,2,1
40921,2,0,2,1
40921,13,1.730335154150075e-4,2,1
40921,5,9.7208396129243e-4,2,1
40921,1,0,2,1
40921,19,7.02667520809473e-5,2,1
40921,17,1.0493134430776049e-4,2,1
40921,11,5.933850337778797e-5,2,1
40921,6,4.691170711110939e-4,2,1
40921,9,1.456173946148096e-4,2,1
40921,4,6.698012296059806e-4,2,1
40921,8,2.6541837034180167e-4,2,1
40921,3,2.847269610806717e-6,2,1
40921,10,2.1437243675871147e-4,2,1
40921,12,1.0094903917555604e-4,2,1
41081,7,9.617747151437904e-4,2,1
41081,2,5.21922427383118e-4,2,1
41081,13,7.151718090090614e-4,2,1
41081,5,0.00260884071663096,2,1
41081,1,4.667739570283837e-4,2,1
41081,19,7.288252168396066e-4,2,1
41081,17,5.403821273614913e-4,2,1
41081,11,6.361988906453976e-4,2,1
41081,6,0.00138492493005548,2,1
41081,9,4.812778296591165e-4,2,1
41081,4,0.00171995760363719,2,1
41081,8,7.546676018999929e-4,2,1
41081,3,2.96590584459033e-4,2,1
41081,10,6.192666020804632e-4,2,1
41081,12,7.137357125784631e-4,2,1
41236,7,0.0011242524562777,1,6
41236,2,6.460826603773797e-6,1,6
41236,13,8.513950107250731e-4,1,6
41236,5,1.4211753820064766e-5,1,6
41236,1,9.567416510519664e-6,1,6
41236,19,0.00171691936197789,1,6
41236,17,0.00137096947126896,1,6
41236,11,9.06101450313142e-4,1,6
41236,6,7.359898421169269e-5,1,6
41236,9,0.0019414624243877,1,6
41236,4,0,1,6
41236,8,0.00151728186159465,1,6
41236,3,9.917989144310065e-5,1,6
41236,10,0.00140264879150733,1,6
41236,12,0.00105322709491124,1,6
41285,7,2.1741625792020544e-4,2,1
41285,2,1.938247981132139e-5,2,1
41285,13,7.988088482979362e-5,2,1
41285,5,4.928198940065536e-4,2,1
41285,1,2.5803032407159096e-5,2,1
41285,19,9.180838410576324e-5,2,1
41285,17,6.147204094323843e-5,2,1
41285,11,1.4596771084071894e-4,2,1
41285,6,3.033664501578912e-4,2,1
41285,9,4.874480582444898e-5,2,1
41285,4,2.4730050599076767e-4,2,1
41285,8,1.7217758555106892e-4,2,1
41285,3,1.186362337836132e-6,2,1
41285,10,3.520818828884798e-5,2,1
41285,12,1.0189469762216548e-4,2,1
41454,7,5.26240856535895e-4,2,1
41454,2,1.4157637427399973e-4,2,1
41454,13,1.9156387741314145e-4,2,1
41454,5,8.555475799678989e-4,2,1
41454,1,1.2756555347359552e-4,2,1
41454,19,1.7592332820266367e-4,2,1
41454,17,2.3130642382827857e-4,2,1
41454,11,2.951902762970971e-4,2,1
41454,6,5.553563240793654e-4,2,1
41454,9,2.4588360912712555e-4,2,1
41454,4,4.838033842551779e-4,2,1
41454,8,4.487212768054012e-4,2,1
41454,3,9.989170884580232e-5,2,1
41454,10,2.501484990522183e-4,2,1
41454,12,2.588739997593299e-4,2,1
41508,7,3.9275194979133885e-5,1,6
41508,2,8.427165135357126e-7,1,6
41508,13,2.161040865458053e-4,1,6
41508,5,6.668592177107313e-5,1,6
41508,1,0,1,6
41508,19,0.00166383462591673,1,6
41508,17,6.255852352735149e-4,1,6
41508,11,7.185717497647741e-5,1,6
41508,6,3.3435549614176186e-5,1,6
41508,9,5.244694297567295e-5,1,6
41508,4,1.0484148211721278e-4,1,6
41508,8,3.602484866914673e-5,1,6
41508,3,4.7454493513445284e-7,1,6
41508,10,4.259055034941288e-5,1,6
41508,12,1.2482691495244402e-4,1,6
41591,7,2.7305611747397844e-4,9,18
41591,2,0,9,18
41591,13,1.5074699895779235e-4,9,18
41591,5,6.069512092999968e-4,9,18
41591,1,0,9,18
41591,19,3.718496004283707e-5,9,18
41591,17,1.744090463970951e-5,9,18
41591,11,1.5823600900743458e-4,9,18
41591,6,3.249772322255905e-4,9,18
41591,9,1.1414922882940584e-4,9,18
41591,4,1.421107133017369e-4,9,18
41591,8,2.0793754562706016e-4,9,18
41591,3,4.5793586240474697e-5,9,18
41591,10,1.777445634582164e-4,9,18
41591,12,6.312270131117908e-5,9,18
41664,7,3.436579560674215e-5,2,1
41664,2,0,2,1
41664,13,0,2,1
41664,5,6.668592177107313e-5,2,1
41664,1,0,2,1
41664,19,1.3848192015953116e-5,2,1
41664,17,8.291577615599603e-6,2,1
41664,11,5.007468639475779e-7,2,1
41664,6,5.280370335409531e-5,2,1
41664,9,2.3446868624418496e-5,2,1
41664,4,7.035873550723249e-5,2,1
41664,8,2.807819087448201e-5,2,1
41664,3,2.3727246756722642e-7,2,1
41664,10,3.378850327720088e-5,2,1
41664,12,1.5603364369055503e-5,2,1
41871,7,6.922253115072347e-4,2,1
41871,2,1.868021605004163e-4,2,1
41871,13,3.3079200269641807e-4,2,1
41871,5,0.00134727426214214,2,1
41871,1,1.971467644591931e-4,2,1
41871,19,1.887457282174351e-4,2,1
41871,17,2.18440182700624e-4,2,1
41871,11,3.577836342905443e-4,2,1
41871,6,7.6147425493261e-4,2,1
41871,9,4.238947038151449e-4,2,1
41871,4,0.00123267111366384,2,1
41871,8,6.24607302660647e-4,2,1
41871,3,3.4641780264815055e-5,2,1
41871,10,3.614518039653506e-4,2,1
41871,12,2.917356307790074e-4,2,1
41926,7,0.03577572835030855,1,6
41926,2,9.494606052502364e-5,1,6
41926,13,0.05932069696197219,1,6
41926,5,0.00127993241327167,1,6
41926,1,5.9144029337757926e-5,1,6
41926,19,0.04605806085305888,1,6
41926,17,0.05131714569588495,1,6
41926,11,0.05093672212104353,1,6
41926,6,0.00795195229970321,1,6
41926,9,0.04893207226201505,1,6
41926,4,0.00116544717330296,1,6
41926,8,0.03818051204024611,1,6
41926,3,4.104813688913017e-5,1,6
41926,10,0.04915517384326905,1,6
41926,12,0.05906984562362274,1,6
42017,7,1.0426629143270068e-4,4,9
42017,2,0,4,9
42017,13,0,4,9
42017,5,1.963408450833563e-4,4,9
42017,1,0,4,9
42017,19,2.3849664027474813e-5,4,9
42017,17,1.9728236395736985e-5,4,9
42017,11,5.007468639475779e-7,4,9
42017,6,9.745239460717204e-5,4,9
42017,9,3.794690580004572e-5,4,9
42017,4,2.089863430907896e-6,4,9
42017,8,9.403545057019918e-5,4,9
42017,3,3.701450494048732e-5,4,9
42017,10,2.839370023294192e-7,4,9
42017,12,4.4445946990642945e-5,4,9
42042,7,1.332551258220614e-4,2,1
42042,2,1.8820668802297583e-5,2,1
42042,13,1.169416088260615e-4,2,1
42042,5,2.088034599717208e-4,2,1
42042,1,3.97192746042786e-5,2,1
42042,19,1.0001472011521695e-5,2,1
42042,17,6.20438738822453e-5,2,1
42042,11,7.511202959213667e-7,2,1
42042,6,1.702358776087629e-4,2,1
42042,9,7.774488017570343e-5,2,1
42042,4,1.121560041253904e-4,2,1
42042,8,5.933504486682991e-5,2,1
42042,3,7.118174027016793e-7,2,1
42042,10,5.3380156437930807e-5,2,1
42042,12,4.5155190825600015e-5,2,1
42071,7,1.7136141618872105e-4,4,9
42071,2,8.820432841673792e-5,4,9
42071,13,3.330456953718668e-5,4,9
42071,5,3.4917185924066815e-4,4,9
42071,1,1.223469626496757e-4,4,9
42071,19,1.8207808020975396e-5,4,9
42071,17,1.944231992623355e-5,4,9
42071,11,2.6789957221195412e-5,4,9
42071,6,1.5779948415470954e-4,4,9
42071,9,1.372875860245557e-4,4,9
42071,4,2.089863430907896e-6,4,9
42071,8,1.2264341863099215e-4,4,9
42071,3,8.209627377826034e-5,4,9
42071,10,1.0988361990148522e-4,4,9
42071,12,4.208180087411939e-5,4,9
42078,7,3.062530084682464e-5,5,5
42078,2,1.207893669401188e-5,5,5
42078,13,0,5,5
42078,5,1.0800932903249224e-4,5,5
42078,1,8.987573085639684e-6,5,5
42078,19,0,5,5
42078,17,1.372399053616486e-5,5,5
42078,11,2.5037343197378893e-7,5,5
42078,6,5.1988202143993457e-5,5,5
42078,9,2.7149005775642467e-5,5,5
42078,4,1.3305463843446937e-4,5,5
42078,8,3.072707680603692e-5,5,5
42078,3,5.48099400080293e-5,5,5
42078,10,1.845590515141225e-5,5,5
42078,12,1.9858827378797912e-5,5,5
42131,7,7.855038995826777e-5,5,5
42131,2,0,5,5
42131,13,0,5,5
42131,5,1.6791733744322675e-4,5,5
42131,1,6.755175899851763e-5,5,5
42131,19,2.564480002954281e-7,5,5
42131,17,1.629723876169577e-5,5,5
42131,11,5.007468639475779e-7,5,5
42131,6,1.1763604955719304e-4,5,5
42131,9,5.121289725859829e-5,5,5
42131,4,3.030301974816449e-5,5,5
42131,8,6.913592281358306e-5,5,5
42131,3,9.633262183229392e-5,5,5
42131,10,4.4010235361059974e-5,5,5
42131,12,0,5,5
42156,7,0.00426065731246854,2,1
42156,2,2.415787338802376e-5,2,1
42156,13,0.00160588123640585,2,1
42156,5,0.007563276740672,2,1
42156,1,2.8992171243998984e-7,2,1
42156,19,0.00122017958540564,2,1
42156,17,0.00126260712932716,2,1
42156,11,0.00172256921197966,2,1
42156,6,0.00437496011689394,2,1
42156,9,0.00223269721361732,2,1
42156,4,0.00302856042195735,2,1
42156,8,0.00361811329391084,2,1
42156,3,1.2812713248630224e-5,2,1
42156,10,0.00145801650696156,2,1
42156,12,0.00195089337535524,2,1
42181,7,5.961413523618536e-4,2,1
42181,2,1.853976329778568e-5,2,1
42181,13,3.8713431958263615e-4,2,1
42181,5,0.00159302828204602,2,1
42181,1,4.0009196316718594e-5,2,1
42181,19,2.108002562428419e-4,2,1
42181,17,2.604699037176289e-4,2,1
42181,11,1.6299310421493657e-4,2,1
42181,6,8.823723093302105e-4,2,1
42181,9,4.2512874953221953e-4,2,1
42181,4,0.00103657226173031,2,1
42181,8,5.578553771854633e-4,2,1
42181,3,8.612990572690319e-5,2,1
42181,10,3.2766330068814974e-4,2,1
42181,12,3.361815777696504e-4,2,1
42248,7,6.852118838323894e-4,2,1
42248,2,8.455255685808316e-5,2,1
42248,13,2.406442956784692e-4,2,1
42248,5,0.00130288986175024,2,1
42248,1,0,2,1
42248,19,1.6515251219025568e-4,2,1
42248,17,1.2580324658151122e-4,2,1
42248,11,1.8327335220481348e-4,2,1
42248,6,8.316073590013698e-4,2,1
42248,9,1.8479834613192996e-4,2,1
42248,4,6.812954784759741e-4,2,1
42248,8,4.614359292768647e-4,2,1
42248,3,9.490898702689056e-7,2,1
42248,10,3.376010957696794e-4,2,1
42248,12,2.607653166525488e-4,2,1
42257,7,0.01604298202528621,2,1
42257,2,1.067440917145236e-5,2,1
42257,13,0.00768909858803649,2,1
42257,5,0.03155883917520228,2,1
42257,1,4.812700426503831e-5,2,1
42257,19,0.00509408307786838,2,1
42257,17,0.00458352692260956,2,1
42257,11,0.00873077194635799,2,1
42257,6,0.01862665926463401,2,1
42257,9,0.00941052412698207,2,1
42257,4,0.01241169891616199,2,1
42257,8,0.01287199629579791,2,1
42257,3,2.0452886704294915e-4,2,1
42257,10,0.00686020191328109,2,1
42257,12,0.00745509836384539,2,1
42329,7,3.8386827473653473e-4,2,1
42329,2,8.399074584905935e-5,2,1
42329,13,1.5850971817322684e-4,2,1
42329,5,0.00104183087619397,2,1
42329,1,1.971467644591931e-5,2,1
42329,19,6.129107207060731e-5,2,1
42329,17,1.280905783375387e-4,2,1
42329,11,1.7976812415718043e-4,2,1
42329,6,5.692198446510969e-4,2,1
42329,9,2.600751348734841e-4,2,1
42329,4,5.534654986187745e-4,2,1
42329,8,2.977347787067715e-4,2,1
42329,3,1.150771467701048e-4,2,1
42329,10,2.0982944472144077e-4,2,1
42329,12,2.747137787400378e-4,2,1
42343,7,2.5762657658931867e-4,2,1
42343,2,1.8258857793273773e-5,2,1
42343,13,1.6076341084867555e-4,2,1
42343,5,4.576184730060855e-4,2,1
42343,1,3.8269666042078656e-5,2,1
42343,19,8.591008009896842e-5,2,1
42343,17,1.1436658780137384e-4,2,1
42343,11,3.2122911322237117e-4,2,1
42343,6,4.0611960263072536e-4,2,1
42343,9,1.35128006019675e-4,2,1
42343,4,9.65516905079448e-4,2,1
42343,8,2.1482464904910292e-4,2,1
42343,3,3.511632519994951e-5,2,1
42343,10,5.0824723416966033e-5,2,1
42343,12,1.1371542820478328e-4,2,1
42404,7,2.618346331942259e-5,6,3
42404,2,2.0225196324857105e-5,6,3
42404,13,3.5057441618091244e-5,6,3
42404,5,4.7882678255295135e-5,6,3
42404,1,1.0698111189035624e-4,6,3
42404,19,6.411200007385703e-6,6,3
42404,17,0,6,3
42404,11,7.135642811252984e-5,6,3
42404,6,2.568828811820853e-5,6,3
42404,9,3.085114292686644e-7,6,3
42404,4,5.8167865493603104e-5,6,3
42404,8,3.284618555128084e-5,6,3
42404,3,4.4607223902638565e-5,6,3
42404,10,0,6,3
42404,12,4.728292233047122e-7,6,3
42452,7,2.061947736404529e-4,9,18
42452,2,4.3259447694833246e-5,9,18
42452,13,9.315263058521388e-5,9,18
42452,5,4.427507920866331e-4,9,18
42452,1,1.0002299079179648e-4,9,18
42452,19,2.0772288023929675e-5,9,18
42452,17,4.860579981558388e-5,9,18
42452,11,8.237285911937655e-5,9,18
42452,6,2.513782480138978e-4,9,18
42452,9,9.347896306840533e-5,9,18
42452,4,1.6509921104172377e-4,9,18
42452,8,8.026124372611367e-5,9,18
42452,3,1.186362337836132e-5,9,18
42452,10,3.40724402795303e-5,9,18
42452,12,8.038096796180107e-6,9,18
42455,7,1.3606049689199952e-4,2,1
42455,2,1.7135235775226157e-5,2,1
42455,13,9.941288801701588e-5,2,1
42455,5,3.1025351801033696e-4,2,1
42455,1,2.0874363295679263e-5,2,1
42455,19,7.02667520809473e-5,2,1
42455,17,2.9735312828357195e-5,2,1
42455,11,1.17425139595707e-4,2,1
42455,6,2.0428305313051543e-4,2,1
42455,9,1.2402159456600308e-4,2,1
42455,4,2.260535611098707e-4,2,1
42455,8,1.221136414446812e-4,2,1
42455,3,6.311447637288223e-5,2,1
42455,10,5.593558945889557e-5,2,1
42455,12,9.125604009780944e-5,2,1
42488,7,1.6832226419628808e-5,9,18
42488,2,2.1067912838392816e-5,9,18
42488,13,1.878077229540602e-5,9,18
42488,5,5.947072367780948e-5,9,18
42488,1,3.508052720523877e-5,9,18
42488,19,3.846720004431421e-6,9,18
42488,17,2.8591646950343457e-7,9,18
42488,11,0,9,18
42488,6,2.7523165840937714e-5,9,18
42488,9,3.825541722931438e-5,9,18
42488,4,9.82235812526711e-5,9,18
42488,8,2.092619885928376e-5,9,18
42488,3,2.3727246756722642e-7,9,18
42488,10,0,9,18
42488,12,3.026107029150158e-5,9,18
42543,7,1.9637597489566942e-5,11,11
42543,2,1.853976329778568e-5,11,11
42543,13,0,11,11
42543,5,1.0888389849834236e-4,11,11
42543,1,0,11,11
42543,19,1.6412672018907398e-5,11,11
42543,17,0,11,11
42543,11,4.531759118725579e-5,11,11
42543,6,4.5260317160653125e-5,11,11
42543,9,3.085114292686644e-7,11,11
42543,4,3.552767832543423e-5,11,11
42543,8,2.595908212923809e-5,11,11
42543,3,0,11,11
42543,10,8.802047072211995e-6,11,11
42543,12,1.1111486747660736e-5,11,11
42612,7,5.65516051515029e-4,2,1
42612,2,1.469135788597259e-4,2,1
42612,13,1.4423633122871826e-4,2,1
42612,5,7.659042097182597e-4,2,1
42612,1,1.588770984171144e-4,2,1
42612,19,9.565510411019469e-5,2,1
42612,17,1.2952016068505586e-4,2,1
42612,11,1.7075468060612404e-4,2,1
42612,6,5.239595274904439e-4,2,1
42612,9,3.865648208736365e-4,2,1
42612,4,1.3584112300901323e-4,2,1
42612,8,3.7614180228079673e-4,2,1
42612,3,1.371434862538569e-4,2,1
42612,10,1.7746062645588695e-4,2,1
42612,12,2.3286839247757071e-4,2,1
42713,7,1.0099335851777284e-4,2,1
42713,2,0,2,1
42713,13,4.632590499533486e-5,2,1
42713,5,2.4947094013375227e-4,2,1
42713,1,0,2,1
42713,19,7.872953609069642e-5,2,1
42713,17,2.4588816377295374e-5,2,1
42713,11,5.007468639475779e-7,2,1
42713,6,1.086655362460726e-4,2,1
42713,9,2.468091434149315e-5,2,1
42713,4,1.0588641383266673e-4,2,1
42713,8,6.22488193915403e-5,2,1
42713,3,2.3727246756722642e-7,2,1
42713,10,7.637905362661375e-5,2,1
42713,12,3.87719963109864e-5,2,1
42744,7,2.7586148854391656e-5,2,1
42744,2,2.809055045119042e-7,2,1
42744,13,2.1785695862670985e-5,2,1
42744,5,1.611394240828882e-4,2,1
42744,1,1.9134833021039328e-5,2,1
42744,19,0,2,1
42744,17,0,2,1
42744,11,0,2,1
42744,6,4.77068207909587e-5,2,1
42744,9,9.255342878059932e-7,2,1
42744,4,1.7415528590899132e-6,2,1
42744,8,1.8012424334573365e-5,2,1
42744,3,2.3727246756722642e-7,2,1
42744,10,1.9307716158400503e-5,2,1
42744,12,0,2,1
42747,7,7.803607192877911e-4,2,1
42747,2,8.62379898851546e-5,2,1
42747,13,3.966499108789752e-4,2,1
42747,5,0.00167239546107192,2,1
42747,1,1.5191897731855466e-4,2,1
42747,19,3.069682563536274e-4,2,1
42747,17,3.085038705942059e-4,2,1
42747,11,2.8767907333788345e-4,2,1
42747,6,0.00103487103561925,2,1
42747,9,4.590650067517726e-4,2,1
42747,4,3.5144536696434447e-4,2,1
42747,8,6.3970595247051e-4,2,1
42747,3,2.5815244471314233e-4,2,1
42747,10,3.106270805483846e-4,2,1
42747,12,3.456381622357446e-4,2,1
42933,7,0.00137299535781222,2,1
42933,2,1.735996017883568e-4,2,1
42933,13,6.918836513627579e-4,2,1
42933,5,0.00329253539655931,2,1
42933,1,8.871604400663689e-5,2,1
42933,19,4.908414725654493e-4,2,1
42933,17,3.225137775998742e-4,2,1
42933,11,4.386542528180782e-4,2,1
42933,6,0.00180878168400592,2,1
42933,9,9.75204627918248e-4,2,1
42933,4,0.00226750182253506,2,1
42933,8,0.00111438631140514,2,1
42933,3,1.4853256469708374e-4,2,1
42933,10,9.060429744331764e-4,2,1
42933,12,0.00100547134335747,2,1
43064,7,8.34597893306595e-5,2,1
43064,2,2.331515687448805e-5,2,1
43064,13,5.008205945441606e-7,2,1
43064,5,1.8846971989070505e-4,2,1
43064,1,4.5517708853078406e-5,2,1
43064,19,8.206336009453699e-6,2,1
43064,17,3.316631046239841e-5,2,1
43064,11,2.5037343197378893e-7,2,1
43064,6,6.605559801825051e-5,2,1
43064,9,1.604259432197055e-5,2,1
43064,4,3.4831057181798266e-7,2,1
43064,8,4.450128365012243e-5,2,1
43064,3,2.3727246756722642e-7,2,1
43064,10,2.044346416771818e-5,2,1
43064,12,4.9883483058647136e-5,2,1
43131,7,1.758032537161231e-4,2,1
43131,2,9.494606052502364e-5,2,1
43131,13,1.196961220960544e-4,2,1
43131,5,5.660650867715028e-4,2,1
43131,1,1.0756095531523624e-4,2,1
43131,19,3.077376003545137e-5,2,1
43131,17,2.058598580424729e-5,2,1
43131,11,4.832207237094126e-5,2,1
43131,6,2.827750446028193e-4,2,1
43131,9,7.867041446350943e-5,2,1
43131,4,2.2013228138896505e-4,2,1
43131,8,1.7959446615942268e-4,2,1
43131,3,1.7558162599974755e-4,2,1
43131,10,3.975118032611868e-5,2,1
43131,12,1.323921825253194e-4,2,1
43151,7,4.486255902676067e-4,2,1
43151,2,2.730401503855709e-4,2,1
43151,13,3.4155964547911754e-4,2,1
43151,5,7.70932984146898e-4,2,1
43151,1,1.168384501133159e-4,2,1
43151,19,1.7310240019941396e-4,2,1
43151,17,2.058598580424729e-4,2,1
43151,11,1.509751794801947e-4,2,1
43151,6,5.363959209444972e-4,2,1
43151,9,3.0450078068817174e-4,2,1
43151,4,6.370600358550902e-4,2,1
43151,8,3.512422745241806e-4,2,1
43151,3,4.0668500941022607e-4,2,1
43151,10,2.475930660312535e-4,2,1
43151,12,3.2696140791520846e-4,2,1
43169,7,4.7925089111443134e-4,2,1
43169,2,4.972027429860705e-5,2,1
43169,13,1.6852613006411004e-4,2,1
43169,5,0.00101384465328677,2,1
43169,1,0,2,1
43169,19,1.451495681672123e-4,2,1
43169,17,1.4839064767228254e-4,2,1
43169,11,1.086620694766244e-4,2,1
43169,6,5.571912018020945e-4,2,1
43169,9,1.918941090051093e-4,2,1
43169,4,6.252174764132789e-4,2,1
43169,8,3.4753383422000375e-4,2,1
43169,3,4.0810864421562945e-5,2,1
43169,10,1.3714157212510946e-4,2,1
43169,12,1.7565605645770058e-4,2,1
43310,7,2.4079435016968988e-5,4,9
43310,2,1.205084614356069e-4,4,9
43310,13,0,4,9
43310,5,1.0757204429956715e-4,4,9
43310,1,9.799353880471656e-5,4,9
43310,19,8.719232010044556e-6,4,9
43310,17,2.0871902273750723e-5,4,9
43310,11,2.6038836925274045e-5,4,9
43310,6,3.690142975710908e-5,4,9
43310,9,4.8436294395180314e-5,4,9
43310,4,6.966211436359653e-7,4,9
43310,8,1.589331558932944e-5,4,9
43310,3,0,4,9
43310,10,0,4,9
43310,12,3.0733899514806294e-5,4,9
43325,7,8.649894132309249e-6,6,3
43325,2,3.904586512715468e-4,6,3
43325,13,0,6,3
43325,5,3.629463283278079e-5,6,3
43325,1,3.2674176991986855e-4,6,3
43325,19,0,6,3
43325,17,0,6,3
43325,11,0,6,3
43325,6,1.4067395874257054e-5,6,3
43325,9,2.1904311478075173e-5,6,3
43325,4,9.090905924449349e-5,6,3
43325,8,2.807819087448201e-5,6,3
43325,3,2.811678740671633e-4,6,3
43325,10,1.845590515141225e-5,6,3
43325,12,1.3712047475836654e-5,6,3
43414,7,7.08356195159379e-5,2,1
43414,2,1.7135235775226157e-5,2,1
43414,13,3.380539013173084e-5,2,1
43414,5,1.4452260423173554e-4,2,1
43414,1,1.1596868497599591e-5,2,1
43414,19,1.2309504014180548e-5,2,1
43414,17,2.8591646950343457e-7,2,1
43414,11,4.306423029949169e-5,2,1
43414,6,9.113226022888264e-5,2,1
43414,9,1.5117060034164556e-5,2,1
43414,4,1.5186340931264044e-4,2,1
43414,8,5.7745713307896965e-5,2,1
43414,3,7.141901273773514e-5,2,1
43414,10,3.804755831214217e-5,2,1
43414,12,3.735350864107226e-5,2,1
43577,7,9.872568356957285e-4,2,1
43577,2,4.410216420836896e-4,2,1
43577,13,4.780332574924013e-4,2,1
43577,5,0.0027708547101797,2,1
43577,1,4.775010603886633e-4,2,1
43577,19,3.010699523468326e-4,2,1
43577,17,3.182250305573227e-4,2,1
43577,11,3.805676166001591e-4,2,1
43577,6,0.00123405720618663,2,1
43577,9,4.732565324981312e-4,2,1
43577,4,0.00216266034041785,2,1
43577,8,7.297680741433768e-4,2,1
43577,3,5.257957881289737e-4,2,1
43577,10,4.398184166082703e-4,2,1
43577,12,5.446992652470285e-4,2,1
43619,7,7.574501888832964e-5,2,1
43619,2,4.185492017227373e-5,2,1
43619,13,0,2,1
43619,5,1.8387823019499184e-4,2,1
43619,1,2.2903815282759195e-5,2,1
43619,19,1.077081601240798e-5,2,1
43619,17,0,2,1
43619,11,0,2,1
43619,6,6.646334862330144e-5,2,1
43619,9,9.810663450743528e-5,2,1
43619,4,2.4381740027258785e-4,2,1
43619,8,3.549507148283575e-5,2,1
43619,3,2.3727246756722642e-7,2,1
43619,10,3.605999929583623e-5,2,1
43619,12,0,2,1
43697,7,3.137339979880814e-4,1,6
43697,2,3.427047155045231e-5,1,6
43697,13,4.6375987054789273e-4,1,6
43697,5,2.6565047525197984e-4,1,6
43697,1,5.218590823919817e-5,1,6
43697,19,6.606100487610227e-4,1,6
43697,17,4.360226159927377e-4,1,6
43697,11,2.0230173303482143e-4,1,6
43697,6,2.2487445868558736e-4,1,6
43697,9,1.638195689416608e-4,1,6
43697,4,3.587598889725221e-5,1,6
43697,8,2.2727441292741095e-4,1,6
43697,3,3.8438139745890675e-5,1,6
43697,10,3.952403072425515e-4,1,6
43697,12,5.142017803438745e-4,1,6
43861,7,1.711276352662262e-4,2,1
43861,2,0,2,1
43861,13,5.20853418325927e-5,2,1
43861,5,2.6805554128306775e-4,2,1
43861,1,0,2,1
43861,19,7.924243209128728e-5,2,1
43861,17,2.1729651682261023e-5,2,1
43861,11,4.707020521107231e-5,2,1
43861,6,1.3435382436428114e-4,2,1
43861,9,7.71278573171661e-6,2,1
43861,4,2.7864845745438613e-6,2,1
43861,8,1.0595543726219628e-4,2,1
43861,3,2.3727246756722642e-7,2,1
43861,10,7.382362060564898e-5,2,1
43861,12,2.0331656602102624e-5,2,1
43881,7,1.0029201575028832e-4,3,16
43881,2,2.809055045119042e-7,3,16
43881,13,1.8029541403589783e-5,3,16
43881,5,2.186423664625349e-6,3,16
43881,1,0,3,16
43881,19,2.487545602865653e-5,3,16
43881,17,1.4867656414178596e-5,3,16
43881,11,4.256348343554411e-5,3,16
43881,6,3.017354477376875e-5,3,16
43881,9,4.350011152688168e-5,3,16
43881,4,0,3,16
43881,8,6.860614562727208e-5,3,16
43881,3,0,3,16
43881,10,4.9405038405318936e-5,3,16
43881,12,7.37613588355351e-5,3,16
43903,7,1.0099335851777284e-4,6,3
43903,2,7.856926961197961e-4,6,3
43903,13,4.5073853508974455e-5,6,3
43903,5,2.47721801202052e-4,6,3
43903,1,0.00116925426627047,6,3
43903,19,6.565068807562959e-5,6,3
43903,17,5.1750880980121655e-5,6,3
43903,11,7.586314988805804e-5,6,3
43903,6,1.4393596358297796e-4,6,3
43903,9,6.94150715854495e-5,6,3
43903,4,7.937997931731825e-4,6,3
43903,8,7.072525437251601e-5,6,3
43903,3,9.255998959797502e-4,6,3
43903,10,2.1579212177035857e-5,6,3
43903,12,9.007396703954769e-5,6,3
44047,7,6.545865829855648e-5,10,7
44047,2,1.4410452381460686e-4,10,7
44047,13,2.428979883539179e-5,10,7
44047,5,7.871125192651255e-6,10,7
44047,1,1.1306946785159604e-4,10,7
44047,19,3.3081792038110225e-5,10,7
44047,17,1.6583155231199206e-5,10,7
44047,11,1.0465609456504377e-4,10,7
44047,6,1.753327601718995e-5,10,7
44047,9,3.2393700073209764e-5,10,7
44047,4,1.044931715453948e-6,10,7
44047,8,3.734929163492418e-5,10,7
44047,3,1.3524530651331905e-4,10,7
44047,10,3.975118032611868e-5,10,7
44047,12,3.6171435582810486e-5,10,7
44090,7,1.1244862372002024e-4,2,1
44090,2,0,2,1
44090,13,1.3522156052692336e-5,2,1
44090,5,2.778944477738818e-4,2,1
44090,1,2.0874363295679263e-5,2,1
44090,19,6.488134407474331e-5,2,1
44090,17,7.977069499145824e-5,2,1
44090,11,1.5272779350401125e-5,2,1
44090,6,1.620808655077443e-4,2,1
44090,9,3.9797974375657706e-5,2,1
44090,4,1.7380697533717334e-4,2,1
44090,8,9.456522775651016e-5,2,1
44090,3,4.7454493513445284e-7,2,1
44090,10,8.773653371979052e-5,2,1
44090,12,5.295687301012776e-5,2,1
44109,7,1.627115220564118e-4,2,1
44109,2,2.1629723847416623e-5,2,1
44109,13,6.861242145255001e-5,2,1
44109,5,4.101730794837154e-4,2,1
44109,1,2.9572014668878963e-5,2,1
44109,19,4.205747204845021e-5,2,1
44109,17,3.345222693190184e-5,2,1
44109,11,8.287360598332413e-5,2,1
44109,6,1.8511877469312176e-4,2,1
44109,9,3.146816578540377e-5,2,1
44109,4,6.339252407087284e-4,2,1
44109,8,1.361527368819222e-4,2,1
44109,3,1.660907272970585e-6,2,1
44109,10,7.723086463360201e-5,2,1
44109,12,7.305211500057803e-5,2,1
44157,7,0.00109666630742331,2,1
44157,2,2.809055045119042e-7,2,1
44157,13,2.9197840661924563e-4,2,1
44157,5,0.00163150933854343,2,1
44157,1,0,2,1
44157,19,1.972085122271842e-4,2,1
44157,17,2.596121543091186e-4,2,1
44157,11,2.9218579511341167e-4,2,1
44157,6,0.00109888788061225,2,1
44157,9,5.580971755470139e-4,2,1
44157,4,1.3584112300901325e-5,2,1
44157,8,7.522836045615935e-4,2,1
44157,3,1.186362337836132e-6,2,1
44157,10,4.347075505663407e-4,2,1
44157,12,3.3689082160460744e-4,2,1
44324,7,4.61717321927318e-4,2,1
44324,2,0,2,1
44324,13,1.5350151222778523e-4,2,1
44324,5,0.00116601974034469,2,1
44324,1,1.4206163909559502e-5,2,1
44324,19,1.0180985611728496e-4,2,1
44324,17,1.6525971937298518e-4,2,1
44324,11,1.6499609167072688e-4,2,1
44324,6,5.92053878533949e-4,2,1
44324,9,1.854153689904673e-4,2,1
44324,4,3.629396158343379e-4,2,1
44324,8,3.729631391629309e-4,2,1
44324,3,7.118174027016793e-7,2,1
44324,10,1.9903983863292285e-4,2,1
44324,12,3.2128745723555195e-4,2,1
44331,7,4.067788051410295e-5,2,1
44331,2,2.4438778892535663e-5,2,1
44331,13,0,2,1
44331,5,1.0560426300140432e-4,2,1
44331,1,1.449608562199949e-5,2,1
44331,19,5.898304006794846e-6,2,1
44331,17,0,2,1
44331,11,2.4536596333431312e-5,2,1
44331,6,5.688120940460461e-5,2,1
44331,9,2.9000074351254452e-5,2,1
44331,4,2.695923825871186e-4,2,1
44331,8,4.847461254745479e-5,2,1
44331,3,9.419716962418887e-5,2,1
44331,10,1.9023779156071084e-5,2,1
44331,12,1.2293559805922516e-5,2,1
44347,7,3.604901824870503e-4,2,1
44347,2,2.809055045119042e-7,2,1
44347,13,2.0558685406037793e-4,2,1
44347,5,8.308409925576324e-4,2,1
44347,1,0,2,1
44347,19,8.437139209719584e-5,2,1
44347,17,1.8956261928077713e-4,2,1
44347,11,2.368532666472043e-4,2,1
44347,6,4.852232200106056e-4,2,1
44347,9,2.582240662978721e-4,2,1
44347,4,6.025772892451099e-4,2,1
44347,8,2.958805585546831e-4,2,1
44347,3,1.8981797405378112e-6,2,1
44347,10,1.1158724191546172e-4,2,1
44347,12,1.5201459529246497e-4,2,1
44427,7,3.0157739001834945e-5,6,3
44427,2,1.8848759352748772e-4,6,3
44427,13,5.834559926439471e-5,6,3
44427,5,1.1238217636174291e-4,6,3
44427,1,1.649654543783542e-4,6,3
44427,19,2.769638403190623e-5,6,3
44427,17,2.7162064602826285e-5,6,3
44427,11,6.559783917713269e-5,6,3
44427,6,8.21617469177622e-5,6,3
44427,9,1.912770861465719e-5,6,3
44427,4,1.9609885193352423e-4,6,3
44427,8,6.966569999989405e-5,6,3
44427,3,2.192397600321172e-4,6,3
44427,10,1.1357480093176766e-5,6,3
44427,12,1.9622412767145556e-5,6,3
44489,7,1.028636058977316e-4,10,7
44489,2,7.949625777686889e-5,10,7
44489,13,2.5792260619024273e-05,10,7
44489,5,6.471814047291032e-5,10,7
44489,1,1.3916242197119512e-4,10,7
44489,19,2.3593216027179383e-5,10,7
44489,17,1.2580324658151122e-5,10,7
44489,11,0,10,7
44489,6,5.871608712733379e-5,10,7
44489,9,3.331923436101575e-5,10,7
44489,4,1.7415528590899132e-6,10,7
44489,8,7.681769201509229e-5,10,7
44489,3,2.738124275725793e-4,10,7
44489,10,2.101133817237702e-5,10,7
44489,12,1.323921825253194e-5,10,7
44592,7,3.719454476892977e-4,5,5
44592,2,2.0506101829369006e-5,5,5
44592,13,1.6702366828047756e-4,5,5
44592,5,8.675729101233384e-4,5,5
44592,1,2.3773580420079167e-5,5,5
44592,19,1.5643328018021113e-4,5,5
44592,17,7.233686678436895e-5,5,5
44592,11,2.503734319737889e-6,5,5
44592,6,4.933782321116241e-4,5,5
44592,9,1.8418132327339265e-4,5,5
44592,4,4.733540671006384e-4,5,5
44592,8,2.7362991672962185e-4,5,5
44592,3,4.247177169453353e-5,5,5
44592,10,2.1323668874939376e-4,5,5
44592,12,1.3593840170010476e-4,5,5
44819,7,2.618346331942259e-5,11,11
44819,2,1.1573306785890454e-4,11,11
44819,13,0,11,11
44819,5,4.1979334360806694e-5,11,11
44819,1,5.13161431018782e-5,11,11
44819,19,9.48857601093084e-6,11,11
44819,17,6.86199526808243e-6,11,11
44819,11,0,11,11
44819,6,2.466891160558121e-5,11,11
44819,9,3.085114292686644e-7,11,11
44819,4,1.0379655040175884e-4,11,11
44819,8,2.2250641825061216e-5,11,11
44819,3,1.4710892989168035e-5,11,11
44819,10,7.950236065223737e-6,11,11
44819,12,2.127731504871205e-5,11,11
44880,7,4.3530007768540055e-4,4,9
44880,2,8.511436786710697e-5,4,9
44880,13,1.1043094109698742e-4,4,9
44880,5,7.96295498656552e-4,4,9
44880,1,1.055315033281563e-4,4,9
44880,19,1.0873395212526152e-4,4,9
44880,17,1.2008491719144252e-4,4,9
44880,11,1.0490646799701756e-4,4,9
44880,6,3.5963603365491944e-4,4,9
44880,9,1.7986216326363135e-4,4,9
44880,4,5.2246585772697395e-6,4,9
44880,8,3.319054072238298e-4,4,9
44880,3,1.895807015862139e-4,4,9
44880,10,1.1329086392943824e-4,4,9
44880,12,1.3924820626323774e-4,4,9
44909,7,8.673272224558733e-4,2,1
44909,2,0,2,1
44909,13,4.33460224577971e-4,2,1
44909,5,0.00184534157294379,2,1
44909,1,0,2,1
44909,19,2.0387616023486533e-4,2,1
44909,17,2.350233379318232e-4,2,1
44909,11,4.719539192705921e-4,2,1
44909,6,0.00106769495932585,2,1
44909,9,3.029582235418284e-4,2,1
44909,4,7.638450839968359e-4,2,1
44909,8,7.689715859303894e-4,2,1
44909,3,2.372724675672264e-6,2,1
44909,10,4.540152667247413e-4,2,1
44909,12,2.6833058422542417e-4,2,1
44976,7,5.610742139876269e-5,2,1
44976,2,1.9663385315833295e-5,2,1
44976,13,1.1769283971787774e-5,2,1
44976,5,1.3052949277813332e-4,2,1
44976,1,2.1164285008119257e-5,2,1
44976,19,2.000294402304339e-5,2,1
44976,17,0,2,1
44976,11,2.1782488581719633e-5,2,1
44976,6,6.870597695108154e-5,2,1
44976,9,1.6659617180507876e-5,2,1
44976,4,4.3538821477247834e-5,2,1
44976,8,2.2515530418216707e-5,2,1
44976,3,0,2,1
44976,10,3.662787330049507e-5,2,1
44976,12,3.1915972573068076e-5,2,1
45003,7,2.8544650636620517e-4,2,1
45003,2,1.404527522559521e-5,2,1
45003,13,3.380539013173084e-5,2,1
45003,5,6.257544528157747e-4,2,1
45003,1,1.0089275592911646e-4,2,1
45003,19,8.078112009305986e-5,2,1
45003,17,6.433120563827277e-5,2,1
45003,11,1.4997368575229956e-4,2,1
45003,6,3.092788339311297e-4,2,1
45003,9,2.212026947856324e-4,2,1
45003,4,1.525600304562764e-4,2,1
45003,8,2.2727441292741095e-4,2,1
45003,3,0,2,1
45003,10,9.710645479666137e-5,2,1
45003,12,1.1347901359313092e-4,2,1
45048,7,1.0309738682022644e-4,9,18
45048,2,2.5225314305169e-4,9,18
45048,13,7.11165244252708e-5,9,18
45048,5,3.10690802743262e-4,9,18
45048,1,3.7109979192318697e-4,9,18
45048,19,3.3338240038405654e-5,9,18
45048,17,2.201556815176446e-5,9,18
45048,11,1.0540721486096514e-4,9,18
45048,6,1.3109181952387369e-4,9,18
45048,9,4.9670340112254966e-5,9,18
45048,4,1.3305463843446937e-4,9,18
45048,8,1.1257765209108353e-4,9,18
45048,3,5.0776308059386455e-5,9,18
45048,10,9.341527376637892e-5,9,18
45048,12,2.2695802718626184e-5,9,18
45062,7,4.3483251584041086e-5,9,18
45062,2,9.494606052502364e-5,9,18
45062,13,4.181851964443741e-5,9,18
45062,5,9.620264124351534e-5,9,18
45062,1,7.595948865927733e-5,9,18
45062,19,2.154163202481596e-5,9,18
45062,17,1.0292992902123644e-5,9,18
45062,11,4.106124284370138e-5,9,18
45062,6,4.974557381621335e-5,9,18
45062,9,3.301072293174709e-5,9,18
45062,4,3.0651330319982476e-5,9,18
45062,8,3.258129695812535e-5,9,18
45062,3,1.6134527794571396e-5,9,18
45062,10,2.2714960186353532e-5,9,18
45062,12,2.3405046553583254e-5,9,18
45136,7,1.4260636272185517e-4,2,1
45136,2,2.809055045119042e-7,2,1
45136,13,1.1994653239332648e-4,2,1
45136,5,1.78630813399891e-4,2,1
45136,1,0,2,1
45136,19,1.7182016019793683e-4,2,1
45136,17,9.749751610067118e-5,2,1
45136,11,1.6374422451085794e-4,2,1
45136,6,1.5045997326379283e-4,2,1
45136,9,1.2926628886357038e-4,2,1
45136,4,1.4803199302264262e-4,2,1
45136,8,2.4210817414411847e-4,2,1
45136,3,7.118174027016793e-7,2,1
45136,10,8.14899196685433e-5,2,1
45136,12,2.725860472351666e-4,2,1
45230,7,4.1028551897845215e-4,2,1
45230,2,1.0955314675964264e-5,2,1
45230,13,2.33883217652123e-4,2,1
45230,5,9.456282349504632e-4,2,1
45230,1,0,2,1
45230,19,1.6643475219173284e-4,2,1
45230,17,8.720452319854754e-5,2,1
45230,11,2.230827278886459e-4,2,1
45230,6,5.431238059278376e-4,2,1
45230,9,2.2583036622466233e-4,2,1
45230,4,5.524205669033205e-4,2,1
45230,8,3.1601209163450034e-4,2,1
45230,3,1.4236348054033583e-6,2,1
45230,10,1.5900472130447472e-4,2,1
45230,12,2.579283413127205e-4,2,1
45268,7,8.883675054804093e-5,2,1
45268,2,0,2,1
45268,13,2.428979883539179e-5,2,1
45268,5,1.904375011888679e-4,2,1
45268,1,0,2,1
45268,19,2.2310976025702244e-5,2,1
45268,17,4.746213393757014e-5,2,1
45268,11,2.5037343197378893e-7,2,1
45268,6,1.058112820107161e-4,2,1
45268,9,1.6968128609776543e-5,2,1
45268,4,6.966211436359653e-7,2,1
45268,8,7.178480874513797e-5,2,1
45268,3,2.3727246756722642e-7,2,1
45268,10,2.413464519800063e-5,2,1
45268,12,1.7258266650621996e-5,2,1
45295,7,4.1636382296331815e-4,2,1
45295,2,4.129310916324992e-5,2,1
45295,13,1.602625902541314e-4,2,1
45295,5,0.00104773422008846,2,1
45295,1,6.581222872387769e-5,2,1
45295,19,1.7028147219616427e-4,2,1
45295,17,1.0350176196024332e-4,2,1
45295,11,5.057543325870536e-5,2,1
45295,6,5.769671061470646e-4,2,1
45295,9,2.946284149515745e-4,2,1
45295,4,6.328803089932745e-4,2,1
45295,8,3.97332889733236e-4,2,1
45295,3,8.70789955971721e-5,2,1
45295,10,1.629798393370866e-4,2,1
45295,12,2.9859165451692575e-4,2,1
45439,7,1.0052579667278315e-4,14,13
45439,2,4.8034841271535624e-5,14,13
45439,13,1.2520514863604017e-5,14,13
45439,5,2.6018441609041646e-4,14,13
45439,1,8.175792290807713e-5,14,13
45439,19,4.872512005613134e-6,14,13
45439,17,1.7726821109212944e-5,14,13
45439,11,8.162173882345518e-5,14,13
45439,6,1.4617859191075807e-4,14,13
45439,9,3.671286008297106e-5,14,13
45439,4,1.0379655040175884e-4,14,13
45439,8,7.575813764247033e-5,14,13
45439,3,1.9788523795106683e-4,14,13
45439,10,7.581117962195492e-5,14,13
45439,12,6.241345747622201e-5,14,13
45513,7,2.753939266989269e-4,2,1
45513,2,6.994547062346414e-5,2,1
45513,13,1.833003376031628e-4,2,1
45513,5,7.064334860404502e-4,2,1
45513,1,3.913943117939863e-5,2,1
45513,19,1.0206630411758038e-4,2,1
45513,17,5.4610045675156e-5,2,1
45513,11,4.256348343554411e-5,2,1
45513,6,3.5902440774734305e-4,2,1
45513,9,9.841514593670396e-5,2,1
45513,4,1.588296207490001e-4,2,1
45513,8,2.556174923950485e-4,2,1
45513,3,1.3595712391602073e-4,2,1
45513,10,5.763921147287209e-5,2,1
45513,12,1.3901179165158538e-4,2,1
45515,7,3.3570940470259675e-4,1,6
45515,2,1.0983405226415454e-4,1,6
45515,13,5.383821391349727e-4,1,6
45515,5,3.5594977260100676e-4,1,6
45515,1,2.899217124399898e-5,1,6
45515,19,7.131818888215856e-4,1,6
45515,17,5.129341462891616e-4,1,6
45515,11,5.055039591550798e-4,1,6
45515,6,2.491356196861177e-4,1,6
45515,9,2.4372402912224488e-4,1,6
45515,4,5.9909418352693015e-5,1,6
45515,8,2.497899433456277e-4,1,6
45515,3,5.884357195667215e-5,1,6
45515,10,2.549754280918184e-4,1,6
45515,12,5.406802168489384e-4,1,6
45531,7,1.758032537161231e-4,2,1
45531,2,0,2,1
45531,13,1.4022976647236497e-5,2,1
45531,5,9.84327933814332e-4,2,1
45531,1,0,2,1
45531,19,3.513337604047365e-5,2,1
45531,17,1.5153572883682032e-5,2,1
45531,11,9.188704953438051e-5,2,1
45531,6,2.540286269467288e-4,2,1
45531,9,6.972358301471815e-5,2,1
45531,4,0.00184430447777621,2,1
45531,8,1.7376691711000188e-4,2,1
45531,3,5.457266754046207e-6,2,1
45531,10,1.1385873793409708e-4,2,1
45531,12,8.936472320459061e-5,2,1
45533,7,6.047912464941629e-4,2,1
45533,2,2.5562400910583283e-5,2,1
45533,13,3.630949310445165e-4,2,1
45533,5,0.0012646274476193,2,1
45533,1,2.8992171243998984e-7,2,1
45533,19,1.2027411213855576e-4,2,1
45533,17,7.433828207089299e-5,2,1
45533,11,2.8141973753853874e-4,2,1
45533,6,8.552568940943237e-4,2,1
45533,9,4.10011689498055e-4,2,1
45533,4,6.304421349905486e-4,2,1
45533,8,5.006394410638774e-4,2,1
45533,3,7.450355481610909e-5,2,1
45533,10,2.0273101966320528e-4,2,1
45533,12,2.784964125264755e-4,2,1
45645,7,4.822900431068643e-4,2,1
45645,2,0,2,1
45645,13,2.4440045013755037e-4,2,1
45645,5,0.00119619238691652,2,1
45645,1,0,2,1
45645,19,1.6540896019055112e-4,2,1
45645,17,2.221570968041687e-4,2,1
45645,11,1.7926737729323286e-4,2,1
45645,6,5.647345879955368e-4,2,1
45645,9,2.943199035223058e-4,2,1
45645,4,4.966908754124432e-4,2,1
45645,8,3.774662452465742e-4,2,1
45645,3,9.490898702689056e-7,2,1
45645,10,2.118170037377467e-4,2,1
45645,12,1.7849303179752886e-4,2,1
45663,7,4.855629760217921e-4,2,1
45663,2,1.5225078344545208e-4,2,1
45663,13,1.7428556690136788e-4,2,1
45663,5,0.00111223371819491,2,1
45663,1,1.5191897731855466e-4,2,1
45663,19,1.2309504014180547e-4,2,1
45663,17,2.1615285094459652e-4,2,1
45663,11,3.362515191407985e-4,2,1
45663,6,5.657539645081641e-4,2,1
45663,9,2.859900949320519e-4,2,1
45663,4,4.3051186676702655e-4,2,1
45663,8,3.3826273345956157e-4,2,1
45663,3,6.0504479229642733e-5,2,1
45663,10,2.1380456275405264e-4,2,1
45663,12,3.3523591932304095e-4,2,1
45704,7,1.977786604306385e-4,2,1
45704,2,1.3764369721083309e-5,2,1
45704,13,1.1268463377243614e-4,2,1
45704,5,4.490914207140466e-4,2,1
45704,1,0,2,1
45704,19,1.3335296015362262e-4,2,1
45704,17,4.374521983402549e-5,2,1
45704,11,1.4546696397677136e-4,2,1
45704,6,2.2487445868558736e-4,2,1
45704,9,1.1661732026355516e-4,2,1
45704,4,2.309299091153225e-4,2,1
45704,8,1.8197846349782208e-4,2,1
45704,3,7.118174027016793e-7,2,1
45704,10,1.2833952505289747e-4,2,1
45704,12,1.4255801082637074e-4,2,1
45707,7,2.9222615311855567e-5,2,1
45707,2,0,2,1
45707,13,5.183493153532062e-5,2,1
45707,5,6.974691490154862e-5,2,1
45707,1,0,2,1
45707,19,7.693440008862842e-6,2,1
45707,17,8.005661146096168e-6,2,1
45707,11,2.5037343197378893e-7,2,1
45707,6,6.870597695108154e-5,2,1
45707,9,2.930858578052312e-5,2,1
45707,4,9.892020239630708e-5,2,1
45707,8,3.867373460070164e-5,2,1
45707,3,2.3727246756722642e-7,2,1
45707,10,3.833149531447159e-5,2,1
45707,12,0,2,1
45748,7,3.0788947492571024e-4,3,16
45748,2,0,3,16
45748,13,5.2586162427136866e-5,3,16
45748,5,3.498277863400558e-6,3,16
45748,1,0,3,16
45748,19,1.0386144011964838e-4,3,16
45748,17,7.004953502834147e-5,3,16
45748,11,1.3044455805834402e-4,3,16
45748,6,1.074422844309198e-4,3,16
45748,9,1.7369193467825806e-4,3,16
45748,4,0,3,16
45748,8,1.7535624866893483e-4,3,16
45748,3,0,3,16
45748,10,1.394130681437448e-4,3,16
45748,12,1.0615016063190789e-4,3,16
45798,7,1.9614219397317455e-4,2,1
45798,2,3.932677063166659e-5,2,1
45798,13,1.5800889757868267e-4,2,1
45798,5,4.32911885595819e-4,2,1
45798,1,3.884950946695864e-5,2,1
45798,19,4.231392004874564e-5,2,1
45798,17,8.234394321698915e-5,2,1
45798,11,2.5187567256563164e-4,2,1
45798,6,2.450581136356084e-4,2,1
45798,9,6.293633157080753e-5,2,1
45798,4,1.8286305020444088e-4,2,1
45798,8,1.4701316920129732e-4,2,1
45798,3,3.725177740805454e-5,2,1
45798,10,5.7071337468213255e-5,2,1
45798,12,1.2411767111748697e-4,2,1
45812,7,1.1689046124742227e-5,6,3
45812,2,7.736137594257842e-4,6,3
45812,13,0,6,3
45812,5,5.291145268393344e-5,6,3
45812,1,9.057154296625282e-4,6,3
45812,19,7.180544008271987e-6,6,3
45812,17,0,6,3
45812,11,0,6,3
45812,6,1.1620892243951478e-5,6,3
45812,9,0,6,3
45812,4,5.405780074615091e-4,6,3
45812,8,1.880709011403984e-5,6,3
45812,3,0.0010069843523553,6,3
45812,10,5.678740046588384e-7,6,3
45812,12,1.0165828301051312e-5,6,3
45842,7,1.7463434910364888e-4,5,5
45842,2,1.1236220180476168e-4,5,5
45842,13,8.388744958614691e-5,5,5
45842,5,3.7890722107957294e-4,5,5
45842,1,2.7281633140603044e-4,5,5
45842,19,4.051878404667764e-5,5,5
45842,17,5.1179048041114787e-5,5,5
45842,11,1.2518671598689444e-6,5,5
45842,6,2.3241784487902957e-4,5,5
45842,9,1.4962804319530225e-4,5,5
45842,4,2.048066162289738e-4,5,5
45842,8,1.1867008973365982e-4,5,5
45842,3,1.3595712391602073e-4,5,5
45842,10,5.678740046588383e-5,5,5
45842,12,9.456584466094244e-5,5,5
45866,7,1.3138487844210263e-4,2,1
45866,2,3.34277550369166e-5,2,1
45866,13,7.26189862089033e-5,2,1
45866,5,2.623708397550418e-4,2,1
45866,1,1.797514617127937e-5,2,1
45866,19,3.231244803722394e-5,2,1
45866,17,1.4867656414178596e-5,2,1
45866,11,2.1532115149745845e-5,2,1
45866,6,1.7043975291128834e-4,2,1
45866,9,1.4500037175627226e-5,2,1
45866,4,1.267850481417457e-4,2,1
45866,8,9.747900228122056e-5,2,1
45866,3,1.1436532936740312e-4,2,1
45866,10,3.577606229350682e-5,2,1
45866,12,4.184538626246703e-5,2,1
45911,7,3.1560424536804016e-5,4,9
45911,2,2.331515687448805e-5,4,9
45911,13,2.479061942993595e-5,4,9
45911,5,1.1194489162881784e-4,4,9
45911,1,1.8844911308599337e-5,4,9
45911,19,2.000294402304339e-5,4,9
45911,17,0,4,9
45911,11,0,4,9
45911,6,4.750294548843324e-5,4,9
45911,9,1.542557146343322e-5,4,9
45911,4,2.089863430907896e-6,4,9
45911,8,2.595908212923809e-5,4,9
45911,3,4.175995429183185e-5,4,9
45911,10,1.9307716158400503e-5,4,9
45911,12,0,4,9
46068,7,5.751010693373176e-5,9,18
46068,2,0,9,18
46068,13,2.554185032175219e-5,9,18
46068,5,1.9699677218274392e-4,9,18
46068,1,0,9,18
46068,19,4.359616005022278e-6,9,18
46068,17,0,9,18
46068,11,3.6053774204225606e-5,9,18
46068,6,7.380285951421816e-5,9,18
46068,9,3.7329882941508394e-5,9,18
46068,4,2.7133393544620846e-4,9,18
46068,8,5.562660456265304e-5,9,18
46068,3,1.186362337836132e-6,9,18
46068,10,3.9467243323789266e-5,9,18
46068,12,7.092438349570682e-7,9,18
46325,7,1.2624169814721604e-5,2,1
46325,2,3.0337794487285657e-5,2,1
46325,13,2.504102972720803e-7,2,1
46325,5,3.498277863400558e-5,2,1
46325,1,0,2,1
46325,19,0,2,1
46325,17,7.433828207089299e-6,2,1
46325,11,4.4816844323308215e-5,2,1
46325,6,2.4465036303055744e-6,2,1
46325,9,0,2,1
46325,4,1.7311035419353738e-4,2,1
46325,8,5.297771863109813e-6,2,1
46325,3,2.3727246756722642e-7,2,1
46325,10,8.518110069882575e-7,2,1
46325,12,2.364146116523561e-7,2,1
46335,7,5.7977668778721446e-5,4,9
46335,2,7.191180915504747e-5,4,9
46335,13,1.7528720809045622e-5,4,9
46335,5,2.0399332790954503e-4,4,9
46335,1,4.377817857843846e-5,4,9
46335,19,1.743846402008911e-5,4,9
46335,17,5.718329390068691e-7,4,9
46335,11,0,4,9
46335,6,1.1233529169153096e-4,4,9
46335,9,3.085114292686644e-5,4,9
46335,4,1.3932422872719306e-6,4,9
46335,8,7.125503155882698e-5,4,9
46335,3,2.3727246756722642e-7,4,9
46335,10,1.8171968149082827e-5,4,9
46335,12,3.640785019446284e-5,4,9
46360,7,2.980706761809268e-4,2,1
46360,2,2.809055045119042e-7,2,1
46360,13,3.30541592399146e-5,2,1
46360,5,6.780099784003206e-4,2,1
46360,1,1.0437181647839631e-5,2,1
46360,19,1.1565804813323807e-4,2,1
46360,17,5.432412920565257e-5,2,1
46360,11,1.2819119717057993e-4,2,1
46360,6,3.696259234786672e-4,2,1
46360,9,1.7708556040021338e-4,2,1
46360,4,4.228490341870309e-4,2,1
46360,8,2.69391699239134e-4,2,1
46360,3,9.562080442959224e-5,2,1
46360,10,1.675228313743573e-4,2,1
46360,12,2.4279780616696971e-4,2,1
46384,7,5.821144970121629e-5,4,9
46384,2,0,4,9
46384,13,1.2019694269059854e-5,4,9
46384,5,1.5720386148656258e-4,4,9
46384,1,0,4,9
46384,19,4.077523204697307e-5,4,9
46384,17,2.487473284679881e-5,4,9
46384,11,0,4,9
46384,6,7.400673481674362e-5,4,9
46384,9,4.5042668673225006e-5,4,9
46384,4,1.7415528590899132e-6,4,9
46384,8,5.350749581740912e-5,4,9
46384,3,0,4,9
46384,10,1.5900472130447473e-5,4,9
46384,12,2.600560728175917e-5,4,9
46475,7,7.247208597340181e-6,11,11
46475,2,3.8849231273996353e-4,11,11
46475,13,0,11,11
46475,5,3.0391288938292347e-5,11,11
46475,1,3.7515869589734686e-4,11,11
46475,19,2.0772288023929675e-5,11,11
46475,17,0,11,11
46475,11,0,11,11
46475,6,2.059140555507192e-5,11,11
46475,9,3.085114292686644e-7,11,11
46475,4,9.857189182448908e-5,11,11
46475,8,2.383997338399416e-5,11,11
46475,3,3.5163779693462953e-4,11,11
46475,10,5.9342833486848606e-5,11,11
46475,12,0,11,11
46477,7,1.9333682290323645e-4,2,1
46477,2,0,2,1
46477,13,5.784477866985055e-5,2,1
46477,5,4.862606230126775e-4,2,1
46477,1,0,2,1
46477,19,3.641561604195079e-5,2,1
46477,17,5.489596214465944e-5,2,1
46477,11,9.514190415003978e-5,2,1
46477,6,2.766587855270554e-4,2,1
46477,9,7.589381160009144e-5,2,1
46477,4,4.148378910352174e-4,2,1
46477,8,1.6952869961951402e-4,2,1
46477,3,2.3727246756722642e-7,2,1
46477,10,6.644125854508409e-5,2,1
46477,12,6.926948121414033e-5,2,1
46504,7,2.2185809544760743e-4,10,7
46504,2,1.6067794858080922e-4,10,7
46504,13,2.729472240265675e-5,10,7
46504,5,3.480786474083555e-4,10,7
46504,1,1.1770821525063588e-4,10,7
46504,19,7.231833608331073e-5,10,7
46504,17,6.404528916876935e-5,10,7
46504,11,1.8627783338849896e-4,10,7
46504,6,2.293597153411476e-4,10,7
46504,9,1.38830143170899e-4,10,7
46504,4,5.120165405724345e-5,10,7
46504,8,1.6926381102635852e-4,10,7
46504,3,1.283644049538695e-4,10,7
46504,10,2.385070819567121e-5,10,7
46504,12,7.139721271901153e-5,10,7
46628,7,0.04443824665243252,1,6
46628,2,5.618110090238084e-7,1,6
46628,13,0.04538511350848365,1,6
46628,5,0.01377337587530738,1,6
46628,1,2.8992171243998984e-7,1,6
46628,19,0.03185494480469689,1,6
46628,17,0.03977412598909229,1,6
46628,11,0.04885762114193319,1,6
46628,6,0.04628438280523853,1,6
46628,9,0.05094017315512479,1,6
46628,4,6.140715381151034e-4,1,6
46628,8,0.04786907722350134,1,6
46628,3,6.406356624315113e-6,1,6
46628,10,0.05156125600100855,1,6
46628,12,0.04243642279159792,1,6
46673,7,0.00478806707361691,1,6
46673,2,3.1180511000821365e-5,1,6
46673,13,0.01293394226440021,1,6
46673,5,1.7535117790295297e-4,1,6
46673,1,1.99466138158713e-4,1,6
46673,19,0.07777708821759921,1,6
46673,17,0.03685749208368775,1,6
46673,11,0.00544361915797411,1,6
46673,6,0.00201347248774148,1,6
46673,9,0.00380394592288263,1,6
46673,4,2.044583056571558e-4,1,6
46673,8,0.00357467156463334,1,6
46673,3,1.644298200240879e-4,1,6
46673,10,0.00338225757174804,1,6
46673,12,0.00935799957303521,1,6
46676,7,2.545874245968857e-4,5,5
46676,2,2.1910629351928528e-5,5,5
46676,13,5.909683015621095e-5,5,5
46676,5,4.0864258291847767e-4,5,5
46676,1,1.971467644591931e-5,5,5
46676,19,8.770521610103641e-5,5,5
46676,17,8.234394321698915e-5,5,5
46676,11,1.2518671598689444e-6,5,5
46676,6,1.9694354223959875e-4,5,5
46676,9,1.0705346595622654e-4,5,5
46676,4,6.513407692996276e-5,5,5
46676,8,1.2847096768041298e-4,5,5
46676,3,4.745449351344528e-5,5,5
46676,10,7.24039355940019e-5,5,5
46676,12,1.3688406014671415e-4,5,5
46693,7,6.206883492238123e-4,2,1
46693,2,3.1742322009845175e-5,2,1
46693,13,1.762888492795445e-4,2,1
46693,5,0.00110042703040593,2,1
46693,1,0,2,1
46693,19,1.436108801654397e-4,2,1
46693,17,4.317338689501862e-5,2,1
46693,11,1.7200654776599298e-4,2,1
46693,6,5.308912877763096e-4,2,1
46693,9,1.8664941470754196e-4,2,1
46693,4,7.314522008177636e-6,2,1
46693,8,4.688528098852185e-4,2,1
46693,3,7.118174027016793e-7,2,1
46693,10,1.9250928757934616e-4,2,1
46693,12,1.8984093315684196e-4,2,1
46753,7,6.6160001066041e-5,2,1
46753,2,1.685433027071425e-5,2,1
46753,13,0,2,1
46753,5,1.2222108285255698e-4,2,1
46753,1,0,2,1
46753,19,0,2,1
46753,17,8.005661146096168e-6,2,1
46753,11,4.8572445802915046e-5,2,1
46753,6,7.889974207735477e-5,2,1
46753,9,3.6095837224433735e-5,2,1
46753,4,1.7415528590899132e-6,2,1
46753,8,3.97332889733236e-5,2,1
46753,3,2.3727246756722642e-7,2,1
46753,10,5.47998414495779e-5,2,1
46753,12,4.350028854403352e-5,2,1
46832,7,9.585017822288626e-5,12,19
46832,2,0,12,19
46832,13,0,12,19
46832,5,1.9612220271689377e-4,12,19
46832,1,5.798434248799797e-7,12,19
46832,19,1.8464256021270825e-5,12,19
46832,17,5.0321298632604487e-5,12,19
46832,11,5.8837756513840395e-5,12,19
46832,6,8.827800599352615e-5,12,19
46832,9,9.810663450743528e-5,12,19
46832,4,2.4381740027258786e-6,12,19
46832,8,6.145415361207384e-5,12,19
46832,3,0,12,19
46832,10,7.353968360331957e-5,12,19
46832,12,2.364146116523561e-7,12,19
46852,7,0.00178281331494568,2,1
46852,2,4.466397521739277e-5,2,1
46852,13,7.114156545499802e-4,2,1
46852,5,0.00464549436022947,2,1
46852,1,0,2,1
46852,19,4.585290245282254e-4,2,1
46852,17,5.549638673061665e-4,2,1
46852,11,0.00107134791541584,2,1
46852,6,0.00254008239416476,2,1
46852,9,8.909810077279028e-4,2,1
46852,4,0.00215360426555058,2,1
46852,8,0.00156125336805846,2,1
46852,3,5.314903273505872e-5,2,1
46852,10,9.066108484378354e-4,2,1
46852,12,0.00105771897253264,2,1
46983,7,5.895954865319979e-4,2,1
46983,2,0,2,1
46983,13,3.736121635299438e-4,2,1
46983,5,0.00128364933350154,2,1
46983,1,0,2,1
46983,19,1.872070402156625e-4,2,1
46983,17,1.801273757871638e-4,2,1
46983,11,2.706536799636658e-4,2,1
46983,6,7.512804898063368e-4,2,1
46983,9,2.955539492393805e-4,2,1
46983,4,6.990593176386912e-4,2,1
46983,8,3.655462585545771e-4,2,1
46983,3,2.1354522081050376e-6,2,1
46983,10,2.3964282996602975e-4,2,1
46983,12,3.3499950471138856e-4,2,1
47003,7,1.69958730653752e-4,5,5
47003,2,0,5,5
47003,13,5.0582880048960224e-5,5,5
47003,5,2.658691176184424e-4,5,5
47003,1,3.537044891767876e-5,5,5
47003,19,3.718496004283707e-5,5,5
47003,17,1.2008491719144253e-5,5,5
47003,11,2.5037343197378893e-7,5,5
47003,6,1.494405967511655e-4,5,5
47003,9,1.135322059708685e-4,5,5
47003,4,2.089863430907896e-6,5,5
47003,8,1.6820425665373657e-4,5,5
47003,3,0,5,5
47003,10,4.1738739342424616e-5,5,5
47003,12,7.565267572875395e-6,5,5
47054,7,2.6651025164412277e-4,1,6
47054,2,2.387696788351186e-5,1,6
47054,13,0.00118093496193513,1,6
47054,5,4.779522130871012e-4,1,6
47054,1,2.2323971857879217e-5,1,6
47054,19,7.090787208168587e-4,1,6
47054,17,6.930615220763254e-4,1,6
47054,11,9.22626096823412e-4,1,6
47054,6,2.9928894410738194e-4,1,6
47054,9,4.957778668347437e-4,1,6
47054,4,2.650643451534848e-4,1,6
47054,8,4.794483536114381e-4,1,6
47054,3,0,1,6
47054,10,6.280686491526752e-4,1,6
47054,12,0.00150950729540029,1,6
47070,7,2.267674948199992e-5,6,3
47070,2,3.904586512715469e-5,6,3
47070,13,0,6,3
47070,5,4.154204962788163e-5,6,3
47070,1,4.0589039741598576e-5,6,3
47070,19,1.0514368012112552e-5,6,3
47070,17,1.0864825841130511e-5,6,3
47070,11,0,6,3
47070,6,2.7523165840937714e-5,6,3
47070,9,0,6,3
47070,4,1.3375125957810534e-4,6,3
47070,8,2.6488859315549068e-5,6,3
47070,3,3.796359481075623e-5,6,3
47070,10,0,6,3
47070,12,1.1347901359313092e-5,6,3
47085,7,9.772042560284502e-5,2,1
47085,2,0,2,1
47085,13,1.18444070609694e-4,2,1
47085,5,2.520946485313027e-4,2,1
47085,1,5.073629967699822e-5,2,1
47085,19,2.974796803426966e-5,2,1
47085,17,2.001415286524042e-5,2,1
47085,11,4.5067217755282e-5,2,1
47085,6,1.4332433767540157e-4,2,1
47085,9,7.373423159521079e-5,2,1
47085,4,5.848134500823929e-4,2,1
47085,8,1.0383632851695234e-4,2,1
47085,3,8.494354338906705e-5,2,1
47085,10,5.224440842861312e-5,2,1
47085,12,1.0000338072894664e-4,2,1
47103,7,3.4599576529236995e-05,2,1
47103,2,0,2,1
47103,13,7.512308918162409e-6,2,1
47103,5,6.384357100706018e-5,2,1
47103,1,0,2,1
47103,19,8.462784009749127e-6,2,1
47103,17,1.0292992902123644e-5,2,1
47103,11,1.0265310710925344e-5,2,1
47103,6,3.50665520343799e-5,2,1
47103,9,1.0797900024403252e-5,2,1
47103,4,3.7269231184524146e-5,2,1
47103,8,2.83430794676375e-5,2,1
47103,3,2.3727246756722642e-7,2,1
47103,10,1.845590515141225e-5,2,1
47103,12,1.4894120534098434e-5,2,1
47116,7,8.509625578812342e-5,2,1
47116,2,3.483228255947612e-5,2,1
47116,13,2.454020913266387e-5,2,1
47116,5,2.271694187545737e-4,2,1
47116,1,7.016105441047754e-5,2,1
47116,19,3.0004416034565088e-5,2,1
47116,17,4.6604384529059835e-5,2,1
47116,11,7.185717497647741e-5,2,1
47116,6,1.4128558465014693e-4,2,1
47116,9,1.6968128609776543e-5,2,1
47116,4,2.396376734107721e-4,2,1
47116,8,6.648703688202815e-5,2,1
47116,3,7.924900416745363e-5,2,1
47116,10,2.5270393207318306e-5,2,1
47116,12,2.0804485825407335e-5,2,1
47175,7,8.97718742380203e-5,6,3
47175,2,8.983358034290697e-4,6,3
47175,13,5.008205945441606e-7,6,3
47175,5,7.871125192651255e-6,6,3
47175,1,9.518129819404866e-4,6,3
47175,19,7.693440008862842e-6,6,3
47175,17,0,6,3
47175,11,7.260829527239878e-6,6,3
47175,6,3.8328556874787334e-5,6,3
47175,9,8.052148303912141e-5,6,3
47175,4,4.580284019406472e-4,6,3
47175,8,5.377238441056461e-5,6,3
47175,3,7.070719533503347e-4,6,3
47175,10,2.3566771193341792e-5,6,3
47175,12,1.394846208748901e-5,6,3
47192,7,1.0262982497523676e-4,2,1
47192,2,3.455137705496422e-5,2,1
47192,13,7.637514066798449e-5,2,1
47192,5,2.807367985378948e-4,2,1
47192,1,5.769442077555798e-5,2,1
47192,19,5.718790406588047e-5,2,1
47192,17,3.80268904439568e-5,2,1
47192,11,5.5582901898181136e-5,2,1
47192,6,1.2579106165821162e-4,2,1
47192,9,4.5968202961030995e-5,2,1
47192,4,2.326714619744124e-4,2,1
47192,8,1.1549142661579392e-4,2,1
47192,3,1.1626350910794094e-4,2,1
47192,10,7.211999859167246e-5,2,1
47192,12,1.867675432053613e-5,2,1
47287,7,2.534185199844115e-4,2,1
47287,2,8.314802933552365e-5,2,1
47287,13,9.6658374747023e-5,2,1
47287,5,5.728430001318413e-4,2,1
47287,1,4.174872659135853e-5,2,1
47287,19,3.10302080357468e-5,2,1
47287,17,5.089313157161135e-5,2,1
47287,11,2.0630770794640205e-4,2,1
47287,6,3.6942204817614173e-4,2,1
47287,9,1.1291518311233116e-4,2,1
47287,4,4.782304151060902e-4,2,1
47287,8,2.3734017946731964e-4,2,1
47287,3,1.1009442495119306e-4,2,1
47287,10,9.682251779433194e-5,2,1
47287,12,1.5910703364203566e-4,2,1
47306,7,1.2063095600733978e-4,2,1
47306,2,1.9663385315833295e-5,2,1
47306,13,2.1785695862670985e-5,2,1
47306,5,2.4094388784171345e-4,2,1
47306,1,1.449608562199949e-5,2,1
47306,19,1.4617536016839402e-5,2,1
47306,17,2.373106696878507e-5,2,1
47306,11,5.40806613063384e-5,2,1
47306,6,1.563723570370313e-4,2,1
47306,9,7.959594875131541e-5,2,1
47306,4,2.6227786057894095e-4,2,1
47306,8,8.900256730024487e-5,2,1
47306,3,4.7454493513445284e-7,2,1
47306,10,2.9529448242259592e-5,2,1
47306,12,5.390253145673719e-5,2,1
47340,7,8.638205086184506e-4,2,1
47340,2,3.932677063166659e-5,2,1
47340,13,4.234438126870878e-4,2,1
47340,5,0.00175176264009782,2,1
47340,1,1.855498959615935e-5,2,1
47340,19,4.7776262455038256e-4,2,1
47340,17,4.088605513899114e-4,2,1
47340,11,6.960381408871332e-4,2,1
47340,6,0.00117921474980728,2,1
47340,9,5.617993126982378e-4,2,1
47340,4,0.00103970705687667,2,1
47340,8,7.843351243334079e-4,2,1
47340,3,3.6777232472920096e-5,2,1
47340,10,3.878579451819866e-4,2,1
47340,12,4.524975667026096e-4,2,1
47479,7,1.0730544342513364e-4,2,1
47479,2,0,2,1
47479,13,6.335380520983632e-5,2,1
47479,5,2.1929829356192248e-4,2,1
47479,1,0,2,1
47479,19,3.692851204254165e-5,2,1
47479,17,7.719744676592734e-6,2,1
47479,11,4.456647089133442e-5,2,1
47479,6,1.26402687565788e-4,2,1
47479,9,2.468091434149315e-5,2,1
47479,4,1.6370596875445184e-4,2,1
47479,8,1.2052430988574823e-4,2,1
47479,3,2.372724675672264e-5,2,1
47479,10,3.2368818265553784e-5,2,1
47479,12,5.792157985482724e-5,2,1
47562,7,3.296311007177308e-5,5,5
47562,2,6.65746045693213e-5,5,5
47562,13,3.9564826968988685e-5,5,5
47562,5,8.395866872161339e-5,5,5
47562,1,0,5,5
47562,19,2.9235072033678803e-5,5,5
47562,17,8.291577615599603e-6,5,5
47562,11,1.2518671598689444e-6,5,5
47562,6,3.3435549614176186e-5,5,5
47562,9,1.3574502887821232e-5,5,5
47562,4,4.535003645070134e-4,5,5
47562,8,3.628973726230222e-5,5,5
47562,3,1.3856712105926022e-4,5,5
47562,10,1.646834613510631e-5,5,5
47562,12,3.333446024298221e-5,5,5
47627,7,3.296311007177308e-5,2,1
47627,2,4.129310916324992e-5,2,1
47627,13,1.1268463377243614e-5,2,1
47627,5,9.59839988770528e-5,2,1
47627,1,0,2,1
47627,19,2.564480002954281e-5,2,1
47627,17,0,2,1
47627,11,3.38004133164615e-5,2,1
47627,6,6.605559801825051e-5,2,1
47627,9,3.856392865858305e-5,2,1
47627,4,1.1389755698448032e-4,2,1
47627,8,2.781330228132652e-5,2,1
47627,3,3.891268468102513e-5,2,1
47627,10,0,2,1
47627,12,8.274511407832463e-6,2,1
47675,7,2.9456396234350412e-5,6,3
47675,2,0,6,3
47675,13,0,6,3
47675,5,3.6513275199243325e-5,6,3
47675,1,2.5223188982279115e-5,6,3
47675,19,1.0257920011817125e-5,6,3
47675,17,1.9156403456730116e-5,6,3
47675,11,4.5067217755282e-5,6,3
47675,6,1.26402687565788e-5,6,3
47675,9,1.0180877165865924e-5,6,3
47675,4,0,6,3
47675,8,2.5694193536082595e-5,6,3
47675,3,0,6,3
47675,10,5.678740046588384e-7,6,3
47675,12,4.728292233047122e-7,6,3
47750,7,7.333707538663273e-4,2,1
47750,2,5.7585628424940366e-5,2,1
47750,13,2.0383398197947335e-4,2,1
47750,5,0.00119138225485435,2,1
47750,1,0,2,1
47750,19,1.6694764819232368e-4,2,1
47750,17,2.424571661389125e-4,2,1
47750,11,2.533779131574744e-4,2,1
47750,6,6.831861387628316e-4,2,1
47750,9,3.1622421500038104e-4,2,1
47750,4,4.876348005451757e-6,2,1
47750,8,5.748082471474147e-4,2,1
47750,3,7.118174027016793e-7,2,1
47750,10,3.0750377352276097e-4,2,1
47750,12,2.406700746620985e-4,2,1
47782,7,1.7276410172369013e-4,9,18
47782,2,1.20227555931095e-4,9,18
47782,13,6.160093312893176e-5,9,18
47782,5,4.0798665581909005e-4,9,18
47782,1,4.3198335153558486e-5,9,18
47782,19,3.6672064042246214e-5,9,18
47782,17,1.4295823475171728e-6,9,18
47782,11,3.555302734027803e-5,9,18
47782,6,2.1712719718961973e-4,9,18
47782,9,1.1507476311721184e-4,9,18
47782,4,9.752696010903514e-5,9,18
47782,8,1.0992876615952862e-4,9,18
47782,3,0,9,18
47782,10,3.9467243323789266e-5,9,18
47782,12,1.276638902922723e-5,9,18
47810,7,3.062530084682464e-4,4,9
47810,2,1.2275570547170213e-4,4,9
47810,13,2.123479320867241e-4,4,9
47810,5,6.946267982514732e-4,4,9
47810,1,1.70763888627154e-4,4,9
47810,19,4.308326404963192e-5,4,9
47810,17,1.2837649480704213e-4,4,9
47810,11,8.462622000714065e-5,4,9
47810,6,2.9398818624171987e-4,4,9
47810,9,1.1569178597574917e-4,4,9
47810,4,5.886448663723907e-5,4,9
47810,8,3.0409210494250326e-4,4,9
47810,3,6.596174598368894e-5,4,9
47810,10,7.24039355940019e-5,4,9
47810,12,2.1300956509877285e-4,4,9
47841,7,7.242532978890284e-4,2,1
47841,2,0,2,1
47841,13,3.2002435991371864e-4,2,1
47841,5,0.00104270544565982,2,1
47841,1,0,2,1
47841,19,1.323271681524409e-4,2,1
47841,17,9.949893138719524e-5,2,1
47841,11,2.0004837214705737e-4,2,1
47841,6,6.18353792559734e-4,2,1
47841,9,3.223944435857543e-4,2,1
47841,4,1.0101006582721497e-5,2,1
47841,8,5.046127699612097e-4,2,1
47841,3,2.3727246756722642e-7,2,1
47841,10,2.9784991544356073e-4,2,1
47841,12,2.6573002349724825e-4,2,1
47897,7,1.332551258220614e-5,5,5
47897,2,8.792342291222602e-5,5,5
47897,13,0,5,5
47897,5,7.477568933018693e-5,5,5
47897,1,1.9134833021039328e-5,5,5
47897,19,2.6414144030429095e-5,5,5
47897,17,1.2008491719144253e-5,5,5
47897,11,0,5,5
47897,6,3.098904598387061e-5,5,5
47897,9,1.881919718538853e-5,5,5
47897,4,1.2957153271628955e-4,5,5
47897,8,1.4833761216707478e-5,5,5
47897,3,6.501265611342003e-5,5,5
47897,10,0,5,5
47897,12,0,5,5
47908,7,1.5803590360651492e-4,2,1
47908,2,2.3034251369976144e-5,2,1
47908,13,4.7828366778967336e-5,2,1
47908,5,1.8978157408948025e-4,2,1
47908,1,3.247123179327886e-5,2,1
47908,19,6.0008832069130175e-5,2,1
47908,17,2.7733897541833153e-5,2,1
47908,11,3.855750852396349e-5,2,1
47908,6,1.4128558465014693e-4,2,1
47908,9,4.1032020092732365e-5,2,1
47908,4,3.8662473471796075e-5,2,1
47908,8,9.9333222433309e-5,2,1
47908,3,0,2,1
47908,10,7.297180959866072e-5,2,1
47908,12,4.279104470907645e-5,2,1
47953,7,8.182332287319559e-5,2,1
47953,2,1.9101574306809488e-5,2,1
47953,13,7.286939650617537e-5,2,1
47953,5,2.3482190158076243e-4,2,1
47953,1,0,2,1
47953,19,4.949446405701762e-5,2,1
47953,17,1.5725405822688902e-5,2,1
47953,11,6.609858604108028e-5,2,1
47953,6,1.20694179095075e-4,2,1
47953,9,6.293633157080753e-5,2,1
47953,4,2.539184068553094e-4,2,1
47953,8,7.522836045615935e-5,2,1
47953,3,4.7454493513445284e-7,2,1
47953,10,6.416976252644874e-5,2,1
47953,12,7.990813873849637e-5,2,1
47976,7,0.00159765882432976,2,1
47976,2,2.809055045119042e-7,2,1
47976,13,7.332013504126511e-4,2,1
47976,5,0.00320551573470722,2,1
47976,1,1.9134833021039328e-5,2,1
47976,19,5.52901888636943e-4,2,1
47976,17,6.201528223529496e-4,2,1
47976,11,0.0010162657603816,2,1
47976,6,0.00203467551920413,2,1
47976,9,8.814171534205742e-4,2,1
47976,4,0.0022605356110987,2,1
47976,8,0.00128788833992199,2,1
47976,3,5.0539035591819224e-5,2,1
47976,10,8.029738425875974e-4,2,1
47976,12,0.00103644165748392,2,1
48016,7,1.8398558600344264e-4,2,1
48016,2,1.0112598162428552e-5,2,1
48016,13,8.51395010725073e-5,2,1
48016,5,4.322559584964314e-4,2,1
48016,1,0,2,1
48016,19,6.0008832069130175e-5,2,1
48016,17,6.690445386380369e-5,2,1
48016,11,3.304929302054014e-5,2,1
48016,6,2.3241784487902957e-4,2,1
48016,9,9.687258879036064e-5,2,1
48016,4,2.2779511396896064e-4,2,1
48016,8,1.1231276349792804e-4,2,1
48016,3,2.3727246756722642e-7,2,1
48016,10,3.40724402795303e-5,2,1
48016,12,1.1868013504948275e-4,2,1
48317,7,4.278190881655655e-5,2,1
48317,2,2.134881834290472e-5,2,1
48317,13,6.034888164257135e-5,2,1
48317,5,1.154431694922184e-4,2,1
48317,1,0,2,1
48317,19,2.154163202481596e-5,2,1
48317,17,1.3438074066661423e-5,2,1
48317,11,2.5037343197378893e-7,2,1
48317,6,7.726873965715106e-5,2,1
48317,9,9.255342878059932e-7,2,1
48317,4,1.8112149734535095e-4,2,1
48317,8,3.072707680603692e-5,2,1
48317,3,4.7454493513445284e-7,2,1
48317,10,1.732015714209457e-5,2,1
48317,12,0,2,1
48371,7,7.375788104712345e-4,2,1
48371,2,0,2,1
48371,13,1.8154746552225825e-4,2,1
48371,5,0.00142751601063389,2,1
48371,1,0,2,1
48371,19,2.1285184024520532e-4,2,1
48371,17,1.698343828850401e-4,2,1
48371,11,3.790653760083164e-4,2,1
48371,6,6.69730368796151e-4,2,1
48371,9,2.2891548051734897e-4,2,1
48371,4,9.752696010903514e-6,2,1
48371,8,4.4342350494229135e-4,2,1
48371,3,2.3727246756722642e-7,2,1
48371,10,2.5838267211977144e-4,2,1
48371,12,2.321591486426137e-4,2,1
48389,7,2.618346331942259e-5,5,5
48389,2,1.0814861923708311e-4,5,5
48389,13,0,5,5
48389,5,9.53280717776652e-5,5,5
48389,1,1.0669119017791626e-4,5,5
48389,19,5.38540800620399e-6,5,5
48389,17,3.831280691346023e-5,5,5
48389,11,2.5037343197378893e-7,5,5
48389,6,3.914405808488919e-5,5,5
48389,9,2.0053242902463184e-5,5,5
48389,4,1.6405427932626984e-4,5,5
48389,8,1.8012424334573365e-5,5,5
48389,3,1.0107807118363843e-4,5,5
48389,10,3.378850327720088e-5,5,5
48389,12,1.3712047475836654e-5,5,5
48425,7,2.7001696548154544e-4,4,9
48425,2,2.2191534856440433e-5,4,9
48425,13,3.255333864537044e-5,4,9
48425,5,4.4559314285064607e-4,4,9
48425,1,2.8992171243998984e-7,4,9
48425,19,6.565068807562959e-5,4,9
48425,17,1.1036375722832574e-4,4,9
48425,11,6.33444782893686e-5,4,9
48425,6,2.2630158580326564e-4,4,9
48425,9,8.57661773366887e-5,4,9
48425,4,2.7864845745438613e-6,4,9
48425,8,1.8197846349782208e-4,4,9
48425,3,3.535359766751673e-5,4,9
48425,10,8.802047072211995e-5,4,9
48425,12,9.031038165120004e-5,4,9
48428,7,6.312084907360803e-6,6,3
48428,2,4.775393576702372e-6,6,3
48428,13,1.1268463377243614e-5,6,3
48428,5,9.401621757889e-6,6,3
48428,1,5.7114577350678e-5,6,3
48428,19,2.564480002954281e-6,6,3
48428,17,0,6,3
48428,11,0,6,3
48428,6,5.912383773238472e-6,6,3
48428,9,1.1106411453671918e-5,6,3
48428,4,0,6,3
48428,8,8.4764349809757e-6,6,3
48428,3,2.4676336626991543e-5,6,3
48428,10,8.802047072211995e-6,6,3
48428,12,6.6196091262659704e-6,6,3
48464,7,2.9105724850608144e-4,2,1
48464,2,3.904586512715469e-5,2,1
48464,13,1.2770925160876097e-4,2,1
48464,5,8.111631795760044e-4,2,1
48464,1,0,2,1
48464,19,6.411200007385703e-5,2,1
48464,17,9.26369361191128e-5,2,1
48464,11,1.7626289610954738e-4,2,1
48464,6,4.210024997150842e-4,2,1
48464,9,2.097877719026918e-4,2,1
48464,4,5.395330757460551e-4,2,1
48464,8,2.2621485855478903e-4,2,1
48464,3,1.186362337836132e-6,2,1
48464,10,1.33450391094827e-4,2,1
48464,12,2.7234963262351425e-4,2,1
48471,7,2.3378092249484455e-5,5,5
48471,2,3.932677063166659e-5,5,5
48471,13,1.9782413484494343e-5,5,5
48471,5,6.034529314365962e-5,5,5
48471,1,2.1164285008119257e-5,5,5
48471,19,3.231244803722394e-5,5,5
48471,17,1.1722575249640818e-5,5,5
48471,11,2.5037343197378893e-7,5,5
48471,6,4.852232200106056e-5,5,5
48471,9,1.912770861465719e-5,5,5
48471,4,1.285266010008356e-4,5,5
48471,8,3.0991965399192406e-5,5,5
48471,3,4.508176883777302e-5,5,5
48471,10,3.123307025623611e-6,5,5
48471,12,3.6171435582810486e-5,5,5
48498,7,2.0502586902797863e-4,2,1
48498,2,1.331492091386426e-4,2,1
48498,13,2.5616973410933814e-4,2,1
48498,5,5.503228363862002e-4,2,1
48498,1,6.465254187411774e-5,2,1
48498,19,9.693734411167184e-5,2,1
48498,17,7.319461619287925e-5,2,1
48498,11,1.8903194114021065e-4,2,1
48498,6,3.508693956463245e-4,2,1
48498,9,1.5795785178555617e-4,2,1
48498,4,1.8007656562989702e-4,2,1
48498,8,2.2224152965745668e-4,2,1
48498,3,1.4236348054033583e-6,2,1
48498,10,5.877495948218977e-5,2,1
48498,12,8.227228485501992e-5,2,1
48524,7,2.845113826762258e-4,2,1
48524,2,0,2,1
48524,13,1.2520514863604014e-4,2,1
48524,5,7.103690486367758e-4,2,1
48524,1,0,2,1
48524,19,9.821958411314897e-5,2,1
48524,17,1.123651725148498e-4,2,1
48524,11,3.204779929264498e-5,2,1
48524,6,3.396562540074239e-4,2,1
48524,9,7.157465159033014e-5,2,1
48524,4,2.943224331861953e-4,2,1
48524,8,2.431677285167404e-4,2,1
48524,3,7.118174027016793e-7,2,1
48524,10,1.5502960327186285e-4,2,1
48524,12,9.007396703954769e-5,2,1
48539,7,2.337809224948446e-7,6,3
48539,2,4.943936879409514e-5,6,3
48539,13,2.504102972720803e-7,6,3
48539,5,0,6,3
48539,1,2.9282092956438972e-5,6,3
48539,19,2.564480002954281e-7,6,3
48539,17,5.718329390068691e-7,6,3
48539,11,2.5037343197378893e-7,6,3
48539,6,0,6,3
48539,9,9.255342878059932e-7,6,3
48539,4,1.044931715453948e-6,6,3
48539,8,0,6,3
48539,3,1.2931349482413838e-4,6,3
48539,10,5.678740046588384e-7,6,3
48539,12,4.728292233047122e-7,6,3
48546,7,2.545874245968857e-4,2,1
48546,2,0,2,1
48546,13,1.9657208335858303e-4,2,1
48546,5,5.313009505039597e-4,2,1
48546,1,1.1306946785159604e-5,2,1
48546,19,1.1052908812732952e-4,2,1
48546,17,1.0464542783825704e-4,2,1
48546,11,1.7000356031020267e-4,2,1
48546,6,3.8369331935292426e-4,2,1
48546,9,2.2305376336124435e-4,2,1
48546,4,1.1076276183811848e-4,2,1
48546,8,2.754841368817103e-4,2,1
48546,3,4.413267896750411e-5,2,1
48546,10,1.3884519413908598e-4,2,1
48546,12,1.099327944183456e-4,2,1
48590,7,0.00101718079377506,2,1
48590,2,0,2,1
48590,13,4.642606911424369e-4,2,1
48590,5,0.0026278626025132,2,1
48590,1,1.1017025072719611e-5,2,1
48590,19,3.0825049635510457e-4,2,1
48590,17,3.002122929786063e-4,2,1
48590,11,4.719539192705921e-4,2,1
48590,6,0.00140877834045096,2,1
48590,9,3.5478814365896404e-4,2,1
48590,4,0.0011138972086739,2,1
48590,8,9.62605147527053e-4,2,1
48590,3,4.4607223902638565e-5,2,1
48590,10,5.076793601650015e-4,2,1
48590,12,5.839440907813195e-4,2,1
48597,7,2.3798897909975175e-4,5,5
48597,2,0,5,5
48597,13,7.311980680344744e-5,5,5
48597,5,0,5,5
48597,1,1.0437181647839631e-5,5,5
48597,19,3.1799552036633086e-5,5,5
48597,17,4.260155395601175e-5,5,5
48597,11,2.5037343197378893e-7,5,5
48597,6,1.0621903261576704e-4,5,5
48597,9,2.100962833319605e-4,5,5
48597,4,3.4831057181798266e-7,5,5
48597,8,1.904548984787978e-4,5,5
48597,3,0,5,5
48597,10,1.2209291100165025e-4,5,5
48597,12,1.4563140077785135e-4,5,5
48632,7,2.5786035751181356e-4,4,9
48632,2,4.129310916324992e-5,4,9
48632,13,1.2996294428420968e-4,4,9
48632,5,5.64534590206265e-4,4,9
48632,1,1.1886790210039584e-5,4,9
48632,19,1.5592038417962028e-4,4,9
48632,17,9.978484785669866e-5,4,9
48632,11,6.033999710568313e-5,4,9
48632,6,3.3374387023418545e-4,4,9
48632,9,1.4931953176603358e-4,4,9
48632,4,3.8314162899978094e-6,4,9
48632,8,2.0502377110234976e-4,4,9
48632,3,3.820086727832345e-5,4,9
48632,10,1.0647637587353218e-4,4,9
48632,12,1.7754737335091942e-4,4,9
48641,7,1.2928085013964904e-4,5,5
48641,2,1.1404763483183313e-4,5,5
48641,13,4.95812388598719e-5,5,5
48641,5,3.4632950847665524e-4,5,5
48641,1,1.939576256223532e-4,5,5
48641,19,2.5901248029838236e-5,5,5
48641,17,2.887756341984689e-5,5,5
48641,11,5.007468639475779e-7,5,5
48641,6,1.6289636671784616e-4,5,5
48641,9,9.1936405922062e-5,5,5
48641,4,5.538138091905924e-5,5,5
48641,8,1.2078919847890376e-4,5,5
48641,3,2.038170496402475e-4,5,5
48641,10,5.9342833486848606e-5,5,5
48641,12,2.4587119611845033e-5,5,5
48655,7,0.04628277813091685,1,6
48655,2,8.876613942576173e-5,1,6
48655,13,0.03808089554735434,1,6
48655,5,0.01259095795747799,1,6
48655,1,1.1799813696307584e-4,1,6
48655,19,0.02137955688862925,1,6
48655,17,0.02913574599180849,1,6
48655,11,0.04404268967164525,1,6
48655,6,0.04985281222534174,1,6
48655,9,0.04851928396965358,1,6
48655,4,9.000345175776671e-4,1,6
48655,8,0.04778325331931896,1,6
48655,3,8.043536650528975e-5,1,6
48655,10,0.04574651013030437,1,6
48655,12,0.03939873144647679,1,6
48682,7,1.6832226419628808e-5,6,3
48682,2,2.4438778892535663e-5,6,3
48682,13,1.827995170086186e-5,6,3
48682,5,3.017264657182981e-5,6,3
48682,1,7.624941037171733e-5,6,3
48682,19,0,6,3
48682,17,5.718329390068691e-7,6,3
48682,11,0,6,3
48682,6,3.119292128639607e-5,6,3
48682,9,8.329808590253938e-6,6,3
48682,4,4.8415169482699586e-5,6,3
48682,8,2.039642167297278e-5,6,3
48682,3,3.8675412213457905e-5,6,3
48682,10,0,6,3
48682,12,0,6,3
48848,7,2.550549864418754e-4,4,9
48848,2,2.7809644946678516e-5,4,9
48848,13,1.0316904247609708e-4,4,9
48848,5,5.3305008943566e-4,4,9
48848,1,5.798434248799797e-7,4,9
48848,19,6.488134407474331e-5,4,9
48848,17,4.117197160849458e-5,4,9
48848,11,9.163667610240674e-5,4,9
48848,6,2.9093005670383787e-4,4,9
48848,9,1.187769002684358e-4,4,9
48848,4,2.089863430907896e-6,4,9
48848,8,1.8356779505675504e-4,4,9
48848,3,3.914995714859236e-5,4,9
48848,10,1.229447220086385e-4,4,9
48848,12,9.362018621433302e-5,4,9
48930,7,4.144935755833594e-4,2,1
48930,2,8.70807063986903e-6,2,1
48930,13,1.7553761838772828e-4,2,1
48930,5,8.865947960055789e-4,2,1
48930,1,7.71191755090373e-5,2,1
48930,19,1.9772140822777503e-4,2,1
48930,17,1.1979900072193908e-4,2,1
48930,11,2.9744363718486123e-4,2,1
48930,6,6.279359317784308e-4,2,1
48930,9,2.539049062881108e-4,2,1
48930,4,7.391150333977592e-4,2,1
48930,8,3.6210270684355574e-4,2,1
48930,3,1.528034691132938e-4,2,1
48930,10,2.015952716538876e-4,2,1
48930,12,2.4728968378836446e-4,2,1
48949,7,2.4289837847214348e-4,2,1
48949,2,2.2472440360952334e-5,2,1
48949,13,1.1268463377243614e-4,2,1
48949,5,4.2351026383793e-4,2,1
48949,1,3.015185809375894e-5,2,1
48949,19,6.180396807119817e-5,2,1
48949,17,3.2308561053888105e-5,2,1
48949,11,2.1281741717772056e-5,2,1
48949,6,2.8134791748514107e-4,2,1
48949,9,8.113850589765873e-5,2,1
48949,4,2.0550323737260977e-4,2,1
48949,8,1.5734382433436146e-4,2,1
48949,3,1.0321352339174348e-4,2,1
48949,10,7.297180959866072e-5,2,1
48949,12,6.335911592283143e-5,2,1
49026,7,3.8059534182160695e-4,2,1
49026,2,0,2,1
49026,13,1.2520514863604014e-4,2,1
49026,5,7.475382509354067e-4,2,1
49026,1,0,2,1
49026,19,1.3719968015805402e-4,2,1
49026,17,1.5039206295880658e-4,2,1
49026,11,1.3945800160940043e-4,2,1
49026,6,5.783942332647429e-4,2,1
49026,9,2.1040479476122913e-4,2,1
49026,4,4.3434328305702434e-4,2,1
49026,8,3.321702958169853e-4,2,1
49026,3,1.8269980002676433e-5,2,1
49026,10,1.8228755549548712e-4,2,1
49026,12,1.600526920886451e-4,2,1
49086,7,5.610742139876269e-5,8,2
49086,2,3.104005824856542e-4,8,2
49086,13,2.504102972720803e-7,8,2
49086,5,8.417731108807592e-5,8,2
49086,1,2.0033590329603297e-4,8,2
49086,19,1.1540160013294264e-5,8,2
49086,17,2.4016983438288505e-5,8,2
49086,11,2.5037343197378893e-7,8,2
49086,6,7.624936314452374e-5,8,2
49086,9,3.547881436589641e-5,8,2
49086,4,2.068964796598817e-4,8,2
49086,8,6.277859657785129e-5,8,2
49086,3,1.2053441352415102e-4,8,2
49086,10,1.4764724121129796e-5,8,2
49086,12,1.891316893218849e-5,8,2
49183,7,2.078312400979168e-4,9,18
49183,2,0,9,18
49183,13,1.7553761838772828e-4,9,18
49183,5,2.7308431571170606e-4,9,18
49183,1,0,9,18
49183,19,8.12940160936507e-5,9,18
49183,17,2.373106696878507e-5,9,18
49183,11,1.4696920456861408e-4,9,18
49183,6,1.8471102408807087e-4,9,18
49183,9,9.440449735621132e-5,9,18
49183,4,1.4977354588173255e-4,9,18
49183,8,1.6793936806058107e-4,9,18
49183,3,2.0879977145915923e-5,9,18
49183,10,1.2550015502960326e-4,9,18
49183,12,6.288628669952672e-5,9,18
49302,7,1.075392243476285e-5,6,3
49302,2,1.741614127973806e-5,6,3
49302,13,7.76271921543449e-6,6,3
49302,5,2.5799799242579113e-5,6,3
49302,1,1.1046017243963612e-4,6,3
49302,19,6.66764800768113e-6,6,3
49302,17,0,6,3
49302,11,2.278398230961479e-5,6,3
49302,6,1.2232518151527871e-5,6,3
49302,9,1.4808548604895893e-5,6,3
49302,4,1.323580172908334e-4,6,3
49302,8,3.893862319385713e-5,6,3
49302,3,0,6,3
49302,10,1.732015714209457e-5,6,3
49302,12,2.7187680340020952e-5,6,3
49426,7,1.454117337917933e-4,2,1
49426,2,2.6124211919607092e-5,2,1
49426,13,1.5550479460596186e-4,2,1
49426,5,4.453745004841835e-4,2,1
49426,1,1.258260231989556e-4,2,1
49426,19,2.9876192034417374e-4,2,1
49426,17,2.001415286524042e-4,2,1
49426,11,8.863219491872127e-5,2,1
49426,6,2.4301936061035372e-4,2,1
49426,9,3.702137151223973e-5,2,1
49426,4,9.82235812526711e-5,2,1
49426,8,9.032701026602232e-5,2,1
49426,3,2.3727246756722642e-7,2,1
49426,10,8.944015573376704e-5,2,1
49426,12,1.4988686378759376e-4,2,1
49469,7,1.673871405063087e-4,2,1
49469,2,1.0309232015586884e-4,2,1
49469,13,8.088252601888194e-5,2,1
49469,5,4.224170520056174e-4,2,1
49469,1,1.8381036568695355e-4,2,1
49469,19,6.411200007385703e-5,2,1
49469,17,1.4581739944675165e-5,2,1
49469,11,4.782132550699368e-5,2,1
49469,6,2.4118448288762455e-4,2,1
49469,9,9.378747449767398e-5,2,1
49469,4,5.224658577269739e-4,2,1
49469,8,1.4674828060814182e-4,2,1
49469,3,1.931397885997223e-4,2,1
49469,10,3.492425128651856e-5,2,1
49469,12,4.184538626246703e-5,2,1
49563,7,6.405597276358741e-5,2,1
49563,2,2.3034251369976144e-5,2,1
49563,13,5.08332903462323e-5,2,1
49563,5,1.1019575269711758e-4,2,1
49563,1,0,2,1
49563,19,1.2565952014475976e-5,2,1
49563,17,3.573955868792932e-5,2,1
49563,11,1.377053875855839e-5,2,1
49563,6,6.829822634603063e-5,2,1
49563,9,2.2521334336612503e-5,2,1
49563,4,2.159525545271493e-5,2,1
49563,8,3.0197299619725937e-5,2,1
49563,3,2.3727246756722642e-7,2,1
49563,10,3.662787330049507e-5,2,1
49563,12,7.801682184527751e-6,2,1
49610,7,2.718872128615042e-4,2,1
49610,2,1.278120045529164e-4,2,1
49610,13,6.135052283165968e-5,2,1
49610,5,5.262721760753215e-4,2,1
49610,1,1.2089735408747576e-4,2,1
49610,19,1.0642592012260266e-4,2,1
49610,17,4.202972101700488e-5,2,1
49610,11,1.2618820971478962e-4,2,1
49610,6,3.810429404200932e-4,2,1
49610,9,1.2247903741965976e-4,2,1
49610,4,6.321836878496385e-4,2,1
49610,8,2.4449217148251787e-4,2,1
49610,3,1.4710892989168038e-4,2,1
49610,10,1.2663590303892095e-4,2,1
49610,12,3.66442648061152e-5,2,1
49727,7,2.6370488057418466e-4,2,1
49727,2,3.7641337604595166e-5,2,1
49727,13,5.9597650750755114e-5,2,1
49727,5,4.302881771982686e-4,2,1
49727,1,2.4933267269839124e-5,2,1
49727,19,5.923948806824389e-5,2,1
49727,17,1.1436658780137382e-5,2,1
49727,11,6.710007976897543e-5,2,1
49727,6,2.9867731819980555e-4,2,1
49727,9,1.110641145367192e-4,2,1
49727,4,3.716473801297874e-4,2,1
49727,8,1.6714470228111462e-4,2,1
49727,3,9.490898702689056e-7,2,1
49727,10,7.581117962195492e-5,2,1
49727,12,1.00239795340599e-4,2,1
49738,7,3.062530084682464e-5,2,1
49738,2,2.809055045119042e-7,2,1
49738,13,2.604267091629635e-5,2,1
49738,5,4.307254619311937e-5,2,1
49738,1,0,2,1
49738,19,0,2,1
49738,17,2.8591646950343457e-7,2,1
49738,11,0,2,1
49738,6,3.894018278236373e-5,2,1
49738,9,1.0180877165865924e-5,2,1
49738,4,3.4831057181798266e-7,2,1
49738,8,2.5164416349771613e-5,2,1
49738,3,2.3727246756722642e-7,2,1
49738,10,2.3566771193341792e-5,2,1
49738,12,1.4894120534098434e-5,2,1
49777,7,1.7767350109608186e-5,2,1
49777,2,6.404645502871416e-5,2,1
49777,13,0,2,1
49777,5,5.159959848515823e-5,2,1
49777,1,5.537504707603806e-5,2,1
49777,19,2.3080320026588528e-5,2,1
49777,17,0,2,1
49777,11,4.2313110003570326e-5,2,1
49777,6,2.426116100053028e-5,2,1
49777,9,3.085114292686644e-7,2,1
49777,4,1.3932422872719305e-4,2,1
49777,8,1.589331558932944e-5,2,1
49777,3,2.3727246756722642e-7,2,1
49777,10,0,2,1
49777,12,8.038096796180107e-6,2,1
49796,7,0.02671180820426093,1,6
49796,2,2.809055045119042e-7,1,6
49796,13,0.02717152053639888,1,6
49796,5,0.01146844804805934,1,6
49796,1,2.8992171243998984e-7,1,6
49796,19,0.02702192579112925,1,6
49796,17,0.02819022022716063,1,6
49796,11,0.028209574580486792,1,6
49796,6,0.02873948589580463,1,6
49796,9,0.02835343439550733,1,6
49796,4,7.443396919750289e-4,1,6
49796,8,0.02910172039843482,1,6
49796,3,7.355446494584019e-6,1,6
49796,10,0.03010470460897899,1,6
49796,12,0.02660279059079302,1,6
50033,7,1.2741060275969028e-4,2,1
50033,2,2.865236146021423e-5,2,1
50033,13,2.328815764630347e-5,2,1
50033,5,2.481590859349771e-4,2,1
50033,1,6.900136756071758e-5,2,1
50033,19,2.769638403190623e-5,2,1
50033,17,3.345222693190184e-5,2,1
50033,11,3.855750852396349e-5,2,1
50033,6,1.3190732073397555e-4,2,1
50033,9,2.4989425770761815e-5,2,1
50033,4,8.986412752903953e-5,2,1
50033,8,6.410303954362874e-5,2,1
50033,3,8.35199085836637e-5,2,1
50033,10,5.02568494123072e-5,2,1
50033,12,4.8464995388733e-5,2,1
50092,7,7.92517327257523e-5,2,1
50092,2,2.7528739442166617e-5,2,1
50092,13,2.554185032175219e-5,2,1
50092,5,1.561106496542499e-4,2,1
50092,1,2.4643345557399136e-5,2,1
50092,19,2.3849664027474813e-5,2,1
50092,17,5.6611460961680045e-5,2,1
50092,11,1.5022405918427334e-5,2,1
50092,6,1.0336477838041052e-4,2,1
50092,9,4.134053152200103e-5,2,1
50092,4,2.0794141137533563e-4,2,1
50092,8,9.37705619770437e-5,2,1
50092,3,3.914995714859236e-5,2,1
50092,10,3.123307025623611e-5,2,1
50092,12,8.770982092302411e-5,2,1
50145,7,1.694911688087623e-4,2,1
50145,2,6.68555100738332e-5,2,1
50145,13,1.1644078823151736e-4,2,1
50145,5,5.273653879076341e-4,2,1
50145,1,1.5655772471759452e-5,2,1
50145,19,3.615916804165536e-5,2,1
50145,17,5.0321298632604487e-5,2,1
50145,11,1.2593783628281582e-4,2,1
50145,6,2.432232359128792e-4,2,1
50145,9,4.658522581956832e-5,2,1
50145,4,2.291883562562326e-4,2,1
50145,8,1.7959446615942268e-4,2,1
50145,3,2.9896330913470528e-5,2,1
50145,10,1.1073543090847348e-4,2,1
50145,12,7.116079810735919e-5,2,1
50278,7,6.639378198853585e-4,2,1
50278,2,0,2,1
50278,13,3.317936438855064e-4,2,1
50278,5,0.00223889783257635,2,1
50278,1,0,2,1
50278,19,1.8284742421064023e-4,2,1
50278,17,1.852738722382256e-4,2,1
50278,11,4.033515989097739e-4,2,1
50278,6,9.714658165338384e-4,2,1
50278,9,4.436394352883394e-4,2,1
50278,4,5.910830403751165e-4,2,1
50278,8,6.879156764248093e-4,2,1
50278,3,2.1354522081050376e-6,2,1
50278,10,4.5429920372707066e-4,2,1
50278,12,4.04978229760486e-4,2,1
50299,7,2.501455870694837e-5,6,3
50299,2,2.530958595652257e-4,6,3
50299,13,2.1785695862670985e-5,6,3
50299,5,6.799777596984835e-5,6,3
50299,1,1.9830645130895303e-4,6,3
50299,19,0,6,3
50299,17,2.5732482255309112e-5,6,3
50299,11,5.007468639475779e-7,6,3
50299,6,1.9572029042444595e-5,6,3
50299,9,1.5117060034164556e-5,6,3
50299,4,5.363982805996933e-5,6,3
50299,8,1.642309277564042e-5,6,3
50299,3,1.5731164599707112e-4,6,3
50299,10,0,6,3
50299,12,0,6,3
50304,7,0.00115978715649692,6,3
50304,2,0.00212448833062353,6,3
50304,13,4.1092329782348375e-4,6,3
50304,5,0.0026051237964011,6,3
50304,1,0.00224196460229844,6,3
50304,19,3.323566083828748e-4,6,3
50304,17,2.773389754183315e-4,6,3
50304,11,5.733551592199766e-4,6,3
50304,6,0.00110908164573852,6,3
50304,9,7.290125073618539e-4,6,3
50304,4,0.00230337781143231,6,3
50304,8,9.522744923939888e-4,6,3
50304,3,0.0027155833913069,6,3
50304,10,3.9353668522857494e-4,6,3
50304,12,3.633692581096714e-4,6,3
50389,7,2.0338940257051476e-5,6,3
50389,2,3.997285329204397e-4,6,3
50389,13,0,6,3
50389,5,3.520142100046811e-5,6,3
50389,1,3.447169160911479e-4,6,3
50389,19,7.180544008271987e-6,6,3
50389,17,1.5725405822688902e-5,6,3
50389,11,0,6,3
50389,6,1.569839829446077e-5,6,3
50389,9,1.6968128609776543e-5,6,3
50389,4,3.0128864462255497e-4,6,3
50389,8,2.9402633840259464e-5,6,3
50389,3,6.629392743828306e-4,6,3
50389,10,1.050566908618851e-5,6,3
50389,12,2.387787577688797e-5,6,3
50404,7,3.5067138374226684e-5,6,3
50404,2,1.8427401095980916e-4,6,3
50404,13,3.8813596077172446e-5,6,3
50404,5,1.6398177484690116e-4,6,3
50404,1,3.855958775451865e-5,6,3
50404,19,1.1796608013589692e-5,6,3
50404,17,0,6,3
50404,11,1.1016431006846711e-5,6,3
50404,6,9.052063432130624e-5,6,3
50404,9,1.758515146831387e-5,6,3
50404,4,8.672933238267769e-5,6,3
50404,8,1.960175589350631e-5,6,3
50404,3,1.0534897559984852e-4,6,3
50404,10,5.366409344026022e-5,6,3
50404,12,1.583977898070786e-5,6,3
50468,7,0.00222910109598834,2,1
50468,2,3.6517715586547546e-5,2,1
50468,13,8.248515192142325e-4,2,1
50468,5,0.00436541348879097,2,1
50468,1,4.3198335153558486e-5,2,1
50468,19,4.6134995253147514e-4,2,1
50468,17,3.877027326466573e-4,2,1
50468,11,7.063034515980585e-4,2,1
50468,6,0.00294028961302224,2,1
50468,9,9.341726078255158e-4,2,1
50468,4,0.00229710822113959,2,1
50468,8,0.00179382555284898,2,1
50468,3,1.1887350625118043e-4,2,1
50468,10,9.949152561622848e-4,2,1
50468,12,7.89388388307217e-4,2,1
50496,7,4.329622684604521e-4,2,1
50496,2,0,2,1
50496,13,2.0132987900675257e-4,2,1
50496,5,0.00106216461627499,2,1
50496,1,0,2,1
50496,19,7.539571208685586e-5,2,1
50496,17,6.232979035174873e-5,2,1
50496,11,3.067074541678914e-4,2,1
50496,6,5.361920456419718e-4,2,1
50496,9,2.2212822907343837e-4,2,1
50496,4,4.4514091078338183e-4,2,1
50496,8,3.4091161939111647e-4,2,1
50496,3,4.555631377290747e-5,2,1
50496,10,3.747968430748333e-4,2,1
50496,12,1.647809843216922e-4,2,1
50639,7,7.80594500210286e-4,2,1
50639,2,2.809055045119042e-7,2,1
50639,13,1.7253269482046333e-4,2,1
50639,5,0.0023191395810681,2,1
50639,1,0,2,1
50639,19,2.3259833626795327e-4,2,1
50639,17,2.241585120906927e-4,2,1
50639,11,2.0655808137837585e-4,2,1
50639,6,0.00105036555861119,2,1
50639,9,6.210335071178215e-4,2,1
50639,4,0.00118321101246568,2,1
50639,8,6.023566608355858e-4,2,1
50639,3,3.7963594810756223e-6,2,1
50639,10,1.9903983863292285e-4,2,1
50639,12,3.4705664990565874e-4,2,1
50711,7,6.0081697081175046e-5,2,1
50711,2,2.809055045119042e-7,2,1
50711,13,0,2,1
50711,5,1.4255482293357274e-4,2,1
50711,1,0,2,1
50711,19,1.1283712012998837e-5,2,1
50711,17,7.433828207089299e-6,2,1
50711,11,0,2,1
50711,6,6.911372755613247e-5,2,1
50711,9,3.578732579516507e-5,2,1
50711,4,6.82688720763246e-5,2,1
50711,8,5.721593612158598e-5,2,1
50711,3,4.7454493513445284e-7,2,1
50711,10,3.0097322246918433e-5,2,1
50711,12,2.6951265728368597e-5,2,1
50796,7,1.636466457463912e-5,5,5
50796,2,2.865236146021423e-5,5,5
50796,13,3.0550056267193796e-5,5,5
50796,5,5.116231375223316e-5,5,5
50796,1,2.1164285008119257e-5,5,5
50796,19,8.462784009749127e-6,5,5
50796,17,1.8298654048219813e-5,5,5
50796,11,2.5037343197378893e-7,5,5
50796,6,3.058129537881968e-5,5,5
50796,9,0,5,5
50796,4,6.966211436359653e-7,5,5
50796,8,1.5098649809862969e-05,5,5
50796,3,0,5,5
50796,10,1.732015714209457e-5,5,5
50796,12,1.5603364369055503e-5,5,5
50850,7,1.5943858914148397e-4,2,1
50850,2,0,2,1
50850,13,7.712637155980073e-5,2,1
50850,5,4.926012516400911e-4,2,1
50850,1,2.638287583203907e-5,2,1
50850,19,5.616211206469875e-5,2,1
50850,17,8.491719144252007e-5,2,1
50850,11,5.933850337778797e-5,2,1
50850,6,2.379224780472171e-4,2,1
50850,9,5.275545440494161e-5,2,1
50850,4,4.8554493711426783e-4,2,1
50850,8,1.501918323191632e-4,2,1
50850,3,7.118174027016793e-7,2,1
50850,10,5.0824723416966033e-5,2,1
50850,12,1.4208518160306602e-4,2,1
50901,7,1.4564551471428816e-4,2,1
50901,2,0,2,1
50901,13,1.883085435486044e-4,2,1
50901,5,4.764217165218635e-4,2,1
50901,1,0,2,1
50901,19,1.0334854411905752e-4,2,1
50901,17,1.3695398889214516e-4,2,1
50901,11,1.9303791605179124e-4,2,1
50901,6,2.2059307733255263e-4,2,1
50901,9,1.2247903741965976e-4,2,1
50901,4,4.7126420366973054e-4,2,1
50901,8,1.1946475551312628e-4,2,1
50901,3,9.490898702689056e-7,2,1
50901,10,5.3380156437930807e-5,2,1
50901,12,9.740282000077072e-5,2,1
50913,7,1.5616565622655616e-4,5,5
50913,2,5.618110090238084e-7,5,5
50913,13,9.54063232606626e-5,5,5
50913,5,1.9699677218274392e-4,5,5
50913,1,4.377817857843846e-5,5,5
50913,19,7.052320008124273e-5,5,5
50913,17,4.1743804547501446e-5,5,5
50913,11,5.007468639475779e-7,5,5
50913,6,1.3149957012892463e-4,5,5
50913,9,8.175552875619606e-5,5,5
50913,4,1.7415528590899132e-6,5,5
50913,8,9.853855665384252e-5,5,5
50913,3,2.942178597833607e-5,5,5
50913,10,9.313133676404948e-5,5,5
50913,12,9.456584466094245e-6,5,5
50958,7,0.00279485092842586,2,1
50958,2,8.427165135357126e-6,2,1
50958,13,0.00131415324008387,2,1
50958,5,0.00438837093726953,2,1
50958,1,0,2,1
50958,19,9.411641610842212e-4,2,1
50958,17,7.199376702096482e-4,2,1
50958,11,0.00107009604825597,2,1
50958,6,0.00321144376538111,2,1
50958,9,0.00149196127194326,2,1
50958,4,0.00223580556049963,2,1
50958,8,0.00225261259619429,2,1
50958,3,2.9896330913470528e-5,2,1
50958,10,0.00138901981539551,2,1
50958,12,0.00118680135049482,2,1
51006,7,1.5195759962164897e-5,11,11
51006,2,6.531052979901773e-4,11,11
51006,13,0,11,11
51006,5,5.8596154211959343e-5,11,11
51006,1,5.308466554776214e-4,11,11
51006,19,0,11,11
51006,17,1.7154988170206075e-5,11,11
51006,11,2.5037343197378893e-7,11,11
51006,6,2.9358043563666898e-5,11,11
51006,9,3.085114292686644e-7,11,11
51006,4,4.082199901706757e-4,11,11
51006,8,2.1191087452439253e-5,11,11
51006,3,5.371848665722006e-4,11,11
51006,10,1.1357480093176766e-5,11,11
51006,12,0,11,11
51010,7,4.278190881655655e-5,1,6
51010,2,2.331515687448805e-5,1,6
51010,13,4.357139172534197e-5,1,6
51010,5,3.192178550353009e-5,1,6
51010,1,3.624021405499873e-5,1,6
51010,19,1.831038722109357e-4,1,6
51010,17,1.812710416651775e-4,1,6
51010,11,1.4496621711282377e-4,1,6
51010,6,2.833866705103957e-5,1,6
51010,9,7.4042743024479455e-6,1,6
51010,4,0,1,6
51010,8,2.463463916346063e-5,1,6
51010,3,2.3727246756722642e-7,1,6
51010,10,1.2521621802727385e-4,1,6
51010,12,1.5225100990411732e-4,1,6
51085,7,5.376961217381424e-4,2,1
51085,2,0,2,1
51085,13,2.6593573570294927e-4,2,1
51085,5,0.00124101407204134,2,1
51085,1,0,2,1
51085,19,2.782460803205395e-4,2,1
51085,17,1.2723282892902838e-4,2,1
51085,11,1.8903194114021065e-4,2,1
51085,6,7.394557222598599e-4,2,1
51085,9,3.893414237370545e-4,2,1
51085,4,6.283522715596407e-4,2,1
51085,8,4.7759413345934966e-4,2,1
51085,3,1.186362337836132e-6,2,1
51085,10,3.2084881263224366e-4,2,1
51085,12,2.543821221379352e-4,2,1
51093,7,1.2577413630222636e-4,2,1
51093,2,0,2,1
51093,13,1.374752532023721e-4,2,1
51093,5,3.677564603899836e-4,2,1
51093,1,0,2,1
51093,19,7.6677952088333e-5,2,1
51093,17,6.747628680281056e-5,2,1
51093,11,2.1031368285798267e-5,2,1
51093,6,1.3109181952387369e-4,2,1
51093,9,1.1198964882452518e-4,2,1
51093,4,2.1804241795805713e-4,2,1
51093,8,1.6423092775640422e-4,2,1
51093,3,7.118174027016793e-7,2,1
51093,10,1.6951039039066323e-4,2,1
51093,12,1.0969637980669325e-4,2,1
51245,7,0.00261437205625984,2,1
51245,2,0,2,1
51245,13,0.0015668172300314,2,1
51245,5,0.00651882215608047,2,1
51245,1,0,2,1
51245,19,9.837345291332622e-4,2,1
51245,17,7.945618687500447e-4,2,1
51245,11,7.81665854622169e-4,2,1
51245,6,0.00353417836927892,2,1
51245,9,0.00135498219734797,2,1
51245,4,0.00311424482262458,2,1
51245,8,0.0020555354828866,2,1
51245,3,2.9184513510768847e-5,2,1
51245,10,0.00145205382991264,2,1
51245,12,0.00134496272569025,2,1
51263,7,4.37637886910349e-4,2,1
51263,2,0,2,1
51263,13,5.008205945441606e-5,2,1
51263,5,9.196097933414216e-4,2,1
51263,1,0,2,1
51263,19,1.3078848015066834e-4,2,1
51263,17,8.892002201556816e-5,2,1
51263,11,2.4261185558260143e-4,2,1
51263,6,4.8726197303586023e-4,2,1
51263,9,1.7616002611240737e-4,2,1
51263,4,4.876348005451757e-6,2,1
51263,8,3.2236941787023215e-4,2,1
51263,3,4.7454493513445284e-7,2,1
51263,10,1.0732818688052044e-4,2,1
51263,12,1.5579722907890266e-4,2,1
51417,7,1.3793074427195828e-4,6,3
51417,2,2.0281377425759484e-4,6,3
51417,13,9.014770701794892e-5,6,3
51417,5,2.4553537753742663e-4,6,3
51417,1,1.817809136998736e-4,6,3
51417,19,2.769638403190623e-5,6,3
51417,17,3.6883224565943056e-5,6,3
51417,11,3.730564136409455e-5,6,3
51417,6,1.6371186792794802e-4,6,3
51417,9,1.4222376889285428e-4,6,3
51417,4,2.333680831180484e-4,6,3
51417,8,9.986299961961998e-5,6,3
51417,3,2.4747518367261714e-4,6,3
51417,10,5.0824723416966033e-5,6,3
51417,12,1.820392509723142e-5,6,3
51460,7,1.0777300527012334e-4,2,1
51460,2,5.618110090238084e-7,2,1
51460,13,3.580867250990748e-5,2,1
51460,5,2.507827943325275e-4,2,1
51460,1,0,2,1
51460,19,2.3593216027179383e-5,2,1
51460,17,4.2315637486508315e-5,2,1
51460,11,2.6539583789221623e-5,2,1
51460,6,9.94911476324267e-5,2,1
51460,9,4.9670340112254966e-5,2,1
51460,4,1.950539202180703e-5,2,1
51460,8,9.588967072228762e-5,2,1
51460,3,2.3727246756722642e-7,2,1
51460,10,5.6219526461224995e-5,2,1
51460,12,3.569860635950577e-5,2,1
51552,7,5.096424110387611e-4,4,9
51552,2,3.8484054118130875e-5,4,9
51552,13,1.0642437634063414e-4,4,9
51552,5,8.417731108807592e-4,4,9
51552,1,4.406810029087845e-5,4,9
51552,19,1.707943681967551e-4,4,9
51552,17,1.4696106532476538e-4,4,9
51552,11,2.3334803859957127e-4,4,9
51552,6,4.430210323878344e-4,4,9
51552,9,2.566815091515288e-4,4,9
51552,4,6.269590292723688e-6,4,9
51552,8,3.5601026920097946e-4,4,9
51552,3,8.945172027284436e-5,4,9
51552,10,2.2289054682859405e-4,4,9
51552,12,2.2743085640956656e-4,4,9
51562,7,1.491522285517108e-4,6,3
51562,2,0,6,3
51562,13,1.1118217198880366e-4,6,3
51562,5,3.767207974149476e-4,6,3
51562,1,0,6,3
51562,19,2.9491520033974232e-5,6,3
51562,17,2.6018398724812547e-5,6,3
51562,11,8.262323255135034e-5,6,3
51562,6,2.0102104829010804e-4,6,3
51562,9,7.373423159521079e-5,6,3
51562,4,2.4555895313167775e-4,6,3
51562,8,9.37705619770437e-5,6,3
51562,3,0,6,3
51562,10,1.5048661123459216e-5,6,3
51562,12,4.066331320420525e-5,6,3
51650,7,2.1016904932286525e-4,2,1
51650,2,1.3483464216571402e-5,2,1
51650,13,5.9597650750755114e-5,2,1
51650,5,4.777335707206387e-4,2,1
51650,1,8.987573085639685e-5,2,1
51650,19,5.7444352066175896e-5,2,1
51650,17,6.719037033330712e-5,2,1
51650,11,8.562771373503581e-5,2,1
51650,6,2.0448692843304093e-4,2,1
51650,9,1.403727003172423e-4,2,1
51650,4,6.966211436359653e-5,2,1
51650,8,2.095268771859931e-4,2,1
51650,3,1.150771467701048e-4,2,1
51650,10,1.8541086252111072e-4,2,1
51650,12,1.4468574233124194e-4,2,1
51673,7,2.6417244241917433e-5,10,7
51673,2,3.707952659557136e-5,10,7
51673,13,0,10,7
51673,5,3.170314313706756e-5,10,7
51673,1,2.174412843299924e-5,10,7
51673,19,1.9746496022747965e-5,10,7
51673,17,1.2294408188647687e-5,10,7
51673,11,0,10,7
51673,6,2.7727041143463176e-5,10,7
51673,9,1.3574502887821232e-5,10,7
51673,4,3.4831057181798266e-7,10,7
51673,8,1.6158204182484932e-5,10,7
51673,3,9.134990001338216e-5,10,7
51673,10,2.839370023294192e-7,10,7
51673,12,9.456584466094245e-6,10,7
51721,7,2.2139053360261e-4,2,1
51721,2,1.4747538986874972e-4,2,1
51721,13,1.7002859184774252e-4,2,1
51721,5,5.39172075696611e-4,2,1
51721,1,9.68338519549566e-5,2,1
51721,19,1.4207219216366717e-4,2,1
51721,17,1.5696814175738557e-4,2,1
51721,11,1.2894231746650127e-4,2,1
51721,6,3.01939323040213e-4,2,1
51721,9,1.0211728308792792e-4,2,1
51721,4,4.002088470188621e-4,2,1
51721,8,1.727073627373799e-4,2,1
51721,3,1.2694077014846613e-4,2,1
51721,10,1.2067322599000316e-4,2,1
51721,12,1.5106893684585556e-4,2,1
51726,7,7.247208597340181e-5,2,1
51726,2,5.33720458572618e-5,2,1
51726,13,1.4022976647236497e-5,2,1
51726,5,2.0792889050587067e-4,2,1
51726,1,4.145880487891855e-5,2,1
51726,19,0,2,1
51726,17,1.8584570517723247e-5,2,1
51726,11,1.8026887102112803e-5,2,1
51726,6,6.3201343782894e-5,2,1
51726,9,2.591496005856781e-5,2,1
51726,4,2.4381740027258786e-6,2,1
51726,8,4.55608380227444e-5,2,1
51726,3,2.3727246756722642e-7,2,1
51726,10,0,2,1
51726,12,3.404370407793928e-5,2,1
51797,7,1.049676342001852e-4,11,11
51797,2,1.4522814583265448e-4,11,11
51797,13,4.933082856259982e-5,11,11
51797,5,1.862832962260797e-4,11,11
51797,1,1.542383510180746e-4,11,11
51797,19,4.1031680047268495e-6,11,11
51797,17,1.0864825841130511e-5,11,11
51797,11,3.655452106817318e-5,11,11
51797,6,1.2558718635568615e-4,11,11
51797,9,3.085114292686644e-7,11,11
51797,4,7.62800152281382e-5,11,11
51797,8,6.622214828887267e-5,11,11
51797,3,2.7808333198878937e-4,11,11
51797,10,1.1357480093176766e-5,11,11
51797,12,2.836975339828273e-5,11,11
51858,7,4.5119718041505e-5,2,1
51858,2,2.809055045119042e-7,2,1
51858,13,2.504102972720803e-7,2,1
51858,5,9.182979391426464e-5,2,1
51858,1,0,2,1
51858,19,4.6160640053177055e-6,2,1
51858,17,3.7169141035446498e-6,2,1
51858,11,3.5803400772251814e-5,2,1
51858,6,6.0958715455113897e-05,2,1
51858,9,2.2212822907343836e-5,2,1
51858,4,1.8808770878171063e-4,2,1
51858,8,2.410486197714965e-5,2,1
51858,3,0,2,1
51858,10,2.839370023294192e-7,2,1
51858,12,2.624202189341153e-5,2,1
51906,7,1.7603703463861794e-4,11,11
51906,2,1.191039339130474e-4,11,11
51906,13,3.7811954888084125e-5,11,11
51906,5,2.8008087143850717e-4,11,11
51906,1,1.13649311276476e-4,11,11
51906,19,5.56492160641079e-5,11,11
51906,17,4.488888571203923e-5,11,11
51906,11,9.614339787793494e-5,11,11
51906,6,1.889924054411056e-4,11,11
51906,9,2.4989425770761815e-5,11,11
51906,4,2.9606398604528525e-5,11,11
51906,8,1.2555719315570258e-4,11,11
51906,3,1.186362337836132e-4,11,11
51906,10,5.5367715454236735e-5,11,11
51906,12,6.430477436944086e-5,11,11
51916,7,4.675618449896891e-6,6,3
51916,2,4.0169487145202304e-5,6,3
51916,13,0,6,3
51916,5,1.1588045422514349e-5,6,3
51916,1,2.2613893570319208e-5,6,3
51916,19,0,6,3
51916,17,1.4295823475171728e-5,6,3
51916,11,2.4286222901457523e-5,6,3
51916,6,2.2834033882852028e-5,6,3
51916,9,0,6,3
51916,4,1.0623472440448472e-4,6,3
51916,8,0,6,3
51916,3,3.796359481075623e-5,6,3
51916,10,2.839370023294192e-7,6,3
51916,12,1.583977898070786e-5,6,3
52047,7,1.239038889222676e-4,6,3
52047,2,0.00159498145461859,6,3
52047,13,3.330456953718668e-5,6,3
52047,5,4.460304275835711e-5,6,3
52047,1,0.00175924495108585,6,3
52047,19,2.718348803131538e-5,6,3
52047,17,0,6,3
52047,11,3.3299666452513924e-5,6,3
52047,6,8.929738250615347e-5,6,3
52047,9,8.329808590253938e-5,6,3
52047,4,0.0010344823982994,6,3
52047,8,8.264524106451308e-5,6,3
52047,3,0.00158925098776528,6,3
52047,10,4.798535339367184e-5,6,3
52047,12,7.37613588355351e-5,6,3
52122,7,1.648155503588654e-4,12,19
52122,2,1.3595826418376163e-4,12,19
52122,13,2.504102972720803e-7,12,19
52122,5,1.9962048058029433e-4,12,19
52122,1,6.639207214875767e-5,12,19
52122,19,3.3081792038110225e-5,12,19
52122,17,3.831280691346023e-5,12,19
52122,11,8.78810746227999e-5,12,19
52122,6,8.644312827079696e-5,12,19
52122,9,8.514915447815137e-5,12,19
52122,4,3.134795146361844e-6,12,19
52122,8,7.999635513295818e-5,12,19
52122,3,1.1626350910794094e-4,12,19
52122,10,2.129527517470644e-5,12,19
52122,12,2.0804485825407335e-5,12,19
52234,7,8.743406501307186e-5,2,1
52234,2,0,2,1
52234,13,4.657631529260694e-5,2,1
52234,5,2.7046060731415565e-4,2,1
52234,1,0,2,1
52234,19,4.590419205288163e-5,2,1
52234,17,2.944939635885376e-5,2,1
52234,11,1.5022405918427334e-6,2,1
52234,6,1.184515507672949e-4,2,1
52234,9,5.182992011713562e-5,2,1
52234,4,2.145593122398773e-4,2,1
52234,8,8.5294126996068e-5,2,1
52234,3,7.118174027016793e-7,2,1
52234,10,3.350456627487146e-5,2,1
52234,12,1.583977898070786e-5,2,1
52240,7,1.3769696334946344e-4,5,5
52240,2,0,5,5
52240,13,8.01312951270657e-5,5,5
52240,5,2.816113680037449e-4,5,5
52240,1,0,5,5
52240,19,2.3849664027474813e-5,5,5
52240,17,1.744090463970951e-5,5,5
52240,11,1.2518671598689444e-6,5,5
52240,6,1.1906317667487127e-4,5,5
52240,9,5.244694297567295e-5,5,5
52240,4,3.134795146361844e-6,5,5
52240,8,1.0304166273748588e-4,5,5
52240,3,0,5,5
52240,10,7.723086463360201e-5,5,5
52240,12,4.0899727815857606e-5,5,5
52309,7,4.5002827580257576e-4,1,6
52309,2,2.1629723847416623e-5,1,6
52309,13,0.00108978561372809,1,6
52309,5,3.060993130475488e-6,1,6
52309,1,0,1,6
52309,19,0.00152099308975218,1,6
52309,17,8.628959049613655e-4,1,6
52309,11,7.143154014212197e-4,1,6
52309,6,1.718668800289666e-4,1,6
52309,9,4.967034011225497e-4,1,6
52309,4,3.4831057181798266e-7,1,6
52309,8,4.2805996653927294e-4,1,6
52309,3,4.318358909723521e-5,1,6
52309,10,5.051239271440367e-4,1,6
52309,12,0.0014305448151084,1,6
52314,7,1.6925738788626745e-4,2,1
52314,2,0,2,1
52314,13,1.3547197082419544e-4,2,1
52314,5,4.239475485708551e-4,2,1
52314,1,0,2,1
52314,19,1.0360499211935296e-4,2,1
52314,17,6.004245859572126e-5,2,1
52314,11,1.6073974332717249e-4,2,1
52314,6,2.2283570566033272e-4,2,1
52314,9,6.725549158056885e-5,2,1
52314,4,3.3159166437071947e-4,2,1
52314,8,1.0542566007588528e-4,2,1
52314,3,1.4236348054033583e-6,2,1
52314,10,1.184017299713678e-4,2,1
52314,12,8.770982092302411e-5,2,1
52396,7,8.981863042251927e-4,2,1
52396,2,4.800675072108443e-4,2,1
52396,13,2.9348086840287813e-4,2,1
52396,5,0.00218773551882412,2,1
52396,1,4.621352096293438e-4,2,1
52396,19,2.795283203220166e-4,2,1
52396,17,2.627572354736564e-4,2,1
52396,11,5.08758813770739e-4,2,1
52396,6,0.00106198645085514,2,1
52396,9,4.892991268201017e-4,2,1
52396,4,0.00146673581792552,2,1
52396,8,7.562569334589259e-4,2,1
52396,3,7.270028406259817e-4,2,1
52396,10,4.861001479879656e-4,2,1
52396,12,4.047418151488337e-4,2,1
52419,7,3.483335745173184e-5,2,1
52419,2,5.421476237079751e-5,2,1
52419,13,0,2,1
52419,5,1.285617114799705e-4,2,1
52419,1,1.739530274639939e-5,2,1
52419,19,8.719232010044556e-6,2,1
52419,17,0,2,1
52419,11,4.832207237094126e-5,2,1
52419,6,4.709519488338231e-5,2,1
52419,9,0,2,1
52419,4,2.8213156317256596e-5,2,1
52419,8,2.1985753231905725e-5,2,1
52419,3,2.3727246756722642e-7,2,1
52419,10,2.640614121663598e-5,2,1
52419,12,4.893782461203771e-5,2,1
52431,7,1.926354801357519e-4,3,16
52431,2,0,3,16
52431,13,6.961406264163832e-5,3,16
52431,5,2.186423664625349e-7,3,16
52431,1,0,3,16
52431,19,7.94988800915827e-5,3,16
52431,17,3.1450811645377805e-5,3,16
52431,11,2.2533608877641004e-6,3,16
52431,6,7.869586677482931e-5,3,16
52431,9,1.6783021752215344e-4,3,16
52431,4,3.552767832543423e-5,3,16
52431,8,1.586682673001389e-4,3,16
52431,3,2.3727246756722642e-7,3,16
52431,10,4.060299133310694e-5,3,16
52431,12,1.633624966517781e-4,3,16
52466,7,1.6832226419628808e-5,8,2
52466,2,1.134858238228093e-4,8,2
52466,13,5.008205945441606e-7,8,2
52466,5,5.116231375223316e-5,8,2
52466,1,6.639207214875767e-5,8,2
52466,19,0,8,2
52466,17,0,8,2
52466,11,0,8,2
52466,6,3.282392370659979e-5,8,2
52466,9,5.4915034409822267e-5,8,2
52466,4,1.623127264671799e-4,8,2
52466,8,2.781330228132652e-5,8,2
52466,3,4.0810864421562945e-5,8,2
52466,10,0,8,2
52466,12,6.856023737918327e-6,8,2
52472,7,1.344240304345356e-4,6,3
52472,2,4.8175294023791574e-4,6,3
52472,13,8.614114226159563e-5,6,3
52472,5,3.467667932095803e-4,6,3
52472,1,5.366450897264212e-4,6,3
52472,19,4.487840005169992e-5,6,3
52472,17,3.373814340140528e-5,6,3
52472,11,1.0590796172491272e-4,6,3
52472,6,2.0407917782799e-4,6,3
52472,9,8.57661773366887e-5,6,3
52472,4,3.270636269370857e-4,6,3
52472,8,1.5178116387809615e-4,6,3
52472,3,3.72043229145411e-4,6,3
52472,10,8.205779367320214e-5,6,3
52472,12,1.0354959990373198e-4,6,3
52507,7,6.078303984865958e-5,11,11
52507,2,0,11,11
52507,13,2.6793901808112594e-5,11,11
52507,5,1.3402777064153387e-4,11,11
52507,1,0,11,11
52507,19,2.692704003101995e-5,11,11
52507,17,4.488888571203923e-5,11,11
52507,11,3.1547052428697405e-5,11,11
52507,6,7.889974207735477e-5,11,11
52507,9,6.170228585373288e-7,11,11
52507,4,1.0518979268903076e-4,11,11
52507,8,5.827549049420795e-5,11,11
52507,3,0,11,11
52507,10,4.117086533776578e-5,11,11
52507,12,4.231821548577174e-5,11,11
52563,7,1.2109851785232948e-4,2,1
52563,2,0,2,1
52563,13,7.26189862089033e-5,2,1
52563,5,2.9079434739517137e-4,2,1
52563,1,0,2,1
52563,19,3.0517312035155943e-5,2,1
52563,17,5.7183293900686914e-5,2,1
52563,11,2.228323544566721e-5,2,1
52563,6,1.712552541213902e-4,2,1
52563,9,2.622347148783647e-5,2,1
52563,4,7.83698786590461e-5,2,1
52563,8,8.132079809873563e-5,2,1
52563,3,2.3727246756722642e-7,2,1
52563,10,5.423196744491906e-5,2,1
52563,12,9.716640538911836e-5,2,1
52624,7,3.590874969520812e-4,2,1
52624,2,0,2,1
52624,13,1.4423633122871826e-4,2,1
52624,5,7.331078547488794e-4,2,1
52624,1,2.1164285008119257e-5,2,1
52624,19,8.84745601019227e-5,2,1
52624,17,1.1207925604534637e-4,2,1
52624,11,1.0916281634057196e-4,2,1
52624,6,4.513799197913785e-4,2,1
52624,9,2.2459632050758768e-4,2,1
52624,4,1.0623472440448472e-4,2,1
52624,8,3.117738741440125e-4,2,1
52624,3,4.7454493513445284e-7,2,1
52624,10,1.5673322528583937e-4,2,1
52624,12,2.0378939524433095e-4,2,1
52686,7,2.894207820486176e-4,6,3
52686,2,4.713594365709753e-4,6,3
52686,13,1.3772566349964417e-4,6,3
52686,5,5.378602214978357e-4,6,3
52686,1,4.163275790638254e-4,6,3
52686,19,4.898156805642677e-5,6,3
52686,17,5.804104330919722e-5,6,3
52686,11,1.9228679575586987e-4,6,3
52686,6,2.707464017538169e-4,6,3
52686,9,1.5672380606848152e-4,6,3
52686,4,3.862764241461427e-4,6,3
52686,8,2.3151263041789883e-4,6,3
52686,3,7.457473655637926e-4,6,3
52686,10,2.612220421430656e-5,6,3
52686,12,1.1371542820478328e-4,6,3
52690,7,1.2460523168975217e-4,14,13
52690,2,2.275334586546424e-4,14,13
52690,13,6.310339491256423e-5,14,13
52690,5,2.9516719472442207e-4,14,13
52690,1,1.0698111189035624e-4,14,13
52690,19,1.5643328018021114e-5,14,13
52690,17,7.576786441841016e-5,14,13
52690,11,8.687958089490475e-5,14,13
52690,6,1.5596460643198037e-4,14,13
52690,9,3.794690580004572e-5,14,13
52690,4,4.458375319270178e-5,14,13
52690,8,1.41980285931343e-4,14,13
52690,3,1.1460260183497035e-4,14,13
52690,10,6.644125854508409e-5,14,13
52690,12,3.262521640802514e-5,14,13
52783,7,4.3319604938294695e-4,1,6
52783,2,1.3146377611157118e-4,1,6
52783,13,2.914775860247015e-4,1,6
52783,5,8.734762540178268e-4,1,6
52783,1,7.450988009707738e-5,1,6
52783,19,0.00255550432294394,1,6
52783,17,0.0023645292027934,1,6
52783,11,2.8467459215419797e-4,1,6
52783,6,3.9694521401707945e-4,1,6
52783,9,4.874480582444898e-5,1,6
52783,4,1.20167147277204e-4,1,6
52783,8,3.1309831710978997e-4,1,6
52783,3,4.8640855851281414e-5,1,6
52783,10,1.7518913043725162e-4,1,6
52783,12,2.0449863907928803e-4,1,6
52852,7,2.010515933455663e-5,2,1
52852,2,1.741614127973806e-5,2,1
52852,13,2.504102972720803e-7,2,1
52852,5,8.986201261610184e-5,2,1
52852,1,0,2,1
52852,19,2.28238720262931e-5,2,1
52852,17,3.0878978706370936e-5,2,1
52852,11,0,2,1
52852,6,2.426116100053028e-5,2,1
52852,9,0,2,1
52852,4,3.845348712870528e-4,2,1
52852,8,3.337596273759182e-5,2,1
52852,3,7.118174027016793e-7,2,1
52852,10,0,2,1
52852,12,3.404370407793928e-5,2,1
52909,7,7.177074320591727e-5,2,1
52909,2,0,2,1
52909,13,2.2536926754487227e-5,2,1
52909,5,1.681359798096893e-4,2,1
52909,1,0,2,1
52909,19,2.3593216027179383e-5,2,1
52909,17,5.746921037019035e-5,2,1
52909,11,5.007468639475779e-7,2,1
52909,6,8.929738250615347e-5,2,1
52909,9,1.264896860001524e-5,2,1
52909,4,3.3646801237617125e-4,2,1
52909,8,3.39057399239028e-5,2,1
52909,3,2.3727246756722642e-7,2,1
52909,10,5.252834543094255e-5,2,1
52909,12,1.9622412767145556e-5,2,1
53319,7,4.792508911144313e-5,5,5
53319,2,3.98885816406904e-5,5,5
53319,13,5.784477866985055e-5,5,5
53319,5,2.47721801202052e-4,5,5
53319,1,2.2323971857879217e-5,5,5
53319,19,2.846572803279252e-5,5,5
53319,17,2.8591646950343457e-7,5,5
53319,11,7.511202959213667e-7,5,5
53319,6,1.2293680742285511e-4,5,5
53319,9,7.373423159521079e-5,5,5
53319,4,7.976312094631803e-5,5,5
53319,8,8.688345855500094e-5,5,5
53319,3,4.887812831884864e-5,5,5
53319,10,5.962677048917803e-5,5,5
53319,12,4.610084927220944e-5,5,5
53492,7,1.914665755232777e-4,2,1
53492,2,5.561928989335703e-5,2,1
53492,13,5.1584521238048545e-5,2,1
53492,5,3.063179554140113e-4,2,1
53492,1,6.117348132483785e-5,2,1
53492,19,6.642003207651587e-5,2,1
53492,17,4.517480218154266e-5,2,1
53492,11,1.1216729752425744e-4,2,1
53492,6,1.9286603618908944e-4,2,1
53492,9,5.614908012689692e-5,2,1
53492,4,1.985370259362501e-4,2,1
53492,8,1.8886556691986484e-4,2,1
53492,3,1.969361480807979e-5,2,1
53492,10,8.603291170581401e-5,2,1
53492,12,7.16336273306639e-5,2,1
53579,7,5.2834488483834866e-5,5,5
53579,2,9.017066694832124e-5,5,5
53579,13,1.0767642782699451e-5,5,5
53579,5,1.003568462063035e-4,5,5
53579,1,1.4901976019415477e-4,5,5
53579,19,1.1027264012703407e-5,5,5
53579,17,1.629723876169577e-5,5,5
53579,11,7.511202959213667e-7,5,5
53579,6,4.9949449118738814e-5,5,5
53579,9,2.6840494346373804e-5,5,5
53579,4,9.996513411176104e-5,5,5
53579,8,2.595908212923809e-5,5,5
53579,3,2.273070239294029e-4,5,5
53579,10,1.391291311414154e-5,5,5
53579,12,5.0592726893604207e-5,5,5
53978,7,1.7720593925109215e-4,2,1
53978,2,1.5168897243642829e-5,2,1
53978,13,8.739319374795603e-5,2,1
53978,5,2.8445371876775787e-4,2,1
53978,1,1.194477455252758e-4,2,1
53978,19,1.8207808020975396e-5,2,1
53978,17,1.2866241127654556e-5,2,1
53978,11,6.434597201726375e-5,2,1
53978,6,1.9184665967646213e-4,2,1
53978,9,1.412982346050483e-4,2,1
53978,4,4.771854833906362e-5,2,1
53978,8,1.0622032585535176e-4,2,1
53978,3,6.667356338639062e-5,2,1
53978,10,5.991070749150744e-5,2,1
53978,12,8.912830859293825e-5,2,1
54019,7,3.478660126723287e-4,2,1
54019,2,1.853976329778568e-5,2,1
54019,13,2.1635449684307735e-4,2,1
54019,5,4.2176112490622977e-4,2,1
54019,1,0,2,1
54019,19,9.437286410871752e-5,2,1
54019,17,1.0435951136875362e-4,2,1
54019,11,2.1031368285798267e-4,2,1
54019,6,3.349671220493382e-4,2,1
54019,9,1.6320254608312348e-4,2,1
54019,4,6.649248816005289e-4,2,1
54019,8,2.7045125361175595e-4,2,1
54019,3,1.660907272970585e-6,2,1
54019,10,2.118170037377467e-4,2,1
54019,12,1.896045185451896e-4,2,1
54041,7,0.00101320651809265,2,1
54041,2,0,2,1
54041,13,3.33546515966411e-4,2,1
54041,5,0.00173339668131497,2,1
54041,1,0,2,1
54041,19,2.2054528025406816e-4,2,1
54041,17,2.132936862495622e-4,2,1
54041,11,4.063560800934594e-4,2,1
54041,6,0.00121224254881641,2,1
54041,9,4.612245867566533e-4,2,1
54041,4,0.00107175162948393,2,1
54041,8,7.851297901128743e-4,2,1
54041,3,7.426628234854187e-5,2,1
54041,10,3.2056487562991424e-4,2,1
54041,12,3.4965721063383466e-4,2,1
54149,7,0.01641445991113052,2,1
54149,2,5.5900195397868936e-5,2,1
54149,13,0.00867721762107212,2,1
54149,5,0.03518043133328771,2,1
54149,1,1.3916242197119512e-5,2,1
54149,19,0.00639760826337004,2,1
54149,17,0.0058272635649495,2,1
54149,11,0.00871750215446338,2,1
54149,6,0.0189604031348682,2,1
54149,9,0.008628447653786,2,1
54149,4,0.01088226719530923,2,1
54149,8,0.01337501973420019,2,1
54149,3,5.93181168918066e-5,2,1
54149,10,0.00815978157294284,2,1
54149,12,0.00961592791434793,2,1
54166,7,1.227349843097934e-4,2,1
54166,2,4.157401466776182e-5,2,1
54166,13,4.5073853508974455e-5,2,1
54166,5,2.4050660310878837e-4,2,1
54166,1,1.971467644591931e-5,2,1
54166,19,1.6925568019498253e-5,2,1
54166,17,3.1736728114881236e-5,2,1
54166,11,1.7025393374217647e-5,2,1
54166,6,1.4638246721328357e-4,2,1
54166,9,3.825541722931438e-5,2,1
54166,4,1.7972825505807905e-4,2,1
54166,8,8.476434980975701e-5,2,1
54166,3,7.118174027016793e-7,2,1
54166,10,7.041637657769596e-5,2,1
54166,12,4.657367849551415e-5,2,1
54283,7,3.0788947492571024e-4,2,1
54283,2,1.3202558712059498e-4,2,1
54283,13,6.435544639892464e-5,2,1
54283,5,8.881252925708167e-4,2,1
54283,1,5.740449906311799e-5,2,1
54283,19,1.0155340811698953e-4,2,1
54283,17,8.463127497301663e-5,2,1
54283,11,1.5498115439177532e-4,2,1
54283,6,4.2793426000095006e-4,2,1
54283,9,2.2151120621490103e-4,2,1
54283,4,5.179378202933402e-4,2,1
54283,8,2.3734017946731964e-4,2,1
54283,3,4.413267896750411e-5,2,1
54283,10,9.909401381296727e-5,2,1
54283,12,1.0591374602025551e-4,2,1
54302,7,0.00106370319735154,2,1
54302,2,3.089960549630946e-5,2,1
54302,13,7.42216121114446e-4,2,1
54302,5,0.00275533110216086,2,1
54302,1,2.5223188982279115e-5,2,1
54302,19,4.015975684626404e-4,2,1
54302,17,4.6204101471755026e-4,2,1
54302,11,8.006942354521769e-4,2,1
54302,6,0.00141978760678733,2,1
54302,9,6.090015613763435e-4,2,1
54302,4,0.00237652303151409,2,1
54302,8,0.00108975167224168,2,1
54302,3,9.111262754581496e-5,2,1
54302,10,6.275007751480163e-4,2,1
54302,12,7.607822202972819e-4,2,1
54311,7,1.779072820185767e-4,2,1
54311,2,0,2,1
54311,13,5.634231688621807e-5,2,1
54311,5,9.161115154780211e-5,2,1
54311,1,2.0294519870799288e-5,2,1
54311,19,3.92365440452005e-5,2,1
54311,17,0,2,1
54311,11,7.01045609526609e-5,2,1
54311,6,1.0254927717030866e-4,2,1
54311,9,3.424476864882175e-5,2,1
54311,4,9.787527068085312e-5,2,1
54311,8,1.4409939467658692e-4,2,1
54311,3,4.009904701886126e-5,2,1
54311,10,4.4010235361059974e-5,2,1
54311,12,9.52750884958995e-5,2,1
54316,7,6.089993030990701e-4,2,1
54316,2,1.7612775132896393e-4,2,1
54316,13,2.8797184186289237e-4,2,1
54316,5,0.0014495988896466,2,1
54316,1,9.045557428127684e-5,2,1
54316,19,2.3695795227297555e-4,2,1
54316,17,1.455314829772482e-4,2,1
54316,11,1.5898712930335595e-4,2,1
54316,6,8.76459925556972e-4,2,1
54316,9,5.321822154884461e-4,2,1
54316,4,7.419015179723031e-4,2,1
54316,8,5.395780642577345e-4,2,1
54316,3,2.301542935402096e-5,2,1
54316,10,2.9756597844123126e-4,2,1
54316,12,2.8204263170126083e-4,2,1
54356,7,1.627115220564118e-4,2,1
54356,2,1.0842952474159504e-4,2,1
54356,13,4.657631529260694e-5,2,1
54356,5,3.117840145755747e-4,2,1
54356,1,1.0118267764155646e-4,2,1
54356,19,1.6925568019498253e-5,2,1
54356,17,5.746921037019035e-5,2,1
54356,11,1.2794082373860613e-4,2,1
54356,6,1.9001178195373296e-4,2,1
54356,9,1.110641145367192e-4,2,1
54356,4,2.0619985851624573e-4,2,1
54356,8,1.2847096768041298e-4,2,1
54356,3,5.314903273505872e-5,2,1
54356,10,5.281228243327196e-5,2,1
54356,12,6.40683597577885e-5,2,1
54473,7,8.112198010571105e-5,2,1
54473,2,0,2,1
54473,13,5.809518896712263e-5,2,1
54473,5,1.8081723706451635e-4,2,1
54473,1,0,2,1
54473,19,0,2,1
54473,17,5.718329390068691e-7,2,1
54473,11,3.680489450014697e-5,2,1
54473,6,6.972535346370886e-5,2,1
54473,9,3.424476864882175e-5,2,1
54473,4,5.1898275200879416e-5,2,1
54473,8,4.582572661589989e-5,2,1
54473,3,3.32181454594117e-5,2,1
54473,10,4.770141639134242e-5,2,1
54473,12,5.508460451499897e-5,2,1
54575,7,2.8988834389360723e-5,6,3
54575,2,1.269692880393807e-4,6,3
54575,13,1.1018053079971532e-5,6,3
54575,5,1.0735340193310462e-4,6,3
54575,1,8.059823605831717e-5,6,3
54575,19,1.7694912020384537e-5,6,3
54575,17,1.2294408188647687e-5,6,3
54575,11,0,6,3
54575,6,4.6279693673280446e-5,6,3
54575,9,0,6,3
54575,4,4.179726861815792e-5,6,3
54575,8,4.397150646381145e-5,6,3
54575,3,1.528034691132938e-4,6,3
54575,10,0,6,3
54575,12,3.309804563132985e-5,6,3
54729,7,3.5137272650975136e-4,3,16
54729,2,1.0814861923708311e-4,3,16
54729,13,9.515591296339052e-5,3,16
54729,5,7.65248282618872e-6,3,16
54729,1,8.784627886931692e-5,3,16
54729,19,7.077964808153815e-5,3,16
54729,17,7.60537808879136e-5,3,16
54729,11,1.2718970344268476e-4,3,16
54729,6,1.8715752771837643e-4,3,16
54729,9,2.002239175953632e-4,3,16
54729,4,1.1006614069448253e-4,3,16
54729,8,2.5190905209087163e-4,3,16
54729,3,3.2743600524277243e-4,3,16
54729,10,1.675228313743573e-4,3,16
54729,12,7.990813873849637e-5,3,16
54757,7,9.20161710939708e-4,2,1
54757,2,5.927106145201179e-5,2,1
54757,13,5.045767490032418e-4,2,1
54757,5,0.00225354687112934,2,1
54757,1,2.2034050145439223e-5,2,1
54757,19,2.9414585633885605e-4,2,1
54757,17,2.2787542619423737e-4,2,1
54757,11,2.9018280765762133e-4,2,1
54757,6,0.0011553613394118,2,1
54757,9,5.883312956153431e-4,2,1
54757,4,0.00130895112889197,2,1
54757,8,7.456613897327062e-4,2,1
54757,3,5.718266468370156e-5,2,1
54757,10,5.993910119174038e-4,2,1
54757,12,5.340606077226725e-4,2,1
54917,7,4.495607139575861e-4,2,1
54917,2,1.3202558712059498e-4,2,1
54917,13,2.146016247621728e-4,2,1
54917,5,0.00119794152584822,2,1
54917,1,7.653933208415731e-5,2,1
54917,19,9.180838410576324e-5,2,1
54917,17,1.1322292192336008e-4,2,1
54917,11,1.67249452558491e-4,2,1
54917,6,5.853259935506087e-4,2,1
54917,9,3.257880693077096e-4,2,1
54917,4,6.746775776114324e-4,2,1
54917,8,4.614359292768647e-4,2,1
54917,3,4.816631091614696e-5,2,1
54917,10,1.2351259601329733e-4,2,1
54917,12,1.3499274325349533e-4,2,1
55071,7,8.259479991742858e-4,2,1
55071,2,1.938247981132139e-5,2,1
55071,13,2.5391604143388944e-4,2,1
55071,5,0.00118176199073,2,1
55071,1,5.305567337651814e-5,2,1
55071,19,2.036197122345699e-4,2,1
55071,17,2.92778464771517e-4,2,1
55071,11,2.836730984263028e-4,2,1
55071,6,7.73299022479087e-4,2,1
55071,9,3.66820089400442e-4,2,1
55071,4,3.274119375089037e-5,2,1
55071,8,5.589149315580853e-4,2,1
55071,3,1.186362337836132e-6,2,1
55071,10,2.989856634528784e-4,2,1
55071,12,3.5887738048827653e-4,2,1
55150,7,8.416113209814404e-6,10,7
55150,2,7.163090365053557e-5,10,7
55150,13,2.504102972720803e-7,10,7
55150,5,2.1208309546865883e-5,10,7
55150,1,1.2959500546067546e-4,10,7
55150,19,0,10,7
55150,17,0,10,7
55150,11,2.1532115149745845e-5,10,7
55150,6,2.4465036303055744e-6,10,7
55150,9,1.82021743268512e-5,10,7
55150,4,3.4831057181798266e-7,10,7
55150,8,1.7217758555106892e-5,10,7
55150,3,1.7914071301325594e-4,10,7
55150,10,0,10,7
55150,12,2.364146116523561e-7,10,7
55276,7,0.00195791522589432,2,1
55276,2,0,2,1
55276,13,8.626634741023166e-4,2,1
55276,5,0.00380590767301334,2,1
55276,1,0,2,1
55276,19,7.34979968846697e-4,2,1
55276,17,7.290869972337581e-4,2,1
55276,11,7.976897542684915e-4,2,1
55276,6,0.0018230529551827,2,1
55276,9,7.533849102740785e-4,2,1
55276,4,8.707764295449567e-5,2,1
55276,8,0.00145874148250728,2,1
55276,3,3.0845420783739433e-6,2,1
55276,10,6.016625079360392e-4,2,1
55276,12,6.442298167526703e-4,2,1
55331,7,1.8234911954597875e-5,11,11
55331,2,8.70807063986903e-6,11,11
55331,13,0,11,11
55331,5,3.279635496938023e-5,11,11
55331,1,0,11,11
55331,19,7.949888009158271e-6,11,11
55331,17,0,11,11
55331,11,2.5037343197378893e-7,11,11
55331,6,1.89604031348682e-5,11,11
55331,9,3.085114292686644e-7,11,11
55331,4,4.632530605179169e-5,11,11
55331,8,9.535989353597664e-6,11,11
55331,3,2.942178597833607e-5,11,11
55331,10,0,11,11
55331,12,7.092438349570683e-6,11,11
55351,7,6.924590924297295e-4,2,1
55351,2,0,2,1
55351,13,3.926433461226219e-4,2,1
55351,5,0.00159761977174174,2,1
55351,1,3.073170151863892e-5,2,1
55351,19,1.7592332820266367e-4,2,1
55351,17,1.9756828042687328e-4,2,1
55351,11,3.540280328109375e-4,2,1
55351,6,0.00105321981284654,2,1
55351,9,3.603413493858001e-4,2,1
55351,4,6.865201370532438e-4,2,1
55351,8,6.468579444857082e-4,2,1
55351,3,3.7963594810756223e-6,2,1
55351,10,3.4867463886052675e-4,2,1
55351,12,4.026140836439625e-4,2,1
55365,7,3.2659194872529786e-4,2,1
55365,2,0,2,1
55365,13,5.306194199195381e-4,2,1
55365,5,7.425094765067684e-4,2,1
55365,1,0,2,1
55365,19,5.477729286310345e-4,2,1
55365,17,3.3395043638001157e-4,2,1
55365,11,4.163710173724109e-4,2,1
55365,6,4.4118615466510525e-4,2,1
55365,9,3.1005398641500775e-4,2,1
55365,4,1.588296207490001e-4,2,1
55365,8,3.915053406838152e-4,2,1
55365,3,3.9624502083726813e-5,2,1
55365,10,3.3390991473939693e-4,2,1
55365,12,5.279138278197112e-4,2,1
55482,7,3.7662106613919454e-4,2,1
55482,2,8.00580687858927e-5,2,1
55482,13,1.740351566040958e-4,2,1
55482,5,7.634991436871717e-4,2,1
55482,1,2.2034050145439223e-5,2,1
55482,19,1.65921856191142e-4,2,1
55482,17,1.5067797942831e-4,2,1
55482,11,2.859264593140669e-4,2,1
55482,6,5.323184148939879e-4,2,1
55482,9,2.0238349760024385e-4,2,1
55482,4,5.924762826623885e-4,2,1
55482,8,3.1336320570294544e-4,2,1
55482,3,1.589725532700417e-5,2,1
55482,10,1.4140062716005075e-4,2,1
55482,12,2.3381405092418015e-4,2,1
55615,7,7.763864436053788e-4,2,1
55615,2,4.972027429860705e-5,2,1
55615,13,3.4155964547911754e-4,2,1
55615,5,0.00169316648588587,2,1
55615,1,6.0883559612397864e-5,2,1
55615,19,1.9002796821891225e-4,2,1
55615,17,2.3130642382827857e-4,2,1
55615,11,5.295398086245636e-4,2,1
55615,6,0.00100918274750104,2,1
55615,9,4.7788420393716114e-4,2,1
55615,4,0.00103587564058668,2,1
55615,8,5.599744859307072e-4,2,1
55615,3,3.796359481075623e-5,2,1
55615,10,3.2766330068814974e-4,2,1
55615,12,4.000135229157865e-4,2,1
55629,7,1.3909964888443252e-4,2,1
55629,2,0,2,1
55629,13,2.1284875268126824e-5,2,1
55629,5,3.275262649608772e-4,2,1
55629,1,0,2,1
55629,19,3.872364804460964e-5,2,1
55629,17,1.0864825841130511e-5,2,1
55629,11,8.262323255135034e-5,2,1
55629,6,2.000016717774807e-4,2,1
55629,9,4.257457723907569e-5,2,1
55629,4,1.0658303497630268e-4,2,1
55629,8,1.104585433458396e-4,2,1
55629,3,4.7454493513445284e-7,2,1
55629,10,8.29096046801904e-5,2,1
55629,12,8.203587024336757e-5,2,1
55677,7,9.935689206030894e-5,8,2
55677,2,0,8,2
55677,13,1.677748991722938e-5,8,2
55677,5,2.75926666475719e-4,8,2
55677,1,0,8,2
55677,19,4.462195205140449e-5,8,2
55677,17,2.6018398724812547e-5,8,2
55677,11,4.381535059541306e-5,8,2
55677,6,1.7105137881886476e-4,8,2
55677,9,7.558530017082278e-5,8,2
55677,4,3.768720387070573e-4,8,2
55677,8,6.51625939162507e-5,8,2
55677,3,8.44689984539326e-5,8,2
55677,10,9.284739976172008e-5,8,2
55677,12,1.3428349941853825e-4,8,2
55722,7,3.039151992432979e-5,6,3
55722,2,1.3005924858901165e-4,6,3
55722,13,2.479061942993595e-5,6,3
55722,5,6.537406757229792e-5,6,3
55722,1,3.760284610346668e-4,6,3
55722,19,1.7951360020679967e-5,6,3
55722,17,1.372399053616486e-5,6,3
55722,11,0,6,3
55722,6,3.690142975710908e-5,6,3
55722,9,0,6,3
55722,4,4.3086017733884454e-4,6,3
55722,8,2.807819087448201e-5,6,3
55722,3,1.7273435638894084e-4,6,3
55722,10,0,6,3
55722,12,9.929413689398956e-6,6,3
55760,7,8.97718742380203e-5,2,1
55760,2,3.7641337604595166e-5,2,1
55760,13,3.0049235672649635e-5,2,1
55760,5,3.1309586877434993e-4,2,1
55760,1,6.175332474971783e-5,2,1
55760,19,7.436992008567415e-6,2,1
55760,17,4.63184680595564e-5,2,1
55760,11,8.888256835069506e-5,2,1
55760,6,1.5209097568399653e-4,2,1
55760,9,5.275545440494161e-5,2,1
55760,4,2.539184068553094e-4,2,1
55760,8,6.860614562727208e-5,2,1
55760,3,3.7726322343189e-5,2,1
55760,10,2.1863149179365276e-5,2,1
55760,12,2.789692417497802e-5,2,1
55811,7,2.8053710699381345e-5,6,3
55811,2,2.415787338802376e-5,6,3
55811,13,0,6,3
55811,5,1.5851571568533778e-4,6,3
55811,1,6.958121098559756e-5,6,3
55811,19,5.128960005908562e-7,6,3
55811,17,0,6,3
55811,11,2.5037343197378893e-7,6,3
55811,6,5.321145395914624e-5,6,3
55811,9,9.255342878059933e-6,6,3
55811,4,3.5249029867979846e-4,6,3
55811,8,2.9402633840259464e-5,6,3
55811,3,7.118174027016793e-7,6,3
55811,10,0,6,3
55811,12,4.491877621394766e-6,6,3
55849,7,3.4833357451731836e-4,3,16
55849,2,1.938247981132139e-5,3,16
55849,13,4.95812388598719e-5,3,16
55849,5,1.0932118323126745e-6,3,16
55849,1,0,3,16
55849,19,9.539865610989924e-5,3,16
55849,17,5.861287624820409e-5,3,16
55849,11,2.002987455790311e-5,3,16
55849,6,1.759443860794759e-4,3,16
55849,9,2.2583036622466233e-4,3,16
55849,4,8.603271123904171e-5,3,16
55849,8,2.497899433456277e-4,3,16
55849,3,7.118174027016793e-7,3,16
55849,10,8.972409273609645e-5,3,16
55849,12,1.3901179165158538e-4,3,16
55950,7,2.0502586902797863e-4,2,1
55950,2,8.146259630845223e-6,2,1
55950,13,2.3588650003029965e-4,2,1
55950,5,5.218993287460708e-4,2,1
55950,1,0,2,1
55950,19,2.95940992340924e-4,2,1
55950,17,1.6411605349497143e-4,2,1
55950,11,4.531759118725579e-5,2,1
55950,6,3.178415966371992e-4,2,1
55950,9,1.2864926600503304e-4,2,1
55950,4,3.629396158343379e-4,2,1
55950,8,1.8966023269933132e-4,2,1
55950,3,3.487905273238228e-5,2,1
55950,10,8.944015573376704e-5,2,1
55950,12,3.3358101704147446e-4,2,1
55980,7,1.1221484279752538e-4,6,3
55980,2,6.938365961444035e-4,6,3
55980,13,6.98644729389104e-5,6,3
55980,5,3.474227203089679e-4,6,3
55980,1,7.929358835233722e-4,6,3
55980,19,5.667500806528961e-5,6,3
55980,17,1.686907170070264e-5,6,3
55980,11,7.511202959213667e-7,6,3
55980,6,1.7247850593654298e-4,6,3
55980,9,1.0242579451719658e-4,6,3
55980,4,6.976660753514192e-4,6,3
55980,8,4.953416692007676e-5,6,3
55980,3,0.00117188871731453,6,3
55980,10,2.3566771193341792e-5,6,3
55980,12,5.697592140821782e-5,6,3
55986,7,1.2133229877482432e-4,2,1
55986,2,1.1067676877769028e-4,2,1
55986,13,4.632590499533486e-5,2,1
55986,5,2.389761065435506e-4,2,1
55986,1,1.649654543783542e-4,2,1
55986,19,1.9233600022157103e-5,2,1
55986,17,2.058598580424729e-5,2,1
55986,11,8.212248568740276e-5,2,1
55986,6,1.5596460643198037e-4,2,1
55986,9,4.9670340112254966e-5,2,1
55986,4,4.099615430297655e-4,2,1
55986,8,1.1496164942948295e-4,2,1
55986,3,6.097902416477719e-5,2,1
55986,10,9.540283278268485e-5,2,1
55986,12,6.004931135969845e-5,2,1
56057,7,1.1946205139486557e-4,2,1
56057,2,0,2,1
56057,13,6.911324204709416e-5,2,1
56057,5,3.2949404625904006e-4,2,1
56057,1,1.9134833021039328e-5,2,1
56057,19,3.5646272041064504e-5,2,1
56057,17,2.687614813332285e-5,2,1
56057,11,6.810157349687059e-5,2,1
56057,6,1.6819712458350825e-4,2,1
56057,9,4.380862295615035e-5,2,1
56057,4,3.5109705639252653e-4,2,1
56057,8,1.3164963079827886e-4,2,1
56057,3,2.3727246756722642e-7,2,1
56057,10,5.366409344026022e-5,2,1
56057,12,5.0592726893604207e-5,2,1
56090,7,1.1922827047237071e-4,2,1
56090,2,8.202440731747603e-5,2,1
56090,13,5.383821391349726e-5,2,1
56090,5,3.852478497069864e-4,2,1
56090,1,1.081407987401162e-4,2,1
56090,19,2.4619008028361097e-5,2,1
56090,17,3.0307145767364064e-5,2,1
56090,11,6.0590370537656914e-5,2,1
56090,6,2.0265205071031176e-4,2,1
56090,9,5.676610298543425e-5,2,1
56090,4,4.2041086018430505e-4,2,1
56090,8,1.6343626197693774e-4,2,1
56090,3,1.0321352339174348e-4,2,1
56090,10,1.1329086392943824e-4,2,1
56090,12,8.416360174823878e-5,2,1
56105,7,2.5949682396927744e-5,6,3
56105,2,2.2753345865464243e-5,6,3
56105,13,1.65270796199573e-5,6,3
56105,5,7.608754352896213e-5,6,3
56105,1,3.0441779806198932e-5,6,3
56105,19,0,6,3
56105,17,1.4581739944675165e-5,6,3
56105,11,0,6,3
56105,6,2.52805375131576e-5,6,3
56105,9,1.758515146831387e-5,6,3
56105,4,2.5078361170894752e-5,6,3
56105,8,1.6158204182484932e-5,6,3
56105,3,0,6,3
56105,10,0,6,3
56105,12,2.364146116523561e-7,6,3
56127,7,0.00109526362188834,2,1
56127,2,2.809055045119042e-7,2,1
56127,13,7.459722755735272e-4,2,1
56127,5,0.00281283404454051,2,1
56127,1,1.971467644591931e-5,2,1
56127,19,2.446513922818384e-4,2,1
56127,17,3.093616200027162e-4,2,1
56127,11,6.790127475129155e-4,2,1
56127,6,0.00160327537906025,2,1
56127,9,5.179906897420875e-4,2,1
56127,4,0.00140612977842919,2,1
56127,8,9.578371528502544e-4,2,1
56127,3,3.0845420783739433e-6,2,1
56127,10,5.374927454095905e-4,2,1
56127,12,6.647978879664254e-4,2,1
56379,7,5.5639859553773e-5,5,5
56379,2,1.1236220180476167e-5,5,5
56379,13,6.385462580438047e-5,5,5
56379,5,1.994018382138318e-4,5,5
56379,1,0,5,5
56379,19,3.3338240038405654e-5,5,5
56379,17,1.1436658780137385e-6,5,5
56379,11,1.0014937278951555e-6,5,5
56379,6,9.459814037181556e-5,5,5
56379,9,8.113850589765873e-5,5,5
56379,4,2.6819914029984664e-5,5,5
56379,8,6.51625939162507e-5,5,5
56379,3,0,5,5
56379,10,1.732015714209457e-5,5,5
56379,12,2.7424094951673308e-5,5,5
56435,7,1.844531478484323e-4,2,1
56435,2,0,2,1
56435,13,5.759436837257847e-5,2,1
56435,5,4.4318807681955816e-4,2,1
56435,1,0,2,1
56435,19,7.052320008124273e-5,2,1
56435,17,4.002830573048084e-5,2,1
56435,11,3.955900225185864e-5,2,1
56435,6,2.723774041740206e-4,2,1
56435,9,1.073619773854952e-4,2,1
56435,4,2.553116491425813e-4,2,1
56435,8,1.4092073155872104e-4,2,1
56435,3,0,2,1
56435,10,7.155212458701363e-5,2,1
56435,12,8.179945563171521e-5,2,1
56455,7,7.08356195159379e-5,7,4
56455,2,4.241673118129754e-5,7,4
56455,13,2.9798825375377557e-5,7,4
56455,5,1.3883790270370963e-4,7,4
56455,1,0,7,4
56455,19,1.1796608013589692e-5,7,4
56455,17,1.0292992902123644e-5,7,4
56455,11,3.9058255387911066e-5,7,4
56455,6,8.21617469177622e-5,7,4
56455,9,0,7,4
56455,4,1.7102049076262948e-4,7,4
56455,8,3.734929163492418e-5,7,4
56455,3,3.582814260265119e-5,7,4
56455,10,2.839370023294192e-7,7,4
56455,12,4.0190483980900536e-5,7,4
56490,7,1.3348890674455622e-4,6,3
56490,2,2.556240091058328e-4,6,3
56490,13,2.7545132699928833e-5,6,3
56490,5,2.778944477738818e-4,6,3
56490,1,2.1222269350607256e-4,6,3
56490,19,1.7951360020679967e-5,6,3
56490,17,3.573955868792932e-5,6,3
56490,11,3.980937568383243e-5,6,3
56490,6,1.7329400714664485e-4,6,3
56490,9,6.632995729276285e-5,6,3
56490,4,3.6607441098069975e-4,6,3
56490,8,9.37705619770437e-5,6,3
56490,3,1.3595712391602073e-4,6,3
56490,10,7.637905362661375e-5,6,3
56490,12,3.0024655679849224e-5,6,3
56496,7,0.06285176723181646,1,6
56496,2,1.2444113849877358e-4,1,6
56496,13,0.03698935706154534,1,6
56496,5,0.01664633657062509,1,6
56496,1,7.132074126023749e-5,1,6
56496,19,0.01736306830800225,1,6
56496,17,0.02147118319382992,1,6
56496,11,0.05465101198437469,1,6
56496,6,0.06329655354917339,1,6
56496,9,0.06877151674399505,1,6
56496,4,8.732146035476825e-4,1,6
56496,8,0.06778207721396536,1,6
56496,3,3.630268753778564e-5,1,6
56496,10,0.058298513192281,1,6
56496,12,0.04003799655638476,1,6
56647,7,1.1525399478995836e-4,2,1
56647,2,3.679862109105945e-5,2,1
56647,13,6.009847134529927e-5,2,1
56647,5,2.9276212869333416e-4,2,1
56647,1,3.5660370630118746e-5,2,1
56647,19,7.693440008862842e-6,2,1
56647,17,4.860579981558388e-6,2,1
56647,11,6.810157349687059e-5,2,1
56647,6,1.6452736913804989e-4,2,1
56647,9,7.836190303424076e-5,2,1
56647,4,1.2608842699810973e-4,2,1
56647,8,1.0622032585535176e-4,2,1
56647,3,7.331719247827296e-5,2,1
56647,10,5.196047142628371e-5,2,1
56647,12,3.66442648061152e-5,2,1
56656,7,1.2881328829465933e-4,4,9
56656,2,2.2191534856440433e-5,4,9
56656,13,9.039811731522098e-5,4,9
56656,5,2.7505209700986886e-4,4,9
56656,1,0,4,9
56656,19,4.7955776055245054e-5,4,9
56656,17,1.7726821109212944e-5,4,9
56656,11,9.93982524935942e-5,4,9
56656,6,2.022443001052608e-4,4,9
56656,9,1.2957480029283903e-4,4,9
56656,4,1.7415528590899132e-6,4,9
56656,8,1.1972964410628178e-4,4,9
56656,3,4.247177169453353e-5,4,9
56656,10,2.6690078218965403e-5,4,9
56656,12,1.0260394145712254e-4,4,9
56665,7,1.449441719468036e-5,2,1
56665,2,0,2,1
56665,13,0,2,1
56665,5,3.38895668016929e-5,2,1
56665,1,4.145880487891855e-5,2,1
56665,19,0,2,1
56665,17,7.719744676592734e-6,2,1
56665,11,2.5037343197378893e-7,2,1
56665,6,3.241617310154886e-5,2,1
56665,9,1.264896860001524e-5,2,1
56665,4,1.8808770878171064e-5,2,1
56665,8,7.416880608353739e-6,2,1
56665,3,2.3727246756722642e-7,2,1
56665,10,2.640614121663598e-5,2,1
56665,12,1.5603364369055503e-5,2,1
56710,7,0.00173862872059415,2,1
56710,2,2.5028680452010663e-4,2,1
56710,13,8.26353980997865e-4,2,1
56710,5,0.00351380147141939,2,1
56710,1,3.592130017131474e-4,2,1
56710,19,8.165304329406431e-4,2,1
56710,17,6.347345622976248e-4,2,1
56710,11,5.968902618255128e-4,2,1
56710,6,0.00232580945121049,2,1
56710,9,8.203318904253786e-4,2,1
56710,4,0.00156008305117274,2,1
56710,8,0.00125318793421862,2,1
56710,3,3.7583958862648663e-4,2,1
56710,10,7.808267564059027e-4,2,1
56710,12,9.177615224344464e-4,2,1
56765,7,2.010515933455663e-5,6,3
56765,2,7.238934851271771e-4,6,3
56765,13,2.504102972720803e-7,6,3
56765,5,4.132340726141909e-5,6,3
56765,1,9.428254088548468e-4,6,3
56765,19,2.564480002954281e-7,6,3
56765,17,1.887048698722668e-5,6,3
56765,11,2.5037343197378893e-7,6,3
56765,6,2.87464176560905e-5,6,3
56765,9,2.529793720003048e-5,6,3
56765,4,3.632879264061559e-4,6,3
56765,8,1.8542201520884347e-5,6,3
56765,3,7.080210432206036e-4,6,3
56765,10,1.4764724121129796e-5,6,3
56765,12,2.364146116523561e-7,6,3
57005,7,0.0016958468117776,2,1
57005,2,3.876495962264278e-5,2,1
57005,13,6.523188243937692e-4,2,1
57005,5,0.00335965860306331,2,1
57005,1,9.161526113103678e-5,2,1
57005,19,5.387972486206944e-4,2,1
57005,17,5.512469532026219e-4,2,1
57005,11,5.370510115837772e-4,2,1
57005,6,0.00199390045869904,2,1
57005,9,7.765232674692283e-4,2,1
57005,4,0.00106165062290121,2,1
57005,8,0.00132364829999798,2,1
57005,3,9.585807689715947e-5,2,1
57005,10,7.765677013709615e-4,2,1
57005,12,6.014387720435939e-4,2,1
57105,7,4.021031866911326e-5,2,1
57105,2,1.7697046784249967e-5,2,1
57105,13,2.3037747349031388e-5,2,1
57105,5,1.0429240880262911e-4,2,1
57105,1,3.189138836839888e-5,2,1
57105,19,0,2,1
57105,17,0,2,1
57105,11,1.1316879125215258e-4,2,1
57105,6,5.953158833743565e-5,2,1
57105,9,1.5117060034164556e-5,2,1
57105,4,6.339252407087284e-5,2,1
57105,8,4.6355503802210866e-5,2,1
57105,3,0,2,1
57105,10,2.2714960186353532e-5,2,1
57105,12,3.238880179637279e-5,2,1
57117,7,0.00191373063154279,2,1
57117,2,9.606968254307123e-5,2,1
57117,13,0.00115263859834338,2,1
57117,5,0.00481778454500195,2,1
57117,1,0,2,1
57117,19,9.234692490638366e-4,2,1
57117,17,6.679008727600231e-4,2,1
57117,11,0.00111891886749086,2,1
57117,6,0.0027325406797488,2,1
57117,9,0.00109398152818668,2,1
57117,4,0.00231591699201776,2,1
57117,8,0.00163091906805835,2,1
57117,3,2.9896330913470528e-5,2,1
57117,10,9.034875414122116e-4,2,1
57117,12,0.00113266240442643,2,1
57165,7,1.075392243476285e-5,6,3
57165,2,4.33999004470892e-4,6,3
57165,13,0,6,3
57165,5,1.2899899621289557e-5,6,3
57165,1,5.41573758837901e-4,6,3
57165,19,3.077376003545137e-6,6,3
57165,17,0,6,3
57165,11,0,6,3
57165,6,8.155012101018581e-6,6,3
57165,9,0,6,3
57165,4,2.333680831180484e-4,6,3
57165,8,1.0860432319375116e-5,6,3
57165,3,4.814258366939024e-4,6,3
57165,10,1.5048661123459216e-5,6,3
57165,12,7.092438349570683e-6,6,3
57183,7,1.332551258220614e-5,10,7
57183,2,9.663149355209504e-5,10,7
57183,13,1.702790021450146e-5,10,7
57183,5,1.3118541987752091e-5,10,7
57183,1,1.3858257854631513e-4,10,7
57183,19,0,10,7
57183,17,2.8591646950343457e-7,10,7
57183,11,0,10,7
57183,6,1.121314163890055e-5,10,7
57183,9,8.946831448791268e-6,10,7
57183,4,1.044931715453948e-6,10,7
57183,8,6.092437642576285e-6,10,7
57183,3,1.7629344340244925e-4,10,7
57183,10,0,10,7
57183,12,0,10,7
57267,7,1.828166813909684e-4,2,1
57267,2,4.101220365873801e-5,2,1
57267,13,6.260257431802007e-5,2,1
57267,5,4.6702009476397446e-4,2,1
57267,1,1.0466173819083632e-4,2,1
57267,19,3.0517312035155943e-5,2,1
57267,17,5.5753711553169745e-5,2,1
57267,11,4.606871148317715e-5,2,1
57267,6,2.2344733156790913e-4,2,1
57267,9,9.748961164889795e-5,2,1
57267,4,4.580284019406472e-4,2,1
57267,8,1.0992876615952862e-4,2,1
57267,3,1.1555169170523926e-4,2,1
57267,10,5.735527447054267e-5,2,1
57267,12,4.9410653835342425e-5,2,1
57274,7,4.371703250653593e-5,6,3
57274,2,9.550787153404744e-5,6,3
57274,13,3.0550056267193796e-5,6,3
57274,5,1.1894144735561896e-4,6,3
57274,1,2.9282092956438972e-5,6,3
57274,19,2.538835202924738e-5,6,3
57274,17,9.149327024109906e-5,6,3
57274,11,3.730564136409455e-5,6,3
57274,6,7.380285951421816e-5,6,3
57274,9,4.4734157243956336e-5,6,3
57274,4,5.3291517488151345e-5,6,3
57274,8,3.178663117865888e-5,6,3
57274,3,6.857174312692843e-5,6,3
57274,10,3.605999929583623e-5,6,3
57274,12,2.9551826456544513e-5,6,3
57519,7,2.314431132698961e-4,2,1
57519,2,1.32025587120595e-5,2,1
57519,13,1.054227351515458e-4,2,1
57519,5,6.349374322072013e-4,2,1
57519,1,8.987573085639684e-6,2,1
57519,19,9.565510411019469e-5,2,1
57519,17,5.0321298632604487e-5,2,1
57519,11,2.3785476037509944e-4,2,1
57519,6,3.1539509300689363e-4,2,1
57519,9,9.718110021962928e-5,2,1
57519,4,5.795887915051231e-4,2,1
57519,8,1.7217758555106892e-4,2,1
57519,3,2.254088441888651e-5,2,1
57519,10,1.1698204495972068e-4,2,1
57519,12,1.222263542242681e-4,2,1
57534,7,2.667440325666176e-4,2,1
57534,2,0,2,1
57534,13,9.690878504429507e-5,2,1
57534,5,4.692065184285998e-4,2,1
57534,1,1.768522445883938e-5,2,1
57534,19,9.001324810369526e-5,2,1
57534,17,8.52031079120235e-5,2,1
57534,11,9.989899935754176e-5,2,1
57534,6,2.8522154823312486e-4,2,1
57534,9,1.542557146343322e-4,2,1
57534,4,3.4831057181798263e-6,2,1
57534,8,2.4369750570305145e-4,2,1
57534,3,2.3727246756722642e-7,2,1
57534,10,7.297180959866072e-5,2,1
57534,12,6.312270131117908e-5,2,1
57540,7,1.5125625685416443e-4,2,1
57540,2,2.5281495406071378e-5,2,1
57540,13,5.008205945441606e-5,2,1
57540,5,3.9924096116058865e-4,2,1
57540,1,1.0640126846547626e-4,2,1
57540,19,3.5389824040769075e-5,2,1
57540,17,1.5725405822688902e-5,2,1
57540,11,3.38004133164615e-5,2,1
57540,6,2.059140555507192e-4,2,1
57540,9,6.84895372976435e-5,2,1
57540,4,2.323231514025944e-4,2,1
57540,8,1.1761053536103786e-4,2,1
57540,3,1.3310985430521402e-4,2,1
57540,10,4.826929039600126e-5,2,1
57540,12,5.461177529169426e-5,2,1
57589,7,6.943293398096883e-5,6,3
57589,2,5.421476237079751e-5,6,3
57589,13,8.51395010725073e-5,6,3
57589,5,1.2746849964765782e-4,6,3
57589,1,1.0350205134107635e-4,6,3
57589,19,2.6414144030429095e-5,6,3
57589,17,5.4324129205652566e-6,6,3
57589,11,4.631908491515095e-5,6,3
57589,6,1.0683065852334342e-4,6,3
57589,9,4.134053152200103e-5,6,3
57589,4,1.2817829042901762e-4,6,3
57589,8,4.1057731939101054e-5,6,3
57589,3,5.599630234586543e-5,6,3
57589,10,4.6281731379695325e-5,6,3
57589,12,1.7494681262274352e-5,6,3
57615,7,5.839847443921217e-4,2,1
57615,2,1.7079054674323777e-4,2,1
57615,13,2.8371486680926696e-4,2,1
57615,5,0.0013754791274158,2,1
57615,1,2.2150018830415224e-4,2,1
57615,19,2.577302402969052e-4,2,1
57615,17,1.0779050900279484e-4,2,1
57615,11,3.11965296239341e-4,2,1
57615,6,8.524026398589672e-4,2,1
57615,9,4.661607696249519e-4,2,1
57615,4,8.993378964340312e-4,2,1
57615,8,5.38783398478268e-4,2,1
57615,3,1.6656527223219293e-4,2,1
57615,10,1.7888031146753408e-4,2,1
57615,12,3.67151891896109e-4,2,1
57667,7,6.686134383352554e-5,2,1
57667,2,1.404527522559521e-5,2,1
57667,13,1.9782413484494343e-5,2,1
57667,5,1.084466137654173e-4,2,1
57667,1,0,2,1
57667,19,3.0517312035155943e-5,2,1
57667,17,2.944939635885376e-5,2,1
57667,11,7.511202959213667e-5,2,1
57667,6,6.646334862330144e-5,2,1
57667,9,5.4915034409822267e-5,2,1
57667,4,1.041448609735768e-4,2,1
57667,8,4.5031060836433415e-5,2,1
57667,3,4.4607223902638565e-5,2,1
57667,10,3.975118032611868e-5,2,1
57667,12,3.167955796141572e-5,2,1
57744,7,2.9222615311855567e-5,11,11
57744,2,3.623681008203564e-5,11,11
57744,13,3.630949310445165e-5,11,11
57744,5,8.570780765331366e-5,11,11
57744,1,0,11,11
57744,19,1.7694912020384537e-5,11,11
57744,17,9.43524349361334e-6,11,11
57744,11,5.007468639475779e-7,11,11
57744,6,3.058129537881968e-5,11,11
57744,9,3.085114292686644e-7,11,11
57744,4,4.3887132049065816e-5,11,11
57744,8,1.1125320912530608e-5,11,11
57744,3,3.32181454594117e-5,11,11
57744,10,2.9245511239930173e-5,11,11
57744,12,1.3002803640879583e-5,11,11
57747,7,5.075383827363075e-4,2,1
57747,2,1.0955314675964264e-5,2,1
57747,13,3.060013832664821e-4,2,1
57747,5,0.00119728559874884,2,1
57747,1,2.2034050145439223e-5,2,1
57747,19,2.554222082942464e-4,2,1
57747,17,1.6897663347652982e-4,2,1
57747,11,3.337477848210606e-4,2,1
57747,6,7.286503312260102e-4,2,1
57747,9,2.7179856918569333e-4,2,1
57747,4,8.993378964340312e-4,2,1
57747,8,4.701772528509959e-4,2,1
57747,3,7.118174027016793e-7,2,1
57747,10,3.694020400305743e-4,2,1
57747,12,2.9480902073048806e-4,2,1
57783,7,9.585017822288628e-6,7,4
57783,2,1.1236220180476167e-5,7,4
57783,13,1.627666932268522e-5,7,4
57783,5,2.4050660310878836e-5,7,4
57783,1,1.507592904687947e-5,7,4
57783,19,7.180544008271987e-6,7,4
57783,17,0,7,4
57783,11,0,7,4
57783,6,2.5484412815683068e-5,7,4
57783,9,0,7,4
57783,4,3.448274660998028e-5,7,4
57783,8,9.535989353597664e-6,7,4
57783,3,7.592718962151245e-6,7,4
57783,10,2.839370023294192e-7,7,4
57783,12,0,7,4
57864,7,1.9637597489566942e-5,1,6
57864,2,1.0393503666940456e-5,1,6
57864,13,2.328815764630347e-5,1,6
57864,5,1.5523608018839975e-5,1,6
57864,1,9.567416510519664e-6,1,6
57864,19,2.051584002363425e-5,1,6
57864,17,2.3445150499281636e-5,1,6
57864,11,1.8026887102112803e-5,1,6
57864,6,2.0795280857597385e-5,1,6
57864,9,2.313835719514983e-5,1,6
57864,4,9.056074867267548e-6,1,6
57864,8,2.066131026612827e-5,1,6
57864,3,1.0202716105390736e-5,1,6
57864,10,2.9245511239930173e-5,1,6
57864,12,2.600560728175917e-5,1,6
57865,7,1.0379872958771098e-4,6,3
57865,2,7.362533273257009e-4,6,3
57865,13,6.535708758801296e-5,6,3
57865,5,2.597471313574914e-4,6,3
57865,1,8.178691507932113e-4,6,3
57865,19,6.154752007090274e-5,6,3
57865,17,5.318046332763883e-5,6,3
57865,11,6.0840743969630706e-5,6,3
57865,6,1.235484333304315e-4,6,3
57865,9,7.157465159033014e-5,6,3
57865,4,4.503655693606515e-4,6,3
57865,8,8.555901558922349e-5,6,3
57865,3,8.043536650528976e-4,6,3
57865,10,5.281228243327196e-5,6,3
57865,12,5.555743373830368e-5,6,3
