ID,time,frequency,cluster,cluster_orig
155,18,6.060058818930897e-6,4,1
155,11,3.872944112167125e-5,4,1
155,15,0,4,1
155,7,1.2484078969841376e-4,4,1
155,9,8.520409576088322e-5,4,1
155,5,1.2720456441778273e-5,4,1
155,3,1.0099638780575008e-4,4,1
155,13,9.321515794183502e-6,4,1
155,4,7.668177065179504e-5,4,1
155,6,1.693121486589941e-4,4,1
155,17,5.2962001800708065e-6,4,1
155,8,9.5073384028618275e-05,4,1
155,2,1.372648662317329e-4,4,1
155,10,6.113292656663209e-5,4,1
155,16,4.743267270913743e-6,4,1
155,12,3.612448497522463e-5,4,1
179,18,0,3,2
179,11,1.0411140086470763e-5,3,2
179,15,6.322231494828415e-7,3,2
179,7,1.2484078969841376e-4,3,2
179,9,3.088648471332017e-5,3,2
179,5,3.0091829770081724e-4,3,2
179,3,3.5064027813865755e-5,3,2
179,13,3.5357473702075353e-6,3,2
179,4,9.095586648741058e-5,3,2
179,6,1.4711127614030757e-4,3,2
179,17,0,3,2
179,8,5.7201828564936303e-05,3,2
179,2,2.49080230637464e-5,3,2
179,10,2.327395681470765e-5,3,2
179,16,1.6940240253263368e-6,3,2
179,12,6.020747495870771e-6,3,2
547,18,0,3,2
547,11,0,3,2
547,15,0,3,2
547,7,3.331640706675459e-5,3,2
547,9,1.1360546101451096e-5,3,2
547,5,1.152791365036156e-4,3,2
547,3,1.2587086907541552e-5,3,2
547,13,9.642947373293278e-7,3,2
547,4,8.962804361898123e-6,3,2
547,6,4.2450019980785264e-5,3,2
547,17,0,3,2
547,8,1.1045870343573907e-5,3,2
547,2,6.497745147064278e-6,3,2
547,10,0,3,2
547,16,0,3,2
547,12,1.003457915978462e-6,3,2
601,18,3.0300294094654485e-6,3,2
601,11,5.788593888077746e-5,3,2
601,15,5.373896770604152e-6,3,2
601,7,9.627292800669084e-4,3,2
601,9,2.566773384796607e-4,3,2
601,5,0.00281320844495202,3,2
601,3,2.637294399675373e-5,3,2
601,13,2.989313685720916e-5,3,2
601,4,6.662351242344272e-4,3,2
601,6,0.00146232999864843,3,2
601,17,2.444400083109603e-6,3,2
601,8,5.877981004258973e-4,3,2
601,2,4.60256947917053e-6,3,2
601,10,1.2785160276879403e-4,3,2
601,16,4.065657660783208e-6,3,2
601,12,3.6458970947217445e-5,3,2
643,18,0,3,2
643,11,1.4992041724517902e-5,3,2
643,15,0,3,2
643,7,7.697238874043303e-5,3,2
643,9,1.5975767955165604e-5,3,2
643,5,2.4884392914228747e-4,3,2
643,3,2.996925454176561e-7,3,2
643,13,9.642947373293278e-7,3,2
643,4,8.796826503344454e-5,3,2
643,6,1.2100695350844536e-4,3,2
643,17,1.629600055406402e-6,3,2
643,8,5.325687487080277e-5,3,2
643,2,0,3,2
643,10,1.4895332361412898e-5,3,2
643,16,3.3880480506526733e-7,3,2
643,12,5.017289579892309e-6,3,2
743,18,3.0300294094654485e-6,3,2
743,11,2.457029060407101e-5,3,2
743,15,3.7933388968970488e-6,3,2
743,7,2.3053421901363523e-4,3,2
743,9,6.567815714901416e-5,3,2
743,5,7.298361883470284e-4,3,2
743,3,5.993850908353121e-7,3,2
743,13,1.0607242110622609e-5,3,2
743,4,1.447326926587993e-4,3,2
743,6,3.686320700630261e-4,3,2
743,17,4.074000138516005e-7,3,2
743,8,1.4990824037707445e-4,3,2
743,2,1.3266229675256234e-5,3,2
743,10,3.4445456085767324e-5,3,2
743,16,2.3716336354568714e-6,3,2
743,12,1.0703551103770258e-5,3,2
956,18,5.757055877984352e-6,3,2
956,11,5.830238448423628e-5,3,2
956,15,4.1094504716384695e-6,3,2
956,7,5.529757678665935e-4,3,2
956,9,1.7253829391578854e-4,3,2
956,5,0.00135075346841133,3,2
956,3,3.3865257632195134e-5,3,2
956,13,1.0607242110622609e-5,3,2
956,4,4.1328486779863567e-4,3,2
956,6,7.038408485319856e-4,3,2
956,17,5.2962001800708065e-6,3,2
956,8,2.7180730952580076e-4,3,2
956,2,2.978133192404461e-6,3,2
956,10,8.657911935071246e-5,3,2
956,16,5.420876881044277e-6,3,2
956,12,4.047280261113129e-5,3,2
1135,18,0,6,3
1135,11,2.9151192242118143e-6,6,3
1135,15,6.322231494828415e-7,6,3
1135,7,1.6083782721881526e-5,6,3
1135,9,1.207058023279179e-5,6,3
1135,5,1.3912999233194983e-5,6,3
1135,3,1.1957732562164476e-4,6,3
1135,13,6.750063161305295e-6,6,3
1135,4,4.846553469767133e-5,6,3
1135,6,1.4881903556482192e-5,6,3
1135,17,0,6,3
1135,8,1.1834861082400614e-5,6,3
1135,2,1.9195422121952389e-4,6,3
1135,10,4.65479136294153e-6,6,3
1135,16,3.3880480506526733e-7,6,3
1135,12,2.341401803949744e-6,6,3
1146,18,0,3,2
1146,11,9.578248879553104e-6,3,2
1146,15,3.477227322155628e-6,3,2
1146,7,1.478176221582445e-4,3,2
1146,9,3.976191135507884e-5,3,2
1146,5,4.591289746954345e-4,3,2
1146,3,1.069902387141032e-4,3,2
1146,13,7.071494740415071e-6,3,2
1146,4,1.613304785141662e-4,3,2
1146,6,2.515285666677564e-4,3,2
1146,17,4.074000138516005e-7,3,2
1146,8,8.678898127093785e-5,3,2
1146,2,1.1316906131136952e-4,3,2
1146,10,2.9790664722825795e-5,3,2
1146,16,0,3,2
1146,12,6.689719439856412e-6,3,2
1244,18,6.666064700823986e-6,3,2
1244,11,1.4992041724517903e-4,3,2
1244,15,1.5805578737071035e-5,3,2
1244,7,0.00177381146589893,3,2
1244,9,6.131144724126888e-4,3,2
1244,5,0.00520584679879775,3,2
1244,3,8.151637235360244e-5,3,2
1244,13,5.2071915815783706e-5,3,2
1244,4,0.0011810984414679,3,2
1244,6,0.00283268495400515,3,2
1244,17,1.4259000484806016e-5,3,2
1244,8,0.00116336684439998,3,2
1244,2,1.461992658089463e-4,3,2
1244,10,3.1931868749778897e-4,3,2
1244,16,1.4229801812741228e-5,3,2
1244,12,8.997672646606875e-5,3,2
1394,18,9.090088228396344e-7,3,2
1394,11,9.994694483011935e-6,3,2
1394,15,1.264446298965683e-6,3,2
1394,7,1.3632920592832913e-4,3,2
1394,9,3.3371604173012593e-5,3,2
1394,5,4.539612892659621e-4,3,2
1394,3,2.097847817923592e-6,3,2
1394,13,6.428631582195519e-7,3,2
1394,4,1.6332221281681024e-4,3,2
1394,6,2.081026841586772e-4,3,2
1394,17,2.0370000692580023e-6,3,2
1394,8,6.627522206144344e-5,3,2
1394,2,2.707393811276783e-7,3,2
1394,10,1.955012372435443e-5,3,2
1394,16,1.3552192202610691e-6,3,2
1394,12,5.351775551885129e-6,3,2
1419,18,0,3,2
1419,11,0,3,2
1419,15,0,3,2
1419,7,5.935681718789611e-5,3,2
1419,9,7.455358379077282e-6,3,2
1419,5,1.6655847653453e-4,3,2
1419,3,2.996925454176561e-7,3,2
1419,13,0,3,2
1419,4,3.8174907467343854e-5,3,2
1419,6,8.319228053705619e-5,3,2
1419,17,0,3,2
1419,8,2.05137592094944e-5,3,2
1419,2,1.082957524510713e-6,3,2
1419,10,1.861916545176612e-6,3,2
1419,16,0,3,2
1419,12,6.689719439856411e-7,3,2
1476,18,8.241679993746019e-5,2,4
1476,11,1.0827585689929596e-4,2,4
1476,15,8.693068305389071e-5,2,4
1476,7,3.523114310507382e-5,2,4
1476,9,5.822279876993687e-5,2,4
1476,5,7.95028527611142e-7,2,4
1476,3,2.7571714178424354e-5,2,4
1476,13,1.0446526321067718e-4,2,4
1476,4,1.9917343026440273e-5,2,4
1476,6,2.9763807112964383e-5,2,4
1476,17,1.1977560407237052e-4,2,4
1476,8,4.655045359077575e-5,2,4
1476,2,2.6803198731640147e-5,2,4
1476,10,8.782039704749687e-5,2,4
1476,16,1.0841753762088556e-4,2,4
1476,12,1.023527074298031e-4,2,4
1637,18,6.969067641770531e-6,3,2
1637,11,9.328381517477806e-5,3,2
1637,15,7.902789368535517e-6,3,2
1637,7,0.00124534431932282,3,2
1637,9,4.1430491563729466e-4,3,2
1637,5,0.00309464854372637,3,2
1637,3,8.52924984258649e-4,3,2
1637,13,3.407174738563625e-5,3,2
1637,4,8.916330561503095e-4,3,2
1637,6,0.00173532754093865,3,2
1637,17,6.5184002216256075e-6,3,2
1637,8,7.949081693679079e-4,3,2
1637,2,7.878515990815437e-4,3,2
1637,10,2.1225848615013377e-4,3,2
1637,16,1.0841753762088556e-5,3,2
1637,12,7.860420341831284e-5,3,2
1776,18,0,6,3
1776,11,8.328912069176612e-6,6,3
1776,15,0,6,3
1776,7,1.8381465967864604e-5,6,3
1776,9,9.585460773099364e-6,6,3
1776,5,5.763956825180779e-5,6,3
1776,3,2.1757678797321828e-4,6,3
1776,13,6.750063161305295e-6,6,3
1776,4,9.991867084930872e-5,6,3
1776,6,4.806122951847528e-5,6,3
1776,17,0,6,3
1776,8,2.0908254578907753e-5,6,3
1776,2,2.1686224428327027e-4,6,3
1776,10,3.1031942419610203e-6,6,3
1776,16,0,6,3
1776,12,1.003457915978462e-6,6,3
1792,18,0.00366027552663426,3,2
1792,11,0.00561993341867691,3,2
1792,15,0.00358217636496978,3,2
1792,7,0.01427933547936948,3,2
1792,9,0.00807699326106605,3,2
1792,5,0.03343532224295038,3,2
1792,3,0.00112324766022537,3,2
1792,13,0.00510111916047214,3,2
1792,4,0.00887384022971335,3,2
1792,6,0.02070414336591575,3,2
1792,17,0.00383363413034356,3,2
1792,8,0.01058352177062145,3,2
1792,2,0.00108864305151439,3,2
1792,10,0.00701601186164967,3,2
1792,16,0.00356253252526128,3,2
1792,12,0.0052969198524783,3,2
1802,18,3.2421314681280294e-5,3,2
1802,11,2.7152253345515755e-4,3,2
1802,15,3.919783526793617e-5,3,2
1802,7,0.00243209771587308,3,2
1802,9,8.506208893461508e-4,3,2
1802,5,0.00620599268653257,3,2
1802,3,3.5064027813865755e-5,3,2
1802,13,9.675090531204256e-5,3,2
1802,4,0.00129163969526465,3,2
1802,6,0.00350115078588649,3,2
1802,17,2.0777400706431623e-5,3,2
1802,8,0.00154287138977562,3,2
1802,2,8.392920814958026e-6,3,2
1802,10,4.664100945667413e-4,3,2
1802,16,3.760733336224468e-5,3,2
1802,12,1.495152294807908e-4,3,2
1868,18,0,6,3
1868,11,6.246684051882459e-6,6,3
1868,15,0,6,3
1868,7,2.1445043629175368e-5,6,3
1868,9,9.94047783876971e-6,6,3
1868,5,6.757742484694707e-6,6,3
1868,3,1.3815826343753943e-4,6,3
1868,13,8.357221056854175e-6,6,3
1868,4,3.4855350296270476e-5,6,3
1868,6,1.8785353669657847e-5,6,3
1868,17,0,6,3
1868,8,1.5779814776534154e-5,6,3
1868,2,7.688998424026062e-5,6,3
1868,10,9.930221574275264e-6,6,3
1868,16,0,6,3
1868,12,1.3379438879712823e-6,6,3
1890,18,9.090088228396344e-7,4,1
1890,11,1.5408487327976732e-5,4,1
1890,15,4.42556204637989e-6,4,1
1890,7,2.1062096421511525e-5,4,1
1890,9,1.3845665561143525e-5,4,1
1890,5,3.180114110444568e-6,4,1
1890,3,4.135757126763653e-5,4,1
1890,13,2.892884211987984e-6,4,1
1890,4,1.4606051552722867e-5,4,1
1890,6,2.512846010356829e-5,4,1
1890,17,5.2962001800708065e-6,4,1
1890,8,1.854128236242763e-5,4,1
1890,2,6.091636075372761e-5,4,1
1890,10,6.2063884839220405e-6,4,1
1890,16,0,4,1
1890,12,1.0034579159784618e-5,4,1
2068,18,5.757055877984352e-6,3,2
2068,11,9.619893439898988e-5,3,2
2068,15,1.2328351414915408e-5,3,2
2068,7,9.221368760545408e-4,3,2
2068,9,2.7904341361689256e-4,3,2
2068,5,0.00207065180016321,3,2
2068,3,3.4764335268448096e-5,3,2
2068,13,3.664320001851446e-5,3,2
2068,4,5.659844976680111e-4,3,2
2068,6,0.00128935836550833,3,2
2068,17,9.37020031858681e-6,3,2
2068,8,5.680733319552295e-4,3,2
2068,2,5.523083375004637e-5,3,2
2068,10,1.7719239121597426e-4,3,2
2068,16,6.098486491174813e-6,3,2
2068,12,6.823513828653541e-5,3,2
2105,18,3.605734997263883e-5,3,2
2105,11,2.04058345694827e-4,3,2
2105,15,6.069342235035278e-5,3,2
2105,7,9.89152637395714e-4,3,2
2105,9,4.664924242908357e-4,3,2
2105,5,0.00272893542102524,3,2
2105,3,5.364496562976043e-5,3,2
2105,13,1.2632261059014195e-4,3,2
2105,4,5.228302544440571e-4,3,2
2105,6,0.00141304894096958,3,2
2105,17,4.562880155137925e-5,3,2
2105,8,6.998347853392897e-4,3,2
2105,2,3.194724697306603e-5,3,2
2105,10,2.913899393201398e-4,3,2
2105,16,4.065657660783208e-5,3,2
2105,12,1.3078401504919285e-4,3,2
2203,18,0,3,2
2203,11,2.123872577640036e-5,3,2
2203,15,2.212781023189945e-6,3,2
2203,7,2.5427694588879367e-4,3,2
2203,9,8.307399336686115e-5,3,2
2203,5,7.779354142675025e-4,3,2
2203,3,1.8700814834061736e-4,3,2
2203,13,8.357221056854175e-6,3,2
2203,4,2.575976364752942e-4,3,2
2203,6,4.208407153267505e-4,3,2
2203,17,8.148000277032009e-7,3,2
2203,8,1.530642033323813e-4,3,2
2203,2,1.318500786091793e-4,3,2
2203,10,4.0962163993885466e-5,3,2
2203,16,5.0820720759790105e-6,3,2
2203,12,1.13725230477559e-5,3,2
2428,18,2.121020586625814e-6,3,2
2428,11,3.2066311466329956e-5,3,2
2428,15,5.057785195862732e-6,3,2
2428,7,1.7156034903340297e-4,3,2
2428,9,1.2283590472193998e-4,3,2
2428,5,2.3373838711767577e-4,3,2
2428,3,1.4085549634629834e-5,3,2
2428,13,1.1250105268842158e-5,3,2
2428,4,4.4482066092383274e-5,3,2
2428,6,2.2542424403589417e-4,3,2
2428,17,2.851800096961203e-6,3,2
2428,8,1.0533026363336547e-4,3,2
2428,2,8.392920814958026e-6,3,2
2428,10,6.764963447475023e-5,3,2
2428,16,5.0820720759790105e-6,3,2
2428,12,3.24451392833036e-5,3,2
2465,18,9.090088228396344e-7,6,3
2465,11,3.748010431129475e-6,6,3
2465,15,0,6,3
2465,7,1.7998518760200757e-5,6,3
2465,9,9.585460773099364e-6,6,3
2465,5,3.577628374250139e-6,6,3
2465,3,8.870899344362618e-5,6,3
2465,13,0,6,3
2465,4,2.5560590217265015e-5,6,3
2465,6,2.5372425735641768e-5,6,3
2465,17,0,6,3
2465,8,1.02568796047472e-5,6,3
2465,2,2.5178762444874077e-5,6,3
2465,10,5.585749635529836e-6,6,3
2465,16,2.3716336354568714e-6,6,3
2465,12,4.3483176359066675e-6,6,3
2595,18,3.030029409465449e-7,6,3
2595,11,2.498673620752984e-6,6,3
2595,15,3.1611157474142073e-7,6,3
2595,7,6.203744764154303e-5,6,3
2595,9,2.0235972743209765e-5,6,3
2595,5,1.7490627607445123e-4,6,3
2595,3,1.6632936270679908e-4,6,3
2595,13,1.9285894746586556e-6,6,3
2595,4,1.2149579246128568e-4,6,3
2595,6,9.343883708414229e-5,6,3
2595,17,0,6,3
2595,8,4.536696748253569e-5,6,3
2595,2,1.681291556802882e-4,6,3
2595,10,1.1171499271059673e-5,6,3
2595,16,6.776096101305347e-7,6,3
2595,12,2.6758877759425646e-6,6,3
2694,18,3.030029409465449e-7,6,3
2694,11,0,6,3
2694,15,0,6,3
2694,7,6.893049737949226e-6,6,3
2694,9,3.550170656703468e-6,6,3
2694,5,7.155256748500278e-6,6,3
2694,3,4.97489625393309e-5,6,3
2694,13,0,6,3
2694,4,2.157712161197696e-5,6,3
2694,6,2.04931130941722e-5,6,3
2694,17,0,6,3
2694,8,4.733944432960246e-6,6,3
2694,2,5.0357524889748154e-5,6,3
2694,10,1.241277696784408e-6,6,3
2694,16,0,6,3
2694,12,3.344859719928206e-6,6,3
2746,18,0,6,3
2746,11,1.582493293143556e-5,6,3
2746,15,0,6,3
2746,7,1.4934941098889987e-5,6,3
2746,9,6.390307182066242e-6,6,3
2746,5,2.2658313036917547e-5,6,3
2746,3,4.645234453973668e-5,6,3
2746,13,3.5357473702075353e-6,6,3
2746,4,2.4232767348835665e-5,6,3
2746,6,1.6345697348923063e-5,6,3
2746,17,4.074000138516005e-7,6,3
2746,8,8.678898127093784e-6,6,3
2746,2,2.436654430149104e-5,6,3
2746,10,1.6446929482393408e-5,6,3
2746,16,5.420876881044277e-6,6,3
2746,12,3.0103737479353854e-6,6,3
2775,18,3.0300294094654485e-6,6,3
2775,11,4.914058120814201e-5,6,3
2775,15,0,6,3
2775,7,2.098550697997875e-4,6,3
2775,9,9.94047783876971e-5,6,3
2775,5,4.782096593581019e-4,6,3
2775,3,6.937882426418737e-4,6,3
2775,13,7.392926319524847e-6,6,3
2775,4,3.382628757323773e-4,6,3
2775,6,4.662183228924175e-4,6,3
2775,17,1.629600055406402e-6,6,3
2775,8,1.0888072195808564e-4,6,3
2775,2,7.458869950067536e-4,6,3
2775,10,4.9340788447180224e-5,6,3
2775,16,6.098486491174813e-6,6,3
2775,12,1.739327054362667e-5,6,3
2856,18,0,4,1
2856,11,6.246684051882459e-6,4,1
2856,15,1.5805578737071037e-6,4,1
2856,7,2.833809336712459e-5,4,1
2856,9,2.2366075137231847e-5,4,1
2856,5,4.372656901861281e-6,4,1
2856,3,3.9559415995130594e-5,4,1
2856,13,1.9285894746586556e-6,4,1
2856,4,1.5933874421152217e-5,4,1
2856,6,4.09862261883444e-5,4,1
2856,17,0,4,1
2856,8,2.485320827304129e-5,4,1
2856,2,2.5720241207129436e-5,4,1
2856,10,1.7377887754981712e-5,4,1
2856,16,2.032828830391604e-6,4,1
2856,12,6.689719439856412e-6,4,1
2890,18,2.7270264685189036e-6,3,2
2890,11,5.871883008769512e-5,3,2
2890,15,5.057785195862732e-6,3,2
2890,7,7.161112783313917e-4,3,2
2890,9,2.1194518820519704e-4,3,2
2890,5,0.00222568236304739,3,2
2890,3,4.195695635847184e-6,3,2
2890,13,4.178610528427088e-6,3,2
2890,4,3.9834686052880544e-4,3,2
2890,6,0.00111101948846262,3,2
2890,17,4.074000138516005e-6,3,2
2890,8,4.42623804481783e-4,3,2
2890,2,3.790351335787496e-6,3,2
2890,10,1.0147445171212536e-4,3,2
2890,16,4.404462465848476e-6,3,2
2890,12,2.809682164739693e-5,3,2
2904,18,0,3,2
2904,11,4.997347241505968e-6,3,2
2904,15,1.5805578737071037e-6,3,2
2904,7,1.2637257852906912e-5,3,2
2904,9,9.585460773099364e-6,3,2
2904,5,3.2596169632056825e-5,3,2
2904,3,1.588370490713577e-5,3,2
2904,13,9.000084215073727e-6,3,2
2904,4,1.1286494381649488e-5,3,2
2904,6,3.0983635273331774e-5,3,2
2904,17,1.629600055406402e-6,3,2
2904,8,1.1440365712987262e-5,3,2
2904,2,1.4078447818639269e-5,3,2
2904,10,6.2063884839220405e-6,3,2
2904,16,2.3716336354568714e-6,3,2
2904,12,8.362149299820515e-6,3,2
2970,18,3.333032350411993e-6,6,3
2970,11,2.748540982828282e-5,6,3
2970,15,6.638343069569835e-6,6,3
2970,7,4.7868400957980735e-5,6,3
2970,9,2.20110580715615e-5,6,3
2970,5,9.500590904953148e-5,6,3
2970,3,7.102713326398448e-5,6,3
2970,13,9.64294737329328e-6,6,3
2970,4,2.8548191671231057e-5,6,3
2970,6,8.807159317852575e-5,6,3
2970,17,9.777600332438412e-6,6,3
2970,8,3.9844032310748735e-5,6,3
2970,2,6.497745147064278e-5,6,3
2970,10,3.6307372630943933e-5,6,3
2970,16,9.486534541827486e-6,6,3
2970,12,2.10726162355477e-5,6,3
3073,18,0,6,3
3073,11,4.164456034588306e-7,6,3
3073,15,0,6,3
3073,7,5.744208114957688e-6,6,3
3073,9,1.420068262681387e-6,6,3
3073,5,1.1130399386555988e-5,6,3
3073,3,5.8140353811025266e-5,6,3
3073,13,0,6,3
3073,4,3.120383740808976e-5,6,3
3073,6,9.026728386718706e-6,6,3
3073,17,0,6,3
3073,8,4.339449063546892e-6,6,3
3073,2,4.683791293508834e-5,6,3
3073,10,1.861916545176612e-6,6,3
3073,16,3.3880480506526733e-7,6,3
3073,12,0,6,3
3155,18,6.060058818930897e-7,6,3
3155,11,4.164456034588306e-6,6,3
3155,15,0,6,3
3155,7,1.953030759085614e-5,6,3
3155,9,6.035290116395895e-6,6,3
3155,5,2.822351273019554e-5,6,3
3155,3,2.6672636542171388e-5,6,3
3155,13,1.6071578955488798e-6,6,3
3155,4,1.2282361532971502e-5,6,3
3155,6,2.342070067905394e-5,6,3
3155,17,0,6,3
3155,8,9.467888865920491e-6,6,3
3155,2,7.066297847432402e-5,6,3
3155,10,1.1481818695255776e-5,6,3
3155,16,2.032828830391604e-6,6,3
3155,12,3.0103737479353854e-6,6,3
3190,18,0,6,3
3190,11,4.164456034588306e-7,6,3
3190,15,3.1611157474142073e-7,6,3
3190,7,2.872104057478844e-5,6,3
3190,9,6.035290116395895e-6,6,3
3190,5,6.479482500030808e-5,6,3
3190,3,4.465418926723075e-5,6,3
3190,13,0,6,3
3190,4,5.112118043453003e-5,6,3
3190,6,2.73241507922296e-5,6,3
3190,17,0,6,3
3190,8,1.341284256005403e-5,6,3
3190,2,2.328358677698033e-5,6,3
3190,10,1.861916545176612e-6,6,3
3190,16,3.3880480506526733e-7,6,3
3190,12,2.6758877759425646e-6,6,3
3459,18,0,6,3
3459,11,1.2493368103764918e-5,6,3
3459,15,9.483347242242622e-7,6,3
3459,7,1.1909658158345606e-4,6,3
3459,9,4.650723560281543e-5,6,3
3459,5,3.8837143573804286e-4,6,3
3459,3,0.00111455657640826,6,3
3459,13,0,6,3
3459,4,5.709638334246212e-4,6,3
3459,6,1.9175698680975415e-4,6,3
3459,17,0,6,3
3459,8,5.877981004258972e-5,6,3
3459,2,0.00118394331367133,6,3
3459,10,2.141204026953104e-5,6,3
3459,16,1.151936337221909e-5,6,3
3459,12,1.2710466935727182e-5,6,3
3569,18,0.00117625741675448,1,6
3569,11,0.00208431024531144,1,6
3569,15,0.00179551374453126,1,6
3569,7,0.00187299479268387,1,6
3569,9,0.00196750457794506,1,6
3569,5,0.00230796781565514,1,6
3569,3,5.424435072059574e-5,1,6
3569,13,0.00204301911682173,1,6
3569,4,3.595080416272469e-4,1,6
3569,6,0.00196538713198394,1,6
3569,17,0.00134319784566872,1,6
3569,8,0.00188213740747111,1,6
3569,2,6.389449394613207e-5,1,6
3569,10,0.00191684308325932,1,6
3569,16,0.00139689221128409,1,6
3569,12,0.00192195639507074,1,6
3588,18,2.4240235275723587e-6,6,3
3588,11,1.1244031293388426e-5,6,3
3588,15,9.483347242242622e-7,6,3
3588,7,1.160330039221453e-4,6,3
3588,9,6.390307182066241e-5,6,3
3588,5,3.716758366582089e-4,6,3
3588,3,1.1508193744037993e-4,6,3
3588,13,0,6,3
3588,4,1.0622582947434811e-4,6,3
3588,6,2.0737078726245676e-4,6,3
3588,17,4.888800166219206e-6,6,3
3588,8,9.073393496507136e-5,6,3
3588,2,9.394656525130437e-5,6,3
3588,10,2.4515234511492055e-5,6,3
3588,16,2.3716336354568714e-6,6,3
3588,12,8.696635271813335e-6,6,3
3693,18,3.030029409465449e-7,3,2
3693,11,8.328912069176612e-7,3,2
3693,15,9.483347242242622e-7,3,2
3693,7,3.867766797404843e-5,3,2
3693,9,8.520409576088322e-6,3,2
3693,5,1.23229421779727e-4,3,2
3693,3,2.996925454176561e-7,3,2
3693,13,2.250021053768432e-6,3,2
3693,4,5.3776826171388736e-5,3,2
3693,6,6.538278939569225e-5,3,2
3693,17,0,3,2
3693,8,2.2091740687147815e-5,3,2
3693,2,1.7327320392171407e-5,3,2
3693,10,9.930221574275264e-6,3,2
3693,16,0,3,2
3693,12,0,3,2
3744,18,0.0031475945505527,1,6
3744,11,0.00230794153436883,1,6
3744,15,0.00268220671168095,1,6
3744,7,3.519284838430744e-4,1,6
3744,9,8.02693585480654e-4,1,6
3744,5,2.015397317494245e-4,1,6
3744,3,2.460475797878956e-4,1,6
3744,13,0.00278391890666976,1,6
3744,4,1.6830154857342032e-4,1,6
3744,6,4.1791312774186874e-4,1,6
3744,17,0.00302738950293124,1,6
3744,8,5.325687487080276e-4,1,6
3744,2,2.5259984259212384e-4,1,6
3744,10,0.00150132537426074,1,6
3744,16,0.00303331941974933,1,6
3744,12,0.00233906040214579,1,6
3764,18,0,6,3
3764,11,1.6657824138353223e-6,6,3
3764,15,3.477227322155628e-6,6,3
3764,7,1.1488416229915376e-5,6,3
3764,9,5.3252559850552015e-6,6,3
3764,5,8.745313803722562e-6,6,3
3764,3,7.372436617274339e-5,6,3
3764,13,6.428631582195519e-7,6,3
3764,4,7.70137263689024e-5,6,3
3764,6,1.195431597160045e-5,6,3
3764,17,1.629600055406402e-6,6,3
3764,8,6.706421280027015e-6,6,3
3764,2,8.203403248168651e-5,6,3
3764,10,1.0550860422667469e-5,6,3
3764,16,0,6,3
3764,12,2.6758877759425646e-6,6,3
3820,18,0,3,2
3820,11,1.290981370722375e-5,3,2
3820,15,0,3,2
3820,7,1.0033216840792762e-4,3,2
3820,9,5.893283290127757e-5,3,2
3820,5,2.607693570564546e-4,3,2
3820,3,3.2966179995942165e-5,3,2
3820,13,6.428631582195519e-6,3,2
3820,4,8.033328353997576e-5,3,2
3820,6,1.1856729718771058e-4,3,2
3820,17,0,3,2
3820,8,5.6018342456696245e-5,3,2
3820,2,5.8479706323578504e-5,3,2
3820,10,2.2342998542119345e-5,3,2
3820,16,0,3,2
3820,12,5.017289579892309e-6,3,2
4005,18,1.818017645679269e-6,6,3
4005,11,5.413792844964798e-6,6,3
4005,15,1.264446298965683e-6,6,3
4005,7,2.1445043629175368e-5,6,3
4005,9,1.0295494904440057e-5,6,3
4005,5,6.0422168098446795e-5,6,3
4005,3,9.799946235157353e-5,6,3
4005,13,1.1250105268842158e-5,6,3
4005,4,5.4440737605603414e-5,6,3
4005,6,2.5372425735641768e-5,6,3
4005,17,1.2222000415548017e-6,6,3
4005,8,1.4990824037707445e-5,6,3
4005,2,1.207497639829445e-4,6,3
4005,10,5.585749635529836e-6,6,3
4005,16,1.6940240253263368e-6,6,3
4005,12,3.344859719928206e-6,6,3
4213,18,0,3,2
4213,11,1.290981370722375e-5,3,2
4213,15,9.483347242242622e-7,3,2
4213,7,1.6390140488012602e-4,3,2
4213,9,3.7986826026727106e-5,3,2
4213,5,4.4720354678126737e-4,3,2
4213,3,1.198770181670624e-6,3,2
4213,13,8.035789477744399e-6,3,2
4213,4,1.4938007269830206e-4,3,2
4213,6,1.7126387371558193e-4,3,2
4213,17,0,3,2
4213,8,8.599999053211113e-5,3,2
4213,2,1.082957524510713e-6,3,2
4213,10,1.0550860422667469e-5,3,2
4213,16,0,3,2
4213,12,6.020747495870771e-6,3,2
4369,18,3.939038232305083e-6,3,2
4369,11,3.414853948362411e-5,3,2
4369,15,1.5805578737071037e-6,3,2
4369,7,2.7112662302600286e-4,3,2
4369,9,9.585460773099364e-5,3,2
4369,5,7.33016302457473e-4,3,2
4369,3,1.4804811743632208e-4,3,2
4369,13,3.5357473702075353e-6,3,2
4369,4,2.831582266925592e-4,3,2
4369,6,4.6548642599619707e-4,3,2
4369,17,8.148000277032009e-7,3,2
4369,8,1.5819264313475488e-4,3,2
4369,2,2.439361823960381e-4,3,2
4369,10,4.0651844569689366e-5,3,2
4369,16,2.7104384405221387e-6,3,2
4369,12,1.103803707576308e-5,3,2
4572,18,0,6,3
4572,11,8.328912069176612e-7,6,3
4572,15,0,6,3
4572,7,4.978313699629996e-6,6,3
4572,9,3.195153591033121e-6,6,3
4572,5,1.0335370858944848e-5,6,3
4572,3,5.184681035725449e-5,6,3
4572,13,0,6,3
4572,4,5.908811764510614e-5,6,3
4572,6,5.855175169763485e-6,6,3
4572,17,0,6,3
4572,8,1.5779814776534152e-6,6,3
4572,2,1.0504687987753917e-4,6,3
4572,10,2.172235969372714e-6,6,3
4572,16,3.3880480506526733e-7,6,3
4572,12,3.344859719928206e-7,6,3
4753,18,4.242041173251628e-6,6,3
4753,11,6.246684051882459e-6,6,3
4753,15,5.373896770604152e-6,6,3
4753,7,1.9913254798519984e-5,6,3
4753,9,1.9525938611869072e-5,6,3
4753,5,0,6,3
4753,3,9.140622635238508e-5,6,3
4753,13,2.892884211987984e-6,6,3
4753,4,1.8257564440903584e-5,6,3
4753,6,2.2444838150760023e-5,6,3
4753,17,2.444400083109603e-6,6,3
4753,8,1.4596328668294092e-5,6,3
4753,2,7.85144205270267e-6,6,3
4753,10,1.365405466462849e-5,6,3
4753,16,0,6,3
4753,12,6.689719439856411e-7,6,3
4785,18,6.060058818930897e-7,3,2
4785,11,3.0816974655953463e-5,3,2
4785,15,1.296057456439825e-5,3,2
4785,7,2.971670331471444e-4,3,2
4785,9,1.1112034155481856e-4,3,2
4785,5,6.141595375796072e-4,3,2
4785,3,9.590161453364992e-6,3,2
4785,13,2.1857347379464764e-5,3,2
4785,4,1.6630981427077628e-4,3,2
4785,6,3.7253552017620176e-4,3,2
4785,17,7.74060026318041e-6,3,2
4785,8,2.1855043465499803e-4,3,2
4785,2,7.85144205270267e-6,3,2
4785,10,6.733931505055414e-5,3,2
4785,16,9.14772973676222e-6,3,2
4785,12,2.207607415152616e-5,3,2
4841,18,0,3,2
4841,11,1.7907160948729716e-5,3,2
4841,15,1.8966694484485244e-6,3,2
4841,7,2.221093804450306e-4,3,2
4841,9,8.34290104325315e-5,3,2
4841,5,6.165446231624406e-4,3,2
4841,3,4.645234453973668e-5,3,2
4841,13,5.142905265756415e-6,3,2
4841,4,1.2846686252053976e-4,3,2
4841,6,3.774148328176713e-4,3,2
4841,17,2.444400083109603e-6,3,2
4841,8,1.3294493949230025e-4,3,2
4841,2,6.172857889711064e-5,3,2
4841,10,4.778919132619971e-5,3,2
4841,16,1.016414415195802e-6,3,2
4841,12,1.13725230477559e-5,3,2
5030,18,9.39309116934289e-6,3,2
5030,11,9.328381517477806e-5,3,2
5030,15,1.9598917633968084e-5,3,2
5030,7,9.696223298048576e-4,3,2
5030,9,2.7904341361689256e-4,3,2
5030,5,0.00262558171243579,3,2
5030,3,2.0079400542982952e-5,3,2
5030,13,3.4393178964746025e-5,3,2
5030,4,7.097213231754884e-4,3,2
5030,6,0.00141329290660166,3,2
5030,17,4.888800166219206e-6,3,2
5030,8,6.047614013106714e-4,3,2
5030,2,4.115238593140709e-5,3,2
5030,10,1.6043514230938474e-4,3,2
5030,16,1.0502948957023288e-5,3,2
5030,12,4.916943788294463e-5,3,2
5054,18,0,3,2
5054,11,1.1660476896847255e-5,3,2
5054,15,1.5805578737071037e-6,3,2
5054,7,8.960964659333993e-5,3,2
5054,9,2.449617753125393e-5,3,2
5054,5,2.345334156452869e-4,3,2
5054,3,1.198770181670624e-6,3,2
5054,13,0,3,2
5054,4,7.369416919782901e-5,3,2
5054,6,1.7589922072497804e-4,3,2
5054,17,0,3,2
5054,8,6.035779152024313e-5,3,2
5054,2,2.301284739585265e-5,3,2
5054,10,1.986044314855053e-5,3,2
5054,16,0,3,2
5054,12,3.344859719928206e-6,3,2
5300,18,2.4240235275723587e-6,3,2
5300,11,6.579840534649523e-5,3,2
5300,15,6.954454644311256e-6,3,2
5300,7,8.417179624451332e-4,3,2
5300,9,3.1845030790630106e-4,3,2
5300,5,0.00249320946258854,3,2
5300,3,4.195695635847184e-6,3,2
5300,13,2.7321684224330956e-5,3,2
5300,4,5.756112134641238e-4,3,2
5300,6,0.00126032645529159,3,2
5300,17,8.148000277032009e-7,3,2
5300,8,5.724127810187764e-4,3,2
5300,2,1.4078447818639269e-5,3,2
5300,10,1.697447250352678e-4,3,2
5300,16,4.404462465848476e-6,3,2
5300,12,3.5455513031238984e-5,3,2
5315,18,6.060058818930897e-6,6,3
5315,11,1.374270491414141e-5,6,3
5315,15,9.799458816984042e-6,6,3
5315,7,9.956627399259992e-6,6,3
5315,9,1.207058023279179e-5,6,3
5315,5,3.339119815966796e-5,6,3
5315,3,2.25668486699495e-4,6,3
5315,13,1.0928673689732382e-5,6,3
5315,4,1.540274527378048e-4,6,3
5315,6,1.0490522179159577e-5,6,3
5315,17,1.3851600470954416e-5,6,3
5315,8,8.28440275768043e-6,6,3
5315,2,2.2363072881146224e-4,6,3
5315,10,7.75798560490255e-6,6,3
5315,16,9.825339346892754e-6,6,3
5315,12,9.365607215798977e-6,6,3
5331,18,6.060058818930897e-7,6,3
5331,11,1.874005215564738e-5,6,3
5331,15,2.528892597931366e-6,6,3
5331,7,3.484819589740998e-5,6,3
5331,9,2.8401365253627743e-5,6,3
5331,5,3.180114110444568e-5,6,3
5331,3,2.6013312942252544e-4,6,3
5331,13,1.3821557901720366e-5,6,3
5331,4,1.4738833839565802e-4,6,3
5331,6,6.513882376361877e-5,6,3
5331,17,0,6,3
5331,8,2.485320827304129e-5,6,3
5331,2,2.450191399205488e-4,6,3
5331,10,1.7688207179177816e-5,6,3
5331,16,1.016414415195802e-6,6,3
5331,12,9.700093187791797e-6,6,3
5380,18,0,3,2
5380,11,1.415915051760024e-5,3,2
5380,15,1.5805578737071037e-6,3,2
5380,7,2.852956697095652e-4,3,2
5380,9,8.20089421698501e-5,3,2
5380,5,7.970160989301698e-4,3,2
5380,3,7.102713326398448e-5,3,2
5380,13,9.64294737329328e-6,3,2
5380,4,2.3104117910670717e-4,3,2
5380,6,3.988838084401374e-4,3,2
5380,17,3.666600124664405e-6,3,2
5380,8,1.9330273101254337e-4,3,2
5380,2,5.8479706323578504e-5,3,2
5380,10,3.878992802451275e-5,3,2
5380,16,2.7104384405221387e-6,3,2
5380,12,9.700093187791797e-6,3,2
5418,18,0,6,3
5418,11,2.9151192242118143e-6,6,3
5418,15,0,6,3
5418,7,8.807785776268455e-6,6,3
5418,9,4.260204788044161e-6,6,3
5418,5,4.2931540491001665e-5,6,3
5418,3,8.670105338932789e-4,6,3
5418,13,1.6071578955488798e-6,6,3
5418,4,3.850686318445119e-4,6,3
5418,6,2.024914746209872e-5,6,3
5418,17,4.074000138516005e-7,6,3
5418,8,8.678898127093784e-6,6,3
5418,2,7.169178812260921e-4,6,3
5418,10,6.2063884839220405e-6,6,3
5418,16,0,6,3
5418,12,4.0138316639138475e-6,6,3
5448,18,0,6,3
5448,11,1.6657824138353223e-6,6,3
5448,15,0,6,3
5448,7,3.829472076638459e-6,6,3
5448,9,0,6,3
5448,5,1.590057055222284e-6,6,3
5448,3,7.881913944484354e-5,6,3
5448,13,0,6,3
5448,4,7.369416919782901e-5,6,3
5448,6,4.391381377322614e-6,6,3
5448,17,0,6,3
5448,8,0,6,3
5448,2,7.797294176477134e-5,6,3
5448,10,9.30958272588306e-7,6,3
5448,16,1.016414415195802e-6,6,3
5448,12,3.344859719928206e-7,6,3
5698,18,4.545044114198172e-6,3,2
5698,11,9.578248879553104e-5,3,2
5698,15,1.6121690311812456e-5,3,2
5698,7,8.329101766688648e-4,3,2
5698,9,3.021195228854651e-4,3,2
5698,5,0.00181624267132765,3,2
5698,3,1.465496547092338e-4,3,2
5698,13,1.4464421059939918e-5,3,2
5698,4,4.806718783714253e-4,3,2
5698,6,0.00113395225787752,3,2
5698,17,6.925800235477208e-6,3,2
5698,8,5.562384708728289e-4,3,2
5698,2,1.134398006924972e-4,3,2
5698,10,1.6043514230938474e-4,3,2
5698,16,8.470120126631683e-6,3,2
5698,12,4.415214830305232e-5,3,2
5976,18,1.818017645679269e-6,3,2
5976,11,2.04058345694827e-5,3,2
5976,15,1.264446298965683e-6,3,2
5976,7,1.953030759085614e-4,3,2
5976,9,6.780825954303623e-5,3,2
5976,5,4.603215174868513e-4,3,2
5976,3,6.832990035522557e-5,3,2
5976,13,3.2143157910977595e-6,3,2
5976,4,1.0290627230327474e-4,3,2
5976,6,2.4201390701689073e-4,3,2
5976,17,0,3,2
5976,8,9.625687013685834e-5,3,2
5976,2,2.1117671727958906e-5,3,2
5976,10,2.6687470480864774e-5,3,2
5976,16,0,3,2
5976,12,1.0369065131777438e-5,3,2
6119,18,3.939038232305083e-6,3,2
6119,11,1.4575596121059073e-5,3,2
6119,15,0,3,2
6119,7,1.2330900086775836e-4,3,2
6119,9,3.656675776404572e-5,3,2
6119,5,4.193775483148774e-4,3,2
6119,3,1.198770181670624e-6,3,2
6119,13,1.1571536847951937e-5,3,2
6119,4,1.0323822802038208e-4,3,2
6119,6,2.1395785932844068e-4,3,2
6119,17,0,3,2
6119,8,9.23119164427248e-5,3,2
6119,2,2.707393811276783e-7,3,2
6119,10,3.10319424196102e-5,3,2
6119,16,2.032828830391604e-6,3,2
6119,12,5.68626152387795e-6,3,2
6190,18,6.666064700823986e-6,3,2
6190,11,1.415915051760024e-5,3,2
6190,15,6.954454644311256e-6,3,2
6190,7,1.9223949824725064e-4,3,2
6190,9,7.490860085644317e-5,3,2
6190,5,5.445945414136323e-4,3,2
6190,3,1.696259807063933e-4,3,2
6190,13,8.357221056854175e-6,3,2
6190,4,2.303772676724925e-4,3,2
6190,6,3.198389436483304e-4,3,2
6190,17,1.629600055406402e-6,3,2
6190,8,1.2939448116758005e-4,3,2
6190,2,1.5026035652586142e-4,3,2
6190,10,3.4755775509963425e-5,3,2
6190,16,6.776096101305347e-7,3,2
6190,12,2.1407102207540517e-5,3,2
6193,18,0,6,3
6193,11,5.413792844964798e-6,6,3
6193,15,0,6,3
6193,7,4.978313699629996e-6,6,3
6193,9,3.195153591033121e-6,6,3
6193,5,1.0335370858944848e-5,6,3
6193,3,1.186782479853918e-4,6,3
6193,13,0,6,3
6193,4,3.917077461866587e-5,6,3
6193,6,6.587072065983921e-6,6,3
6193,17,0,6,3
6193,8,3.9449536941335384e-6,6,3
6193,2,9.448804401355972e-5,6,3
6193,10,6.2063884839220405e-6,6,3
6193,16,0,6,3
6193,12,0,6,3
6401,18,0,3,2
6401,11,1.332625931068258e-5,3,2
6401,15,2.212781023189945e-6,3,2
6401,7,1.7079445461807527e-4,3,2
6401,9,4.1536996683430574e-5,3,2
6401,5,5.167685429472423e-4,3,2
6401,3,1.138831672587093e-5,3,2
6401,13,1.6071578955488798e-6,3,2
6401,4,1.8556324586300189e-4,3,2
6401,6,2.95686346073056e-4,3,2
6401,17,8.148000277032009e-7,3,2
6401,8,1.1440365712987e-4,3,2
6401,2,2.2200629252469617e-5,3,2
6401,10,1.986044314855053e-5,3,2
6401,16,1.016414415195802e-6,3,2
6401,12,5.68626152387795e-6,3,2
6483,18,7.878076464610166e-6,3,2
6483,11,5.122280922543616e-5,3,2
6483,15,1.5173355587588197e-5,3,2
6483,7,9.19456245600894e-4,3,2
6483,9,2.90758976784014e-4,3,2
6483,5,0.00270548207946071,3,2
6483,3,4.195695635847184e-6,3,2
6483,13,1.2535831585281262e-5,3,2
6483,4,6.439940911882355e-4,3,2
6483,6,0.00135571701743232,3,2
6483,17,8.55540029088361e-6,3,2
6483,8,5.51899021809282e-4,3,2
6483,2,3.248872573532139e-6,3,2
6483,10,1.3995406031244202e-4,3,2
6483,16,8.131315321566416e-6,3,2
6483,12,4.047280261113129e-5,3,2
6537,18,2.4240235275723587e-6,1,6
6537,11,1.7490715345270886e-5,1,6
6537,15,9.1672356675012e-6,1,6
6537,7,4.442187608900613e-5,1,6
6537,9,3.3371604173012593e-5,1,6
6537,5,4.372656901861281e-5,1,6
6537,3,2.996925454176561e-7,1,6
6537,13,1.4785852639049696e-5,1,6
6537,4,0,1,6
6537,6,6.70905488202066e-5,1,6
6537,17,4.074000138516005e-6,1,6
6537,8,3.4321097138961783e-05,1,6
6537,2,5.414787622553565e-7,1,6
6537,10,2.948034529862969e-5,1,6
6537,16,7.453705711435882e-6,1,6
6537,12,2.1407102207540517e-5,1,6
6540,18,3.939038232305083e-6,3,2
6540,11,6.329973172574225e-5,3,2
6540,15,6.638343069569835e-6,3,2
6540,7,5.847603861026926e-4,3,2
6540,9,1.9561440318436107e-4,3,2
6540,5,0.00154195782930181,3,2
6540,3,2.8590668832844383e-4,3,2
6540,13,2.4107368433233197e-5,3,2
6540,4,3.6681106740360834e-4,3,2
6540,6,8.009391700972301e-4,3,2
6540,17,2.851800096961203e-6,3,2
6540,8,3.582017954273253e-4,3,2
6540,2,1.6758767691803285e-4,3,2
6540,10,1.3250639413173556e-4,3,2
6540,16,5.759681686109545e-6,3,2
6540,12,3.980383066714565e-5,3,2
6545,18,9.99909705123598e-6,3,2
6545,11,4.372678836317721e-5,3,2
6545,15,1.4225020863363932e-5,3,2
6545,7,4.648979101039089e-4,3,2
6545,9,1.6863310619341472e-4,3,2
6545,5,0.00123070416074204,3,2
6545,3,2.097847817923592e-6,3,2
6545,13,2.217877895857454e-5,3,2
6545,4,1.9518996165911464e-4,3,2
6545,6,6.65782209928523e-4,3,2
6545,17,4.074000138516005e-6,3,2
6545,8,3.1480730479185637e-4,3,2
6545,2,1.082957524510713e-6,3,2
6545,10,9.030295244106568e-5,3,2
6545,16,3.726852855717941e-6,3,2
6545,12,4.348317635906668e-5,3,2
6642,18,5.181350290185917e-5,3,2
6642,11,7.192015571734004e-4,3,2
6642,15,1.267607414713097e-4,3,2
6642,7,0.00546197602290943,3,2
6642,9,0.00201046164289117,3,2
6642,5,0.01355483888150616,3,2
6642,3,0.00207716903228977,3,2
6642,13,2.806097685628344e-4,3,2
6642,4,0.00378329930787233,3,2
6642,6,0.00789399595700154,3,2
6642,17,9.410940319971972e-5,3,2
6642,8,0.00347313723231516,3,2
6642,2,0.00204678972132524,3,2
6642,10,0.00118666147812589,3,2
6642,16,5.7935621666160715e-5,3,2
6642,12,3.8265195195978674e-4,3,2
6660,18,0,6,3
6660,11,3.3315648276706447e-6,6,3
6660,15,2.8450041726727866e-6,6,3
6660,7,6.51010253028538e-6,6,3
6660,9,3.195153591033121e-6,6,3
6660,5,9.937856595139275e-6,6,3
6660,3,1.9659830979398235e-4,6,3
6660,13,0,6,3
6660,4,1.1784427957310496e-4,6,3
6660,6,8.050865858424792e-6,6,3
6660,17,1.629600055406402e-6,6,3
6660,8,4.339449063546892e-6,6,3
6660,2,1.5026035652586142e-4,6,3
6660,10,1.241277696784408e-6,6,3
6660,16,0,6,3
6660,12,0,6,3
6674,18,0.00337969480331776,1,6
6674,11,0.00527678224142684,1,6
6674,15,0.00461301621020155,1,6
6674,7,0.00432806934101678,1,6
6674,9,0.00505934820286811,1,6
6674,5,0.00534736187671254,1,6
6674,3,6.623205253730198e-4,1,6
6674,13,0.00565269575022452,1,6
6674,4,8.04660658268187e-4,1,6
6674,6,0.00478075052611188,1,6
6674,17,0.0035781943216586,1,6
6674,8,0.00501877008967668,1,6
6674,2,4.992434187994387e-4,1,6
6674,10,0.00464517146079145,1,6
6674,16,0.0041310469881608,1,6
6674,12,0.00515476331438135,1,6
6751,18,0,6,3
6751,11,1.249336810376492e-6,6,3
6751,15,3.477227322155628e-6,6,3
6751,7,6.893049737949226e-6,6,3
6751,9,5.3252559850552015e-6,6,3
6751,5,9.937856595139275e-6,6,3
6751,3,1.4774842489090442e-4,6,3
6751,13,0,6,3
6751,4,6.871483344121895e-5,6,3
6751,6,1.902931930173133e-5,6,3
6751,17,1.629600055406402e-6,6,3
6751,8,1.1440365712987262e-5,6,3
6751,2,1.4349187199766948e-4,6,3
6751,10,1.55159712098051e-5,6,3
6751,16,6.776096101305347e-7,6,3
6751,12,6.689719439856411e-7,6,3
7070,18,0,6,3
7070,11,2.9151192242118143e-6,6,3
7070,15,0,6,3
7070,7,2.2976832459830755e-6,6,3
7070,9,7.100341313406935e-7,6,3
7070,5,3.219865536825125e-5,6,3
7070,3,1.4565057707298083e-4,6,3
7070,13,0,6,3
7070,4,8.132915069129779e-5,6,3
7070,6,1.1222419075380011e-5,6,3
7070,17,0,6,3
7070,8,1.1834861082400614e-6,6,3
7070,2,1.2481085469985968e-4,6,3
7070,10,2.792874817764918e-6,6,3
7070,16,3.3880480506526733e-7,6,3
7070,12,6.689719439856411e-7,6,3
7248,18,1.5150147047327242e-6,3,2
7248,11,1.290981370722375e-5,3,2
7248,15,5.373896770604152e-6,3,2
7248,7,1.485835165735722e-4,3,2
7248,9,5.46726281132334e-5,3,2
7248,5,3.5816035168881945e-4,3,2
7248,3,6.713113017355495e-5,3,2
7248,13,1.5428715797269244e-5,3,2
7248,4,1.0722169662567014e-4,3,2
7248,6,2.525044291960503e-4,3,2
7248,17,3.666600124664405e-6,3,2
7248,8,9.23119164427248e-5,3,2
7248,2,1.020687466851347e-4,3,2
7248,10,2.606683163247257e-5,3,2
7248,16,2.7104384405221387e-6,3,2
7248,12,1.13725230477559e-5,3,2
7277,18,1.878618233868578e-5,3,2
7277,11,2.232148434539332e-4,3,2
7277,15,3.129504589940065e-5,3,2
7277,7,0.00118866813258857,3,2
7277,9,7.341752918062772e-4,3,2
7277,5,0.0029471707518545,3,2
7277,3,1.7082475088806393e-5,3,2
7277,13,5.7536252660649895e-5,3,2
7277,4,6.36691065411874e-4,3,2
7277,6,0.001802906021023,3,2
7277,17,2.607360088650243e-5,3,2
7277,8,0.00119847693227776,3,2
7277,2,1.4349187199766948e-5,3,2
7277,10,4.5337667875050504e-4,3,2
7277,16,2.1005897914046576e-5,3,2
7277,12,1.4349448198492005e-4,3,2
7616,18,0,6,3
7616,11,3.3315648276706447e-6,6,3
7616,15,0,6,3
7616,7,1.302020506057076e-5,6,3
7616,9,2.4851194596924275e-6,6,3
7616,5,2.782599846638997e-5,6,3
7616,3,3.7161875631789345e-5,6,3
7616,13,0,6,3
7616,4,2.7220368802801707e-5,6,3
7616,6,2.3176735046980462e-5,6,3
7616,17,4.074000138516005e-7,6,3
7616,8,8.28440275768043e-6,6,3
7616,2,2.3825065539235686e-5,6,3
7616,10,6.2063884839220405e-6,6,3
7616,16,1.6940240253263368e-6,6,3
7616,12,3.344859719928206e-6,6,3
7648,18,0,3,2
7648,11,4.164456034588306e-6,3,2
7648,15,0,3,2
7648,7,7.007933900248379e-5,3,2
7648,9,1.7395836217846993e-5,3,2
7648,5,1.7331621901922896e-4,3,2
7648,3,1.2587086907541552e-5,3,2
7648,13,9.64294737329328e-6,3,2
7648,4,7.601785921758037e-5,3,2
7648,6,1.13687984546241e-4,3,2
7648,17,1.2222000415548017e-6,3,2
7648,8,4.931192117666923e-5,3,2
7648,2,1.0558835863979453e-5,3,2
7648,10,1.5205651785609e-5,3,2
7648,16,0,3,2
7648,12,3.6793456919210263e-6,3,2
7661,18,0,3,2
7661,11,4.164456034588306e-7,3,2
7661,15,0,3,2
7661,7,6.356923647219842e-5,3,2
7661,9,1.2425597298462135e-5,3,2
7661,5,2.536141003079543e-4,3,2
7661,3,1.4385242180047487e-5,3,2
7661,13,0,3,2
7661,4,6.14118076648575e-5,3,2
7661,6,1.092966031689184e-4,3,2
7661,17,0,3,2
7661,8,2.682568512010806e-5,3,2
7661,2,1.86810172978098e-5,3,2
7661,10,5.8960690597259384e-6,3,2
7661,16,0,3,2
7661,12,2.341401803949744e-6,3,2
7721,18,1.5150147047327242e-6,4,1
7721,11,3.997877793204774e-5,4,1
7721,15,2.8450041726727866e-6,4,1
7721,7,7.084523341781149e-5,4,1
7721,9,5.3962593981892707e-5,4,1
7721,5,4.372656901861281e-6,4,1
7721,3,1.0069669526033242e-4,4,1
7721,13,1.5428715797269244e-5,4,1
7721,4,6.971070059254095e-5,4,1
7721,6,1.0832074064062448e-4,4,1
7721,17,2.444400083109603e-6,4,1
7721,8,6.706421280027016e-5,4,1
7721,2,2.0332527522688636e-4,4,1
7721,10,4.1272483418081566e-5,4,1
7721,16,4.065657660783208e-6,4,1
7721,12,1.4717382767684108e-5,4,1
8052,18,0,3,2
8052,11,5.0389918018518505e-5,3,2
8052,15,6.006119920086994e-6,3,2
8052,7,4.748545375031689e-4,3,2
8052,9,1.5514245769794154e-4,3,2
8052,5,0.00117823227791971,3,2
8052,3,3.296617999594216e-6,3,2
8052,13,1.73573052719279e-5,3,2
8052,4,3.392587428836993e-4,3,2
8052,6,6.862753230226952e-4,3,2
8052,17,4.888800166219206e-6,3,2
8052,8,2.8640363819409486e-4,3,2
8052,2,4.331830098042852e-6,3,2
8052,10,7.168378698929956e-5,3,2
8052,16,4.065657660783208e-6,3,2
8052,12,1.4382896795691283e-5,3,2
8074,18,7.878076464610166e-6,3,2
8074,11,8.495490310560144e-5,3,2
8074,15,8.85112409275978e-6,3,2
8074,7,8.807785776268455e-4,3,2
8074,9,3.1099494952722376e-4,3,2
8074,5,0.00227815424586972,3,2
8074,3,5.394465817517809e-6,3,2
8074,13,2.8285978961660283e-5,3,2
8074,4,5.228302544440571e-4,3,2
8074,6,0.00129862905952712,3,2
8074,17,1.629600055406402e-6,3,2
8074,8,5.921375494894441e-4,3,2
8074,2,4.873308860298209e-6,3,2
8074,10,1.8743293221444563e-4,3,2
8074,16,7.114900906370614e-6,3,2
8074,12,4.950392385493745e-5,3,2
8104,18,0,6,3
8104,11,8.328912069176612e-7,6,3
8104,15,1.5805578737071037e-6,6,3
8104,7,2.948693499011613e-5,6,3
8104,9,1.810587034918769e-5,6,3
8104,5,3.577628374250139e-5,6,3
8104,3,6.446386651933781e-4,6,3
8104,13,4.5000421075368635e-6,6,3
8104,4,3.040714368703215e-4,6,3
8104,6,4.6353470093960925e-5,6,3
8104,17,8.148000277032009e-7,6,3
8104,8,2.2486236056561167e-5,6,3
8104,2,5.493302043080592e-4,6,3
8104,10,1.3033415816236283e-5,6,3
8104,16,0,6,3
8104,12,1.003457915978462e-6,6,3
8237,18,1.2120117637861791e-6,3,2
8237,11,1.5408487327976732e-5,3,2
8237,15,3.1611157474142073e-7,3,2
8237,7,1.010980628232553e-4,3,2
8237,9,4.970238919384855e-5,3,2
8237,5,2.782599846638997e-4,3,2
8237,3,1.0818900889577382e-4,3,2
8237,13,1.2857263164391038e-6,3,2
8237,4,1.2581121678368105e-4,3,2
8237,6,1.8029060210230063e-4,3,2
8237,17,1.2222000415548017e-6,3,2
8237,8,1.0848622658867232e-4,3,2
8237,2,5.144048241425887e-5,3,2
8237,10,3.816928917612055e-5,3,2
8237,16,6.776096101305347e-7,3,2
8237,12,8.696635271813335e-6,3,2
8429,18,0,3,2
8429,11,1.7907160948729716e-5,3,2
8429,15,1.5805578737071037e-6,3,2
8429,7,1.895588677936037e-4,3,2
8429,9,5.147747452220028e-5,3,2
8429,5,5.827559107389671e-4,3,2
8429,3,5.604250599310168e-5,3,2
8429,13,1.6071578955488798e-6,3,2
8429,4,2.0116516456704676e-4,3,2
8429,6,2.934906553843947e-4,3,2
8429,17,1.2222000415548017e-6,3,2
8429,8,1.2111007840989962e-4,3,2
8429,2,1.0694205554543293e-4,3,2
8429,10,2.730810932925698e-5,3,2
8429,16,3.0492432455874064e-6,3,2
8429,12,4.682803607899488e-6,3,2
8656,18,9.120388522491e-5,2,4
8656,11,7.329442620875418e-5,2,4
8656,15,9.13562451002706e-5,2,4
8656,7,1.7998518760200757e-5,2,4
8656,9,2.8756382319298087e-5,2,4
8656,5,4.372656901861281e-6,2,4
8656,3,4.525357435806606e-5,2,4
8656,13,6.364345266373564e-5,2,4
8656,4,2.7552324519909043e-5,2,4
8656,6,9.758625282939142e-6,2,4
8656,17,9.859080335208732e-5,2,4
8656,8,2.0119263840081044e-5,2,4
8656,2,1.034224435907731e-4,2,4
8656,10,4.2824080539062075e-5,2,4
8656,16,1.0604590398542867e-4,2,4
8656,12,6.221439079066462e-5,2,4
8858,18,0,6,3
8858,11,8.328912069176612e-7,6,3
8858,15,0,6,3
8858,7,2.5274515705813823e-5,6,3
8858,9,6.035290116395895e-6,6,3
8858,5,7.632273865066963e-5,6,3
8858,3,7.372436617274339e-5,6,3
8858,13,0,6,3
8858,4,4.514597752659795e-5,6,3
8858,6,3.391122285821352e-5,6,3
8858,17,0,6,3
8858,8,2.6036694381281352e-5,6,3
8858,2,2.9781331924044607e-5,6,3
8858,10,2.172235969372714e-6,6,3
8858,16,0,6,3
8858,12,3.344859719928206e-7,6,3
8935,18,1.3029126460701428e-5,3,2
8935,11,6.080105810498927e-5,3,2
8935,15,1.296057456439825e-5,3,2
8935,7,6.885390793795949e-4,3,2
8935,9,2.3360122921108815e-4,3,2
8935,5,0.0017987520437202,3,2
8935,3,5.694158362935465e-6,3,2
8935,13,2.4428800012342973e-5,3,2
8935,4,3.575163073246029e-4,3,2
8935,6,0.00100050305713333,3,2
8935,17,3.666600124664405e-6,3,2
8935,8,4.982476515690659e-4,3,2
8935,2,3.790351335787496e-6,3,2
8935,10,1.4460885167538355e-4,3,2
8935,16,9.825339346892754e-6,3,2
8935,12,6.221439079066462e-5,3,2
8953,18,9.090088228396344e-7,3,2
8953,11,4.997347241505968e-6,3,2
8953,15,0,3,2
8953,7,6.01227116032238e-5,3,2
8953,9,2.0590989808880113e-5,3,2
8953,5,1.9637204631995207e-4,3,2
8953,3,2.8171099269259667e-5,3,2
8953,13,0,3,2
8953,4,7.469003634915103e-5,3,2
8953,6,1.0710091248025709e-4,3,2
8953,17,0,3,2
8953,8,4.6944948960189105e-5,3,2
8953,2,1.3536969056383911e-5,3,2
8953,10,4.034152514549326e-6,3,2
8953,16,1.6940240253263368e-6,3,2
8953,12,3.344859719928206e-6,3,2
9027,18,6.363061759877441e-6,5,9
9027,11,1.8323606552188546e-5,5,9
9027,15,1.5805578737071037e-6,5,9
9027,7,5.476145069592996e-5,5,9
9027,9,4.1536996683430574e-5,5,9
9027,5,6.479482500030808e-5,5,9
9027,3,1.8281245270477017e-5,5,9
9027,13,1.3821557901720366e-5,5,9
9027,4,3.3195571710733786e-7,5,9
9027,6,6.684658318813312e-5,5,9
9027,17,1.629600055406402e-6,5,9
9027,8,3.826605083309533e-5,5,9
9027,2,1.1641793388490164e-5,5,9
9027,10,3.6307372630943933e-5,5,9
9027,16,3.726852855717941e-6,5,9
9027,12,1.8396728459605132e-5,5,9
9049,18,0,4,1
9049,11,5.413792844964798e-6,4,1
9049,15,0,4,1
9049,7,2.067914921384768e-5,4,1
9049,9,2.0235972743209765e-5,4,1
9049,5,9.540342331333704e-6,4,1
9049,3,1.2287394362123895e-5,4,1
9049,13,2.5714526328782076e-6,4,1
9049,4,1.7593653006688906e-5,4,1
9049,6,5.025692020713658e-5,4,1
9049,17,0,4,1
9049,8,2.0908254578907753e-5,4,1
9049,2,4.60256947917053e-5,4,1
9049,10,1.0240540998471368e-5,4,1
9049,16,6.776096101305347e-7,4,1
9049,12,4.0138316639138475e-6,4,1
9228,18,0,6,3
9228,11,2.498673620752984e-6,6,3
9228,15,0,6,3
9228,7,2.872104057478844e-5,6,3
9228,9,2.840136525362774e-6,6,3
9228,5,5.644702546039108e-5,6,3
9228,3,1.4385242180047487e-5,6,3
9228,13,2.5714526328782076e-6,6,3
9228,4,2.987601453966041e-5,6,3
9228,6,2.830001332052351e-5,6,3
9228,17,0,6,3
9228,8,1.5385319407120798e-5,6,3
9228,2,3.275946511644907e-5,6,3
9228,10,6.827027332314245e-6,6,3
9228,16,0,6,3
9228,12,6.689719439856411e-7,6,3
9487,18,0,6,3
9487,11,6.663129655341289e-6,6,3
9487,15,1.5805578737071037e-6,6,3
9487,7,8.041891360940763e-6,6,3
9487,9,7.100341313406936e-6,6,3
9487,5,3.140362684064011e-5,6,3
9487,3,4.04285243768418e-4,6,3
9487,13,2.5714526328782076e-6,6,3
9487,4,1.6962937144184966e-4,6,3
9487,6,1.1222419075380011e-5,6,3
9487,17,2.0370000692580023e-6,6,3
9487,8,1.1834861082400614e-6,6,3
9487,2,3.2515799673434156e-4,6,3
9487,10,2.172235969372714e-6,6,3
9487,16,0,6,3
9487,12,3.0103737479353854e-6,6,3
9518,18,3.636035291358538e-6,3,2
9518,11,2.3737399397153344e-5,3,2
9518,15,1.5805578737071037e-6,3,2
9518,7,2.596382067960875e-4,3,2
9518,9,8.591412989222392e-5,3,2
9518,5,6.586811351258311e-4,3,2
9518,3,1.3785857089212177e-5,3,2
9518,13,9.64294737329328e-6,3,2
9518,4,1.4672442696144337e-4,3,2
9518,6,4.15473471421134e-4,3,2
9518,17,0,3,2
9518,8,1.53853194071208e-4,3,2
9518,2,1.1641793388490164e-5,3,2
9518,10,4.685823305361141e-5,3,2
9518,16,1.016414415195802e-6,3,2
9518,12,1.638981262764821e-5,3,2
9537,18,0,6,3
9537,11,2.082228017294153e-6,6,3
9537,15,0,6,3
9537,7,5.744208114957688e-6,6,3
9537,9,6.390307182066242e-6,6,3
9537,5,2.385085582833426e-5,6,3
9537,3,2.8440822560135557e-4,6,3
9537,13,0,6,3
9537,4,1.0589387375724078e-4,6,3
9537,6,6.587072065983921e-6,6,3
9537,17,0,6,3
9537,8,4.339449063546892e-6,6,3
9537,2,1.732732039217141e-4,6,3
9537,10,2.482555393568816e-6,6,3
9537,16,0,6,3
9537,12,6.689719439856411e-7,6,3
9576,18,0,6,3
9576,11,1.4575596121059073e-5,6,3
9576,15,0,6,3
9576,7,1.2752142015206067e-4,6,3
9576,9,5.0767440390859586e-05,6,3
9576,5,3.0688101165790083e-4,6,3
9576,3,4.174717157667948e-4,6,3
9576,13,4.821473686646639e-6,6,3
9576,4,2.512904778502548e-4,6,3
9576,6,2.1395785932844068e-4,6,3
9576,17,0,6,3
9576,8,6.785320353909686e-5,6,3
9576,2,3.560222861828969e-4,6,3
9576,10,2.606683163247257e-5,6,3
9576,16,0,6,3
9576,12,6.355233467863591e-6,6,3
9610,18,3.030029409465449e-7,6,3
9610,11,3.748010431129475e-6,6,3
9610,15,0,6,3
9610,7,3.829472076638459e-6,6,3
9610,9,0,6,3
9610,5,2.74284842025844e-5,6,3
9610,3,2.1128324451944749e-4,6,3
9610,13,0,6,3
9610,4,1.3477402114557918e-4,6,3
9610,6,4.879312641469571e-6,6,3
9610,17,0,6,3
9610,8,2.366972216480123e-6,6,3
9610,2,2.146963292342489e-4,6,3
9610,10,4.344471938745428e-6,6,3
9610,16,6.776096101305347e-7,6,3
9610,12,6.689719439856411e-7,6,3
9717,18,8.7870852874498e-6,3,2
9717,11,4.664190758738903e-5,3,2
9717,15,2.0863363932933767e-5,3,2
9717,7,5.231058856688135e-4,3,2
9717,9,1.7644348163816235e-4,3,2
9717,5,0.00151095171672497,3,2
9717,3,8.691083817112024e-6,3,2
9717,13,3.4393178964746025e-5,3,2
9717,4,3.873923218642633e-4,3,2
9717,6,8.289952177856801e-4,3,2
9717,17,7.333200249328809e-6,3,2
9717,8,3.585962907967386e-4,3,2
9717,2,1.7598059773299086e-5,3,2
9717,10,1.0023317401534096e-4,3,2
9717,16,8.470120126631683e-6,3,2
9717,12,3.6793456919210264e-5,3,2
9787,18,2.121020586625814e-6,6,3
9787,11,5.8302384484236285e-6,6,3
9787,15,2.212781023189945e-6,6,3
9787,7,1.3403152268234603e-5,6,3
9787,9,1.6685802086506297e-5,6,3
9787,5,1.947819892647298e-5,6,3
9787,3,2.5713620396834887e-4,6,3
9787,13,6.428631582195519e-6,6,3
9787,4,1.1518863383624623e-4,6,3
9787,6,2.366466631112742e-5,6,3
9787,17,4.074000138516005e-7,6,3
9787,8,1.775229162360092e-5,6,3
9787,2,1.6460954372562837e-4,6,3
9787,10,1.6136610058197304e-5,6,3
9787,16,1.6940240253263368e-6,6,3
9787,12,2.006915831956924e-6,6,3
9788,18,0,6,3
9788,11,3.3315648276706447e-6,6,3
9788,15,2.212781023189945e-6,6,3
9788,7,1.4934941098889987e-5,6,3
9788,9,1.4200682626813871e-5,6,3
9788,5,5.167685429472423e-6,6,3
9788,3,9.260499653405572e-5,6,3
9788,13,3.2143157910977595e-6,6,3
9788,4,3.651512888180717e-5,6,3
9788,6,2.3176735046980462e-5,6,3
9788,17,1.629600055406402e-6,6,3
9788,8,9.467888865920491e-6,6,3
9788,2,6.308227580274904e-5,6,3
9788,10,8.068305029098652e-6,6,3
9788,16,0,6,3
9788,12,3.6793456919210263e-6,6,3
9825,18,0,3,2
9825,11,4.580901638047136e-6,3,2
9825,15,0,3,2
9825,7,6.778165575650072e-5,3,2
9825,9,1.3490648495473177e-5,3,2
9825,5,1.8206153282295152e-4,3,2
9825,3,1.198770181670624e-6,3,2
9825,13,0,3,2
9825,4,4.415011037527594e-5,3,2
9825,6,9.051124949926054e-5,3,2
9825,17,0,3,2
9825,8,2.7614675858934766e-5,3,2
9825,2,2.707393811276783e-7,3,2
9825,10,1.086117984686357e-5,3,2
9825,16,0,3,2
9825,12,3.344859719928206e-6,3,2
9976,18,0,3,2
9976,11,3.2899202673247615e-5,3,2
9976,15,6.006119920086994e-6,3,2
9976,7,4.350280279061289e-4,3,2
9976,9,1.647279184710409e-4,3,2
9976,5,0.00114603362255146,3,2
9976,3,7.552252144524932e-5,3,2
9976,13,1.0607242110622609e-5,3,2
9976,4,3.6581520025228634e-4,3,2
9976,6,6.184528773062681e-4,3,2
9976,17,1.1407200387844813e-5,3,2
9976,8,2.445871290362794e-4,3,2
9976,2,7.905589928928205e-5,3,2
9976,10,6.516707908118142e-5,3,2
9976,16,1.3552192202610691e-6,3,2
9976,12,2.3079532067504625e-5,3,2
10042,18,0,3,2
10042,11,6.246684051882459e-6,3,2
10042,15,0,3,2
10042,7,1.0262985165391068e-4,3,2
10042,9,2.3786143399913233e-5,3,2
10042,5,3.180114110444568e-4,3,2
10042,3,4.914957744849559e-5,3,2
10042,13,3.5357473702075353e-6,3,2
10042,4,9.361151222426928e-5,3,2
10042,6,1.4613541361201365e-4,3,2
10042,17,0,3,2
10042,8,5.7201828564936303e-05,3,2
10042,2,3.248872573532139e-5,3,2
10042,10,5.585749635529836e-6,3,2
10042,16,0,3,2
10042,12,4.0138316639138475e-6,3,2
10348,18,1.2120117637861791e-6,6,3
10348,11,1.249336810376492e-6,6,3
10348,15,1.264446298965683e-6,6,3
10348,7,1.4551993891226144e-5,6,3
10348,9,1.0650511970110405e-5,6,3
10348,5,2.7030969938778827e-5,6,3
10348,3,1.723232136151522e-4,6,3
10348,13,3.2143157910977594e-7,6,3
10348,4,1.377616225995452e-4,6,3
10348,6,2.586035699978873e-5,6,3
10348,17,2.0370000692580023e-6,6,3
10348,8,6.706421280027015e-6,6,3
10348,2,2.840056108029345e-4,6,3
10348,10,1.1481818695255776e-5,6,3
10348,16,0,6,3
10348,12,2.6758877759425646e-6,6,3
10516,18,0,6,3
10516,11,6.246684051882459e-6,6,3
10516,15,0,6,3
10516,7,7.658944153276918e-6,6,3
10516,9,5.3252559850552015e-6,6,3
10516,5,1.3912999233194983e-5,6,3
10516,3,8.481299035319665e-5,6,3
10516,13,2.5714526328782076e-6,6,3
10516,4,2.356885591462099e-5,6,3
10516,6,1.7565525509290457e-5,6,3
10516,17,1.629600055406402e-6,6,3
10516,8,3.1559629553068304e-6,6,3
10516,2,3.73620345956196e-5,6,3
10516,10,2.792874817764918e-6,6,3
10516,16,1.016414415195802e-6,6,3
10516,12,7.693177355834873e-6,6,3
10549,18,1.5150147047327242e-6,3,2
10549,11,1.6657824138353224e-5,3,2
10549,15,0,3,2
10549,7,2.6002115400375136e-4,3,2
10549,9,8.27189763011908e-5,3,2
10549,5,8.31202325617449e-4,3,2
10549,3,1.9779707997565297e-5,3,2
10549,13,0,3,2
10549,4,2.7817889093594917e-4,3,2
10549,6,3.922967363741535e-4,3,2
10549,17,0,3,2
10549,8,1.7910089771366265e-4,3,2
10549,2,1.4078447818639269e-5,3,2
10549,10,4.437567766004259e-5,3,2
10549,16,1.016414415195802e-6,3,2
10549,12,1.3379438879712823e-5,3,2
10777,18,2.3937232334777043e-5,3,2
10777,11,3.189973322494642e-4,3,2
10777,15,3.856561211845333e-5,3,2
10777,7,0.0028598497468336,3,2
10777,9,0.00100256819345305,3,2
10777,5,0.00687938184941921,3,2
10777,3,3.8060953268042314e-5,3,2
10777,13,9.996522110314032e-5,3,2
10777,4,0.00126475128217895,3,2
10777,6,0.00410520969090042,3,2
10777,17,2.0777400706431623e-5,3,2
10777,8,0.00176221081516945,3,2
10777,2,8.392920814958026e-6,3,2
10777,10,5.775044484289458e-4,3,2
10777,16,2.9814822845743527e-5,3,2
10777,12,2.177503677673262e-4,3,2
10843,18,2.7270264685189036e-6,3,2
10843,11,2.5403181810988665e-5,3,2
10843,15,6.638343069569835e-6,3,2
10843,7,3.534602726737297e-4,3,2
10843,9,1.199957681965772e-4,3,2
10843,5,0.00117385962101785,3,2
10843,3,3.596310545011872e-6,3,2
10843,13,4.178610528427088e-6,3,2
10843,4,2.8017062523859315e-4,3,2
10843,6,5.367243905616528e-4,3,2
10843,17,9.777600332438412e-6,3,2
10843,8,1.826513560383828e-4,3,2
10843,2,2.3825065539235686e-5,3,2
10843,10,7.075282871671126e-5,3,2
10843,16,3.726852855717941e-6,3,2
10843,12,1.13725230477559e-5,3,2
11028,18,0.00189407138385685,1,6
11028,11,0.00244620147471717,1,6
11028,15,0.00176927648382773,1,6
11028,7,0.00321982012203761,1,6
11028,9,0.00296829768606976,1,6
11028,5,0.0015984048547622,1,6
11028,3,1.7472075397849347e-4,1,6
11028,13,0.00212337701159918,1,6
11028,4,1.3676575544822322e-4,1,6
11028,6,0.00303493246299407,1,6
11028,17,0.00188503986409135,1,6
11028,8,0.00324511890879424,1,6
11028,2,7.634850547800527e-5,1,6
11028,10,0.00270908857323197,1,6
11028,16,0.00190476061407693,1,6
11028,12,0.00235812610254938,1,6
11173,18,0.01499713056214923,1,6
11173,11,0.01533477645616451,1,6
11173,15,0.01347931365854892,1,6
11173,7,0.00285793501079528,1,6
11173,9,0.00688910615933307,1,6
11173,5,6.244949084385521e-4,1,6
11173,3,7.4923136354414e-6,1,6
11173,13,0.01580768362903967,1,6
11173,4,1.991734302644027e-6,1,6
11173,6,0.00167262837349576,1,6
11173,17,0.0145242178938234,1,6
11173,8,0.00509885264966759,1,6
11173,2,1.6244362867660695e-6,1,6
11173,10,0.01321836619305716,1,6
11173,16,0.01386626425690619,1,6
11173,12,0.015980067311957,1,6
11538,18,3.333032350411993e-6,6,3
11538,11,0,6,3
11538,15,0,6,3
11538,7,2.7189251744133057e-5,6,3
11538,9,2.5916245793935316e-5,6,3
11538,5,8.944070935625348e-5,6,3
11538,3,1.2587086907541554e-4,6,3
11538,13,5.142905265756415e-6,6,3
11538,4,1.447326926587993e-4,6,3
11538,6,4.757329825432832e-5,6,3
11538,17,4.074000138516005e-7,6,3
11538,8,2.3275226795387876e-5,6,3
11538,2,3.400486626963639e-4,6,3
11538,10,7.75798560490255e-6,6,3
11538,16,2.032828830391604e-6,6,3
11538,12,4.0138316639138475e-6,6,3
11601,18,3.939038232305083e-5,2,4
11601,11,4.914058120814201e-5,2,4
11601,15,4.5836178337506e-5,2,4
11601,7,8.42483856860461e-6,2,4
11601,9,2.4851194596924275e-6,2,4
11601,5,7.155256748500278e-6,2,4
11601,3,0,2,4
11601,13,2.5714526328782076e-5,2,4
11601,4,4.979335756610068e-6,2,4
11601,6,6.099140801836963e-6,2,4
11601,17,3.259200110812804e-5,2,4
11601,8,8.678898127093784e-6,2,4
11601,2,1.0558835863979453e-5,2,4
11601,10,2.0791401421138833e-5,2,4
11601,16,4.946550153952903e-5,2,4
11601,12,2.809682164739693e-5,2,4
11762,18,2.2210115571381735e-4,1,6
11762,11,4.851591280295376e-4,1,6
11762,15,1.5331411374958906e-4,1,6
11762,7,4.047751985006851e-4,1,6
11762,9,3.6921774829716064e-4,1,6
11762,5,5.930912815979119e-4,1,6
11762,3,3.5663412904701065e-5,1,6
11762,13,2.452522948607591e-4,1,6
11762,4,9.327955650716194e-5,1,6
11762,6,6.496804782116734e-4,1,6
11762,17,1.617378054990854e-4,1,6
11762,8,3.7516509631209947e-4,1,6
11762,2,3.1135028829683e-5,1,6
11762,10,5.157508830139216e-4,1,6
11762,16,1.463636757881955e-4,1,6
11762,12,3.602413918362678e-4,1,6
11772,18,0,3,2
11772,11,3.040052905249463e-5,3,2
11772,15,5.057785195862732e-6,3,2
11772,7,3.944356238937613e-4,3,2
11772,9,1.1431549514585168e-4,3,2
11772,5,0.00110906479601754,3,2
11772,3,9.440315180656164e-5,3,2
11772,13,5.464336844866191e-6,3,2
11772,4,3.5685239589038824e-4,3,2
11772,6,5.633166444576619e-4,3,2
11772,17,2.444400083109603e-6,3,2
11772,8,2.615504299210536e-4,3,2
11772,2,1.0261022544739004e-4,3,2
11772,10,6.0822607142436e-5,3,2
11772,16,4.743267270913743e-6,3,2
11772,12,1.7727756515619492e-5,3,2
11859,18,4.7268458787660994e-5,1,6
11859,11,3.581432189745943e-5,1,6
11859,15,4.077839314164327e-5,1,6
11859,7,8.807785776268455e-6,1,6
11859,9,1.207058023279179e-5,1,6
11859,5,0,1,6
11859,3,0,1,6
11859,13,3.921465265139267e-5,1,6
11859,4,3.319557171073379e-6,1,6
11859,6,2.9275875848817427e-6,1,6
11859,17,4.685100159293405e-5,1,6
11859,8,2.1697245317734465e-5,1,6
11859,2,0,1,6
11859,10,3.785896975192445e-5,1,6
11859,16,3.591330933691834e-5,1,6
11859,12,3.144168136732514e-5,1,6
12096,18,1.2120117637861791e-6,3,2
12096,11,1.1660476896847255e-5,3,2
12096,15,0,3,2
12096,7,1.451369917045976e-4,3,2
12096,9,5.289754278488167e-5,3,2
12096,5,4.491911181002952e-4,3,2
12096,3,1.3785857089212177e-5,3,2
12096,13,5.7857684239759675e-6,3,2
12096,4,6.971070059254095e-5,3,2
12096,6,2.1127423737563245e-4,3,2
12096,17,0,3,2
12096,8,9.625687013685834e-5,3,2
12096,2,3.519611954659817e-6,3,2
12096,10,1.986044314855053e-5,3,2
12096,16,1.016414415195802e-6,3,2
12096,12,8.027663327827695e-6,3,2
12179,18,1.818017645679269e-6,3,2
12179,11,1.998938896602387e-5,3,2
12179,15,4.42556204637989e-6,3,2
12179,7,2.68445992572356e-4,3,2
12179,9,7.845877151314664e-5,3,2
12179,5,6.487432785306919e-4,3,2
12179,3,6.383451217396074e-5,3,2
12179,13,7.071494740415071e-6,3,2
12179,4,1.70957194310279e-4,3,2
12179,6,3.903450113175657e-4,3,2
12179,17,8.148000277032009e-7,3,2
12179,8,1.4517429594411422e-4,3,2
12179,2,2.165915049021426e-6,3,2
12179,10,5.554717693110226e-5,3,2
12179,16,3.3880480506526736e-6,3,2
12179,12,1.572084068366257e-5,3,2
12443,18,0,6,3
12443,11,1.249336810376492e-6,6,3
12443,15,0,6,3
12443,7,9.956627399259992e-6,6,3
12443,9,8.875426641758669e-6,6,3
12443,5,9.540342331333704e-6,6,3
12443,3,2.1937494324572425e-4,6,3
12443,13,0,6,3
12443,4,6.240767481617953e-5,6,3
12443,6,2.073707872624568e-5,6,3
12443,17,0,6,3
12443,8,1.1045870343573907e-5,6,3
12443,2,1.7354394330284175e-4,6,3
12443,10,3.1031942419610203e-6,6,3
12443,16,0,6,3
12443,12,6.689719439856411e-7,6,3
12502,18,0,3,2
12502,11,8.745357672635443e-6,3,2
12502,15,1.8966694484485244e-6,3,2
12502,7,6.739870854883688e-5,3,2
12502,9,2.2721092202902192e-5,3,2
12502,5,1.900118180990629e-4,3,2
12502,3,1.49846272708828e-6,3,2
12502,13,1.2857263164391038e-6,3,2
12502,4,7.767763780311706e-5,3,2
12502,6,1.2198281603673928e-4,3,2
12502,17,4.074000138516005e-7,3,2
12502,8,3.944953694133538e-5,3,2
12502,2,5.414787622553565e-7,3,2
12502,10,1.6446929482393408e-5,3,2
12502,16,1.3552192202610691e-6,3,2
12502,12,3.0103737479353854e-6,3,2
12863,18,0,3,2
12863,11,5.413792844964798e-6,3,2
12863,15,9.483347242242622e-7,3,2
12863,7,4.9783136996299966e-5,3,2
12863,9,1.1715563167121444e-5,3,2
12863,5,1.4270762070619998e-4,3,2
12863,3,0,3,2
12863,13,0,3,2
12863,4,7.103852346097031e-5,3,2
12863,6,8.63638337540114e-5,3,2
12863,17,1.629600055406402e-6,3,2
12863,8,3.4321097138961783e-05,3,2
12863,2,5.414787622553565e-7,3,2
12863,10,2.482555393568816e-6,3,2
12863,16,0,3,2
12863,12,5.68626152387795e-6,3,2
12892,18,4.675335378805187e-4,1,6
12892,11,3.972891056997244e-4,1,6
12892,15,3.293882608805604e-4,1,6
12892,7,1.2637257852906914e-4,1,6
12892,9,1.6508293553671124e-4,1,6
12892,5,1.8285656135056262e-5,1,6
12892,3,5.993850908353121e-7,1,6
12892,13,3.5421760017897313e-4,1,6
12892,4,1.1950405815864165e-5,1,6
12892,6,1.9712423071537063e-4,1,6
12892,17,4.086222138931553e-4,1,6
12892,8,1.7870640234424927e-4,1,6
12892,2,7.580702671574992e-6,1,6
12892,10,4.2172409748250265e-4,1,6
12892,16,3.811554056984258e-4,1,6
12892,12,3.518792425364473e-4,1,6
13046,18,0,6,3
13046,11,0,6,3
13046,15,0,6,3
13046,7,1.7232624344873063e-5,6,3
13046,9,3.195153591033121e-6,6,3
13046,5,7.354013880403064e-5,6,3
13046,3,9.62013070790676e-5,6,3
13046,13,2.250021053768432e-6,6,3
13046,4,7.668177065179504e-5,6,3
13046,6,2.854397895259699e-5,6,3
13046,17,0,6,3
13046,8,1.656880551536086e-5,6,3
13046,2,8.47414262929633e-5,6,3
13046,10,4.034152514549326e-6,6,3
13046,16,0,6,3
13046,12,0,6,3
13069,18,0,3,2
13069,11,1.582493293143556e-5,3,2
13069,15,2.528892597931366e-6,3,2
13069,7,2.1827990836839216e-4,3,2
13069,9,6.709822541169554e-5,3,2
13069,5,6.089918521501348e-4,3,2
13069,3,1.5014596525424567e-4,3,2
13069,13,6.428631582195519e-7,3,2
13069,4,2.2307424189613103e-4,3,2
13069,6,2.949544491768356e-4,3,2
13069,17,0,3,2
13069,8,1.222935645181397e-4,3,2
13069,2,1.034224435907731e-4,3,2
13069,10,3.0100984147021895e-5,3,2
13069,16,3.3880480506526733e-7,3,2
13069,12,1.0034579159784618e-5,3,2
13189,18,0.0036299752325396,1,6
13189,11,0.00347815368008815,1,6
13189,15,0.00323824697165111,1,6
13189,7,0.00177457736031426,1,6
13189,9,0.00295906724236234,1,6
13189,5,5.962713957083565e-6,1,6
13189,3,1.6183397452553424e-5,1,6
13189,13,0.00383467873877962,1,6
13189,4,6.639114342146757e-7,1,6
13189,6,0.00112858501397191,1,6
13189,17,0.00352075091970553,1,6
13189,8,0.00214684380034747,1,6
13189,2,8.663660196085704e-5,1,6
13189,10,0.00357643136386007,1,6
13189,16,0.00348935068736718,1,6
13189,12,0.00364087980514185,1,6
13223,18,9.150688816585654e-5,1,6
13223,11,3.731352606991122e-4,1,6
13223,15,1.5805578737071037e-4,1,6
13223,7,2.9601819152415287e-4,1,6
13223,9,4.22825325213383e-4,1,6
13223,5,1.0732885122750416e-5,1,6
13223,3,2.996925454176561e-7,1,6
13223,13,2.3078787380081915e-4,1,6
13223,4,0,1,6
13223,6,3.442355068556782e-4,1,6
13223,17,1.2344220419703493e-4,1,6
13223,8,4.221100452722886e-4,1,6
13223,2,0,1,6
13223,10,4.145867507259922e-4,1,6
13223,16,1.785501322693959e-4,1,6
13223,12,2.705991513421919e-4,1,6
13266,18,0,6,3
13266,11,0,6,3
13266,15,0,6,3
13266,7,1.1488416229915375e-6,6,3
13266,9,1.0650511970110403e-6,6,3
13266,5,2.1465770245500833e-5,6,3
13266,3,8.061729471734947e-5,6,3
13266,13,9.642947373293278e-7,6,3
13266,4,3.717904031602184e-5,6,3
13266,6,5.12327827354305e-6,6,3
13266,17,0,6,3
13266,8,1.5779814776534152e-6,6,3
13266,2,9.421730463243204e-5,6,3
13266,10,3.10319424196102e-7,6,3
13266,16,0,6,3
13266,12,2.6758877759425646e-6,6,3
13407,18,0,6,3
13407,11,0,6,3
13407,15,0,6,3
13407,7,3.216756544376305e-5,6,3
13407,9,9.94047783876971e-6,6,3
13407,5,1.0613630843608746e-4,6,3
13407,3,9.320438162489104e-5,6,3
13407,13,0,6,3
13407,4,6.506332055303823e-5,6,3
13407,6,5.46483015844592e-5,6,3
13407,17,0,6,3
13407,8,1.0651374974160553e-5,6,3
13407,2,6.958002094981332e-5,6,3
13407,10,8.378624453294754e-6,6,3
13407,16,1.6940240253263368e-6,6,3
13407,12,3.6793456919210263e-6,6,3
13482,18,0,6,3
13482,11,6.246684051882459e-6,6,3
13482,15,0,6,3
13482,7,4.212419284302305e-6,6,3
13482,9,0,6,3
13482,5,2.2260798773111975e-5,6,3
13482,3,1.5164442798133395e-4,6,3
13482,13,0,6,3
13482,4,7.037461202675562e-5,6,3
13482,6,9.270694018792184e-6,6,3
13482,17,0,6,3
13482,8,3.9449536941335384e-6,6,3
13482,2,1.5757031981630874e-4,6,3
13482,10,3.1031942419610203e-6,6,3
13482,16,0,6,3
13482,12,6.355233467863591e-6,6,3
13497,18,0,6,3
13497,11,6.246684051882459e-6,6,3
13497,15,2.8450041726727866e-6,6,3
13497,7,8.34824912707184e-5,6,3
13497,9,2.8401365253627743e-5,6,3
13497,5,1.7768887592109023e-4,6,3
13497,3,2.2836571960825388e-4,6,3
13497,13,0,6,3
13497,4,2.1975468472505767e-4,6,3
13497,6,1.3784058212151535e-4,6,3
13497,17,0,6,3
13497,8,4.773393969901581e-5,6,3
13497,2,2.228185106680792e-4,6,3
13497,10,1.5205651785609e-5,6,3
13497,16,0,6,3
13497,12,2.6758877759425646e-6,6,3
13540,18,0,6,3
13540,11,2.498673620752984e-6,6,3
13540,15,3.1611157474142073e-7,6,3
13540,7,6.51010253028538e-6,6,3
13540,9,9.585460773099364e-6,6,3
13540,5,1.51055420246117e-5,6,3
13540,3,1.0728993125952084e-4,6,3
13540,13,6.428631582195519e-7,6,3
13540,4,1.6597785855366895e-5,6,3
13540,6,1.4637937924408711e-5,6,3
13540,17,0,6,3
13540,8,1.9724768470667692e-6,6,3
13540,2,3.817425273900264e-5,6,3
13540,10,5.275430211333734e-6,6,3
13540,16,0,6,3
13540,12,2.341401803949744e-6,6,3
13704,18,1.2120117637861791e-6,3,2
13704,11,2.082228017294153e-6,3,2
13704,15,3.1611157474142073e-7,3,2
13704,7,3.7528826351056894e-5,3,2
13704,9,1.1715563167121444e-5,3,2
13704,5,1.3237224984725515e-4,3,2
13704,3,2.5174173815083105e-5,3,2
13704,13,0,3,2
13704,4,8.132915069129779e-5,3,2
13704,6,5.538019848067963e-5,3,2
13704,17,0,3,2
13704,8,1.8146786993014277e-5,3,2
13704,2,1.2995490294128556e-5,3,2
13704,10,5.275430211333734e-6,3,2
13704,16,0,3,2
13704,12,1.3379438879712823e-6,3,2
13775,18,0,3,2
13775,11,1.1660476896847255e-5,3,2
13775,15,0,3,2
13775,7,7.620649432510533e-5,3,2
13775,9,1.313563142980283e-5,3,2
13775,5,1.359498782215053e-4,3,2
13775,3,3.6262797995536376e-5,3,2
13775,13,3.5357473702075353e-6,3,2
13775,4,3.784295175023652e-5,3,2
13775,6,1.068569468481836e-4,3,2
13775,17,0,3,2
13775,8,5.2073388762562704e-5,3,2
13775,2,1.570288410540534e-5,3,2
13775,10,8.999263301686958e-6,3,2
13775,16,0,3,2
13775,12,6.020747495870771e-6,3,2
14055,18,4.242041173251628e-6,3,2
14055,11,2.9984083449035804e-5,3,2
14055,15,3.1611157474142073e-6,3,2
14055,7,3.500137478047551e-4,3,2
14055,9,1.3774662148009455e-4,3,2
14055,5,9.854378599740104e-4,3,2
14055,3,3.2067102359689196e-5,3,2
14055,13,3.2143157910977595e-6,3,2
14055,4,2.287174890869558e-4,3,2
14055,6,5.616088850331476e-4,3,2
14055,17,1.2222000415548017e-6,3,2
14055,8,2.090825457890775e-4,3,2
14055,2,2.8427635018406217e-5,3,2
14055,10,6.454644023278922e-5,3,2
14055,16,3.3880480506526736e-6,3,2
14055,12,1.8062242487612313e-5,3,2
14111,18,0.01780505881590086,1,6
14111,11,0.02077355603733684,1,6
14111,15,0.02126292896340692,1,6
14111,7,0.00941322531158499,1,6
14111,9,0.01625978160770188,1,6
14111,5,3.02110840492234e-5,1,6
14111,3,5.094773272100153e-6,1,6
14111,13,0.02475055302303186,1,6
14111,4,1.1286494381649488e-5,1,6
14111,6,0.00633847108690104,1,6
14111,17,0.0194232030603889,1,6
14111,8,0.01201514546622251,1,6
14111,2,8.392920814958026e-6,1,6
14111,10,0.01976083061338358,1,6
14111,16,0.02064642601587232,1,6
14111,12,0.02170813958233405,1,6
14258,18,3.0300294094654485e-6,3,2
14258,11,3.53978762940006e-5,3,2
14258,15,4.42556204637989e-6,3,2
14258,7,3.009965052237829e-4,3,2
14258,9,1.2958122896967658e-4,3,2
14258,5,6.789543625799153e-4,3,2
14258,3,2.766162194204965e-4,3,2
14258,13,1.3178694743500817e-5,3,2
14258,4,2.5826154790950886e-4,3,2
14258,6,5.276976621749341e-4,3,2
14258,17,3.666600124664405e-6,3,2
14258,8,1.897522726878232e-4,3,2
14258,2,2.6342941783723094e-4,3,2
14258,10,7.323538411028008e-5,3,2
14258,16,3.726852855717941e-6,3,2
14258,12,3.344859719928206e-5,3,2
14296,18,1.5150147047327242e-6,6,3
14296,11,1.6657824138353223e-6,6,3
14296,15,0,6,3
14296,7,7.658944153276918e-6,6,3
14296,9,3.550170656703468e-6,6,3
14296,5,1.590057055222284e-6,6,3
14296,3,7.132682580940213e-5,6,3
14296,13,3.5357473702075353e-6,6,3
14296,4,2.356885591462099e-5,6,3
14296,6,1.7809491141363932e-5,6,3
14296,17,0,6,3
14296,8,1.341284256005403e-5,6,3
14296,2,7.743146300251598e-5,6,3
14296,10,1.861916545176612e-6,6,3
14296,16,0,6,3
14296,12,1.672429859964103e-6,6,3
14313,18,5.908557348457624e-5,2,4
14313,11,5.1639254828895e-5,2,4
14313,15,5.690008345345573e-5,2,4
14313,7,3.178461823609921e-5,2,4
14313,9,5.6802730507255485e-5,2,4
14313,5,1.51055420246117e-5,2,4
14313,3,4.884988490307793e-5,2,4
14313,13,6.81434947712725e-5,2,4
14313,4,2.2904944480406315e-5,2,4
14313,6,3.171553216955221e-5,2,4
14313,17,4.929540167604366e-5,2,4
14313,8,2.9587152706001537e-5,2,4
14313,2,4.765013107847137e-5,2,4
14313,10,6.671867620216194e-5,2,4
14313,16,5.2175939980051174e-5,2,4
14313,12,5.184532565888719e-5,2,4
14387,18,0,6,3
14387,11,2.498673620752984e-6,6,3
14387,15,0,6,3
14387,7,3.7528826351056894e-5,6,3
14387,9,1.207058023279179e-5,6,3
14387,5,9.460839478572588e-5,6,3
14387,3,6.590239073734256e-4,6,3
14387,13,3.857178949317311e-6,6,3
14387,4,3.814171189563312e-4,6,3
14387,6,5.2940542159944846e-5,6,3
14387,17,0,6,3
14387,8,1.3018347190640676e-5,6,3
14387,2,8.168207128622052e-4,6,3
14387,10,5.8960690597259384e-6,6,3
14387,16,0,6,3
14387,12,1.003457915978462e-6,6,3
14818,18,6.060058818930897e-7,6,3
14818,11,2.498673620752984e-6,6,3
14818,15,0,6,3
14818,7,7.658944153276918e-7,6,3
14818,9,1.0650511970110403e-6,6,3
14818,5,7.95028527611142e-6,6,3
14818,3,8.001790962651416e-5,6,3
14818,13,3.2143157910977594e-7,6,3
14818,4,1.858952015801092e-5,6,3
14818,6,2.4396563207347855e-6,6,3
14818,17,0,6,3
14818,8,5.522935171786954e-6,6,3
14818,2,5.441861560666333e-5,6,3
14818,10,3.1031942419610203e-6,6,3
14818,16,2.032828830391604e-6,6,3
14818,12,3.344859719928206e-7,6,3
14846,18,3.939038232305083e-6,3,2
14846,11,9.161803276094273e-6,3,2
14846,15,0,3,2
14846,7,2.374272687515845e-5,3,2
14846,9,4.970238919384855e-6,3,2
14846,5,4.571414033764067e-5,3,2
14846,3,2.6972329087589043e-5,3,2
14846,13,0,3,2
14846,4,1.7925608723796245e-5,3,2
14846,6,4.09862261883444e-5,3,2
14846,17,9.777600332438412e-6,3,2
14846,8,2.0908254578907753e-5,3,2
14846,2,1.4349187199766948e-5,3,2
14846,10,1.1792138119451875e-5,3,2
14846,16,2.032828830391604e-6,3,2
14846,12,3.6793456919210263e-6,3,2
14880,18,6.060058818930897e-6,5,9
14880,11,5.622015646694213e-5,5,9
14880,15,1.770224818551956e-5,5,9
14880,7,1.16798898337473e-4,5,9
14880,9,5.857781583560722e-5,5,9
14880,5,1.2998716426442173e-4,5,9
14880,3,4.435449672181309e-5,5,9
14880,13,1.8000168430147454e-5,5,9
14880,4,1.858952015801092e-5,5,9
14880,6,1.4833110430067495e-4,5,9
14880,17,1.0592400360141611e-5,5,9
14880,8,9.191742107331144e-5,5,9
14880,2,2.6803198731640147e-5,5,9
14880,10,7.447666180706448e-5,5,9
14880,16,1.7279045058328635e-5,5,9
14880,12,4.682803607899488e-5,5,9
14895,18,0,6,3
14895,11,1.6657824138353223e-6,6,3
14895,15,0,6,3
14895,7,7.275996945613072e-6,6,3
14895,9,3.905187722373815e-6,6,3
14895,5,9.937856595139275e-6,6,3
14895,3,6.563266744646666e-5,6,3
14895,13,0,6,3
14895,4,2.9212103105445735e-5,6,3
14895,6,9.026728386718706e-6,6,3
14895,17,1.2222000415548017e-6,6,3
14895,8,7.889907388267076e-7,6,3
14895,2,1.034224435907731e-4,6,3
14895,10,4.034152514549326e-6,6,3
14895,16,1.016414415195802e-6,6,3
14895,12,6.689719439856411e-7,6,3
14963,18,6.060058818930897e-7,3,2
14963,11,7.91246646571778e-6,3,2
14963,15,1.8966694484485244e-6,3,2
14963,7,5.935681718789611e-5,3,2
14963,9,1.6685802086506297e-5,3,2
14963,5,1.56620619939395e-4,3,2
14963,3,5.993850908353121e-7,3,2
14963,13,2.5714526328782076e-6,3,2
14963,4,6.40674534017162e-5,3,2
14963,6,9.636642466902405e-5,3,2
14963,17,1.2222000415548017e-6,3,2
14963,8,3.866054620250868e-5,3,2
14963,2,5.414787622553565e-7,3,2
14963,10,1.365405466462849e-5,3,2
14963,16,3.3880480506526733e-7,3,2
14963,12,4.0138316639138475e-6,3,2
15088,18,3.0300294094654485e-6,3,2
15088,11,2.457029060407101e-5,3,2
15088,15,2.8450041726727866e-6,3,2
15088,7,2.7840261997161595e-4,3,2
15088,9,9.691965892800467e-5,3,2
15088,5,8.796990658017286e-4,3,2
15088,3,2.7871406723842012e-5,3,2
15088,13,6.750063161305295e-6,3,2
15088,4,2.3369682484356588e-4,3,2
15088,6,4.6817004794900535e-4,3,2
15088,17,4.074000138516005e-6,3,2
15088,8,2.1066052726673095e-4,3,2
15088,2,1.4349187199766948e-5,3,2
15088,10,4.840983017459192e-5,3,2
15088,16,3.0492432455874064e-6,3,2
15088,12,2.0403644291562055e-5,3,2
15168,18,3.333032350411993e-6,3,2
15168,11,2.248806258677685e-5,3,2
15168,15,0,3,2
15168,7,2.121527530457706e-4,3,2
15168,9,7.526361792211352e-5,3,2
15168,5,5.306815421804373e-4,3,2
15168,3,8.481299035319665e-5,3,2
15168,13,3.857178949317311e-6,3,2
15168,4,1.742767514813524e-4,3,2
15168,6,3.3716050352554735e-4,3,2
15168,17,0,3,2
15168,8,1.392568654029139e-4,3,2
15168,2,1.732732039217141e-4,3,2
15168,10,3.785896975192445e-5,3,2
15168,16,1.016414415195802e-6,3,2
15168,12,2.4082989983483083e-5,3,2
15351,18,0,6,3
15351,11,2.9151192242118143e-6,6,3
15351,15,0,6,3
15351,7,3.446524868974613e-6,6,3
15351,9,1.775085328351734e-6,6,3
15351,5,7.155256748500278e-6,6,3
15351,3,2.1218232215570047e-4,6,3
15351,13,6.428631582195519e-7,6,3
15351,4,1.3344619827714984e-4,6,3
15351,6,1.9517250565878283e-6,6,3
15351,17,0,6,3
15351,8,0,6,3
15351,2,1.2968416356015788e-4,6,3
15351,10,2.792874817764918e-6,6,3
15351,16,0,6,3
15351,12,0,6,3
15421,18,1.818017645679269e-5,3,2
15421,11,1.5616710129706148e-4,3,2
15421,15,3.0978934324659233e-5,3,2
15421,7,0.00166620330054539,3,2
15421,9,5.389159056875864e-4,3,2
15421,5,0.00479243196443996,3,2
15421,3,2.9669561996347947e-5,3,2
15421,13,5.914341055619878e-5,3,2
15421,4,0.00112333814669123,3,2
15421,6,0.00267898660579886,3,2
15421,17,1.9555200664876823e-5,3,2
15421,8,0.00110340354824915,3,2
15421,2,1.570288410540534e-5,3,2
15421,10,3.0318207743959167e-4,3,2
15421,16,1.4568606617806497e-5,3,2
15421,12,9.599747396193952e-5,3,2
15625,18,0,6,3
15625,11,1.249336810376492e-6,6,3
15625,15,0,6,3
15625,7,3.25505126514269e-5,6,3
15625,9,9.585460773099364e-6,6,3
15625,5,1.1965179340547688e-4,6,3
15625,3,5.6941583629354645e-5,6,3
15625,13,0,6,3
15625,4,4.64738003950273e-5,6,3
15625,6,6.269916744288398e-5,6,3
15625,17,0,6,3
15625,8,1.4201833298880738e-5,6,3
15625,2,9.611248030032576e-5,6,3
15625,10,8.688943877490856e-6,6,3
15625,16,0,6,3
15625,12,6.689719439856411e-7,6,3
15785,18,3.0300294094654485e-6,3,2
15785,11,8.99522503471074e-5,3,2
15785,15,2.528892597931366e-6,3,2
15785,7,0.00117488203311267,3,2
15785,9,3.4117140010920323e-4,3,2
15785,5,0.00327193990538365,3,2
15785,3,5.45440432660134e-5,3,2
15785,13,4.210753686338065e-5,3,2
15785,4,7.276469318992846e-4,3,2
15785,6,0.00174337840679707,3,2
15785,17,1.3036800443251217e-5,3,2
15785,8,7.270549658288111e-4,3,2
15785,2,4.73793916973437e-5,3,2
15785,10,1.7533047467079764e-4,3,2
15785,16,1.287458259248016e-5,3,2
15785,12,6.555925051059283e-5,3,2
15910,18,0,3,2
15910,11,4.580901638047136e-6,3,2
15910,15,0,3,2
15910,7,3.5614090312737664e-5,3,2
15910,9,9.230443707429015e-6,3,2
15910,5,7.632273865066963e-5,3,2
15910,3,0,3,2
15910,13,1.9285894746586556e-6,3,2
15910,4,2.4232767348835665e-5,3,2
15910,6,4.31819168770057e-5,3,2
15910,17,0,3,2
15910,8,1.4596328668294092e-5,3,2
15910,2,9.475878339468738e-6,3,2
15910,10,3.10319424196102e-7,3,2
15910,16,0,3,2
15910,12,2.6758877759425646e-6,3,2
15974,18,0,6,3
15974,11,6.663129655341289e-6,6,3
15974,15,6.322231494828415e-7,6,3
15974,7,4.978313699629996e-6,6,3
15974,9,4.260204788044161e-6,6,3
15974,5,2.027322745408412e-5,6,3
15974,3,2.4454911706080733e-4,6,3
15974,13,3.5357473702075353e-6,6,3
15974,4,1.078856080598848e-4,6,3
15974,6,1.1466384707453492e-5,6,3
15974,17,0,6,3
15974,8,5.1284398023736e-6,6,3
15974,2,2.829226532784238e-4,6,3
15974,10,9.30958272588306e-7,6,3
15974,16,0,6,3
15974,12,2.341401803949744e-6,6,3
16047,18,9.090088228396344e-7,6,3
16047,11,2.082228017294153e-6,6,3
16047,15,0,6,3
16047,7,2.680630453646921e-6,6,3
16047,9,1.0650511970110403e-6,6,3
16047,5,1.8683170398861837e-5,6,3
16047,3,7.97182170810965e-5,6,3
16047,13,1.6071578955488798e-6,6,3
16047,4,5.3112914737174064e-5,6,3
16047,6,5.367243905616528e-6,6,3
16047,17,8.148000277032009e-7,6,3
16047,8,1.5779814776534152e-6,6,3
16047,2,9.557100153807042e-5,6,3
16047,10,0,6,3
16047,16,0,6,3
16047,12,1.672429859964103e-6,6,3
16049,18,0,6,3
16049,11,2.082228017294153e-6,6,3
16049,15,0,6,3
16049,7,0,6,3
16049,9,3.550170656703468e-7,6,3
16049,5,5.962713957083565e-6,6,3
16049,3,8.571206798944962e-5,6,3
16049,13,9.642947373293278e-7,6,3
16049,4,3.253166027651911e-5,6,3
16049,6,4.147415745249135e-6,6,3
16049,17,0,6,3
16049,8,3.5504583247201844e-6,6,3
16049,2,1.0558835863979452e-4,6,3
16049,10,2.482555393568816e-6,6,3
16049,16,0,6,3
16049,12,0,6,3
16058,18,0,3,2
16058,11,2.498673620752984e-6,3,2
16058,15,0,3,2
16058,7,1.0837405976886838e-4,3,2
16058,9,4.295706494611196e-5,3,2
16058,5,3.343094958604852e-4,3,2
16058,3,3.5663412904701065e-5,3,2
16058,13,2.5714526328782076e-6,3,2
16058,4,1.0589387375724078e-4,3,2
16058,6,1.727276675080228e-4,3,2
16058,17,0,3,2
16058,8,6.114678225906984e-5,3,2
16058,2,8.122181433830347e-7,3,2
16058,10,2.948034529862969e-5,3,2
16058,16,1.6940240253263368e-6,3,2
16058,12,7.693177355834873e-6,3,2
16097,18,0,3,2
16097,11,6.246684051882459e-6,3,2
16097,15,3.1611157474142073e-7,3,2
16097,7,4.940018978863611e-5,3,2
16097,9,1.1715563167121444e-5,3,2
16097,5,1.2163936472450473e-4,3,2
16097,3,3.086833217801857e-5,3,2
16097,13,3.5357473702075353e-6,3,2
16097,4,3.784295175023652e-5,3,2
16097,6,7.27017583578966e-5,3,2
16097,17,8.148000277032009e-7,3,2
16097,8,2.2091740687147815e-5,3,2
16097,2,1.7598059773299086e-5,3,2
16097,10,6.2063884839220405e-6,3,2
16097,16,0,3,2
16097,12,3.344859719928206e-6,3,2
16142,18,0,3,2
16142,11,5.413792844964798e-6,3,2
16142,15,0,3,2
16142,7,7.314291666379456e-5,3,2
16142,9,2.5916245793935316e-5,3,2
16142,5,2.9813569785417824e-4,3,2
16142,3,1.3785857089212177e-5,3,2
16142,13,0,3,2
16142,4,1.0755365234277748e-4,3,2
16142,6,1.3954834154602974e-4,3,2
16142,17,0,3,2
16142,8,5.444036097904283e-5,3,2
16142,2,0,3,2
16142,10,6.5167079081181426e-6,3,2
16142,16,0,3,2
16142,12,3.344859719928206e-7,3,2
16152,18,0.00156198016057943,1,6
16152,11,0.00255822534204759,1,6
16152,15,0.0014699188225476,1,6
16152,7,5.675277617578195e-4,1,6
16152,9,0.00131640327950564,1,6
16152,5,1.423101064423944e-4,1,6
16152,3,1.2287394362123895e-5,1,6
16152,13,0.00179005246406234,1,6
16152,4,1.4606051552722867e-5,1,6
16152,6,3.537501665065439e-4,1,6
16152,17,0.00149352845077996,1,6
16152,8,0.00101030264106759,1,6
16152,2,4.819160984072673e-5,1,6
16152,10,0.00233080919513692,1,6
16152,16,0.00149717843358341,1,6
16152,12,0.00209120629689911,1,6
16231,18,9.090088228396344e-7,3,2
16231,11,4.164456034588306e-6,3,2
16231,15,1.5805578737071037e-6,3,2
16231,7,4.17412456353592e-5,3,2
16231,9,1.7750853283517338e-5,3,2
16231,5,1.069313369636986e-4,3,2
16231,3,1.798155272505936e-6,3,2
16231,13,9.642947373293278e-7,3,2
16231,4,1.9917343026440273e-5,3,2
16231,6,6.538278939569225e-5,3,2
16231,17,4.074000138516005e-7,3,2
16231,8,2.2880731425974523e-5,3,2
16231,2,2.707393811276783e-7,3,2
16231,10,4.965110787137632e-6,3,2
16231,16,1.016414415195802e-6,3,2
16231,12,1.3379438879712823e-6,3,2
16241,18,0.00182135067802968,1,6
16241,11,0.00138509807710407,1,6
16241,15,0.00149236274435424,1,6
16241,7,2.178969611607283e-4,1,6
16241,9,5.389159056875864e-4,1,6
16241,5,3.458374095108468e-5,1,6
16241,3,3.2067102359689196e-5,1,6
16241,13,0.00148501389548716,1,6
16241,4,2.2572988763298976e-5,1,6
16241,6,1.2613023178198842e-4,1,6
16241,17,0.00158763785397968,1,6
16241,8,4.165871101005016e-4,1,6
16241,2,3.3300943878704427e-5,1,6
16241,10,0.00112149439904471,1,6
16241,16,0.00150293811526952,1,6
16241,12,0.00151221107937954,1,6
16263,18,1.818017645679269e-6,5,9
16263,11,2.1655171379859192e-5,5,9
16263,15,3.477227322155628e-6,5,9
16263,7,5.208082024228304e-5,5,9
16263,9,5.289754278488167e-5,5,9
16263,5,5.565199693277994e-6,5,9
16263,3,0,5,9
16263,13,7.714357898634622e-6,5,9
16263,4,0,5,9
16263,6,1.0319746236708142e-4,5,9
16263,17,4.074000138516005e-7,5,9
16263,8,6.706421280027016e-5,5,9
16263,2,1.0017357101724096e-5,5,9
16263,10,4.313439996325818e-5,5,9
16263,16,3.0492432455874064e-6,5,9
16263,12,1.0703551103770258e-5,5,9
16504,18,6.060058818930897e-7,6,3
16504,11,0,6,3
16504,15,0,6,3
16504,7,2.9601819152415287e-4,6,3
16504,9,2.662627992527601e-5,6,3
16504,5,0.01567160233627083,6,3
16504,3,6.230608019233069e-4,6,3
16504,13,0,6,3
16504,4,0.12676027817889093,6,3
16504,6,0.00126398593977269,6,3
16504,17,0,6,3
16504,8,8.442200905445772e-5,6,3
16504,2,2.9402296790465856e-4,6,3
16504,10,9.930221574275264e-6,6,3
16504,16,0,6,3
16504,12,3.344859719928206e-7,6,3
16517,18,0,4,1
16517,11,1.7490715345270886e-5,4,1
16517,15,3.1611157474142073e-6,4,1
16517,7,3.25505126514269e-5,4,1
16517,9,4.899235506250785e-5,4,1
16517,5,1.987571319027855e-6,4,1
16517,3,3.6262797995536376e-5,4,1
16517,13,4.821473686646639e-6,4,1
16517,4,6.30715862503942e-6,4,1
16517,6,5.440433595238572e-5,4,1
16517,17,2.851800096961203e-6,4,1
16517,8,5.0100911915495934e-5,4,1
16517,2,6.362375456500439e-5,4,1
16517,10,3.2893858964786816e-5,4,1
16517,16,1.6940240253263368e-6,4,1
16517,12,1.0369065131777438e-5,4,1
16694,18,0,3,2
16694,11,1.4575596121059073e-5,3,2
16694,15,6.322231494828415e-7,3,2
16694,7,1.9721781194688065e-4,3,2
16694,9,5.857781583560722e-5,3,2
16694,5,7.063828467824997e-4,3,2
16694,3,1.49846272708828e-6,3,2
16694,13,3.5357473702075353e-6,3,2
16694,4,1.8423542299457252e-4,3,2
16694,6,3.003216930824521e-4,3,2
16694,17,0,3,2
16694,8,1.1677062934635274e-4,3,2
16694,2,1.6244362867660695e-6,3,2
16694,10,2.1101720845334937e-5,3,2
16694,16,1.3552192202610691e-6,3,2
16694,12,4.682803607899488e-6,3,2
16823,18,3.030029409465449e-7,6,3
16823,11,4.164456034588306e-6,6,3
16823,15,0,6,3
16823,7,5.744208114957688e-5,6,3
16823,9,1.0650511970110405e-5,6,3
16823,5,1.6934107638117324e-4,6,3
16823,3,5.364496562976043e-4,6,3
16823,13,0,6,3
16823,4,2.562698136068648e-4,6,3
16823,6,7.123796456545573e-5,6,3
16823,17,4.074000138516005e-7,6,3
16823,8,1.4990824037707445e-5,6,3
16823,2,4.987019400371833e-4,6,3
16823,10,8.378624453294754e-6,6,3
16823,16,0,6,3
16823,12,1.3379438879712823e-6,6,3
16911,18,1.2120117637861791e-6,6,3
16911,11,9.578248879553104e-6,6,3
16911,15,1.264446298965683e-6,6,3
16911,7,1.0492753489989375e-4,6,3
16911,9,2.9466416450638784e-5,6,3
16911,5,3.279492676395961e-4,6,3
16911,3,3.2396764159648615e-4,6,3
16911,13,5.464336844866191e-6,6,3
16911,4,2.602532822121529e-4,6,3
16911,6,1.5906559211190802e-4,6,3
16911,17,0,6,3
16911,8,4.773393969901581e-5,6,3
16911,2,2.0224231770237568e-4,6,3
16911,10,1.086117984686357e-5,6,3
16911,16,0,6,3
16911,12,3.6793456919210263e-6,6,3
16915,18,1.7089365869385129e-4,2,4
16915,11,1.2618301784802566e-4,2,4
16915,15,1.0273626179096174e-4,2,4
16915,7,4.17412456353592e-5,2,4
16915,9,6.319303768932173e-5,2,4
16915,5,1.6298084816028413e-5,2,4
16915,3,1.1058654925911508e-4,2,4
16915,13,1.067152842644456e-4,2,4
16915,4,3.4191438862055805e-5,2,4
16915,6,6.391899560325138e-5,2,4
16915,17,1.1244240382304172e-4,2,4
16915,8,6.982568038616363e-5,2,4
16915,2,1.058590980209222e-4,2,4
16915,10,1.2754128334459792e-4,2,4
16915,16,1.4195921332234702e-4,2,4
16915,12,1.0770448298168824e-4,2,4
17094,18,4.242041173251628e-6,3,2
17094,11,2.748540982828282e-5,3,2
17094,15,3.1611157474142073e-6,3,2
17094,7,3.228244960606221e-4,3,2
17094,9,9.727467599367502e-5,3,2
17094,5,0.00105460534187617,3,2
17094,3,3.3565565086777475e-5,3,2
17094,13,9.964378952403055e-6,3,2
17094,4,2.7187173231090975e-4,3,2
17094,6,4.684140135810788e-4,3,2
17094,17,3.666600124664405e-6,3,2
17094,8,1.9961465692315704e-4,3,2
17094,2,8.122181433830347e-7,3,2
17094,10,5.1823343840749033e-5,3,2
17094,16,2.3716336354568714e-6,3,2
17094,12,1.3379438879712823e-5,3,2
17103,18,2.4967442333995296e-4,3,2
17103,11,4.747479879430669e-4,3,2
17103,15,2.604759375869307e-4,3,2
17103,7,0.00134950595980739,3,2
17103,9,7.906230052478622e-4,3,2
17103,5,0.00268163122363238,3,2
17103,3,9.799946235157353e-5,3,2
17103,13,2.9668134751832323e-4,3,2
17103,4,5.656525419509038e-4,3,2
17103,6,0.0016714085453354,3,2
17103,17,2.688840091420563e-4,3,2
17103,8,0.00102095401604175,3,2
17103,2,1.843735185479489e-4,3,2
17103,10,5.802973232467108e-4,3,2
17103,16,2.5376479899388523e-4,3,2
17103,12,3.7127942891203086e-4,3,2
17106,18,6.060058818930897e-7,6,3
17106,11,0,6,3
17106,15,6.322231494828415e-7,6,3
17106,7,2.2976832459830755e-6,6,3
17106,9,5.3252559850552015e-6,6,3
17106,5,3.97514263805571e-6,6,3
17106,3,2.2177248360906546e-5,6,3
17106,13,0,6,3
17106,4,1.2946272967186175e-5,6,3
17106,6,9.270694018792184e-6,6,3
17106,17,0,6,3
17106,8,7.889907388267077e-6,6,3
17106,2,9.448804401355972e-5,6,3
17106,10,0,6,3
17106,16,0,6,3
17106,12,2.6758877759425646e-6,6,3
17194,18,3.030029409465449e-7,6,3
17194,11,0,6,3
17194,15,0,6,3
17194,7,6.01227116032238e-5,6,3
17194,9,1.7040819152176645e-5,6,3
17194,5,3.056884688664841e-4,6,3
17194,3,9.898844775145178e-4,6,3
17194,13,0,6,3
17194,4,6.509651612474896e-4,6,3
17194,6,1.1978712534807796e-4,6,3
17194,17,0,6,3
17194,8,2.8403666597761475e-5,6,3
17194,2,9.540855790939382e-4,6,3
17194,10,6.2063884839220405e-6,6,3
17194,16,0,6,3
17194,12,6.689719439856411e-7,6,3
17247,18,0,6,3
17247,11,0,6,3
17247,15,0,6,3
17247,7,8.807785776268455e-6,6,3
17247,9,7.100341313406935e-7,6,3
17247,5,1.3117970705583842e-5,6,3
17247,3,1.2077609580331538e-4,6,3
17247,13,3.2143157910977594e-7,6,3
17247,4,7.53539477833657e-5,6,3
17247,6,5.1232782735430494e-5,6,3
17247,17,0,6,3
17247,8,3.944953694133538e-7,6,3
17247,2,4.683791293508834e-5,6,3
17247,10,2.172235969372714e-6,6,3
17247,16,0,6,3
17247,12,6.689719439856411e-7,6,3
17309,18,5.757055877984352e-6,4,1
17309,11,2.332095379369451e-5,4,1
17309,15,5.690008345345573e-6,4,1
17309,7,4.518777050433381e-5,4,1
17309,9,2.2366075137231847e-5,4,1
17309,5,1.192542791416713e-5,4,1
17309,3,0,4,1
17309,13,1.832160000925723e-5,4,1
17309,4,0,4,1
17309,6,6.221123617873703e-5,4,1
17309,17,4.074000138516005e-6,4,1
17309,8,3.195412492248166e-5,4,1
17309,2,2.3554326158108007e-5,4,1
17309,10,2.7928748177649183e-5,4,1
17309,16,1.016414415195802e-6,4,1
17309,12,8.696635271813335e-6,4,1
17381,18,0,3,2
17381,11,2.082228017294153e-6,3,2
17381,15,0,3,2
17381,7,1.1335237346849838e-4,3,2
17381,9,2.662627992527601e-5,3,2
17381,5,1.645709052155064e-4,3,2
17381,3,6.533297490104901e-5,3,2
17381,13,0,3,2
17381,4,7.037461202675562e-5,3,2
17381,6,1.034414279991549e-4,3,2
17381,17,0,3,2
17381,8,7.85045785132574e-5,3,2
17381,2,2.301284739585265e-5,3,2
17381,10,1.6757248906589508e-5,3,2
17381,16,4.743267270913743e-6,3,2
17381,12,2.341401803949744e-6,3,2
17456,18,1.818017645679269e-6,3,2
17456,11,1.2493368103764918e-5,3,2
17456,15,1.8966694484485244e-6,3,2
17456,7,1.6083782721881528e-4,3,2
17456,9,5.964286703261826e-5,3,2
17456,5,4.710544026096016e-4,3,2
17456,3,7.762036926317291e-5,3,2
17456,13,6.107200003085743e-6,3,2
17456,4,1.971816959617587e-4,3,2
17456,6,2.4860097908287464e-4,3,2
17456,17,3.666600124664405e-6,3,2
17456,8,1.179541154545928e-4,3,2
17456,2,3.438390140321514e-5,3,2
17456,10,3.13422618438063e-5,3,2
17456,16,2.032828830391604e-6,3,2
17456,12,7.0242054118492325e-6,3,2
17512,18,1.2120117637861791e-6,3,2
17512,11,4.6225461983930195e-5,3,2
17512,15,1.5805578737071037e-6,3,2
17512,7,3.2741986255258824e-4,3,2
17512,9,9.265945413996052e-5,3,2
17512,5,8.681711521513671e-4,3,2
17512,3,8.990776362529681e-7,3,2
17512,13,9.000084215073727e-6,3,2
17512,4,2.1842686185662833e-4,3,2
17512,6,5.372123218257998e-4,3,2
17512,17,0,3,2
17512,8,2.213119022408915e-4,3,2
17512,2,8.122181433830347e-7,3,2
17512,10,6.423612080859312e-5,3,2
17512,16,6.098486491174813e-6,3,2
17512,12,1.9734672347576415e-5,3,2
17639,18,4.848047055144717e-6,6,3
17639,11,4.289389715625955e-5,6,3
17639,15,6.006119920086994e-6,6,3
17639,7,1.010980628232553e-4,6,3
17639,9,5.1122457456529935e-5,6,3
17639,5,1.220368789883103e-4,6,3
17639,3,3.671233681366286e-4,6,3
17639,13,9.964378952403055e-6,6,3
17639,4,1.191721024415343e-4,6,3
17639,6,1.295457506310171e-4,6,3
17639,17,2.444400083109603e-6,6,3
17639,8,6.706421280027016e-5,6,3
17639,2,4.128775562197093e-4,6,3
17639,10,3.878992802451275e-5,6,3
17639,16,1.016414415195802e-6,6,3
17639,12,2.5086447899461545e-5,6,3
17801,18,1.5150147047327242e-6,3,2
17801,11,1.3284614750336696e-4,3,2
17801,15,1.9282806059226666e-5,3,2
17801,7,0.0020261736757494,3,2
17801,9,6.138245065440296e-4,3,2
17801,5,0.00589235393238997,3,2
17801,3,3.6262797995536376e-5,3,2
17801,13,6.042913687263788e-5,3,2
17801,4,0.00126375541502763,3,2
17801,6,0.00298857899290011,3,2
17801,17,1.548120052636082e-5,3,2
17801,8,0.00119808243690835,3,2
17801,2,8.663660196085703e-6,3,2
17801,10,2.895280227749632e-4,3,2
17801,16,1.151936337221909e-5,3,2
17801,12,8.061111925026977e-5,3,2
17852,18,9.090088228396344e-7,3,2
17852,11,2.4986736207529836e-5,3,2
17852,15,2.212781023189945e-6,3,2
17852,7,3.982650959703998e-4,3,2
17852,9,1.1041030742347784e-4,3,2
17852,5,0.00118379747761299,3,2
17852,3,3.686218308637169e-5,3,2
17852,13,5.464336844866191e-6,3,2
17852,4,3.4224634433766536e-4,3,2
17852,6,5.472149127408124e-4,3,2
17852,17,4.074000138516005e-6,3,2
17852,8,2.2920180962915856e-4,3,2
17852,2,2.7073938112767823e-5,3,2
17852,10,5.958132944565159e-5,3,2
17852,16,6.776096101305347e-7,3,2
17852,12,1.3379438879712823e-5,3,2
18026,18,1.2120117637861791e-6,3,2
18026,11,1.7907160948729716e-5,3,2
18026,15,8.218900943276939e-6,3,2
18026,7,2.1100391142277907e-4,3,2
18026,9,3.9051877223738144e-5,3,2
18026,5,6.91277304757888e-4,3,2
18026,3,1.267699467116685e-4,3,2
18026,13,6.428631582195519e-6,3,2
18026,4,1.7062523859317168e-4,3,2
18026,6,3.739993139686426e-4,3,2
18026,17,1.2222000415548017e-6,3,2
18026,8,1.5148622185472786e-4,3,2
18026,2,3.573759830885353e-5,3,2
18026,10,2.358427623890375e-5,3,2
18026,16,3.0492432455874064e-6,3,2
18026,12,7.0242054118492325e-6,3,2
18082,18,0,6,3
18082,11,2.498673620752984e-6,6,3
18082,15,0,6,3
18082,7,6.127155322621534e-6,6,3
18082,9,7.100341313406935e-7,6,3
18082,5,8.745313803722562e-6,6,3
18082,3,8.661114562570259e-5,6,3
18082,13,0,6,3
18082,4,3.950273033577321e-5,6,3
18082,6,8.29483149049827e-6,6,3
18082,17,0,6,3
18082,8,5.917430541200307e-6,6,3
18082,2,1.332037755148177e-4,6,3
18082,10,8.068305029098652e-6,6,3
18082,16,0,6,3
18082,12,0,6,3
18102,18,0,6,3
18102,11,0,6,3
18102,15,0,6,3
18102,7,1.302020506057076e-5,6,3
18102,9,6.390307182066242e-6,6,3
18102,5,2.9416055521612255e-5,6,3
18102,3,3.326587254135982e-5,6,3
18102,13,0,6,3
18102,4,7.966937210576109e-6,6,3
18102,6,1.7565525509290457e-5,6,3
18102,17,0,6,3
18102,8,3.9449536941335384e-6,6,3
18102,2,8.365846876845258e-5,6,3
18102,10,2.172235969372714e-6,6,3
18102,16,0,6,3
18102,12,1.003457915978462e-6,6,3
18251,18,0,6,3
18251,11,1.6657824138353223e-6,6,3
18251,15,3.1611157474142073e-7,6,3
18251,7,1.0722521814587684e-5,6,3
18251,9,6.390307182066242e-6,6,3
18251,5,2.1465770245500833e-5,6,3
18251,3,5.214650290267215e-5,6,3
18251,13,9.642947373293278e-7,6,3
18251,4,3.4855350296270476e-5,6,3
18251,6,1.0978453443306534e-5,6,3
18251,17,0,6,3
18251,8,3.5504583247201844e-6,6,3
18251,2,1.09378709975582e-4,6,3
18251,10,6.20638848392204e-7,6,3
18251,16,6.776096101305347e-7,6,3
18251,12,1.672429859964103e-6,6,3
18276,18,0,6,3
18276,11,1.290981370722375e-5,6,3
18276,15,6.006119920086994e-6,6,3
18276,7,3.637998472806536e-5,6,3
18276,9,5.502764517890375e-5,6,3
18276,5,1.0732885122750416e-5,6,3
18276,3,9.590161453364992e-5,6,3
18276,13,1.6393010534598574e-5,6,3
18276,4,3.5519261730485155e-5,6,3
18276,6,5.7819854801414415e-5,6,3
18276,17,5.2962001800708065e-6,6,3
18276,8,3.1165134183654955e-5,6,3
18276,2,6.470671208951511e-5,6,3
18276,10,3.227322011639461e-5,6,3
18276,16,1.1180558567153823e-5,6,3
18276,12,9.700093187791797e-6,6,3
18431,18,1.2120117637861791e-6,3,2
18431,11,4.580901638047136e-6,3,2
18431,15,0,3,2
18431,7,8.807785776268455e-5,3,2
18431,9,3.3371604173012593e-5,3,2
18431,5,2.989307263817894e-4,3,2
18431,3,9.590161453364992e-6,3,2
18431,13,0,3,2
18431,4,8.531261929658584e-5,3,2
18431,6,1.4686731050823408e-4,3,2
18431,17,0,3,2
18431,8,4.023852768016209e-5,3,2
18431,2,1.2995490294128556e-5,3,2
18431,10,1.241277696784408e-5,3,2
18431,16,0,3,2
18431,12,4.682803607899488e-6,3,2
18487,18,0,6,3
18487,11,4.164456034588306e-6,6,3
18487,15,3.477227322155628e-6,6,3
18487,7,1.0722521814587684e-5,6,3
18487,9,5.3252559850552015e-6,6,3
18487,5,2.822351273019554e-5,6,3
18487,3,9.799946235157353e-5,6,3
18487,13,1.6071578955488798e-6,6,3
18487,4,6.373549768460887e-5,6,3
18487,6,1.4881903556482192e-5,6,3
18487,17,1.629600055406402e-6,6,3
18487,8,1.9724768470667692e-6,6,3
18487,2,1.730024645405864e-4,6,3
18487,10,6.2063884839220405e-6,6,3
18487,16,3.3880480506526733e-7,6,3
18487,12,9.031121243806157e-6,6,3
18506,18,3.333032350411993e-6,6,3
18506,11,0,6,3
18506,15,0,6,3
18506,7,6.893049737949226e-6,6,3
18506,9,1.0650511970110403e-6,6,3
18506,5,7.95028527611142e-5,6,3
18506,3,0.00117209754512845,6,3
18506,13,3.5357473702075353e-6,6,3
18506,4,5.085561586084417e-4,6,3
18506,6,1.36620753961148e-5,6,3
18506,17,1.629600055406402e-6,6,3
18506,8,3.5504583247201844e-6,6,3
18506,2,0.0013704827472683,6,3
18506,10,5.8960690597259384e-6,6,3
18506,16,6.776096101305347e-7,6,3
18506,12,3.344859719928206e-7,6,3
18592,18,2.121020586625814e-6,4,1
18592,11,4.455967957009488e-5,4,1
18592,15,7.270566219052677e-6,4,1
18592,7,8.616312172436532e-5,4,1
18592,9,8.378402749820185e-5,4,1
18592,5,6.360228220889136e-6,4,1
18592,3,9.110653380696744e-5,4,1
18592,13,1.9607326325696337e-5,4,1
18592,4,2.4232767348835665e-5,4,1
18592,6,1.4393972292335233e-4,4,1
18592,17,4.481400152367605e-6,4,1
18592,8,1.02568796047472e-4,4,1
18592,2,5.414787622553565e-5,4,1
18592,10,6.609803735376973e-5,4,1
18592,16,1.0841753762088556e-5,4,1
18592,12,1.8062242487612313e-5,4,1
18837,18,0,6,3
18837,11,1.249336810376492e-6,6,3
18837,15,0,6,3
18837,7,5.361260907293842e-6,6,3
18837,9,2.1301023940220806e-6,6,3
18837,5,2.1465770245500833e-5,6,3
18837,3,1.1058654925911508e-4,6,3
18837,13,0,6,3
18837,4,4.6141844677919966e-5,6,3
18837,6,7.3189689622043564e-6,6,3
18837,17,0,6,3
18837,8,1.2623851821227322e-5,6,3
18837,2,1.9222496060065155e-4,6,3
18837,10,3.1031942419610203e-6,6,3
18837,16,0,6,3
18837,12,1.3379438879712823e-6,6,3
18854,18,0.00315577562995826,1,6
18854,11,0.0025419839635127,1,6
18854,15,0.0026139266115368,1,6
18854,7,4.063069873313405e-4,1,6
18854,9,9.80557135381498e-4,1,6
18854,5,1.4787530613567242e-4,1,6
18854,3,0,1,6
18854,13,0.00258430989604259,1,6
18854,4,3.3195571710733786e-7,1,6
18854,6,2.5665184494129943e-4,1,6
18854,17,0.00291046569895583,1,6
18854,8,6.824769890851021e-4,1,6
18854,2,5.414787622553565e-7,1,6
18854,10,0.0019503575810725,1,6
18854,16,0.00271890856064877,1,6
18854,12,0.00265113581401509,1,6
18869,18,1.5150147047327242e-6,3,2
18869,11,1.290981370722375e-5,3,2
18869,15,0,3,2
18869,7,3.5997037520401514e-5,3,2
18869,9,1.7040819152176645e-5,3,2
18869,5,8.069539555253091e-5,3,2
18869,3,4.795080726682497e-6,3,2
18869,13,0,3,2
18869,4,9.958671513220137e-6,3,2
18869,6,5.903968296178181e-5,3,2
18869,17,0,3,2
18869,8,2.6431189750694705e-5,3,2
18869,2,0,3,2
18869,10,6.5167079081181426e-6,3,2
18869,16,2.032828830391604e-6,3,2
18869,12,5.351775551885129e-6,3,2
18894,18,0,6,3
18894,11,3.748010431129475e-6,6,3
18894,15,2.528892597931366e-6,6,3
18894,7,8.84608049703484e-5,6,3
18894,9,2.804634818795739e-5,6,3
18894,5,2.9416055521612255e-4,6,3
18894,3,6.599229850096786e-4,6,3
18894,13,9.642947373293278e-7,6,3
18894,4,3.093827283440389e-4,6,3
18894,6,1.295457506310171e-4,6,3
18894,17,0,6,3
18894,8,4.891742580725587e-5,6,3
18894,2,4.404929730947325e-4,6,3
18894,10,2.0481081996942733e-5,6,3
18894,16,0,6,3
18894,12,3.344859719928206e-6,6,3
18921,18,0,3,2
18921,11,1.249336810376492e-6,3,2
18921,15,0,3,2
18921,7,2.7572198951796904e-5,3,2
18921,9,4.615221853714508e-6,3,2
18921,5,9.02357378838646e-5,3,2
18921,3,1.4385242180047487e-5,3,2
18921,13,0,3,2
18921,4,3.950273033577321e-5,3,2
18921,6,4.049829492419744e-5,3,2
18921,17,0,3,2
18921,8,2.1697245317734465e-5,3,2
18921,2,5.414787622553565e-7,3,2
18921,10,1.241277696784408e-6,3,2
18921,16,0,3,2
18921,12,3.6793456919210263e-6,3,2
19105,18,0,3,2
19105,11,3.664721310437709e-5,3,2
19105,15,5.057785195862732e-6,3,2
19105,7,2.2632179972933292e-4,3,2
19105,9,1.1502552927719236e-4,3,2
19105,5,3.9830929233318214e-4,3,2
19105,3,8.691083817112024e-6,3,2
19105,13,5.464336844866191e-6,3,2
19105,4,1.0456605088881144e-4,3,2
19105,6,3.247182562897999e-4,3,2
19105,17,0,3,2
19105,8,1.3452292096995366e-4,3,2
19105,2,3.411316202208746e-5,3,2
19105,10,6.0822607142436e-5,3,2
19105,16,6.776096101305347e-7,3,2
19105,12,1.4048410823698463e-5,3,2
19114,18,0,6,3
19114,11,1.6657824138353223e-6,6,3
19114,15,1.5805578737071037e-6,6,3
19114,7,1.2254310645243068e-5,6,3
19114,9,2.4851194596924275e-6,6,3
19114,5,3.180114110444568e-6,6,3
19114,3,2.607325145133607e-5,6,3
19114,13,0,6,3
19114,4,1.7925608723796245e-5,6,3
19114,6,1.5613800452702626e-5,6,3
19114,17,0,6,3
19114,8,9.862384235333846e-6,6,3
19114,2,8.257551124394186e-5,6,3
19114,10,6.827027332314245e-6,6,3
19114,16,0,6,3
19114,12,2.6758877759425646e-6,6,3
19122,18,5.151049996091262e-6,3,2
19122,11,1.265994634514845e-4,3,2
19122,15,2.307614495612371e-5,3,2
19122,7,0.00103855282718435,3,2
19122,9,3.7915822613593034e-4,3,2
19122,5,0.00251865037547209,3,2
19122,3,3.0568639632600916e-5,3,2
19122,13,3.953608423050245e-5,3,2
19122,4,5.809225049378413e-4,3,2
19122,6,0.00150868346874239,3,2
19122,17,6.925800235477208e-6,3,2
19122,8,6.580182761814742e-4,3,2
19122,2,2.5449501826001756e-5,3,2
19122,10,2.103965696049572e-4,3,2
19122,16,1.7279045058328635e-5,3,2
19122,12,7.726625953034156e-5,3,2
19184,18,0,3,2
19184,11,1.332625931068258e-5,3,2
19184,15,9.483347242242622e-7,3,2
19184,7,1.7385803227938602e-4,3,2
19184,9,3.940689428940849e-5,3,2
19184,5,5.978614527635788e-4,3,2
19184,3,1.49846272708828e-6,3,2
19184,13,6.107200003085743e-6,3,2
19184,4,1.576789656259855e-4,3,2
19184,6,3.183751498558895e-4,3,2
19184,17,2.0370000692580023e-6,3,2
19184,8,1.2032108767107292e-4,3,2
19184,2,8.934399577213383e-6,3,2
19184,10,2.2342998542119345e-5,3,2
19184,16,2.3716336354568714e-6,3,2
19184,12,7.693177355834873e-6,3,2
19324,18,2.4240235275723587e-6,3,2
19324,11,1.390928315552494e-4,3,2
19324,15,1.8650582909743822e-5,3,2
19324,7,0.00136482384811394,3,2
19324,9,4.561969293863956e-4,3,2
19324,5,0.00375134210753317,3,2
19324,3,1.9779707997565297e-5,3,2
19324,13,4.242896844249043e-5,3,2
19324,4,0.00110972796228983,3,2
19324,6,0.00217763723188786,3,2
19324,17,6.925800235477208e-6,3,2
19324,8,9.381099884649554e-4,3,2
19324,2,7.039223909319634e-6,3,2
19324,10,2.442213868423323e-4,3,2
19324,16,8.131315321566416e-6,3,2
19324,12,8.696635271813335e-5,3,2
19587,18,1.5150147047327242e-6,3,2
19587,11,1.2076922500306088e-5,3,2
19587,15,0,3,2
19587,7,1.2216015924476682e-4,3,2
19587,9,4.189201374910092e-5,3,2
19587,5,3.9711674954176544e-4,3,2
19587,3,4.405480417639543e-5,3,2
19587,13,3.5357473702075353e-6,3,2
19587,4,1.0888147521120684e-4,3,2
19587,6,2.034673371492811e-4,3,2
19587,17,1.2222000415548017e-6,3,2
19587,8,8.678898127093785e-5,3,2
19587,2,5.0357524889748154e-5,3,2
19587,10,8.688943877490856e-6,3,2
19587,16,3.726852855717941e-6,3,2
19587,12,7.0242054118492325e-6,3,2
19748,18,2.121020586625814e-6,6,3
19748,11,7.496020862258951e-6,6,3
19748,15,1.8966694484485244e-6,6,3
19748,7,1.3058499781337145e-4,6,3
19748,9,2.982143351630913e-5,6,3
19748,5,3.247691535291515e-4,6,3
19748,3,8.481299035319665e-5,6,3
19748,13,8.67865263596395e-6,6,3
19748,4,1.4440073694169198e-4,6,3
19748,6,1.93220780602195e-4,6,3
19748,17,0,6,3
19748,8,7.17981572332304e-5,6,3
19748,2,9.936135287385791e-5,6,3
19748,10,2.0170762572746633e-5,6,3
19748,16,2.3716336354568714e-6,6,3
19748,12,6.020747495870771e-6,6,3
19802,18,3.030029409465449e-7,3,2
19802,11,3.9145886725130075e-5,3,2
19802,15,6.006119920086994e-6,3,2
19802,7,6.226721596614134e-4,3,2
19802,9,2.3644136573645097e-4,3,2
19802,5,0.00183611838451793,3,2
19802,3,1.423539590733866e-4,3,2
19802,13,5.7857684239759675e-6,3,2
19802,4,5.613371176285084e-4,3,2
19802,6,9.873289130013676e-4,3,2
19802,17,0,3,2
19802,8,3.8936692961098025e-4,3,2
19802,2,1.16959412647157e-4,3,2
19802,10,8.751007762330077e-5,3,2
19802,16,3.0492432455874064e-6,3,2
19802,12,1.9400186375583593e-5,3,2
19845,18,3.030029409465449e-7,3,2
19845,11,7.037930698454237e-5,3,2
19845,15,2.8450041726727866e-6,3,2
19845,7,0.01176873358592531,3,2
19845,9,0.00162029788771946,3,2
19845,5,0.03211000968742261,3,2
19845,3,7.042774817314916e-5,3,2
19845,13,1.6393010534598574e-5,3,2
19845,4,0.00431940779100068,3,2
19845,6,0.0194867548618691,3,2
19845,17,1.2222000415548017e-6,3,2
19845,8,0.00627918279495235,3,2
19845,2,3.898647088238567e-5,3,2
19845,10,4.366194298439155e-4,3,2
19845,16,2.032828830391604e-6,3,2
19845,12,2.6758877759425647e-5,3,2
19988,18,1.818017645679269e-6,6,3
19988,11,3.748010431129475e-6,6,3
19988,15,3.1611157474142073e-7,6,3
19988,7,1.570083551421768e-5,6,3
19988,9,9.230443707429015e-6,6,3
19988,5,1.51055420246117e-5,6,3
19988,3,1.12384704531621e-4,6,3
19988,13,0,6,3
19988,4,1.095453866454215e-5,6,3
19988,6,2.195690688661307e-5,6,3
19988,17,0,6,3
19988,8,1.02568796047472e-5,6,3
19988,2,4.60256947917053e-5,6,3
19988,10,1.0550860422667469e-5,6,3
19988,16,0,6,3
19988,12,1.003457915978462e-6,6,3
20063,18,1.2120117637861791e-6,3,2
20063,11,1.415915051760024e-5,3,2
20063,15,3.7933388968970488e-6,3,2
20063,7,2.979329275624721e-4,3,2
20063,9,9.159440294294946e-5,3,2
20063,5,9.63574575464704e-4,3,2
20063,3,2.277663345174186e-5,3,2
20063,13,1.350012632261059e-5,3,2
20063,4,3.007518796992481e-4,3,2
20063,6,4.625588384113153e-4,3,2
20063,17,2.0370000692580023e-6,3,2
20063,8,2.0868805041966416e-4,3,2
20063,2,1.2724750913000878e-5,3,2
20063,10,5.958132944565159e-5,3,2
20063,16,1.3552192202610691e-6,3,2
20063,12,2.3079532067504625e-5,3,2
20097,18,6.060058818930897e-7,3,2
20097,11,6.246684051882459e-6,3,2
20097,15,9.483347242242622e-7,3,2
20097,7,9.305617146231456e-5,3,2
20097,9,3.514668950136433e-5,3,2
20097,5,1.7768887592109023e-4,3,2
20097,3,2.996925454176561e-7,3,2
20097,13,1.9285894746586556e-6,3,2
20097,4,3.385948314494846e-5,3,2
20097,6,1.2295867856503318e-4,3,2
20097,17,0,3,2
20097,8,4.61559582213624e-5,3,2
20097,2,1.6244362867660695e-6,3,2
20097,10,1.365405466462849e-5,3,2
20097,16,6.776096101305347e-7,3,2
20097,12,4.0138316639138475e-6,3,2
20108,18,3.030029409465449e-7,6,3
20108,11,2.498673620752984e-6,6,3
20108,15,9.483347242242622e-7,6,3
20108,7,2.2976832459830755e-6,6,3
20108,9,0,6,3
20108,5,1.192542791416713e-5,6,3
20108,3,1.4684934725465144e-4,6,3
20108,13,0,6,3
20108,4,8.464870786237116e-5,6,3
20108,6,8.782762754645228e-6,6,3
20108,17,0,6,3
20108,8,0,6,3
20108,2,1.6081919238984088e-4,6,3
20108,10,9.30958272588306e-7,6,3
20108,16,0,6,3
20108,12,0,6,3
20120,18,2.7270264685189036e-6,6,3
20120,11,3.248275706978879e-5,6,3
20120,15,9.483347242242622e-7,6,3
20120,7,2.0602559772314909e-4,6,3
20120,9,6.319303768932173e-5,6,3
20120,5,6.74581705678054e-4,6,3
20120,3,1.4804811743632208e-4,6,3
20120,13,4.178610528427088e-6,6,3
20120,4,2.619130607976896e-4,6,3
20120,6,2.881234114787782e-4,6,3
20120,17,3.666600124664405e-6,6,3
20120,8,1.3057796727582012e-4,6,3
20120,2,2.4122878858476136e-4,6,3
20120,10,1.241277696784408e-5,6,3
20120,16,0,6,3
20120,12,9.031121243806157e-6,6,3
20149,18,0,6,3
20149,11,4.164456034588306e-7,6,3
20149,15,0,6,3
20149,7,1.5317888306553835e-6,6,3
20149,9,7.100341313406935e-7,6,3
20149,5,5.167685429472423e-6,6,3
20149,3,6.74308227189726e-5,6,3
20149,13,9.642947373293278e-7,6,3
20149,4,4.4814021809490616e-5,6,3
20149,6,4.879312641469571e-7,6,3
20149,17,0,6,3
20149,8,7.889907388267076e-7,6,3
20149,2,8.47414262929633e-5,6,3
20149,10,9.30958272588306e-7,6,3
20149,16,0,6,3
20149,12,0,6,3
20200,18,0,3,2
20200,11,7.079575258800121e-6,3,2
20200,15,1.5805578737071037e-6,3,2
20200,7,1.225431064524307e-4,3,2
20200,9,2.982143351630913e-5,3,2
20200,5,4.233526909529331e-4,3,2
20200,3,3.0268947087183258e-5,3,2
20200,13,0,3,2
20200,4,1.244833939152517e-4,3,2
20200,6,2.1322596243222023e-4,3,2
20200,17,1.2222000415548017e-6,3,2
20200,8,5.9568800781416427e-05,3,2
20200,2,1.3536969056383911e-5,3,2
20200,10,1.365405466462849e-5,3,2
20200,16,2.7104384405221387e-6,3,2
20200,12,3.0103737479353854e-6,3,2
20357,18,4.545044114198172e-6,6,3
20357,11,9.994694483011935e-6,6,3
20357,15,2.212781023189945e-6,6,3
20357,7,4.17412456353592e-5,6,3
20357,9,1.2425597298462135e-5,6,3
20357,5,1.1289405092078216e-4,6,3
20357,3,2.936986945093029e-4,6,3
20357,13,1.6071578955488798e-6,6,3
20357,4,1.1253298809938756e-4,6,3
20357,6,5.00129545750631e-5,6,3
20357,17,2.0370000692580023e-6,6,3
20357,8,2.6431189750694705e-5,6,3
20357,2,2.4204100672814435e-4,6,3
20357,10,1.7998526603373917e-5,6,3
20357,16,3.3880480506526736e-6,6,3
20357,12,1.672429859964103e-6,6,3
20359,18,3.030029409465449e-7,6,3
20359,11,6.663129655341289e-6,6,3
20359,15,0,6,3
20359,7,1.7232624344873063e-5,6,3
20359,9,1.2780614364132484e-5,6,3
20359,5,1.987571319027855e-6,6,3
20359,3,5.7840661265607614e-5,6,3
20359,13,4.821473686646639e-6,6,3
20359,4,3.385948314494846e-5,6,3
20359,6,1.829742240551089e-5,6,3
20359,17,1.2222000415548017e-6,6,3
20359,8,9.862384235333846e-6,6,3
20359,2,2.030545358457587e-5,6,3
20359,10,4.965110787137632e-6,6,3
20359,16,0,6,3
20359,12,3.344859719928206e-7,6,3
20390,18,5.5449538193217704e-5,1,6
20390,11,5.92602093721916e-4,1,6
20390,15,8.53501251801836e-5,1,6
20390,7,0.00149119642664301,1,6
20390,9,8.449406162954254e-4,1,6
20390,5,0.00168903810690987,1,6
20390,3,2.6972329087589044e-6,1,6
20390,13,3.304316633248497e-4,1,6
20390,4,2.731995551793391e-4,1,6
20390,6,0.0016189559344396,1,6
20390,17,5.9073002008482067e-05,1,6
20390,8,0.00113535767317163,1,6
20390,2,2.707393811276782e-6,1,6
20390,10,8.657911935071246e-4,1,6
20390,16,7.318183789409775e-5,1,6
20390,12,4.732976503698411e-4,1,6
20417,18,0,3,2
20417,11,8.328912069176612e-6,3,2
20417,15,0,3,2
20417,7,3.714587914339305e-5,3,2
20417,9,1.313563142980283e-5,3,2
20417,5,1.2839710720919943e-4,3,2
20417,3,7.4923136354414e-6,3,2
20417,13,0,3,2
20417,4,1.9585387309332937e-5,3,2
20417,6,5.46483015844592e-5,3,2
20417,17,0,3,2
20417,8,4.299999526605557e-5,3,2
20417,2,0,3,2
20417,10,7.447666180706449e-6,3,2
20417,16,6.776096101305347e-7,3,2
20417,12,1.003457915978462e-6,3,2
20435,18,0,6,3
20435,11,0,6,3
20435,15,0,6,3
20435,7,1.9147360383192295e-6,6,3
20435,9,2.1301023940220806e-6,6,3
20435,5,1.51055420246117e-5,6,3
20435,3,1.5853735652594003e-4,6,3
20435,13,0,6,3
20435,4,9.394346794137662e-5,6,3
20435,6,4.879312641469571e-6,6,3
20435,17,0,6,3
20435,8,5.522935171786954e-6,6,3
20435,2,1.4917739900135072e-4,6,3
20435,10,2.482555393568816e-6,6,3
20435,16,0,6,3
20435,12,1.003457915978462e-6,6,3
20464,18,0,3,2
20464,11,8.745357672635443e-6,3,2
20464,15,6.322231494828415e-7,3,2
20464,7,7.505765270211379e-5,3,2
20464,9,9.94047783876971e-6,3,2
20464,5,2.4685635782325957e-4,3,2
20464,3,2.607325145133607e-5,3,2
20464,13,0,3,2
20464,4,3.8174907467343854e-5,3,2
20464,6,1.1441988144246144e-4,3,2
20464,17,0,3,2
20464,8,5.0889902654322646e-5,3,2
20464,2,6.2270057659366e-6,3,2
20464,10,1.4274693513020692e-5,3,2
20464,16,0,3,2
20464,12,2.6758877759425646e-6,3,2
20469,18,0,6,3
20469,11,2.9151192242118143e-6,6,3
20469,15,1.264446298965683e-6,6,3
20469,7,4.365598167367843e-5,6,3
20469,9,1.1360546101451096e-5,6,3
20469,5,1.3197473558344957e-4,6,3
20469,3,8.031760217193181e-5,6,3
20469,13,6.428631582195519e-7,6,3
20469,4,3.751099603312918e-5,6,3
20469,6,6.099140801836964e-5,6,3
20469,17,8.148000277032009e-7,6,3
20469,8,2.6036694381281352e-5,6,3
20469,2,2.409580492036337e-5,6,3
20469,10,1.210245754364798e-5,6,3
20469,16,6.776096101305347e-7,6,3
20469,12,2.006915831956924e-6,6,3
20615,18,0,3,2
20615,11,2.123872577640036e-5,3,2
20615,15,2.212781023189945e-6,3,2
20615,7,3.2550512651426897e-4,3,2
20615,9,7.171344726541005e-5,3,2
20615,5,0.00116431927868651,3,2
20615,3,4.075818617680122e-5,3,2
20615,13,5.142905265756415e-6,3,2
20615,4,3.2199704559411776e-4,3,2
20615,6,4.6817004794900535e-4,3,2
20615,17,0,3,2
20615,8,1.9527520785961016e-4,3,2
20615,2,7.282889352334546e-5,3,2
20615,10,4.158280284227767e-5,3,2
20615,16,0,3,2
20615,12,9.700093187791797e-6,3,2
20617,18,0,6,3
20617,11,8.328912069176612e-7,6,3
20617,15,0,6,3
20617,7,7.658944153276918e-6,6,3
20617,9,4.260204788044161e-6,6,3
20617,5,1.669559907983398e-5,6,3
20617,3,5.8739738901860584e-5,6,3
20617,13,1.6071578955488798e-6,6,3
20617,4,1.1950405815864165e-5,6,3
20617,6,1.0734487811233055e-5,6,3
20617,17,0,6,3
20617,8,9.862384235333846e-6,6,3
20617,2,4.60256947917053e-5,6,3
20617,10,3.4135136661571223e-6,6,3
20617,16,0,6,3
20617,12,6.689719439856411e-7,6,3
20654,18,0,3,2
20654,11,1.8323606552188546e-5,3,2
20654,15,0,3,2
20654,7,1.06842270938213e-4,3,2
20654,9,3.0176450581979477e-5,3,2
20654,5,2.8303015582956657e-4,3,2
20654,3,5.993850908353121e-7,3,2
20654,13,4.178610528427088e-6,3,2
20654,4,7.170243489518498e-5,3,2
20654,6,1.419879978667645e-4,3,2
20654,17,0,3,2
20654,8,9.665136550627169e-5,3,2
20654,2,0,3,2
20654,10,1.4895332361412898e-5,3,2
20654,16,2.032828830391604e-6,3,2
20654,12,5.351775551885129e-6,3,2
20776,18,0,6,3
20776,11,1.415915051760024e-5,6,3
20776,15,0,6,3
20776,7,6.51010253028538e-6,6,3
20776,9,3.550170656703468e-6,6,3
20776,5,1.8683170398861837e-5,6,3
20776,3,3.173744055972977e-4,6,3
20776,13,0,6,3
20776,4,1.8622715729721656e-4,6,3
20776,6,1.4881903556482192e-5,6,3
20776,17,0,6,3
20776,8,5.522935171786954e-6,6,3
20776,2,4.044846354047513e-4,6,3
20776,10,1.0550860422667469e-5,6,3
20776,16,0,6,3
20776,12,0,6,3
20813,18,0,3,2
20813,11,2.4153845000612177e-5,3,2
20813,15,4.42556204637989e-6,3,2
20813,7,1.669649825414368e-4,3,2
20813,9,8.058887390716871e-5,3,2
20813,5,3.8717889294662616e-4,3,2
20813,3,1.2497179143916256e-4,3,2
20813,13,1.1250105268842158e-5,3,2
20813,4,6.805092200700426e-5,3,2
20813,6,2.647027107997242e-4,3,2
20813,17,2.0370000692580023e-6,3,2
20813,8,8.79724673791779e-5,3,2
20813,2,2.8698374399533896e-5,3,2
20813,10,3.4445456085767324e-5,3,2
20813,16,2.7104384405221387e-6,3,2
20813,12,1.2375980963734362e-5,3,2
21087,18,3.030029409465449e-7,3,2
21087,11,2.2904508190235684e-5,3,2
21087,15,3.1611157474142073e-6,3,2
21087,7,5.36891985144712e-4,3,2
21087,9,1.3242136549503934e-4,3,2
21087,5,0.00198995640461068,3,2
21087,3,1.9180322906729983e-5,3,2
21087,13,6.750063161305295e-6,3,2
21087,4,9.045793291174956e-4,3,2
21087,6,7.899607166539235e-4,3,2
21087,17,2.851800096961203e-6,3,2
21087,8,3.0533941592593585e-4,3,2
21087,2,3.790351335787496e-6,3,2
21087,10,6.795995389894634e-5,3,2
21087,16,3.3880480506526733e-7,3,2
21087,12,1.739327054362667e-5,3,2
21281,18,5.151049996091262e-6,3,2
21281,11,8.037400146755431e-5,3,2
21281,15,6.006119920086994e-6,3,2
21281,7,8.336760710841925e-4,3,2
21281,9,2.7584826002585944e-4,3,2
21281,5,0.00215770742393663,3,2
21281,3,3.776126072262466e-5,3,2
21281,13,3.182172633186782e-5,3,2
21281,4,4.398413251672227e-4,3,2
21281,6,0.00125325145196145,3,2
21281,17,3.259200110812804e-6,3,2
21281,8,5.163944385620802e-4,3,2
21281,2,3.2217986354193716e-5,3,2
21281,10,1.5981450346099253e-4,3,2
21281,16,4.065657660783208e-6,3,2
21281,12,4.047280261113129e-5,3,2
21300,18,6.908467053581222e-5,1,6
21300,11,3.456498508708294e-5,1,6
21300,15,4.773284778595453e-5,1,6
21300,7,3.2780280976025205e-4,1,6
21300,9,1.2496600711596207e-4,1,6
21300,5,7.298361883470284e-4,1,6
21300,3,1.49846272708828e-6,1,6
21300,13,1.748587790357181e-4,1,6
21300,4,1.656459028365616e-4,1,6
21300,6,4.530441787604496e-4,1,6
21300,17,3.218460109427644e-5,1,6
21300,8,1.9882566618433032e-4,1,6
21300,2,1.082957524510713e-6,1,6
21300,10,7.013218986831905e-5,1,6
21300,16,6.572813218266186e-5,1,6
21300,12,9.499401604596103e-5,1,6
21356,18,2.7270264685189036e-6,3,2
21356,11,5.2472146035812656e-5,3,2
21356,15,3.1611157474142073e-6,3,2
21356,7,6.720723494500495e-4,3,2
21356,9,2.0590989808880113e-4,3,2
21356,5,0.00192953423651224,3,2
21356,3,5.304558053892512e-5,3,2
21356,13,2.475023159145275e-5,3,2
21356,4,5.839101063918073e-4,3,2
21356,6,0.00100830995735968,3,2
21356,17,6.111000207774007e-6,3,2
21356,8,3.948898647827672e-4,3,2
21356,2,1.0288096482851772e-5,3,2
21356,10,8.844103589588907e-5,3,2
21356,16,8.131315321566416e-6,3,2
21356,12,2.341401803949744e-5,3,2
21377,18,1.811957586860338e-4,3,2
21377,11,8.953580474364858e-4,3,2
21377,15,4.6468401486988845e-4,3,2
21377,7,0.00782016492770339,3,2
21377,9,0.00289622922173868,3,2
21377,5,0.02019491714411442,3,2
21377,3,6.0837586719784174e-5,3,2
21377,13,3.895750738810485e-4,3,2
21377,4,0.00456538697737721,3,2
21377,6,0.01171083827079111,3,2
21377,17,1.637748055683434e-4,3,2
21377,8,0.00498563247864596,3,2
21377,2,3.6549816452236566e-5,3,2
21377,10,0.0016155229223649,3,2
21377,16,2.4698870289257993e-4,3,2
21377,12,5.458811062922833e-4,3,2
21421,18,0,3,2
21421,11,2.082228017294153e-6,3,2
21421,15,0,3,2
21421,7,4.901724258097227e-5,3,2
21421,9,2.6981296990946353e-5,3,2
21421,5,1.097139368103376e-4,3,2
21421,3,1.0189546544200304e-5,3,2
21421,13,2.250021053768432e-6,3,2
21421,4,3.784295175023652e-5,3,2
21421,6,7.367762088619052e-5,3,2
21421,17,0,3,2
21421,8,3.313761103072172e-5,3,2
21421,2,2.707393811276783e-7,3,2
21421,10,3.4135136661571223e-6,3,2
21421,16,1.016414415195802e-6,3,2
21421,12,3.0103737479353854e-6,3,2
21586,18,0,6,3
21586,11,1.6657824138353223e-6,6,3
21586,15,0,6,3
21586,7,5.476145069592996e-5,6,3
21586,9,2.0235972743209765e-5,6,3
21586,5,1.466827633442557e-4,6,3
21586,3,2.2177248360906544e-4,6,3
21586,13,7.714357898634622e-6,6,3
21586,4,1.5867483277730751e-4,6,3
21586,6,1.0392935926330186e-4,6,3
21586,17,0,6,3
21586,8,3.353210640013508e-5,6,3
21586,2,1.4430409014105252e-4,6,3
21586,10,1.210245754364798e-5,6,3
21586,16,2.3716336354568714e-6,6,3
21586,12,6.689719439856411e-7,6,3
21690,18,4.242041173251628e-6,3,2
21690,11,3.1233420259412296e-5,3,2
21690,15,4.1094504716384695e-6,3,2
21690,7,5.583370287738872e-4,3,2
21690,9,1.7502341337548096e-4,3,2
21690,5,0.00165922453712445,3,2
21690,3,1.7681860179641707e-5,3,2
21690,13,1.2857263164391038e-5,3,2
21690,4,4.3453003369350526e-4,3,2
21690,6,8.380219461723988e-4,3,2
21690,17,2.851800096961203e-6,3,2
21690,8,2.931100594741219e-4,3,2
21690,2,4.061090716915174e-6,3,2
21690,10,9.681966034918385e-5,3,2
21690,16,4.065657660783208e-6,3,2
21690,12,2.3079532067504625e-5,3,2
21700,18,0,6,3
21700,11,3.748010431129475e-6,6,3
21700,15,0,6,3
21700,7,8.807785776268455e-6,6,3
21700,9,7.81037544474763e-6,6,3
21700,5,1.192542791416713e-5,6,3
21700,3,2.541392785141723e-4,6,3
21700,13,0,6,3
21700,4,1.0987734236252e-4,6,3
21700,6,1.2930178499894365e-5,6,3
21700,17,0,6,3
21700,8,1.02568796047472e-5,6,3
21700,2,3.4167309898313e-4,6,3
21700,10,1.861916545176612e-6,6,3
21700,16,0,6,3
21700,12,4.682803607899488e-6,6,3
21931,18,0,6,3
21931,11,1.6657824138353223e-6,6,3
21931,15,2.212781023189945e-6,6,3
21931,7,3.446524868974613e-6,6,3
21931,9,7.100341313406935e-7,6,3
21931,5,1.987571319027855e-6,6,3
21931,3,8.691083817112024e-6,6,3
21931,13,0,6,3
21931,4,4.315424322395392e-5,6,3
21931,6,5.6112095376900065e-6,6,3
21931,17,0,6,3
21931,8,1.5779814776534152e-6,6,3
21931,2,8.907325639100614e-5,6,3
21931,10,2.172235969372714e-6,6,3
21931,16,0,6,3
21931,12,0,6,3
21968,18,3.672395644272123e-4,1,6
21968,11,3.1066842018028765e-4,1,6
21968,15,3.5088384796297704e-4,1,6
21968,7,6.739870854883688e-5,1,6
21968,9,1.3703658734875386e-4,1,6
21968,5,2.385085582833426e-5,1,6
21968,3,4.7051729630572e-5,1,6
21968,13,4.040394949409884e-4,1,6
21968,4,2.5560590217265015e-5,1,6
21968,6,4.8793126414695706e-5,1,6
21968,17,3.46697411787712e-4,1,6
21968,8,1.0730274048043224e-4,1,6
21968,2,6.903854218755795e-5,1,6
21968,10,2.740120515651581e-4,1,6
21968,16,3.1441085910056813e-4,1,6
21968,12,3.201030751971293e-4,1,6
22052,18,0,6,3
22052,11,0,6,3
22052,15,3.1611157474142073e-7,6,3
22052,7,3.829472076638459e-7,6,3
22052,9,0,6,3
22052,5,2.9813569785417823e-5,6,3
22052,3,5.61923522658105e-4,6,3
22052,13,1.6071578955488798e-6,6,3
22052,4,2.934488539228867e-4,6,3
22052,6,3.903450113175657e-6,6,3
22052,17,0,6,3
22052,8,7.889907388267076e-7,6,3
22052,2,7.266644989466885e-4,6,3
22052,10,9.30958272588306e-7,6,3
22052,16,0,6,3
22052,12,1.003457915978462e-6,6,3
22173,18,1.2120117637861791e-6,3,2
22173,11,3.2066311466329956e-5,3,2
22173,15,6.638343069569835e-6,3,2
22173,7,3.5767269195803207e-4,3,2
22173,9,1.5052723584422703e-4,3,2
22173,5,8.121216409547816e-4,3,2
22173,3,8.990776362529681e-7,3,2
22173,13,1.9285894746586557e-5,3,2
22173,4,2.7917475808727116e-4,3,2
22173,6,4.942743705808675e-4,3,2
22173,17,4.481400152367605e-6,3,2
22173,8,2.4222015681979925e-4,3,2
22173,2,9.475878339468738e-6,3,2
22173,10,9.030295244106568e-5,3,2
22173,16,4.404462465848476e-6,3,2
22173,12,2.0738130263554877e-5,3,2
22179,18,2.121020586625814e-6,6,3
22179,11,1.0411140086470763e-5,6,3
22179,15,6.322231494828415e-7,6,3
22179,7,3.829472076638459e-6,6,3
22179,9,2.4851194596924275e-6,6,3
22179,5,2.345334156452869e-5,6,3
22179,3,1.8101429743226424e-4,6,3
22179,13,5.142905265756415e-6,6,3
22179,4,1.0357018373748942e-4,6,3
22179,6,7.562934594277835e-6,6,3
22179,17,1.2222000415548017e-6,6,3
22179,8,1.5779814776534152e-6,6,3
22179,2,1.9195422121952389e-4,6,3
22179,10,8.999263301686958e-6,6,3
22179,16,0,6,3
22179,12,7.358691383842053e-6,6,3
22291,18,0,6,3
22291,11,2.498673620752984e-6,6,3
22291,15,0,6,3
22291,7,7.658944153276918e-6,6,3
22291,9,5.680273050725548e-6,6,3
22291,5,1.51055420246117e-5,6,3
22291,3,6.0837586719784174e-5,6,3
22291,13,2.5714526328782076e-6,6,3
22291,4,4.315424322395392e-5,6,3
22291,6,1.2198281603673928e-5,6,3
22291,17,0,6,3
22291,8,4.733944432960246e-6,6,3
22291,2,8.663660196085703e-6,6,3
22291,10,1.55159712098051e-6,6,3
22291,16,0,6,3
22291,12,1.3379438879712823e-6,6,3
22467,18,1.4241138224487608e-5,3,2
22467,11,6.996286138108355e-5,3,2
22467,15,1.3908909288622512e-5,3,2
22467,7,7.601502072127341e-4,3,2
22467,9,2.82593584273596e-4,3,2
22467,5,0.00201460228896663,3,2
22467,3,4.4953881812648405e-6,3,2
22467,13,5.367907371133258e-5,3,2
22467,4,5.892213978655247e-4,3,2
22467,6,0.00107466860928367,3,2
22467,17,1.9555200664876823e-5,3,2
22467,8,4.3473389709351593e-4,3,2
22467,2,1.3807708437511593e-5,3,2
22467,10,1.4119533800922642e-4,3,2
22467,16,1.9989483498850773e-5,3,2
22467,12,6.254887676265746e-5,3,2
22508,18,1.2120117637861791e-6,6,3
22508,11,2.498673620752984e-6,6,3
22508,15,4.1094504716384695e-6,6,3
22508,7,3.2933459859090746e-5,6,3
22508,9,1.207058023279179e-5,6,3
22508,5,1.2283190751592144e-4,6,3
22508,3,6.353481962854307e-5,6,3
22508,13,3.2143157910977595e-6,6,3
22508,4,5.0789224717422694e-5,6,3
22508,6,7.709313973521922e-5,6,3
22508,17,8.148000277032009e-7,6,3
22508,8,2.4458712903627934e-5,6,3
22508,2,9.557100153807042e-5,6,3
22508,10,6.5167079081181426e-6,6,3
22508,16,3.3880480506526733e-7,6,3
22508,12,5.017289579892309e-6,6,3
22517,18,5.757055877984352e-6,4,1
22517,11,1.7490715345270886e-5,4,1
22517,15,1.8966694484485244e-6,4,1
22517,7,4.0975351220031506e-5,4,1
22517,9,1.4910716758154564e-5,4,1
22517,5,1.7093113343639552e-5,4,1
22517,3,0,4,1
22517,13,1.2535831585281262e-5,4,1
22517,4,0,4,1
22517,6,6.416296123532486e-5,4,1
22517,17,4.888800166219206e-6,4,1
22517,8,3.4715592508375136e-5,4,1
22517,2,0,4,1
22517,10,2.296363739051155e-5,4,1
22517,16,1.6940240253263368e-6,4,1
22517,12,1.4717382767684108e-5,4,1
22794,18,1.2120117637861791e-6,3,2
22794,11,2.2071616983318025e-5,3,2
22794,15,3.1611157474142073e-7,3,2
22794,7,2.9448640269349747e-4,3,2
22794,9,9.301447120563086e-5,3,2
22794,5,8.323948684088657e-4,3,2
22794,3,1.6183397452553424e-5,3,2
22794,13,1.2857263164391038e-6,3,2
22794,4,3.1237032979800495e-4,3,2
22794,6,4.7085366990181e-4,3,2
22794,17,4.481400152367605e-6,3,2
22794,8,1.6687154126184868e-4,3,2
22794,2,1.353696905638391e-6,3,2
22794,10,4.716855247780751e-5,3,2
22794,16,0,3,2
22794,12,1.0034579159784618e-5,3,2
22981,18,0,6,3
22981,11,0,6,3
22981,15,0,6,3
22981,7,1.3403152268234603e-5,6,3
22981,9,1.0650511970110403e-6,6,3
22981,5,9.540342331333704e-5,6,3
22981,3,4.615265199431903e-4,6,3
22981,13,0,6,3
22981,4,2.8415409384388124e-4,6,3
22981,6,3.2691394697846126e-5,6,3
22981,17,0,6,3
22981,8,1.1045870343573907e-5,6,3
22981,2,8.092400101906303e-4,6,3
22981,10,2.172235969372714e-6,6,3
22981,16,0,6,3
22981,12,3.344859719928206e-7,6,3
23114,18,2.7270264685189036e-6,3,2
23114,11,5.1639254828895e-5,3,2
23114,15,1.0747793541208303e-5,3,2
23114,7,5.755696531187603e-4,3,2
23114,9,1.9632443731570177e-4,3,2
23114,5,0.0015630260852835,3,2
23114,3,3.194722534152213e-4,3,2
23114,13,1.575014737637902e-5,3,2
23114,4,4.866470812793573e-4,3,2
23114,6,8.619305781155997e-4,3,2
23114,17,2.444400083109603e-6,3,2
23114,8,3.372935408484175e-4,3,2
23114,2,2.9591814357255233e-4,3,2
23114,10,9.681966034918385e-5,3,2
23114,16,2.3716336354568714e-6,3,2
23114,12,2.709336373141847e-5,3,2
23149,18,0,3,2
23149,11,3.248275706978879e-5,3,2
23149,15,4.42556204637989e-6,3,2
23149,7,3.844789964945013e-4,3,2
23149,9,1.1147535862048888e-4,3,2
23149,5,0.00123944947454577,3,2
23149,3,2.6972329087589043e-5,3,2
23149,13,4.178610528427088e-6,3,2
23149,4,3.279722485020498e-4,3,2
23149,6,6.245520181081051e-4,3,2
23149,17,8.148000277032009e-7,3,2
23149,8,2.2328437908795823e-4,3,2
23149,2,8.663660196085703e-6,3,2
23149,10,4.9961427295572424e-5,3,2
23149,16,3.0492432455874064e-6,3,2
23149,12,1.8731214431597953e-5,3,2
23224,18,1.3332129401647972e-4,2,4
23224,11,1.1785410577884906e-4,2,4
23224,15,1.6058467996864174e-4,2,4
23224,7,2.7189251744133057e-5,2,4
23224,9,5.3607576916222365e-5,2,4
23224,5,3.180114110444568e-6,2,4
23224,3,4.135757126763653e-5,2,4
23224,13,1.269654737483615e-4,2,4
23224,4,2.157712161197696e-5,2,4
23224,6,2.366466631112742e-5,2,4
23224,17,1.6092300547138218e-4,2,4
23224,8,3.9844032310748735e-5,2,4
23224,2,3.4925380165470496e-5,2,4
23224,10,9.744029919757605e-5,2,4
23224,16,1.7482327941367796e-4,2,4
23224,12,8.295252105421951e-5,2,4
23309,18,0,6,3
23309,11,2.5403181810988665e-5,6,3
23309,15,4.741673621121311e-6,6,3
23309,7,4.886406369790673e-4,6,3
23309,9,1.0046982958470814e-4,6,3
23309,5,0.01465992853488565,6,3
23309,3,0.00289532968127997,6,3
23309,13,9.64294737329328e-6,6,3
23309,4,0.13589105213364538,6,3
23309,6,0.00140914549085641,6,3
23309,17,2.444400083109603e-6,6,3
23309,8,2.1657795780793124e-4,6,3
23309,2,0.00215427325563293,6,3
23309,10,5.461621865851396e-5,6,3
23309,16,1.016414415195802e-6,6,3
23309,12,4.682803607899488e-6,6,3
23353,18,0,6,3
23353,11,0,6,3
23353,15,1.8966694484485244e-6,6,3
23353,7,3.829472076638459e-6,6,3
23353,9,4.615221853714508e-6,6,3
23353,5,2.782599846638997e-6,6,3
23353,3,8.631145308028494e-5,6,3
23353,13,0,6,3
23353,4,4.1826420355524574e-5,6,3
23353,6,1.000259091501262e-5,6,3
23353,17,0,6,3
23353,8,3.5504583247201844e-6,6,3
23353,2,5.441861560666333e-5,6,3
23353,10,8.378624453294754e-6,6,3
23353,16,6.098486491174813e-6,6,3
23353,12,0,6,3
23391,18,0,4,1
23391,11,3.3315648276706447e-6,4,1
23391,15,0,4,1
23391,7,3.063577661310767e-5,4,1
23391,9,3.1596518844660866e-5,4,1
23391,5,1.947819892647298e-5,4,1
23391,3,1.9779707997565297e-5,4,1
23391,13,0,4,1
23391,4,4.547793324370529e-5,4,1
23391,6,5.367243905616528e-5,4,1
23391,17,0,4,1
23391,8,9.073393496507138e-6,4,1
23391,2,1.372648662317329e-4,4,1
23391,10,1.210245754364798e-5,4,1
23391,16,3.3880480506526733e-7,4,1
23391,12,3.0103737479353854e-6,4,1
23416,18,0,6,3
23416,11,0,6,3
23416,15,0,6,3
23416,7,1.2637257852906912e-5,6,3
23416,9,8.165392510417976e-6,6,3
23416,5,1.7888141871250694e-5,6,3
23416,3,2.9669561996347947e-5,6,3
23416,13,1.0928673689732382e-5,6,3
23416,4,1.560191870404488e-5,6,3
23416,6,2.1225009990392632e-5,6,3
23416,17,0,6,3
23416,8,1.4596328668294092e-5,6,3
23416,2,4.3859779742683874e-5,6,3
23416,10,4.344471938745428e-6,6,3
23416,16,0,6,3
23416,12,3.344859719928206e-6,6,3
23462,18,0,3,2
23462,11,7.412731741567185e-5,3,2
23462,15,9.483347242242622e-6,3,2
23462,7,8.053379777170678e-4,3,2
23462,9,2.65197748055749e-4,3,2
23462,5,0.00216804279479558,3,2
23462,3,8.271514253527306e-5,3,2
23462,13,1.992875790480611e-5,3,2
23462,4,5.05900512871583e-4,3,2
23462,6,0.00118518504061295,3,2
23462,17,4.074000138516005e-7,3,2
23462,8,5.002201284161327e-4,3,2
23462,2,1.4971887776360607e-4,3,2
23462,10,1.8184718257891575e-4,3,2
23462,16,4.743267270913743e-6,3,2
23462,12,3.913485872316001e-5,3,2
23519,18,0,3,2
23519,11,4.580901638047136e-6,3,2
23519,15,2.212781023189945e-6,3,2
23519,7,2.2976832459830752e-5,3,2
23519,9,2.2721092202902192e-5,3,2
23519,5,4.452159754622395e-5,3,2
23519,3,2.9669561996347947e-5,3,2
23519,13,3.5357473702075353e-6,3,2
23519,4,8.630848644790785e-6,3,2
23519,6,3.7814672971389174e-5,3,2
23519,17,2.0370000692580023e-6,3,2
23519,8,1.6174310145947506e-5,3,2
23519,2,1.4619926580894626e-5,3,2
23519,10,2.141204026953104e-5,3,2
23519,16,0,3,2
23519,12,4.3483176359066675e-6,3,2
23552,18,0,6,3
23552,11,2.082228017294153e-6,6,3
23552,15,9.483347242242622e-7,6,3
23552,7,6.893049737949226e-6,6,3
23552,9,8.520409576088322e-6,6,3
23552,5,1.669559907983398e-5,6,3
23552,3,7.851944689942588e-5,6,3
23552,13,3.5357473702075353e-6,6,3
23552,4,5.975202907932082e-5,6,3
23552,6,9.758625282939142e-6,6,3
23552,17,0,6,3
23552,8,3.5504583247201844e-6,6,3
23552,2,7.364111166672848e-5,6,3
23552,10,2.172235969372714e-6,6,3
23552,16,0,6,3
23552,12,4.0138316639138475e-6,6,3
23570,18,8.484082346503255e-6,6,3
23570,11,1.332625931068258e-5,6,3
23570,15,1.4541132438105354e-5,6,3
23570,7,1.570083551421768e-5,6,3
23570,9,1.313563142980283e-5,6,3
23570,5,2.2658313036917547e-5,6,3
23570,3,9.769976980615586e-5,6,3
23570,13,1.3178694743500817e-5,6,3
23570,4,3.717904031602184e-5,6,3
23570,6,1.4881903556482192e-5,6,3
23570,17,5.499900186996606e-5,6,3
23570,8,6.706421280027015e-6,6,3
23570,2,9.448804401355972e-5,6,3
23570,10,1.6757248906589508e-5,6,3
23570,16,1.389099700767596e-5,6,3
23570,12,1.0034579159784618e-5,6,3
23677,18,0,3,2
23677,11,8.328912069176612e-6,3,2
23677,15,6.322231494828415e-7,3,2
23677,7,1.0492753489989375e-4,3,2
23677,9,5.0412423325189245e-5,3,2
23677,5,2.563967001545933e-4,3,2
23677,3,3.5363720359283414e-5,3,2
23677,13,1.2857263164391038e-6,3,2
23677,4,6.40674534017162e-5,3,2
23677,6,1.841940522154763e-4,3,2
23677,17,0,3,2
23677,8,7.100916649440368e-5,3,2
23677,2,2.707393811276783e-7,3,2
23677,10,1.7998526603373917e-5,3,2
23677,16,1.3552192202610691e-6,3,2
23677,12,7.0242054118492325e-6,3,2
24008,18,0,3,2
24008,11,3.3315648276706447e-6,3,2
24008,15,0,3,2
24008,7,1.0416164048456608e-4,3,2
24008,9,3.869686015806779e-5,3,2
24008,5,2.63154442639288e-4,3,2
24008,3,1.0788931635035618e-5,3,2
24008,13,5.464336844866191e-6,3,2
24008,4,9.859084798087937e-5,3,2
24008,6,1.822423271588885e-4,3,2
24008,17,0,3,2
24008,8,6.233026836730991e-5,3,2
24008,2,2.9781331924044607e-5,3,2
24008,10,1.55159712098051e-5,3,2
24008,16,1.016414415195802e-6,3,2
24008,12,3.344859719928206e-6,3,2
24017,18,1.818017645679269e-6,3,2
24017,11,6.871352457070705e-5,3,2
24017,15,8.535012518018359e-6,3,2
24017,7,5.361260907293842e-4,3,2
24017,9,2.3928150226181372e-4,3,2
24017,5,0.00122434393252115,3,2
24017,3,2.7571714178424354e-5,3,2
24017,13,2.378593685412342e-5,3,2
24017,4,2.8880147388338396e-4,3,2
24017,6,8.153331423895653e-4,3,2
24017,17,4.481400152367605e-6,3,2
24017,8,4.1224766103695475e-4,3,2
24017,2,1.678584162991605e-5,3,2
24017,10,1.0364668768149808e-4,3,2
24017,16,6.43729129624008e-6,3,2
24017,12,2.9100279563375392e-5,3,2
24131,18,3.636035291358538e-6,3,2
24131,11,4.914058120814201e-5,3,2
24131,15,1.2328351414915408e-5,3,2
24131,7,5.066391557392681e-4,3,2
24131,9,1.821237546888879e-4,3,2
24131,5,0.00147199531887202,3,2
24131,3,1.5284319816300458e-5,3,2
24131,13,1.6071578955488798e-5,3,2
24131,4,4.488041295291208e-4,3,2
24131,6,8.07526242163214e-4,3,2
24131,17,2.444400083109603e-6,3,2
24131,8,3.108623510977228e-4,3,2
24131,2,1.0288096482851772e-5,3,2
24131,10,8.657911935071246e-5,3,2
24131,16,7.114900906370614e-6,3,2
24131,12,2.4082989983483083e-5,3,2
24442,18,1.3635132342594515e-5,3,2
24442,11,1.061936288820018e-4,3,2
24442,15,2.149558708241661e-5,3,2
24442,7,0.00120436896810279,3,2
24442,9,4.441263491536038e-4,3,2
24442,5,0.00319124450983112,3,2
24442,3,1.7502044652391112e-4,3,2
24442,13,6.68577684548334e-5,3,2
24442,4,8.514664143803217e-4,3,2
24442,6,0.00175777237908941,3,2
24442,17,1.2629400429399615e-5,3,2
24442,8,8.114769748832688e-4,3,2
24442,2,2.6694902979189074e-4,3,2
24442,10,2.314982904502921e-4,3,2
24442,16,1.389099700767596e-5,3,2
24442,12,8.863878257809746e-5,3,2
24721,18,1.1847414991009904e-4,3,2
24721,11,2.7943499992087533e-4,3,2
24721,15,4.773284778595453e-4,3,2
24721,7,0.00219735107757514,3,2
24721,9,7.870728345911588e-4,3,2
24721,5,0.00623898637042843,3,2
24721,3,9.677072291536112e-4,3,2
24721,13,8.910083372922989e-4,3,2
24721,4,0.00201131968995336,3,2
24721,6,0.00326426015714314,3,2
24721,17,1.4992320509738896e-4,3,2
24721,8,0.00146594479274002,3,2
24721,2,0.00117879926542991,3,2
24721,10,5.740909347627887e-4,3,2
24721,16,2.4224543562166616e-4,3,2
24721,12,3.251203647770216e-4,3,2
24955,18,0,3,2
24955,11,1.2493368103764918e-5,3,2
24955,15,2.8450041726727866e-6,3,2
24955,7,2.883592473708759e-4,3,2
24955,9,8.449406162954253e-5,3,2
24955,5,9.313759200964528e-4,3,2
24955,3,1.7142413597889925e-4,3,2
24955,13,7.392926319524847e-6,3,2
24955,4,4.225796278776411e-4,3,2
24955,6,4.667062541565645e-4,3,2
24955,17,4.074000138516005e-7,3,2
24955,8,1.5819264313475488e-4,3,2
24955,2,9.47587833946874e-5,3,2
24955,10,3.4445456085767324e-5,3,2
24955,16,1.3552192202610691e-6,3,2
24955,12,6.020747495870771e-6,3,2
25006,18,1.2120117637861791e-6,6,3
25006,11,2.58196274144475e-5,6,3
25006,15,1.8966694484485244e-6,6,3
25006,7,3.2933459859090746e-5,6,3
25006,9,1.846088741485803e-5,6,3
25006,5,4.332905475480724e-5,6,3
25006,3,0.00102135219478337,6,3
25006,13,7.714357898634622e-6,6,3
25006,4,4.076416206078109e-4,6,3
25006,6,6.855434261264748e-5,6,3
25006,17,1.2222000415548017e-6,6,3
25006,8,4.773393969901581e-5,6,3
25006,2,9.817009959689614e-4,6,3
25006,10,2.5756512208276467e-5,6,3
25006,16,0,6,3
25006,12,1.0034579159784618e-5,6,3
25092,18,0,3,2
25092,11,1.374270491414141e-5,3,2
25092,15,0,3,2
25092,7,1.7347508507172218e-4,3,2
25092,9,3.2661570041671904e-5,3,2
25092,5,5.314765707080484e-4,3,2
25092,3,8.990776362529681e-7,3,2
25092,13,1.9285894746586556e-6,3,2
25092,4,1.1950405815864164e-4,3,2
25092,6,2.581156387337403e-4,3,2
25092,17,0,3,2
25092,8,7.455962481912388e-5,3,2
25092,2,5.414787622553565e-7,3,2
25092,10,1.986044314855053e-5,3,2
25092,16,3.3880480506526733e-7,3,2
25092,12,2.006915831956924e-6,3,2
25204,18,3.0300294094654485e-6,3,2
25204,11,7.371087181221302e-5,3,2
25204,15,8.218900943276939e-6,3,2
25204,7,8.52057537052057e-4,3,2
25204,9,2.7158805523781526e-4,3,2
25204,5,0.00243755746565576,3,2
25204,3,2.99692545417656e-6,3,2
25204,13,1.2214400006171488e-5,3,2
25204,4,6.024996265498183e-4,3,2
25204,6,0.00133668769813058,3,2
25204,17,5.2962001800708065e-6,3,2
25204,8,5.32963244077441e-4,3,2
25204,2,6.768484528191957e-6,3,2
25204,10,1.6571057252071848e-4,3,2
25204,16,8.131315321566416e-6,3,2
25204,12,6.0541960930700525e-5,3,2
25562,18,3.636035291358538e-6,6,3
25562,11,7.912466465717782e-5,6,3
25562,15,3.1611157474142073e-7,6,3
25562,7,9.152438263165916e-4,6,3
25562,9,2.921790450466954e-4,6,3
25562,5,0.00258106011488957,6,3
25562,3,8.427354377144487e-4,6,3
25562,13,1.2214400006171488e-5,6,3
25562,4,0.00109279822071735,6,3
25562,6,0.00137986961500759,6,3
25562,17,5.2962001800708065e-6,6,3
25562,8,5.010091191549594e-4,6,3
25562,2,7.510310432481794e-4,6,3
25562,10,1.2661032507200963e-4,6,3
25562,16,8.470120126631683e-6,6,3
25562,12,3.344859719928206e-5,6,3
25753,18,0,3,2
25753,11,1.874005215564738e-5,3,2
25753,15,3.1611157474142073e-6,3,2
25753,7,1.7270919065639448e-4,3,2
25753,9,4.7927303865496815e-5,3,2
25753,5,4.662842314439348e-4,3,2
25753,3,1.1688009271288583e-5,3,2
25753,13,8.67865263596395e-6,3,2
25753,4,1.3344619827714984e-4,3,2
25753,6,2.5982339815825464e-4,3,2
25753,17,2.444400083109603e-6,3,2
25753,8,1.0020182383099188e-4,3,2
25753,2,1.082957524510713e-6,3,2
25753,10,3.13422618438063e-5,3,2
25753,16,6.776096101305347e-7,3,2
25753,12,1.4382896795691283e-5,3,2
25781,18,6.060058818930897e-6,3,2
25781,11,2.082228017294153e-5,3,2
25781,15,1.5805578737071037e-6,3,2
25781,7,1.5624246072684913e-4,3,2
25781,9,7.029337900272866e-5,3,2
25781,5,3.116511828235677e-4,3,2
25781,3,2.996925454176561e-7,3,2
25781,13,3.2143157910977595e-6,3,2
25781,4,4.215837607263191e-5,3,2
25781,6,2.137138936963672e-4,3,2
25781,17,1.629600055406402e-6,3,2
25781,8,1.0138530993923192e-4,3,2
25781,2,2.707393811276783e-7,3,2
25781,10,3.910024744870886e-5,3,2
25781,16,1.6940240253263368e-6,3,2
25781,12,1.0703551103770258e-5,3,2
26040,18,0,3,2
26040,11,3.3315648276706447e-6,3,2
26040,15,0,3,2
26040,7,7.467470549444995e-5,3,2
26040,9,3.692177482971606e-5,3,2
26040,5,2.0909250276173036e-4,3,2
26040,3,1.288677945295921e-5,3,2
26040,13,5.464336844866191e-6,3,2
26040,4,3.6847084598914504e-5,3,2
26040,6,1.3832851338566233e-4,3,2
26040,17,4.481400152367605e-6,3,2
26040,8,4.891742580725587e-5,3,2
26040,2,5.414787622553565e-7,3,2
26040,10,7.447666180706449e-6,3,2
26040,16,0,3,2
26040,12,9.700093187791797e-6,3,2
26199,18,0,3,2
26199,11,1.290981370722375e-5,3,2
26199,15,6.638343069569835e-6,3,2
26199,7,1.895588677936037e-4,3,2
26199,9,5.0412423325189245e-5,3,2
26199,5,5.620851690210774e-4,3,2
26199,3,1.0189546544200304e-5,3,2
26199,13,6.750063161305295e-6,3,2
26199,4,1.7328088433003037e-4,3,2
26199,6,2.9471048354476207e-4,3,2
26199,17,3.666600124664405e-6,3,2
26199,8,1.3136695801464684e-4,3,2
26199,2,1.0558835863979453e-5,3,2
26199,10,3.13422618438063e-5,3,2
26199,16,2.032828830391604e-6,3,2
26199,12,1.5051868739676928e-5,3,2
26208,18,7.272070582717076e-6,3,2
26208,11,1.0161272724395466e-4,3,2
26208,15,1.264446298965683e-5,3,2
26208,7,0.0010305109358234,3,2
26208,9,4.5264675872969215e-4,3,2
26208,5,0.00282076121596433,3,2
26208,3,6.443389726479604e-5,3,2
26208,13,1.73573052719279e-5,3,2
26208,4,8.122956397616557e-4,3,2
26208,6,0.00154796193550622,3,2
26208,17,6.5184002216256075e-6,3,2
26208,8,6.588072669203009e-4,3,2
26208,2,4.954530674636512e-5,3,2
26208,10,1.989147509097014e-4,3,2
26208,16,1.524621622793703e-5,3,2
26208,12,6.18799048186718e-5,3,2
26242,18,1.1817114696915249e-5,3,2
26242,11,1.3034747388261398e-4,3,2
26242,15,1.5805578737071035e-5,3,2
26242,7,0.00140005499121902,3,2
26242,9,4.94538772478793e-4,3,2
26242,5,0.00347308212286927,3,2
26242,3,5.7241276174772304e-5,3,2
26242,13,4.4036126338039304e-5,3,2
26242,4,6.941194044714435e-4,3,2
26242,6,0.00201954750230425,3,2
26242,17,1.833300062332202e-5,3,2
26242,8,8.667063266011384e-4,3,2
26242,2,6.2270057659366e-6,3,2
26242,10,2.634611911424906e-4,3,2
26242,16,1.897306908365497e-5,3,2
26242,12,7.024205411849233e-5,3,2
26513,18,0,6,3
26513,11,6.246684051882459e-6,6,3
26513,15,5.057785195862732e-6,6,3
26513,7,1.9913254798519984e-5,6,3
26513,9,3.550170656703468e-6,6,3
26513,5,3.02110840492234e-5,6,3
26513,3,8.391391271694368e-5,6,3
26513,13,5.7857684239759675e-6,6,3
26513,4,4.348619894106126e-5,6,3
26513,6,2.2688803782833505e-5,6,3
26513,17,1.2222000415548017e-6,6,3
26513,8,2.05137592094944e-5,6,3
26513,2,1.0396392235302843e-4,6,3
26513,10,8.068305029098652e-6,6,3
26513,16,0,6,3
26513,12,2.006915831956924e-6,6,3
26521,18,2.4240235275723587e-6,3,2
26521,11,4.039522353550657e-5,3,2
26521,15,5.690008345345573e-6,3,2
26521,7,3.1286786866136206e-4,3,2
26521,9,7.952382271015768e-5,3,2
26521,5,7.50506930064918e-4,3,2
26521,3,3.5663412904701065e-5,3,2
26521,13,6.750063161305295e-6,3,2
26521,4,2.3436073627778055e-4,3,2
26521,6,3.913208738458595e-4,3,2
26521,17,1.2222000415548017e-6,3,2
26521,8,1.6371557830654183e-4,3,2
26521,2,4.223534345591781e-5,3,2
26521,10,4.5616955356827e-5,3,2
26521,16,6.776096101305347e-7,3,2
26521,12,1.3044952907720003e-5,3,2
26608,18,2.121020586625814e-6,6,3
26608,11,3.748010431129475e-6,6,3
26608,15,0,6,3
26608,7,1.1488416229915376e-5,6,3
26608,9,3.195153591033121e-6,6,3
26608,5,2.4248370092139832e-5,6,3
26608,3,1.015957728965854e-4,6,3
26608,13,0,6,3
26608,4,3.6183173164699826e-5,6,3
26608,6,5.855175169763485e-6,6,3
26608,17,2.0370000692580023e-6,6,3
26608,8,7.889907388267077e-6,6,3
26608,2,5.6313791274557075e-5,6,3
26608,10,4.034152514549326e-6,6,3
26608,16,1.016414415195802e-6,6,3
26608,12,1.672429859964103e-6,6,3
26722,18,0,4,1
26722,11,1.2493368103764918e-5,4,1
26722,15,3.1611157474142073e-7,4,1
26722,7,2.1827990836839215e-5,4,1
26722,9,1.1715563167121444e-5,4,1
26722,5,4.770171165666852e-6,4,1
26722,3,6.293543453770776e-6,4,1
26722,13,1.9285894746586556e-6,4,1
26722,4,1.0622582947434811e-5,4,1
26722,6,2.9031910216743947e-5,4,1
26722,17,8.148000277032009e-7,4,1
26722,8,1.4201833298880738e-5,4,1
26722,2,3.519611954659817e-5,4,1
26722,10,8.688943877490856e-6,4,1
26722,16,1.6940240253263368e-6,4,1
26722,12,1.672429859964103e-6,4,1
26786,18,3.030029409465449e-7,6,3
26786,11,4.164456034588306e-7,6,3
26786,15,6.322231494828415e-7,6,3
26786,7,3.829472076638459e-7,6,3
26786,9,3.550170656703468e-7,6,3
26786,5,7.95028527611142e-6,6,3
26786,3,9.380376671572632e-5,6,3
26786,13,0,6,3
26786,4,6.174376338196484e-5,6,3
26786,6,4.879312641469571e-7,6,3
26786,17,8.148000277032009e-7,6,3
26786,8,0,6,3
26786,2,6.497745147064278e-5,6,3
26786,10,3.10319424196102e-7,6,3
26786,16,3.3880480506526733e-7,6,3
26786,12,6.689719439856411e-7,6,3
26797,18,0.06895165224473669,1,6
26797,11,0.0916942423063757,1,6
26797,15,0.07496427939205422,1,6
26797,7,0.10334021872412712,1,6
26797,9,0.10800968202541496,1,6
26797,5,0.02580742103478528,1,6
26797,3,8.93083785344615e-5,1,6
26797,13,0.09086292164590969,1,6
26797,4,5.689720991219772e-4,1,6
26797,6,0.08596324218614676,1,6
26797,17,0.07169669883768776,1,6
26797,8,0.1102322630936958,1,6
26797,2,8.501216567409097e-5,1,6
26797,10,0.09677094019958504,1,6
26797,16,0.07342950420660047,1,6
26797,12,0.09435682026931472,1,6
26887,18,0,6,3
26887,11,0,6,3
26887,15,2.8450041726727866e-6,6,3
26887,7,9.956627399259992e-6,6,3
26887,9,1.0650511970110403e-6,6,3
26887,5,7.354013880403064e-5,6,3
26887,3,9.94979250786618e-5,6,3
26887,13,0,6,3
26887,4,9.128782220451793e-5,6,3
26887,6,3.0983635273331774e-5,6,3
26887,17,0,6,3
26887,8,5.522935171786954e-6,6,3
26887,2,1.8193686411779975e-4,6,3
26887,10,1.55159712098051e-6,6,3
26887,16,0,6,3
26887,12,0,6,3
27011,18,0.03187166734640327,1,6
27011,11,0.04176116511485153,1,6
27011,15,0.03249121209822218,1,6
27011,7,0.05286356433474794,1,6
27011,9,0.05061620312088402,1,6
27011,5,0.01491274760666599,1,6
27011,3,6.113727926520183e-5,1,6
27011,13,0.03673448658698163,1,6
27011,4,3.077229497585022e-4,1,6
27011,6,0.04480819178040751,1,6
27011,17,0.03211778749200477,1,6
27011,8,0.05271089327953468,1,6
27011,2,4.846234922185441e-5,1,6
27011,10,0.04449452999950969,1,6
27011,16,0.03211869552018735,1,6
27011,12,0.03958842170118228,1,6
27015,18,1.5756152929220333e-5,1,6
27015,11,1.998938896602387e-5,1,6
27015,15,1.4541132438105354e-5,1,6
27015,7,2.33597796674946e-5,1,6
27015,9,2.627126285960566e-5,1,6
27015,5,6.757742484694707e-6,1,6
27015,3,2.996925454176561e-7,1,6
27015,13,1.8643031588367004e-5,1,6
27015,4,0,1,6
27015,6,2.2444838150760023e-5,1,6
27015,17,1.3036800443251217e-5,1,6
27015,8,1.933027310125434e-5,1,6
27015,2,0,1,6
27015,10,1.6446929482393408e-5,1,6
27015,16,1.389099700767596e-5,1,6
27015,12,1.9065700403590775e-5,1,6
27060,18,0,6,3
27060,11,8.328912069176612e-7,6,3
27060,15,0,6,3
27060,7,9.573680191596149e-6,6,3
27060,9,6.745324247736588e-6,6,3
27060,5,1.4191259217858886e-4,6,3
27060,3,0.00204090623429423,6,3
27060,13,2.250021053768432e-6,6,3
27060,4,0.00104400073030257,6,3
27060,6,2.5616391367715247e-5,6,3
27060,17,0,6,3
27060,8,4.733944432960246e-6,6,3
27060,2,0.00234785191313922,6,3
27060,10,1.55159712098051e-6,6,3
27060,16,0,6,3
27060,12,2.341401803949744e-6,6,3
27118,18,2.7270264685189036e-6,3,2
27118,11,4.247745155280072e-5,3,2
27118,15,3.1611157474142073e-6,3,2
27118,7,4.4115518322875046e-4,3,2
27118,9,1.5585249182928224e-4,3,2
27118,5,0.00125892767347224,3,2
27118,3,2.5383958596875465e-4,3,2
27118,13,1.350012632261059e-5,3,2
27118,4,4.13616823515743e-4,3,2
27118,6,6.716373850982865e-4,3,2
27118,17,3.666600124664405e-6,3,2
27118,8,3.057339112953492e-4,3,2
27118,2,1.3049638170354092e-4,3,2
27118,10,7.385602295867228e-5,3,2
27118,16,1.6940240253263368e-6,3,2
27118,12,1.8062242487612313e-5,3,2
27189,18,0,6,3
27189,11,4.580901638047136e-6,6,3
27189,15,1.8966694484485244e-6,6,3
27189,7,1.2675552573673297e-4,6,3
27189,9,2.5561228728264967e-5,6,3
27189,5,3.939366354313209e-4,6,3
27189,3,1.0279454307825602e-4,6,3
27189,13,1.0928673689732382e-5,6,3
27189,4,1.8888280303407524e-4,6,3
27189,6,2.0883458105489764e-4,6,3
27189,17,6.925800235477208e-6,6,3
27189,8,9.15229257038981e-5,6,3
27189,2,1.183131095527954e-4,6,3
27189,10,2.358427623890375e-5,6,3
27189,16,1.6940240253263368e-6,6,3
27189,12,4.682803607899488e-6,6,3
27199,18,0,6,3
27199,11,2.9151192242118143e-6,6,3
27199,15,2.528892597931366e-6,6,3
27199,7,1.9147360383192297e-5,6,3
27199,9,1.4910716758154564e-5,6,3
27199,5,1.0732885122750416e-5,6,3
27199,3,1.974973874302353e-4,6,3
27199,13,9.642947373293278e-7,6,3
27199,4,7.070656774386297e-5,6,3
27199,6,2.9519841480890905e-5,6,3
27199,17,0,6,3
27199,8,3.9449536941335384e-6,6,3
27199,2,1.4457482952218018e-4,6,3
27199,10,2.0170762572746633e-5,6,3
27199,16,3.3880480506526733e-7,6,3
27199,12,2.006915831956924e-6,6,3
27259,18,1.5150147047327242e-6,6,3
27259,11,0,6,3
27259,15,3.1611157474142073e-7,6,3
27259,7,3.063577661310767e-6,6,3
27259,9,2.4851194596924275e-6,6,3
27259,5,7.155256748500278e-6,6,3
27259,3,9.62013070790676e-5,6,3
27259,13,0,6,3
27259,4,3.917077461866587e-5,6,3
27259,6,6.587072065983921e-6,6,3
27259,17,1.2222000415548017e-6,6,3
27259,8,3.1559629553068304e-6,6,3
27259,2,9.096843205889987e-5,6,3
27259,10,5.585749635529836e-6,6,3
27259,16,0,6,3
27259,12,0,6,3
27407,18,0.00294821861540988,1,6
27407,11,0.00342193352362121,1,6
27407,15,0.00278652353134562,1,6
27407,7,0.00457545323716763,1,6
27407,9,0.00435747946403783,1,6
27407,5,0.00217042788037841,1,6
27407,3,1.3186471998376865e-5,1,6
27407,13,0.00311949347526037,1,6
27407,4,7.236634632939965e-5,1,6
27407,6,0.00403348379507082,1,6
27407,17,0.00294468730011936,1,6
27407,8,0.00449211877150986,1,6
27407,2,1.2724750913000878e-5,1,6
27407,10,0.00375176183853087,1,6
27407,16,0.0028717095277332,1,6
27407,12,0.00324785878805028,1,6
27691,18,0,6,3
27691,11,2.498673620752984e-6,6,3
27691,15,0,6,3
27691,7,1.3786099475898452e-5,6,3
27691,9,1.0650511970110403e-6,6,3
27691,5,1.7490627607445123e-5,6,3
27691,3,1.6932628816097566e-4,6,3
27691,13,6.428631582195519e-7,6,3
27691,4,3.784295175023652e-5,6,3
27691,6,2.9031910216743947e-5,6,3
27691,17,0,6,3
27691,8,1.1045870343573907e-5,6,3
27691,2,5.550157313117404e-5,6,3
27691,10,4.65479136294153e-6,6,3
27691,16,0,6,3
27691,12,2.006915831956924e-6,6,3
27787,18,2.4240235275723587e-6,3,2
27787,11,4.580901638047136e-6,3,2
27787,15,2.8450041726727866e-6,3,2
27787,7,2.4508621290486136e-5,3,2
27787,9,1.0295494904440057e-5,3,2
27787,5,6.956499616597493e-5,3,2
27787,3,1.2587086907541552e-5,3,2
27787,13,5.464336844866191e-6,3,2
27787,4,1.3610184401400852e-5,3,2
27787,6,5.269657652787137e-5,3,2
27787,17,2.0370000692580023e-6,3,2
27787,8,1.933027310125434e-5,3,2
27787,2,0,3,2
27787,10,1.4274693513020692e-5,3,2
27787,16,1.3552192202610691e-6,3,2
27787,12,3.6793456919210263e-6,3,2
27801,18,9.696094110289436e-6,3,2
27801,11,9.411670638169572e-5,3,2
27801,15,9.483347242242622e-6,3,2
27801,7,0.00123117527263926,3,2
27801,9,4.327658030521527e-4,3,2
27801,5,0.00363407539971053,3,2
27801,3,7.792006180859057e-6,3,2
27801,13,2.153591580035499e-5,3,2
27801,4,8.176069312353732e-4,3,2
27801,6,0.0018829267483431,3,2
27801,17,3.259200110812804e-6,3,2
27801,8,7.941191786290813e-4,3,2
27801,2,1.6244362867660696e-5,3,2
27801,10,1.8929484875962224e-4,3,2
27801,16,7.79251051650115e-6,3,2
27801,12,6.254887676265746e-5,3,2
27829,18,1.818017645679269e-6,3,2
27829,11,8.828646793327209e-5,3,2
27829,15,2.0863363932933767e-5,3,2
27829,7,9.623463328592448e-4,3,2
27829,9,3.635374752464351e-4,3,2
27829,5,0.0026263767409634,3,2
27829,3,6.713113017355495e-5,3,2
27829,13,1.73573052719279e-5,3,2
27829,4,6.86816378695082e-4,3,2
27829,6,0.00140768169706397,3,2
27829,17,5.703600193922406e-6,3,2
27829,8,5.925320448588574e-4,3,2
27829,2,8.230477186281419e-5,3,2
27829,10,1.6291769770295357e-4,3,2
27829,16,5.0820720759790105e-6,3,2
27829,12,3.880037275116719e-5,3,2
27942,18,0,6,3
27942,11,4.164456034588306e-6,6,3
27942,15,3.1611157474142073e-6,6,3
27942,7,1.8764413175528447e-5,6,3
27942,9,1.562075088949526e-5,6,3
27942,5,3.816136932533482e-5,6,3
27942,3,7.911883199026119e-5,6,3
27942,13,6.750063161305295e-6,6,3
27942,4,5.278095902006672e-5,6,3
27942,6,5.172071399957745e-5,6,3
27942,17,0,6,3
27942,8,1.1045870343573907e-5,6,3
27942,2,1.2751824851113647e-4,6,3
27942,10,2.544619278408037e-5,6,3
27942,16,1.6940240253263368e-6,6,3
27942,12,3.0103737479353854e-6,6,3
27945,18,1.5150147047327242e-6,6,3
27945,11,1.7490715345270886e-5,6,3
27945,15,6.322231494828415e-7,6,3
27945,7,2.6729715094936444e-4,6,3
27945,9,6.816327660870658e-5,6,3
27945,5,7.13538103531e-4,6,3
27945,3,3.683221383182993e-4,6,3
27945,13,1.2535831585281262e-5,6,3
27945,4,3.0838686119271687e-4,6,3
27945,6,4.398700346284818e-4,6,3
27945,17,2.444400083109603e-6,6,3
27945,8,1.60559615351235e-4,6,3
27945,2,2.1198893542297208e-4,6,3
27945,10,4.9340788447180224e-5,6,3
27945,16,1.3552192202610691e-6,6,3
27945,12,1.572084068366257e-5,6,3
27973,18,0,6,3
27973,11,3.3315648276706447e-6,6,3
27973,15,0,6,3
27973,7,1.9147360383192295e-6,6,3
27973,9,0,6,3
27973,5,5.962713957083565e-6,6,3
27973,3,2.7691591196591416e-4,6,3
27973,13,0,6,3
27973,4,1.1286494381649488e-4,6,3
27973,6,2.9275875848817427e-6,6,3
27973,17,0,6,3
27973,8,0,6,3
27973,2,2.8725448337646665e-4,6,3
27973,10,3.4135136661571223e-6,6,3
27973,16,1.016414415195802e-6,6,3
27973,12,1.3379438879712823e-6,6,3
28039,18,3.030029409465449e-7,6,3
28039,11,3.748010431129475e-6,6,3
28039,15,3.1611157474142073e-7,6,3
28039,7,2.0181317843884675e-4,6,3
28039,9,5.53826622445741e-5,6,3
28039,5,0.00329380318989296,6,3
28039,3,3.062857814168445e-4,6,3
28039,13,2.892884211987984e-6,6,3
28039,4,0.02979036996464671,6,3
28039,6,4.596312508264336e-4,6,3
28039,17,1.629600055406402e-6,6,3
28039,8,9.941283309216516e-5,6,3
28039,2,9.638321968145346e-5,6,3
28039,10,3.07216229954141e-5,6,3
28039,16,0,6,3
28039,12,5.017289579892309e-6,6,3
28082,18,0,6,3
28082,11,1.6657824138353223e-6,6,3
28082,15,1.8966694484485244e-6,6,3
28082,7,2.2976832459830755e-6,6,3
28082,9,4.260204788044161e-6,6,3
28082,5,1.590057055222284e-5,6,3
28082,3,2.990931603268207e-4,6,3
28082,13,3.2143157910977595e-6,6,3
28082,4,1.357698882969012e-4,6,3
28082,6,2.195690688661307e-6,6,3
28082,17,0,6,3
28082,8,2.366972216480123e-6,6,3
28082,2,4.6161064482269144e-4,6,3
28082,10,0,6,3
28082,16,0,6,3
28082,12,0,6,3
28351,18,1.5150147047327242e-6,3,2
28351,11,1.332625931068258e-5,3,2
28351,15,9.483347242242622e-7,3,2
28351,7,5.514439790359381e-5,3,2
28351,9,2.307610926857254e-5,3,2
28351,5,1.741112475468401e-4,3,2
28351,3,1.5584012361718113e-4,3,2
28351,13,7.071494740415071e-6,3,2
28351,4,7.103852346097031e-5,3,2
28351,6,7.245779272582312e-5,3,2
28351,17,1.629600055406402e-6,3,2
28351,8,3.6688069355441907e-05,3,2
28351,2,3.709129521449192e-5,3,2
28351,10,1.210245754364798e-5,3,2
28351,16,6.776096101305347e-7,3,2
28351,12,5.017289579892309e-6,3,2
28380,18,0.1853411419211235,1,6
28380,11,0.2279019387208623,1,6
28380,15,0.1847776471183269,1,6
28380,7,0.27428095917552997,1,6
28380,9,0.2807499806515699,1,6
28380,5,0.07255072580141857,1,6
28380,3,1.2587086907541554e-4,1,6
28380,13,0.20572360355657612,1,6
28380,4,0.00148649770120665,1,6
28380,6,0.2278709753599591,1,6
28380,17,0.1922182523354206,1,6
28380,8,0.2897986653432662,1,6
28380,2,9.150991082115524e-5,1,6
28380,10,0.2453754647809176,1,6
28380,16,0.1882609555921766,1,6
28380,12,0.2172533216129449,1,6
28508,18,0,3,2
28508,11,1.290981370722375e-5,3,2
28508,15,6.322231494828415e-7,3,2
28508,7,5.322966186527458e-5,3,2
28508,9,5.7512764638596175e-5,3,2
28508,5,1.657634480069231e-4,3,2
28508,3,2.996925454176561e-7,3,2
28508,13,4.5000421075368635e-6,3,2
28508,4,2.390081163172833e-5,3,2
28508,6,8.782762754645227e-5,3,2
28508,17,0,3,2
28508,8,4.536696748253569e-5,3,2
28508,2,2.707393811276783e-7,3,2
28508,10,3.2893858964786816e-5,3,2
28508,16,1.3552192202610691e-6,3,2
28508,12,5.68626152387795e-6,3,2
28539,18,3.030029409465449e-7,6,3
28539,11,2.498673620752984e-6,6,3
28539,15,0,6,3
28539,7,8.42483856860461e-6,6,3
28539,9,1.0650511970110403e-6,6,3
28539,5,2.74284842025844e-5,6,3
28539,3,2.3885495869787184e-4,6,3
28539,13,6.428631582195519e-7,6,3
28539,4,1.0290627230327474e-4,6,3
28539,6,7.562934594277835e-6,6,3
28539,17,0,6,3
28539,8,3.5504583247201844e-6,6,3
28539,2,1.5784105919743643e-4,6,3
28539,10,3.10319424196102e-7,6,3
28539,16,0,6,3
28539,12,2.6758877759425646e-6,6,3
28557,18,3.030029409465449e-7,3,2
28557,11,3.373209388016528e-5,3,2
28557,15,3.7933388968970488e-6,3,2
28557,7,2.178969611607283e-4,3,2
28557,9,9.052935174593843e-5,3,2
28557,5,5.04048086505464e-4,3,2
28557,3,9.889853998782648e-6,3,2
28557,13,1.2857263164391038e-5,3,2
28557,4,1.7593653006688908e-4,3,2
28557,6,3.247182562897999e-4,3,2
28557,17,3.666600124664405e-6,3,2
28557,8,1.4122934224998067e-4,3,2
28557,2,8.122181433830347e-7,3,2
28557,10,5.213366326494514e-5,3,2
28557,16,0,3,2
28557,12,1.2041494991741542e-5,3,2
28591,18,3.030029409465449e-7,6,3
28591,11,0,6,3
28591,15,0,6,3
28591,7,7.275996945613072e-6,6,3
28591,9,5.680273050725548e-6,6,3
28591,5,1.4310513497000556e-5,6,3
28591,3,2.0618847124734735e-4,6,3
28591,13,1.9285894746586556e-6,6,3
28591,4,1.068897409085628e-4,6,3
28591,6,7.3189689622043564e-6,6,3
28591,17,4.074000138516005e-7,6,3
28591,8,1.5779814776534152e-6,6,3
28591,2,2.0494971151365245e-4,6,3
28591,10,6.20638848392204e-7,6,3
28591,16,0,6,3
28591,12,1.672429859964103e-6,6,3
28618,18,0,3,2
28618,11,1.415915051760024e-5,3,2
28618,15,1.264446298965683e-6,3,2
28618,7,6.471807809518996e-5,3,2
28618,9,3.1596518844660866e-5,3,2
28618,5,1.494653631908947e-4,3,2
28618,3,4.195695635847184e-6,3,2
28618,13,5.464336844866191e-6,3,2
28618,4,2.987601453966041e-5,3,2
28618,6,9.831814972561184e-5,3,2
28618,17,1.2222000415548017e-6,3,2
28618,8,4.1816509157815506e-5,3,2
28618,2,1.705658101104373e-5,3,2
28618,10,1.986044314855053e-5,3,2
28618,16,1.016414415195802e-6,3,2
28618,12,1.672429859964103e-6,3,2
28788,18,0,3,2
28788,11,1.0411140086470763e-5,3,2
28788,15,1.5805578737071037e-6,3,2
28788,7,1.286702617750522e-4,3,2
28788,9,4.650723560281543e-5,3,2
28788,5,3.7366340797723673e-4,3,2
28788,3,6.713113017355495e-5,3,2
28788,13,5.7857684239759675e-6,3,2
28788,4,1.324503311258278e-4,3,2
28788,6,2.0615095910208936e-4,3,2
28788,17,1.629600055406402e-6,3,2
28788,8,7.377063408029716e-5,3,2
28788,2,5.820896694245083e-5,3,2
28788,10,2.172235969372714e-5,3,2
28788,16,1.016414415195802e-6,3,2
28788,12,7.0242054118492325e-6,3,2
28810,18,6.999367935865186e-5,3,2
28810,11,8.753686584704619e-4,3,2
28810,15,1.235996257238955e-4,3,2
28810,7,0.00864771384346496,3,2
28810,9,0.00304356130399188,3,2
28810,5,0.02499092673692863,3,2
28810,3,1.5434166089009285e-4,3,2
28810,13,2.97002779097433e-4,3,2
28810,4,0.00724061810154525,3,2
28810,6,0.01351740377629522,3,2
28810,17,8.06652027426169e-5,3,2
28810,8,0.0056779718519664,3,2
28810,2,5.171122179538655e-5,3,2
28810,10,0.00157921554973396,3,2
28810,16,7.928032438527256e-5,3,2
28810,12,4.8366671550161857e-4,3,2
28898,18,1.9786092043809375e-4,2,4
28898,11,1.903156407806856e-4,2,4
28898,15,1.9693751106390512e-4,2,4
28898,7,3.369935427441844e-5,2,4
28898,9,6.07079182296293e-5,2,4
28898,5,3.617379800630696e-5,2,4
28898,3,1.1897794053080944e-4,2,4
28898,13,1.8610888430456028e-4,2,4
28898,4,3.717904031602184e-5,2,4
28898,6,3.2935360329919604e-5,2,4
28898,17,2.501436085048827e-4,2,4
28898,8,5.0889902654322646e-5,2,4
28898,2,9.502952277581508e-5,2,4
28898,10,1.2723096392040182e-4,2,4
28898,16,2.036216878442257e-4,2,4
28898,12,1.7159130363231695e-4,2,4
28997,18,0,6,3
28997,11,7.496020862258951e-6,6,3
28997,15,1.8966694484485244e-6,6,3
28997,7,2.33597796674946e-5,6,3
28997,9,1.100552903578075e-5,6,3
28997,5,6.360228220889136e-6,6,3
28997,3,9.919823253324416e-5,6,3
28997,13,0,6,3
28997,4,3.518730601337781e-5,6,3
28997,6,4.78172638864018e-5,6,3
28997,17,0,6,3
28997,8,1.1045870343573907e-5,6,3
28997,2,6.84970634253026e-5,6,3
28997,10,6.827027332314245e-6,6,3
28997,16,0,6,3
28997,12,2.341401803949744e-6,6,3
29117,18,0,6,3
29117,11,4.164456034588306e-7,6,3
29117,15,0,6,3
29117,7,1.5317888306553835e-6,6,3
29117,9,0,6,3
29117,5,1.1130399386555988e-5,6,3
29117,3,1.444518068913102e-4,6,3
29117,13,0,6,3
29117,4,4.780162326345665e-5,6,3
29117,6,7.806900226351313e-6,6,3
29117,17,0,6,3
29117,8,1.1834861082400614e-6,6,3
29117,2,1.207497639829445e-4,6,3
29117,10,2.172235969372714e-6,6,3
29117,16,0,6,3
29117,12,3.344859719928206e-7,6,3
29276,18,0,3,2
29276,11,1.7074269741812053e-5,3,2
29276,15,3.1611157474142073e-7,3,2
29276,7,3.239733376836136e-4,3,2
29276,9,9.79847101250157e-5,3,2
29276,5,0.00110349959632426,3,2
29276,3,8.601176053486728e-5,3,2
29276,13,2.4107368433233197e-5,3,2
29276,4,2.6622848512008497e-4,3,2
29276,6,5.191588650523623e-4,3,2
29276,17,8.14800027703201e-6,3,2
29276,8,1.9172474953488996e-4,3,2
29276,2,1.234571577942213e-4,3,2
29276,10,5.275430211333734e-5,3,2
29276,16,1.6940240253263368e-6,3,2
29276,12,1.4048410823698463e-5,3,2
29351,18,0,6,3
29351,11,2.082228017294153e-6,6,3
29351,15,0,6,3
29351,7,1.4054162521263144e-4,6,3
29351,9,1.9525938611869072e-5,6,3
29351,5,0.00572380788453641,6,3
29351,3,4.684194484877963e-4,6,3
29351,13,3.2143157910977594e-7,6,3
29351,4,0.04207638301050639,6,3
29351,6,5.359924936654323e-4,6,3
29351,17,0,6,3
29351,8,4.931192117666923e-5,6,3
29351,2,1.870809123592257e-4,6,3
29351,10,6.5167079081181426e-6,6,3
29351,16,0,6,3
29351,12,0,6,3
29370,18,0,3,2
29370,11,1.8323606552188546e-5,3,2
29370,15,5.690008345345573e-6,3,2
29370,7,2.2632179972933292e-4,3,2
29370,9,7.774873738180594e-5,3,2
29370,5,5.302840279166317e-4,3,2
29370,3,2.7272021633006695e-5,3,2
29370,13,7.714357898634622e-6,3,2
29370,4,1.0456605088881144e-4,3,2
29370,6,3.337449846765187e-4,3,2
29370,17,3.259200110812804e-6,3,2
29370,8,1.435963144664608e-4,3,2
29370,2,4.683791293508834e-5,3,2
29370,10,4.9961427295572424e-5,3,2
29370,16,2.032828830391604e-6,3,2
29370,12,1.672429859964103e-5,3,2
29588,18,3.030029409465449e-7,3,2
29588,11,6.246684051882459e-6,3,2
29588,15,0,3,2
29588,7,1.033957460692384e-4,3,2
29588,9,3.088648471332017e-5,3,2
29588,5,3.2437163926534596e-4,3,2
29588,3,2.99692545417656e-5,3,2
29588,13,3.2143157910977595e-6,3,2
29588,4,6.107985194775017e-5,3,2
29588,6,1.7345956440424325e-4,3,2
29588,17,2.0370000692580023e-6,3,2
29588,8,6.311925910613661e-5,3,2
29588,2,4.873308860298208e-5,3,2
29588,10,1.830884602757002e-5,3,2
29588,16,1.016414415195802e-6,3,2
29588,12,3.344859719928206e-6,3,2
29802,18,1.3029126460701428e-5,3,2
29802,11,1.3701060353795528e-4,3,2
29802,15,1.9598917633968084e-5,3,2
29802,7,0.00158042312602869,3,2
29802,9,5.364307862278939e-4,3,2
29802,5,0.0048238355912806,3,2
29802,3,1.6453120743429317e-4,3,2
29802,13,4.14646737051611e-5,3,2
29802,4,0.00115553785125064,3,2
29802,6,0.00254358567999808,3,2
29802,17,1.2629400429399615e-5,3,2
29802,8,0.0010280549326912,3,2
29802,2,8.47414262929633e-5,3,2
29802,10,2.966653695314735e-4,3,2
29802,16,1.66014354481981e-5,3,2
29802,12,9.90078477098749e-5,3,2
29822,18,0,6,3
29822,11,6.663129655341289e-6,6,3
29822,15,6.322231494828415e-7,6,3
29822,7,6.51010253028538e-6,6,3
29822,9,3.550170656703468e-7,6,3
29822,5,1.1130399386555988e-5,6,3
29822,3,1.2257425107582132e-4,6,3
29822,13,0,6,3
29822,4,4.38181546581686e-5,6,3
29822,6,1.1466384707453492e-5,6,3
29822,17,4.074000138516005e-7,6,3
29822,8,2.761467585893477e-6,6,3
29822,2,1.5919475610307482e-4,6,3
29822,10,3.4135136661571223e-6,6,3
29822,16,0,6,3
29822,12,0,6,3
29879,18,0,6,3
29879,11,2.082228017294153e-6,6,3
29879,15,0,6,3
29879,7,2.1062096421511525e-5,6,3
29879,9,7.100341313406936e-6,6,3
29879,5,7.83103099696975e-5,6,3
29879,3,5.064804017558387e-5,6,3
29879,13,4.178610528427088e-6,6,3
29879,4,7.170243489518498e-5,6,3
29879,6,3.4155188490287e-5,6,3
29879,17,1.629600055406402e-6,6,3
29879,8,7.889907388267077e-6,6,3
29879,2,3.303020449757675e-5,6,3
29879,10,4.034152514549326e-6,6,3
29879,16,6.776096101305347e-7,6,3
29879,12,3.0103737479353854e-6,6,3
29887,18,3.030029409465449e-7,6,3
29887,11,5.8302384484236285e-6,6,3
29887,15,9.483347242242622e-7,6,3
29887,7,1.033957460692384e-5,6,3
29887,9,4.260204788044161e-6,6,3
29887,5,3.617379800630696e-5,6,3
29887,3,9.560192198823228e-5,6,3
29887,13,1.6071578955488798e-6,6,3
29887,4,3.352752742784113e-5,6,3
29887,6,2.2932769414906984e-5,6,3
29887,17,0,6,3
29887,8,1.0651374974160553e-5,6,3
29887,2,1.034224435907731e-4,6,3
29887,10,4.344471938745428e-6,6,3
29887,16,6.776096101305347e-7,6,3
29887,12,1.672429859964103e-6,6,3
29907,18,9.29310019883053e-4,1,6
29907,11,0.00146005828572666,1,6
29907,15,0.00132324305186758,1,6
29907,7,0.00113390668189264,1,6
29907,9,0.00126279570258942,1,6
29907,5,0.00132252995568113,1,6
29907,3,1.5763827888968707e-4,1,6
29907,13,0.00150108547444265,1,6
29907,4,1.9850951883018805e-4,1,6
29907,6,0.00125276352069731,1,6
29907,17,9.781674332576928e-4,1,6
29907,8,0.00125410077936505,1,6
29907,2,1.7598059773299088e-4,1,6
29907,10,0.00120528064357766,1,6
29907,16,0.00114075577865475,1,6
29907,12,0.00143394136193322,1,6
29955,18,1.818017645679269e-6,3,2
29955,11,1.6657824138353223e-6,3,2
29955,15,1.264446298965683e-6,3,2
29955,7,3.5614090312737664e-5,3,2
29955,9,1.1715563167121444e-5,3,2
29955,5,9.103076641147576e-5,3,2
29955,3,1.2587086907541552e-5,3,2
29955,13,1.6071578955488798e-6,3,2
29955,4,1.8257564440903584e-5,3,2
29955,6,5.1232782735430494e-5,3,2
29955,17,0,3,2
29955,8,1.7357796254187568e-5,3,2
29955,2,3.519611954659817e-6,3,2
29955,10,6.2063884839220405e-6,3,2
29955,16,3.3880480506526733e-7,3,2
29955,12,1.3379438879712823e-6,3,2
30069,18,2.4240235275723587e-6,3,2
30069,11,8.911935914018975e-5,3,2
30069,15,1.264446298965683e-6,3,2
30069,7,5.954829079172804e-4,3,2
30069,9,1.9774450557838316e-4,3,2
30069,5,0.00159959739755361,3,2
30069,3,3.686218308637169e-5,3,2
30069,13,2.0250189483915884e-5,3,2
30069,4,3.276402927849425e-4,3,2
30069,6,8.64126268804261e-4,3,2
30069,17,6.5184002216256075e-6,3,2
30069,8,3.672751889238324e-4,3,2
30069,2,3.519611954659817e-5,3,2
30069,10,9.1233910713654e-5,3,2
30069,16,3.0492432455874064e-6,3,2
30069,12,3.6458970947217445e-5,3,2
30173,18,0.0016568200810957,1,6
30173,11,0.00136219356891383,1,6
30173,15,0.00136086032926181,1,6
30173,7,6.690087717887387e-4,1,6
30173,9,0.00117510648736884,1,6
30173,5,3.577628374250139e-6,1,6
30173,3,2.996925454176561e-7,1,6
30173,13,0.00142683477966829,1,6
30173,4,0,1,6
30173,6,5.103761022977172e-4,1,6
30173,17,0.00155749025295466,1,6
30173,8,8.47376053499884e-4,1,6
30173,2,1.1371054007362486e-5,1,6
30173,10,0.0013526823700708,1,6
30173,16,0.00146397556268702,1,6
30173,12,0.00139681341904201,1,6
30245,18,1.5150147047327242e-6,6,3
30245,11,4.164456034588306e-6,6,3
30245,15,1.8966694484485244e-6,6,3
30245,7,1.3403152268234603e-5,6,3
30245,9,4.615221853714508e-6,6,3
30245,5,4.213651196339053e-5,6,3
30245,3,8.031760217193181e-5,6,3
30245,13,0,6,3
30245,4,5.178509186874471e-5,6,3
30245,6,2.39086319432009e-5,6,3
30245,17,1.2222000415548017e-6,6,3
30245,8,5.917430541200307e-6,6,3
30245,2,6.741410590079188e-5,6,3
30245,10,6.5167079081181426e-6,6,3
30245,16,2.7104384405221387e-6,6,3
30245,12,4.0138316639138475e-6,6,3
30398,18,0,6,3
30398,11,1.6657824138353223e-6,6,3
30398,15,9.483347242242622e-7,6,3
30398,7,6.203744764154303e-5,6,3
30398,9,1.2425597298462135e-5,6,3
30398,5,1.8603667546100724e-4,6,3
30398,3,1.4535088452756318e-4,6,3
30398,13,0,6,3
30398,4,1.4074922405351125e-4,6,3
30398,6,7.196986146167617e-5,6,3
30398,17,0,6,3
30398,8,2.3275226795387876e-5,6,3
30398,2,1.9682753007982208e-4,6,3
30398,10,8.378624453294754e-6,6,3
30398,16,0,6,3
30398,12,1.3379438879712823e-6,6,3
30555,18,0,6,3
30555,11,8.328912069176612e-7,6,3
30555,15,0,6,3
30555,7,1.570083551421768e-5,6,3
30555,9,8.165392510417976e-6,6,3
30555,5,5.962713957083565e-5,6,3
30555,3,2.427509617883014e-4,6,3
30555,13,0,6,3
30555,4,1.639861242510249e-4,6,3
30555,6,2.512846010356829e-5,6,3
30555,17,0,6,3
30555,8,1.4596328668294092e-5,6,3
30555,2,2.3987509167912297e-4,6,3
30555,10,7.75798560490255e-6,6,3
30555,16,0,6,3
30555,12,1.672429859964103e-6,6,3
30576,18,0,6,3
30576,11,0,6,3
30576,15,0,6,3
30576,7,9.573680191596149e-6,6,3
30576,9,3.550170656703468e-6,6,3
30576,5,3.657131227011253e-5,6,3
30576,3,2.097847817923592e-5,6,3
30576,13,0,6,3
30576,4,3.15357931251971e-5,6,3
30576,6,1.4881903556482192e-5,6,3
30576,17,0,6,3
30576,8,5.522935171786954e-6,6,3
30576,2,4.792087045959905e-5,6,3
30576,10,5.585749635529836e-6,6,3
30576,16,0,6,3
30576,12,3.0103737479353854e-6,6,3
30602,18,0,3,2
30602,11,8.745357672635443e-6,3,2
30602,15,1.264446298965683e-6,3,2
30602,7,7.314291666379456e-5,3,2
30602,9,3.3371604173012593e-5,3,2
30602,5,1.6814853358975654e-4,3,2
30602,3,1.8580937815894673e-5,3,2
30602,13,1.2857263164391038e-6,3,2
30602,4,4.9461401848993344e-5,3,2
30602,6,9.490263087658316e-5,3,2
30602,17,8.148000277032009e-7,3,2
30602,8,4.10275184189888e-5,3,2
30602,2,4.061090716915174e-6,3,2
30602,10,1.7688207179177816e-5,3,2
30602,16,6.776096101305347e-7,3,2
30602,12,7.693177355834873e-6,3,2
30697,18,3.636035291358538e-6,3,2
30697,11,4.872413560468318e-5,3,2
30697,15,8.85112409275978e-6,3,2
30697,7,4.564730715353043e-4,3,2
30697,9,1.1502552927719236e-4,3,2
30697,5,0.00129748655706138,3,2
30697,3,6.323512708312542e-5,3,2
30697,13,1.8643031588367004e-5,3,2
30697,4,3.697986688575744e-4,3,2
30697,6,6.916425669283117e-4,3,2
30697,17,8.148000277032009e-7,3,2
30697,8,2.7535776785052096e-4,3,2
30697,2,4.521347664832227e-5,3,2
30697,10,8.533784165392806e-5,3,2
30697,16,2.3716336354568714e-6,3,2
30697,12,2.1407102207540517e-5,3,2
30886,18,1.818017645679269e-6,6,3
30886,11,1.249336810376492e-6,6,3
30886,15,0,6,3
30886,7,6.893049737949226e-6,6,3
30886,9,1.775085328351734e-6,6,3
30886,5,1.3912999233194983e-5,6,3
30886,3,1.0758962380493852e-4,6,3
30886,13,9.642947373293278e-7,6,3
30886,4,9.19517336387326e-5,6,3
30886,6,4.879312641469571e-6,6,3
30886,17,0,6,3
30886,8,3.5504583247201844e-6,6,3
30886,2,1.418674357109034e-4,6,3
30886,10,1.55159712098051e-6,6,3
30886,16,3.3880480506526733e-7,6,3
30886,12,4.3483176359066675e-6,6,3
31036,18,1.5150147047327242e-6,3,2
31036,11,4.206100594934189e-5,3,2
31036,15,5.373896770604152e-6,3,2
31036,7,4.874917953560758e-4,3,2
31036,9,1.746683963098106e-4,3,2
31036,5,0.00131219458482218,3,2
31036,3,9.320438162489104e-5,3,2
31036,13,9.64294737329328e-6,3,2
31036,4,3.9237165762087337e-4,3,2
31036,6,7.379960370222726e-4,3,2
31036,17,3.666600124664405e-6,3,2
31036,8,3.057339112953492e-4,3,2
31036,2,1.3022564232241323e-4,3,2
31036,10,6.423612080859312e-5,3,2
31036,16,5.0820720759790105e-6,3,2
31036,12,2.0738130263554877e-5,3,2
31319,18,3.0300294094654485e-6,6,3
31319,11,4.164456034588306e-6,6,3
31319,15,0,6,3
31319,7,6.51010253028538e-6,6,3
31319,9,7.100341313406935e-7,6,3
31319,5,3.180114110444568e-5,6,3
31319,3,2.721208312392317e-4,6,3
31319,13,9.642947373293278e-7,6,3
31319,4,1.3709771116533054e-4,6,3
31319,6,1.3174144131967842e-5,6,3
31319,17,0,6,3
31319,8,1.3807337929467383e-5,6,3
31319,2,2.450191399205488e-4,6,3
31319,10,5.585749635529836e-6,6,3
31319,16,1.3552192202610691e-6,6,3
31319,12,3.344859719928206e-7,6,3
31456,18,0,6,3
31456,11,0,6,3
31456,15,3.1611157474142073e-7,6,3
31456,7,7.658944153276918e-6,6,3
31456,9,3.905187722373815e-6,6,3
31456,5,2.4248370092139832e-5,6,3
31456,3,4.3515357594643657e-4,6,3
31456,13,1.2857263164391038e-6,6,3
31456,4,1.7228501717870835e-4,6,3
31456,6,7.3189689622043564e-6,6,3
31456,17,1.2222000415548017e-6,6,3
31456,8,2.366972216480123e-6,6,3
31456,2,4.020479809746022e-4,6,3
31456,10,8.068305029098652e-6,6,3
31456,16,0,6,3
31456,12,6.689719439856411e-7,6,3
31548,18,0,6,3
31548,11,8.328912069176612e-7,6,3
31548,15,0,6,3
31548,7,1.9147360383192295e-6,6,3
31548,9,0,6,3
31548,5,1.6298084816028413e-5,6,3
31548,3,2.499435828783251e-4,6,3
31548,13,0,6,3
31548,4,1.042340951717041e-4,6,3
31548,6,4.147415745249135e-6,6,3
31548,17,0,6,3
31548,8,3.944953694133538e-7,6,3
31548,2,2.5368280011663454e-4,6,3
31548,10,3.10319424196102e-7,6,3
31548,16,0,6,3
31548,12,1.3379438879712823e-6,6,3
31710,18,0,6,3
31710,11,0,6,3
31710,15,9.483347242242622e-7,6,3
31710,7,2.029620200618383e-5,6,3
31710,9,3.905187722373815e-6,6,3
31710,5,7.274511027641949e-5,6,3
31710,3,8.810960835279087e-5,6,3
31710,13,0,6,3
31710,4,3.6183173164699826e-5,6,3
31710,6,3.7326741707242216e-5,6,3
31710,17,0,6,3
31710,8,1.4201833298880738e-5,6,3
31710,2,5.929192446696154e-5,6,3
31710,10,2.482555393568816e-6,6,3
31710,16,0,6,3
31710,12,0,6,3
31739,18,0,6,3
31739,11,4.580901638047136e-6,6,3
31739,15,0,6,3
31739,7,1.953030759085614e-5,6,3
31739,9,3.195153591033121e-6,6,3
31739,5,1.013661372704206e-4,6,3
31739,3,9.536216795189814e-4,6,3
31739,13,0,6,3
31739,4,4.415011037527594e-4,6,3
31739,6,3.0739669641258295e-5,6,3
31739,17,4.074000138516005e-7,6,3
31739,8,1.341284256005403e-5,6,3
31739,2,7.683583636403509e-4,6,3
31739,10,6.2063884839220405e-6,6,3
31739,16,0,6,3
31739,12,0,6,3
31827,18,1.2120117637861791e-6,3,2
31827,11,4.164456034588306e-6,3,2
31827,15,0,3,2
31827,7,3.331640706675459e-5,3,2
31827,9,1.0650511970110405e-5,3,2
31827,5,1.109064796017543e-4,3,2
31827,3,1.3785857089212177e-5,3,2
31827,13,2.250021053768432e-6,3,2
31827,4,2.2904944480406315e-5,3,2
31827,6,5.660002664104702e-5,3,2
31827,17,0,3,2
31827,8,1.933027310125434e-5,3,2
31827,2,2.436654430149104e-5,3,2
31827,10,7.137346756510347e-6,3,2
31827,16,0,3,2
31827,12,1.003457915978462e-6,3,2
32004,18,9.090088228396344e-7,6,3
32004,11,4.580901638047136e-6,6,3
32004,15,0,6,3
32004,7,1.3403152268234603e-5,6,3
32004,9,6.390307182066242e-6,6,3
32004,5,8.745313803722562e-6,6,3
32004,3,7.462344380899636e-5,6,3
32004,13,6.107200003085743e-6,6,3
32004,4,1.892147587511826e-5,6,3
32004,6,2.708018516015612e-5,6,3
32004,17,0,6,3
32004,8,9.862384235333846e-6,6,3
32004,2,5.496009436891869e-5,6,3
32004,10,8.688943877490856e-6,6,3
32004,16,0,6,3
32004,12,3.6793456919210263e-6,6,3
32303,18,0,3,2
32303,11,5.080636362197733e-5,3,2
32303,15,2.212781023189945e-6,3,2
32303,7,6.008441688245742e-4,3,2
32303,9,2.1904552951860397e-4,3,2
32303,5,0.00167114996503862,3,2
32303,3,3.896003090429528e-6,3,2
32303,13,2.5071663170562523e-5,3,2
32303,4,3.3793092001527e-4,3,2
32303,6,9.112116357944424e-4,3,2
32303,17,3.259200110812804e-6,3,2
32303,8,3.968623416298339e-4,3,2
32303,2,2.9781331924044607e-5,3,2
32303,10,1.0302604883310588e-4,3,2
32303,16,6.776096101305347e-6,3,2
32303,12,2.8431307619389752e-5,3,2
32456,18,1.2120117637861791e-6,6,3
32456,11,2.082228017294153e-6,6,3
32456,15,0,6,3
32456,7,9.573680191596149e-6,6,3
32456,9,4.970238919384855e-6,6,3
32456,5,9.937856595139275e-6,6,3
32456,3,5.5443120902266366e-5,6,3
32456,13,1.6071578955488798e-6,6,3
32456,4,2.987601453966041e-5,6,3
32456,6,1.2930178499894365e-5,6,3
32456,17,0,6,3
32456,8,1.3807337929467383e-5,6,3
32456,2,7.120445723657939e-5,6,3
32456,10,6.5167079081181426e-6,6,3
32456,16,3.3880480506526733e-7,6,3
32456,12,7.358691383842053e-6,6,3
32503,18,0,6,3
32503,11,4.164456034588306e-7,6,3
32503,15,0,6,3
32503,7,1.6083782721881526e-5,6,3
32503,9,4.970238919384855e-6,6,3
32503,5,2.1863284509306404e-5,6,3
32503,3,1.0818900889577382e-4,6,3
32503,13,1.9285894746586556e-6,6,3
32503,4,3.253166027651911e-5,6,3
32503,6,1.195431597160045e-5,6,3
32503,17,0,6,3
32503,8,6.311925910613661e-6,6,3
32503,2,8.230477186281419e-5,6,3
32503,10,5.585749635529836e-6,6,3
32503,16,0,6,3
32503,12,6.689719439856411e-7,6,3
32623,18,0,6,3
32623,11,1.6657824138353223e-6,6,3
32623,15,0,6,3
32623,7,2.1062096421511525e-5,6,3
32623,9,1.0650511970110403e-6,6,3
32623,5,6.081968236225236e-5,6,3
32623,3,3.086833217801857e-5,6,3
32623,13,0,6,3
32623,4,4.9461401848993344e-5,6,3
32623,6,2.9519841480890905e-5,6,3
32623,17,2.444400083109603e-6,6,3
32623,8,1.3807337929467383e-5,6,3
32623,2,6.064562137259993e-5,6,3
32623,10,4.65479136294153e-6,6,3
32623,16,0,6,3
32623,12,1.3379438879712823e-6,6,3
32727,18,0,3,2
32727,11,5.413792844964798e-6,3,2
32727,15,0,3,2
32727,7,8.692901613969301e-5,3,2
32727,9,3.301658710734225e-5,3,2
32727,5,3.247691535291515e-4,3,2
32727,3,6.293543453770776e-6,3,2
32727,13,2.5714526328782076e-6,3,2
32727,4,1.3709771116533054e-4,3,2
32727,6,1.6199317969678976e-4,3,2
32727,17,0,3,2
32727,8,5.6018342456696245e-5,3,2
32727,2,8.122181433830347e-7,3,2
32727,10,1.3964374088824591e-5,3,2
32727,16,0,3,2
32727,12,1.003457915978462e-6,3,2
32763,18,0,5,9
32763,11,2.58196274144475e-5,5,9
32763,15,1.8966694484485244e-6,5,9
32763,7,3.867766797404843e-5,5,9
32763,9,1.1715563167121444e-5,5,9
32763,5,6.71799105831415e-5,5,9
32763,3,0,5,9
32763,13,3.5357473702075353e-6,5,9
32763,4,6.639114342146757e-7,5,9
32763,6,6.928623950886791e-5,5,9
32763,17,8.148000277032009e-7,5,9
32763,8,1.4201833298880738e-5,5,9
32763,2,1.5161405343149985e-5,5,9
32763,10,1.4895332361412898e-5,5,9
32763,16,2.3716336354568714e-6,5,9
32763,12,8.362149299820515e-6,5,9
32795,18,5.151049996091262e-6,3,2
32795,11,1.3242970189990814e-4,3,2
32795,15,2.4656702829830815e-5,3,2
32795,7,0.00131159418624867,3,2
32795,9,4.3383085424916377e-4,3,2
32795,5,0.0034039146409671,3,2
32795,3,2.607325145133607e-5,3,2
32795,13,4.7893305287356617e-5,3,2
32795,4,8.56777705854039e-4,3,2
32795,6,0.00187951122949407,3,2
32795,17,9.777600332438412e-6,3,2
32795,8,8.422476136975104e-4,3,2
32795,2,5.956266384808922e-6,3,2
32795,10,2.2156806887601685e-4,3,2
32795,16,1.6262630643132833e-5,3,2
32795,12,6.923859620251386e-5,3,2
33032,18,3.030029409465449e-7,3,2
33032,11,4.997347241505968e-6,3,2
33032,15,6.322231494828415e-7,3,2
33032,7,5.552734511125765e-5,3,2
33032,9,1.7040819152176645e-5,3,2
33032,5,1.4549022055283898e-4,3,2
33032,3,9.889853998782648e-6,3,2
33032,13,2.250021053768432e-6,3,2
33032,4,3.9834686052880546e-5,3,2
33032,6,8.514400559364401e-5,3,2
33032,17,0,3,2
33032,8,3.511008787778849e-5,3,2
33032,2,9.475878339468738e-6,3,2
33032,10,1.210245754364798e-5,3,2
33032,16,0,3,2
33032,12,1.3379438879712823e-6,3,2
33062,18,0,3,2
33062,11,7.496020862258951e-6,3,2
33062,15,0,3,2
33062,7,1.2790436735972454e-4,3,2
33062,9,3.5856723632705024e-5,3,2
33062,5,3.820112075171537e-4,3,2
33062,3,1.0788931635035618e-5,3,2
33062,13,1.9285894746586556e-6,3,2
33062,4,1.22823615329715e-4,3,2
33062,6,2.1346992806429372e-4,3,2
33062,17,0,3,2
33062,8,8.047705536032418e-5,3,2
33062,2,2.707393811276783e-7,3,2
33062,10,1.4895332361412898e-5,3,2
33062,16,2.032828830391604e-6,3,2
33062,12,4.682803607899488e-6,3,2
33174,18,0,3,2
33174,11,5.8302384484236285e-6,3,2
33174,15,1.264446298965683e-6,3,2
33174,7,7.85041775710884e-5,3,2
33174,9,2.094600687455046e-5,3,2
33174,5,2.4963895766989857e-4,3,2
33174,3,6.832990035522557e-5,3,2
33174,13,2.5714526328782076e-6,3,2
33174,4,1.1552058955335358e-4,3,2
33174,6,1.454035167157932e-4,3,2
33174,17,0,3,2
33174,8,5.365137024021612e-5,3,2
33174,2,5.902118508583386e-5,3,2
33174,10,2.0481081996942733e-5,3,2
33174,16,0,3,2
33174,12,3.344859719928206e-6,3,2
33326,18,3.030029409465449e-7,3,2
33326,11,4.164456034588306e-6,3,2
33326,15,3.1611157474142073e-7,3,2
33326,7,4.17412456353592e-5,3,2
33326,9,1.0650511970110405e-5,3,2
33326,5,1.1567665076742116e-4,3,2
33326,3,1.2287394362123895e-5,3,2
33326,13,1.9285894746586556e-6,3,2
33326,4,3.784295175023652e-5,3,2
33326,6,6.318709870703094e-5,3,2
33326,17,4.074000138516005e-7,3,2
33326,8,2.3275226795387876e-5,3,2
33326,2,1.7868799154426766e-5,3,2
33326,10,5.275430211333734e-6,3,2
33326,16,6.776096101305347e-7,3,2
33326,12,3.0103737479353854e-6,3,2
33391,18,0,3,2
33391,11,1.7074269741812053e-5,3,2
33391,15,3.477227322155628e-6,3,2
33391,7,2.9754998035480827e-4,3,2
33391,9,9.904976132202676e-5,3,2
33391,5,8.168918121204484e-4,3,2
33391,3,8.121667980818478e-5,3,2
33391,13,1.028581053151283e-5,3,2
33391,4,2.7286759946223174e-4,3,2
33391,6,4.3962606899640834e-4,3,2
33391,17,0,3,2
33391,8,1.7988988845248934e-4,3,2
33391,2,5.9562663848089215e-5,3,2
33391,10,4.903046902298411e-5,3,2
33391,16,2.032828830391604e-6,3,2
33391,12,1.5051868739676928e-5,3,2
33394,18,3.939038232305083e-6,3,2
33394,11,2.332095379369451e-5,3,2
33394,15,4.1094504716384695e-6,3,2
33394,7,3.687781609802836e-4,3,2
33394,9,1.2354593885328068e-4,3,2
33394,5,0.00120407070506707,3,2
33394,3,2.487448126966545e-5,3,2
33394,13,1.2535831585281262e-5,3,2
33394,4,2.330329134093512e-4,3,2
33394,6,5.921045890423325e-4,3,2
33394,17,0,3,2
33394,8,1.8422933751603e-4,3,2
33394,2,1.0558835863979453e-5,3,2
33394,10,5.6478135203690566e-5,3,2
33394,16,3.0492432455874064e-6,3,2
33394,12,1.4717382767684108e-5,3,2
33518,18,1.2120117637861791e-6,6,3
33518,11,2.082228017294153e-6,6,3
33518,15,0,6,3
33518,7,6.127155322621534e-6,6,3
33518,9,7.100341313406935e-7,6,3
33518,5,8.745313803722562e-5,6,3
33518,3,0.00152393659344878,6,3
33518,13,0,6,3
33518,4,8.083121711563678e-4,6,3
33518,6,1.2198281603673928e-5,6,3
33518,17,3.259200110812804e-6,6,3
33518,8,3.1559629553068304e-6,6,3
33518,2,0.00138104158313228,6,3
33518,10,4.034152514549326e-6,6,3
33518,16,0,6,3
33518,12,6.689719439856411e-7,6,3
33593,18,6.060058818930897e-7,6,3
33593,11,2.9151192242118143e-6,6,3
33593,15,6.322231494828415e-7,6,3
33593,7,8.041891360940763e-6,6,3
33593,9,1.0650511970110403e-6,6,3
33593,5,2.5838427147362117e-5,6,3
33593,3,1.8011521979601126e-4,6,3
33593,13,2.5714526328782076e-6,6,3
33593,4,1.22823615329715e-4,6,3
33593,6,9.514659650865665e-6,6,3
33593,17,0,6,3
33593,8,5.1284398023736e-6,6,3
33593,2,1.8735165174035335e-4,6,3
33593,10,4.034152514549326e-6,6,3
33593,16,0,6,3
33593,12,2.341401803949744e-6,6,3
33621,18,2.121020586625814e-6,3,2
33621,11,2.3737399397153344e-5,3,2
33621,15,4.741673621121311e-6,3,2
33621,7,2.761049367256329e-4,3,2
33621,9,1.0082484665037848e-4,3,2
33621,5,7.143331320586111e-4,3,2
33621,3,1.2587086907541554e-4,3,2
33621,13,3.2143157910977595e-6,3,2
33621,4,2.273896662185265e-4,3,2
33621,6,4.108381244117378e-4,3,2
33621,17,3.259200110812804e-6,3,2
33621,8,1.4122934224998067e-4,3,2
33621,2,2.052204508947801e-4,3,2
33621,10,4.1893122266473774e-5,3,2
33621,16,3.3880480506526736e-6,3,2
33621,12,1.3379438879712823e-5,3,2
33660,18,0,3,2
33660,11,6.663129655341289e-6,3,2
33660,15,1.8966694484485244e-6,3,2
33660,7,1.378609947589845e-4,3,2
33660,9,4.189201374910092e-5,3,2
33660,5,4.1619743420443287e-4,3,2
33660,3,8.51126828986143e-5,3,2
33660,13,2.892884211987984e-6,3,2
33660,4,1.6332221281681024e-4,3,2
33660,6,2.054190622058689e-4,3,2
33660,17,1.2222000415548017e-6,3,2
33660,8,8.244953220739095e-5,3,2
33660,2,5.8479706323578504e-5,3,2
33660,10,1.955012372435443e-5,3,2
33660,16,0,3,2
33660,12,6.020747495870771e-6,3,2
33933,18,1.818017645679269e-6,3,2
33933,11,3.2899202673247615e-5,3,2
33933,15,7.270566219052677e-6,3,2
33933,7,3.4197185644381436e-4,3,2
33933,9,1.14670512211522e-4,3,2
33933,5,7.171157319052501e-4,3,2
33933,3,2.097847817923592e-6,3,2
33933,13,1.7035873692818124e-5,3,2
33933,4,1.6763763713920562e-4,3,2
33933,6,4.2474416543992615e-4,3,2
33933,17,0,3,2
33933,8,1.802843838219027e-4,3,2
33933,2,1.082957524510713e-6,3,2
33933,10,4.9340788447180224e-5,3,2
33933,16,5.420876881044277e-6,3,2
33933,12,1.5386354711669747e-5,3,2
33955,18,9.090088228396344e-7,6,3
33955,11,8.328912069176612e-7,6,3
33955,15,0,6,3
33955,7,1.5317888306553835e-6,6,3
33955,9,1.775085328351734e-6,6,3
33955,5,7.155256748500278e-6,6,3
33955,3,6.832990035522557e-5,6,3
33955,13,0,6,3
33955,4,7.966937210576109e-5,6,3
33955,6,2.439656320734786e-7,6,3
33955,17,0,6,3
33955,8,1.9724768470667692e-6,6,3
33955,2,1.2833046665451948e-4,6,3
33955,10,3.10319424196102e-7,6,3
33955,16,0,6,3
33955,12,0,6,3
33962,18,0,3,2
33962,11,1.4575596121059073e-5,3,2
33962,15,2.8450041726727866e-6,3,2
33962,7,3.189950239839836e-4,3,2
33962,9,6.922832780571762e-5,3,2
33962,5,0.00106971088390079,3,2
33962,3,7.042774817314916e-5,3,2
33962,13,3.857178949317311e-6,3,2
33962,4,3.824129861076532e-4,3,2
33962,6,5.213545557410236e-4,3,2
33962,17,1.629600055406402e-6,3,2
33962,8,1.905412634266499e-4,3,2
33962,2,7.309963290447313e-5,3,2
33962,10,4.313439996325818e-5,3,2
33962,16,1.6940240253263368e-6,3,2
33962,12,7.358691383842053e-6,3,2
34002,18,9.090088228396344e-7,6,3
34002,11,1.6657824138353223e-6,6,3
34002,15,0,6,3
34002,7,2.2976832459830755e-6,6,3
34002,9,1.0650511970110403e-6,6,3
34002,5,2.0670741717889697e-5,6,3
34002,3,1.0309423562367367e-4,6,3
34002,13,0,6,3
34002,4,8.896413218476655e-5,6,3
34002,6,1.4637937924408711e-6,6,3
34002,17,0,6,3
34002,8,7.889907388267076e-7,6,3
34002,2,1.1371054007362488e-4,6,3
34002,10,1.55159712098051e-6,6,3
34002,16,0,6,3
34002,12,0,6,3
34018,18,6.060058818930897e-7,3,2
34018,11,9.161803276094273e-6,3,2
34018,15,3.7933388968970488e-6,3,2
34018,7,5.552734511125765e-5,3,2
34018,9,2.2721092202902192e-5,3,2
34018,5,1.3833496380433871e-4,3,2
34018,3,5.754096872018995e-5,3,2
34018,13,1.6071578955488798e-6,3,2
34018,4,4.38181546581686e-5,3,2
34018,6,8.002072732010097e-5,3,2
34018,17,8.148000277032009e-7,3,2
34018,8,3.037614344482825e-5,3,2
34018,2,2.8156895637278537e-5,3,2
34018,10,1.1171499271059673e-5,3,2
34018,16,6.776096101305347e-7,3,2
34018,12,5.017289579892309e-6,3,2
34023,18,0,4,1
34023,11,4.580901638047136e-6,4,1
34023,15,6.322231494828415e-7,4,1
34023,7,6.893049737949226e-6,4,1
34023,9,1.0650511970110405e-5,4,1
34023,5,2.385085582833426e-6,4,1
34023,3,2.9669561996347947e-5,4,1
34023,13,2.5714526328782076e-6,4,1
34023,4,1.3610184401400852e-5,4,1
34023,6,8.53879712257175e-6,4,1
34023,17,4.074000138516005e-7,4,1
34023,8,7.889907388267077e-6,4,1
34023,2,6.524819085177046e-5,4,1
34023,10,6.2063884839220405e-6,4,1
34023,16,3.3880480506526733e-7,4,1
34023,12,1.672429859964103e-6,4,1
34044,18,9.090088228396344e-7,3,2
34044,11,2.706896422482399e-5,3,2
34044,15,3.1611157474142073e-6,3,2
34044,7,1.681138241644283e-4,3,2
34044,9,7.029337900272866e-5,3,2
34044,5,5.688429115057721e-4,3,2
34044,3,6.353481962854307e-5,3,2
34044,13,1.189296842706171e-5,3,2
34044,4,2.42659629205464e-4,3,2
34044,6,2.7470530171473683e-4,3,2
34044,17,0,3,2
34044,8,1.09275217327499e-4,3,2
34044,2,7.580702671574991e-5,3,2
34044,10,4.0341525145493265e-5,3,2
34044,16,4.743267270913743e-6,3,2
34044,12,9.031121243806157e-6,3,2
34139,18,0.00665394458318612,1,6
34139,11,0.00663147978947841,1,6
34139,15,0.00586386971145335,1,6
34139,7,0.00353919809322926,1,6
34139,9,0.00588121270989496,1,6
34139,5,7.552771012305849e-6,1,6
34139,3,9.889853998782648e-6,1,6
34139,13,0.00676870619289366,1,6
34139,4,6.639114342146757e-7,1,6
34139,6,0.00247210374980055,1,6
34139,17,0.0065949914242297,1,6
34139,8,0.00442387107260135,1,6
34139,2,4.873308860298209e-6,1,6
34139,10,0.00687450620421624,1,6
34139,16,0.00652470293594691,1,6
34139,12,0.0063264676742722,1,6
34302,18,0,3,2
34302,11,4.372678836317721e-5,3,2
34302,15,3.1611157474142073e-7,3,2
34302,7,4.541753882893213e-4,3,2
34302,9,1.4910716758154564e-4,3,2
34302,5,0.00124819478834949,3,2
34302,3,1.9120384397646457e-4,3,2
34302,13,8.67865263596395e-6,3,2
34302,4,4.34198077976398e-4,3,2
34302,6,7.240899959940843e-4,3,2
34302,17,4.074000138516005e-7,3,2
34302,8,2.7141281415638745e-4,3,2
34302,2,1.8735165174035335e-4,3,2
34302,10,6.795995389894634e-5,3,2
34302,16,4.065657660783208e-6,3,2
34302,12,1.672429859964103e-5,3,2
34402,18,0,6,3
34402,11,5.413792844964798e-6,6,3
34402,15,1.264446298965683e-6,6,3
34402,7,2.5657462913477673e-5,6,3
34402,9,3.550170656703468e-6,6,3
34402,5,1.3117970705583842e-5,6,3
34402,3,1.4025611125546302e-4,6,3
34402,13,1.028581053151283e-5,6,3
34402,4,5.278095902006672e-5,6,3
34402,6,2.2688803782833505e-5,6,3
34402,17,0,6,3
34402,8,1.656880551536086e-5,6,3
34402,2,1.554044047672873e-4,6,3
34402,10,2.2342998542119345e-5,6,3
34402,16,1.6940240253263368e-6,6,3
34402,12,2.6758877759425646e-6,6,3
34410,18,0,3,2
34410,11,4.5392570777012536e-5,3,2
34410,15,7.902789368535517e-6,3,2
34410,7,4.311985558294904e-4,3,2
34410,9,1.1147535862048888e-4,3,2
34410,5,0.00137897698114152,3,2
34410,3,2.097847817923592e-6,3,2
34410,13,4.178610528427088e-6,3,2
34410,4,3.16353798403293e-4,3,2
34410,6,7.135994738149248e-4,3,2
34410,17,2.0370000692580023e-6,3,2
34410,8,2.319632772150521e-4,3,2
34410,2,1.6515102248788375e-5,3,2
34410,10,7.69592172006333e-5,3,2
34410,16,0,3,2
34410,12,1.3044952907720003e-5,3,2
34558,18,1.818017645679269e-6,3,2
34558,11,5.8302384484236285e-6,3,2
34558,15,9.483347242242622e-7,3,2
34558,7,8.807785776268455e-5,3,2
34558,9,2.307610926857254e-5,3,2
34558,5,3.358995529157075e-4,3,2
34558,3,3.176740981427154e-5,3,2
34558,13,0,3,2
34558,4,1.2415143819814438e-4,3,2
34558,6,1.3710868522529495e-4,3,2
34558,17,4.074000138516005e-7,3,2
34558,8,4.10275184189888e-5,3,2
34558,2,1.4078447818639269e-5,3,2
34558,10,1.0240540998471368e-5,3,2
34558,16,0,3,2
34558,12,7.358691383842053e-6,3,2
34579,18,0,3,2
34579,11,7.412731741567185e-5,3,2
34579,15,1.1063905115949725e-5,3,2
34579,7,8.512916426367294e-4,3,2
34579,9,2.769133112228705e-4,3,2
34579,5,0.00273768073482896,3,2
34579,3,2.427509617883014e-5,3,2
34579,13,2.7643115803440733e-5,3,2
34579,4,6.81837042938472e-4,3,2
34579,6,0.00144305671371462,3,2
34579,17,4.074000138516005e-6,3,2
34579,8,5.444036097904283e-4,3,2
34579,2,3.898647088238567e-5,3,2
34579,10,1.228864919816564e-4,3,2
34579,16,9.486534541827486e-6,3,2
34579,12,3.913485872316001e-5,3,2
34646,18,0,6,3
34646,11,8.328912069176612e-7,6,3
34646,15,0,6,3
34646,7,7.658944153276918e-7,6,3
34646,9,3.550170656703468e-7,6,3
34646,5,1.192542791416713e-5,6,3
34646,3,3.176740981427154e-4,6,3
34646,13,2.250021053768432e-6,6,3
34646,4,1.6099852279705888e-4,6,3
34646,6,3.4155188490287e-6,6,3
34646,17,0,6,3
34646,8,3.5504583247201844e-6,6,3
34646,2,2.775078656558702e-4,6,3
34646,10,0,6,3
34646,16,0,6,3
34646,12,6.689719439856411e-7,6,3
34838,18,1.5150147047327242e-6,3,2
34838,11,5.413792844964798e-5,3,2
34838,15,2.528892597931366e-6,3,2
34838,7,5.847603861026926e-4,3,2
34838,9,2.002296250380756e-4,3,2
34838,5,0.00175900061733965,3,2
34838,3,9.590161453364992e-5,3,2
34838,13,8.67865263596395e-6,3,2
34838,4,4.102972663446696e-4,3,2
34838,6,8.197245237668879e-4,3,2
34838,17,4.888800166219206e-6,3,2
34838,8,3.3019262419897716e-4,3,2
34838,2,8.799029886649544e-5,3,2
34838,10,7.416634238286838e-5,3,2
34838,16,3.3880480506526736e-6,3,2
34838,12,3.24451392833036e-5,3,2
34907,18,1.818017645679269e-6,6,3
34907,11,4.580901638047136e-6,6,3
34907,15,0,6,3
34907,7,1.3403152268234603e-5,6,3
34907,9,2.840136525362774e-6,6,3
34907,5,1.669559907983398e-5,6,3
34907,3,6.773051526439027e-5,6,3
34907,13,1.6071578955488798e-6,6,3
34907,4,3.717904031602184e-5,6,3
34907,6,1.5857766084776105e-5,6,3
34907,17,2.851800096961203e-6,6,3
34907,8,6.706421280027015e-6,6,3
34907,2,9.394656525130437e-5,6,3
34907,10,3.723833090353224e-6,6,3
34907,16,3.3880480506526733e-7,6,3
34907,12,6.689719439856411e-7,6,3
35008,18,0.05682214151570555,1,6
35008,11,0.05717256756205247,1,6
35008,15,0.05293762486407202,1,6
35008,7,0.01902366843511687,1,6
35008,9,0.03746637100845437,1,6
35008,5,0.0013201448700983,1,6
35008,3,2.8770484360094975e-5,1,6
35008,13,0.06005691910402876,1,6
35008,4,4.348619894106126e-5,1,6
35008,6,0.01294652419724328,1,6
35008,17,0.05628842291380638,1,6
35008,8,0.02622999711229389,1,6
35008,2,1.9493235441192836e-5,1,6
35008,10,0.05169145808546569,1,6
35008,16,0.05603424910013444,1,6
35008,12,0.06034762458097269,1,6
35102,18,1.5150147047327242e-6,3,2
35102,11,1.0411140086470763e-5,3,2
35102,15,1.264446298965683e-6,3,2
35102,7,1.0875700697653224e-4,3,2
35102,9,3.940689428940849e-5,3,2
35102,5,2.46458843559454e-4,3,2
35102,3,4.195695635847184e-6,3,2
35102,13,2.5714526328782076e-6,3,2
35102,4,4.9461401848993344e-5,3,2
35102,6,1.5589403889495278e-4,3,2
35102,17,1.629600055406402e-6,3,2
35102,8,6.114678225906984e-5,3,2
35102,2,2.707393811276783e-7,3,2
35102,10,1.6757248906589508e-5,3,2
35102,16,3.3880480506526733e-7,3,2
35102,12,5.351775551885129e-6,3,2
35137,18,5.454052937037807e-6,6,3
35137,11,9.161803276094273e-6,6,3
35137,15,1.264446298965683e-6,6,3
35137,7,1.1871363437579225e-5,6,3
35137,9,7.81037544474763e-6,6,3
35137,5,3.339119815966796e-5,6,3
35137,3,1.117853194407857e-4,6,3
35137,13,1.2857263164391038e-6,6,3
35137,4,5.3112914737174064e-5,6,3
35137,6,2.756811642430307e-5,6,3
35137,17,8.148000277032009e-7,6,3
35137,8,8.678898127093784e-6,6,3
35137,2,5.9562663848089215e-5,6,3
35137,10,9.930221574275264e-6,6,3
35137,16,3.0492432455874064e-6,6,3
35137,12,8.696635271813335e-6,6,3
35139,18,0,6,3
35139,11,2.498673620752984e-6,6,3
35139,15,0,6,3
35139,7,6.127155322621534e-6,6,3
35139,9,7.100341313406935e-7,6,3
35139,5,1.987571319027855e-6,6,3
35139,3,1.5284319816300456e-4,6,3
35139,13,1.9285894746586556e-6,6,3
35139,4,4.912944613188601e-5,6,3
35139,6,1.0978453443306534e-5,6,3
35139,17,0,6,3
35139,8,4.339449063546892e-6,6,3
35139,2,4.98160461274928e-5,6,3
35139,10,2.482555393568816e-6,6,3
35139,16,0,6,3
35139,12,2.341401803949744e-6,6,3
35560,18,2.7270264685189036e-6,6,3
35560,11,1.6657824138353223e-6,6,3
35560,15,1.8966694484485244e-6,6,3
35560,7,3.829472076638459e-6,6,3
35560,9,4.260204788044161e-6,6,3
35560,5,1.192542791416713e-6,6,3
35560,3,6.113727926520183e-5,6,3
35560,13,0,6,3
35560,4,2.7220368802801707e-5,6,3
35560,6,1.7321559877216978e-5,6,3
35560,17,3.259200110812804e-6,6,3
35560,8,3.9449536941335384e-6,6,3
35560,2,8.176329310055883e-5,6,3
35560,10,1.55159712098051e-6,6,3
35560,16,0,6,3
35560,12,4.682803607899488e-6,6,3
35585,18,1.1211108815022158e-5,6,3
35585,11,3.331564827670645e-5,6,3
35585,15,1.5805578737071035e-5,6,3
35585,7,1.5241298865021065e-4,6,3
35585,9,6.816327660870658e-5,6,3
35585,5,4.0665709187309913e-4,6,3
35585,3,8.280505029889836e-4,6,3
35585,13,1.6071578955488798e-5,6,3
35585,4,4.976016199438995e-4,6,3
35585,6,2.3908631943200895e-4,6,3
35585,17,6.925800235477208e-6,6,3
35585,8,1.1400916176045926e-4,6,3
35585,2,0.00105696654392245,6,3
35585,10,6.702899562635803e-5,6,3
35585,16,9.825339346892754e-6,6,3
35585,12,2.4082989983483083e-5,6,3
35877,18,0.00453565102302883,1,6
35877,11,0.00296509269662687,1,6
35877,15,0.00391757074577042,1,6
35877,7,8.528234314673848e-4,1,6
35877,9,0.0018783952944618,1,6
35877,5,2.5838427147362117e-5,1,6
35877,3,2.9669561996347947e-5,1,6
35877,13,0.00391825094934816,1,6
35877,4,4.680575611213464e-5,1,6
35877,6,8.694935127098775e-4,1,6
35877,17,0.00454821375463926,1,6
35877,8,0.001388623700335,1,6
35877,2,4.1423125312534776e-5,1,6
35877,10,0.00242328438354736,1,6
35877,16,0.00576069810052474,1,6
35877,12,0.0028183788000115,1,6
36031,18,4.848047055144717e-6,6,3
36031,11,3.3315648276706447e-6,6,3
36031,15,0,6,3
36031,7,7.658944153276918e-7,6,3
36031,9,3.905187722373815e-6,6,3
36031,5,3.97514263805571e-7,6,3
36031,3,8.18160648990201e-5,6,3
36031,13,3.2143157910977594e-7,6,3
36031,4,4.680575611213464e-5,6,3
36031,6,2.9275875848817427e-6,6,3
36031,17,0,6,3
36031,8,0,6,3
36031,2,5.062826427087584e-5,6,3
36031,10,6.827027332314245e-6,6,3
36031,16,0,6,3
36031,12,3.344859719928206e-7,6,3
36042,18,0,3,2
36042,11,1.249336810376492e-6,3,2
36042,15,0,3,2
36042,7,3.906061518171228e-5,3,2
36042,9,6.745324247736588e-6,3,2
36042,5,1.2044682193308802e-4,3,2
36042,3,6.892928544606088e-6,3,2
36042,13,1.2857263164391038e-6,3,2
36042,4,5.278095902006672e-5,3,2
36042,6,6.147933928251659e-5,3,2
36042,17,0,3,2
36042,8,2.998164807541489e-5,3,2
36042,2,1.813953853555444e-5,3,2
36042,10,5.8960690597259384e-6,3,2
36042,16,0,3,2
36042,12,4.3483176359066675e-6,3,2
36127,18,3.636035291358538e-6,3,2
36127,11,1.415915051760024e-5,3,2
36127,15,3.477227322155628e-6,3,2
36127,7,7.314291666379456e-5,3,2
36127,9,2.2366075137231847e-5,3,2
36127,5,1.9796210337517437e-4,3,2
36127,3,3.2966179995942165e-5,3,2
36127,13,2.892884211987984e-6,3,2
36127,4,6.705505485568225e-5,3,2
36127,6,1.0368539363122838e-4,3,2
36127,17,0,3,2
36127,8,4.299999526605557e-5,3,2
36127,2,5.739674879906779e-5,3,2
36127,10,2.172235969372714e-5,3,2
36127,16,1.6940240253263368e-6,3,2
36127,12,3.0103737479353854e-6,3,2
36134,18,3.0300294094654485e-6,3,2
36134,11,5.8302384484236285e-6,3,2
36134,15,0,3,2
36134,7,2.255559053140052e-4,3,2
36134,9,5.7157747572925833e-5,3,2
36134,5,4.853649161066022e-4,3,2
36134,3,8.990776362529681e-7,3,2
36134,13,4.178610528427088e-6,3,2
36134,4,1.4606051552722867e-4,3,2
36134,6,3.2349842812943254e-4,3,2
36134,17,0,3,2
36134,8,1.2939448116758005e-4,3,2
36134,2,5.414787622553565e-7,3,2
36134,10,2.5756512208276467e-5,3,2
36134,16,2.032828830391604e-6,3,2
36134,12,8.027663327827695e-6,3,2
36166,18,0,3,2
36166,11,1.249336810376492e-6,3,2
36166,15,1.8966694484485244e-6,3,2
36166,7,5.246376744994688e-5,3,2
36166,9,1.7395836217846993e-5,3,2
36166,5,2.0670741717889696e-4,3,2
36166,3,5.064804017558387e-5,3,2
36166,13,1.2857263164391038e-6,3,2
36166,4,9.02919550531959e-5,3,2
36166,6,1.0417332489537534e-4,3,2
36166,17,1.2222000415548017e-6,3,2
36166,8,4.10275184189888e-5,3,2
36166,2,4.73793916973437e-5,3,2
36166,10,1.0550860422667469e-5,3,2
36166,16,0,3,2
36166,12,5.017289579892309e-6,3,2
36361,18,9.090088228396344e-7,6,3
36361,11,9.161803276094273e-6,6,3
36361,15,0,6,3
36361,7,1.160330039221453e-4,6,3
36361,9,2.5561228728264967e-5,6,3
36361,5,3.279492676395961e-4,6,3
36361,3,7.732067671775525e-5,6,3
36361,13,3.2143157910977595e-6,6,3
36361,4,1.656459028365616e-4,6,3
36361,6,1.6345697348923063e-4,6,3
36361,17,0,6,3
36361,8,6.627522206144344e-5,6,3
36361,2,1.2914268479790252e-4,6,3
36361,10,2.141204026953104e-5,6,3
36361,16,3.0492432455874064e-6,6,3
36361,12,2.341401803949744e-6,6,3
36389,18,4.848047055144717e-6,3,2
36389,11,1.5408487327976732e-5,3,2
36389,15,4.741673621121311e-6,3,2
36389,7,6.778165575650072e-5,3,2
36389,9,2.3786143399913233e-5,3,2
36389,5,2.5957681426503785e-4,3,2
36389,3,1.042930058053443e-4,3,2
36389,13,1.2214400006171488e-5,3,2
36389,4,9.958671513220136e-5,3,2
36389,6,1.2564230051784146e-4,3,2
36389,17,1.2222000415548017e-6,3,2
36389,8,6.706421280027016e-5,3,2
36389,2,4.331830098042852e-5,3,2
36389,10,1.7377887754981712e-5,3,2
36389,16,1.3552192202610691e-6,3,2
36389,12,9.031121243806157e-6,3,2
36400,18,0,6,3
36400,11,3.3315648276706447e-6,6,3
36400,15,0,6,3
36400,7,1.2254310645243068e-5,6,3
36400,9,5.3252559850552015e-6,6,3
36400,5,5.565199693277994e-6,6,3
36400,3,6.443389726479604e-5,6,3
36400,13,0,6,3
36400,4,1.858952015801092e-5,6,3
36400,6,2.3176735046980462e-5,6,3
36400,17,0,6,3
36400,8,6.311925910613661e-6,6,3
36400,2,1.16959412647157e-4,6,3
36400,10,9.30958272588306e-7,6,3
36400,16,0,6,3
36400,12,1.003457915978462e-6,6,3
36450,18,0,3,2
36450,11,1.8323606552188546e-5,3,2
36450,15,0,3,2
36450,7,1.704115074104114e-4,3,2
36450,9,5.502764517890375e-5,3,2
36450,5,4.635016315972958e-4,3,2
36450,3,7.851944689942588e-5,3,2
36450,13,8.357221056854175e-6,3,2
36450,4,1.278029510863251e-4,3,2
36450,6,2.3615873184712724e-4,3,2
36450,17,0,3,2
36450,8,9.467888865920492e-5,3,2
36450,2,7.039223909319635e-5,3,2
36450,10,2.172235969372714e-5,3,2
36450,16,3.3880480506526733e-7,3,2
36450,12,4.682803607899488e-6,3,2
36488,18,0,6,3
36488,11,0,6,3
36488,15,0,6,3
36488,7,7.658944153276918e-7,6,3
36488,9,3.550170656703468e-7,6,3
36488,5,5.962713957083565e-6,6,3
36488,3,6.982836308231386e-5,6,3
36488,13,1.6071578955488798e-6,6,3
36488,4,1.858952015801092e-5,6,3
36488,6,4.879312641469571e-6,6,3
36488,17,0,6,3
36488,8,5.1284398023736e-6,6,3
36488,2,8.826103824762311e-5,6,3
36488,10,0,6,3
36488,16,0,6,3
36488,12,1.003457915978462e-6,6,3
36538,18,0,6,3
36538,11,0,6,3
36538,15,5.690008345345573e-6,6,3
36538,7,2.680630453646921e-6,6,3
36538,9,1.0650511970110403e-6,6,3
36538,5,1.590057055222284e-5,6,3
36538,3,2.0618847124734735e-4,6,3
36538,13,0,6,3
36538,4,5.908811764510614e-5,6,3
36538,6,4.635347009396092e-6,6,3
36538,17,0,6,3
36538,8,2.366972216480123e-6,6,3
36538,2,1.0802501306994364e-4,6,3
36538,10,2.482555393568816e-6,6,3
36538,16,6.776096101305347e-7,6,3
36538,12,1.003457915978462e-6,6,3
36559,18,6.666064700823986e-6,5,9
36559,11,2.4153845000612177e-5,5,9
36559,15,7.270566219052677e-6,5,9
36559,7,7.42917582867861e-5,5,9
36559,9,4.4377133208793346e-5,5,9
36559,5,6.479482500030808e-5,5,9
36559,3,0,5,9
36559,13,9.64294737329328e-6,5,9
36559,4,0,5,9
36559,6,1.0954056880099186e-4,5,9
36559,17,1.629600055406402e-6,5,9
36559,8,6.035779152024313e-5,5,9
36559,2,6.497745147064278e-6,5,9
36559,10,3.13422618438063e-5,5,9
36559,16,6.43729129624008e-6,5,9
36559,12,1.9734672347576415e-5,5,9
36562,18,0,3,2
36562,11,3.3315648276706447e-6,3,2
36562,15,0,3,2
36562,7,3.1018723820771515e-5,3,2
36562,9,1.2780614364132484e-5,3,2
36562,5,9.06332521476702e-5,3,2
36562,3,1.198770181670624e-6,3,2
36562,13,0,3,2
36562,4,4.315424322395392e-5,3,2
36562,6,3.708277607516874e-5,3,2
36562,17,0,3,2
36562,8,1.2229356451813967e-5,3,2
36562,2,5.414787622553565e-7,3,2
36562,10,3.1031942419610203e-6,3,2
36562,16,0,3,2
36562,12,1.003457915978462e-6,3,2
36599,18,0.00252159047455714,1,6
36599,11,0.00180279301737327,1,6
36599,15,0.00211352198872113,1,6
36599,7,2.8184914484059056e-4,1,6
36599,9,5.300404790458277e-4,1,6
36599,5,1.546330486203671e-4,1,6
36599,3,1.6992567325181096e-4,1,6
36599,13,0.00213848429581733,1,6
36599,4,9.958671513220136e-5,1,6
36599,6,2.912949646957334e-4,1,6
36599,17,0.00215759047335807,1,6
36599,8,3.7634858242033953e-4,1,6
36599,2,1.6325584681998998e-4,1,6
36599,10,0.00104081134875372,1,6
36599,16,0.00223678932304089,1,6
36599,12,0.00171357163451921,1,6
36641,18,0,3,2
36641,11,0,3,2
36641,15,0,3,2
36641,7,1.7998518760200757e-5,3,2
36641,9,4.615221853714508e-6,3,2
36641,5,7.433516733164177e-5,3,2
36641,3,4.4953881812648405e-6,3,2
36641,13,1.6071578955488798e-6,3,2
36641,4,2.4232767348835665e-5,3,2
36641,6,3.122760090540525e-5,3,2
36641,17,0,3,2
36641,8,5.1284398023736e-6,3,2
36641,2,1.6515102248788375e-5,3,2
36641,10,2.792874817764918e-6,3,2
36641,16,0,3,2
36641,12,3.0103737479353854e-6,3,2
36679,18,0,6,3
36679,11,0,6,3
36679,15,0,6,3
36679,7,3.408230148208228e-5,6,3
36679,9,4.970238919384855e-6,6,3
36679,5,1.0216116579803174e-4,6,3
36679,3,8.001790962651416e-5,6,3
36679,13,0,6,3
36679,4,4.846553469767133e-5,6,3
36679,6,5.3184507792018325e-5,6,3
36679,17,0,6,3
36679,8,1.656880551536086e-5,6,3
36679,2,5.9562663848089215e-5,6,3
36679,10,2.482555393568816e-6,6,3
36679,16,0,6,3
36679,12,3.344859719928206e-7,6,3
36858,18,0,6,3
36858,11,7.496020862258951e-6,6,3
36858,15,9.483347242242622e-7,6,3
36858,7,2.4891568498149983e-5,6,3
36858,9,1.2425597298462135e-5,6,3
36858,5,4.452159754622395e-5,6,3
36858,3,1.31565027438351e-4,6,3
36858,13,5.7857684239759675e-6,6,3
36858,4,7.336221348072167e-5,6,3
36858,6,4.78172638864018e-5,6,3
36858,17,3.666600124664405e-6,6,3
36858,8,1.0651374974160553e-5,6,3
36858,2,1.4890665962022305e-4,6,3
36858,10,1.365405466462849e-5,6,3
36858,16,0,6,3
36858,12,3.344859719928206e-6,6,3
36881,18,1.878618233868578e-5,4,1
36881,11,3.8312995518212416e-5,4,1
36881,15,2.876615330146929e-5,4,1
36881,7,8.539722730903764e-5,4,1
36881,9,5.6802730507255485e-5,4,1
36881,5,5.565199693277994e-6,4,1
36881,3,3.5064027813865755e-5,4,1
36881,13,2.3464505275013643e-5,4,1
36881,4,4.514597752659795e-5,4,1
36881,6,1.9810009324366457e-4,4,1
36881,17,1.6703400567915618e-5,4,1
36881,8,6.390824984496332e-5,4,1
36881,2,6.172857889711064e-5,4,1
36881,10,3.910024744870886e-5,4,1
36881,16,2.337753154950345e-5,4,1
36881,12,2.876579359138257e-5,4,1
37033,18,0,3,2
37033,11,4.164456034588306e-6,3,2
37033,15,0,3,2
37033,7,6.586691971818149e-5,3,2
37033,9,3.124150177899052e-5,3,2
37033,5,1.8325407561436825e-4,3,2
37033,3,8.990776362529681e-7,3,2
37033,13,1.6071578955488798e-6,3,2
37033,4,7.53539477833657e-5,3,2
37033,6,1.0514918742366926e-4,3,2
37033,17,1.2222000415548017e-6,3,2
37033,8,2.8009171228348123e-5,3,2
37033,2,0,3,2
37033,10,1.6446929482393408e-5,3,2
37033,16,6.776096101305347e-7,3,2
37033,12,5.351775551885129e-6,3,2
37181,18,9.090088228396344e-7,6,3
37181,11,7.91246646571778e-6,6,3
37181,15,9.483347242242622e-7,6,3
37181,7,1.0760816535354068e-4,6,3
37181,9,4.721726973415612e-5,6,3
37181,5,2.889928697866501e-4,6,3
37181,3,1.0399331325992664e-4,6,3
37181,13,7.071494740415071e-6,6,3
37181,4,1.507078955667314e-4,6,3
37181,6,1.522345544138506e-4,6,3
37181,17,0,6,3
37181,8,7.574311092736393e-5,6,3
37181,2,7.580702671574991e-5,6,3
37181,10,2.606683163247257e-5,6,3
37181,16,2.032828830391604e-6,6,3
37181,12,2.341401803949744e-6,6,3
37401,18,0.00751416993253336,1,6
37401,11,0.00614590421584542,1,6
37401,15,0.00655899906430973,1,6
37401,7,9.5392149429064e-4,1,6
37401,9,0.0024471326336657,1,6
37401,5,1.6775101932595097e-4,1,6
37401,3,1.198770181670624e-6,1,6
37401,13,0.00656202568752607,1,6
37401,4,1.991734302644027e-6,1,6
37401,6,5.484347409011798e-4,1,6
37401,17,0.00692254103536639,1,6
37401,8,0.00168567871350326,1,6
37401,2,1.353696905638391e-6,1,6
37401,10,0.00493438916414221,1,6
37401,16,0.00648845082180493,1,6
37401,12,0.00657766663923881,1,6
37501,18,5.757055877984352e-6,6,3
37501,11,4.164456034588306e-6,6,3
37501,15,3.477227322155628e-6,6,3
37501,7,1.0722521814587684e-5,6,3
37501,9,7.81037544474763e-6,6,3
37501,5,4.094396917197381e-5,6,3
37501,3,7.851944689942588e-5,6,3
37501,13,4.178610528427088e-6,6,3
37501,4,3.585121744759249e-5,6,3
37501,6,1.4637937924408711e-5,6,3
37501,17,4.074000138516005e-7,6,3
37501,8,1.4596328668294092e-5,6,3
37501,2,1.369941268506052e-4,6,3
37501,10,9.30958272588306e-6,6,3
37501,16,1.3552192202610691e-6,6,3
37501,12,2.6758877759425646e-6,6,3
37512,18,4.242041173251628e-6,6,3
37512,11,1.332625931068258e-5,6,3
37512,15,2.212781023189945e-6,6,3
37512,7,1.4322225566627836e-4,6,3
37512,9,5.325255985055202e-5,6,3
37512,5,4.996754296036028e-4,6,3
37512,3,2.517417381508311e-4,6,3
37512,13,2.250021053768432e-6,6,3
37512,4,2.758552009161978e-4,6,3
37512,6,2.38598388167862e-4,6,3
37512,17,1.2222000415548017e-6,6,3
37512,8,9.586237476744498e-5,6,3
37512,2,3.173065546816389e-4,6,3
37512,10,1.3033415816236283e-5,6,3
37512,16,1.6940240253263368e-6,6,3
37512,12,3.344859719928206e-6,6,3
37524,18,1.5150147047327242e-6,3,2
37524,11,2.790185543174165e-5,3,2
37524,15,1.5805578737071037e-6,3,2
37524,7,3.55375008712049e-4,3,2
37524,9,1.1254040981749993e-4,3,2
37524,5,9.1547534954423e-4,3,2
37524,3,1.798155272505936e-6,3,2
37524,13,1.4464421059939918e-5,3,2
37524,4,3.2133313415990306e-4,3,2
37524,6,4.4962865991142096e-4,3,2
37524,17,5.2962001800708065e-6,3,2
37524,8,1.9961465692315704e-4,3,2
37524,2,8.122181433830347e-7,3,2
37524,10,8.626879992651636e-5,3,2
37524,16,5.420876881044277e-6,3,2
37524,12,2.5420933871454363e-5,3,2
37541,18,0.00236342293938304,2,4
37541,11,3.194137778529231e-4,2,4
37541,15,0.00105391599018789,2,4
37541,7,6.318628926453457e-5,2,4
37541,9,8.058887390716871e-5,2,4
37541,5,6.399979647269693e-5,2,4
37541,3,4.914957744849559e-5,2,4
37541,13,4.962903581454941e-4,2,4
37541,4,2.8548191671231057e-5,2,4
37541,6,8.490003996157053e-5,2,4
37541,17,0.00156808265331481,2,4
37541,8,5.7990819303763016e-5,2,4
37541,2,7.580702671574992e-6,2,4
37541,10,1.5609067037063932e-4,2,4
37541,16,0.00139621460167396,2,4
37541,12,3.555585882283683e-4,2,4
37566,18,0,6,3
37566,11,6.246684051882459e-6,6,3
37566,15,0,6,3
37566,7,5.8207975564904576e-5,6,3
37566,9,1.6330785020835952e-5,6,3
37566,5,1.7729136165728468e-4,6,3
37566,3,1.186782479853918e-4,6,3
37566,13,2.250021053768432e-6,6,3
37566,4,1.2547926106657372e-4,6,3
37566,6,9.417073398036272e-5,6,3
37566,17,0,6,3
37566,8,3.6688069355441907e-05,6,3
37566,2,1.7273172515945874e-4,6,3
37566,10,9.30958272588306e-6,6,3
37566,16,6.776096101305347e-7,6,3
37566,12,0,6,3
37666,18,1.2120117637861791e-6,6,3
37666,11,1.582493293143556e-5,6,3
37666,15,9.483347242242622e-7,6,3
37666,7,2.2593885252166905e-5,6,3
37666,9,1.526573382382491e-5,6,3
37666,5,1.987571319027855e-5,6,3
37666,3,7.042774817314916e-5,6,3
37666,13,5.142905265756415e-6,6,3
37666,4,2.1245165894869623e-5,6,3
37666,6,4.001036366005048e-5,6,3
37666,17,5.2962001800708065e-6,6,3
37666,8,1.972476847066769e-5,6,3
37666,2,2.9239853161789252e-5,6,3
37666,10,2.203267911792324e-5,6,3
37666,16,4.743267270913743e-6,6,3
37666,12,4.682803607899488e-6,6,3
38019,18,1.818017645679269e-6,3,2
38019,11,3.997877793204774e-5,3,2
38019,15,1.0431681966466883e-5,3,2
38019,7,6.63264563673781e-4,3,2
38019,9,2.2295071724097776e-4,3,2
38019,5,0.00199393154724874,3,2
38019,3,3.3865257632195134e-5,3,2
38019,13,2.475023159145275e-5,3,2
38019,4,4.929542399043968e-4,3,2
38019,6,9.407314772753332e-4,3,2
38019,17,6.5184002216256075e-6,3,2
38019,8,3.9765133236866065e-4,3,2
38019,2,2.626171996938479e-5,3,2
38019,10,1.1016339558961622e-4,3,2
38019,16,2.032828830391604e-6,3,2
38019,12,4.047280261113129e-5,3,2
38096,18,0,3,2
38096,11,3.3315648276706447e-6,3,2
38096,15,0,3,2
38096,7,7.965301919407994e-5,3,2
38096,9,1.4910716758154564e-5,3,2
38096,5,2.194278736206752e-4,3,2
38096,3,4.22566489038895e-5,3,2
38096,13,1.9285894746586556e-6,3,2
38096,4,1.5469136417201946e-4,3,2
38096,6,1.1100436259343272e-4,3,2
38096,17,0,3,2
38096,8,3.826605083309533e-5,3,2
38096,2,2.8156895637278537e-5,3,2
38096,10,1.1481818695255776e-5,3,2
38096,16,0,3,2
38096,12,3.6793456919210263e-6,3,2
38657,18,0,3,2
38657,11,4.164456034588306e-6,3,2
38657,15,2.212781023189945e-6,3,2
38657,7,8.386543847838225e-5,3,2
38657,9,2.094600687455046e-5,3,2
38657,5,2.6275692837548245e-4,3,2
38657,3,1.198770181670624e-6,3,2
38657,13,0,3,2
38657,4,8.564457501369318e-5,3,2
38657,6,1.5052679498933627e-4,3,2
38657,17,0,3,2
38657,8,6.627522206144344e-5,3,2
38657,2,5.414787622553565e-7,3,2
38657,10,7.447666180706449e-6,3,2
38657,16,0,3,2
38657,12,3.0103737479353854e-6,3,2
38847,18,0,3,2
38847,11,2.9151192242118143e-6,3,2
38847,15,0,3,2
38847,7,6.893049737949225e-5,3,2
38847,9,1.5975767955165604e-5,3,2
38847,5,2.2578810184156433e-4,3,2
38847,3,2.8770484360094975e-5,3,2
38847,13,3.857178949317311e-6,3,2
38847,4,3.452339457916314e-5,3,2
38847,6,1.1417591581038796e-4,3,2
38847,17,0,3,2
38847,8,3.7871555463681965e-5,3,2
38847,2,1.3266229675256234e-5,3,2
38847,10,8.378624453294754e-6,3,2
38847,16,6.776096101305347e-7,3,2
38847,12,1.672429859964103e-6,3,2
39095,18,0,3,2
39095,11,1.7074269741812053e-5,3,2
39095,15,2.8450041726727866e-6,3,2
39095,7,1.2062837041411144e-4,3,2
39095,9,5.254252571921132e-5,3,2
39095,5,3.044959260750674e-4,3,2
39095,3,5.7241276174772304e-5,3,2
39095,13,4.5000421075368635e-6,3,2
39095,4,1.1286494381649488e-4,3,2
39095,6,1.8468198347962325e-4,3,2
39095,17,1.629600055406402e-6,3,2
39095,8,5.996329615082978e-5,3,2
39095,2,6.254079704049367e-5,3,2
39095,10,2.917002587443359e-5,3,2
39095,16,0,3,2
39095,12,3.6793456919210263e-6,3,2
39193,18,0,6,3
39193,11,1.6657824138353223e-6,6,3
39193,15,0,6,3
39193,7,6.127155322621534e-6,6,3
39193,9,2.1301023940220806e-6,6,3
39193,5,1.3912999233194983e-5,6,3
39193,3,2.4035342142496012e-4,6,3
39193,13,0,6,3
39193,4,6.605918770436023e-5,6,3
39193,6,1.36620753961148e-5,6,3
39193,17,0,6,3
39193,8,4.733944432960246e-6,6,3
39193,2,2.1956963809454703e-4,6,3
39193,10,2.792874817764918e-6,6,3
39193,16,0,6,3
39193,12,0,6,3
39371,18,4.848047055144717e-6,3,2
39371,11,1.8740052155647376e-4,3,2
39371,15,3.129504589940065e-5,3,2
39371,7,0.00195149897025495,3,2
39371,9,6.621068274751967e-4,3,2
39371,5,0.0055588394650571,3,2
39371,3,3.899000015883705e-4,3,2
39371,13,6.267915792640631e-5,3,2
39371,4,0.00147753489684476,3,2
39371,6,0.00292051258155161,3,2
39371,17,9.37020031858681e-6,3,2
39371,8,0.00128289894133222,3,2
39371,2,4.469907182417968e-4,3,2
39371,10,3.754865032772834e-4,3,2
39371,16,1.9650678693785508e-5,3,2
39371,12,1.0435962326176004e-4,3,2
39378,18,0.00105566224625776,1,6
39378,11,0.00333447994689485,1,6
39378,15,0.00149299496750373,1,6
39378,7,0.00755248482954636,1,6
39378,9,0.00495994342448041,1,6
39378,5,0.01279916426601177,1,6
39378,3,2.1278170724653576e-5,1,6
39378,13,0.00214202004318754,1,6
39378,4,0.00134475261000182,1,6
39378,6,0.0095446674236107,1,6
39378,17,0.00119816344073755,1,6
39378,8,0.00614150391102709,1,6
39378,2,1.9222496060065156e-5,1,6
39378,10,0.00408690681666266,1,6
39378,16,0.00140163547855501,1,6
39378,12,0.00263942880499534,1,6
39435,18,0,6,3
39435,11,2.498673620752984e-6,6,3
39435,15,0,6,3
39435,7,1.3786099475898452e-5,6,3
39435,9,3.195153591033121e-6,6,3
39435,5,3.895639785294596e-5,6,3
39435,3,2.1278170724653576e-5,6,3
39435,13,3.2143157910977594e-7,6,3
39435,4,1.858952015801092e-5,6,3
39435,6,2.586035699978873e-5,6,3
39435,17,0,6,3
39435,8,9.862384235333846e-6,6,3
39435,2,2.9781331924044607e-5,6,3
39435,10,2.172235969372714e-6,6,3
39435,16,0,6,3
39435,12,6.689719439856411e-7,6,3
39612,18,8.7870852874498e-6,3,2
39612,11,8.453845750214261e-5,3,2
39612,15,1.5489467162329617e-5,3,2
39612,7,6.713064550347218e-4,3,2
39612,9,2.5277215075728693e-4,3,2
39612,5,0.00173236716166467,3,2
39612,3,1.8281245270477017e-5,3,2
39612,13,2.5071663170562523e-5,3,2
39612,4,4.6208235821341433e-4,3,2
39612,6,0.00100416254161443,3,2
39612,17,4.481400152367605e-6,3,2
39612,8,4.390733461570628e-4,3,2
39612,2,2.788615625615086e-5,3,2
39612,10,1.253690473752252e-4,3,2
39612,16,5.420876881044277e-6,3,2
39612,12,4.1476260527109754e-5,3,2
39672,18,0,3,2
39672,11,1.0411140086470763e-5,3,2
39672,15,0,3,2
39672,7,5.8207975564904576e-5,3,2
39672,9,2.485119459692427e-5,3,2
39672,5,8.22854526077532e-5,3,2
39672,3,0,3,2
39672,13,4.178610528427088e-6,3,2
39672,4,4.4482066092383274e-5,3,2
39672,6,5.220864526372441e-5,3,2
39672,17,0,3,2
39672,8,3.58990786166152e-5,3,2
39672,2,3.4654640784342814e-5,3,2
39672,10,1.1792138119451875e-5,3,2
39672,16,2.032828830391604e-6,3,2
39672,12,4.3483176359066675e-6,3,2
39702,18,0,3,2
39702,11,1.5408487327976732e-5,3,2
39702,15,0,3,2
39702,7,1.451369917045976e-4,3,2
39702,9,5.46726281132334e-5,3,2
39702,5,3.609429515354585e-4,3,2
39702,3,3.3865257632195134e-5,3,2
39702,13,3.5357473702075353e-6,3,2
39702,4,9.6267157961128e-5,3,2
39702,6,2.2469234713967377e-4,3,2
39702,17,0,3,2
39702,8,8.678898127093785e-5,3,2
39702,2,5.116974303313119e-5,3,2
39702,10,2.327395681470765e-5,3,2
39702,16,1.016414415195802e-6,3,2
39702,12,3.0103737479353854e-6,3,2
39771,18,0,3,2
39771,11,1.957294336256504e-5,3,2
39771,15,6.006119920086994e-6,3,2
39771,7,1.4628583332758913e-4,3,2
39771,9,6.674320834602519e-5,3,2
39771,5,3.6809820828395874e-4,3,2
39771,3,4.525357435806606e-5,3,2
39771,13,5.464336844866191e-6,3,2
39771,4,1.1253298809938756e-4,3,2
39771,6,2.808044425165738e-4,3,2
39771,17,0,3,2
39771,8,1.1558714323811269e-4,3,2
39771,2,8.122181433830348e-6,3,2
39771,10,3.3204178388982916e-5,3,2
39771,16,0,3,2
39771,12,4.682803607899488e-6,3,2
39802,18,3.333032350411993e-6,3,2
39802,11,6.12175037084481e-5,3,2
39802,15,9.799458816984042e-6,3,2
39802,7,4.304326614141628e-4,3,2
39802,9,1.8389884001723965e-4,3,2
39802,5,0.00111264242439179,3,2
39802,3,6.533297490104901e-5,3,2
39802,13,1.414298948083014e-5,3,2
39802,4,1.971816959617587e-4,3,2
39802,6,6.579753097021717e-4,3,2
39802,17,4.074000138516005e-7,3,2
39802,8,3.073118927730026e-4,3,2
39802,2,1.7327320392171407e-5,3,2
39802,10,9.1233910713654e-5,3,2
39802,16,3.0492432455874064e-6,3,2
39802,12,3.144168136732514e-5,3,2
39963,18,3.333032350411993e-6,3,2
39963,11,1.874005215564738e-5,3,2
39963,15,3.477227322155628e-6,3,2
39963,7,1.5164709423488298e-4,3,2
39963,9,5.1122457456529935e-5,3,2
39963,5,4.654892029163237e-4,3,2
39963,3,2.996925454176561e-7,3,2
39963,13,3.2143157910977595e-6,3,2
39963,4,1.0323822802038208e-4,3,2
39963,6,2.1883717196991e-4,3,2
39963,17,0,3,2
39963,8,9.112843033448472e-5,3,2
39963,2,1.082957524510713e-5,3,2
39963,10,2.1101720845334937e-5,3,2
39963,16,3.3880480506526733e-7,3,2
39963,12,8.027663327827695e-6,3,2
40038,18,6.969067641770531e-6,3,2
40038,11,9.036869595056625e-5,3,2
40038,15,1.1696128265432566e-5,3,2
40038,7,8.114651330396894e-4,3,2
40038,9,2.666178163184304e-4,3,2
40038,5,0.0021553223383538,3,2
40038,3,2.577355890591842e-5,3,2
40038,13,3.2143157910977595e-5,3,2
40038,4,4.4747630666069145e-4,3,2
40038,6,0.00119689539095248,3,2
40038,17,6.925800235477208e-6,3,2
40038,8,5.191559061479736e-4,3,2
40038,2,3.032281068629997e-5,3,2
40038,10,1.380921437672654e-4,3,2
40038,16,7.453705711435882e-6,3,2
40038,12,4.080728858312411e-5,3,2
40174,18,0,3,2
40174,11,1.2076922500306088e-5,3,2
40174,15,3.477227322155628e-6,3,2
40174,7,2.1445043629175368e-4,3,2
40174,9,8.34290104325315e-5,3,2
40174,5,6.670289346657482e-4,3,2
40174,3,6.862959290064322e-5,3,2
40174,13,3.857178949317311e-6,3,2
40174,4,1.9153844877093396e-4,3,2
40174,6,3.3716050352554735e-4,3,2
40174,17,0,3,2
40174,8,1.1874310619341952e-4,3,2
40174,2,4.60256947917053e-5,3,2
40174,10,2.8859706450237487e-5,3,2
40174,16,2.7104384405221387e-6,3,2
40174,12,1.2041494991741542e-5,3,2
40185,18,0,6,3
40185,11,4.580901638047136e-6,6,3
40185,15,0,6,3
40185,7,6.51010253028538e-6,6,3
40185,9,2.840136525362774e-6,6,3
40185,5,2.1068255981695265e-5,6,3
40185,3,2.8980269141887336e-4,6,3
40185,13,2.5714526328782076e-6,6,3
40185,4,1.0191040515195272e-4,6,3
40185,6,6.8310376980574e-6,6,3
40185,17,0,6,3
40185,8,3.9449536941335384e-6,6,3
40185,2,1.7246098577833105e-4,6,3
40185,10,1.241277696784408e-6,6,3
40185,16,0,6,3
40185,12,3.0103737479353854e-6,6,3
40419,18,0,6,3
40419,11,5.413792844964798e-6,6,3
40419,15,0,6,3
40419,7,5.322966186527458e-5,6,3
40419,9,1.4910716758154564e-5,6,3
40419,5,1.3237224984725515e-4,6,3
40419,3,6.113727926520183e-5,6,3
40419,13,0,6,3
40419,4,1.0522996232302612e-4,6,3
40419,6,9.246297455584836e-5,6,3
40419,17,0,6,3
40419,8,3.4321097138961783e-05,6,3
40419,2,9.015621391551686e-5,6,3
40419,10,9.619902150079162e-6,6,3
40419,16,6.776096101305347e-7,6,3
40419,12,2.006915831956924e-6,6,3
40523,18,2.4240235275723587e-6,3,2
40523,11,8.120689267447196e-5,3,2
40523,15,1.0747793541208303e-5,3,2
40523,7,7.195578032003664e-4,3,2
40523,9,2.0519986395746044e-4,3,2
40523,5,0.00181544764280004,3,2
40523,3,5.664189108393699e-5,3,2
40523,13,1.575014737637902e-5,3,2
40523,4,4.2291158359474847e-4,3,2
40523,6,0.00105271170239706,3,2
40523,17,8.148000277032009e-7,3,2
40523,8,3.708256472485526e-4,3,2
40523,2,1.1316906131136952e-4,3,2
40523,10,1.1885233946710709e-4,3,2
40523,16,7.79251051650115e-6,3,2
40523,12,3.0103737479353857e-5,3,2
40543,18,1.5150147047327242e-6,3,2
40543,11,4.5392570777012536e-5,3,2
40543,15,4.1094504716384695e-6,3,2
40543,7,3.20526812814639e-4,3,2
40543,9,1.2283590472193998e-4,3,2
40543,5,7.592522438686406e-4,3,2
40543,3,4.345541908556012e-5,3,2
40543,13,4.5000421075368635e-6,3,2
40543,4,1.8357151156035784e-4,3,2
40543,6,4.8402781403378146e-4,3,2
40543,17,2.851800096961203e-6,3,2
40543,8,2.1302749948321108e-4,3,2
40543,2,3.709129521449192e-5,3,2
40543,10,4.437567766004259e-5,3,2
40543,16,5.759681686109545e-6,3,2
40543,12,2.5755419843447185e-5,3,2
40603,18,0,3,2
40603,11,5.413792844964798e-6,3,2
40603,15,0,3,2
40603,7,1.7232624344873063e-5,3,2
40603,9,9.585460773099364e-6,3,2
40603,5,6.121719662605793e-5,3,2
40603,3,1.138831672587093e-5,3,2
40603,13,2.250021053768432e-6,3,2
40603,4,1.726169728958157e-5,3,2
40603,6,4.65974357260344e-5,3,2
40603,17,0,3,2
40603,8,1.8935777731840982e-5,3,2
40603,2,2.8969113780661572e-5,3,2
40603,10,9.930221574275264e-6,3,2
40603,16,0,3,2
40603,12,0,3,2
40614,18,0,3,2
40614,11,3.414853948362411e-5,3,2
40614,15,4.1094504716384695e-6,3,2
40614,7,4.675785405575558e-4,3,2
40614,9,1.3597153615174282e-4,3,2
40614,5,0.00133843052623335,3,2
40614,3,1.0339392816909133e-4,3,2
40614,13,9.321515794183502e-6,3,2
40614,4,3.824129861076532e-4,3,2
40614,6,7.189667177205412e-4,3,2
40614,17,4.074000138516005e-6,3,2
40614,8,2.572109808575067e-4,3,2
40614,2,8.040959619492044e-5,3,2
40614,10,7.416634238286838e-5,3,2
40614,16,4.404462465848476e-6,3,2
40614,12,1.8062242487612313e-5,3,2
40647,18,2.2997923217842753e-4,1,6
40647,11,3.402360580258646e-4,1,6
40647,15,3.104215663960752e-4,1,6
40647,7,3.1516555190734514e-4,1,6
40647,9,3.628274411150944e-4,1,6
40647,5,4.4879360383648966e-4,1,6
40647,3,2.5473866360500763e-5,1,6
40647,13,4.233253896875749e-4,1,6
40647,4,6.838287772411161e-5,1,6
40647,6,3.676562075347322e-4,1,6
40647,17,3.503640119123764e-4,1,6
40647,8,3.4242198065079113e-4,1,6
40647,2,4.088164655027942e-5,1,6
40647,10,3.214909234671617e-4,1,6
40647,16,3.2355858883733034e-4,1,6
40647,12,3.4552400906858366e-4,1,6
40683,18,2.2119214689097777e-5,3,2
40683,11,2.332095379369451e-4,3,2
40683,15,3.540449637103912e-5,3,2
40683,7,0.0018852491033291101,3,2
40683,9,7.49441025630102e-4,3,2
40683,5,0.0052165796839205,3,2
40683,3,5.604250599310168e-5,3,2
40683,13,1.0446526321067718e-4,3,2
40683,4,0.00130193032249497,3,2
40683,6,0.00283292891963723,3,2
40683,17,1.3444200457102816e-5,3,2
40683,8,0.00120281638134131,3,2
40683,2,7.959737805153741e-5,3,2
40683,10,4.0558748742430535e-4,3,2
40683,16,3.049243245587406e-5,3,2
40683,12,1.3044952907720003e-4,3,2
40709,18,0,6,3
40709,11,4.580901638047136e-6,6,3
40709,15,0,6,3
40709,7,9.956627399259992e-6,6,3
40709,9,6.390307182066242e-6,6,3
40709,5,2.385085582833426e-6,6,3
40709,3,3.4164950177612786e-5,6,3
40709,13,0,6,3
40709,4,1.9585387309332937e-5,6,3
40709,6,1.7565525509290457e-5,6,3
40709,17,0,6,3
40709,8,9.073393496507138e-6,6,3
40709,2,5.1981961176514224e-5,6,3
40709,10,5.275430211333734e-6,6,3
40709,16,0,6,3
40709,12,2.341401803949744e-6,6,3
40769,18,0,6,3
40769,11,3.3315648276706447e-6,6,3
40769,15,0,6,3
40769,7,1.1105469022251533e-5,6,3
40769,9,1.0295494904440057e-5,6,3
40769,5,1.6298084816028413e-5,6,3
40769,3,5.5742813447684024e-5,6,3
40769,13,0,6,3
40769,4,1.6265830138259556e-5,6,3
40769,6,2.2932769414906984e-5,6,3
40769,17,1.2222000415548017e-6,6,3
40769,8,1.5779814776534154e-5,6,3
40769,2,5.929192446696154e-5,6,3
40769,10,1.086117984686357e-5,6,3
40769,16,0,6,3
40769,12,2.341401803949744e-6,6,3
40783,18,1.2120117637861791e-6,6,3
40783,11,9.578248879553104e-6,6,3
40783,15,9.483347242242622e-7,6,3
40783,7,2.1827990836839215e-5,6,3
40783,9,1.846088741485803e-5,6,3
40783,5,4.770171165666852e-6,6,3
40783,3,1.6513059252512848e-4,6,3
40783,13,4.178610528427088e-6,6,3
40783,4,6.0747896230642834e-5,6,3
40783,6,3.708277607516874e-5,6,3
40783,17,0,6,3
40783,8,2.5247703642454643e-5,6,3
40783,2,1.1750089140941236e-4,6,3
40783,10,9.619902150079162e-6,6,3
40783,16,2.7104384405221387e-6,6,3
40783,12,6.020747495870771e-6,6,3
40797,18,1.2120117637861791e-6,6,3
40797,11,4.997347241505968e-6,6,3
40797,15,0,6,3
40797,7,1.4551993891226144e-5,6,3
40797,9,6.390307182066242e-6,6,3
40797,5,2.6633455674973256e-5,6,3
40797,3,3.5963105450118724e-5,6,3
40797,13,0,6,3
40797,4,1.3942140118508193e-5,6,3
40797,6,3.195949780162569e-5,6,3
40797,17,3.666600124664405e-6,6,3
40797,8,7.100916649440369e-6,6,3
40797,2,3.2217986354193716e-5,6,3
40797,10,8.378624453294754e-6,6,3
40797,16,1.3552192202610691e-6,6,3
40797,12,2.6758877759425646e-6,6,3
40855,18,0,3,2
40855,11,1.6241378534894394e-5,3,2
40855,15,2.212781023189945e-6,3,2
40855,7,2.370443215439206e-4,3,2
40855,9,9.33694882713012e-5,3,2
40855,5,7.028052184082495e-4,3,2
40855,3,2.3076325997159515e-5,3,2
40855,13,4.5000421075368635e-6,3,2
40855,4,2.0382081030390545e-4,3,2
40855,6,3.830260423553613e-4,3,2
40855,17,0,3,2
40855,8,1.4517429594411422e-4,3,2
40855,2,1.9222496060065156e-5,3,2
40855,10,2.296363739051155e-5,3,2
40855,16,0,3,2
40855,12,7.693177355834873e-6,3,2
41093,18,0,6,3
41093,11,0,6,3
41093,15,0,6,3
41093,7,2.5657462913477673e-5,6,3
41093,9,1.1715563167121444e-5,6,3
41093,5,5.6049511196585515e-5,6,3
41093,3,3.5663412904701065e-5,6,3
41093,13,0,6,3
41093,4,3.0207970256767746e-5,6,3
41093,6,3.610691354687482e-5,6,3
41093,17,0,6,3
41093,8,1.1045870343573907e-5,6,3
41093,2,3.3300943878704427e-5,6,3
41093,10,3.723833090353224e-6,6,3
41093,16,1.016414415195802e-6,6,3
41093,12,1.672429859964103e-6,6,3
41332,18,6.060058818930897e-7,6,3
41332,11,7.496020862258951e-6,6,3
41332,15,9.483347242242622e-7,6,3
41332,7,1.8075108201733524e-4,6,3
41332,9,8.129890803850941e-5,6,3
41332,5,5.950788529169398e-4,6,3
41332,3,3.815086103166761e-4,6,3
41332,13,9.642947373293278e-7,6,3
41332,4,3.200053112914737e-4,6,3
41332,6,3.35452744101033e-4,6,3
41332,17,2.444400083109603e-6,6,3
41332,8,1.3373393023112694e-4,6,3
41332,2,5.138633453803333e-4,6,3
41332,10,2.917002587443359e-5,6,3
41332,16,2.3716336354568714e-6,6,3
41332,12,1.103803707576308e-5,6,3
41350,18,3.636035291358538e-6,6,3
41350,11,1.415915051760024e-5,6,3
41350,15,9.483347242242622e-7,6,3
41350,7,4.901724258097227e-5,6,3
41350,9,2.804634818795739e-5,6,3
41350,5,8.745313803722562e-6,6,3
41350,3,1.117853194407857e-4,6,3
41350,13,4.178610528427088e-6,6,3
41350,4,7.037461202675562e-5,6,3
41350,6,6.660261755605965e-5,6,3
41350,17,0,6,3
41350,8,4.655045359077575e-5,6,3
41350,2,1.5838253795969178e-4,6,3
41350,10,2.141204026953104e-5,6,3
41350,16,3.726852855717941e-6,6,3
41350,12,1.5051868739676928e-5,6,3
41391,18,0,6,3
41391,11,8.328912069176612e-7,6,3
41391,15,0,6,3
41391,7,3.216756544376305e-5,6,3
41391,9,4.615221853714508e-6,6,3
41391,5,8.268296687155877e-5,6,3
41391,3,2.427509617883014e-5,6,3
41391,13,1.6071578955488798e-6,6,3
41391,4,9.46073793755913e-5,6,3
41391,6,3.049570400918482e-5,6,3
41391,17,0,6,3
41391,8,1.854128236242763e-5,6,3
41391,2,3.086428944855532e-5,6,3
41391,10,3.4135136661571223e-6,6,3
41391,16,6.776096101305347e-7,6,3
41391,12,0,6,3
41597,18,0,4,1
41597,11,9.994694483011935e-6,4,1
41597,15,1.8966694484485244e-6,4,1
41597,7,3.140167102843536e-5,4,1
41597,9,2.449617753125393e-5,4,1
41597,5,1.192542791416713e-5,4,1
41597,3,0,4,1
41597,13,4.821473686646639e-6,4,1
41597,4,5.311291473717406e-6,4,1
41597,6,7.709313973521922e-5,4,1
41597,17,0,4,1
41597,8,3.7871555463681965e-5,4,1
41597,2,2.463728368261872e-5,4,1
41597,10,1.9239804300158325e-5,4,1
41597,16,1.6940240253263368e-6,4,1
41597,12,3.344859719928206e-6,4,1
41721,18,0,6,3
41721,11,4.997347241505968e-6,6,3
41721,15,0,6,3
41721,7,1.1488416229915376e-5,6,3
41721,9,1.0295494904440057e-5,6,3
41721,5,1.550305628841727e-5,6,3
41721,3,1.8041491234142896e-4,6,3
41721,13,5.142905265756415e-6,6,3
41721,4,8.166110640840512e-5,6,3
41721,6,6.099140801836963e-6,6,3
41721,17,2.851800096961203e-6,6,3
41721,8,4.339449063546892e-6,6,3
41721,2,2.1496706861537653e-4,6,3
41721,10,1.55159712098051e-6,6,3
41721,16,0,6,3
41721,12,2.341401803949744e-6,6,3
41755,18,0,3,2
41755,11,7.496020862258951e-6,3,2
41755,15,0,3,2
41755,7,2.5657462913477673e-5,3,2
41755,9,5.680273050725548e-6,3,2
41755,5,7.592522438686406e-5,3,2
41755,3,1.288677945295921e-5,3,2
41755,13,5.142905265756415e-6,3,2
41755,4,2.522863450015768e-5,3,2
41755,6,3.366725722614004e-5,3,2
41755,17,0,3,2
41755,8,1.2623851821227322e-5,3,2
41755,2,2.2471368633597296e-5,3,2
41755,10,8.688943877490856e-6,3,2
41755,16,2.7104384405221387e-6,3,2
41755,12,5.017289579892309e-6,3,2
41875,18,0,6,3
41875,11,0,6,3
41875,15,0,6,3
41875,7,1.1488416229915375e-6,6,3
41875,9,7.100341313406935e-7,6,3
41875,5,4.2931540491001665e-5,6,3
41875,3,5.448410475692987e-4,6,3
41875,13,0,6,3
41875,4,3.296320270875865e-4,6,3
41875,6,9.75862528293914e-7,6,3
41875,17,0,6,3
41875,8,1.5779814776534152e-6,6,3
41875,2,5.563694282173788e-4,6,3
41875,10,3.10319424196102e-7,6,3
41875,16,1.3552192202610691e-6,6,3
41875,12,0,6,3
41933,18,0,6,3
41933,11,1.2493368103764918e-5,6,3
41933,15,1.8966694484485244e-6,6,3
41933,7,1.4934941098889987e-5,6,3
41933,9,9.230443707429015e-6,6,3
41933,5,4.809922592047409e-5,6,3
41933,3,3.677227532274639e-4,6,3
41933,13,3.2143157910977595e-6,6,3
41933,4,2.320370462580292e-4,6,3
41933,6,1.829742240551089e-5,6,3
41933,17,2.0370000692580023e-6,6,3
41933,8,5.1284398023736e-6,6,3
41933,2,5.330858414403985e-4,6,3
41933,10,9.30958272588306e-6,6,3
41933,16,6.776096101305347e-7,6,3
41933,12,5.68626152387795e-6,6,3
42111,18,0,6,3
42111,11,1.2493368103764918e-5,6,3
42111,15,0,6,3
42111,7,4.978313699629996e-6,6,3
42111,9,8.875426641758669e-6,6,3
42111,5,2.4248370092139832e-5,6,3
42111,3,9.799946235157353e-5,6,3
42111,13,7.392926319524847e-6,6,3
42111,4,8.365284071104915e-5,6,3
42111,6,1.8785353669657847e-5,6,3
42111,17,4.074000138516005e-7,6,3
42111,8,9.073393496507138e-6,6,3
42111,2,2.5557797578452826e-4,6,3
42111,10,1.210245754364798e-5,6,3
42111,16,1.6940240253263368e-6,6,3
42111,12,1.672429859964103e-6,6,3
42347,18,0,6,3
42347,11,0,6,3
42347,15,0,6,3
42347,7,8.42483856860461e-6,6,3
42347,9,8.165392510417976e-6,6,3
42347,5,5.565199693277994e-6,6,3
42347,3,1.3336318271085692e-4,6,3
42347,13,2.250021053768432e-6,6,3
42347,4,5.112118043453003e-5,6,3
42347,6,1.1222419075380011e-5,6,3
42347,17,3.259200110812804e-6,6,3
42347,8,1.9724768470667692e-6,6,3
42347,2,6.308227580274904e-5,6,3
42347,10,1.861916545176612e-6,6,3
42347,16,6.776096101305347e-7,6,3
42347,12,6.689719439856411e-7,6,3
42374,18,6.060058818930897e-7,3,2
42374,11,9.994694483011935e-6,3,2
42374,15,1.8966694484485244e-6,3,2
42374,7,6.816460296416457e-5,3,2
42374,9,2.5206211662594623e-5,3,2
42374,5,2.456638150318429e-4,3,2
42374,3,3.5963105450118724e-5,3,2
42374,13,0,3,2
42374,4,1.0622582947434811e-4,3,2
42374,6,1.161276408669758e-4,3,2
42374,17,2.0370000692580023e-6,3,2
42374,8,5.562384708728289e-5,3,2
42374,2,1.218327215074552e-5,3,2
42374,10,1.7067568330785612e-5,3,2
42374,16,0,3,2
42374,12,1.103803707576308e-5,3,2
42434,18,1.5150147047327242e-6,3,2
42434,11,9.994694483011935e-6,3,2
42434,15,1.8966694484485244e-6,3,2
42434,7,1.1335237346849838e-4,3,2
42434,9,3.301658710734225e-5,3,2
42434,5,3.1284372561498437e-4,3,2
42434,3,1.198770181670624e-6,3,2
42434,13,6.750063161305295e-6,3,2
42434,4,1.0224236086906009e-4,3,2
42434,6,1.7663111762119846e-4,3,2
42434,17,0,3,2
42434,8,8.836696274859126e-5,3,2
42434,2,5.414787622553565e-7,3,2
42434,10,2.0481081996942733e-5,3,2
42434,16,0,3,2
42434,12,7.358691383842053e-6,3,2
42436,18,0,6,3
42436,11,5.413792844964798e-6,6,3
42436,15,0,6,3
42436,7,1.8381465967864604e-5,6,3
42436,9,3.550170656703468e-6,6,3
42436,5,2.385085582833426e-6,6,3
42436,3,9.320438162489104e-5,6,3
42436,13,0,6,3
42436,4,2.8548191671231057e-5,6,3
42436,6,1.9761216197951763e-5,6,3
42436,17,4.074000138516005e-7,6,3
42436,8,6.706421280027015e-6,6,3
42436,2,8.988547453438918e-5,6,3
42436,10,1.086117984686357e-5,6,3
42436,16,1.016414415195802e-6,6,3
42436,12,7.693177355834873e-6,6,3
42585,18,0,3,2
42585,11,3.53978762940006e-5,3,2
42585,15,4.1094504716384695e-6,3,2
42585,7,3.97499201555072e-4,3,2
42585,9,1.313563142980283e-4,3,2
42585,5,0.00119294030568051,3,2
42585,3,2.6972329087589044e-6,3,2
42585,13,7.392926319524847e-6,3,2
42585,4,3.445700343574167e-4,3,2
42585,6,6.416296123532486e-4,3,2
42585,17,4.481400152367605e-6,3,2
42585,8,2.536605225327865e-4,3,2
42585,2,1.082957524510713e-6,3,2
42585,10,7.013218986831905e-5,3,2
42585,16,4.743267270913743e-6,3,2
42585,12,1.13725230477559e-5,3,2
42824,18,1.818017645679269e-6,3,2
42824,11,2.248806258677685e-5,3,2
42824,15,4.741673621121311e-6,3,2
42824,7,3.1095313262304285e-4,3,2
42824,9,1.0579508556976334e-4,3,2
42824,5,8.550531814457832e-4,3,2
42824,3,3.326587254135982e-5,3,2
42824,13,1.4464421059939918e-5,3,2
42824,4,2.273896662185265e-4,3,2
42824,6,4.562157319774049e-4,3,2
42824,17,3.666600124664405e-6,3,2
42824,8,1.759449347583558e-4,3,2
42824,2,3.7903513357874953e-5,3,2
42824,10,4.965110787137632e-5,3,2
42824,16,5.420876881044277e-6,3,2
42824,12,1.5051868739676928e-5,3,2
42869,18,0,3,2
42869,11,1.7907160948729716e-5,3,2
42869,15,1.8966694484485244e-6,3,2
42869,7,2.1100391142277907e-4,3,2
42869,9,5.1122457456529935e-5,3,2
42869,5,6.980350472425826e-4,3,2
42869,3,9.650099962448524e-5,3,2
42869,13,3.2143157910977595e-6,3,2
42869,4,2.4863483211339606e-4,3,2
42869,6,3.022734181390399e-4,3,2
42869,17,1.629600055406402e-6,3,2
42869,8,1.0138530993923192e-4,3,2
42869,2,2.4068730982250596e-4,3,2
42869,10,3.258353954059071e-5,3,2
42869,16,0,3,2
42869,12,6.020747495870771e-6,3,2
42987,18,1.2120117637861791e-6,3,2
42987,11,9.703182560590752e-5,3,2
42987,15,7.5866777937940976e-6,3,2
42987,7,9.474113917603548e-4,3,2
42987,9,2.9324409624370643e-4,3,2
42987,5,0.00282553138712999,3,2
42987,3,3.836064581345997e-5,3,2
42987,13,1.7035873692818124e-5,3,2
42987,4,7.150326146492058e-4,3,2
42987,6,0.00138401703075284,3,2
42987,17,6.925800235477208e-6,3,2
42987,8,5.846421374705904e-4,3,2
42987,2,3.844499212013031e-5,3,2
42987,10,1.650899336723263e-4,3,2
42987,16,8.131315321566416e-6,3,2
42987,12,5.284878357486566e-5,3,2
43071,18,4.545044114198172e-6,3,2
43071,11,4.08116691389654e-5,3,2
43071,15,2.8450041726727866e-6,3,2
43071,7,4.8289642886410966e-4,3,2
43071,9,1.1786566580255514e-4,3,2
43071,5,0.00141197066503738,3,2
43071,3,3.596310545011872e-6,3,2
43071,13,1.0607242110622609e-5,3,2
43071,4,3.435741672060947e-4,3,2
43071,6,7.489744904655791e-4,3,2
43071,17,2.0370000692580023e-6,3,2
43071,8,2.923210687352952e-4,3,2
43071,2,9.746617720596418e-6,3,2
43071,10,8.285528626035924e-5,3,2
43071,16,6.43729129624008e-6,3,2
43071,12,2.4751961927468723e-5,3,2
43110,18,2.7270264685189036e-6,3,2
43110,11,1.9156497759106208e-5,3,2
43110,15,1.8966694484485244e-6,3,2
43110,7,1.9721781194688065e-4,3,2
43110,9,6.496812301767346e-5,3,2
43110,5,5.553274265363827e-4,3,2
43110,3,5.993850908353121e-7,3,2
43110,13,8.035789477744399e-6,3,2
43110,4,1.5900678849441484e-4,3,2
43110,6,3.24230325025653e-4,3,2
43110,17,8.148000277032009e-7,3,2
43110,8,1.1637613397693938e-4,3,2
43110,2,3.0593550067427646e-5,3,2
43110,10,1.861916545176612e-5,3,2
43110,16,3.3880480506526733e-7,3,2
43110,12,1.8062242487612313e-5,3,2
43213,18,0,6,3
43213,11,2.498673620752984e-6,6,3
43213,15,1.5805578737071037e-6,6,3
43213,7,1.9147360383192295e-6,6,3
43213,9,3.905187722373815e-6,6,3
43213,5,6.360228220889136e-6,6,3
43213,3,5.364496562976043e-5,6,3
43213,13,1.9285894746586556e-6,6,3
43213,4,5.2449003302959386e-5,6,3
43213,6,5.6112095376900065e-6,6,3
43213,17,0,6,3
43213,8,2.761467585893477e-6,6,3
43213,2,1.1885458831505077e-4,6,3
43213,10,5.275430211333734e-6,6,3
43213,16,6.776096101305347e-7,6,3
43213,12,3.0103737479353854e-6,6,3
43280,18,0,6,3
43280,11,0,6,3
43280,15,1.264446298965683e-6,6,3
43280,7,6.893049737949226e-6,6,3
43280,9,3.905187722373815e-6,6,3
43280,5,1.3912999233194983e-5,6,3
43280,3,1.2916748707500974e-4,6,3
43280,13,1.2857263164391038e-6,6,3
43280,4,3.120383740808976e-5,6,3
43280,6,9.026728386718706e-6,6,3
43280,17,0,6,3
43280,8,7.495412018853722e-6,6,3
43280,2,1.3103786046579627e-4,6,3
43280,10,9.30958272588306e-7,6,3
43280,16,0,6,3
43280,12,3.344859719928206e-7,6,3
43554,18,0,3,2
43554,11,1.6657824138353223e-6,3,2
43554,15,1.5805578737071037e-6,3,2
43554,7,4.250714005068689e-5,3,2
43554,9,1.3845665561143525e-5,3,2
43554,5,1.1209902239317104e-4,3,2
43554,3,2.5174173815083105e-5,3,2
43554,13,0,3,2
43554,4,4.38181546581686e-5,3,2
43554,6,4.732933262225484e-5,3,2
43554,17,0,3,2
43554,8,2.5247703642454643e-5,3,2
43554,2,0,3,2
43554,10,8.999263301686958e-6,3,2
43554,16,3.3880480506526733e-7,3,2
43554,12,3.344859719928206e-7,3,2
43568,18,0,6,3
43568,11,6.663129655341289e-6,6,3
43568,15,1.5805578737071037e-6,6,3
43568,7,1.761557155253691e-5,6,3
43568,9,4.615221853714508e-6,6,3
43568,5,2.2260798773111975e-5,6,3
43568,3,1.294671796204274e-4,6,3
43568,13,1.6071578955488798e-6,6,3
43568,4,7.601785921758037e-5,6,3
43568,6,1.683362861307002e-5,6,3
43568,17,2.0370000692580023e-6,6,3
43568,8,2.761467585893477e-6,6,3
43568,2,1.1181536440573112e-4,6,3
43568,10,5.275430211333734e-6,6,3
43568,16,6.776096101305347e-7,6,3
43568,12,5.351775551885129e-6,6,3
43672,18,0,6,3
43672,11,2.9151192242118143e-6,6,3
43672,15,0,6,3
43672,7,4.595366491966151e-6,6,3
43672,9,2.1301023940220806e-6,6,3
43672,5,4.054645490816824e-5,6,3
43672,3,5.019850135745738e-4,6,3
43672,13,3.2143157910977594e-7,6,3
43672,4,2.8813756244916927e-4,6,3
43672,6,4.635347009396092e-6,6,3
43672,17,0,6,3
43672,8,3.9449536941335384e-6,6,3
43672,2,4.220826951780504e-4,6,3
43672,10,1.55159712098051e-6,6,3
43672,16,0,6,3
43672,12,2.341401803949744e-6,6,3
43749,18,9.090088228396344e-7,3,2
43749,11,1.0411140086470763e-5,3,2
43749,15,2.212781023189945e-6,3,2
43749,7,1.8764413175528447e-5,3,2
43749,9,1.0650511970110405e-5,3,2
43749,5,1.987571319027855e-5,3,2
43749,3,1.5284319816300458e-5,3,2
43749,13,4.821473686646639e-6,3,2
43749,4,1.6597785855366895e-5,3,2
43749,6,3.9522432395903525e-5,3,2
43749,17,4.074000138516005e-7,3,2
43749,8,1.1834861082400614e-5,3,2
43749,2,1.1912532769617843e-5,3,2
43749,10,9.619902150079162e-6,3,2
43749,16,1.6940240253263368e-6,3,2
43749,12,4.682803607899488e-6,3,2
43753,18,9.090088228396344e-7,3,2
43753,11,1.6241378534894394e-5,3,2
43753,15,7.270566219052677e-6,3,2
43753,7,4.059240401236766e-5,3,2
43753,9,1.4555699692484218e-5,3,2
43753,5,8.149042408014205e-5,3,2
43753,3,2.8470791814677323e-5,3,2
43753,13,1.2857263164391038e-5,3,2
43753,4,2.1245165894869623e-5,3,2
43753,6,6.538278939569225e-5,3,2
43753,17,5.703600193922406e-6,3,2
43753,8,2.6431189750694705e-5,3,2
43753,2,1.9222496060065156e-5,3,2
43753,10,3.2893858964786816e-5,3,2
43753,16,1.016414415195802e-6,3,2
43753,12,1.13725230477559e-5,3,2
43792,18,1.818017645679269e-6,3,2
43792,11,9.994694483011935e-6,3,2
43792,15,0,3,2
43792,7,7.773828315576071e-5,3,2
43792,9,2.0235972743209765e-5,3,2
43792,5,1.9915464616659107e-4,3,2
43792,3,9.889853998782648e-6,3,2
43792,13,2.5714526328782076e-6,3,2
43792,4,3.4191438862055805e-5,3,2
43792,6,1.2930178499894363e-4,3,2
43792,17,0,3,2
43792,8,4.6944948960189105e-5,3,2
43792,2,1.813953853555444e-5,3,2
43792,10,1.1792138119451875e-5,3,2
43792,16,1.6940240253263368e-6,3,2
43792,12,2.341401803949744e-6,3,2
43807,18,5.757055877984352e-6,4,1
43807,11,6.371617732920108e-5,4,1
43807,15,1.1063905115949725e-5,4,1
43807,7,1.286702617750522e-4,4,1
43807,9,1.0828020502945576e-4,4,1
43807,5,7.95028527611142e-7,4,1
43807,3,7.1926210900237445e-6,4,1
43807,13,3.1178863173648266e-5,4,1
43807,4,0,4,1
43807,6,1.5979748900812844e-4,4,1
43807,17,7.74060026318041e-6,4,1
43807,8,1.2939448116758005e-4,4,1
43807,2,0,4,1
43807,10,1.2505872795102912e-4,4,1
43807,16,1.524621622793703e-5,4,1
43807,12,5.151083968689437e-5,4,1
43958,18,4.545044114198172e-6,3,2
43958,11,8.037400146755431e-5,3,2
43958,15,2.8450041726727866e-6,3,2
43958,7,5.407214572213504e-4,3,2
43958,9,1.66858020865063e-4,3,2
43958,5,0.00152367217316675,3,2
43958,3,1.588370490713577e-5,3,2
43958,13,1.1571536847951937e-5,3,2
43958,4,4.355259008448273e-4,3,2
43958,6,8.260676302007983e-4,3,2
43958,17,4.074000138516005e-7,3,2
43958,8,3.286146427213237e-4,3,2
43958,2,1.218327215074552e-5,3,2
43958,10,8.502752222973195e-5,3,2
43958,16,1.3552192202610691e-6,3,2
43958,12,3.110719539533231e-5,3,2
43967,18,0,6,3
43967,11,0,6,3
43967,15,0,6,3
43967,7,2.680630453646921e-6,6,3
43967,9,2.840136525362774e-6,6,3
43967,5,6.360228220889136e-6,6,3
43967,3,9.650099962448524e-5,6,3
43967,13,2.250021053768432e-6,6,3
43967,4,1.7925608723796245e-5,6,3
43967,6,4.147415745249135e-6,6,3
43967,17,0,6,3
43967,8,0,6,3
43967,2,6.091636075372761e-5,6,3
43967,10,1.55159712098051e-6,6,3
43967,16,0,6,3
43967,12,3.344859719928206e-7,6,3
43975,18,6.969067641770531e-6,3,2
43975,11,7.329442620875418e-5,3,2
43975,15,1.9598917633968084e-5,3,2
43975,7,4.679614877652197e-4,3,2
43975,9,1.8460887414858032e-4,3,2
43975,5,0.00138613223789002,3,2
43975,3,2.739189865117376e-4,3,2
43975,13,2.860741054077006e-5,3,2
43975,4,4.471443509435841e-4,3,2
43975,6,7.167710270318799e-4,3,2
43975,17,7.74060026318041e-6,3,2
43975,8,3.282201473519104e-4,3,2
43975,2,2.978133192404461e-4,3,2
43975,10,1.058189236508708e-4,3,2
43975,16,1.524621622793703e-5,3,2
43975,12,3.746242886319591e-5,3,2
44009,18,6.363061759877441e-6,3,2
44009,11,1.2826524586531982e-4,3,2
44009,15,2.718559542776218e-5,3,2
44009,7,8.505257482214017e-4,3,2
44009,9,3.322959734674446e-4,3,2
44009,5,0.00210881316948855,3,2
44009,3,2.010936979752472e-4,3,2
44009,13,5.303621055311304e-5,3,2
44009,4,6.708825042739298e-4,3,2
44009,6,0.00125129972690487,3,2
44009,17,6.925800235477208e-6,3,2
44009,8,5.392751699880546e-4,3,2
44009,2,1.5486292600503195e-4,3,2
44009,10,1.7688207179177815e-4,3,2
44009,16,1.1180558567153823e-5,3,2
44009,12,6.288336273465027e-5,3,2
44280,18,0,4,1
44280,11,4.164456034588306e-6,4,1
44280,15,3.1611157474142073e-7,4,1
44280,7,3.2933459859090746e-5,4,1
44280,9,3.195153591033121e-5,4,1
44280,5,3.97514263805571e-7,4,1
44280,3,0,4,1
44280,13,6.107200003085743e-6,4,1
44280,4,0,4,1
44280,6,5.147674836750397e-5,4,1
44280,17,0,4,1
44280,8,2.8403666597761475e-5,4,1
44280,2,8.122181433830347e-7,4,1
44280,10,2.358427623890375e-5,4,1
44280,16,3.3880480506526736e-6,4,1
44280,12,6.020747495870771e-6,4,1
44292,18,0,3,2
44292,11,1.0827585689929596e-5,3,2
44292,15,4.1094504716384695e-6,3,2
44292,7,3.637998472806536e-5,3,2
44292,9,2.307610926857254e-5,3,2
44292,5,0,3,2
44292,3,0,3,2
44292,13,5.7857684239759675e-6,3,2
44292,4,0,3,2
44292,6,4.464571066944657e-5,3,2
44292,17,0,3,2
44292,8,3.2743115661308366e-5,3,2
44292,2,5.414787622553565e-6,3,2
44292,10,1.4895332361412898e-5,3,2
44292,16,6.776096101305347e-7,3,2
44292,12,4.0138316639138475e-6,3,2
44394,18,6.938767347675877e-5,4,1
44394,11,1.6283023095240278e-4,4,1
44394,15,6.069342235035278e-5,4,1
44394,7,1.550936191038576e-4,4,1
44394,9,2.1052511994251564e-4,4,1
44394,5,1.1130399386555988e-5,4,1
44394,3,0,4,1
44394,13,7.392926319524848e-5,4,1
44394,4,0,4,1
44394,6,1.7907077394193325e-4,4,1
44394,17,7.210980245173329e-5,4,1
44394,8,1.6608255052302196e-4,4,1
44394,2,0,4,1
44394,10,1.7998526603373917e-4,4,1
44394,16,5.759681686109545e-5,4,1
44394,12,1.167356042254944e-4,4,1
44449,18,0,3,2
44449,11,1.1244031293388426e-5,3,2
44449,15,1.264446298965683e-6,3,2
44449,7,6.127155322621534e-5,3,2
44449,9,2.307610926857254e-5,3,2
44449,5,1.7172616196400666e-4,3,2
44449,3,2.996925454176561e-7,3,2
44449,13,1.6071578955488798e-6,3,2
44449,4,4.979335756610068e-5,3,2
44449,6,1.0783280937647752e-4,3,2
44449,17,0,3,2
44449,8,5.7990819303763016e-5,3,2
44449,2,1.2995490294128556e-5,3,2
44449,10,1.6136610058197304e-5,3,2
44449,16,1.3552192202610691e-6,3,2
44449,12,2.6758877759425646e-6,3,2
44465,18,0.00466776030528152,1,6
44465,11,0.00571863102669666,1,6
44465,15,0.00545893078420959,1,6
44465,7,0.00497793075242233,1,6
44465,9,0.00519034950010047,1,6
44465,5,0.00636181827794435,1,6
44465,3,1.048923908961796e-5,1,6
44465,13,0.00587994787665513,1,6
44465,4,6.194293681222925e-4,1,6
44465,6,0.00514694293985417,1,6
44465,17,0.00499105756969595,1,6
44465,8,0.00503967834425559,1,6
44465,2,2.463728368261872e-5,1,6
44465,10,0.00497286877274253,1,6
44465,16,0.00536768452664903,1,6
44465,12,0.00549861489358997,1,6
44495,18,1.818017645679269e-6,4,1
44495,11,2.248806258677685e-5,4,1
44495,15,6.322231494828415e-7,4,1
44495,7,3.676293193572921e-5,4,1
44495,9,2.9466416450638784e-5,4,1
44495,5,3.180114110444568e-6,4,1
44495,3,2.607325145133607e-5,4,1
44495,13,4.5000421075368635e-6,4,1
44495,4,7.966937210576109e-6,4,1
44495,6,4.586553882981397e-5,4,1
44495,17,4.888800166219206e-6,4,1
44495,8,3.1165134183654955e-5,4,1
44495,2,9.20513895834106e-6,4,1
44495,10,2.420491508729596e-5,4,1
44495,16,3.0492432455874064e-6,4,1
44495,12,7.0242054118492325e-6,4,1
44508,18,1.5150147047327242e-6,3,2
44508,11,3.498143069054177e-5,3,2
44508,15,2.8450041726727866e-6,3,2
44508,7,3.588215335810236e-4,3,2
44508,9,1.0153488078171916e-4,3,2
44508,5,9.88617974084455e-4,3,2
44508,3,2.6972329087589044e-6,3,2
44508,13,1.1250105268842158e-5,3,2
44508,4,2.0880014606051552e-4,3,2
44508,6,5.362364592975059e-4,3,2
44508,17,4.074000138516005e-7,3,2
44508,8,2.1815593928558463e-4,3,2
44508,2,2.4366544301491045e-6,3,2
44508,10,4.965110787137632e-5,3,2
44508,16,3.3880480506526736e-6,3,2
44508,12,1.3044952907720003e-5,3,2
44736,18,6.060058818930897e-7,3,2
44736,11,1.582493293143556e-5,3,2
44736,15,1.8966694484485244e-6,3,2
44736,7,2.0908917538445983e-4,3,2
44736,9,8.058887390716871e-5,3,2
44736,5,4.8138977346854646e-4,3,2
44736,3,3.985910854054825e-5,3,2
44736,13,9.964378952403055e-6,3,2
44736,4,1.2083188102707098e-4,3,2
44736,6,3.3813636605384127e-4,3,2
44736,17,0,3,2
44736,8,1.554311755488614e-4,3,2
44736,2,5.387713684440797e-5,3,2
44736,10,3.816928917612055e-5,3,2
44736,16,5.759681686109545e-6,3,2
44736,12,1.4382896795691283e-5,3,2
44771,18,0,3,2
44771,11,1.332625931068258e-5,3,2
44771,15,0,3,2
44771,7,8.386543847838225e-5,3,2
44771,9,2.769133112228705e-5,3,2
44771,5,1.7093113343639554e-4,3,2
44771,3,2.0079400542982952e-5,3,2
44771,13,2.5714526328782076e-6,3,2
44771,4,7.502199206625837e-5,3,2
44771,6,1.205190222442984e-4,3,2
44771,17,4.074000138516005e-7,3,2
44771,8,5.167889339314935e-5,3,2
44771,2,7.959737805153741e-5,3,2
44771,10,2.2342998542119345e-5,3,2
44771,16,3.726852855717941e-6,3,2
44771,12,6.355233467863591e-6,3,2
44816,18,6.666064700823986e-6,3,2
44816,11,3.581432189745943e-5,3,2
44816,15,1.8966694484485244e-6,3,2
44816,7,3.1325081586902593e-4,3,2
44816,9,1.107653244891482e-4,3,2
44816,5,7.767428714760857e-4,3,2
44816,3,1.888063036131233e-5,3,2
44816,13,7.714357898634622e-6,3,2
44816,4,1.191721024415343e-4,3,2
44816,6,4.854916078262223e-4,3,2
44816,17,8.148000277032009e-7,3,2
44816,8,2.0237612450905052e-4,3,2
44816,2,4.061090716915174e-5,3,2
44816,10,6.547739850537752e-5,3,2
44816,16,3.726852855717941e-6,3,2
44816,12,1.3713924851705643e-5,3,2
44929,18,0,3,2
44929,11,7.079575258800121e-6,3,2
44929,15,2.212781023189945e-6,3,2
44929,7,1.4705172774291683e-4,3,2
44929,9,3.8341843092397454e-5,3,2
44929,5,4.1579991994062726e-4,3,2
44929,3,1.0309423562367367e-4,3,2
44929,13,4.178610528427088e-6,3,2
44929,4,1.0456605088881144e-4,3,2
44929,6,2.137138936963672e-4,3,2
44929,17,4.074000138516005e-6,3,2
44929,8,1.0651374974160554e-4,3,2
44929,2,6.199931827823832e-5,3,2
44929,10,2.0170762572746633e-5,3,2
44929,16,6.776096101305347e-7,3,2
44929,12,1.739327054362667e-5,3,2
44996,18,3.030029409465449e-7,6,3
44996,11,2.9151192242118143e-6,6,3
44996,15,9.483347242242622e-7,6,3
44996,7,6.127155322621534e-6,6,3
44996,9,3.905187722373815e-6,6,3
44996,5,2.345334156452869e-5,6,3
44996,3,5.004865508474856e-5,6,3
44996,13,1.9285894746586556e-6,6,3
44996,4,4.0498597487095225e-5,6,3
44996,6,1.5369834820629148e-5,6,3
44996,17,2.1592200734134826e-5,6,3
44996,8,5.917430541200307e-6,6,3
44996,2,3.6549816452236566e-5,6,3
44996,10,2.172235969372714e-6,6,3
44996,16,1.3552192202610691e-6,6,3
44996,12,2.6758877759425646e-6,6,3
45050,18,5.151049996091262e-6,3,2
45050,11,8.495490310560144e-5,3,2
45050,15,1.67539134612953e-5,3,2
45050,7,7.268338001459795e-4,3,2
45050,9,2.502870312975945e-4,3,2
45050,5,0.00163100102439425,3,2
45050,3,2.097847817923592e-5,3,2
45050,13,3.021456843631894e-5,3,2
45050,4,3.4954937011402677e-4,3,2
45050,6,0.001045880664699,3,2
45050,17,5.2962001800708065e-6,3,2
45050,8,4.2842197118290223e-4,3,2
45050,2,1.1912532769617843e-5,3,2
45050,10,1.5733194806742372e-4,3,2
45050,16,9.825339346892754e-6,3,2
45050,12,6.288336273465027e-5,3,2
45150,18,1.6786362928438583e-4,1,6
45150,11,8.129018179516373e-4,1,6
45150,15,2.9524821080848695e-4,1,6
45150,7,0.00166964982541436,1,6
45150,9,0.00124752996876559,1,6
45150,5,0.00228888713099247,1,6
45150,3,4.195695635847184e-6,1,6
45150,13,5.075404634143362e-4,1,6
45150,4,2.6788826370562166e-4,1,6
45150,6,0.00200271387369118,1,6
45150,17,2.0981100713357424e-4,1,6
45150,8,0.0014505594733329,1,6
45150,2,2.165915049021426e-6,1,6
45150,10,0.00100171110130501,1,6
45150,16,2.1039778394553105e-4,1,6
45150,12,5.81671105295515e-4,1,6
45157,18,0,3,2
45157,11,4.914058120814201e-5,3,2
45157,15,4.42556204637989e-6,3,2
45157,7,5.786332307800711e-4,3,2
45157,9,1.8638395947693205e-4,3,2
45157,5,0.0016059576257745,3,2
45157,3,9.889853998782648e-6,3,2
45157,13,1.3178694743500817e-5,3,2
45157,4,4.232435393118558e-4,3,2
45157,6,8.924262821247846e-4,3,2
45157,17,5.2962001800708065e-6,3,2
45157,8,3.3177060567663054e-4,3,2
45157,2,2.9239853161789252e-5,3,2
45157,10,7.664889777643719e-5,3,2
45157,16,3.726852855717941e-6,3,2
45157,12,2.9434765535368217e-5,3,2
45166,18,0,3,2
45166,11,3.748010431129475e-6,3,2
45166,15,0,3,2
45166,7,4.557071771199766e-5,3,2
45166,9,1.1715563167121444e-5,3,2
45166,5,1.3396230690247742e-4,3,2
45166,3,1.2287394362123895e-5,3,2
45166,13,9.642947373293278e-7,3,2
45166,4,3.9834686052880546e-5,3,2
45166,6,6.099140801836964e-5,3,2
45166,17,0,3,2
45166,8,2.9192657336588184e-5,3,2
45166,2,5.225270055764191e-5,3,2
45166,10,5.8960690597259384e-6,3,2
45166,16,6.776096101305347e-7,3,2
45166,12,1.672429859964103e-6,3,2
45337,18,0,3,2
45337,11,6.912997017416588e-5,3,2
45337,15,8.535012518018359e-6,3,2
45337,7,7.264508529383156e-4,3,2
45337,9,2.1585037592757085e-4,3,2
45337,5,0.00188302506764698,3,2
45337,3,4.4953881812648405e-6,3,2
45337,13,2.8928842119879836e-5,3,2
45337,4,5.450712874902488e-4,3,2
45337,6,0.00110516431329285,3,2
45337,17,6.111000207774007e-6,3,2
45337,8,4.4499077669826314e-4,3,2
45337,2,4.521347664832227e-5,3,2
45337,10,1.5019460131091337e-4,3,2
45337,16,1.151936337221909e-5,3,2
45337,12,2.9434765535368217e-5,3,2
45351,18,0,6,3
45351,11,0,6,3
45351,15,2.212781023189945e-6,6,3
45351,7,2.33597796674946e-5,6,3
45351,9,7.455358379077282e-6,6,3
45351,5,8.467053819058662e-5,6,3
45351,3,2.34359570516607e-4,6,3
45351,13,0,6,3
45351,4,8.431675214526382e-5,6,3
45351,6,2.8787944584670468e-5,6,3
45351,17,0,6,3
45351,8,7.889907388267077e-6,6,3
45351,2,2.18757419951164e-4,6,3
45351,10,6.20638848392204e-7,6,3
45351,16,0,6,3
45351,12,2.341401803949744e-6,6,3
45395,18,4.848047055144717e-6,3,2
45395,11,1.4992041724517902e-5,3,2
45395,15,9.483347242242622e-7,3,2
45395,7,1.3364857547468222e-4,3,2
45395,9,3.940689428940849e-5,3,2
45395,5,4.468060325174618e-4,3,2
45395,3,4.135757126763653e-5,3,2
45395,13,1.6071578955488798e-6,3,2
45395,4,1.3709771116533054e-4,3,2
45395,6,2.1225009990392631e-4,3,2
45395,17,0,3,2
45395,8,7.140366186381704e-5,3,2
45395,2,3.790351335787496e-6,3,2
45395,10,1.3964374088824591e-5,3,2
45395,16,2.7104384405221387e-6,3,2
45395,12,7.0242054118492325e-6,3,2
45412,18,5.454052937037807e-6,3,2
45412,11,6.12175037084481e-5,3,2
45412,15,6.322231494828415e-6,3,2
45412,7,6.307140510223542e-4,3,2
45412,9,2.3324621214541785e-4,3,2
45412,5,0.00162662836749239,3,2
45412,3,8.151637235360244e-5,3,2
45412,13,2.1214484221245217e-5,3,2
45412,4,4.15608557818387e-4,3,2
45412,6,9.99283228972968e-4,3,2
45412,17,6.5184002216256075e-6,3,2
45412,8,3.6372473059911224e-4,3,2
45412,2,9.096843205889987e-5,3,2
45412,10,1.3281671355593166e-4,3,2
45412,16,7.453705711435882e-6,3,2
45412,12,4.2814204415081034e-5,3,2
45645,18,0,3,2
45645,11,2.9151192242118143e-6,3,2
45645,15,0,3,2
45645,7,3.7528826351056894e-5,3,2
45645,9,1.207058023279179e-5,3,2
45645,5,1.3078219279203285e-4,3,2
45645,3,1.888063036131233e-5,3,2
45645,13,0,3,2
45645,4,3.6847084598914504e-5,3,2
45645,6,6.318709870703094e-5,3,2
45645,17,8.148000277032009e-7,3,2
45645,8,1.341284256005403e-5,3,2
45645,2,1.082957524510713e-5,3,2
45645,10,4.034152514549326e-6,3,2
45645,16,0,3,2
45645,12,3.344859719928206e-7,3,2
45681,18,0,6,3
45681,11,5.413792844964798e-6,6,3
45681,15,0,6,3
45681,7,5.1314925826955346e-5,6,3
45681,9,9.94047783876971e-6,6,3
45681,5,1.9279441794570193e-4,6,3
45681,3,1.213754808941507e-4,6,3
45681,13,2.250021053768432e-6,6,3
45681,4,1.4207704692194062e-4,6,3
45681,6,8.294831490498271e-5,6,3
45681,17,0,6,3
45681,8,2.2486236056561167e-5,6,3
45681,2,1.3293303613369002e-4,6,3
45681,10,6.5167079081181426e-6,6,3
45681,16,6.776096101305347e-7,6,3
45681,12,1.672429859964103e-6,6,3
45843,18,0,3,2
45843,11,3.0816974655953463e-5,3,2
45843,15,3.477227322155628e-6,3,2
45843,7,2.661483093263729e-4,3,2
45843,9,8.591412989222392e-5,3,2
45843,5,7.19103303224278e-4,3,2
45843,3,4.4953881812648405e-6,3,2
45843,13,1.350012632261059e-5,3,2
45843,4,1.6630981427077628e-4,3,2
45843,6,4.674381510527849e-4,3,2
45843,17,2.0370000692580023e-6,3,2
45843,8,1.9527520785961016e-4,3,2
45843,2,3.140576821081068e-5,3,2
45843,10,4.9961427295572424e-5,3,2
45843,16,3.3880480506526736e-6,3,2
45843,12,1.5386354711669747e-5,3,2
45853,18,0,6,3
45853,11,1.249336810376492e-6,6,3
45853,15,3.1611157474142073e-7,6,3
45853,7,1.4934941098889987e-5,6,3
45853,9,6.745324247736588e-6,6,3
45853,5,1.987571319027855e-6,6,3
45853,3,8.99077636252968e-5,6,3
45853,13,1.9285894746586556e-6,6,3
45853,4,1.692974157247423e-5,6,3
45853,6,2.195690688661307e-5,6,3
45853,17,0,6,3
45853,8,1.02568796047472e-5,6,3
45853,2,3.519611954659817e-5,6,3
45853,10,9.30958272588306e-6,6,3
45853,16,3.0492432455874064e-6,6,3
45853,12,3.344859719928206e-7,6,3
45860,18,0,4,1
45860,11,2.6652518621365157e-5,4,1
45860,15,4.1094504716384695e-6,4,1
45860,7,5.399555628060227e-5,4,1
45860,9,5.7512764638596175e-5,4,1
45860,5,7.552771012305849e-6,4,1
45860,3,0,4,1
45860,13,4.178610528427088e-6,4,1
45860,4,0,4,1
45860,6,6.099140801836964e-5,4,1
45860,17,5.703600193922406e-6,4,1
45860,8,5.2073388762562704e-5,4,1
45860,2,0,4,1
45860,10,3.816928917612055e-5,4,1
45860,16,3.3880480506526736e-6,4,1
45860,12,1.8731214431597953e-5,4,1
45907,18,0,3,2
45907,11,8.328912069176612e-6,3,2
45907,15,0,3,2
45907,7,1.2713847294439684e-4,3,2
45907,9,2.662627992527601e-5,3,2
45907,5,3.959242067503487e-4,3,2
45907,3,7.821975435400822e-5,3,2
45907,13,6.750063161305295e-6,3,2
45907,4,1.6996132715895698e-4,3,2
45907,6,1.8004663647022717e-4,3,2
45907,17,8.148000277032009e-7,3,2
45907,8,6.66697174308568e-5,3,2
45907,2,3.4925380165470496e-5,3,2
45907,10,1.55159712098051e-5,3,2
45907,16,3.3880480506526733e-7,3,2
45907,12,4.3483176359066675e-6,3,2
45962,18,0,3,2
45962,11,4.997347241505968e-6,3,2
45962,15,0,3,2
45962,7,5.5910292318921495e-5,3,2
45962,9,2.2366075137231847e-5,3,2
45962,5,1.796764472401181e-4,3,2
45962,3,8.990776362529681e-7,3,2
45962,13,3.2143157910977595e-6,3,2
45962,4,5.278095902006672e-5,3,2
45962,6,1.056371186878162e-4,3,2
45962,17,8.148000277032009e-7,3,2
45962,8,4.852293043784252e-5,3,2
45962,2,5.414787622553565e-7,3,2
45962,10,7.137346756510347e-6,3,2
45962,16,0,3,2
45962,12,4.3483176359066675e-6,3,2
46123,18,2.121020586625814e-6,6,3
46123,11,2.082228017294153e-6,6,3
46123,15,0,6,3
46123,7,5.361260907293842e-6,6,3
46123,9,2.1301023940220806e-6,6,3
46123,5,7.552771012305849e-6,6,3
46123,3,9.650099962448524e-5,6,3
46123,13,9.642947373293278e-7,6,3
46123,4,3.585121744759249e-5,6,3
46123,6,5.6112095376900065e-6,6,3
46123,17,0,6,3
46123,8,2.761467585893477e-6,6,3
46123,2,7.337037228560081e-5,6,3
46123,10,1.861916545176612e-6,6,3
46123,16,1.3552192202610691e-6,6,3
46123,12,0,6,3
46433,18,0.00186831613387639,1,6
46433,11,0.00165620416495576,1,6
46433,15,0.00152144500923045,1,6
46433,7,3.013794524314467e-4,1,6
46433,9,6.617518104095264e-4,1,6
46433,5,2.8621026994001113e-5,1,6
46433,3,6.832990035522557e-5,1,6
46433,13,0.00169780160085783,1,6
46433,4,4.215837607263191e-5,1,6
46433,6,1.4150006660261754e-4,1,6
46433,17,0.00168989525745643,1,6
46433,8,4.990366423078925e-4,1,6
46433,2,7.445332981011153e-5,1,6
46433,10,0.00135454428661598,1,6
46433,16,0.00159339899822195,1,6
46433,12,0.00165537107539246,1,6
46590,18,1.818017645679269e-6,3,2
46590,11,1.374270491414141e-5,3,2
46590,15,0,3,2
46590,7,2.0487675610015755e-4,3,2
46590,9,5.3607576916222365e-5,3,2
46590,5,6.60668706444859e-4,3,2
46590,3,1.798155272505936e-6,3,2
46590,13,4.178610528427088e-6,3,2
46590,4,1.6962937144184966e-4,3,2
46590,6,3.2008290928040386e-4,3,2
46590,17,0,3,2
46590,8,8.363301831563101e-5,3,2
46590,2,1.353696905638391e-6,3,2
46590,10,2.606683163247257e-5,3,2
46590,16,3.3880480506526733e-7,3,2
46590,12,5.351775551885129e-6,3,2
46868,18,3.636035291358538e-6,3,2
46868,11,3.373209388016528e-5,3,2
46868,15,8.85112409275978e-6,3,2
46868,7,4.499629690050189e-4,3,2
46868,9,1.327763825607097e-4,3,2
46868,5,0.00125415750230657,3,2
46868,3,1.4385242180047487e-5,3,2
46868,13,1.0607242110622609e-5,3,2
46868,4,2.629089279490116e-4,3,2
46868,6,5.994235580045368e-4,3,2
46868,17,1.2222000415548017e-6,3,2
46868,8,2.5168804568571977e-4,3,2
46868,2,1.9493235441192836e-5,3,2
46868,10,5.1823343840749033e-5,3,2
46868,16,6.776096101305347e-7,3,2
46868,12,2.207607415152616e-5,3,2
46894,18,0,3,2
46894,11,1.1660476896847255e-5,3,2
46894,15,5.373896770604152e-6,3,2
46894,7,1.550936191038576e-4,3,2
46894,9,3.727679189538641e-5,3,2
46894,5,4.6827180276296263e-4,3,2
46894,3,1.9779707997565297e-5,3,2
46894,13,1.2857263164391038e-6,3,2
46894,4,1.3676575544822322e-4,3,2
46894,6,2.395742506961559e-4,3,2
46894,17,8.148000277032009e-7,3,2
46894,8,9.2706411812138145e-05,3,2
46894,2,2.1117671727958906e-5,3,2
46894,10,2.3894595663099857e-5,3,2
46894,16,0,3,2
46894,12,5.68626152387795e-6,3,2
46939,18,2.121020586625814e-6,3,2
46939,11,2.1655171379859192e-5,3,2
46939,15,4.1094504716384695e-6,3,2
46939,7,1.8649529013229296e-4,3,2
46939,9,5.325255985055202e-5,3,2
46939,5,5.668553401867442e-4,3,2
46939,3,5.394465817517809e-6,3,2
46939,13,1.6071578955488798e-6,3,2
46939,4,1.095453866454215e-4,3,2
46939,6,2.717777141298551e-4,3,2
46939,17,3.666600124664405e-6,3,2
46939,8,1.128256756522192e-4,3,2
46939,2,1.082957524510713e-6,3,2
46939,10,2.0170762572746633e-5,3,2
46939,16,2.032828830391604e-6,3,2
46939,12,7.693177355834873e-6,3,2
46943,18,2.7270264685189036e-6,3,2
46943,11,1.7907160948729716e-5,3,2
46943,15,0,3,2
46943,7,1.953030759085614e-5,3,2
46943,9,9.230443707429015e-6,3,2
46943,5,5.922962530703008e-5,3,2
46943,3,7.16265183548198e-5,3,2
46943,13,4.178610528427088e-6,3,2
46943,4,2.9212103105445735e-5,3,2
46943,6,5.660002664104702e-5,3,2
46943,17,2.851800096961203e-6,3,2
46943,8,1.6963300884774215e-5,3,2
46943,2,4.061090716915174e-5,3,2
46943,10,1.3964374088824591e-5,3,2
46943,16,3.3880480506526733e-7,3,2
46943,12,6.355233467863591e-6,3,2
46954,18,0,6,3
46954,11,0,6,3
46954,15,0,6,3
46954,7,1.1488416229915375e-6,6,3
46954,9,1.0650511970110403e-6,6,3
46954,5,9.142828067528131e-6,6,3
46954,3,1.0639085362326789e-4,6,3
46954,13,0,6,3
46954,4,4.282228750684659e-5,6,3
46954,6,1.4637937924408711e-6,6,3
46954,17,0,6,3
46954,8,7.889907388267076e-7,6,3
46954,2,1.0992018873783738e-4,6,3
46954,10,1.241277696784408e-6,6,3
46954,16,0,6,3
46954,12,1.003457915978462e-6,6,3
47133,18,0,6,3
47133,11,8.328912069176612e-7,6,3
47133,15,0,6,3
47133,7,1.9147360383192297e-5,6,3
47133,9,1.420068262681387e-6,6,3
47133,5,3.3788712423473536e-5,6,3
47133,3,7.372436617274339e-5,6,3
47133,13,0,6,3
47133,4,5.178509186874471e-5,6,3
47133,6,1.8785353669657847e-5,6,3
47133,17,0,6,3
47133,8,8.678898127093784e-6,6,3
47133,2,6.389449394613207e-5,6,3
47133,10,1.55159712098051e-6,6,3
47133,16,0,6,3
47133,12,3.344859719928206e-7,6,3
47164,18,6.060058818930897e-7,3,2
47164,11,2.248806258677685e-5,3,2
47164,15,0,3,2
47164,7,3.6916110818794744e-4,3,2
47164,9,1.0046982958470814e-4,3,2
47164,5,0.00126528790169313,3,2
47164,3,2.3975403633412483e-6,3,2
47164,13,1.3178694743500817e-5,3,2
47164,4,3.707945360088964e-4,3,2
47164,6,6.235761555798111e-4,3,2
47164,17,0,3,2
47164,8,2.0237612450905052e-4,3,2
47164,2,2.707393811276782e-6,3,2
47164,10,3.3514497813179017e-05,3,2
47164,16,3.0492432455874064e-6,3,2
47164,12,3.6793456919210263e-6,3,2
47322,18,3.333032350411993e-6,6,3
47322,11,3.748010431129475e-6,6,3
47322,15,1.264446298965683e-6,6,3
47322,7,1.9913254798519984e-5,6,3
47322,9,4.970238919384855e-6,6,3
47322,5,4.611165460144624e-5,6,3
47322,3,6.803020780980792e-5,6,3
47322,13,3.5357473702075353e-6,6,3
47322,4,2.987601453966041e-5,6,3
47322,6,1.829742240551089e-5,6,3
47322,17,0,6,3
47322,8,6.706421280027015e-6,6,3
47322,2,5.414787622553565e-6,6,3
47322,10,5.275430211333734e-6,6,3
47322,16,2.032828830391604e-6,6,3
47322,12,3.344859719928206e-6,6,3
47348,18,0,6,3
47348,11,1.374270491414141e-5,6,3
47348,15,0,6,3
47348,7,2.067914921384768e-5,6,3
47348,9,1.2780614364132484e-5,6,3
47348,5,1.2322942177972702e-5,6,3
47348,3,1.6033551179844597e-4,6,3
47348,13,1.2857263164391038e-6,6,3
47348,4,8.830022075055188e-5,6,3
47348,6,1.829742240551089e-5,6,3
47348,17,1.2222000415548017e-6,6,3
47348,8,6.706421280027015e-6,6,3
47348,2,2.393336129168676e-4,6,3
47348,10,4.034152514549326e-6,6,3
47348,16,2.3716336354568714e-6,6,3
47348,12,1.0369065131777438e-5,6,3
47417,18,0,6,3
47417,11,7.079575258800121e-6,6,3
47417,15,0,6,3
47417,7,2.680630453646921e-6,6,3
47417,9,1.775085328351734e-6,6,3
47417,5,2.4645884355945403e-5,6,3
47417,3,1.2826840943875678e-4,6,3
47417,13,0,6,3
47417,4,5.5104649039818085e-5,6,3
47417,6,6.343106433910442e-6,6,3
47417,17,0,6,3
47417,8,3.1559629553068304e-6,6,3
47417,2,1.3157933922805162e-4,6,3
47417,10,1.241277696784408e-6,6,3
47417,16,3.3880480506526733e-7,6,3
47417,12,2.341401803949744e-6,6,3
47557,18,1.7149966457574438e-4,1,6
47557,11,1.7490715345270884e-4,1,6
47557,15,2.057886351566649e-4,1,6
47557,7,6.586691971818149e-5,1,6
47557,9,1.1396047808018132e-4,1,6
47557,5,5.167685429472423e-6,1,6
47557,3,2.277663345174186e-5,1,6
47557,13,1.7293018956105946e-4,1,6
47557,4,1.6265830138259556e-5,1,6
47557,6,8.319228053705619e-5,1,6
47557,17,2.1714420738290304e-4,1,6
47557,8,9.74403562450984e-5,1,6
47557,2,8.122181433830348e-6,1,6
47557,10,1.3374767182851996e-4,1,6
47557,16,2.1446344160631423e-4,1,6
47557,12,1.2877709921723594e-4,1,6
47940,18,2.121020586625814e-6,6,3
47940,11,6.246684051882459e-6,6,3
47940,15,0,6,3
47940,7,1.4934941098889987e-5,6,3
47940,9,2.165604100589115e-5,6,3
47940,5,4.054645490816824e-5,6,3
47940,3,8.001790962651416e-5,6,3
47940,13,6.428631582195519e-7,6,3
47940,4,4.215837607263191e-5,6,3
47940,6,2.512846010356829e-5,6,3
47940,17,2.851800096961203e-6,6,3
47940,8,2.2486236056561167e-5,6,3
47940,2,9.719543782483648e-5,6,3
47940,10,1.3033415816236283e-5,6,3
47940,16,0,6,3
47940,12,4.3483176359066675e-6,6,3
48000,18,1.2120117637861791e-6,3,2
48000,11,1.415915051760024e-5,3,2
48000,15,1.5805578737071037e-6,3,2
48000,7,1.0799111256120454e-4,3,2
48000,9,3.7986826026727106e-5,3,2
48000,5,2.6832212806876044e-4,3,2
48000,3,3.0568639632600916e-5,3,2
48000,13,4.821473686646639e-6,3,2
48000,4,5.543660475692543e-5,3,2
48000,6,1.6882421739484714e-4,3,2
48000,17,2.444400083109603e-6,3,2
48000,8,8.28440275768043e-5,3,2
48000,2,5.658453065568476e-5,3,2
48000,10,2.0791401421138833e-5,3,2
48000,16,6.776096101305347e-7,3,2
48000,12,1.4048410823698463e-5,3,2
48020,18,6.060058818930897e-7,3,2
48020,11,6.246684051882459e-6,3,2
48020,15,0,3,2
48020,7,6.356923647219842e-5,3,2
48020,9,2.2366075137231847e-5,3,2
48020,5,2.2221047346731416e-4,3,2
48020,3,0,3,2
48020,13,9.642947373293278e-7,3,2
48020,4,5.3112914737174064e-5,3,2
48020,6,1.0368539363122838e-4,3,2
48020,17,0,3,2
48020,8,3.866054620250868e-5,3,2
48020,2,7.580702671574992e-6,3,2
48020,10,1.5205651785609e-5,3,2
48020,16,6.776096101305347e-7,3,2
48020,12,2.006915831956924e-6,3,2
48209,18,5.881287083772435e-4,1,6
48209,11,5.35965491651515e-4,1,6
48209,15,4.691095769162684e-4,1,6
48209,7,1.5279593585787452e-4,1,6
48209,9,2.4318668998418751e-4,1,6
48209,5,5.20743685585298e-5,1,6
48209,3,5.993850908353121e-7,1,6
48209,13,5.139690949965318e-4,1,6
48209,4,0,1,6
48209,6,1.2905781936687014e-4,1,6
48209,17,4.7136181602630176e-4,1,6
48209,8,2.063210782031841e-4,1,6
48209,2,0,1,6
48209,10,4.158280284227767e-4,1,6
48209,16,4.872013096838545e-4,1,6
48209,12,4.833322295296258e-4,1,6
48236,18,3.030029409465449e-7,3,2
48236,11,4.164456034588306e-6,3,2
48236,15,1.5805578737071037e-6,3,2
48236,7,3.0252829405443825e-5,3,2
48236,9,7.100341313406936e-6,3,2
48236,5,8.983822362005905e-5,3,2
48236,3,4.795080726682497e-6,3,2
48236,13,3.2143157910977594e-7,3,2
48236,4,4.282228750684659e-5,3,2
48236,6,5.7575889169340936e-5,3,2
48236,17,0,3,2
48236,8,2.4064217534214585e-5,3,2
48236,2,3.790351335787496e-6,3,2
48236,10,6.2063884839220405e-6,3,2
48236,16,3.3880480506526733e-7,3,2
48236,12,6.689719439856411e-7,3,2
48505,18,2.136170733673141e-4,1,6
48505,11,3.1358353940449946e-4,1,6
48505,15,2.513087019194295e-4,1,6
48505,7,3.1669734073800054e-4,1,6
48505,9,3.280357686794004e-4,1,6
48505,5,3.7366340797723673e-4,1,6
48505,3,1.798155272505936e-6,1,6
48505,13,3.3075309490395946e-4,1,6
48505,4,5.776029477667679e-5,1,6
48505,6,3.581415478838665e-4,1,6
48505,17,2.680692091143531e-4,1,6
48505,8,2.883761150411616e-4,1,6
48505,2,3.9527949644641023e-5,1,6
48505,10,2.755636486861386e-4,1,6
48505,16,2.656229671711696e-4,1,6
48505,12,3.348204579648134e-4,1,6
48545,18,0.00320455910345065,1,6
48545,11,0.00415321200329491,1,6
48545,15,0.00379902890524239,1,6
48545,7,0.00358821533581023,1,6
48545,9,0.00356153120280491,1,6
48545,5,0.00450661920876375,1,6
48545,3,1.7981552725059362e-5,1,6
48545,13,0.0041628603810507,1,6
48545,4,4.7004929542399e-4,1,6
48545,6,0.0037226715798092,1,6
48545,17,0.00341930831625648,1,6
48545,8,0.00369010968549251,1,6
48545,2,2.2471368633597296e-5,1,6
48545,10,0.00349357607759971,1,6
48545,16,0.00373024090376859,1,6
48545,12,0.00400647297253,1,6
48568,18,0,3,2
48568,11,6.246684051882459e-6,3,2
48568,15,1.5805578737071037e-6,3,2
48568,7,1.868782373399568e-4,3,2
48568,9,5.644771344158514e-5,3,2
48568,5,5.640727403401053e-4,3,2
48568,3,8.51126828986143e-5,3,2
48568,13,4.178610528427088e-6,3,2
48568,4,1.92534315922256e-4,3,2
48568,6,2.695820234411938e-4,3,2
48568,17,0,3,2
48568,8,1.0730274048043224e-4,3,2
48568,2,5.1981961176514224e-5,3,2
48568,10,2.1101720845334937e-5,3,2
48568,16,0,3,2
48568,12,4.0138316639138475e-6,3,2
48645,18,2.4240235275723587e-6,3,2
48645,11,1.4575596121059073e-5,3,2
48645,15,9.483347242242622e-7,3,2
48645,7,1.585401439728322e-4,3,2
48645,9,4.4022116143123e-5,3,2
48645,5,3.94731663958932e-4,3,2
48645,3,2.097847817923592e-5,3,2
48645,13,9.964378952403055e-6,3,2
48645,4,1.3809357831665256e-4,3,2
48645,6,2.234725189793063e-4,3,2
48645,17,2.0370000692580023e-6,3,2
48645,8,7.77155877744307e-5,3,2
48645,2,1.2724750913000878e-5,3,2
48645,10,2.8549387026041387e-5,3,2
48645,16,3.3880480506526736e-6,3,2
48645,12,1.0369065131777438e-5,3,2
48749,18,1.818017645679269e-6,3,2
48749,11,3.956233232858891e-5,3,2
48749,15,1.2328351414915408e-5,3,2
48749,7,2.738072534796498e-4,3,2
48749,9,8.73341981549053e-5,3,2
48749,5,7.167182176414446e-4,3,2
48749,3,1.3785857089212177e-5,3,2
48749,13,9.000084215073727e-6,3,2
48749,4,1.6796959285631297e-4,3,2
48749,6,3.842458705157287e-4,3,2
48749,17,4.481400152367605e-6,3,2
48749,8,1.648990644147819e-4,3,2
48749,2,9.475878339468738e-6,3,2
48749,10,5.151302441655293e-5,3,2
48749,16,4.404462465848476e-6,3,2
48749,12,2.0069158319569237e-5,3,2
48774,18,0,3,2
48774,11,7.496020862258951e-6,3,2
48774,15,0,3,2
48774,7,8.807785776268455e-5,3,2
48774,9,3.301658710734225e-5,3,2
48774,5,2.1267013113598047e-4,3,2
48774,3,2.8770484360094975e-5,3,2
48774,13,4.5000421075368635e-6,3,2
48774,4,6.937874487543362e-5,3,2
48774,6,1.0612504995196316e-4,3,2
48774,17,8.148000277032009e-7,3,2
48774,8,4.812843506842917e-5,3,2
48774,2,5.414787622553565e-6,3,2
48774,10,1.9239804300158325e-5,3,2
48774,16,1.016414415195802e-6,3,2
48774,12,1.003457915978462e-6,3,2
48916,18,9.090088228396344e-7,3,2
48916,11,2.9151192242118143e-6,3,2
48916,15,0,3,2
48916,7,7.582354711744149e-5,3,2
48916,9,2.8756382319298087e-5,3,2
48916,5,2.7985004171912197e-4,3,2
48916,3,1.3186471998376865e-5,3,2
48916,13,3.2143157910977595e-6,3,2
48916,4,9.6267157961128e-5,3,2
48916,6,1.380845477535889e-4,3,2
48916,17,1.2222000415548017e-6,3,2
48916,8,5.325687487080277e-5,3,2
48916,2,2.0846932346831223e-5,3,2
48916,10,1.086117984686357e-5,3,2
48916,16,6.776096101305347e-7,3,2
48916,12,1.003457915978462e-6,3,2
48942,18,3.0300294094654485e-6,3,2
48942,11,3.9145886725130075e-5,3,2
48942,15,0,3,2
48942,7,5.66378920134828e-4,3,2
48942,9,1.9419433492167968e-4,3,2
48942,5,0.0018909753529231,3,2
48942,3,3.4464642723030444e-5,3,2
48942,13,1.6071578955488798e-5,3,2
48942,4,6.028315822669256e-4,3,2
48942,6,9.185306047566468e-4,3,2
48942,17,0,3,2
48942,8,3.4202748528137776e-4,3,2
48942,2,6.308227580274904e-5,3,2
48942,10,7.820049489741771e-5,3,2
48942,16,4.065657660783208e-6,3,2
48942,12,1.9734672347576415e-5,3,2
48977,18,0,4,1
48977,11,1.998938896602387e-5,4,1
48977,15,2.212781023189945e-6,4,1
48977,7,3.063577661310767e-5,4,1
48977,9,2.9111399384968436e-5,4,1
48977,5,8.34779953991699e-6,4,1
48977,3,4.825049981224262e-5,4,1
48977,13,7.071494740415071e-6,4,1
48977,4,4.149446463841723e-5,4,1
48977,6,5.220864526372441e-5,4,1
48977,17,4.074000138516005e-7,4,1
48977,8,3.1165134183654955e-5,4,1
48977,2,4.006942840689638e-5,4,1
48977,10,2.761842875345308e-5,4,1
48977,16,3.3880480506526733e-7,4,1
48977,12,1.3379438879712823e-5,4,1
49049,18,5.151049996091262e-6,3,2
49049,11,6.454906853611874e-5,3,2
49049,15,9.799458816984042e-6,3,2
49049,7,4.8366232327943734e-4,3,2
49049,9,1.6259781607701882e-4,3,2
49049,5,0.00110151202500523,3,2
49049,3,1.2976687216584507e-4,3,2
49049,13,2.153591580035499e-5,3,2
49049,4,2.8979734103470596e-4,3,2
49049,6,7.565374250598569e-4,3,2
49049,17,3.259200110812804e-6,3,2
49049,8,3.621467491214588e-4,3,2
49049,2,1.2887194541677486e-4,3,2
49049,10,1.0550860422667468e-4,3,2
49049,16,4.404462465848476e-6,3,2
49049,12,2.776233567540411e-5,3,2
49149,18,0,3,2
49149,11,2.9151192242118143e-6,3,2
49149,15,9.483347242242622e-7,3,2
49149,7,2.604041012114152e-5,3,2
49149,9,1.4200682626813871e-5,3,2
49149,5,8.983822362005905e-5,3,2
49149,3,4.944926999391325e-5,3,2
49149,13,0,3,2
49149,4,3.85068631844512e-5,3,2
49149,6,4.6353470093960925e-5,3,2
49149,17,0,3,2
49149,8,1.972476847066769e-5,3,2
49149,2,6.037488199147225e-5,3,2
49149,10,6.20638848392204e-7,3,2
49149,16,0,3,2
49149,12,3.344859719928206e-6,3,2
49164,18,0.00150562161356338,1,6
49164,11,0.00112232090132154,1,6
49164,15,8.550818096755431e-4,1,6
49164,7,4.660467517269004e-4,1,6
49164,9,5.53826622445741e-4,1,6
49164,5,3.1840892530826236e-4,1,6
49164,3,5.993850908353121e-7,1,6
49164,13,9.594732636426812e-4,1,6
49164,4,6.639114342146757e-7,1,6
49164,6,7.155511988715126e-4,1,6
49164,17,0.00133097584525317,1,6
49164,8,5.885870911647239e-4,1,6
49164,2,1.895175667893748e-6,1,6
49164,10,0.00131420276147049,1,6
49164,16,0.00107435003686196,1,6
49164,12,0.00101215455125027,1,6
49417,18,0,6,3
49417,11,4.164456034588306e-7,6,3
49417,15,0,6,3
49417,7,1.9147360383192295e-6,6,3
49417,9,3.550170656703468e-7,6,3
49417,5,4.770171165666852e-6,6,3
49417,3,5.094773272100153e-5,6,3
49417,13,0,6,3
49417,4,2.954405882255307e-5,6,3
49417,6,3.6594844811021782e-6,6,3
49417,17,0,6,3
49417,8,1.1834861082400614e-6,6,3
49417,2,7.337037228560081e-5,6,3
49417,10,9.30958272588306e-7,6,3
49417,16,0,6,3
49417,12,6.689719439856411e-7,6,3
49640,18,3.030029409465449e-7,6,3
49640,11,1.249336810376492e-6,6,3
49640,15,0,6,3
49640,7,2.029620200618383e-5,6,3
49640,9,4.615221853714508e-6,6,3
49640,5,6.360228220889137e-5,6,3
49640,3,2.637294399675373e-5,6,3
49640,13,0,6,3
49640,4,2.1245165894869623e-5,6,3
49640,6,3.5618982282727864e-5,6,3
49640,17,0,6,3
49640,8,1.6174310145947506e-5,6,3
49640,2,4.60256947917053e-5,6,3
49640,10,4.65479136294153e-6,6,3
49640,16,3.3880480506526733e-7,6,3
49640,12,6.689719439856411e-7,6,3
49806,18,9.090088228396344e-7,3,2
49806,11,2.248806258677685e-5,3,2
49806,15,1.296057456439825e-5,3,2
49806,7,2.538939986811298e-4,3,2
49806,9,7.029337900272866e-5,3,2
49806,5,7.350038737765008e-4,3,2
49806,3,9.140622635238508e-5,3,2
49806,13,7.071494740415071e-6,3,2
49806,4,3.3593918571262594e-4,3,2
49806,6,4.074226055627092e-4,3,2
49806,17,4.888800166219206e-6,3,2
49806,8,1.6134860609006173e-4,3,2
49806,2,1.6460954372562837e-4,3,2
49806,10,4.685823305361141e-5,3,2
49806,16,2.3716336354568714e-6,3,2
49806,12,1.638981262764821e-5,3,2
50044,18,1.5150147047327242e-6,3,2
50044,11,3.414853948362411e-5,3,2
50044,15,1.5489467162329617e-5,3,2
50044,7,3.668634249419643e-4,3,2
50044,9,1.3703658734875386e-4,3,2
50044,5,0.00101843154386987,3,2
50044,3,8.691083817112024e-6,3,2
50044,13,1.2857263164391038e-5,3,2
50044,4,2.0813623462630085e-4,3,2
50044,6,5.964959704196551e-4,3,2
50044,17,3.666600124664405e-6,3,2
50044,8,2.4498162440569275e-4,3,2
50044,2,2.978133192404461e-6,3,2
50044,10,6.764963447475023e-5,3,2
50044,16,3.3880480506526736e-6,3,2
50044,12,2.0403644291562055e-5,3,2
50085,18,0,6,3
50085,11,1.6657824138353223e-6,6,3
50085,15,0,6,3
50085,7,1.570083551421768e-5,6,3
50085,9,4.615221853714508e-6,6,3
50085,5,1.1686919355883788e-4,6,3
50085,3,7.672129162691995e-5,6,3
50085,13,0,6,3
50085,4,1.2049992530996365e-4,6,3
50085,6,2.366466631112742e-5,6,3
50085,17,0,6,3
50085,8,1.0651374974160553e-5,6,3
50085,2,9.123917144002758e-5,6,3
50085,10,9.30958272588306e-7,6,3
50085,16,0,6,3
50085,12,0,6,3
50223,18,0,3,2
50223,11,2.790185543174165e-5,3,2
50223,15,6.322231494828415e-6,3,2
50223,7,3.239733376836136e-4,3,2
50223,9,9.904976132202676e-5,3,2
50223,5,7.55277101230585e-4,3,2
50223,3,5.214650290267215e-5,3,2
50223,13,9.964378952403055e-6,3,2
50223,4,2.4830287639628876e-4,3,2
50223,6,4.874433328828102e-4,3,2
50223,17,5.703600193922406e-6,3,2
50223,8,2.0947704115849088e-4,3,2
50223,2,3.248872573532139e-5,3,2
50223,10,5.896069059725938e-5,3,2
50223,16,2.032828830391604e-6,3,2
50223,12,1.8731214431597953e-5,3,2
50260,18,6.969067641770531e-6,3,2
50260,11,1.940636512118151e-4,3,2
50260,15,2.0863363932933767e-5,3,2
50260,7,0.00222607211814993,3,2
50260,9,6.812777490213955e-4,3,2
50260,5,0.00663928323408064,3,2
50260,3,6.713113017355495e-5,3,2
50260,13,6.81434947712725e-5,3,2
50260,4,0.00144500323656824,3,2
50260,6,0.00338453521375536,3,2
50260,17,1.0999800373993213e-5,3,2
50260,8,0.00137323838092788,3,2
50260,2,6.687262713853653e-5,3,2
50260,10,3.5252286588677187e-4,3,2
50260,16,1.55850210330023e-5,3,2
50260,12,9.465953007396824e-5,3,2
50555,18,2.121020586625814e-6,6,3
50555,11,1.4992041724517902e-5,6,3
50555,15,0,6,3
50555,7,2.029620200618383e-5,6,3
50555,9,5.3252559850552015e-6,6,3
50555,5,0,6,3
50555,3,3.9559415995130594e-5,6,3
50555,13,5.142905265756415e-6,6,3
50555,4,9.6267157961128e-6,6,3
50555,6,2.2444838150760023e-5,6,3
50555,17,0,6,3
50555,8,1.775229162360092e-5,6,3
50555,2,1.2995490294128556e-5,6,3
50555,10,9.930221574275264e-6,6,3
50555,16,0,6,3
50555,12,5.68626152387795e-6,6,3
50616,18,1.4847144106380697e-5,3,2
50616,11,9.869760801974284e-5,3,2
50616,15,2.212781023189945e-5,3,2
50616,7,4.292838197911712e-4,3,2
50616,9,2.314711268170661e-4,3,2
50616,5,9.826552601273715e-4,3,2
50616,3,1.4355272925505724e-4,3,2
50616,13,3.7607494755843785e-5,3,2
50616,4,2.473070092449667e-4,3,2
50616,6,5.813701012310993e-4,3,2
50616,17,8.55540029088361e-6,3,2
50616,8,3.0455042518710916e-4,3,2
50616,2,8.419994753070793e-5,3,2
50616,10,1.4678108764475624e-4,3,2
50616,16,1.3552192202610696e-5,3,2
50616,12,7.091102606247797e-5,3,2
50645,18,1.5150147047327242e-6,3,2
50645,11,1.415915051760024e-5,3,2
50645,15,0,3,2
50645,7,7.314291666379456e-5,3,2
50645,9,2.3786143399913233e-5,3,2
50645,5,2.416886723937872e-4,3,2
50645,3,2.397540363341248e-5,3,2
50645,13,6.107200003085743e-6,3,2
50645,4,7.336221348072167e-5,3,2
50645,6,1.0636901558403664e-4,3,2
50645,17,0,3,2
50645,8,4.733944432960246e-5,3,2
50645,2,7.391185104785616e-5,3,2
50645,10,1.1171499271059673e-5,3,2
50645,16,0,3,2
50645,12,5.017289579892309e-6,3,2
50684,18,2.4240235275723587e-6,3,2
50684,11,6.246684051882459e-6,3,2
50684,15,6.322231494828415e-7,3,2
50684,7,7.467470549444995e-5,3,2
50684,9,2.307610926857254e-5,3,2
50684,5,2.385085582833426e-4,3,2
50684,3,2.8470791814677323e-5,3,2
50684,13,3.2143157910977595e-6,3,2
50684,4,8.298892927683446e-5,3,2
50684,6,1.1466384707453491e-4,3,2
50684,17,0,3,2
50684,8,3.708256472485526e-5,3,2
50684,2,3.627907707110888e-5,3,2
50684,10,1.2723096392040185e-5,3,2
50684,16,4.065657660783208e-6,3,2
50684,12,3.344859719928206e-6,3,2
50691,18,7.878076464610166e-6,3,2
50691,11,7.704243663988366e-5,3,2
50691,15,8.218900943276939e-6,3,2
50691,7,4.066899345390043e-4,3,2
50691,9,1.8460887414858032e-4,3,2
50691,5,9.250156918755636e-4,3,2
50691,3,3.1467717268853885e-5,3,2
50691,13,1.5428715797269244e-5,3,2
50691,4,2.1145579179737424e-4,3,2
50691,6,6.206485679949294e-4,3,2
50691,17,1.3036800443251217e-5,3,2
50691,8,2.871926289329216e-4,3,2
50691,2,9.58417409191981e-5,3,2
50691,10,8.626879992651636e-5,3,2
50691,16,2.168350752417711e-5,3,2
50691,12,3.211065331131078e-5,3,2
50875,18,0,6,3
50875,11,2.498673620752984e-6,6,3
50875,15,0,6,3
50875,7,4.595366491966151e-6,6,3
50875,9,1.1360546101451096e-5,6,3
50875,5,5.565199693277994e-6,6,3
50875,3,7.22259034456551e-5,6,3
50875,13,0,6,3
50875,4,3.717904031602184e-5,6,3
50875,6,1.171035033952697e-5,6,3
50875,17,0,6,3
50875,8,9.073393496507138e-6,6,3
50875,2,1.0883723121332666e-4,6,3
50875,10,5.275430211333734e-6,6,3
50875,16,6.776096101305347e-7,6,3
50875,12,4.3483176359066675e-6,6,3
51086,18,0,3,2
51086,11,1.6657824138353223e-6,3,2
51086,15,0,3,2
51086,7,6.624986692584534e-5,3,2
51086,9,1.7750853283517338e-5,3,2
51086,5,1.7172616196400666e-4,3,2
51086,3,6.593235999188432e-6,3,2
51086,13,0,3,2
51086,4,6.373549768460887e-5,3,2
51086,6,9.002331823511358e-5,3,2
51086,17,0,3,2
51086,8,2.682568512010806e-5,3,2
51086,2,7.580702671574992e-6,3,2
51086,10,3.4135136661571223e-6,3,2
51086,16,0,3,2
51086,12,1.003457915978462e-6,3,2
51197,18,0,3,2
51197,11,0,3,2
51197,15,0,3,2
51197,7,1.570083551421768e-5,3,2
51197,9,2.840136525362774e-6,3,2
51197,5,7.314262454022506e-5,3,2
51197,3,2.996925454176561e-7,3,2
51197,13,0,3,2
51197,4,5.676442762535478e-5,3,2
51197,6,3.5375016650654386e-5,3,2
51197,17,0,3,2
51197,8,4.339449063546892e-6,3,2
51197,2,1.0288096482851772e-5,3,2
51197,10,4.034152514549326e-6,3,2
51197,16,6.776096101305347e-7,3,2
51197,12,3.344859719928206e-7,3,2
51254,18,0,3,2
51254,11,7.91246646571778e-6,3,2
51254,15,1.8966694484485244e-6,3,2
51254,7,3.484819589740998e-5,3,2
51254,9,2.840136525362774e-6,3,2
51254,5,8.467053819058662e-5,3,2
51254,3,7.1926210900237445e-6,3,2
51254,13,0,3,2
51254,4,2.6224501651479693e-5,3,2
51254,6,4.9037092046769185e-5,3,2
51254,17,0,3,2
51254,8,2.05137592094944e-5,3,2
51254,2,1.5973623486533016e-5,3,2
51254,10,1.086117984686357e-5,3,2
51254,16,2.032828830391604e-6,3,2
51254,12,1.3379438879712823e-6,3,2
51327,18,3.9693385263997375e-5,2,4
51327,11,4.455967957009488e-5,2,4
51327,15,4.6784513061730265e-5,2,4
51327,7,2.1062096421511525e-5,2,4
51327,9,2.20110580715615e-5,2,4
51327,5,2.385085582833426e-6,2,4
51327,3,3.1467717268853885e-5,2,4
51327,13,3.921465265139267e-5,2,4
51327,4,1.261431725007884e-5,2,4
51327,6,2.024914746209872e-5,2,4
51327,17,3.299940112197964e-5,2,4
51327,8,2.2880731425974523e-5,2,4
51327,2,5.3606397463280294e-5,2,4
51327,10,4.2513761114865975e-5,2,4
51327,16,3.455809011665727e-5,2,4
51327,12,3.0103737479353857e-5,2,4
51459,18,0,6,3
51459,11,8.328912069176612e-7,6,3
51459,15,0,6,3
51459,7,3.446524868974613e-6,6,3
51459,9,7.100341313406935e-7,6,3
51459,5,3.657131227011253e-5,6,3
51459,3,6.137703330153596e-4,6,3
51459,13,0,6,3
51459,4,3.040714368703215e-4,6,3
51459,6,7.806900226351313e-6,6,3
51459,17,0,6,3
51459,8,2.761467585893477e-6,6,3
51459,2,6.367790244122993e-4,6,3
51459,10,3.1031942419610203e-6,6,3
51459,16,0,6,3
51459,12,2.006915831956924e-6,6,3
51495,18,7.878076464610166e-6,3,2
51495,11,4.997347241505967e-5,3,2
51495,15,5.690008345345573e-6,3,2
51495,7,4.384745527751035e-4,3,2
51495,9,1.3313139962638004e-4,3,2
51495,5,0.00117425713528165,3,2
51495,3,1.0099638780575008e-4,3,2
51495,13,9.321515794183502e-6,3,2
51495,4,3.505452372653488e-4,3,2
51495,6,7.096960237017491e-4,3,2
51495,17,4.888800166219206e-6,3,2
51495,8,2.595779530739868e-4,3,2
51495,2,6.389449394613207e-5,3,2
51495,10,8.440688338133975e-5,3,2
51495,16,9.14772973676222e-6,3,2
51495,12,2.0069158319569237e-5,3,2
51588,18,0,6,3
51588,11,1.290981370722375e-5,6,3
51588,15,0,6,3
51588,7,2.1138685863044296e-4,6,3
51588,9,6.851829367437693e-5,6,3
51588,5,5.362467418737153e-4,6,3
51588,3,4.7651114721407306e-4,6,3
51588,13,1.9285894746586556e-6,6,3
51588,4,3.777656060681505e-4,6,3
51588,6,2.7885271745998596e-4,6,3
51588,17,4.074000138516005e-7,6,3
51588,8,1.254495274734465e-4,6,3
51588,2,4.775842683092244e-4,6,3
51588,10,3.5066094934159525e-5,6,3
51588,16,6.776096101305347e-7,6,3
51588,12,9.031121243806157e-6,6,3
51590,18,4.848047055144717e-6,3,2
51590,11,3.373209388016528e-5,3,2
51590,15,6.006119920086994e-6,3,2
51590,7,3.4848195897409977e-4,3,2
51590,9,1.281611607069952e-4,3,2
51590,5,0.00121162347607938,3,2
51590,3,1.798155272505936e-6,3,2
51590,13,1.6393010534598574e-5,3,2
51590,4,2.532822121528988e-4,3,2
51590,6,5.58193366184119e-4,3,2
51590,17,1.2222000415548017e-6,3,2
51590,8,2.213119022408915e-4,3,2
51590,2,2.165915049021426e-6,3,2
51590,10,4.716855247780751e-5,3,2
51590,16,5.759681686109545e-6,3,2
51590,12,1.9065700403590775e-5,3,2
51832,18,6.060058818930897e-7,3,2
51832,11,1.9156497759106208e-5,3,2
51832,15,1.8966694484485244e-6,3,2
51832,7,2.1138685863044296e-4,3,2
51832,9,7.561863498778386e-5,3,2
51832,5,6.622587635000813e-4,3,2
51832,3,4.195695635847184e-6,3,2
51832,13,3.857178949317311e-6,3,2
51832,4,1.3842553403375988e-4,3,2
51832,6,3.5301826961032346e-4,3,2
51832,17,4.074000138516005e-7,3,2
51832,8,1.459632866829409e-4,3,2
51832,2,8.122181433830347e-7,3,2
51832,10,4.2824080539062075e-5,3,2
51832,16,0,3,2
51832,12,1.0034579159784618e-5,3,2
51876,18,3.636035291358538e-6,3,2
51876,11,1.415915051760024e-5,3,2
51876,15,2.528892597931366e-6,3,2
51876,7,1.9913254798519984e-4,3,2
51876,9,5.0767440390859586e-05,3,2
51876,5,5.215387141129092e-4,3,2
51876,3,1.4684934725465146e-5,3,2
51876,13,3.857178949317311e-6,3,2
51876,4,1.7294892861292305e-4,3,2
51876,6,2.810484081486473e-4,3,2
51876,17,4.074000138516005e-7,3,2
51876,8,1.1755962008517944e-4,3,2
51876,2,1.1641793388490164e-5,3,2
51876,10,2.172235969372714e-5,3,2
51876,16,2.032828830391604e-6,3,2
51876,12,1.4048410823698463e-5,3,2
51901,18,0,3,2
51901,11,1.0827585689929596e-5,3,2
51901,15,0,3,2
51901,7,1.98749600777536e-4,3,2
51901,9,3.940689428940849e-5,3,2
51901,5,5.922962530703008e-4,3,2
51901,3,9.290468907947336e-6,3,2
51901,13,9.642947373293278e-7,3,2
51901,4,2.894653853175986e-4,3,2
51901,6,2.678742640166794e-4,3,2
51901,17,2.0370000692580023e-6,3,2
51901,8,8.521099979328442e-5,3,2
51901,2,5.414787622553565e-7,3,2
51901,10,1.0550860422667469e-5,3,2
51901,16,0,3,2
51901,12,4.3483176359066675e-6,3,2
51999,18,1.2120117637861791e-6,4,1
51999,11,2.1655171379859192e-5,4,1
51999,15,3.477227322155628e-6,4,1
51999,7,6.663281413350918e-5,4,1
51999,9,3.940689428940849e-5,4,1
51999,5,3.577628374250139e-6,4,1
51999,3,1.5374227579925754e-4,4,1
51999,13,2.250021053768432e-6,4,1
51999,4,3.717904031602184e-5,4,1
51999,6,9.807418409353836e-5,4,1
51999,17,2.0370000692580023e-6,4,1
51999,8,6.154127762848319e-5,4,1
51999,2,7.553628733462223e-5,4,1
51999,10,5.7719412900474974e-5,4,1
51999,16,2.3716336354568714e-6,4,1
51999,12,1.0369065131777438e-5,4,1
52297,18,1.2726123519754885e-5,6,3
52297,11,1.0411140086470763e-5,6,3
52297,15,2.8450041726727866e-6,6,3
52297,7,1.1871363437579225e-5,6,3
52297,9,5.680273050725548e-6,6,3
52297,5,2.345334156452869e-5,6,3
52297,3,2.8470791814677323e-5,6,3
52297,13,6.428631582195519e-6,6,3
52297,4,1.5269962986937542e-5,6,3
52297,6,1.854138803758437e-5,6,3
52297,17,3.259200110812804e-6,6,3
52297,8,1.3018347190640676e-5,6,3
52297,2,5.062826427087584e-5,6,3
52297,10,8.378624453294754e-6,6,3
52297,16,4.065657660783208e-6,6,3
52297,12,1.13725230477559e-5,6,3
52338,18,0,6,3
52338,11,0,6,3
52338,15,3.1611157474142073e-7,6,3
52338,7,3.331640706675459e-5,6,3
52338,9,1.4555699692484218e-5,6,3
52338,5,1.3276976411106072e-4,6,3
52338,3,6.344491186491778e-4,6,3
52338,13,0,6,3
52338,4,2.612491493634749e-4,6,3
52338,6,7.05060676692353e-5,6,3
52338,17,0,6,3
52338,8,2.2091740687147815e-5,6,3
52338,2,4.3643188237781733e-4,6,3
52338,10,4.65479136294153e-6,6,3
52338,16,0,6,3
52338,12,2.341401803949744e-6,6,3
52518,18,0,3,2
52518,11,4.164456034588306e-7,3,2
52518,15,0,3,2
52518,7,2.1445043629175368e-5,3,2
52518,9,4.970238919384855e-6,3,2
52518,5,6.121719662605793e-5,3,2
52518,3,9.590161453364992e-6,3,2
52518,13,0,3,2
52518,4,3.385948314494846e-5,3,2
52518,6,3.171553216955221e-5,3,2
52518,17,0,3,2
52518,8,7.495412018853722e-6,3,2
52518,2,2.0576192965703547e-5,3,2
52518,10,3.4135136661571223e-6,3,2
52518,16,0,3,2
52518,12,1.003457915978462e-6,3,2
52618,18,2.7270264685189036e-6,6,3
52618,11,8.328912069176612e-7,6,3
52618,15,0,6,3
52618,7,3.063577661310767e-6,6,3
52618,9,3.550170656703468e-7,6,3
52618,5,8.745313803722562e-6,6,3
52618,3,1.390573410737924e-4,6,3
52618,13,9.642947373293278e-7,6,3
52618,4,7.900546067154642e-5,6,3
52618,6,5.12327827354305e-6,6,3
52618,17,0,6,3
52618,8,7.889907388267076e-7,6,3
52618,2,1.2995490294128557e-4,6,3
52618,10,0,6,3
52618,16,0,6,3
52618,12,6.689719439856411e-7,6,3
52658,18,0.00511893168435092,1,6
52658,11,0.00758763889501989,1,6
52658,15,0.00569475001896669,1,6
52658,7,0.00889662952844646,1,6
52658,9,0.00816610254454931,1,6
52658,5,0.00264307234004324,1,6
52658,3,5.99385090835312e-6,1,6
52658,13,0.00689856455085401,1,6
52658,4,9.46073793755913e-5,1,6
52658,6,0.00760050530161715,1,6
52658,17,0.00504890837166288,1,6
52658,8,0.00855857703942271,1,6
52658,2,5.685527003681243e-6,1,6
52658,10,0.00783742737749675,1,6
52658,16,0.00538089791404657,1,6
52658,12,0.00734129811329842,1,6
52813,18,0,3,2
52813,11,6.663129655341289e-6,3,2
52813,15,1.8966694484485244e-6,3,2
52813,7,1.1411826788382608e-4,3,2
52813,9,3.5501706567034676e-5,3,2
52813,5,3.07676040185512e-4,3,2
52813,3,5.214650290267215e-5,3,2
52813,13,3.5357473702075353e-6,3,2
52813,4,1.0323822802038208e-4,3,2
52813,6,1.7126387371558193e-4,3,2
52813,17,4.074000138516005e-7,3,2
52813,8,6.627522206144344e-5,3,2
52813,2,2.788615625615086e-5,3,2
52813,10,2.8859706450237487e-5,3,2
52813,16,0,3,2
52813,12,4.682803607899488e-6,3,2
52953,18,2.121020586625814e-6,3,2
52953,11,7.079575258800121e-6,3,2
52953,15,2.212781023189945e-6,3,2
52953,7,4.250714005068689e-5,3,2
52953,9,1.2780614364132484e-5,3,2
52953,5,3.219865536825125e-5,3,2
52953,3,2.996925454176561e-7,3,2
52953,13,3.2143157910977595e-6,3,2
52953,4,0,3,2
52953,6,7.61172772069253e-5,3,2
52953,17,5.2962001800708065e-6,3,2
52953,8,2.0908254578907753e-5,3,2
52953,2,2.707393811276783e-7,3,2
52953,10,1.8929484875962224e-5,3,2
52953,16,1.3552192202610691e-6,3,2
52953,12,4.0138316639138475e-6,3,2
52976,18,5.454052937037807e-6,6,3
52976,11,5.3305037242730315e-5,6,3
52976,15,6.954454644311256e-6,6,3
52976,7,4.691103293882112e-4,6,3
52976,9,1.6224279901134848e-4,6,3
52976,5,0.00128715118620243,6,3
52976,3,0.0015853735652594,6,3
52976,13,5.142905265756415e-6,6,3
52976,4,8.710518016896546e-4,6,3
52976,6,7.194546489846883e-4,6,3
52976,17,4.074000138516005e-6,6,3
52976,8,2.7930272154465e-4,6,3
52976,2,0.00104288809610381,6,3
52976,10,7.013218986831905e-5,6,3
52976,16,8.131315321566416e-6,6,3
52976,12,2.5420933871454363e-5,6,3
53005,18,3.0300294094654485e-6,4,1
53005,11,1.415915051760024e-5,4,1
53005,15,3.477227322155628e-6,4,1
53005,7,8.42483856860461e-6,4,1
53005,9,1.0650511970110405e-5,4,1
53005,5,3.97514263805571e-7,4,1
53005,3,2.277663345174186e-5,4,1
53005,13,5.7857684239759675e-6,4,1
53005,4,1.3942140118508193e-5,4,1
53005,6,1.5369834820629148e-5,4,1
53005,17,4.074000138516005e-6,4,1
53005,8,1.1440365712987262e-5,4,1
53005,2,4.3859779742683874e-5,4,1
53005,10,1.9239804300158325e-5,4,1
53005,16,1.3552192202610691e-6,4,1
53005,12,5.017289579892309e-6,4,1
53023,18,0,3,2
53023,11,8.120689267447196e-5,3,2
53023,15,1.3908909288622512e-5,3,2
53023,7,9.378377115687584e-4,3,2
53023,9,3.08154813001861e-4,3,2
53023,5,0.00270786716504354,3,2
53023,3,5.8140353811025266e-5,3,2
53023,13,2.6035957907891853e-5,3,2
53023,4,5.795946820694119e-4,3,2
53023,6,0.00142744291326192,3,2
53023,17,7.74060026318041e-6,3,2
53023,8,5.866146143176571e-4,3,2
53023,2,6.362375456500439e-5,3,2
53023,10,1.5640098979483543e-4,3,2
53023,16,3.0492432455874064e-6,3,2
53023,12,4.2814204415081034e-5,3,2
53207,18,0,6,3
53207,11,2.9151192242118143e-6,6,3
53207,15,2.212781023189945e-6,6,3
53207,7,6.127155322621534e-6,6,3
53207,9,8.875426641758669e-6,6,3
53207,5,5.565199693277994e-6,6,3
53207,3,3.3865257632195134e-5,6,3
53207,13,9.642947373293278e-7,6,3
53207,4,4.680575611213464e-5,6,3
53207,6,9.026728386718706e-6,6,3
53207,17,0,6,3
53207,8,6.311925910613661e-6,6,3
53207,2,4.494273726719459e-5,6,3
53207,10,6.2063884839220405e-6,6,3
53207,16,2.7104384405221387e-6,6,3
53207,12,6.689719439856411e-7,6,3
53267,18,0.03889133647931187,1,6
53267,11,0.03027101446981893,1,6
53267,15,0.03169713982247174,1,6
53267,7,0.00492355224893406,1,6
53267,9,0.01232015722995804,1,6
53267,5,7.298361883470284e-4,1,6
53267,3,1.7082475088806393e-5,1,6
53267,13,0.03142604405798369,1,6
53267,4,3.651512888180717e-6,1,6
53267,6,0.00255749172102627,1,6
53267,17,0.03568864861341405,1,6
53267,8,0.00878659536294363,1,6
53267,2,2.7615416875023185e-5,1,6
53267,10,0.02513090824909712,1,6
53267,16,0.0337998449629212,1,6
53267,12,0.03154972033627881,1,6
53330,18,1.5150147047327242e-6,4,1
53330,11,7.91246646571778e-6,4,1
53330,15,9.483347242242622e-7,4,1
53330,7,2.2976832459830752e-5,4,1
53330,9,9.230443707429015e-6,4,1
53330,5,1.192542791416713e-6,4,1
53330,3,3.836064581345997e-5,4,1
53330,13,9.64294737329328e-6,4,1
53330,4,2.7220368802801707e-5,4,1
53330,6,2.488449447149481e-5,4,1
53330,17,0,4,1
53330,8,2.1697245317734465e-5,4,1
53330,2,4.3859779742683874e-5,4,1
53330,10,1.6446929482393408e-5,4,1
53330,16,1.3552192202610691e-6,4,1
53330,12,6.689719439856412e-6,4,1
53343,18,2.757326762613558e-5,3,2
53343,11,3.323235915601468e-4,3,2
53343,15,5.1842298257593e-5,3,2
53343,7,0.0028142790291216,3,2
53343,9,0.00106647126527372,3,2
53343,5,0.00716360454804019,3,2
53343,3,6.593235999188433e-5,3,2
53343,13,1.4400134744117963e-4,3,2
53343,4,0.00154624973028597,3,2
53343,6,0.00427525373645563,3,2
53343,17,4.685100159293405e-5,3,2
53343,8,0.00175353191704235,3,2
53343,2,1.7598059773299086e-5,3,2
53343,10,5.554717693110226e-4,3,2
53343,16,5.5563988030703846e-5,3,2
53343,12,2.0838476055152724e-4,3,2
53359,18,1.2120117637861791e-6,3,2
53359,11,8.745357672635443e-6,3,2
53359,15,6.322231494828415e-7,3,2
53359,7,8.578017451670147e-5,3,2
53359,9,2.343112633424289e-5,3,2
53359,5,2.5758924294601e-4,3,2
53359,3,3.1467717268853885e-5,3,2
53359,13,6.428631582195519e-7,3,2
53359,4,1.1386081096781688e-4,3,2
53359,6,1.4637937924408712e-4,3,2
53359,17,0,3,2
53359,8,4.221100452722886e-5,3,2
53359,2,5.496009436891869e-5,3,2
53359,10,1.086117984686357e-5,3,2
53359,16,0,3,2
53359,12,7.693177355834873e-6,3,2
53441,18,3.030029409465449e-7,6,3
53441,11,2.6652518621365157e-5,6,3
53441,15,9.483347242242622e-7,6,3
53441,7,1.776875043560245e-4,6,3
53441,9,4.615221853714508e-5,6,3
53441,5,5.382343131927432e-4,6,3
53441,3,3.7581445195374063e-4,6,3
53441,13,8.357221056854175e-6,6,3
53441,4,4.209198492921044e-4,6,3
53441,6,2.6397081390350377e-4,6,3
53441,17,4.074000138516005e-7,6,3
53441,8,1.02568796047472e-4,6,3
53441,2,4.43471106287137e-4,6,3
53441,10,1.861916545176612e-5,6,3
53441,16,2.3716336354568714e-6,6,3
53441,12,8.362149299820515e-6,6,3
53482,18,0,3,2
53482,11,9.994694483011935e-6,3,2
53482,15,1.8966694484485244e-6,3,2
53482,7,1.1718184554513684e-4,3,2
53482,9,3.9051877223738144e-5,3,2
53482,5,4.766196023028796e-4,3,2
53482,3,5.963881653811355e-5,3,2
53482,13,0,3,2
53482,4,2.3104117910670717e-4,3,2
53482,6,2.0322337151720764e-4,3,2
53482,17,2.444400083109603e-6,3,2
53482,8,7.534861555795058e-5,3,2
53482,2,5.1981961176514224e-5,3,2
53482,10,1.3964374088824591e-5,3,2
53482,16,0,3,2
53482,12,6.689719439856411e-7,3,2
53600,18,0.2683524336287208,1,6
53600,11,0.14116090042202598,1,6
53600,15,0.27442214804137266,1,6
53600,7,0.02379059527611642,1,6
53600,9,0.10057881982386892,1,6
53600,5,0.00342259781136596,1,6
53600,3,1.3665980071045114e-4,1,6
53600,13,0.18690346316811965,1,6
53600,4,2.675563079885143e-4,1,6
53600,6,0.00274461336082663,1,6
53600,17,0.26795758151055776,1,6
53600,8,0.06050888324672845,1,6
53600,2,1.2751824851113647e-4,1,6
53600,10,0.12403901832312073,1,6
53600,16,0.2675067218873325,1,6
53600,12,0.16158448680820775,1,6
53607,18,7.211469994527766e-5,1,6
53607,11,4.705835319084786e-5,1,6
53607,15,8.914346407708065e-5,1,6
53607,7,8.041891360940763e-6,1,6
53607,9,2.8756382319298087e-5,1,6
53607,5,1.192542791416713e-6,1,6
53607,3,0,1,6
53607,13,5.175048423667393e-5,1,6
53607,4,0,1,6
53607,6,7.318968962204357e-7,1,6
53607,17,8.148000277032009e-5,1,6
53607,8,2.05137592094944e-5,1,6
53607,2,0,1,6
53607,10,3.785896975192445e-5,1,6
53607,16,7.081020425864088e-5,1,6
53607,12,4.1476260527109754e-5,1,6
53613,18,0,3,2
53613,11,3.748010431129475e-6,3,2
53613,15,1.264446298965683e-6,3,2
53613,7,1.0952290139185992e-4,3,2
53613,9,5.325255985055202e-5,3,2
53613,5,1.8325407561436825e-4,3,2
53613,3,0,3,2
53613,13,4.5000421075368635e-6,3,2
53613,4,3.120383740808976e-5,3,2
53613,6,1.2247074730088622e-4,3,2
53613,17,2.0370000692580023e-6,3,2
53613,8,4.931192117666923e-5,3,2
53613,2,2.707393811276783e-7,3,2
53613,10,1.6136610058197304e-5,3,2
53613,16,0,3,2
53613,12,8.027663327827695e-6,3,2
53632,18,2.121020586625814e-6,3,2
53632,11,1.7490715345270886e-5,3,2
53632,15,1.5805578737071037e-6,3,2
53632,7,2.33597796674946e-4,3,2
53632,9,5.00574062595189e-5,3,2
53632,5,7.723702145742245e-4,3,2
53632,3,5.8739738901860584e-5,3,2
53632,13,8.357221056854175e-6,3,2
53632,4,2.4564723065943e-4,3,2
53632,6,3.664363793743647e-4,3,2
53632,17,1.2222000415548017e-6,3,2
53632,8,1.392568654029139e-4,3,2
53632,2,8.203403248168651e-5,3,2
53632,10,3.878992802451275e-5,3,2
53632,16,2.7104384405221387e-6,3,2
53632,12,1.4382896795691283e-5,3,2
53653,18,5.757055877984352e-6,3,2
53653,11,5.7469493277318624e-5,3,2
53653,15,5.373896770604152e-6,3,2
53653,7,4.729398014648496e-4,3,2
53653,9,1.767984987038327e-4,3,2
53653,5,0.00133763549770574,3,2
53653,3,2.397540363341248e-5,3,2
53653,13,1.5428715797269244e-5,3,2
53653,4,3.0506730402164354e-4,3,2
53653,6,7.631244971258409e-4,3,2
53653,17,4.481400152367605e-6,3,2
53653,8,3.0888987425065604e-4,3,2
53653,2,1.9763974822320512e-5,3,2
53653,10,9.340614668302672e-5,3,2
53653,16,3.0492432455874064e-6,3,2
53653,12,1.8731214431597953e-5,3,2
53682,18,3.030029409465449e-7,3,2
53682,11,7.91246646571778e-6,3,2
53682,15,6.322231494828415e-7,3,2
53682,7,1.5241298865021065e-4,3,2
53682,9,3.301658710734225e-5,3,2
53682,5,4.305079477014334e-4,3,2
53682,3,8.990776362529681e-7,3,2
53682,13,6.750063161305295e-6,3,2
53682,4,1.1718036813889028e-4,3,2
53682,6,2.1883717196991e-4,3,2
53682,17,0,3,2
53682,8,9.23119164427248e-5,3,2
53682,2,5.414787622553565e-7,3,2
53682,10,1.5205651785609e-5,3,2
53682,16,0,3,2
53682,12,6.020747495870771e-6,3,2
53756,18,3.333032350411993e-6,1,6
53756,11,1.957294336256504e-5,1,6
53756,15,3.477227322155628e-6,1,6
53756,7,5.09319786192915e-5,1,6
53756,9,2.627126285960566e-5,1,6
53756,5,9.818602315997604e-5,1,6
53756,3,2.996925454176561e-7,1,6
53756,13,1.028581053151283e-5,1,6
53756,4,0,1,6
53756,6,7.880089915973357e-5,1,6
53756,17,3.666600124664405e-6,1,6
53756,8,3.6688069355441907e-05,1,6
53756,2,0,1,6
53756,10,3.3204178388982916e-5,1,6
53756,16,4.743267270913743e-6,1,6
53756,12,1.2375980963734362e-5,1,6
53765,18,4.242041173251628e-6,3,2
53765,11,4.122811474242423e-5,3,2
53765,15,7.902789368535517e-6,3,2
53765,7,4.285179253758435e-4,3,2
53765,9,1.8957911306796517e-4,3,2
53765,5,9.242206633479524e-4,3,2
53765,3,4.369517312189425e-4,3,2
53765,13,1.6393010534598574e-5,3,2
53765,4,3.5718435160749553e-4,3,2
53765,6,6.533399626927755e-4,3,2
53765,17,6.111000207774007e-6,3,2
53765,8,2.938990502129486e-4,3,2
53765,2,3.6170781318657814e-4,3,2
53765,10,1.0116413228792926e-4,3,2
53765,16,5.0820720759790105e-6,3,2
53765,12,3.4117569143267704e-5,3,2
53801,18,9.090088228396344e-7,6,3
53801,11,7.91246646571778e-6,6,3
53801,15,1.8966694484485244e-6,6,3
53801,7,2.9869882197779975e-5,6,3
53801,9,8.520409576088322e-6,6,3
53801,5,8.467053819058662e-5,6,3
53801,3,7.654147609966935e-4,6,3
53801,13,4.178610528427088e-6,6,3
53801,4,3.485535029627048e-4,6,3
53801,6,4.537760756566701e-5,6,3
53801,17,0,6,3
53801,8,2.2486236056561167e-5,6,3
53801,2,7.036516515508358e-4,6,3
53801,10,1.861916545176612e-5,6,3
53801,16,6.776096101305347e-7,6,3
53801,12,4.3483176359066675e-6,6,3
53862,18,0,6,3
53862,11,1.6657824138353223e-6,6,3
53862,15,0,6,3
53862,7,1.9147360383192297e-5,6,3
53862,9,7.81037544474763e-6,6,3
53862,5,7.791279570589192e-5,6,3
53862,3,4.465418926723075e-5,6,3
53862,13,2.5714526328782076e-6,6,3
53862,4,4.282228750684659e-5,6,3
53862,6,3.5375016650654386e-5,6,3
53862,17,0,6,3
53862,8,1.3018347190640676e-5,6,3
53862,2,3.35716832598321e-5,6,3
53862,10,5.8960690597259384e-6,6,3
53862,16,0,6,3
53862,12,3.6793456919210263e-6,6,3
54037,18,0,6,3
54037,11,0,6,3
54037,15,0,6,3
54037,7,4.442187608900613e-5,6,3
54037,9,7.100341313406936e-6,6,3
54037,5,1.6099327684125623e-4,6,3
54037,3,5.184681035725449e-5,6,3
54037,13,0,6,3
54037,4,7.236634632939965e-5,6,3
54037,6,7.831296789558661e-5,6,3
54037,17,0,6,3
54037,8,2.2486236056561167e-5,6,3
54037,2,3.627907707110888e-5,6,3
54037,10,5.585749635529836e-6,6,3
54037,16,0,6,3
54037,12,1.003457915978462e-6,6,3
54243,18,3.030029409465449e-7,3,2
54243,11,6.246684051882459e-6,3,2
54243,15,9.483347242242622e-7,3,2
54243,7,5.09319786192915e-5,3,2
54243,9,1.9525938611869072e-5,3,2
54243,5,1.0216116579803174e-4,3,2
54243,3,2.3975403633412483e-6,3,2
54243,13,6.107200003085743e-6,3,2
54243,4,1.692974157247423e-5,3,2
54243,6,8.07526242163214e-5,3,2
54243,17,8.148000277032009e-7,3,2
54243,8,3.155962955306831e-5,3,2
54243,2,2.707393811276783e-7,3,2
54243,10,1.365405466462849e-5,3,2
54243,16,3.3880480506526733e-7,3,2
54243,12,2.006915831956924e-6,3,2
54361,18,1.5756152929220333e-5,1,6
54361,11,1.290981370722375e-5,1,6
54361,15,1.1696128265432566e-5,1,6
54361,7,2.029620200618383e-5,1,6
54361,9,2.094600687455046e-5,1,6
54361,5,4.770171165666852e-6,1,6
54361,3,2.996925454176561e-7,1,6
54361,13,1.2857263164391038e-5,1,6
54361,4,3.3195571710733786e-7,1,6
54361,6,1.3906041028188276e-5,1,6
54361,17,1.0999800373993213e-5,1,6
54361,8,1.8146786993014277e-5,1,6
54361,2,2.707393811276783e-7,1,6
54361,10,1.365405466462849e-5,1,6
54361,16,1.151936337221909e-5,1,6
54361,12,1.8731214431597953e-5,1,6
54366,18,0.05683759466569382,1,6
54366,11,0.066685850927466,1,6
54366,15,0.05913752117947551,1,6
54366,7,0.07158585331743336,1,6
54366,9,0.06933944814727244,1,6
54366,5,0.01830831444809318,1,6
54366,3,2.8171099269259667e-5,1,6
54366,13,0.06454892542208787,1,6
54366,4,4.102972663446696e-4,1,6
54366,6,0.06042052843931769,1,6
54366,17,0.05664856452605119,1,6
54366,8,0.07015823998257908,1,6
54366,2,4.006942840689638e-5,1,6
54366,10,0.06685800962362598,1,6
54366,16,0.05759376761784986,1,6
54366,12,0.06783676549389195,1,6
54621,18,5.151049996091262e-6,6,3
54621,11,2.2904508190235684e-5,6,3
54621,15,1.1063905115949725e-5,6,3
54621,7,1.8496350130163755e-4,6,3
54621,9,7.668368618479491e-5,6,3
54621,5,4.4283088987940607e-4,6,3
54621,3,2.187755581548889e-4,6,3
54621,13,7.392926319524847e-6,6,3
54621,4,2.051486331723348e-4,6,3
54621,6,2.4420959770555205e-4,6,3
54621,17,4.481400152367605e-6,6,3
54621,8,1.1519264786869933e-4,6,3
54621,2,1.7652207649524623e-4,6,3
54621,10,3.4135136661571224e-5,6,3
54621,16,4.065657660783208e-6,6,3
54621,12,1.672429859964103e-5,6,3
54720,18,6.666064700823986e-6,3,2
54720,11,9.66153800024487e-5,3,2
54720,15,1.2012239840173988e-5,3,2
54720,7,0.00105157303224492,3,2
54720,9,3.301658710734225e-4,3,2
54720,5,0.00296625143651717,3,2
54720,3,2.5473866360500763e-5,3,2
54720,13,2.2821642116794093e-5,3,2
54720,4,8.929608790187389e-4,3,2
54720,6,0.00168287493004285,3,2
54720,17,2.851800096961203e-6,3,2
54720,8,6.449999289908335e-4,3,2
54720,2,4.60256947917053e-6,3,2
54720,10,1.7377887754981713e-4,3,2
54720,16,8.131315321566416e-6,3,2
54720,12,4.582457816301642e-5,3,2
54862,18,0.00162136873700496,1,6
54862,11,0.00267066565498148,1,6
54862,15,0.00220835546114356,1,6
54862,7,0.00281159839866795,1,6
54862,9,0.00262180102997551,1,6
54862,5,0.00394095641136843,1,6
54862,3,3.2666487450524506e-5,1,6
54862,13,0.00252613078022372,1,6
54862,4,4.388454580159007e-4,1,6
54862,6,0.00319594978016256,1,6
54862,17,0.0016564884563206,1,6
54862,8,0.00276422905347937,1,6
54862,2,1.7598059773299086e-5,1,6
54862,10,0.00247852124105426,1,6
54862,16,0.00192644412160111,1,6
54862,12,0.00246984441719498,1,6
54891,18,0,3,2
54891,11,1.249336810376492e-6,3,2
54891,15,0,3,2
54891,7,2.604041012114152e-5,3,2
54891,9,1.207058023279179e-5,3,2
54891,5,1.0375122285325404e-4,3,2
54891,3,2.0678785633818263e-5,3,2
54891,13,0,3,2
54891,4,3.9834686052880546e-5,3,2
54891,6,4.001036366005048e-5,3,2
54891,17,0,3,2
54891,8,5.917430541200307e-6,3,2
54891,2,5.3606397463280294e-5,3,2
54891,10,1.55159712098051e-6,3,2
54891,16,6.776096101305347e-7,3,2
54891,12,3.344859719928206e-7,3,2
54895,18,9.090088228396344e-7,3,2
54895,11,2.9151192242118143e-6,3,2
54895,15,1.5805578737071037e-6,3,2
54895,7,1.3403152268234606e-4,3,2
54895,9,3.443665537002364e-5,3,2
54895,5,4.11427263038766e-4,3,2
54895,3,2.037909308840061e-5,3,2
54895,13,2.250021053768432e-6,3,2
54895,4,8.730435359922987e-5,3,2
54895,6,2.1346992806429372e-4,3,2
54895,17,4.074000138516005e-7,3,2
54895,8,1.041467775251254e-4,3,2
54895,2,2.707393811276783e-7,3,2
54895,10,1.7688207179177816e-5,3,2
54895,16,0,3,2
54895,12,8.362149299820515e-6,3,2
55060,18,3.030029409465449e-7,6,3
55060,11,4.164456034588306e-7,6,3
55060,15,0,6,3
55060,7,1.1488416229915375e-6,6,3
55060,9,0,6,3
55060,5,1.6298084816028413e-5,6,3
55060,3,2.4095280651579545e-4,6,3
55060,13,0,6,3
55060,4,1.2049992530996365e-4,6,3
55060,6,2.439656320734786e-7,6,3
55060,17,0,6,3
55060,8,3.944953694133538e-7,6,3
55060,2,2.079278447060569e-4,6,3
55060,10,3.10319424196102e-7,6,3
55060,16,0,6,3
55060,12,0,6,3
55150,18,3.333032350411993e-6,3,2
55150,11,6.621485094995407e-5,3,2
55150,15,3.1611157474142073e-6,3,2
55150,7,5.824627028567095e-4,3,2
55150,9,2.2117563191262604e-4,3,2
55150,5,0.00168228036442517,3,2
55150,3,2.187755581548889e-5,3,2
55150,13,2.057162106302566e-5,3,2
55150,4,3.618317316469983e-4,3,2
55150,6,9.236538830301896e-4,3,2
55150,17,2.444400083109603e-6,3,2
55150,8,3.688531704014858e-4,3,2
55150,2,1.353696905638391e-6,3,2
55150,10,1.079911596202435e-4,3,2
55150,16,1.6940240253263368e-6,3,2
55150,12,2.5420933871454363e-5,3,2
55196,18,0,3,2
55196,11,3.3315648276706447e-6,3,2
55196,15,1.8966694484485244e-6,3,2
55196,7,5.935681718789611e-5,3,2
55196,9,2.307610926857254e-5,3,2
55196,5,1.864341897248128e-4,3,2
55196,3,0,3,2
55196,13,0,3,2
55196,4,3.4191438862055805e-5,3,2
55196,6,9.514659650865664e-5,3,2
55196,17,2.0370000692580023e-6,3,2
55196,8,3.234862029189501e-5,3,2
55196,2,2.328358677698033e-5,3,2
55196,10,3.4135136661571223e-6,3,2
55196,16,0,3,2
55196,12,3.0103737479353854e-6,3,2
55374,18,0,6,3
55374,11,1.0411140086470763e-5,6,3
55374,15,0,6,3
55374,7,1.5317888306553836e-5,6,3
55374,9,2.0235972743209765e-5,6,3
55374,5,7.95028527611142e-6,6,3
55374,3,1.2796871689333913e-4,6,3
55374,13,6.428631582195519e-6,6,3
55374,4,5.2449003302959386e-5,6,3
55374,6,3.7570707339315695e-5,6,3
55374,17,4.074000138516005e-7,6,3
55374,8,3.234862029189501e-5,6,3
55374,2,1.5919475610307482e-4,6,3
55374,10,7.75798560490255e-6,6,3
55374,16,0,6,3
55374,12,8.027663327827695e-6,6,3
55393,18,0.00471805879347865,1,6
55393,11,0.00437351172752463,1,6
55393,15,0.00409396100447614,1,6
55393,7,7.37939269168231e-4,1,6
55393,9,0.00177828048194276,1,6
55393,5,1.804714757677292e-4,1,6
55393,3,1.49846272708828e-6,1,6
55393,13,0.00473725861291987,1,6
55393,4,4.215837607263191e-5,1,6
55393,6,4.1669329958150136e-4,1,6
55393,17,0.00426914474515092,1,6
55393,8,0.0013235319643818,1,6
55393,2,4.765013107847137e-5,1,6
55393,10,0.00365152866451553,1,6
55393,16,0.00420219599722451,1,6
55393,12,0.0046446722070923,1,6
55402,18,1.818017645679269e-6,3,2
55402,11,3.2899202673247615e-5,3,2
55402,15,1.0431681966466883e-5,3,2
55402,7,1.0148101003091916e-4,3,2
55402,9,7.916880564448733e-5,3,2
55402,5,1.6218581963267298e-4,3,2
55402,3,1.4684934725465146e-5,3,2
55402,13,3.053600001542872e-5,3,2
55402,4,3.950273033577321e-5,3,2
55402,6,1.3564489143285408e-4,3,2
55402,17,4.074000138516005e-6,3,2
55402,8,9.74403562450984e-5,3,2
55402,2,4.900382798410977e-5,3,2
55402,10,4.9961427295572424e-5,3,2
55402,16,4.404462465848476e-6,3,2
55402,12,1.739327054362667e-5,3,2
55416,18,1.2120117637861791e-6,6,3
55416,11,8.745357672635443e-6,6,3
55416,15,0,6,3
55416,7,4.710250654265304e-5,6,3
55416,9,2.414116046558358e-5,6,3
55416,5,1.9637204631995207e-4,6,3
55416,3,0.00147119070545527,6,3
55416,13,3.5357473702075353e-6,6,3
55416,4,7.664857508008432e-4,6,3
55416,6,6.757848008435356e-5,6,3
55416,17,1.2222000415548017e-6,6,3
55416,8,2.2091740687147815e-5,6,3
55416,2,0.00121128799116523,6,3
55416,10,1.6136610058197304e-5,6,3
55416,16,1.3552192202610691e-6,6,3
55416,12,2.341401803949744e-6,6,3
55470,18,0,6,3
55470,11,5.413792844964798e-6,6,3
55470,15,1.5805578737071037e-6,6,3
55470,7,7.85041775710884e-5,6,3
55470,9,1.3490648495473177e-5,6,3
55470,5,2.46458843559454e-4,6,3
55470,3,7.342467362732572e-4,6,3
55470,13,0,6,3
55470,4,2.894653853175986e-4,6,3
55470,6,1.1417591581038796e-4,6,3
55470,17,0,6,3
55470,8,4.457797674370898e-5,6,3
55470,2,5.709893547982735e-4,6,3
55470,10,1.3964374088824591e-5,6,3
55470,16,0,6,3
55470,12,3.6793456919210263e-6,6,3
55521,18,0.00521528661957193,1,6
55521,11,0.00369720406750749,1,6
55521,15,0.00325405255038818,1,6
55521,7,9.585168607826062e-4,1,6
55521,9,0.00134586969595628,1,6
55521,5,1.1885676487786572e-4,1,6
55521,3,1.2497179143916256e-4,1,6
55521,13,0.00374628505452443,1,6
55521,4,1.1950405815864164e-4,1,6
55521,6,0.00113004880776435,1,6
55521,17,0.00475272856159277,1,6
55521,8,0.00134207324674422,1,6
55521,2,2.6315867845610325e-4,1,6
55521,10,0.00438729601928449,1,6
55521,16,0.00423336603929051,1,6
55521,12,0.00378002596949086,1,6
55940,18,2.121020586625814e-6,3,2
55940,11,2.04058345694827e-5,3,2
55940,15,3.477227322155628e-6,3,2
55940,7,2.95635244316489e-4,3,2
55940,9,7.987883977582803e-5,3,2
55940,5,7.49711901537307e-4,3,2
55940,3,1.7382167634224048e-5,3,2
55940,13,9.64294737329328e-6,3,2
55940,4,1.7892413152085512e-4,3,2
55940,6,4.4548124416617183e-4,3,2
55940,17,0,3,2
55940,8,1.6726603663126202e-4,3,2
55940,2,2.0576192965703547e-5,3,2
55940,10,4.8720149598788016e-5,3,2
55940,16,6.776096101305347e-7,3,2
55940,12,1.2041494991741542e-5,3,2
56476,18,3.030029409465449e-7,6,3
56476,11,3.3315648276706447e-6,6,3
56476,15,2.528892597931366e-6,6,3
56476,7,1.1488416229915376e-5,6,3
56476,9,3.195153591033121e-6,6,3
56476,5,1.590057055222284e-5,6,3
56476,3,3.2067102359689196e-5,6,3
56476,13,4.821473686646639e-6,6,3
56476,4,3.751099603312918e-5,6,3
56476,6,2.146897562246611e-5,6,3
56476,17,0,6,3
56476,8,3.9449536941335384e-6,6,3
56476,2,1.2102050336407218e-4,6,3
56476,10,2.792874817764918e-6,6,3
56476,16,6.776096101305347e-7,6,3
56476,12,1.3379438879712823e-6,6,3
56521,18,0,3,2
56521,11,4.164456034588306e-7,3,2
56521,15,1.5805578737071037e-6,3,2
56521,7,6.739870854883688e-5,3,2
56521,9,1.562075088949526e-5,3,2
56521,5,2.2857070168820333e-4,3,2
56521,3,1.198770181670624e-6,3,2
56521,13,2.250021053768432e-6,3,2
56521,4,2.429915849225713e-4,3,2
56521,6,9.343883708414229e-5,3,2
56521,17,0,3,2
56521,8,3.511008787778849e-5,3,2
56521,2,2.8427635018406217e-5,3,2
56521,10,3.723833090353224e-6,3,2
56521,16,3.3880480506526733e-7,3,2
56521,12,1.672429859964103e-6,3,2
56704,18,0,6,3
56704,11,4.164456034588306e-7,6,3
56704,15,0,6,3
56704,7,8.807785776268455e-6,6,3
56704,9,7.100341313406936e-6,6,3
56704,5,1.3117970705583842e-5,6,3
56704,3,7.97182170810965e-5,6,3
56704,13,0,6,3
56704,4,2.4564723065943004e-5,6,3
56704,6,1.3174144131967842e-5,6,3
56704,17,0,6,3
56704,8,1.9724768470667692e-6,6,3
56704,2,7.60777660968776e-5,6,3
56704,10,1.861916545176612e-6,6,3
56704,16,0,6,3
56704,12,2.006915831956924e-6,6,3
56779,18,3.848137350021119e-4,1,6
56779,11,4.664190758738902e-4,1,6
56779,15,3.654249804010824e-4,1,6
56779,7,7.161112783313918e-5,1,6
56779,9,2.1052511994251564e-4,1,6
56779,5,1.152791365036156e-5,1,6
56779,3,1.198770181670624e-6,1,6
56779,13,4.1818248442181854e-4,1,6
56779,4,6.639114342146757e-7,1,6
56779,6,5.196467963165093e-5,1,6
56779,17,3.71141412618808e-4,1,6
56779,8,1.392568654029139e-4,1,6
56779,2,5.414787622553565e-7,1,6
56779,10,3.49729991069007e-4,1,6
56779,16,3.56083850123596e-4,1,6
56779,12,4.281420441508103e-4,1,6
56828,18,0,3,2
56828,11,5.413792844964798e-6,3,2
56828,15,0,3,2
56828,7,7.620649432510533e-5,3,2
56828,9,1.7750853283517338e-5,3,2
56828,5,2.532165860441487e-4,3,2
56828,3,2.187755581548889e-5,3,2
56828,13,6.428631582195519e-7,3,2
56828,4,1.068897409085628e-4,3,2
56828,6,1.307655787913845e-4,3,2
56828,17,0,3,2
56828,8,4.655045359077575e-5,3,2
56828,2,8.122181433830348e-6,3,2
56828,10,9.30958272588306e-6,3,2
56828,16,0,3,2
56828,12,3.344859719928206e-7,3,2
56834,18,1.818017645679269e-6,3,2
56834,11,9.578248879553104e-6,3,2
56834,15,0,3,2
56834,7,1.493494109888999e-4,3,2
56834,9,5.9997884098288605e-5,3,2
56834,5,5.31874084971854e-4,3,2
56834,3,1.198770181670624e-6,3,2
56834,13,4.178610528427088e-6,3,2
56834,4,1.6066656707995153e-4,3,2
56834,6,2.55919948045079e-4,3,2
56834,17,8.148000277032009e-7,3,2
56834,8,8.955044885683132e-5,3,2
56834,2,1.082957524510713e-6,3,2
56834,10,2.6997789905060875e-5,3,2
56834,16,0,3,2
56834,12,2.341401803949744e-6,3,2
56860,18,1.2120117637861791e-6,3,2
56860,11,1.5408487327976732e-5,3,2
56860,15,6.006119920086994e-6,3,2
56860,7,1.2828731456738837e-4,3,2
56860,9,3.1596518844660866e-5,3,2
56860,5,3.3709209570712424e-4,3,2
56860,3,2.99692545417656e-6,3,2
56860,13,9.642947373293278e-7,3,2
56860,4,6.473136483593089e-5,3,2
56860,6,1.910250899135337e-4,3,2
56860,17,0,3,2
56860,8,8.955044885683132e-5,3,2
56860,2,1.8951756678937477e-5,3,2
56860,10,2.2342998542119345e-5,3,2
56860,16,2.7104384405221387e-6,3,2
56860,12,1.4048410823698463e-5,3,2
57066,18,6.666064700823986e-6,3,2
57066,11,5.288859163927149e-5,3,2
57066,15,6.322231494828415e-6,3,2
57066,7,8.317613350458733e-4,3,2
57066,9,2.8649877199596986e-4,3,2
57066,5,0.00268719642332566,3,2
57066,3,3.836064581345997e-5,3,2
57066,13,1.350012632261059e-5,3,2
57066,4,5.756112134641238e-4,3,2
57066,6,0.00142451532567704,3,2
57066,17,1.2222000415548014e-5,3,2
57066,8,5.120549894985333e-4,3,2
57066,2,1.3807708437511593e-5,3,2
57066,10,1.2040393658808758e-4,3,2
57066,16,4.404462465848476e-6,3,2
57066,12,2.9769251507361032e-5,3,2
57141,18,0,6,3
57141,11,0,6,3
57141,15,0,6,3
57141,7,4.978313699629996e-6,6,3
57141,9,7.100341313406936e-6,6,3
57141,5,6.360228220889136e-6,6,3
57141,3,9.47028443519793e-5,6,3
57141,13,1.2857263164391038e-6,6,3
57141,4,5.4440737605603414e-5,6,3
57141,6,1.195431597160045e-5,6,3
57141,17,0,6,3
57141,8,1.0651374974160553e-5,6,3
57141,2,8.5824383817474e-5,6,3
57141,10,5.585749635529836e-6,6,3
57141,16,0,6,3
57141,12,1.003457915978462e-6,6,3
57164,18,0,3,2
57164,11,5.8302384484236285e-6,3,2
57164,15,1.264446298965683e-6,3,2
57164,7,1.2752142015206067e-4,3,2
57164,9,5.3607576916222365e-5,3,2
57164,5,4.2017257684248856e-4,3,2
57164,3,2.6972329087589043e-5,3,2
57164,13,0,3,2
57164,4,1.3278228684293516e-4,3,2
57164,6,2.193251032340572e-4,3,2
57164,17,0,3,2
57164,8,8.599999053211113e-5,3,2
57164,2,5.523083375004637e-5,3,2
57164,10,1.861916545176612e-5,3,2
57164,16,0,3,2
57164,12,7.358691383842053e-6,3,2
57167,18,0,3,2
57167,11,1.957294336256504e-5,3,2
57167,15,2.212781023189945e-6,3,2
57167,7,1.351803643053376e-4,3,2
57167,9,4.331208201178231e-5,3,2
57167,5,3.438498381918189e-4,3,2
57167,3,3.3565565086777475e-5,3,2
57167,13,4.178610528427088e-6,3,2
57167,4,1.278029510863251e-4,3,2
57167,6,2.2274062208308592e-4,3,2
57167,17,2.851800096961203e-6,3,2
57167,8,7.889907388267077e-5,3,2
57167,2,3.546685892772585e-5,3,2
57167,10,2.0791401421138833e-5,3,2
57167,16,2.7104384405221387e-6,3,2
57167,12,6.020747495870771e-6,3,2
57171,18,0,3,2
57171,11,4.164456034588306e-6,3,2
57171,15,0,3,2
57171,7,6.050565881088765e-5,3,2
57171,9,1.526573382382491e-5,3,2
57171,5,2.1505521671881392e-4,3,2
57171,3,0,3,2
57171,13,0,3,2
57171,4,4.64738003950273e-5,3,2
57171,6,8.392417743327661e-5,3,2
57171,17,2.0370000692580023e-6,3,2
57171,8,5.167889339314935e-5,3,2
57171,2,9.20513895834106e-6,3,2
57171,10,9.619902150079162e-6,3,2
57171,16,0,3,2
57171,12,3.344859719928206e-6,3,2
57530,18,3.030029409465449e-7,3,2
57530,11,6.080105810498927e-5,3,2
57530,15,9.483347242242622e-6,3,2
57530,7,6.16162057131128e-4,3,2
57530,9,2.5561228728264966e-4,3,2
57530,5,0.00101087877285756,3,2
57530,3,7.432375126357869e-5,3,2
57530,13,2.0893052642135437e-5,3,2
57530,4,1.95521917376222e-4,3,2
57530,6,6.792003196925642e-4,3,2
57530,17,2.851800096961203e-6,3,2
57530,8,3.511008787778849e-4,3,2
57530,2,3.4654640784342814e-5,3,2
57530,10,1.3560958837369655e-4,3,2
57530,16,8.470120126631683e-6,3,2
57530,12,4.54900921910236e-5,3,2
57539,18,0,6,3
57539,11,0,6,3
57539,15,0,6,3
57539,7,0,6,3
57539,9,0,6,3
57539,5,7.552771012305849e-6,6,3
57539,3,1.1058654925911508e-4,6,3
57539,13,3.2143157910977594e-7,6,3
57539,4,8.166110640840512e-5,6,3
57539,6,1.70775942451435e-6,6,3
57539,17,4.074000138516005e-7,6,3
57539,8,0,6,3
57539,2,9.800765596821952e-5,6,3
57539,10,3.10319424196102e-7,6,3
57539,16,3.3880480506526733e-7,6,3
57539,12,3.344859719928206e-7,6,3
57577,18,0.01519529448552827,1,6
57577,11,0.01250086412462717,1,6
57577,15,0.01272981311483701,1,6
57577,7,0.00451264989511075,1,6
57577,9,0.00798504384105744,1,6
57577,5,1.8444661840578497e-4,1,6
57577,3,9.290468907947336e-6,1,6
57577,13,0.01391895167019062,1,6
57577,4,1.1950405815864165e-5,1,6
57577,6,0.00297369708934363,1,6
57577,17,0.01431114768657902,1,6
57577,8,0.00593163237449918,1,6
57577,2,8.392920814958026e-6,1,6
57577,10,0.01109454005385903,1,6
57577,16,0.01379951971030834,1,6
57577,12,0.01252047890363526,1,6
57693,18,7.272070582717076e-6,3,2
57693,11,6.413262293265991e-5,3,2
57693,15,2.4656702829830815e-5,3,2
57693,7,5.529757678665935e-4,3,2
57693,9,1.902891471993059e-4,3,2
57693,5,0.00136744906749116,3,2
57693,3,1.4085549634629834e-5,3,2
57693,13,2.4428800012342973e-5,3,2
57693,4,3.2133313415990306e-4,3,2
57693,6,7.438512121920361e-4,3,2
57693,17,1.3036800443251217e-5,3,2
57693,8,3.479449158225781e-4,3,2
57693,2,2.4366544301491045e-6,3,2
57693,10,1.1326658983157724e-4,3,2
57693,16,1.4907411422871764e-5,3,2
57693,12,3.612448497522463e-5,3,2
57959,18,4.242041173251628e-6,3,2
57959,11,3.748010431129476e-5,3,2
57959,15,4.42556204637989e-6,3,2
57959,7,5.005120004166466e-4,3,2
57959,9,1.4520197985917182e-4,3,2
57959,5,0.00126131275905507,3,2
57959,3,2.6972329087589044e-6,3,2
57959,13,1.8000168430147454e-5,3,2
57959,4,3.210011784427957e-4,3,2
57959,6,7.401917277109339e-4,3,2
57959,17,0,3,2
57959,8,2.8758712430233493e-4,3,2
57959,2,1.2724750913000878e-5,3,2
57959,10,7.230442583769177e-5,3,2
57959,16,1.016414415195802e-6,3,2
57959,12,1.605532665565539e-5,3,2
58050,18,0,3,2
58050,11,4.997347241505968e-6,3,2
58050,15,0,3,2
58050,7,4.2890087258350737e-5,3,2
58050,9,4.970238919384855e-6,3,2
58050,5,1.8603667546100724e-4,3,2
58050,3,8.691083817112024e-6,3,2
58050,13,0,3,2
58050,4,6.0747896230642834e-5,3,2
58050,6,6.196727054666355e-5,3,2
58050,17,0,3,2
58050,8,2.0908254578907753e-5,3,2
58050,2,8.122181433830347e-7,3,2
58050,10,1.861916545176612e-6,3,2
58050,16,0,3,2
58050,12,0,3,2
58332,18,3.030029409465449e-7,6,3
58332,11,3.748010431129475e-6,6,3
58332,15,0,6,3
58332,7,3.982650959703997e-5,6,3
58332,9,6.745324247736588e-6,6,3
58332,5,1.5105542024611697e-4,6,3
58332,3,1.252714839845802e-4,6,3
58332,13,0,6,3
58332,4,1.1419276668492424e-4,6,3
58332,6,6.611468629191269e-5,6,3
58332,17,0,6,3
58332,8,2.7614675858934766e-5,6,3
58332,2,1.9466161503080067e-4,6,3
58332,10,7.447666180706449e-6,6,3
58332,16,0,6,3
58332,12,3.0103737479353854e-6,6,3
58365,18,0,6,3
58365,11,1.6657824138353223e-6,6,3
58365,15,1.5805578737071037e-6,6,3
58365,7,8.42483856860461e-6,6,3
58365,9,1.775085328351734e-6,6,3
58365,5,5.167685429472423e-6,6,3
58365,3,5.993850908353121e-5,6,3
58365,13,0,6,3
58365,4,5.311291473717406e-6,6,3
58365,6,4.879312641469571e-6,6,3
58365,17,0,6,3
58365,8,1.9724768470667692e-6,6,3
58365,2,8.33877293873249e-5,6,3
58365,10,9.30958272588306e-7,6,3
58365,16,0,6,3
58365,12,1.672429859964103e-6,6,3
58379,18,9.090088228396344e-6,3,2
58379,11,1.390928315552494e-4,3,2
58379,15,2.0863363932933767e-5,3,2
58379,7,0.00163786520717826,3,2
58379,9,5.225851206667505e-4,3,2
58379,5,0.0044601100398985,3,2
58379,3,5.3944658175178086e-5,3,2
58379,13,4.5000421075368634e-5,3,2
58379,4,9.201812478215406e-4,3,2
58379,6,0.00250430721323425,3,2
58379,17,1.1407200387844813e-5,3,2
58379,8,0.00103949529840418,3,2
58379,2,1.3049638170354092e-4,3,2
58379,10,2.5570320553758806e-4,3,2
58379,16,1.6940240253263367e-5,3,2
58379,12,8.295252105421951e-5,3,2
58485,18,1.2120117637861791e-6,4,1
58485,11,1.374270491414141e-5,4,1
58485,15,7.270566219052677e-6,4,1
58485,7,3.408230148208228e-5,4,1
58485,9,3.124150177899052e-5,4,1
58485,5,1.0335370858944848e-5,4,1
58485,3,6.0837586719784174e-5,4,1
58485,13,5.7857684239759675e-6,4,1
58485,4,2.0913210177762287e-5,4,1
58485,6,4.464571066944657e-5,4,1
58485,17,3.666600124664405e-6,4,1
58485,8,2.9587152706001537e-5,4,1
58485,2,3.0052071305172287e-5,4,1
58485,10,2.482555393568816e-5,4,1
58485,16,3.726852855717941e-6,4,1
58485,12,6.355233467863591e-6,4,1
58510,18,0,6,3
58510,11,0,6,3
58510,15,0,6,3
58510,7,3.446524868974613e-6,6,3
58510,9,3.550170656703468e-6,6,3
58510,5,8.745313803722562e-6,6,3
58510,3,1.171797852583035e-4,6,3
58510,13,3.2143157910977594e-7,6,3
58510,4,5.145313615163737e-5,6,3
58510,6,7.806900226351313e-6,6,3
58510,17,0,6,3
58510,8,3.1559629553068304e-6,6,3
58510,2,2.2931625581514348e-4,6,3
58510,10,9.30958272588306e-7,6,3
58510,16,0,6,3
58510,12,6.689719439856411e-7,6,3
58522,18,1.2120117637861791e-6,3,2
58522,11,1.957294336256504e-5,3,2
58522,15,3.1611157474142073e-6,3,2
58522,7,2.753390423103052e-4,3,2
58522,9,8.449406162954253e-5,3,2
58522,5,7.918484135006974e-4,3,2
58522,3,6.293543453770777e-5,3,2
58522,13,8.357221056854175e-6,3,2
58522,4,2.5029461069893275e-4,3,2
58522,6,4.0766657119478266e-4,3,2
58522,17,8.148000277032009e-7,3,2
58522,8,1.4320181909704743e-4,3,2
58522,2,3.519611954659817e-5,3,2
58522,10,3.13422618438063e-5,3,2
58522,16,1.6940240253263368e-6,3,2
58522,12,1.3379438879712823e-5,3,2
58550,18,0,3,2
58550,11,6.496551413957758e-5,3,2
58550,15,4.1094504716384695e-6,3,2
58550,7,7.084523341781149e-4,3,2
58550,9,2.1904552951860397e-4,3,2
58550,5,0.00209370762746394,3,2
58550,3,2.24769409063242e-5,3,2
58550,13,6.107200003085743e-6,3,2
58550,4,4.730368968779565e-4,3,2
58550,6,0.00114224708936802,3,2
58550,17,3.259200110812804e-6,3,2
58550,8,4.520916933477035e-4,3,2
58550,2,3.411316202208746e-5,3,2
58550,10,1.1481818695255776e-4,3,2
58550,16,8.131315321566416e-6,3,2
58550,12,3.4117569143267704e-5,3,2
58598,18,0,6,3
58598,11,1.0411140086470763e-5,6,3
58598,15,1.8966694484485244e-6,6,3
58598,7,2.7572198951796904e-5,6,3
58598,9,9.94047783876971e-6,6,3
58598,5,3.2596169632056825e-5,6,3
58598,3,4.884988490307793e-5,6,3
58598,13,1.028581053151283e-5,6,3
58598,4,1.6265830138259556e-5,6,3
58598,6,4.1962088716638307e-5,6,3
58598,17,2.851800096961203e-6,6,3
58598,8,1.7357796254187568e-5,6,3
58598,2,6.578966961402581e-5,6,3
58598,10,8.068305029098652e-6,6,3
58598,16,3.726852855717941e-6,6,3
58598,12,6.355233467863591e-6,6,3
58622,18,0,3,2
58622,11,4.580901638047136e-6,3,2
58622,15,1.8966694484485244e-6,3,2
58622,7,5.7825028357240726e-5,3,2
58622,9,2.5916245793935316e-5,3,2
58622,5,1.7570130460206238e-4,3,2
58622,3,2.0079400542982952e-5,3,2
58622,13,9.642947373293278e-7,3,2
58622,4,4.780162326345665e-5,3,2
58622,6,9.636642466902405e-5,3,2
58622,17,4.074000138516005e-7,3,2
58622,8,3.708256472485526e-5,3,2
58622,2,8.934399577213383e-6,3,2
58622,10,8.999263301686958e-6,3,2
58622,16,2.032828830391604e-6,3,2
58622,12,2.006915831956924e-6,3,2
58644,18,3.030029409465449e-7,6,3
58644,11,1.0411140086470763e-5,6,3
58644,15,1.8966694484485244e-6,6,3
58644,7,1.2637257852906912e-5,6,3
58644,9,5.3252559850552015e-6,6,3
58644,5,5.565199693277994e-5,6,3
58644,3,9.134628784330156e-4,6,3
58644,13,1.6071578955488798e-6,6,3
58644,4,4.000066391143422e-4,6,3
58644,6,2.659225389600916e-5,6,3
58644,17,4.074000138516005e-7,6,3
58644,8,5.917430541200307e-6,6,3
58644,2,8.01930046900183e-4,6,3
58644,10,4.965110787137632e-6,6,3
58644,16,1.016414415195802e-6,6,3
58644,12,5.017289579892309e-6,6,3
58991,18,3.030029409465449e-7,6,3
58991,11,2.498673620752984e-6,6,3
58991,15,0,6,3
58991,7,1.9147360383192297e-5,6,3
58991,9,4.970238919384855e-6,6,3
58991,5,5.883211104322451e-5,6,3
58991,3,2.889036137826204e-4,6,3
58991,13,0,6,3
58991,4,1.6431807996813226e-4,6,3
58991,6,3.366725722614004e-5,6,3
58991,17,4.074000138516005e-7,6,3
58991,8,7.495412018853722e-6,6,3
58991,2,2.6315867845610325e-4,6,3
58991,10,1.861916545176612e-6,6,3
58991,16,1.016414415195802e-6,6,3
58991,12,0,6,3
59027,18,6.060058818930897e-7,3,2
59027,11,3.248275706978879e-5,3,2
59027,15,6.954454644311256e-6,3,2
59027,7,5.311477770297543e-4,3,2
59027,9,1.4591201399051252e-4,3,2
59027,5,0.00141833089325827,3,2
59027,3,3.5064027813865755e-5,3,2
59027,13,1.2857263164391038e-5,3,2
59027,4,3.4125047718634336e-4,3,2
59027,6,7.650762221824288e-4,3,2
59027,17,2.851800096961203e-6,3,2
59027,8,3.1480730479185637e-4,3,2
59027,2,8.284625062506955e-5,3,2
59027,10,9.092359128945788e-5,3,2
59027,16,9.14772973676222e-6,3,2
59027,12,2.742784970341129e-5,3,2
59192,18,3.939038232305083e-6,3,2
59192,11,4.955702681160084e-5,3,2
59192,15,3.1611157474142073e-7,3,2
59192,7,5.177446247615196e-4,3,2
59192,9,1.5159228704123806e-4,3,2
59192,5,0.00124700224555807,3,2
59192,3,1.888063036131233e-5,3,2
59192,13,1.0928673689732382e-5,3,2
59192,4,2.6257697223190424e-4,3,2
59192,6,7.916684760784379e-4,3,2
59192,17,4.074000138516005e-7,3,2
59192,8,3.290091380907371e-4,3,2
59192,2,2.5720241207129436e-5,3,2
59192,10,9.1233910713654e-5,3,2
59192,16,1.016414415195802e-6,3,2
59192,12,4.21452324710954e-5,3,2
59290,18,0,4,1
59290,11,1.1660476896847255e-5,4,1
59290,15,1.8966694484485244e-6,4,1
59290,7,2.2593885252166905e-5,4,1
59290,9,2.0590989808880113e-5,4,1
59290,5,1.7490627607445123e-5,4,1
59290,3,1.048923908961796e-5,4,1
59290,13,5.142905265756415e-6,4,1
59290,4,0,4,1
59290,6,4.293795124493222e-5,4,1
59290,17,0,4,1
59290,8,3.0770638814241595e-5,4,1
59290,2,0,4,1
59290,10,1.9239804300158325e-5,4,1
59290,16,2.3716336354568714e-6,4,1
59290,12,3.6793456919210263e-6,4,1
59321,18,0,3,2
59321,11,1.7907160948729716e-5,3,2
59321,15,9.483347242242622e-7,3,2
59321,7,2.0602559772314909e-4,3,2
59321,9,5.893283290127757e-5,3,2
59321,5,4.0029686365221e-4,3,2
59321,3,1.3486164543794522e-5,3,2
59321,13,9.000084215073727e-6,3,2
59321,4,1.0522996232302612e-4,3,2
59321,6,2.6348288263935684e-4,3,2
59321,17,0,3,2
59321,8,9.546787939803162e-5,3,2
59321,2,5.414787622553565e-7,3,2
59321,10,3.0411303571218e-5,3,2
59321,16,3.0492432455874064e-6,3,2
59321,12,5.68626152387795e-6,3,2
59323,18,2.0907202925311593e-5,2,4
59323,11,2.04058345694827e-5,2,4
59323,15,2.4024479680347976e-5,2,4
59323,7,5.361260907293842e-6,2,4
59323,9,5.680273050725548e-6,2,4
59323,5,4.770171165666852e-6,2,4
59323,3,7.792006180859057e-6,2,4
59323,13,2.635738948700163e-5,2,4
59323,4,0,2,4
59323,6,5.367243905616528e-6,2,4
59323,17,2.0370000692580023e-5,2,4
59323,8,6.311925910613661e-6,2,4
59323,2,0,2,4
59323,10,1.7377887754981712e-5,2,4
59323,16,2.5410360379895053e-5,2,4
59323,12,1.672429859964103e-5,2,4
59411,18,1.0605102933129067e-5,3,2
59411,11,1.5158619965901433e-4,3,2
59411,15,3.161115747414207e-5,3,2
59411,7,9.673246465588748e-4,3,2
59411,9,3.7241290188819376e-4,3,2
59411,5,0.00240337123896848,3,2
59411,3,1.1358347471329164e-4,3,2
59411,13,1.0478669478978697e-4,3,2
59411,4,5.36440438845458e-4,3,2
59411,6,0.0014267110163657,3,2
59411,17,1.9147800651025224e-5,3,2
59411,8,6.627522206144344e-4,3,2
59411,2,4.196460407479013e-5,3,2
59411,10,2.4266978972135175e-4,3,2
59411,16,3.4896894921722535e-5,3,2
59411,12,1.0302167937378874e-4,3,2
59832,18,1.2120117637861791e-6,6,3
59832,11,1.249336810376492e-6,6,3
59832,15,9.483347242242622e-7,6,3
59832,7,7.275996945613072e-6,6,3
59832,9,4.970238919384855e-6,6,3
59832,5,2.5043398619750974e-5,6,3
59832,3,5.604250599310168e-5,6,3
59832,13,7.392926319524847e-6,6,3
59832,4,1.6597785855366895e-5,6,3
59832,6,1.6345697348923063e-5,6,3
59832,17,0,6,3
59832,8,5.1284398023736e-6,6,3
59832,2,6.551893023289814e-5,6,3
59832,10,3.4135136661571223e-6,6,3
59832,16,0,6,3
59832,12,4.3483176359066675e-6,6,3
59840,18,0,3,2
59840,11,4.164456034588306e-6,3,2
59840,15,9.483347242242622e-7,3,2
59840,7,5.667618673424919e-5,3,2
59840,9,1.100552903578075e-5,3,2
59840,5,1.9915464616659107e-4,3,2
59840,3,1.3965672616462772e-4,3,2
59840,13,0,3,2
59840,4,1.1352885525070956e-4,3,2
59840,6,8.807159317852575e-5,3,2
59840,17,0,3,2
59840,8,3.1165134183654955e-5,3,2
59840,2,3.6549816452236566e-5,3,2
59840,10,6.2063884839220405e-6,3,2
59840,16,0,3,2
59840,12,2.341401803949744e-6,3,2
59914,18,0,6,3
59914,11,4.164456034588306e-7,6,3
59914,15,0,6,3
59914,7,1.6466729929545373e-5,6,3
59914,9,1.3845665561143525e-5,6,3
59914,5,4.25340262271961e-5,6,3
59914,3,1.6572997761596378e-4,6,3
59914,13,2.250021053768432e-6,6,3
59914,4,7.2698302046507e-5,6,3
59914,6,2.366466631112742e-5,6,3
59914,17,8.148000277032009e-7,6,3
59914,8,1.6174310145947506e-5,6,3
59914,2,8.47414262929633e-5,6,3
59914,10,5.8960690597259384e-6,6,3
59914,16,0,6,3
59914,12,6.689719439856411e-7,6,3
59923,18,3.0300294094654485e-6,3,2
59923,11,1.7490715345270886e-5,3,2
59923,15,1.264446298965683e-6,3,2
59923,7,2.33597796674946e-5,3,2
59923,9,1.526573382382491e-5,3,2
59923,5,2.1863284509306404e-5,3,2
59923,3,1.3785857089212177e-5,3,2
59923,13,6.750063161305295e-6,3,2
59923,4,1.560191870404488e-5,3,2
59923,6,1.5613800452702626e-5,3,2
59923,17,1.2222000415548017e-6,3,2
59923,8,1.5779814776534154e-5,3,2
59923,2,1.1641793388490164e-5,3,2
59923,10,2.296363739051155e-5,3,2
59923,16,2.7104384405221387e-6,3,2
59923,12,1.8062242487612313e-5,3,2
60003,18,0,6,3
60003,11,1.582493293143556e-5,6,3
60003,15,1.5805578737071037e-6,6,3
60003,7,1.7998518760200757e-5,6,3
60003,9,6.745324247736588e-6,6,3
60003,5,3.4981255214890246e-5,6,3
60003,3,1.0878839398660914e-4,6,3
60003,13,2.250021053768432e-6,6,3
60003,4,4.315424322395392e-5,6,3
60003,6,3.2935360329919604e-5,6,3
60003,17,3.259200110812804e-6,6,3
60003,8,1.4201833298880738e-5,6,3
60003,2,1.072127949265606e-4,6,3
60003,10,1.210245754364798e-5,6,3
60003,16,1.3552192202610691e-6,6,3
60003,12,7.693177355834873e-6,6,3
60137,18,1.818017645679269e-6,4,1
60137,11,1.0827585689929596e-5,4,1
60137,15,2.212781023189945e-6,4,1
60137,7,2.1062096421511525e-5,4,1
60137,9,9.230443707429015e-6,4,1
60137,5,7.95028527611142e-7,4,1
60137,3,5.754096872018995e-5,4,1
60137,13,0,4,1
60137,4,2.0913210177762287e-5,4,1
60137,6,2.2444838150760023e-5,4,1
60137,17,0,4,1
60137,8,1.5385319407120798e-5,4,1
60137,2,1.1641793388490164e-5,4,1
60137,10,1.5826290634001204e-5,4,1
60137,16,1.3552192202610691e-6,4,1
60137,12,5.017289579892309e-6,4,1
60198,18,8.7870852874498e-6,3,2
60198,11,4.247745155280072e-5,3,2
60198,15,3.7933388968970488e-6,3,2
60198,7,5.855262805180203e-4,3,2
60198,9,2.0164969330075695e-4,3,2
60198,5,0.001512939288044,3,2
60198,3,7.402405871816104e-5,3,2
60198,13,9.000084215073727e-6,3,2
60198,4,3.522050158508855e-4,3,2
60198,6,8.363141867478844e-4,3,2
60198,17,3.666600124664405e-6,3,2
60198,8,3.3808253158724424e-4,3,2
60198,2,8.907325639100614e-5,3,2
60198,10,1.0333636825730196e-4,3,2
60198,16,4.743267270913743e-6,3,2
60198,12,3.4117569143267704e-5,3,2
60319,18,6.060058818930897e-7,3,2
60319,11,3.748010431129475e-6,3,2
60319,15,0,3,2
60319,7,2.1062096421511525e-5,3,2
60319,9,3.905187722373815e-6,3,2
60319,5,8.546556671819777e-5,3,2
60319,3,2.996925454176561e-7,3,2
60319,13,2.250021053768432e-6,3,2
60319,4,2.157712161197696e-5,3,2
60319,6,6.24552018108105e-5,3,2
60319,17,0,3,2
60319,8,1.933027310125434e-5,3,2
60319,2,0,3,2
60319,10,3.1031942419610203e-6,3,2
60319,16,0,3,2
60319,12,0,3,2
60373,18,1.2120117637861791e-6,3,2
60373,11,4.206100594934189e-5,3,2
60373,15,5.373896770604152e-6,3,2
60373,7,3.2550512651426897e-4,3,2
60373,9,1.0366498317574126e-4,3,2
60373,5,7.274511027641949e-4,3,2
60373,3,2.1278170724653576e-5,3,2
60373,13,1.73573052719279e-5,3,2
60373,4,1.7991999867217714e-4,3,2
60373,6,4.684140135810788e-4,3,2
60373,17,2.444400083109603e-6,3,2
60373,8,2.2012841613265144e-4,3,2
60373,2,1.0017357101724096e-5,3,2
60373,10,6.20638848392204e-5,3,2
60373,16,3.726852855717941e-6,3,2
60373,12,1.3044952907720003e-5,3,2
60447,18,3.0300294094654485e-6,3,2
60447,11,4.664190758738903e-5,3,2
60447,15,4.741673621121311e-6,3,2
60447,7,7.191748559927026e-4,3,2
60447,9,2.399915363931544e-4,3,2
60447,5,0.00220461410706569,3,2
60447,3,1.2287394362123895e-5,3,2
60447,13,8.357221056854175e-6,3,2
60447,4,5.397599960165314e-4,3,2
60447,6,0.00114907812706608,3,2
60447,17,1.629600055406402e-6,3,2
60447,8,4.0435775364868766e-4,3,2
60447,2,4.034016778802406e-5,3,2
60447,10,9.061327186526178e-5,3,2
60447,16,4.743267270913743e-6,3,2
60447,12,2.207607415152616e-5,3,2
60456,18,0.00218253018363796,1,6
60456,11,0.00150753308452096,1,6
60456,15,0.00153598614166856,1,6
60456,7,4.564730715353043e-4,1,6
60456,9,6.649469640005595e-4,1,6
60456,5,6.280725368128022e-5,1,6
60456,3,1.9180322906729983e-5,1,6
60456,13,0.00160651503239066,1,6
60456,4,8.630848644790785e-6,1,6
60456,6,5.911287265140385e-4,1,6
60456,17,0.00180478206136259,1,6
60456,8,6.359265354943264e-4,1,6
60456,2,2.030545358457587e-5,1,6
60456,10,0.00163072857415051,1,6
60456,16,0.00167843900429333,1,6
60456,12,0.00157275304031024,1,6
60474,18,2.4846241157616675e-5,3,2
60474,11,2.0489123690174463e-4,3,2
60474,15,3.6985054244746226e-5,3,2
60474,7,0.00107914523119671,3,2
60474,9,4.302806835924603e-4,3,2
60474,5,0.00205475122961099,3,2
60474,3,1.843109154318585e-4,3,2
60474,13,8.389364214765152e-5,3,2
60474,4,3.608358644956762e-4,3,2
60474,6,0.00148453087116711,3,2
60474,17,1.9147800651025224e-5,3,2
60474,8,6.50128368793207e-4,3,2
60474,2,1.1181536440573112e-4,3,2
60474,10,2.774255652313152e-4,3,2
60474,16,2.7781994015351923e-5,3,2
60474,12,1.2810812727325028e-4,3,2
60561,18,6.060058818930897e-7,3,2
60561,11,9.994694483011935e-6,3,2
60561,15,0,3,2
60561,7,1.1947952879111993e-4,3,2
60561,9,3.763180896105676e-5,3,2
60561,5,3.116511828235677e-4,3,2
60561,3,8.990776362529681e-7,3,2
60561,13,2.250021053768432e-6,3,2
60561,4,8.332088499394181e-5,3,2
60561,6,1.693121486589941e-4,3,2
60561,17,4.074000138516005e-7,3,2
60561,8,6.233026836730991e-5,3,2
60561,2,2.978133192404461e-6,3,2
60561,10,1.6446929482393408e-5,3,2
60561,16,6.776096101305347e-7,3,2
60561,12,4.682803607899488e-6,3,2
60573,18,4.545044114198172e-6,3,2
60573,11,3.164986586287112e-5,3,2
60573,15,6.322231494828415e-7,3,2
60573,7,2.7074367581833e-4,3,2
60573,9,9.33694882713012e-5,3,2
60573,5,7.171157319052501e-4,3,2
60573,3,8.810960835279087e-5,3,2
60573,13,1.028581053151283e-5,3,2
60573,4,2.058125446065495e-4,3,2
60573,6,4.427976222133635e-4,3,2
60573,17,4.074000138516005e-7,3,2
60573,8,1.8896328194899e-4,3,2
60573,2,1.451163082844355e-4,3,2
60573,10,5.927101002145548e-5,3,2
60573,16,2.032828830391604e-6,3,2
60573,12,1.7727756515619492e-5,3,2
60631,18,0,3,2
60631,11,1.415915051760024e-5,3,2
60631,15,2.8450041726727866e-6,3,2
60631,7,2.2402411648334984e-4,3,2
60631,9,5.893283290127757e-5,3,2
60631,5,6.944574188683326e-4,3,2
60631,3,5.4843735811431055e-5,3,2
60631,13,2.5714526328782076e-6,3,2
60631,4,1.8722302444853855e-4,3,2
60631,6,3.593613760442339e-4,3,2
60631,17,8.148000277032009e-7,3,2
60631,8,1.3807337929467385e-4,3,2
60631,2,3.2217986354193716e-5,3,2
60631,10,3.258353954059071e-5,3,2
60631,16,4.743267270913743e-6,3,2
60631,12,5.68626152387795e-6,3,2
60710,18,3.636035291358538e-6,3,2
60710,11,2.6652518621365157e-5,3,2
60710,15,2.8450041726727866e-6,3,2
60710,7,2.703607286106752e-4,3,2
60710,9,1.040200002414116e-4,3,2
60710,5,7.489168730096958e-4,3,2
60710,3,8.091698726276712e-6,3,2
60710,13,9.964378952403055e-6,3,2
60710,4,1.6763763713920562e-4,3,2
60710,6,4.366984814115266e-4,3,2
60710,17,0,3,2
60710,8,1.656880551536086e-4,3,2
60710,2,2.707393811276782e-6,3,2
60710,10,5.089238556816073e-5,3,2
60710,16,2.7104384405221387e-6,3,2
60710,12,2.0738130263554877e-5,3,2
60776,18,0.06078481397740446,1,6
60776,11,0.06346256195669465,1,6
60776,15,0.05950673949877348,1,6
60776,7,0.05729579531624929,1,6
60776,9,0.05916572409635731,1,6
60776,5,0.01415747050543541,1,6
60776,3,4.165726381305419e-5,1,6
60776,13,0.06041370815684061,1,6
60776,4,2.4398745207389336e-4,1,6
60776,6,0.04839155898430276,1,6
60776,17,0.05895200420436814,1,6
60776,8,0.05827091101604649,1,6
60776,2,2.5990980588257112e-5,1,6
60776,10,0.05975448768435301,1,6
60776,16,0.05847093325816384,1,6
60776,12,0.06393398317267972,1,6
60785,18,2.3634229393830497e-5,1,6
60785,11,2.2071616983318025e-5,1,6
60785,15,2.054725235819235e-5,1,6
60785,7,1.8764413175528447e-5,1,6
60785,9,1.9525938611869072e-5,1,6
60785,5,3.577628374250139e-6,1,6
60785,3,2.996925454176561e-7,1,6
60785,13,1.9607326325696337e-5,1,6
60785,4,0,1,6
60785,6,1.36620753961148e-5,1,6
60785,17,1.3851600470954416e-5,1,6
60785,8,1.3807337929467383e-5,1,6
60785,2,0,1,6
60785,10,2.203267911792324e-5,1,6
60785,16,1.6940240253263367e-5,1,6
60785,12,2.1407102207540517e-5,1,6
60809,18,0,6,3
60809,11,4.164456034588306e-7,6,3
60809,15,0,6,3
60809,7,3.063577661310767e-6,6,3
60809,9,1.0650511970110403e-6,6,3
60809,5,1.8683170398861837e-5,6,3
60809,3,1.5284319816300456e-4,6,3
60809,13,3.2143157910977594e-7,6,3
60809,4,7.502199206625837e-5,6,3
60809,6,5.367243905616528e-6,6,3
60809,17,0,6,3
60809,8,2.761467585893477e-6,6,3
60809,2,1.5757031981630874e-4,6,3
60809,10,3.10319424196102e-7,6,3
60809,16,0,6,3
60809,12,1.003457915978462e-6,6,3
61014,18,6.363061759877441e-6,4,1
61014,11,9.161803276094273e-6,4,1
61014,15,3.1611157474142073e-6,4,1
61014,7,2.872104057478844e-5,4,1
61014,9,1.846088741485803e-5,4,1
61014,5,3.97514263805571e-7,4,1
61014,3,2.3076325997159515e-5,4,1
61014,13,9.64294737329328e-6,4,1
61014,4,2.390081163172833e-5,4,1
61014,6,3.220346343369917e-5,4,1
61014,17,2.0370000692580023e-6,4,1
61014,8,2.3275226795387876e-5,4,1
61014,2,3.140576821081068e-5,4,1
61014,10,9.619902150079162e-6,4,1
61014,16,2.032828830391604e-6,4,1
61014,12,6.689719439856412e-6,4,1
61016,18,0,3,2
61016,11,4.164456034588306e-6,3,2
61016,15,1.5805578737071037e-6,3,2
61016,7,6.586691971818149e-5,3,2
61016,9,2.130102394022081e-5,3,2
61016,5,2.3413590138148132e-4,3,2
61016,3,2.996925454176561e-7,3,2
61016,13,0,3,2
61016,4,6.506332055303823e-5,3,2
61016,6,1.1661557213112276e-4,3,2
61016,17,0,3,2
61016,8,4.4972472113122335e-5,3,2
61016,2,9.746617720596418e-6,3,2
61016,10,1.4585012937216795e-5,3,2
61016,16,0,3,2
61016,12,1.672429859964103e-6,3,2
61050,18,0,3,2
61050,11,1.957294336256504e-5,3,2
61050,15,0,3,2
61050,7,8.34824912707184e-5,3,2
61050,9,2.662627992527601e-5,3,2
61050,5,2.397011010747593e-4,3,2
61050,3,8.990776362529681e-6,3,2
61050,13,1.6071578955488798e-6,3,2
61050,4,6.14118076648575e-5,3,2
61050,6,1.205190222442984e-4,3,2
61050,17,2.0370000692580023e-6,3,2
61050,8,4.891742580725587e-5,3,2
61050,2,1.2724750913000878e-5,3,2
61050,10,1.0240540998471368e-5,3,2
61050,16,0,3,2
61050,12,4.0138316639138475e-6,3,2
61259,18,3.030029409465449e-7,5,9
61259,11,1.998938896602387e-5,5,9
61259,15,5.057785195862732e-6,5,9
61259,7,4.633661212732535e-5,5,9
61259,9,3.372662123868294e-5,5,9
61259,5,3.219865536825125e-5,5,9
61259,3,1.6483089997971082e-5,5,9
61259,13,6.428631582195519e-7,5,9
61259,4,2.0913210177762287e-5,5,9
61259,6,6.074744238629616e-5,5,9
61259,17,2.444400083109603e-6,5,9
61259,8,4.339449063546893e-5,5,9
61259,2,1.0558835863979453e-5,5,9
61259,10,2.327395681470765e-5,5,9
61259,16,1.3552192202610691e-6,5,9
61259,12,1.4717382767684108e-5,5,9
61445,18,0.00608823809243892,1,6
61445,11,0.00560910583298699,1,6
61445,15,0.00532553169966871,1,6
61445,7,8.980112019717185e-4,1,6
61445,9,0.00199200075547631,1,6
61445,5,1.8881927530764624e-4,1,6
61445,3,5.094773272100153e-6,1,6
61445,13,0.00558423082387413,1,6
61445,4,3.651512888180717e-6,1,6
61445,6,5.091562741373497e-4,1,6
61445,17,0.00547097478601314,1,6
61445,8,0.00151210075096138,1,6
61445,2,7.580702671574992e-6,1,6
61445,10,0.00435533311859229,1,6
61445,16,0.00543239624441649,1,6
61445,12,0.00580834890365533,1,6
61450,18,0,6,3
61450,11,1.249336810376492e-6,6,3
61450,15,0,6,3
61450,7,4.212419284302305e-6,6,3
61450,9,7.100341313406935e-7,6,3
61450,5,1.8285656135056262e-5,6,3
61450,3,1.450511919821455e-4,6,3
61450,13,6.428631582195519e-7,6,3
61450,4,6.539527627014556e-5,6,3
61450,6,4.879312641469571e-6,6,3
61450,17,0,6,3
61450,8,1.9724768470667692e-6,6,3
61450,2,1.6488028310675606e-4,6,3
61450,10,1.55159712098051e-6,6,3
61450,16,0,6,3
61450,12,6.689719439856411e-7,6,3
61494,18,2.454323821667013e-5,3,2
61494,11,2.9067903121426377e-4,3,2
61494,15,5.8164529752421415e-5,3,2
61494,7,0.00338104089646409,3,2
61494,9,0.00111759372273025,3,2
61494,5,0.00940717505295883,3,2
61494,3,2.9279961687304993e-4,3,2
61494,13,9.867949478670122e-5,3,2
61494,4,0.00220949725306644,3,2
61494,6,0.0051503584587032,3,2
61494,17,2.4036600817244428e-5,3,2
61494,8,0.00215512820310515,3,2
61494,2,3.2353356044757554e-4,3,2
61494,10,5.644710326127096e-4,3,2
61494,16,3.32028708963962e-5,3,2
61494,12,1.672429859964103e-4,3,2
61531,18,2.121020586625814e-6,6,3
61531,11,5.413792844964798e-6,6,3
61531,15,6.322231494828415e-7,6,3
61531,7,5.361260907293842e-6,6,3
61531,9,2.1301023940220806e-6,6,3
61531,5,2.1465770245500833e-5,6,3
61531,3,2.9819408269056777e-4,6,3
61531,13,2.892884211987984e-6,6,3
61531,4,1.4672442696144337e-4,6,3
61531,6,1.1466384707453492e-5,6,3
61531,17,8.148000277032009e-7,6,3
61531,8,4.339449063546892e-6,6,3
61531,2,2.4366544301491043e-4,6,3
61531,10,1.1481818695255776e-5,6,3
61531,16,2.7104384405221387e-6,6,3
61531,12,2.341401803949744e-6,6,3
61817,18,1.2120117637861791e-6,6,3
61817,11,3.3315648276706447e-6,6,3
61817,15,3.1611157474142073e-7,6,3
61817,7,1.033957460692384e-5,6,3
61817,9,1.0650511970110405e-5,6,3
61817,5,3.180114110444568e-6,6,3
61817,3,4.0158801085965904e-5,6,3
61817,13,1.2857263164391038e-6,6,3
61817,4,1.7593653006688906e-5,6,3
61817,6,7.075003330130878e-6,6,3
61817,17,0,6,3
61817,8,1.02568796047472e-5,6,3
61817,2,6.2270057659366e-5,6,3
61817,10,1.0240540998471368e-5,6,3
61817,16,1.016414415195802e-6,6,3
61817,12,4.3483176359066675e-6,6,3
61957,18,1.2120117637861791e-6,6,3
61957,11,8.328912069176612e-6,6,3
61957,15,1.8966694484485244e-6,6,3
61957,7,8.42483856860461e-5,6,3
61957,9,1.7040819152176645e-5,6,3
61957,5,2.699121851239827e-4,6,3
61957,3,1.1747947780372115e-4,6,3
61957,13,3.5357473702075353e-6,6,3
61957,4,1.410811797706186e-4,6,3
61957,6,1.0734487811233056e-4,6,3
61957,17,4.074000138516005e-7,6,3
61957,8,4.260549989664221e-5,6,3
61957,2,1.5486292600503195e-4,6,3
61957,10,1.210245754364798e-5,6,3
61957,16,3.3880480506526733e-7,6,3
61957,12,3.6793456919210263e-6,6,3
62154,18,1.818017645679269e-6,3,2
62154,11,1.957294336256504e-5,3,2
62154,15,2.528892597931366e-6,3,2
62154,7,2.8031735600993516e-4,3,2
62154,9,8.768921522057565e-5,3,2
62154,5,6.630537920276924e-4,3,2
62154,3,2.097847817923592e-6,3,2
62154,13,1.5428715797269244e-5,3,2
62154,4,1.4240900263904794e-4,3,2
62154,6,4.1449760889284006e-4,3,2
62154,17,4.074000138516005e-7,3,2
62154,8,1.5266970796296792e-4,3,2
62154,2,1.082957524510713e-6,3,2
62154,10,4.1272483418081566e-5,3,2
62154,16,1.3552192202610691e-6,3,2
62154,12,1.9400186375583593e-5,3,2
62186,18,0,3,2
62186,11,7.91246646571778e-6,3,2
62186,15,2.212781023189945e-6,3,2
62186,7,1.1373532067616224e-4,3,2
62186,9,2.662627992527601e-5,3,2
62186,5,3.1443378267020667e-4,3,2
62186,3,9.290468907947336e-5,3,2
62186,13,3.857178949317311e-6,3,2
62186,4,1.2481534963235905e-4,3,2
62186,6,1.5638197015909974e-4,3,2
62186,17,4.074000138516005e-7,3,2
62186,8,5.877981004258972e-5,3,2
62186,2,1.1668867326602932e-4,3,2
62186,10,1.5205651785609e-5,3,2
62186,16,0,3,2
62186,12,4.0138316639138475e-6,3,2
62240,18,4.242041173251628e-6,3,2
62240,11,4.289389715625955e-5,3,2
62240,15,6.638343069569835e-6,3,2
62240,7,5.966317495402719e-4,3,2
62240,9,1.6969815739042575e-4,3,2
62240,5,0.00173554727577512,3,2
62240,3,7.881913944484354e-5,3,2
62240,13,1.4785852639049696e-5,3,2
62240,4,6.904678915832628e-4,3,2
62240,6,8.724211002947593e-4,3,2
62240,17,3.666600124664405e-6,3,2
62240,8,3.538623463637784e-4,3,2
62240,2,1.1777163079054004e-4,3,2
62240,10,8.347592510875144e-5,3,2
62240,16,3.3880480506526736e-6,3,2
62240,12,2.5420933871454363e-5,3,2
62361,18,3.0300294094654485e-6,3,2
62361,11,1.582493293143556e-5,3,2
62361,15,3.1611157474142073e-6,3,2
62361,7,2.9486934990116133e-4,3,2
62361,9,1.0508505143842264e-4,3,2
62361,5,8.109290981633649e-4,3,2
62361,3,2.7272021633006695e-5,3,2
62361,13,6.428631582195519e-6,3,2
62361,4,2.3104117910670717e-4,3,2
62361,6,4.535321100245966e-4,3,2
62361,17,3.666600124664405e-6,3,2
62361,8,1.7239447643363563e-4,3,2
62361,2,5.685527003681243e-6,3,2
62361,10,3.568673378255173e-5,3,2
62361,16,0,3,2
62361,12,6.020747495870771e-6,3,2
62742,18,2.4240235275723587e-6,3,2
62742,11,3.664721310437709e-5,3,2
62742,15,3.1611157474142073e-6,3,2
62742,7,1.3173383943636298e-4,3,2
62742,9,5.822279876993687e-5,3,2
62742,5,3.1681886825304006e-4,3,2
62742,3,5.3345273084342776e-5,3,2
62742,13,1.2535831585281262e-5,3,2
62742,4,9.958671513220136e-5,3,2
62742,6,1.5833369521568757e-4,3,2
62742,17,7.74060026318041e-6,3,2
62742,8,7.455962481912388e-5,3,2
62742,2,1.7868799154426766e-5,3,2
62742,10,2.8859706450237487e-5,3,2
62742,16,1.016414415195802e-6,3,2
62742,12,1.4048410823698463e-5,3,2
62878,18,1.2120117637861791e-6,6,3
62878,11,1.249336810376492e-6,6,3
62878,15,3.1611157474142073e-7,6,3
62878,7,6.51010253028538e-6,6,3
62878,9,4.260204788044161e-6,6,3
62878,5,8.34779953991699e-6,6,3
62878,3,6.323512708312542e-5,6,3
62878,13,1.9285894746586556e-6,6,3
62878,4,1.2946272967186175e-5,6,3
62878,6,1.3174144131967842e-5,6,3
62878,17,5.2962001800708065e-6,6,3
62878,8,3.5504583247201844e-6,6,3
62878,2,3.384242264095978e-5,6,3
62878,10,9.619902150079162e-6,6,3
62878,16,1.6940240253263368e-6,6,3
62878,12,6.020747495870771e-6,6,3
62902,18,4.242041173251628e-6,3,2
62902,11,6.371617732920108e-5,3,2
62902,15,1.3908909288622512e-5,3,2
62902,7,5.016608420396381e-4,3,2
62902,9,2.2330573430664812e-4,3,2
62902,5,9.603944613542596e-4,3,2
62902,3,4.285603399472481e-5,3,2
62902,13,3.7607494755843785e-5,3,2
62902,4,2.409998506199273e-4,3,2
62902,6,7.489744904655791e-4,3,2
62902,17,9.777600332438412e-6,3,2
62902,8,3.365045501095908e-4,3,2
62902,2,5.9562663848089215e-5,3,2
62902,10,1.06439562499263e-4,3,2
62902,16,2.7104384405221387e-6,3,2
62902,12,3.6458970947217445e-5,3,2
63110,18,0,6,3
63110,11,8.328912069176612e-7,6,3
63110,15,0,6,3
63110,7,4.212419284302305e-6,6,3
63110,9,2.1301023940220806e-6,6,3
63110,5,9.142828067528131e-6,6,3
63110,3,1.6483089997971082e-4,6,3
63110,13,0,6,3
63110,4,6.838287772411161e-5,6,3
63110,6,4.879312641469571e-6,6,3
63110,17,0,6,3
63110,8,7.889907388267076e-7,6,3
63110,2,1.543214472427766e-4,6,3
63110,10,9.30958272588306e-7,6,3
63110,16,0,6,3
63110,12,3.344859719928206e-7,6,3
63314,18,0,6,3
63314,11,2.9151192242118143e-6,6,3
63314,15,3.1611157474142073e-7,6,3
63314,7,1.5317888306553835e-6,6,3
63314,9,1.775085328351734e-6,6,3
63314,5,1.8683170398861837e-5,6,3
63314,3,6.503328235563136e-5,6,3
63314,13,0,6,3
63314,4,7.336221348072167e-5,6,3
63314,6,4.635347009396092e-6,6,3
63314,17,0,6,3
63314,8,2.761467585893477e-6,6,3
63314,2,9.06976926777722e-5,6,3
63314,10,2.172235969372714e-6,6,3
63314,16,0,6,3
63314,12,0,6,3
63570,18,6.060058818930897e-7,3,2
63570,11,2.04058345694827e-5,3,2
63570,15,4.1094504716384695e-6,3,2
63570,7,1.4398815008160606e-4,3,2
63570,9,5.857781583560722e-5,3,2
63570,5,3.466324380384579e-4,3,2
63570,3,1.048923908961796e-4,3,2
63570,13,9.964378952403055e-6,3,2
63570,4,8.199306212551246e-5,3,2
63570,6,2.3713459437542115e-4,3,2
63570,17,2.444400083109603e-6,3,2
63570,8,1.0296329141688534e-4,3,2
63570,2,6.497745147064278e-5,3,2
63570,10,2.637715105666867e-5,3,2
63570,16,1.016414415195802e-6,3,2
63570,12,8.696635271813335e-6,3,2
63635,18,0,6,3
63635,11,2.498673620752984e-6,6,3
63635,15,0,6,3
63635,7,1.1488416229915375e-6,6,3
63635,9,0,6,3
63635,5,7.155256748500278e-6,6,3
63635,3,4.525357435806606e-5,6,3
63635,13,0,6,3
63635,4,4.38181546581686e-5,6,3
63635,6,3.4155188490287e-6,6,3
63635,17,1.629600055406402e-6,6,3
63635,8,3.944953694133538e-7,6,3
63635,2,1.0044431039836865e-4,6,3
63635,10,1.241277696784408e-6,6,3
63635,16,0,6,3
63635,12,0,6,3
63715,18,0,6,3
63715,11,1.998938896602387e-5,6,3
63715,15,2.8450041726727866e-6,6,3
63715,7,9.956627399259992e-6,6,3
63715,9,1.5975767955165604e-5,6,3
63715,5,3.140362684064011e-5,6,3
63715,3,5.004865508474856e-5,6,3
63715,13,3.5357473702075353e-6,6,3
63715,4,3.1867748842304434e-5,6,3
63715,6,1.4637937924408711e-5,6,3
63715,17,8.148000277032009e-7,6,3
63715,8,7.495412018853722e-6,6,3
63715,2,6.416523332725974e-5,6,3
63715,10,1.3964374088824591e-5,6,3
63715,16,2.032828830391604e-6,6,3
63715,12,3.344859719928206e-6,6,3
63780,18,0,6,3
63780,11,5.8302384484236285e-6,6,3
63780,15,0,6,3
63780,7,4.0975351220031506e-5,6,3
63780,9,1.207058023279179e-5,6,3
63780,5,7.155256748500278e-5,6,3
63780,3,1.9869615761190592e-4,6,3
63780,13,3.857178949317311e-6,6,3
63780,4,1.068897409085628e-4,6,3
63780,6,7.855693352766009e-5,6,3
63780,17,1.629600055406402e-6,6,3
63780,8,3.550458324720184e-5,6,3
63780,2,1.4836518085796767e-4,6,3
63780,10,5.275430211333734e-6,6,3
63780,16,0,6,3
63780,12,1.3379438879712823e-6,6,3
63915,18,0,3,2
63915,11,4.164456034588306e-6,3,2
63915,15,0,3,2
63915,7,3.906061518171228e-5,3,2
63915,9,1.4200682626813871e-5,3,2
63915,5,1.1408659371219888e-4,3,2
63915,3,0,3,2
63915,13,0,3,2
63915,4,4.514597752659795e-5,3,2
63915,6,7.294572398997008e-5,3,2
63915,17,0,3,2
63915,8,3.550458324720184e-5,3,2
63915,2,0,3,2
63915,10,7.137346756510347e-6,3,2
63915,16,3.3880480506526733e-7,3,2
63915,12,1.3379438879712823e-6,3,2
63930,18,0,6,3
63930,11,2.082228017294153e-6,6,3
63930,15,0,6,3
63930,7,4.978313699629996e-6,6,3
63930,9,0,6,3
63930,5,7.552771012305849e-6,6,3
63930,3,1.0189546544200304e-4,6,3
63930,13,1.6071578955488798e-6,6,3
63930,4,5.576856047403277e-5,6,3
63930,6,3.171553216955221e-6,6,3
63930,17,0,6,3
63930,8,4.339449063546892e-6,6,3
63930,2,1.3130859984692396e-4,6,3
63930,10,1.241277696784408e-6,6,3
63930,16,3.3880480506526733e-7,6,3
63930,12,6.689719439856411e-7,6,3
63939,18,3.0300294094654485e-6,3,2
63939,11,4.705835319084786e-5,3,2
63939,15,5.690008345345573e-6,3,2
63939,7,4.4038928881342274e-4,3,2
63939,9,1.5230232117257876e-4,3,2
63939,5,0.0013630764105893,3,2
63939,3,8.331452762610838e-5,3,2
63939,13,1.575014737637902e-5,3,2
63939,4,3.286361599362645e-4,3,2
63939,6,6.831037698057399e-4,3,2
63939,17,8.148000277032009e-7,3,2
63939,8,3.100733603588961e-4,3,2
63939,2,4.1423125312534776e-5,3,2
63939,10,8.068305029098653e-5,3,2
63939,16,5.759681686109545e-6,3,2
63939,12,2.174158817953334e-5,3,2
63942,18,6.060058818930897e-7,6,3
63942,11,4.039522353550657e-5,6,3
63942,15,5.690008345345573e-6,6,3
63942,7,5.468486125439719e-4,6,3
63942,9,1.6721303793073333e-4,6,3
63942,5,0.00169579584939456,6,3
63942,3,0.0011424279831321,6,3
63942,13,1.4464421059939918e-5,6,3
63942,4,0.00100317017709837,6,3
63942,6,8.746167909834206e-4,6,3
63942,17,1.629600055406402e-6,6,3
63942,8,3.14412809422443e-4,6,3
63942,2,0.00123782045051574,6,3
63942,10,8.626879992651636e-5,6,3
63942,16,6.098486491174813e-6,6,3
63942,12,2.4751961927468723e-5,6,3
64057,18,1.818017645679269e-6,6,3
64057,11,1.2076922500306088e-5,6,3
64057,15,6.322231494828415e-7,6,3
64057,7,3.867766797404843e-5,6,3
64057,9,1.526573382382491e-5,6,3
64057,5,1.3276976411106072e-4,6,3
64057,3,0.00115111906694921,6,3
64057,13,2.250021053768432e-6,6,3
64057,4,4.680575611213464e-4,6,3
64057,6,6.36750299711779e-5,6,3
64057,17,4.074000138516005e-7,6,3
64057,8,2.2091740687147815e-5,6,3
64057,2,8.999377028684025e-4,6,3
64057,10,1.7688207179177816e-5,6,3
64057,16,6.776096101305347e-7,6,3
64057,12,1.2710466935727182e-5,6,3
64228,18,0,6,3
64228,11,0,6,3
64228,15,0,6,3
64228,7,1.5317888306553835e-6,6,3
64228,9,0,6,3
64228,5,1.192542791416713e-6,6,3
64228,3,1.5104504289049865e-4,6,3
64228,13,1.2857263164391038e-6,6,3
64228,4,6.340354196750153e-5,6,3
64228,6,4.879312641469571e-7,6,3
64228,17,8.148000277032009e-7,6,3
64228,8,3.944953694133538e-7,6,3
64228,2,1.229156790319659e-4,6,3
64228,10,1.861916545176612e-6,6,3
64228,16,0,6,3
64228,12,0,6,3
64329,18,1.2120117637861791e-6,6,3
64329,11,8.328912069176612e-7,6,3
64329,15,0,6,3
64329,7,3.446524868974613e-6,6,3
64329,9,6.390307182066242e-6,6,3
64329,5,1.8683170398861837e-5,6,3
64329,3,5.45440432660134e-5,6,3
64329,13,0,6,3
64329,4,1.9917343026440273e-5,6,3
64329,6,5.6112095376900065e-6,6,3
64329,17,0,6,3
64329,8,3.5504583247201844e-6,6,3
64329,2,5.6313791274557075e-5,6,3
64329,10,2.482555393568816e-6,6,3
64329,16,0,6,3
64329,12,6.689719439856411e-7,6,3
64548,18,4.545044114198172e-6,3,2
64548,11,1.1827055138230789e-4,3,2
64548,15,1.770224818551956e-5,3,2
64548,7,0.00149081347943535,3,2
64548,9,4.728827314729019e-4,3,2
64548,5,0.00408962674603171,3,2
64548,3,3.608298246828579e-4,3,2
64548,13,3.375031580652648e-5,3,2
64548,4,0.00110740427227007,3,2
64548,6,0.00231572177964145,3,2
64548,17,1.0185000346290011e-5,3,2
64548,8,8.915595348741797e-4,3,2
64548,2,3.598126375186844e-4,3,2
64548,10,2.470142616600972e-4,3,2
64548,16,1.0502948957023288e-5,3,2
64548,12,6.622822245457848e-5,3,2
64569,18,1.1211108815022158e-5,5,9
64569,11,8.828646793327209e-5,5,9
64569,15,2.4024479680347976e-5,5,9
64569,7,1.5471067189619373e-4,5,9
64569,9,6.638819128035485e-5,5,9
64569,5,2.9575061227134485e-4,5,9
64569,3,1.7681860179641707e-5,5,9
64569,13,6.01077052935281e-5,5,9
64569,4,3.1867748842304434e-5,5,9
64569,6,2.7665702677132466e-4,5,9
64569,17,4.888800166219206e-6,5,9
64569,8,1.289999857981667e-4,5,9
64569,2,4.683791293508834e-5,5,9
64569,10,1.1761106177032266e-4,5,9
64569,16,1.6940240253263367e-5,5,9
64569,12,4.8500465938958985e-5,5,9
64609,18,0,6,3
64609,11,5.413792844964798e-6,6,3
64609,15,0,6,3
64609,7,4.518777050433381e-5,6,3
64609,9,1.0295494904440057e-5,6,3
64609,5,1.1011145107414316e-4,6,3
64609,3,6.68314376281373e-5,6,3
64609,13,0,6,3
64609,4,5.643247190824744e-5,6,3
64609,6,3.9522432395903525e-5,6,3
64609,17,0,6,3
64609,8,1.854128236242763e-5,6,3
64609,2,7.932663867040972e-5,6,3
64609,10,5.8960690597259384e-6,6,3
64609,16,0,6,3
64609,12,3.344859719928206e-6,6,3
64702,18,6.060058818930897e-7,3,2
64702,11,2.082228017294153e-6,3,2
64702,15,0,3,2
64702,7,5.054903141162765e-5,3,2
64702,9,1.3845665561143525e-5,3,2
64702,5,1.152791365036156e-4,3,2
64702,3,2.9669561996347947e-5,3,2
64702,13,3.2143157910977594e-7,3,2
64702,4,4.8133578980563994e-5,3,2
64702,6,7.27017583578966e-5,3,2
64702,17,0,3,2
64702,8,2.5642199011868e-5,3,2
64702,2,5.956266384808922e-6,3,2
64702,10,6.2063884839220405e-6,3,2
64702,16,6.776096101305347e-7,3,2
64702,12,2.006915831956924e-6,3,2
64795,18,0,3,2
64795,11,1.0411140086470763e-5,3,2
64795,15,2.212781023189945e-6,3,2
64795,7,1.244578424907499e-4,3,2
64795,9,3.621174069837537e-5,3,2
64795,5,2.424837009213983e-4,3,2
64795,3,2.097847817923592e-6,3,2
64795,13,5.142905265756415e-6,3,2
64795,4,4.4814021809490616e-5,3,2
64795,6,1.7833887704571283e-4,3,2
64795,17,2.444400083109603e-6,3,2
64795,8,8.442200905445772e-5,3,2
64795,2,5.414787622553565e-7,3,2
64795,10,1.8929484875962224e-5,3,2
64795,16,6.776096101305347e-7,3,2
64795,12,6.020747495870771e-6,3,2
64877,18,0,3,2
64877,11,3.748010431129475e-6,3,2
64877,15,0,3,2
64877,7,3.063577661310767e-5,3,2
64877,9,1.207058023279179e-5,3,2
64877,5,9.85835374237816e-5,3,2
64877,3,0,3,2
64877,13,3.2143157910977594e-7,3,2
64877,4,1.4606051552722867e-5,3,2
64877,6,7.026210203716183e-5,3,2
64877,17,0,3,2
64877,8,2.1302749948321106e-5,3,2
64877,2,9.20513895834106e-6,3,2
64877,10,4.034152514549326e-6,3,2
64877,16,0,3,2
64877,12,1.003457915978462e-6,3,2
65017,18,0.00123958503141231,1,6
65017,11,0.00137010603537955,1,6
65017,15,0.00134663530839845,1,6
65017,7,2.2096053882203907e-4,1,6
65017,9,5.083844380399365e-4,1,6
65017,5,4.4919111810029525e-5,1,6
65017,3,1.6183397452553424e-5,1,6
65017,13,0.00143422770598782,1,6
65017,4,2.655645736858703e-6,1,6
65017,6,1.1881126281978404e-4,1,6
65017,17,0.00123360724194264,1,6
65017,8,3.5070638340847153e-4,1,6
65017,2,2.5178762444874077e-5,1,6
65017,10,0.0011301833429222,1,6
65017,16,0.00129660598898477,1,6
65017,12,0.00146571752927254,1,6
65330,18,0,6,3
65330,11,5.413792844964798e-6,6,3
65330,15,0,6,3
65330,7,8.041891360940763e-6,6,3
65330,9,4.615221853714508e-6,6,3
65330,5,2.0670741717889697e-5,6,3
65330,3,2.652279026946256e-4,6,3
65330,13,0,6,3
65330,4,1.576789656259855e-4,6,3
65330,6,1.02465565470861e-5,6,3
65330,17,4.074000138516005e-7,6,3
65330,8,9.862384235333846e-6,6,3
65330,2,4.421174093814986e-4,6,3
65330,10,1.086117984686357e-5,6,3
65330,16,0,6,3
65330,12,0,6,3
65434,18,0,3,2
65434,11,2.9151192242118143e-6,3,2
65434,15,0,3,2
65434,7,1.6466729929545373e-5,3,2
65434,9,4.615221853714508e-6,3,2
65434,5,5.962713957083565e-5,3,2
65434,3,1.7981552725059362e-5,3,2
65434,13,0,3,2
65434,4,2.4232767348835665e-5,3,2
65434,6,2.0981044358319153e-5,3,2
65434,17,0,3,2
65434,8,9.862384235333846e-6,3,2
65434,2,8.663660196085703e-6,3,2
65434,10,2.172235969372714e-6,3,2
65434,16,6.776096101305347e-7,3,2
65434,12,1.003457915978462e-6,3,2
65495,18,9.090088228396344e-7,3,2
65495,11,2.5403181810988665e-5,3,2
65495,15,2.212781023189945e-6,3,2
65495,7,1.302020506057076e-4,3,2
65495,9,5.3607576916222365e-5,3,2
65495,5,3.124462113511788e-4,3,2
65495,3,6.832990035522557e-5,3,2
65495,13,8.357221056854175e-6,3,2
65495,4,1.1585254527046092e-4,3,2
65495,6,1.8638974290413e-4,3,2
65495,17,4.074000138516005e-7,3,2
65495,8,8.087155072973754e-5,3,2
65495,2,2.7344677493895502e-5,3,2
65495,10,3.10319424196102e-5,3,2
65495,16,1.016414415195802e-6,3,2
65495,12,8.027663327827695e-6,3,2
65740,18,0,3,2
65740,11,2.9151192242118143e-6,3,2
65740,15,6.322231494828415e-7,3,2
65740,7,5.322966186527458e-5,3,2
65740,9,2.130102394022081e-5,3,2
65740,5,1.2243439325211586e-4,3,2
65740,3,2.0079400542982952e-5,3,2
65740,13,1.6071578955488798e-6,3,2
65740,4,2.9212103105445735e-5,3,2
65740,6,8.19724523766888e-5,3,2
65740,17,0,3,2
65740,8,2.366972216480123e-5,3,2
65740,2,3.519611954659817e-6,3,2
65740,10,9.619902150079162e-6,3,2
65740,16,0,3,2
65740,12,4.682803607899488e-6,3,2
66066,18,0,6,3
66066,11,3.3315648276706447e-6,6,3
66066,15,0,6,3
66066,7,4.978313699629996e-6,6,3
66066,9,3.195153591033121e-6,6,3
66066,5,1.3515484969389414e-5,6,3
66066,3,1.4145488143713363e-4,6,3
66066,13,0,6,3
66066,4,9.161977792162526e-5,6,3
66066,6,1.2442247235747404e-5,6,3
66066,17,0,6,3
66066,8,8.678898127093784e-6,6,3
66066,2,2.3337734653205863e-4,6,3
66066,10,0,6,3
66066,16,1.016414415195802e-6,6,3
66066,12,1.672429859964103e-6,6,3
66084,18,0,6,3
66084,11,2.9151192242118143e-6,6,3
66084,15,3.1611157474142073e-7,6,3
66084,7,1.302020506057076e-5,6,3
66084,9,3.905187722373815e-6,6,3
66084,5,5.127934003091866e-5,6,3
66084,3,1.1208501198620337e-4,6,3
66084,13,0,6,3
66084,4,6.771896628989692e-5,6,3
66084,6,1.902931930173133e-5,6,3
66084,17,0,6,3
66084,8,4.339449063546892e-6,6,3
66084,2,7.012149971206867e-5,6,3
66084,10,3.1031942419610203e-6,6,3
66084,16,6.776096101305347e-7,6,3
66084,12,0,6,3
66345,18,0,6,3
66345,11,4.580901638047136e-6,6,3
66345,15,0,6,3
66345,7,1.3786099475898452e-5,6,3
66345,9,1.0295494904440057e-5,6,3
66345,5,7.552771012305849e-6,6,3
66345,3,8.661114562570259e-5,6,3
66345,13,1.9285894746586556e-6,6,3
66345,4,4.315424322395392e-5,6,3
66345,6,1.658966298099654e-5,6,3
66345,17,0,6,3
66345,8,1.8935777731840982e-5,6,3
66345,2,1.09378709975582e-4,6,3
66345,10,7.447666180706449e-6,6,3
66345,16,0,6,3
66345,12,0,6,3
66474,18,1.5968254987882912e-4,3,2
66474,11,0.00129931028279155,3,2
66474,15,2.285486685380472e-4,3,2
66474,7,0.01147501307764714,3,2
66474,9,0.00445936936188522,3,2
66474,5,0.02698287071285835,3,2
66474,3,8.960807107987915e-5,3,2
66474,13,4.927546107752866e-4,3,2
66474,4,0.00600076349814934,3,2
66474,6,0.01657087762732688,3,2
66474,17,1.5399720523590497e-4,3,2
66474,8,0.00767451291656738,3,2
66474,2,3.763277397674728e-5,3,2
66474,10,0.00252600011295627,3,2
66474,16,1.6533674487185048e-4,3,2
66474,12,8.301941824861807e-4,3,2
66592,18,0,3,2
66592,11,1.957294336256504e-5,3,2
66592,15,6.322231494828415e-7,3,2
66592,7,1.7232624344873063e-5,3,2
66592,9,9.585460773099364e-6,3,2
66592,5,3.895639785294596e-5,3,2
66592,3,0,3,2
66592,13,1.9285894746586556e-6,3,2
66592,4,0,3,2
66592,6,4.025432929212396e-5,3,2
66592,17,0,3,2
66592,8,9.862384235333846e-6,3,2
66592,2,2.2471368633597296e-5,3,2
66592,10,1.3033415816236283e-5,3,2
66592,16,6.776096101305347e-7,3,2
66592,12,7.693177355834873e-6,3,2
66626,18,3.211831174033375e-5,3,2
66626,11,3.8354640078558296e-4,3,2
66626,15,7.017676959259541e-5,3,2
66626,7,0.00261706121717472,3,2
66626,9,0.00101889897847389,3,2
66626,5,0.00678954362579915,3,2
66626,3,1.7082475088806394e-4,3,2
66626,13,1.7550164219393768e-4,3,2
66626,4,0.00162658301382595,3,2
66626,6,0.00390808546018505,3,2
66626,17,5.6221201911520865e-5,3,2
66626,8,0.00158389890819461,3,2
66626,2,4.846234922185441e-5,3,2
66626,10,6.318103476632637e-4,3,2
66626,16,5.658040244589965e-5,3,2
66626,12,2.4116438580682365e-4,3,2
66992,18,4.848047055144717e-6,3,2
66992,11,2.9984083449035804e-5,3,2
66992,15,3.7933388968970488e-6,3,2
66992,7,5.744208114957688e-5,3,2
66992,9,2.627126285960566e-5,3,2
66992,5,7.751528144208634e-5,3,2
66992,3,2.187755581548889e-5,3,2
66992,13,7.071494740415071e-6,3,2
66992,4,2.0249298743547612e-5,3,2
66992,6,7.880089915973357e-5,3,2
66992,17,4.074000138516005e-7,3,2
66992,8,4.260549989664221e-5,3,2
66992,2,2.301284739585265e-5,3,2
66992,10,3.2893858964786816e-5,3,2
66992,16,3.3880480506526736e-6,3,2
66992,12,1.8062242487612313e-5,3,2
67125,18,0,3,2
67125,11,8.328912069176612e-7,3,2
67125,15,3.1611157474142073e-7,3,2
67125,7,6.43351308875261e-5,3,2
67125,9,1.810587034918769e-5,3,2
67125,5,1.808689900315348e-4,3,2
67125,3,2.3076325997159515e-5,3,2
67125,13,4.178610528427088e-6,3,2
67125,4,7.933741638865376e-5,3,2
67125,6,1.0978453443306534e-4,3,2
67125,17,0,3,2
67125,8,4.299999526605557e-5,3,2
67125,2,2.707393811276783e-7,3,2
67125,10,4.65479136294153e-6,3,2
67125,16,1.016414415195802e-6,3,2
67125,12,2.341401803949744e-6,3,2
67188,18,0,6,3
67188,11,2.498673620752984e-6,6,3
67188,15,0,6,3
67188,7,1.5317888306553835e-6,6,3
67188,9,1.420068262681387e-6,6,3
67188,5,4.372656901861281e-6,6,3
67188,3,8.481299035319665e-5,6,3
67188,13,0,6,3
67188,4,2.0913210177762287e-5,6,3
67188,6,2.4396563207347855e-6,6,3
67188,17,0,6,3
67188,8,3.944953694133538e-7,6,3
67188,2,1.020687466851347e-4,6,3
67188,10,2.482555393568816e-6,6,3
67188,16,0,6,3
67188,12,0,6,3
67255,18,0,3,2
67255,11,6.663129655341289e-6,3,2
67255,15,9.483347242242622e-7,3,2
67255,7,3.714587914339305e-5,3,2
67255,9,1.4200682626813871e-5,3,2
67255,5,7.354013880403064e-5,3,2
67255,3,1.2287394362123895e-5,3,2
67255,13,1.9285894746586556e-6,3,2
67255,4,2.7884280237016385e-5,3,2
67255,6,5.367243905616528e-5,3,2
67255,17,0,3,2
67255,8,2.366972216480123e-5,3,2
67255,2,3.573759830885353e-5,3,2
67255,10,8.688943877490856e-6,3,2
67255,16,0,3,2
67255,12,6.689719439856411e-7,3,2
67258,18,0,6,3
67258,11,8.328912069176612e-7,6,3
67258,15,0,6,3
67258,7,7.658944153276918e-6,6,3
67258,9,3.550170656703468e-6,6,3
67258,5,3.657131227011253e-5,6,3
67258,3,3.6292767250078144e-4,6,3
67258,13,1.2857263164391038e-6,6,3
67258,4,1.6630981427077628e-4,6,3
67258,6,1.4150006660261755e-5,6,3
67258,17,0,6,3
67258,8,3.944953694133538e-7,6,3
67258,2,3.173065546816389e-4,6,3
67258,10,1.241277696784408e-6,6,3
67258,16,1.3552192202610691e-6,6,3
67258,12,4.0138316639138475e-6,6,3
67295,18,9.090088228396344e-7,3,2
67295,11,1.2493368103764918e-5,3,2
67295,15,9.483347242242622e-7,3,2
67295,7,8.654606893202917e-5,3,2
67295,9,4.508716734013404e-5,3,2
67295,5,1.546330486203671e-4,3,2
67295,3,7.252559599107275e-5,3,2
67295,13,1.6071578955488798e-6,3,2
67295,4,3.0207970256767746e-5,3,2
67295,6,1.47843173036528e-4,3,2
67295,17,0,3,2
67295,8,7.416512944971052e-5,3,2
67295,2,1.0558835863979453e-5,3,2
67295,10,2.265331796631545e-5,3,2
67295,16,0,3,2
67295,12,2.6758877759425646e-6,3,2
67456,18,1.818017645679269e-6,6,3
67456,11,3.3315648276706447e-6,6,3
67456,15,0,6,3
67456,7,7.658944153276918e-7,6,3
67456,9,1.775085328351734e-6,6,3
67456,5,8.34779953991699e-6,6,3
67456,3,2.289651046990892e-4,6,3
67456,13,3.857178949317311e-6,6,3
67456,4,9.726302511245e-5,6,3
67456,6,7.318968962204357e-7,6,3
67456,17,0,6,3
67456,8,3.9449536941335384e-6,6,3
67456,2,2.452898793016765e-4,6,3
67456,10,2.792874817764918e-6,6,3
67456,16,3.3880480506526733e-7,6,3
67456,12,1.3379438879712823e-6,6,3
67505,18,0,6,3
67505,11,2.9151192242118143e-6,6,3
67505,15,0,6,3
67505,7,1.1488416229915376e-5,6,3
67505,9,1.0295494904440057e-5,6,3
67505,5,5.565199693277994e-6,6,3
67505,3,6.023820162894886e-5,6,3
67505,13,4.178610528427088e-6,6,3
67505,4,1.8257564440903584e-5,6,3
67505,6,1.5857766084776105e-5,6,3
67505,17,1.2222000415548017e-6,6,3
67505,8,9.862384235333846e-6,6,3
67505,2,8.528290505521865e-5,6,3
67505,10,4.344471938745428e-6,6,3
67505,16,0,6,3
67505,12,1.3379438879712823e-6,6,3
67673,18,0.00257582800098657,1,6
67673,11,0.00348939771138154,1,6
67673,15,0.00338998052752699,1,6
67673,7,0.00274037021804248,1,6
67673,9,0.00311243461473193,1,6
67673,5,0.0034683119517036,1,6
67673,3,8.541237544403197e-5,1,6
67673,13,0.00383082155983031,1,6
67673,4,4.0299424056830816e-4,1,6
67673,6,0.00293783414142882,1,6
67673,17,0.00273283929291653,1,6
67673,8,0.00290861435868465,1,6
67673,2,9.286360772679363e-5,1,6
67673,10,0.00311064190814172,1,6
67673,16,0.00301739559391127,1,6
67673,12,0.00339436364378314,1,6
67687,18,1.5150147047327242e-6,4,1
67687,11,1.332625931068258e-5,4,1
67687,15,6.322231494828415e-7,4,1
67687,7,4.250714005068689e-5,4,1
67687,9,4.082696255208988e-5,4,1
67687,5,0,4,1
67687,3,7.4923136354414e-6,4,1
67687,13,7.392926319524847e-6,4,1
67687,4,2.19090773290843e-5,4,1
67687,6,6.318709870703094e-5,4,1
67687,17,1.2222000415548017e-6,4,1
67687,8,5.365137024021612e-5,4,1
67687,2,1.9493235441192836e-5,4,1
67687,10,2.9790664722825795e-5,4,1
67687,16,6.776096101305347e-7,4,1
67687,12,1.3713924851705643e-5,4,1
67900,18,0,3,2
67900,11,2.082228017294153e-6,3,2
67900,15,0,3,2
67900,7,4.250714005068689e-5,3,2
67900,9,1.7040819152176645e-5,3,2
67900,5,1.5781316273081168e-4,3,2
67900,3,5.604250599310168e-5,3,2
67900,13,0,3,2
67900,4,6.838287772411161e-5,3,2
67900,6,8.368021180120313e-5,3,2
67900,17,0,3,2
67900,8,3.4715592508375136e-5,3,2
67900,2,2.8969113780661572e-5,3,2
67900,10,8.999263301686958e-6,3,2
67900,16,0,3,2
67900,12,4.0138316639138475e-6,3,2
68013,18,0,6,3
68013,11,4.164456034588306e-7,6,3
68013,15,0,6,3
68013,7,1.9147360383192295e-6,6,3
68013,9,7.100341313406935e-7,6,3
68013,5,1.3117970705583842e-5,6,3
68013,3,1.2587086907541554e-4,6,3
68013,13,0,6,3
68013,4,3.85068631844512e-5,6,3
68013,6,3.4155188490287e-6,6,3
68013,17,0,6,3
68013,8,3.5504583247201844e-6,6,3
68013,2,1.2020828522068916e-4,6,3
68013,10,0,6,3
68013,16,0,6,3
68013,12,1.003457915978462e-6,6,3
68014,18,0,6,3
68014,11,1.249336810376492e-6,6,3
68014,15,2.528892597931366e-6,6,3
68014,7,1.1105469022251533e-5,6,3
68014,9,2.840136525362774e-6,6,3
68014,5,3.180114110444568e-6,6,3
68014,3,7.70209841723376e-5,6,3
68014,13,3.857178949317311e-6,6,3
68014,4,1.9917343026440273e-5,6,3
68014,6,1.1466384707453492e-5,6,3
68014,17,3.666600124664405e-6,6,3
68014,8,1.9724768470667692e-6,6,3
68014,2,5.739674879906779e-5,6,3
68014,10,0,6,3
68014,16,1.016414415195802e-6,6,3
68014,12,6.689719439856411e-7,6,3
68064,18,0,6,3
68064,11,4.580901638047136e-6,6,3
68064,15,6.006119920086994e-6,6,3
68064,7,1.4054162521263144e-4,6,3
68064,9,4.047194548641953e-5,6,3
68064,5,5.314765707080484e-4,6,3
68064,3,1.6842721052472267e-4,6,3
68064,13,1.0607242110622609e-5,6,3
68064,4,2.1245165894869623e-4,6,3
68064,6,2.642147795355773e-4,6,3
68064,17,2.0370000692580023e-6,6,3
68064,8,1.128256756522192e-4,6,3
68064,2,1.8897608802711944e-4,6,3
68064,10,3.537641435835563e-5,6,3
68064,16,0,6,3
68064,12,5.68626152387795e-6,6,3
68265,18,0,6,3
68265,11,3.3315648276706447e-6,6,3
68265,15,0,6,3
68265,7,6.586691971818149e-5,6,3
68265,9,2.343112633424289e-5,6,3
68265,5,2.1783781656545292e-4,6,3
68265,3,4.045849363138356e-5,6,3
68265,13,2.892884211987984e-6,6,3
68265,4,1.0290627230327474e-4,6,3
68265,6,1.092966031689184e-4,6,3
68265,17,0,6,3
68265,8,3.826605083309533e-5,6,3
68265,2,4.927456736523744e-5,6,3
68265,10,6.2063884839220405e-6,6,3
68265,16,0,6,3
68265,12,2.6758877759425646e-6,6,3
68282,18,0,6,3
68282,11,7.496020862258951e-6,6,3
68282,15,1.8966694484485244e-6,6,3
68282,7,1.033957460692384e-5,6,3
68282,9,1.1715563167121444e-5,6,3
68282,5,2.4248370092139832e-5,6,3
68282,3,3.1467717268853885e-5,6,3
68282,13,5.464336844866191e-6,6,3
68282,4,1.4606051552722867e-5,6,3
68282,6,1.6345697348923063e-5,6,3
68282,17,1.2222000415548017e-6,6,3
68282,8,1.1045870343573907e-5,6,3
68282,2,2.5990980588257112e-5,6,3
68282,10,6.2063884839220405e-6,6,3
68282,16,0,6,3
68282,12,6.689719439856412e-6,6,3
68320,18,0,6,3
68320,11,1.249336810376492e-6,6,3
68320,15,3.1611157474142073e-7,6,3
68320,7,4.748545375031689e-5,6,3
68320,9,1.1715563167121444e-5,6,3
68320,5,1.359498782215053e-4,6,3
68320,3,1.0309423562367367e-4,6,3
68320,13,9.642947373293278e-7,6,3
68320,4,8.033328353997576e-5,6,3
68320,6,7.026210203716183e-5,6,3
68320,17,0,6,3
68320,8,2.0119263840081044e-5,6,3
68320,2,1.3482821180158376e-4,6,3
68320,10,8.999263301686958e-6,6,3
68320,16,3.3880480506526733e-7,6,3
68320,12,3.344859719928206e-7,6,3
68417,18,0.00297367086244939,1,6
68417,11,0.01239966784298668,1,6
68417,15,0.00384296841413145,1,6
68417,7,0.00142341477088651,1,6
68417,9,0.01338591846110042,1,6
68417,5,5.688429115057721e-4,1,6
68417,3,1.0669054616868556e-4,1,6
68417,13,0.00645306038220786,1,6
68417,4,1.0058258228352338e-4,1,6
68417,6,4.730493605904749e-4,1,6
68417,17,0.00311172130579852,1,6
68417,8,0.00659951303491599,1,6
68417,2,6.443597270838743e-5,1,6
68417,10,0.01309454874280291,1,6
68417,16,0.00331012294548766,1,6
68417,12,0.0097743490735742,1,6
68421,18,3.030029409465449e-7,6,3
68421,11,0,6,3
68421,15,3.1611157474142073e-7,6,3
68421,7,0,6,3
68421,9,1.775085328351734e-6,6,3
68421,5,5.962713957083565e-6,6,3
68421,3,6.233604944687245e-5,6,3
68421,13,9.642947373293278e-7,6,3
68421,4,5.3112914737174064e-5,6,3
68421,6,4.879312641469571e-7,6,3
68421,17,0,6,3
68421,8,7.889907388267076e-7,6,3
68421,2,6.985076033094099e-5,6,3
68421,10,9.30958272588306e-7,6,3
68421,16,0,6,3
68421,12,6.689719439856411e-7,6,3
68453,18,0,5,9
68453,11,9.578248879553104e-6,5,9
68453,15,0,5,9
68453,7,2.948693499011613e-5,5,9
68453,9,1.9525938611869072e-5,5,9
68453,5,2.345334156452869e-5,5,9
68453,3,1.1688009271288583e-5,5,9
68453,13,6.750063161305295e-6,5,9
68453,4,6.639114342146758e-6,5,9
68453,6,4.65974357260344e-5,5,9
68453,17,0,5,9
68453,8,2.7220180489521417e-5,5,9
68453,2,0,5,9
68453,10,1.7998526603373917e-5,5,9
68453,16,0,5,9
68453,12,9.031121243806157e-6,5,9
68505,18,4.7601762022702194e-4,1,6
68505,11,7.208673395872358e-4,1,6
68505,15,3.635283109526338e-4,1,6
68505,7,2.695948341953475e-4,1,6
68505,9,4.008142671418215e-4,1,6
68505,5,5.088182576711309e-5,1,6
68505,3,6.713113017355495e-5,1,6
68505,13,6.158629055743307e-4,1,6
68505,4,6.30715862503942e-5,1,6
68505,6,3.332570534123717e-4,1,6
68505,17,3.939558133944977e-4,1,6
68505,8,3.988348184769007e-4,1,6
68505,2,8.230477186281419e-5,1,6
68505,10,8.713769431426545e-4,1,6
68505,16,3.781061624528384e-4,1,6
68505,12,7.244966153364494e-4,1,6
68684,18,0,6,3
68684,11,2.248806258677685e-5,6,3
68684,15,7.5866777937940976e-6,6,3
68684,7,4.4689939134370815e-4,6,3
68684,9,1.32066348429369e-4,6,3
68684,5,0.00155229320016075,6,3
68684,3,6.419414322846192e-4,6,3
68684,13,7.392926319524847e-6,6,3
68684,4,7.060698102873077e-4,6,3
68684,6,7.267736179468926e-4,6,3
68684,17,0,6,3
68684,8,2.8324767523878804e-4,6,3
68684,2,5.203610905273976e-4,6,3
68684,10,6.609803735376973e-5,6,3
68684,16,1.016414415195802e-6,6,3
68684,12,1.605532665565539e-5,6,3
68701,18,0,5,9
68701,11,6.663129655341289e-6,5,9
68701,15,8.85112409275978e-6,5,9
68701,7,3.906061518171228e-5,5,9
68701,9,8.520409576088322e-6,5,9
68701,5,1.192542791416713e-5,5,9
68701,3,2.1278170724653576e-5,5,9
68701,13,1.9285894746586556e-6,5,9
68701,4,7.303025776361434e-6,5,9
68701,6,5.025692020713658e-5,5,9
68701,17,0,5,9
68701,8,4.931192117666923e-5,5,9
68701,2,0,5,9
68701,10,1.955012372435443e-5,5,9
68701,16,1.016414415195802e-6,5,9
68701,12,1.3044952907720003e-5,5,9
68989,18,9.090088228396344e-7,6,3
68989,11,1.249336810376492e-6,6,3
68989,15,0,6,3
68989,7,4.595366491966151e-6,6,3
68989,9,4.260204788044161e-6,6,3
68989,5,1.51055420246117e-5,6,3
68989,3,4.405480417639543e-5,6,3
68989,13,0,6,3
68989,4,8.298892927683448e-6,6,3
68989,6,5.855175169763485e-6,6,3
68989,17,1.2222000415548017e-6,6,3
68989,8,3.5504583247201844e-6,6,3
68989,2,9.611248030032576e-5,6,3
68989,10,2.172235969372714e-6,6,3
68989,16,0,6,3
68989,12,3.344859719928206e-7,6,3
69185,18,3.030029409465449e-7,6,3
69185,11,3.3315648276706447e-6,6,3
69185,15,0,6,3
69185,7,1.9913254798519984e-5,6,3
69185,9,7.100341313406936e-6,6,3
69185,5,3.4186226687279104e-5,6,3
69185,3,7.252559599107275e-5,6,3
69185,13,3.2143157910977595e-6,6,3
69185,4,3.6847084598914504e-5,6,3
69185,6,2.39086319432009e-5,6,3
69185,17,0,6,3
69185,8,3.5504583247201844e-6,6,3
69185,2,5.496009436891869e-5,6,3
69185,10,1.0240540998471368e-5,6,3
69185,16,0,6,3
69185,12,1.3379438879712823e-6,6,3
69231,18,2.7270264685189036e-6,6,3
69231,11,7.91246646571778e-6,6,3
69231,15,9.483347242242622e-7,6,3
69231,7,8.884375217801225e-5,6,3
69231,9,2.6981296990946353e-5,6,3
69231,5,2.850177271485944e-4,6,3
69231,3,7.219593419111334e-4,6,3
69231,13,3.2143157910977594e-7,6,3
69231,4,4.697173397068831e-4,6,3
69231,6,1.4393972292335233e-4,6,3
69231,17,2.0370000692580023e-6,6,3
69231,8,4.655045359077575e-5,6,3
69231,2,7.781049813609473e-4,6,3
69231,10,2.172235969372714e-5,6,3
69231,16,2.3716336354568714e-6,6,3
69231,12,7.358691383842053e-6,6,3
69353,18,6.060058818930897e-7,4,1
69353,11,1.2493368103764918e-5,4,1
69353,15,1.264446298965683e-6,4,1
69353,7,2.7955146159460747e-5,4,1
69353,9,1.7750853283517338e-5,4,1
69353,5,2.782599846638997e-6,4,1
69353,3,3.686218308637169e-5,4,1
69353,13,5.7857684239759675e-6,4,1
69353,4,4.64738003950273e-6,4,1
69353,6,1.36620753961148e-5,4,1
69353,17,8.148000277032009e-7,4,1
69353,8,1.02568796047472e-5,4,1
69353,2,2.2471368633597296e-5,4,1
69353,10,1.3343735240432387e-5,4,1
69353,16,3.3880480506526733e-7,4,1
69353,12,3.0103737479353854e-6,4,1
69464,18,0,4,1
69464,11,1.374270491414141e-5,4,1
69464,15,2.8450041726727866e-6,4,1
69464,7,4.17412456353592e-5,4,1
69464,9,2.2366075137231847e-5,4,1
69464,5,6.360228220889136e-6,4,1
69464,3,5.903943144727823e-5,4,1
69464,13,3.2143157910977595e-6,4,1
69464,4,5.145313615163737e-5,4,1
69464,6,5.1232782735430494e-5,4,1
69464,17,0,4,1
69464,8,3.234862029189501e-5,4,1
69464,2,1.1858384893392308e-4,4,1
69464,10,1.3964374088824591e-5,4,1
69464,16,3.3880480506526733e-7,4,1
69464,12,2.6758877759425646e-6,4,1
69750,18,0,6,3
69750,11,1.249336810376492e-6,6,3
69750,15,0,6,3
69750,7,2.680630453646921e-6,6,3
69750,9,7.455358379077282e-6,6,3
69750,5,1.3117970705583842e-5,6,3
69750,3,5.664189108393699e-5,6,3
69750,13,0,6,3
69750,4,2.0249298743547612e-5,6,3
69750,6,7.3189689622043564e-6,6,3
69750,17,0,6,3
69750,8,1.5779814776534152e-6,6,3
69750,2,5.387713684440797e-5,6,3
69750,10,3.723833090353224e-6,6,3
69750,16,0,6,3
69750,12,2.006915831956924e-6,6,3
69864,18,6.060058818930897e-6,4,1
69864,11,2.9984083449035804e-5,4,1
69864,15,1.0115570391725463e-5,4,1
69864,7,6.242039484920688e-5,4,1
69864,9,3.5856723632705024e-5,4,1
69864,5,5.167685429472423e-6,4,1
69864,3,4.405480417639543e-5,4,1
69864,13,2.7321684224330956e-5,4,1
69864,4,1.9585387309332937e-5,4,1
69864,6,6.782244571642704e-5,4,1
69864,17,6.5184002216256075e-6,4,1
69864,8,4.418348137429563e-5,4,1
69864,2,3.2217986354193716e-5,4,1
69864,10,7.044250929251516e-5,4,1
69864,16,1.0502948957023288e-5,4,1
69864,12,2.5086447899461545e-5,4,1
69878,18,0,6,3
69878,11,4.580901638047136e-6,6,3
69878,15,0,6,3
69878,7,8.807785776268455e-6,6,3
69878,9,2.840136525362774e-6,6,3
69878,5,3.97514263805571e-6,6,3
69878,3,4.97489625393309e-5,6,3
69878,13,1.6071578955488798e-6,6,3
69878,4,3.917077461866587e-5,6,3
69878,6,1.171035033952697e-5,6,3
69878,17,2.0370000692580023e-6,6,3
69878,8,1.9724768470667692e-6,6,3
69878,2,5.7938227561323145e-5,6,3
69878,10,3.1031942419610203e-6,6,3
69878,16,0,6,3
69878,12,1.003457915978462e-6,6,3
69938,18,4.848047055144717e-6,3,2
69938,11,9.911405362320168e-5,3,2
69938,15,1.67539134612953e-5,3,2
69938,7,9.451137085143716e-4,3,2
69938,9,3.280357686794004e-4,3,2
69938,5,0.00253296088896909,3,2
69938,3,5.094773272100153e-6,3,2
69938,13,2.989313685720916e-5,3,2
69938,4,5.195106972729838e-4,3,2
69938,6,0.00142622308510155,3,2
69938,17,8.55540029088361e-6,3,2
69938,8,5.566329662422423e-4,3,2
69938,2,1.0017357101724096e-5,3,2
69938,10,1.7812334948856255e-4,3,2
69938,16,1.2535777787414892e-5,3,2
69938,12,5.552467135080822e-5,3,2
70118,18,0,4,1
70118,11,6.663129655341289e-6,4,1
70118,15,1.5805578737071037e-6,4,1
70118,7,1.1105469022251533e-5,4,1
70118,9,9.230443707429015e-6,4,1
70118,5,4.372656901861281e-6,4,1
70118,3,1.198770181670624e-5,4,1
70118,13,2.250021053768432e-6,4,1
70118,4,1.261431725007884e-5,4,1
70118,6,2.2932769414906984e-5,4,1
70118,17,8.148000277032009e-7,4,1
70118,8,1.0651374974160553e-5,4,1
70118,2,5.0357524889748154e-5,4,1
70118,10,6.827027332314245e-6,4,1
70118,16,1.3552192202610691e-6,4,1
70118,12,8.027663327827695e-6,4,1
70345,18,7.526593053112173e-4,1,6
70345,11,0.00139425988038016,1,6
70345,15,0.00117372227701489,1,6
70345,7,0.00122351632848598,1,6
70345,9,0.00129226211904006,1,6
70345,5,0.00144377180614183,1,6
70345,3,2.9369869450930292e-5,1,6
70345,13,0.00127608336906581,1,6
70345,4,2.1975468472505767e-4,1,6
70345,6,0.00132863683227216,1,6
70345,17,9.150204311106948e-4,1,6
70345,8,0.0013089356357135,1,6
70345,2,2.8427635018406217e-5,1,6
70345,10,0.00124531184929895,1,6
70345,16,9.537355262587276e-4,1,6
70345,12,0.00137507183086248,1,6
70546,18,0,3,2
70546,11,0,3,2
70546,15,0,3,2
70546,7,2.1062096421511525e-5,3,2
70546,9,1.3845665561143525e-5,3,2
70546,5,7.433516733164177e-5,3,2
70546,3,5.993850908353121e-7,3,2
70546,13,1.2857263164391038e-6,3,2
70546,4,3.1867748842304434e-5,3,2
70546,6,4.806122951847528e-5,3,2
70546,17,0,3,2
70546,8,2.2486236056561167e-5,3,2
70546,2,1.0558835863979453e-5,3,2
70546,10,4.034152514549326e-6,3,2
70546,16,0,3,2
70546,12,3.344859719928206e-6,3,2
70562,18,0,3,2
70562,11,3.748010431129475e-6,3,2
70562,15,9.483347242242622e-7,3,2
70562,7,5.1314925826955346e-5,3,2
70562,9,1.100552903578075e-5,3,2
70562,5,1.407200493871721e-4,3,2
70562,3,1.048923908961796e-5,3,2
70562,13,0,3,2
70562,4,4.2490331789739246e-5,3,2
70562,6,7.367762088619052e-5,3,2
70562,17,0,3,2
70562,8,2.0908254578907753e-5,3,2
70562,2,1.9763974822320512e-5,3,2
70562,10,4.034152514549326e-6,3,2
70562,16,0,3,2
70562,12,1.3379438879712823e-6,3,2
70768,18,0,3,2
70768,11,1.290981370722375e-5,3,2
70768,15,6.322231494828415e-7,3,2
70768,7,2.328319022596183e-4,3,2
70768,9,5.9997884098288605e-5,3,2
70768,5,7.294386740832228e-4,3,2
70768,3,5.993850908353121e-7,3,2
70768,13,8.035789477744399e-6,3,2
70768,4,2.101279689289449e-4,3,2
70768,6,4.0522691487404784e-4,3,2
70768,17,0,3,2
70768,8,1.3610090244760707e-4,3,2
70768,2,1.6244362867660695e-6,3,2
70768,10,3.4445456085767324e-5,3,2
70768,16,1.6940240253263368e-6,3,2
70768,12,6.689719439856412e-6,3,2
70957,18,0,3,2
70957,11,1.290981370722375e-5,3,2
70957,15,1.5805578737071037e-6,3,2
70957,7,2.1981169719904753e-4,3,2
70957,9,7.384354965943212e-5,3,2
70957,5,5.724205398800222e-4,3,2
70957,3,1.288677945295921e-5,3,2
70957,13,5.464336844866191e-6,3,2
70957,4,1.1452472240203156e-4,3,2
70957,6,3.3569670973310645e-4,3,2
70957,17,0,3,2
70957,8,1.6687154126184868e-4,3,2
70957,2,3.194724697306603e-5,3,2
70957,10,4.0651844569689366e-5,3,2
70957,16,1.016414415195802e-6,3,2
70957,12,1.0034579159784618e-5,3,2
71013,18,2.7270264685189036e-6,3,2
71013,11,6.371617732920108e-5,3,2
71013,15,7.270566219052677e-6,3,2
71013,7,4.166465619382643e-4,3,2
71013,9,1.4839713345020494e-4,3,2
71013,5,0.00106692828405415,3,2
71013,3,6.593235999188433e-5,3,2
71013,13,1.4464421059939918e-5,3,2
71013,4,2.8979734103470596e-4,3,2
71013,6,6.230882243156642e-4,3,2
71013,17,1.629600055406402e-6,3,2
71013,8,2.548440086410266e-4,3,2
71013,2,6.118710013485529e-5,3,2
71013,10,8.968231359267349e-5,3,2
71013,16,6.098486491174813e-6,3,2
71013,12,2.241056012351898e-5,3,2
71059,18,4.848047055144717e-6,3,2
71059,11,1.265994634514845e-4,3,2
71059,15,2.054725235819235e-5,3,2
71059,7,0.00111590816313244,3,2
71059,9,4.139498985716243e-4,3,2
71059,5,0.00282473635860238,3,2
71059,3,1.12384704531621e-4,3,2
71059,13,3.567890528118513e-5,3,2
71059,4,7.389334262809342e-4,3,2
71059,6,0.00155479297320427,3,2
71059,17,2.444400083109603e-6,3,2
71059,8,6.757705678050751e-4,3,2
71059,2,7.47240691912392e-5,3,2
71059,10,2.00776667454878e-4,3,2
71059,16,8.470120126631683e-6,3,2
71059,12,7.124551203447079e-5,3,2
71073,18,0,6,3
71073,11,1.332625931068258e-5,6,3
71073,15,0,6,3
71073,7,7.275996945613072e-6,6,3
71073,9,3.905187722373815e-6,6,3
71073,5,2.2658313036917547e-5,6,3
71073,3,2.4634727233331324e-4,6,3
71073,13,1.2857263164391038e-6,6,3
71073,4,1.015784494348454e-4,6,3
71073,6,8.782762754645228e-6,6,3
71073,17,1.629600055406402e-6,6,3
71073,8,7.495412018853722e-6,6,3
71073,2,1.1858384893392308e-4,6,3
71073,10,1.6757248906589508e-5,6,3
71073,16,1.016414415195802e-6,6,3
71073,12,1.3379438879712823e-6,6,3
71102,18,0,6,3
71102,11,2.498673620752984e-6,6,3
71102,15,0,6,3
71102,7,1.1871363437579225e-5,6,3
71102,9,1.2780614364132484e-5,6,3
71102,5,1.987571319027855e-6,6,3
71102,3,1.3006656471126272e-4,6,3
71102,13,0,6,3
71102,4,2.4564723065943004e-5,6,3
71102,6,1.7321559877216978e-5,6,3
71102,17,0,6,3
71102,8,8.28440275768043e-6,6,3
71102,2,3.384242264095978e-5,6,3
71102,10,1.861916545176612e-6,6,3
71102,16,0,6,3
71102,12,3.0103737479353854e-6,6,3
71112,18,1.5150147047327242e-6,3,2
71112,11,3.8312995518212416e-5,3,2
71112,15,5.373896770604152e-6,3,2
71112,7,4.817475872411181e-4,3,2
71112,9,1.5443242356660085e-4,3,2
71112,5,0.00133763549770574,3,2
71112,3,1.948001545214764e-5,3,2
71112,13,1.1571536847951937e-5,3,2
71112,4,3.190094441401517e-4,3,2
71112,6,8.233840082479901e-4,3,2
71112,17,6.111000207774007e-6,3,2
71112,8,3.3098161493780385e-4,3,2
71112,2,1.082957524510713e-6,3,2
71112,10,7.354570353447617e-5,3,2
71112,16,3.0492432455874064e-6,3,2
71112,12,3.746242886319591e-5,3,2
71132,18,1.5150147047327242e-6,4,1
71132,11,1.874005215564738e-5,4,1
71132,15,2.212781023189945e-6,4,1
71132,7,5.16978730346192e-5,4,1
71132,9,5.0767440390859586e-05,4,1
71132,5,1.192542791416713e-6,4,1
71132,3,1.048923908961796e-5,4,1
71132,13,8.035789477744399e-6,4,1
71132,4,0,4,1
71132,6,7.660520847107226e-5,4,1
71132,17,4.481400152367605e-6,4,1
71132,8,4.023852768016209e-5,4,1
71132,2,2.707393811276783e-7,4,1
71132,10,2.917002587443359e-5,4,1
71132,16,2.7104384405221387e-6,4,1
71132,12,1.170700901974872e-5,4,1
71341,18,1.3332129401647972e-5,4,1
71341,11,8.745357672635442e-5,4,1
71341,15,1.8650582909743822e-5,4,1
71341,7,1.3479741709767376e-4,4,1
71341,9,9.514457359965292e-5,4,1
71341,5,1.2322942177972702e-5,4,1
71341,3,2.0049431288441188e-4,4,1
71341,13,3.953608423050245e-5,4,1
71341,4,1.287988182376471e-4,4,1
71341,6,1.6809232049862672e-4,4,1
71341,17,1.2222000415548014e-5,4,1
71341,8,1.392568654029139e-4,4,1
71341,2,2.5449501826001756e-4,4,1
71341,10,1.675724890658951e-4,4,1
71341,16,1.5923825838067564e-5,4,1
71341,12,5.585915732280104e-5,4,1
71395,18,7.878076464610166e-6,3,2
71395,11,1.2826524586531982e-4,3,2
71395,15,1.770224818551956e-5,3,2
71395,7,0.00167194750866035,3,2
71395,9,4.973789090041558e-4,3,2
71395,5,0.00493434455661855,3,2
71395,3,1.7382167634224048e-5,3,2
71395,13,3.2143157910977595e-5,3,2
71395,4,0.00128002124516589,3,2
71395,6,0.0026050650192806,3,2
71395,17,8.14800027703201e-6,3,2
71395,8,0.00101582557623938,3,2
71395,2,2.1117671727958906e-5,3,2
71395,10,2.2063711060342852e-4,3,2
71395,16,1.3213387397545428e-5,3,2
71395,12,8.261803508222669e-5,3,2
71614,18,0,3,2
71614,11,1.249336810376492e-6,3,2
71614,15,0,3,2
71614,7,6.356923647219842e-5,3,2
71614,9,2.5916245793935316e-5,3,2
71614,5,2.7229727070681613e-4,3,2
71614,3,1.138831672587093e-5,3,2
71614,13,2.892884211987984e-6,3,2
71614,4,1.341101097113645e-4,3,2
71614,6,1.1588367523490232e-4,3,2
71614,17,0,3,2
71614,8,2.485320827304129e-5,3,2
71614,2,0,3,2
71614,10,6.827027332314245e-6,3,2
71614,16,1.016414415195802e-6,3,2
71614,12,3.344859719928206e-7,3,2
71828,18,0,3,2
71828,11,8.328912069176612e-6,3,2
71828,15,0,3,2
71828,7,8.960964659333993e-5,3,2
71828,9,1.9170921546198727e-5,3,2
71828,5,3.402722098175688e-4,3,2
71828,3,5.993850908353121e-7,3,2
71828,13,2.250021053768432e-6,3,2
71828,4,1.5170376271805342e-4,3,2
71828,6,1.8151043026266804e-4,3,2
71828,17,0,3,2
71828,8,4.812843506842917e-5,3,2
71828,2,2.707393811276783e-7,3,2
71828,10,6.5167079081181426e-6,3,2
71828,16,0,3,2
71828,12,2.341401803949744e-6,3,2
72036,18,0,3,2
72036,11,4.164456034588306e-7,3,2
72036,15,0,3,2
72036,7,2.5657462913477673e-5,3,2
72036,9,3.195153591033121e-6,3,2
72036,5,8.50680524543922e-5,3,2
72036,3,9.889853998782648e-6,3,2
72036,13,2.5714526328782076e-6,3,2
72036,4,2.7220368802801707e-5,3,2
72036,6,4.78172638864018e-5,3,2
72036,17,0,3,2
72036,8,1.3018347190640676e-5,3,2
72036,2,1.1371054007362486e-5,3,2
72036,10,3.723833090353224e-6,3,2
72036,16,0,3,2
72036,12,1.672429859964103e-6,3,2
72075,18,5.454052937037807e-6,3,2
72075,11,4.5392570777012536e-5,3,2
72075,15,1.1063905115949725e-5,3,2
72075,7,5.104686278159066e-4,3,2
72075,9,1.3384143375772074e-4,3,2
72075,5,0.00132093989862591,3,2
72075,3,1.798155272505936e-6,3,2
72075,13,1.4785852639049696e-5,3,2
72075,4,3.243207356138691e-4,3,2
72075,6,7.287253430034804e-4,3,2
72075,17,1.629600055406402e-6,3,2
72075,8,3.2269721218012345e-4,3,2
72075,2,3.248872573532139e-6,3,2
72075,10,9.061327186526178e-5,3,2
72075,16,1.016414415195802e-6,3,2
72075,12,3.0772709423339493e-5,3,2
72084,18,0.00551253250464049,1,6
72084,11,0.004647949380204,1,6
72084,15,0.00446950155526894,1,6
72084,7,0.00283419228392012,1,6
72084,9,0.00444836383284944,1,6
72084,5,1.51055420246117e-5,1,6
72084,3,1.8461060797727612e-4,1,6
72084,13,0.00454954257071976,1,6
72084,4,5.211704758585205e-5,1,6
72084,6,0.00237890887834848,1,6
72084,17,0.00535649538212084,1,6
72084,8,0.00346958677399044,1,6
72084,2,1.6867063444254355e-4,1,6
72084,10,0.00486642921024327,1,6
72084,16,0.00526773710915477,1,6
72084,12,0.00454298847160648,1,6
72199,18,2.7270264685189036e-6,3,2
72199,11,3.789654991475358e-5,3,2
72199,15,2.212781023189945e-6,3,2
72199,7,4.64514962896245e-4,3,2
72199,9,1.093452562264668e-4,3,2
72199,5,0.00135552363957699,3,2
72199,3,3.176740981427154e-5,3,2
72199,13,4.178610528427088e-6,3,2
72199,4,4.3287025510796857e-4,3,2
72199,6,6.787123884284173e-4,3,2
72199,17,2.851800096961203e-6,3,2
72199,8,2.505045595774797e-4,3,2
72199,2,1.1100314626234808e-5,3,2
72199,10,6.982187044412296e-5,3,2
72199,16,3.3880480506526736e-6,3,2
72199,12,1.2375980963734362e-5,3,2
72240,18,1.2120117637861791e-6,6,3
72240,11,4.997347241505968e-6,6,3
72240,15,0,6,3
72240,7,1.9147360383192297e-5,6,3
72240,9,8.165392510417976e-6,6,3
72240,5,2.9018541257806684e-5,6,3
72240,3,1.3725918580128645e-4,6,3
72240,13,1.6071578955488798e-6,6,3
72240,4,1.5004398413251673e-4,6,3
72240,6,2.5616391367715247e-5,6,3
72240,17,2.0370000692580023e-6,6,3
72240,8,1.2229356451813967e-5,6,3
72240,2,2.864422652330836e-4,6,3
72240,10,1.4274693513020692e-5,6,3
72240,16,2.032828830391604e-6,6,3
72240,12,6.020747495870771e-6,6,3
72254,18,0,6,3
72254,11,1.4992041724517902e-5,6,3
72254,15,6.322231494828415e-7,6,3
72254,7,3.331640706675459e-5,6,3
72254,9,2.6981296990946353e-5,6,3
72254,5,3.617379800630696e-5,6,3
72254,3,4.579302093981784e-4,6,3
72254,13,4.178610528427088e-6,6,3
72254,4,2.4398745207389336e-4,6,3
72254,6,4.31819168770057e-5,6,3
72254,17,2.851800096961203e-6,6,3
72254,8,2.9192657336588184e-5,6,3
72254,2,5.877751964281895e-4,6,3
72254,10,2.2342998542119345e-5,6,3
72254,16,1.016414415195802e-6,6,3
72254,12,1.0369065131777438e-5,6,3
72320,18,2.7270264685189036e-6,6,3
72320,11,8.745357672635443e-6,6,3
72320,15,0,6,3
72320,7,9.573680191596149e-6,6,3
72320,9,6.390307182066242e-6,6,3
72320,5,2.6235941411167685e-5,6,3
72320,3,1.9300199924897048e-4,6,3
72320,13,2.5714526328782076e-6,6,3
72320,4,8.796826503344454e-5,6,3
72320,6,9.270694018792184e-6,6,3
72320,17,0,6,3
72320,8,9.467888865920491e-6,6,3
72320,2,2.4474840053942116e-4,6,3
72320,10,1.861916545176612e-6,6,3
72320,16,1.016414415195802e-6,6,3
72320,12,2.6758877759425646e-6,6,3
72393,18,1.5150147047327242e-5,6,3
72393,11,4.247745155280072e-5,6,3
72393,15,1.0747793541208303e-5,6,3
72393,7,6.548397251051764e-5,6,3
72393,9,3.692177482971606e-5,6,3
72393,5,1.2402445030733816e-4,6,3
72393,3,2.2057371342739483e-4,6,3
72393,13,1.6071578955488798e-5,6,3
72393,4,6.041594051353549e-5,6,3
72393,6,9.953797788597924e-5,6,3
72393,17,6.5184002216256075e-6,6,3
72393,8,5.522935171786953e-5,6,3
72393,2,2.1361337170973813e-4,6,3
72393,10,4.903046902298411e-5,6,3
72393,16,8.131315321566416e-6,6,3
72393,12,3.0438223451346675e-5,6,3
72427,18,3.636035291358538e-6,6,3
72427,11,1.290981370722375e-5,6,3
72427,15,1.8966694484485244e-6,6,3
72427,7,9.573680191596149e-6,6,3
72427,9,1.2425597298462135e-5,6,3
72427,5,5.167685429472423e-6,6,3
72427,3,3.6562490540954035e-5,6,3
72427,13,3.2143157910977594e-7,6,3
72427,4,1.7593653006688906e-5,6,3
72427,6,2.366466631112742e-5,6,3
72427,17,8.148000277032009e-7,6,3
72427,8,9.862384235333846e-6,6,3
72427,2,5.144048241425887e-5,6,3
72427,10,1.3033415816236283e-5,6,3
72427,16,1.016414415195802e-6,6,3
72427,12,5.017289579892309e-6,6,3
72940,18,0,3,2
72940,11,8.328912069176612e-7,3,2
72940,15,3.1611157474142073e-7,3,2
72940,7,2.1827990836839215e-5,3,2
72940,9,2.840136525362774e-6,3,2
72940,5,7.075753895739164e-5,3,2
72940,3,0,3,2
72940,13,0,3,2
72940,4,2.5560590217265015e-5,3,2
72940,6,4.1718123084564834e-5,3,2
72940,17,0,3,2
72940,8,1.2229356451813967e-5,3,2
72940,2,2.707393811276783e-7,3,2
72940,10,8.999263301686958e-6,3,2
72940,16,0,3,2
72940,12,6.689719439856411e-7,3,2
73304,18,3.333032350411993e-6,6,3
73304,11,1.7490715345270886e-5,6,3
73304,15,2.528892597931366e-6,6,3
73304,7,4.748545375031689e-5,6,3
73304,9,4.011692842074919e-5,6,3
73304,5,2.345334156452869e-5,6,3
73304,3,4.300588026743364e-4,6,3
73304,13,3.5357473702075353e-6,6,3
73304,4,2.303772676724925e-4,6,3
73304,6,9.734228719731792e-5,6,3
73304,17,4.074000138516005e-6,6,3
73304,8,3.7871555463681965e-5,6,3
73304,2,3.311142631191505e-4,6,3
73304,10,2.203267911792324e-5,6,3
73304,16,4.404462465848476e-6,6,3
73304,12,7.693177355834873e-6,6,3
73351,18,3.0300294094654485e-6,6,3
73351,11,2.498673620752984e-6,6,3
73351,15,7.902789368535517e-6,6,3
73351,7,4.212419284302305e-6,6,3
73351,9,9.94047783876971e-6,6,3
73351,5,2.0670741717889697e-5,6,3
73351,3,1.7532013906932875e-4,6,3
73351,13,2.5714526328782076e-6,6,3
73351,4,7.568590350047304e-5,6,3
73351,6,2.2200872518686547e-5,6,3
73351,17,8.148000277032009e-7,6,3
73351,8,1.341284256005403e-5,6,3
73351,2,1.4809444147684e-4,6,3
73351,10,1.241277696784408e-5,6,3
73351,16,1.2535777787414892e-5,6,3
73351,12,3.6793456919210263e-6,6,3
73376,18,2.4240235275723587e-6,3,2
73376,11,4.3310342759718385e-5,3,2
73376,15,2.528892597931366e-6,3,2
73376,7,4.013286736317105e-4,3,2
73376,9,1.1218539275182958e-4,3,2
73376,5,0.00118061736350254,3,2
73376,3,1.048923908961796e-5,3,2
73376,13,7.392926319524847e-6,3,2
73376,4,2.552739464555428e-4,3,2
73376,6,6.162571866176068e-4,3,2
73376,17,2.851800096961203e-6,3,2
73376,8,1.9093575879606324e-4,3,2
73376,2,1.353696905638391e-6,3,2
73376,10,5.6167815779494466e-5,3,2
73376,16,0,3,2
73376,12,1.3379438879712823e-5,3,2
73480,18,0,3,2
73480,11,4.580901638047136e-6,3,2
73480,15,0,3,2
73480,7,5.935681718789611e-5,3,2
73480,9,2.2366075137231847e-5,3,2
73480,5,1.9517950352853535e-4,3,2
73480,3,5.993850908353121e-7,3,2
73480,13,0,3,2
73480,4,6.771896628989692e-5,3,2
73480,6,1.1295608765002056e-4,3,2
73480,17,8.148000277032009e-7,3,2
73480,8,3.313761103072172e-5,3,2
73480,2,1.7327320392171407e-5,3,2
73480,10,5.8960690597259384e-6,3,2
73480,16,1.6940240253263368e-6,3,2
73480,12,2.341401803949744e-6,3,2
73845,18,0,3,2
73845,11,2.4153845000612177e-5,3,2
73845,15,2.528892597931366e-6,3,2
73845,7,3.082725021693959e-4,3,2
73845,9,8.20089421698501e-5,3,2
73845,5,8.041713556786701e-4,3,2
73845,3,3.0268947087183258e-5,3,2
73845,13,9.000084215073727e-6,3,2
73845,4,1.9784560739597335e-4,3,2
73845,6,4.3499072198701223e-4,3,2
73845,17,8.148000277032009e-7,3,2
73845,8,1.810733745607294e-4,3,2
73845,2,1.3536969056383911e-5,3,2
73845,10,5.089238556816073e-5,3,2
73845,16,1.3552192202610691e-6,3,2
73845,12,9.700093187791797e-6,3,2
73873,18,1.818017645679269e-6,3,2
73873,11,1.4575596121059073e-5,3,2
73873,15,1.5805578737071037e-6,3,2
73873,7,2.80700303217599e-4,3,2
73873,9,9.833972719068604e-5,3,2
73873,5,8.236495546051431e-4,3,2
73873,3,1.798155272505936e-6,3,2
73873,13,9.321515794183502e-6,3,2
73873,4,1.8456737871167984e-4,3,2
73873,6,4.271838217606609e-4,3,2
73873,17,3.259200110812804e-6,3,2
73873,8,1.743669532807024e-4,3,2
73873,2,5.414787622553565e-7,3,2
73873,10,5.1823343840749033e-5,3,2
73873,16,1.3552192202610691e-6,3,2
73873,12,2.4417475955475905e-5,3,2
74039,18,6.060058818930897e-7,3,2
74039,11,3.456498508708294e-5,3,2
74039,15,4.42556204637989e-6,3,2
74039,7,4.503459162126827e-4,3,2
74039,9,1.214158364592586e-4,3,2
74039,5,0.00118658007745962,3,2
74039,3,2.6972329087589043e-5,3,2
74039,13,1.4785852639049696e-5,3,2
74039,4,2.675563079885143e-4,3,2
74039,6,6.857873917585482e-4,3,2
74039,17,0,3,2
74039,8,2.9508253632118864e-4,3,2
74039,2,4.792087045959905e-5,3,2
74039,10,5.927101002145548e-5,3,2
74039,16,0,3,2
74039,12,1.3044952907720003e-5,3,2
74182,18,5.044998966759972e-4,1,6
74182,11,4.281060803556779e-4,1,6
74182,15,5.298029992666212e-4,1,6
74182,7,1.3326562826701836e-4,1,6
74182,9,2.5454723608563866e-4,1,6
74182,5,7.155256748500278e-6,1,6
74182,3,8.691083817112024e-6,1,6
74182,13,5.702196213407426e-4,1,6
74182,4,4.348619894106126e-5,1,6
74182,6,1.2027505661222491e-4,1,6
74182,17,5.275830179378226e-4,1,6
74182,8,1.7752291623600924e-4,1,6
74182,2,3.546685892772585e-5,1,6
74182,10,3.4538551913026154e-4,1,6
74182,16,6.118814779478729e-4,1,6
74182,12,4.3115241789874574e-4,1,6
74186,18,0,6,3
74186,11,5.8302384484236285e-6,6,3
74186,15,1.264446298965683e-6,6,3
74186,7,6.127155322621534e-6,6,3
74186,9,5.3252559850552015e-6,6,3
74186,5,2.782599846638997e-6,6,3
74186,3,7.941852453567885e-5,6,3
74186,13,6.750063161305295e-6,6,3
74186,4,1.3610184401400852e-5,6,3
74186,6,1.4150006660261755e-5,6,3
74186,17,6.5184002216256075e-6,6,3
74186,8,5.1284398023736e-6,6,3
74186,2,2.49080230637464e-5,6,3
74186,10,1.9239804300158325e-5,6,3
74186,16,2.7104384405221387e-6,6,3
74186,12,4.3483176359066675e-6,6,3
74222,18,1.818017645679269e-6,3,2
74222,11,0,3,2
74222,15,0,3,2
74222,7,3.714587914339305e-5,3,2
74222,9,7.81037544474763e-6,3,2
74222,5,1.2760207868158828e-4,3,2
74222,3,2.1278170724653576e-5,3,2
74222,13,0,3,2
74222,4,5.676442762535478e-5,3,2
74222,6,5.7819854801414415e-5,3,2
74222,17,0,3,2
74222,8,1.4990824037707445e-5,3,2
74222,2,3.086428944855532e-5,3,2
74222,10,4.65479136294153e-6,3,2
74222,16,0,3,2
74222,12,0,3,2
74355,18,0,6,3
74355,11,1.6657824138353223e-6,6,3
74355,15,0,6,3
74355,7,4.212419284302305e-6,6,3
74355,9,4.615221853714508e-6,6,3
74355,5,3.97514263805571e-5,6,3
74355,3,9.67107844062776e-4,6,3
74355,13,1.2857263164391038e-6,6,3
74355,4,4.504639081146575e-4,6,3
74355,6,6.099140801836963e-6,6,3
74355,17,0,6,3
74355,8,5.1284398023736e-6,6,3
74355,2,8.24672154914908e-4,6,3
74355,10,1.55159712098051e-6,6,3
74355,16,0,6,3
74355,12,0,6,3
74401,18,1.5150147047327242e-6,3,2
74401,11,1.1244031293388426e-5,3,2
74401,15,9.483347242242622e-7,3,2
74401,7,7.007933900248379e-5,3,2
74401,9,2.343112633424289e-5,3,2
74401,5,1.7172616196400666e-4,3,2
74401,3,2.996925454176561e-7,3,2
74401,13,2.250021053768432e-6,3,2
74401,4,3.518730601337781e-5,3,2
74401,6,1.0856470627269796e-4,3,2
74401,17,4.074000138516005e-7,3,2
74401,8,3.195412492248166e-5,3,2
74401,2,5.414787622553565e-7,3,2
74401,10,1.7688207179177816e-5,3,2
74401,16,0,3,2
74401,12,3.344859719928206e-6,3,2
74507,18,3.030029409465449e-7,6,3
74507,11,8.328912069176612e-7,6,3
74507,15,1.5805578737071037e-6,6,3
74507,7,4.978313699629996e-6,6,3
74507,9,7.100341313406936e-6,6,3
74507,5,3.180114110444568e-6,6,3
74507,3,3.5363720359283414e-5,6,3
74507,13,3.2143157910977594e-7,6,3
74507,4,2.356885591462099e-5,6,3
74507,6,9.026728386718706e-6,6,3
74507,17,0,6,3
74507,8,9.073393496507138e-6,6,3
74507,2,9.150991082115524e-5,6,3
74507,10,6.2063884839220405e-6,6,3
74507,16,2.3716336354568714e-6,6,3
74507,12,0,6,3
74518,18,1.818017645679269e-6,3,2
74518,11,6.663129655341289e-6,3,2
74518,15,1.264446298965683e-6,3,2
74518,7,1.0760816535354068e-4,3,2
74518,9,3.2306552976001556e-5,3,2
74518,5,3.044959260750674e-4,3,2
74518,3,1.2557117652999786e-4,3,2
74518,13,9.642947373293278e-7,3,2
74518,4,1.22823615329715e-4,3,2
74518,6,1.920009524418276e-4,3,2
74518,17,0,3,2
74518,8,6.509173595320339e-5,3,2
74518,2,1.145227582170079e-4,3,2
74518,10,1.6757248906589508e-5,3,2
74518,16,1.016414415195802e-6,3,2
74518,12,7.0242054118492325e-6,3,2
74539,18,1.5150147047327242e-6,3,2
74539,11,1.6241378534894394e-5,3,2
74539,15,0,3,2
74539,7,1.6581614091844526e-4,3,2
74539,9,4.650723560281543e-5,3,2
74539,5,4.964953154931582e-4,3,2
74539,3,2.097847817923592e-6,3,2
74539,13,1.9285894746586556e-6,3,2
74539,4,1.1983601387574896e-4,3,2
74539,6,2.805604768845003e-4,3,2
74539,17,2.851800096961203e-6,3,2
74539,8,1.1322017102163254e-4,3,2
74539,2,2.49080230637464e-5,3,2
74539,10,2.358427623890375e-5,3,2
74539,16,1.016414415195802e-6,3,2
74539,12,1.2375980963734362e-5,3,2
74549,18,1.2120117637861791e-6,3,2
74549,11,1.6657824138353223e-6,3,2
74549,15,6.322231494828415e-7,3,2
74549,7,4.940018978863611e-5,3,2
74549,9,1.1360546101451096e-5,3,2
74549,5,1.5980073404983956e-4,3,2
74549,3,2.7871406723842012e-5,3,2
74549,13,2.892884211987984e-6,3,2
74549,4,2.489667878305034e-5,3,2
74549,6,7.3921586518264e-5,3,2
74549,17,4.074000138516005e-7,3,2
74549,8,3.6293573986028554e-5,3,2
74549,2,9.20513895834106e-6,3,2
74549,10,4.65479136294153e-6,3,2
74549,16,0,3,2
74549,12,3.344859719928206e-6,3,2
74676,18,1.0302099992182524e-5,3,2
74676,11,1.0452784646816649e-4,3,2
74676,15,6.006119920086994e-6,3,2
74676,7,9.952797927183354e-4,3,2
74676,9,3.454316048972474e-4,3,2
74676,5,0.0027404633346756,3,2
74676,3,6.892928544606088e-6,3,2
74676,13,1.5428715797269244e-5,3,2
74676,4,5.739514348785872e-4,3,2
74676,6,0.00147940759289357,3,2
74676,17,8.55540029088361e-6,3,2
74676,8,5.818806698846969e-4,3,2
74676,2,4.331830098042852e-6,3,2
74676,10,1.5081524015930558e-4,3,2
74676,16,1.0502948957023288e-5,3,2
74676,12,3.6458970947217445e-5,3,2
74812,18,1.939218822057887e-5,3,2
74812,11,9.370026077823688e-5,3,2
74812,15,7.902789368535517e-6,3,2
74812,7,0.0010082999977789,3,2
74812,9,3.319409564017742e-4,3,2
74812,5,0.00259656317117799,3,2
74812,3,2.7931345232925543e-4,3,2
74812,13,2.989313685720916e-5,3,2
74812,4,6.665670799515345e-4,3,2
74812,6,0.00147501621151625,3,2
74812,17,8.55540029088361e-6,3,2
74812,8,6.659081835697412e-4,3,2
74812,2,1.6271436805773463e-4,3,2
74812,10,1.5329779555287438e-4,3,2
74812,16,1.0502948957023288e-5,3,2
74812,12,5.619364329479386e-5,3,2
75131,18,8.18107940555671e-6,3,2
75131,11,1.5450131888322614e-4,3,2
75131,15,1.8018359760260983e-5,3,2
75131,7,0.00149349410988899,3,2
75131,9,5.662522197442031e-4,3,2
75131,5,0.00387655910063192,3,2
75131,3,1.7681860179641707e-5,3,2
75131,13,5.239334739489348e-5,3,2
75131,4,9.092267091569984e-4,3,2
75131,6,0.00235329248698077,3,2
75131,17,6.111000207774007e-6,3,2
75131,8,0.00100596319200405,3,2
75131,2,4.73793916973437e-5,3,2
75131,10,2.659437465360594e-4,3,2
75131,16,1.7617849863393904e-5,3,2
75131,12,8.529392285816925e-5,3,2
75199,18,0,6,3
75199,11,0,6,3
75199,15,6.322231494828415e-7,6,3
75199,7,3.829472076638459e-7,6,3
75199,9,0,6,3
75199,5,3.577628374250139e-6,6,3
75199,3,8.541237544403197e-5,6,3
75199,13,4.5000421075368635e-6,6,3
75199,4,5.8756161927998806e-5,6,3
75199,6,1.9517250565878283e-6,6,3
75199,17,0,6,3
75199,8,1.5779814776534152e-6,6,3
75199,2,4.115238593140709e-5,6,3
75199,10,1.861916545176612e-6,6,3
75199,16,6.776096101305347e-7,6,3
75199,12,3.344859719928206e-7,6,3
75228,18,0,3,2
75228,11,2.9151192242118143e-6,3,2
75228,15,3.1611157474142073e-7,3,2
75228,7,6.969639179481995e-5,3,2
75228,9,4.331208201178231e-5,3,2
75228,5,2.182353308292585e-4,3,2
75228,3,5.6941583629354645e-5,3,2
75228,13,6.107200003085743e-6,3,2
75228,4,1.0224236086906009e-4,3,2
75228,6,1.08076775008551e-4,3,2
75228,17,0,3,2
75228,8,4.733944432960246e-5,3,2
75228,2,4.250608283704549e-5,3,2
75228,10,1.7377887754981712e-5,3,2
75228,16,3.3880480506526733e-7,3,2
75228,12,7.358691383842053e-6,3,2
75269,18,3.030029409465449e-7,3,2
75269,11,7.496020862258951e-6,3,2
75269,15,2.212781023189945e-6,3,2
75269,7,7.161112783313918e-5,3,2
75269,9,2.2721092202902192e-5,3,2
75269,5,1.6695599079833982e-4,3,2
75269,3,4.615265199431903e-5,3,2
75269,13,2.250021053768432e-6,3,2
75269,4,6.971070059254095e-5,3,2
75269,6,9.831814972561184e-5,3,2
75269,17,4.074000138516005e-7,3,2
75269,8,4.1816509157815506e-5,3,2
75269,2,6.091636075372761e-5,3,2
75269,10,6.827027332314245e-6,3,2
75269,16,0,3,2
75269,12,3.0103737479353854e-6,3,2
75428,18,0,6,3
75428,11,2.9151192242118143e-6,6,3
75428,15,1.264446298965683e-6,6,3
75428,7,3.369935427441844e-5,6,3
75428,9,1.0650511970110405e-5,6,3
75428,5,1.0534127990847631e-4,6,3
75428,3,0,6,3
75428,13,0,6,3
75428,4,6.340354196750153e-5,6,3
75428,6,4.09862261883444e-5,6,3
75428,17,0,6,3
75428,8,2.05137592094944e-5,6,3
75428,2,0,6,3
75428,10,3.723833090353224e-6,6,3
75428,16,3.3880480506526733e-7,6,3
75428,12,1.003457915978462e-6,6,3
75887,18,0,6,3
75887,11,5.413792844964798e-6,6,3
75887,15,6.322231494828415e-7,6,3
75887,7,1.7232624344873063e-5,6,3
75887,9,1.2780614364132484e-5,6,3
75887,5,1.3912999233194983e-5,6,3
75887,3,1.1598101507663288e-4,6,3
75887,13,0,6,3
75887,4,1.0390213945459676e-4,6,3
75887,6,1.658966298099654e-5,6,3
75887,17,4.074000138516005e-7,6,3
75887,8,1.2229356451813967e-5,6,3
75887,2,3.4167309898313e-4,6,3
75887,10,1.1481818695255776e-5,6,3
75887,16,0,6,3
75887,12,2.6758877759425646e-6,6,3
75954,18,0,3,2
75954,11,9.578248879553104e-6,3,2
75954,15,0,3,2
75954,7,1.3135089222869915e-4,3,2
75954,9,5.0767440390859586e-05,3,2
75954,5,3.998993493884045e-4,3,2
75954,3,1.888063036131233e-5,3,2
75954,13,4.178610528427088e-6,3,2
75954,4,1.314544639745058e-4,3,2
75954,6,1.87609571064505e-4,3,2
75954,17,1.2222000415548017e-6,3,2
75954,8,8.79724673791779e-5,3,2
75954,2,1.9493235441192836e-5,3,2
75954,10,2.265331796631545e-5,3,2
75954,16,2.032828830391604e-6,3,2
75954,12,9.700093187791797e-6,3,2
75961,18,0,3,2
75961,11,0,3,2
75961,15,0,3,2
75961,7,5.859092277256842e-5,3,2
75961,9,1.207058023279179e-5,3,2
75961,5,1.7212367622781224e-4,3,2
75961,3,2.996925454176561e-7,3,2
75961,13,1.9285894746586556e-6,3,2
75961,4,9.128782220451793e-5,3,2
75961,6,7.880089915973357e-5,3,2
75961,17,0,3,2
75961,8,2.5642199011868e-5,3,2
75961,2,5.414787622553565e-7,3,2
75961,10,1.55159712098051e-6,3,2
75961,16,0,3,2
75961,12,0,3,2
76053,18,0,6,3
76053,11,0,6,3
76053,15,0,6,3
76053,7,1.7998518760200757e-5,6,3
76053,9,5.3252559850552015e-6,6,3
76053,5,7.155256748500278e-5,6,3
76053,3,8.001790962651416e-4,6,3
76053,13,3.2143157910977595e-6,6,3
76053,4,3.701306245746817e-4,6,3
76053,6,3.244742906577265e-5,6,3
76053,17,0,6,3
76053,8,1.1834861082400614e-5,6,3
76053,2,6.922805975434733e-4,6,3
76053,10,7.137346756510347e-6,6,3
76053,16,6.776096101305347e-7,6,3
76053,12,1.003457915978462e-6,6,3
76214,18,0,3,2
76214,11,9.994694483011935e-6,3,2
76214,15,6.322231494828415e-7,3,2
76214,7,7.352586387145842e-5,3,2
76214,9,1.881590448052838e-5,3,2
76214,5,2.504339861975097e-4,3,2
76214,3,3.836064581345997e-5,3,2
76214,13,3.2143157910977594e-7,3,2
76214,4,8.398479642815648e-5,3,2
76214,6,1.3271730384797233e-4,3,2
76214,17,0,3,2
76214,8,5.167889339314935e-5,3,2
76214,2,3.682055583336424e-5,3,2
76214,10,7.75798560490255e-6,3,2
76214,16,0,3,2
76214,12,1.3379438879712823e-6,3,2
76281,18,0,3,2
76281,11,7.079575258800121e-6,3,2
76281,15,0,3,2
76281,7,8.195070244006301e-5,3,2
76281,9,1.6330785020835952e-5,3,2
76281,5,2.663345567497326e-4,3,2
76281,3,0,3,2
76281,13,9.642947373293278e-7,3,2
76281,4,5.975202907932082e-5,3,2
76281,6,1.3588885706492754e-4,3,2
76281,17,0,3,2
76281,8,5.838531467317637e-5,3,2
76281,2,2.707393811276783e-7,3,2
76281,10,9.619902150079162e-6,3,2
76281,16,0,3,2
76281,12,5.68626152387795e-6,3,2
76761,18,6.060058818930897e-7,3,2
76761,11,1.874005215564738e-5,3,2
76761,15,1.264446298965683e-6,3,2
76761,7,1.1947952879111993e-4,3,2
76761,9,3.869686015806779e-5,3,2
76761,5,3.0409841181126184e-4,3,2
76761,3,0,3,2
76761,13,5.142905265756415e-6,3,2
76761,4,5.576856047403277e-5,3,2
76761,6,1.9297681497012153e-4,3,2
76761,17,8.148000277032009e-7,3,2
76761,8,9.74403562450984e-5,3,2
76761,2,2.707393811276783e-7,3,2
76761,10,2.296363739051155e-5,3,2
76761,16,1.016414415195802e-6,3,2
76761,12,6.355233467863591e-6,3,2
77055,18,0.00237311903349333,1,6
77055,11,0.00388710326268472,1,6
77055,15,0.00323097640543206,1,6
77055,7,0.00415076478386842,1,6
77055,9,0.00397725618670489,1,6
77055,5,0.00553419358070116,1,6
77055,3,6.713113017355495e-5,1,6
77055,13,0.00385942897037107,1,6
77055,4,5.689720991219772e-4,1,6
77055,6,0.00444456588511463,1,6
77055,17,0.00254217608643398,1,6
77055,8,0.00406961423086815,1,6
77055,2,3.248872573532139e-5,1,6
77055,10,0.00353267632504842,1,6
77055,16,0.00296657487315148,1,6
77055,12,0.00377701559574293,1,6
77085,18,9.090088228396344e-7,3,2
77085,11,3.164986586287112e-5,3,2
77085,15,3.7933388968970488e-6,3,2
77085,7,3.9635035993208046e-4,3,2
77085,9,1.1112034155481856e-4,3,2
77085,5,0.0011488162223981,3,2
77085,3,2.4095280651579545e-4,3,2
77085,13,7.071494740415071e-6,3,2
77085,4,3.2930007137047917e-4,3,2
77085,6,5.425795657314163e-4,3,2
77085,17,0,3,2
77085,8,2.272293327820918e-4,3,2
77085,2,2.1253041418522743e-4,3,2
77085,10,4.0341525145493265e-5,3,2
77085,16,1.6940240253263368e-6,3,2
77085,12,1.2710466935727182e-5,3,2
77138,18,2.4240235275723587e-6,6,3
77138,11,4.164456034588306e-7,6,3
77138,15,0,6,3
77138,7,1.0722521814587684e-5,6,3
77138,9,9.585460773099364e-6,6,3
77138,5,1.669559907983398e-5,6,3
77138,3,3.2127040868772723e-4,6,3
77138,13,2.892884211987984e-6,6,3
77138,4,1.8888280303407524e-4,6,3
77138,6,1.7321559877216978e-5,6,3
77138,17,8.148000277032009e-7,6,3
77138,8,9.862384235333846e-6,6,3
77138,2,3.598126375186844e-4,6,3
77138,10,9.30958272588306e-6,6,3
77138,16,1.016414415195802e-6,6,3
77138,12,1.672429859964103e-6,6,3
77184,18,0,6,3
77184,11,1.249336810376492e-6,6,3
77184,15,0,6,3
77184,7,8.807785776268455e-6,6,3
77184,9,4.970238919384855e-6,6,3
77184,5,1.152791365036156e-5,6,3
77184,3,3.8060953268042314e-5,6,3
77184,13,0,6,3
77184,4,1.726169728958157e-5,6,3
77184,6,1.3906041028188276e-5,6,3
77184,17,0,6,3
77184,8,2.761467585893477e-6,6,3
77184,2,9.313434710792132e-5,6,3
77184,10,1.55159712098051e-6,6,3
77184,16,0,6,3
77184,12,2.006915831956924e-6,6,3
77732,18,6.060058818930897e-7,6,3
77732,11,4.164456034588306e-7,6,3
77732,15,6.322231494828415e-7,6,3
77732,7,4.212419284302305e-6,6,3
77732,9,1.0650511970110403e-6,6,3
77732,5,1.2322942177972702e-5,6,3
77732,3,1.7442106143307582e-4,6,3
77732,13,1.9285894746586556e-6,6,3
77732,4,7.70137263689024e-5,6,3
77732,6,1.000259091501262e-5,6,3
77732,17,0,6,3
77732,8,3.1559629553068304e-6,6,3
77732,2,1.805831672121614e-4,6,3
77732,10,5.8960690597259384e-6,6,3
77732,16,1.6940240253263368e-6,6,3
77732,12,3.344859719928206e-7,6,3
77949,18,1.878618233868578e-5,2,4
77949,11,1.582493293143556e-5,2,4
77949,15,1.770224818551956e-5,2,4
77949,7,7.275996945613072e-6,2,4
77949,9,1.2780614364132484e-5,2,4
77949,5,1.590057055222284e-6,2,4
77949,3,2.0678785633818263e-5,2,4
77949,13,2.475023159145275e-5,2,4
77949,4,1.095453866454215e-5,2,4
77949,6,6.099140801836963e-6,2,4
77949,17,1.4666400498657618e-5,2,4
77949,8,9.467888865920491e-6,2,4
77949,2,1.678584162991605e-5,2,4
77949,10,1.5826290634001204e-5,2,4
77949,16,2.032828830391604e-5,2,4
77949,12,1.9400186375583593e-5,2,4
77988,18,5.757055877984352e-6,4,1
77988,11,3.1233420259412296e-5,4,1
77988,15,9.483347242242622e-7,4,1
77988,7,6.01227116032238e-5,4,1
77988,9,3.692177482971606e-5,4,1
77988,5,1.192542791416713e-6,4,1
77988,3,5.124742526641918e-5,4,1
77988,13,2.0250189483915884e-5,4,1
77988,4,3.4191438862055805e-5,4,1
77988,6,8.831555881059923e-5,4,1
77988,17,1.629600055406402e-6,4,1
77988,8,5.6018342456696245e-5,4,1
77988,2,5.550157313117404e-5,4,1
77988,10,5.430589923431785e-5,4,1
77988,16,3.3880480506526736e-6,4,1
77988,12,1.0369065131777438e-5,4,1
78070,18,0,3,2
78070,11,2.9151192242118143e-6,3,2
78070,15,0,3,2
78070,7,3.25505126514269e-5,3,2
78070,9,1.526573382382491e-5,3,2
78070,5,7.513019585925292e-5,3,2
78070,3,1.798155272505936e-6,3,2
78070,13,0,3,2
78070,4,2.4564723065943004e-5,3,2
78070,6,3.7570707339315695e-5,3,2
78070,17,0,3,2
78070,8,2.2880731425974523e-5,3,2
78070,2,3.844499212013031e-5,3,2
78070,10,2.172235969372714e-6,3,2
78070,16,0,3,2
78070,12,3.344859719928206e-7,3,2
78089,18,7.647794229490791e-4,1,6
78089,11,9.599071159726044e-4,1,6
78089,15,9.929064562628025e-4,1,6
78089,7,7.348756915069203e-4,1,6
78089,9,7.643517423882566e-4,1,6
78089,5,7.55277101230585e-4,1,6
78089,3,9.889853998782648e-6,1,6
78089,13,9.95473600502976e-4,1,6
78089,4,6.30715862503942e-5,1,6
78089,6,7.972796856161279e-4,1,6
78089,17,7.948374270244725e-4,1,6
78089,8,7.586145953818794e-4,1,6
78089,2,3.790351335787496e-6,1,6
78089,10,8.201742381502977e-4,1,6
78089,16,8.727611778481287e-4,1,6
78089,12,0.00102820987790593,1,6
78151,18,0,6,3
78151,11,1.374270491414141e-5,6,3
78151,15,1.8966694484485244e-6,6,3
78151,7,2.374272687515845e-5,6,3
78151,9,2.130102394022081e-5,6,3
78151,5,1.4708027760806128e-5,6,3
78151,3,1.5584012361718113e-4,6,3
78151,13,2.5714526328782076e-6,6,3
78151,4,8.033328353997576e-5,6,3
78151,6,3.0983635273331774e-5,6,3
78151,17,8.148000277032009e-7,6,3
78151,8,2.2486236056561167e-5,6,3
78151,2,1.4755296271458466e-4,6,3
78151,10,7.75798560490255e-6,6,3
78151,16,0,6,3
78151,12,2.341401803949744e-6,6,3
78292,18,9.090088228396344e-7,6,3
78292,11,5.413792844964798e-6,6,3
78292,15,1.264446298965683e-6,6,3
78292,7,1.033957460692384e-5,6,3
78292,9,6.745324247736588e-6,6,3
78292,5,2.5043398619750974e-5,6,3
78292,3,9.560192198823228e-5,6,3
78292,13,1.6071578955488798e-6,6,3
78292,4,3.1867748842304434e-5,6,3
78292,6,3.0983635273331774e-5,6,3
78292,17,0,6,3
78292,8,7.495412018853722e-6,6,3
78292,2,7.47240691912392e-5,6,3
78292,10,5.275430211333734e-6,6,3
78292,16,3.726852855717941e-6,6,3
78292,12,3.0103737479353854e-6,6,3
78370,18,0,4,1
78370,11,1.4992041724517902e-5,4,1
78370,15,3.477227322155628e-6,4,1
78370,7,3.637998472806536e-5,4,1
78370,9,3.2661570041671904e-5,4,1
78370,5,1.192542791416713e-6,4,1
78370,3,7.252559599107275e-5,4,1
78370,13,2.250021053768432e-6,4,1
78370,4,2.7220368802801707e-5,4,1
78370,6,6.099140801836964e-5,4,1
78370,17,0,4,1
78370,8,1.972476847066769e-5,4,1
78370,2,3.519611954659817e-5,4,1
78370,10,2.8239067601845283e-5,4,1
78370,16,1.3552192202610691e-6,4,1
78370,12,7.0242054118492325e-6,4,1
78413,18,0.00245008178049376,1,6
78413,11,0.00338903432094796,1,6
78413,15,0.00315605796221834,1,6
78413,7,0.00254545008934158,1,6
78413,9,0.00286569775409103,1,6
78413,5,0.00328187776197879,1,6
78413,3,5.8440046356442925e-5,1,6
78413,13,0.00360164084392504,1,6
78413,4,3.425783000547727e-4,1,6
78413,6,0.00292905137867418,1,6
78413,17,0.00261510068891342,1,6
78413,8,0.00288455014115044,1,6
78413,2,1.4782370209571232e-4,1,6
78413,10,0.00303337237151689,1,6
78413,16,0.00280225454269482,1,6
78413,12,0.0032849867309414902,1,6
78469,18,0,3,2
78469,11,2.8318301035200483e-5,3,2
78469,15,2.8450041726727866e-6,3,2
78469,7,1.998984424005275e-4,3,2
78469,9,7.881378857881698e-5,3,2
78469,5,6.20917280064302e-4,3,2
78469,3,2.097847817923592e-6,3,2
78469,13,2.250021053768432e-6,3,2
78469,4,1.2315557104682236e-4,3,2
78469,6,2.934906553843947e-4,3,2
78469,17,2.851800096961203e-6,3,2
78469,8,1.2584402284285988e-4,3,2
78469,2,1.1100314626234808e-5,3,2
78469,10,4.1272483418081566e-5,3,2
78469,16,3.3880480506526736e-6,3,2
78469,12,1.2710466935727182e-5,3,2
78637,18,0,6,3
78637,11,1.249336810376492e-6,6,3
78637,15,0,6,3
78637,7,3.0252829405443825e-5,6,3
78637,9,8.165392510417976e-6,6,3
78637,5,8.90431950924479e-5,6,3
78637,3,1.2916748707500974e-4,6,3
78637,13,0,6,3
78637,4,6.57272319872529e-5,6,3
78637,6,4.31819168770057e-5,6,3
78637,17,0,6,3
78637,8,1.2229356451813967e-5,6,3
78637,2,1.0396392235302843e-4,6,3
78637,10,2.482555393568816e-6,6,3
78637,16,0,6,3
78637,12,2.006915831956924e-6,6,3
78642,18,0,6,3
78642,11,3.3315648276706447e-6,6,3
78642,15,0,6,3
78642,7,6.893049737949225e-5,6,3
78642,9,2.20110580715615e-5,6,3
78642,5,2.699121851239827e-4,6,3
78642,3,3.2816333723233334e-4,6,3
78642,13,0,6,3
78642,4,3.5519261730485155e-4,6,3
78642,6,1.2100695350844536e-4,6,3
78642,17,0,6,3
78642,8,3.0770638814241595e-5,6,3
78642,2,4.683791293508834e-4,6,3
78642,10,6.5167079081181426e-6,6,3
78642,16,1.6940240253263368e-6,6,3
78642,12,6.689719439856411e-7,6,3
78667,18,0,6,3
78667,11,1.8323606552188546e-5,6,3
78667,15,4.42556204637989e-6,6,3
78667,7,2.680630453646921e-5,6,3
78667,9,1.5975767955165604e-5,6,3
78667,5,6.519233926411365e-5,6,3
78667,3,4.1807110085763014e-4,6,3
78667,13,1.2857263164391038e-5,6,3
78667,4,2.021610317183688e-4,6,3
78667,6,4.732933262225484e-5,6,3
78667,17,3.259200110812804e-6,6,3
78667,8,2.2880731425974523e-5,6,3
78667,2,3.435682746510237e-4,6,3
78667,10,1.1481818695255776e-5,6,3
78667,16,3.3880480506526733e-7,6,3
78667,12,7.358691383842053e-6,6,3
78678,18,1.818017645679269e-6,3,2
78678,11,1.4575596121059073e-5,3,2
78678,15,3.1611157474142073e-6,3,2
78678,7,1.811340292249991e-4,3,2
78678,9,7.561863498778386e-5,3,2
78678,5,5.628801975486885e-4,3,2
78678,3,8.691083817112024e-6,3,2
78678,13,8.357221056854175e-6,3,2
78678,4,1.0655778519145546e-4,3,2
78678,6,2.842199613656025e-4,3,2
78678,17,0,3,2
78678,8,1.2821099505934e-4,3,2
78678,2,2.8427635018406217e-5,3,2
78678,10,3.878992802451275e-5,3,2
78678,16,4.065657660783208e-6,3,2
78678,12,1.170700901974872e-5,3,2
78743,18,0,6,3
78743,11,4.164456034588306e-7,6,3
78743,15,1.8966694484485244e-6,6,3
78743,7,3.446524868974613e-6,6,3
78743,9,0,6,3
78743,5,9.540342331333704e-6,6,3
78743,3,7.462344380899636e-5,6,3
78743,13,0,6,3
78743,4,5.477269332271075e-5,6,3
78743,6,1.4637937924408711e-6,6,3
78743,17,0,6,3
78743,8,1.9724768470667692e-6,6,3
78743,2,8.149255371943116e-5,6,3
78743,10,6.20638848392204e-7,6,3
78743,16,0,6,3
78743,12,1.672429859964103e-6,6,3
78791,18,5.757055877984352e-6,3,2
78791,11,3.706365870783592e-5,3,2
78791,15,5.057785195862732e-6,3,2
78791,7,6.724552966577133e-4,3,2
78791,9,1.988095567753942e-4,3,2
78791,5,0.00182618052792279,3,2
78791,3,3.296617999594216e-6,3,2
78791,13,1.5428715797269244e-5,3,2
78791,4,3.7311822602864776e-4,3,2
78791,6,9.65615971746828e-4,3,2
78791,17,8.14800027703201e-6,3,2
78791,8,4.228990360111153e-4,3,2
78791,2,1.86810172978098e-5,3,2
78791,10,9.930221574275263e-5,3,2
78791,16,3.726852855717941e-6,3,2
78791,12,2.6758877759425647e-5,3,2
78820,18,0,3,2
78820,11,7.91246646571778e-6,3,2
78820,15,0,3,2
78820,7,5.054903141162765e-5,3,2
78820,9,1.7040819152176645e-5,3,2
78820,5,1.673535050621454e-4,3,2
78820,3,0,3,2
78820,13,0,3,2
78820,4,4.083055320420256e-5,3,2
78820,6,8.514400559364401e-5,3,2
78820,17,1.2222000415548017e-6,3,2
78820,8,4.733944432960246e-5,3,2
78820,2,2.707393811276783e-7,3,2
78820,10,8.378624453294754e-6,3,2
78820,16,0,3,2
78820,12,2.341401803949744e-6,3,2
79041,18,6.060058818930897e-7,6,3
79041,11,7.496020862258951e-6,6,3
79041,15,1.264446298965683e-6,6,3
79041,7,1.3403152268234603e-5,6,3
79041,9,6.035290116395895e-6,6,3
79041,5,1.0335370858944848e-5,6,3
79041,3,2.331608003349364e-4,6,3
79041,13,1.2857263164391038e-6,6,3
79041,4,8.265697355972713e-5,6,3
79041,6,2.171294125453959e-5,6,3
79041,17,0,6,3
79041,8,1.2623851821227322e-5,6,3
79041,2,2.5205836382986846e-4,6,3
79041,10,1.365405466462849e-5,6,3
79041,16,6.776096101305347e-7,6,3
79041,12,4.0138316639138475e-6,6,3
79052,18,2.727026468518903e-5,6,3
79052,11,1.594986661247321e-4,6,3
79052,15,2.939837645095213e-5,6,3
79052,7,8.034232416787487e-4,6,3
79052,9,3.0069945462278373e-4,6,3
79052,5,0.00219308619341533,6,3
79052,3,0.00228066027062836,6,3
79052,13,7.682214740723646e-5,6,3
79052,4,0.00189181563179471,6,3
79052,6,0.00119152814704686,6,3
79052,17,5.173980175915326e-5,6,3
79052,8,5.432201236821883e-4,6,3
79052,2,0.00274367288834789,6,3
79052,10,2.153616803920948e-4,6,3
79052,16,4.844908712433323e-5,6,3
79052,12,1.1874252005745132e-4,6,3
79152,18,0,3,2
79152,11,1.4575596121059073e-5,3,2
79152,15,0,3,2
79152,7,1.4551993891226143e-4,3,2
79152,9,6.390307182066241e-5,3,2
79152,5,4.3965077576896153e-4,3,2
79152,3,1.8281245270477017e-5,3,2
79152,13,4.178610528427088e-6,3,2
79152,4,1.3975335690218923e-4,3,2
79152,6,2.256682096679677e-4,3,2
79152,17,0,3,2
79152,8,1.0217430067805864e-4,3,2
79152,2,1.7868799154426766e-5,3,2
79152,10,3.0100984147021895e-5,3,2
79152,16,6.776096101305347e-7,3,2
79152,12,6.355233467863591e-6,3,2
79178,18,0,3,2
79178,11,4.580901638047136e-6,3,2
79178,15,2.212781023189945e-6,3,2
79178,7,5.1314925826955346e-5,3,2
79178,9,1.7750853283517338e-5,3,2
79178,5,1.236269360435326e-4,3,2
79178,3,3.925972344971294e-5,3,2
79178,13,0,3,2
79178,4,8.132915069129779e-5,3,2
79178,6,8.343624616912967e-5,3,2
79178,17,0,3,2
79178,8,3.195412492248166e-5,3,2
79178,2,4.5484216029449944e-5,3,2
79178,10,1.3033415816236283e-5,3,2
79178,16,0,3,2
79178,12,3.344859719928206e-7,3,2
79416,18,2.4240235275723587e-6,6,3
79416,11,8.745357672635443e-6,6,3
79416,15,9.483347242242622e-7,6,3
79416,7,1.2254310645243068e-5,6,3
79416,9,2.4851194596924275e-6,6,3
79416,5,2.305582730072312e-5,6,3
79416,3,1.0549177598701492e-4,6,3
79416,13,0,6,3
79416,4,2.390081163172833e-5,6,3
79416,6,2.708018516015612e-5,6,3
79416,17,0,6,3
79416,8,1.3018347190640676e-5,6,3
79416,2,7.147519661770706e-5,6,3
79416,10,1.7067568330785612e-5,6,3
79416,16,6.776096101305347e-7,6,3
79416,12,1.3379438879712823e-6,6,3
79525,18,3.636035291358538e-6,3,2
79525,11,4.49761251735537e-5,3,2
79525,15,4.42556204637989e-6,3,2
79525,7,4.886406369790673e-4,3,2
79525,9,1.7218327685011818e-4,3,2
79525,5,0.00116431927868651,3,2
79525,3,1.4385242180047487e-5,3,2
79525,13,4.5000421075368635e-6,3,2
79525,4,2.6954804229115836e-4,3,2
79525,6,6.394339216645872e-4,3,2
79525,17,1.629600055406402e-6,3,2
79525,8,2.706238234175607e-4,3,2
79525,2,1.2724750913000878e-5,3,2
79525,10,7.69592172006333e-5,3,2
79525,16,4.404462465848476e-6,3,2
79525,12,2.709336373141847e-5,3,2
79554,18,0,3,2
79554,11,7.91246646571778e-6,3,2
79554,15,0,3,2
79554,7,4.480482329666997e-5,3,2
79554,9,1.881590448052838e-5,3,2
79554,5,9.580093757714262e-5,3,2
79554,3,1.198770181670624e-6,3,2
79554,13,5.464336844866191e-6,3,2
79554,4,1.8257564440903584e-5,3,2
79554,6,7.684917410314574e-5,3,2
79554,17,0,3,2
79554,8,3.2743115661308366e-5,3,2
79554,2,5.414787622553565e-7,3,2
79554,10,1.3964374088824591e-5,3,2
79554,16,2.3716336354568714e-6,3,2
79554,12,5.017289579892309e-6,3,2
79581,18,3.0300294094654485e-6,6,3
79581,11,9.994694483011935e-6,6,3
79581,15,1.5805578737071037e-6,6,3
79581,7,1.8764413175528447e-5,6,3
79581,9,1.313563142980283e-5,6,3
79581,5,5.7242053988002225e-5,6,3
79581,3,7.747052299046408e-4,6,3
79581,13,1.9285894746586556e-6,6,3
79581,4,3.3494331856130394e-4,6,3
79581,6,4.074226055627092e-5,6,3
79581,17,1.2222000415548017e-6,6,3
79581,8,2.05137592094944e-5,6,3
79581,2,5.552864706928681e-4,6,3
79581,10,1.6136610058197304e-5,6,3
79581,16,0,6,3
79581,12,6.355233467863591e-6,6,3
79585,18,0,6,3
79585,11,5.413792844964798e-6,6,3
79585,15,3.477227322155628e-6,6,3
79585,7,1.684967713720922e-5,6,3
79585,9,1.2425597298462135e-5,6,3
79585,5,1.2322942177972702e-5,6,3
79585,3,1.2227455853040366e-4,6,3
79585,13,3.2143157910977594e-7,6,3
79585,4,8.830022075055188e-5,6,3
79585,6,2.659225389600916e-5,6,3
79585,17,0,6,3
79585,8,1.8146786993014277e-5,6,3
79585,2,1.5784105919743643e-4,6,3
79585,10,1.7067568330785612e-5,6,3
79585,16,0,6,3
79585,12,2.6758877759425646e-6,6,3
79663,18,0,6,3
79663,11,6.663129655341289e-6,6,3
79663,15,1.264446298965683e-6,6,3
79663,7,1.1871363437579225e-5,6,3
79663,9,7.100341313406935e-7,6,3
79663,5,2.9018541257806684e-5,6,3
79663,3,4.735142217598965e-5,6,3
79663,13,1.9285894746586556e-6,6,3
79663,4,2.0249298743547612e-5,6,3
79663,6,2.8056047688450032e-5,6,3
79663,17,0,6,3
79663,8,7.495412018853722e-6,6,3
79663,2,1.705658101104373e-5,6,3
79663,10,1.0240540998471368e-5,6,3
79663,16,3.3880480506526736e-6,6,3
79663,12,1.003457915978462e-6,6,3
79918,18,3.696635879547847e-5,2,4
79918,11,2.2071616983318025e-5,2,4
79918,15,6.132564549983562e-5,2,4
79918,7,2.680630453646921e-6,2,4
79918,9,7.100341313406936e-6,2,4
79918,5,0,2,4
79918,3,0,2,4
79918,13,2.5843098960425984e-4,2,4
79918,4,0,2,4
79918,6,3.171553216955221e-6,2,4
79918,17,2.8518000969612032e-5,2,4
79918,8,7.495412018853722e-6,2,4
79918,2,8.392920814958026e-6,2,4
79918,10,8.378624453294754e-6,2,4
79918,16,7.148781386877141e-5,2,4
79918,12,8.027663327827695e-5,2,4
79932,18,9.090088228396344e-7,6,3
79932,11,0,6,3
79932,15,0,6,3
79932,7,3.063577661310767e-6,6,3
79932,9,1.0650511970110403e-6,6,3
79932,5,4.094396917197381e-5,6,3
79932,3,4.5613205412567247e-4,6,3
79932,13,0,6,3
79932,4,3.15357931251971e-4,6,3
79932,6,6.099140801836963e-6,6,3
79932,17,0,6,3
79932,8,1.9724768470667692e-6,6,3
79932,2,7.055468272187295e-4,6,3
79932,10,1.861916545176612e-6,6,3
79932,16,0,6,3
79932,12,0,6,3
80059,18,0,6,3
80059,11,0,6,3
80059,15,6.322231494828415e-7,6,3
80059,7,8.041891360940763e-6,6,3
80059,9,3.550170656703468e-6,6,3
80059,5,2.74284842025844e-5,6,3
80059,3,3.5813259177409895e-4,6,3
80059,13,0,6,3
80059,4,1.6796959285631297e-4,6,3
80059,6,2.2688803782833505e-5,6,3
80059,17,0,6,3
80059,8,5.522935171786954e-6,6,3
80059,2,2.986255373838291e-4,6,3
80059,10,9.30958272588306e-7,6,3
80059,16,0,6,3
80059,12,3.344859719928206e-7,6,3
80124,18,6.453962642161404e-5,3,2
80124,11,3.3149070035322917e-4,3,2
80124,15,7.713122423690666e-5,3,2
80124,7,0.00232372365610421,3,2
80124,9,8.44585599229755e-4,3,2
80124,5,0.00566020560232752,3,2
80124,3,7.462344380899636e-5,3,2
80124,13,1.298583579603495e-4,3,2
80124,4,0.00156251556042423,3,2
80124,6,0.00368558880373404,3,2
80124,17,6.722100228551408e-5,3,2
80124,8,0.00145805488535175,3,2
80124,2,2.49080230637464e-5,3,2
80124,10,5.194747161042747e-4,3,2
80124,16,5.590279283576911e-5,3,2
80124,12,1.6623952808043183e-4,3,2
80194,18,0,6,3
80194,11,8.328912069176612e-7,6,3
80194,15,0,6,3
80194,7,1.0722521814587684e-5,6,3
80194,9,4.260204788044161e-6,6,3
80194,5,4.094396917197381e-5,6,3
80194,3,8.532246768040668e-4,6,3
80194,13,6.428631582195519e-7,6,3
80194,4,3.7643778319972114e-4,6,3
80194,6,1.5369834820629148e-5,6,3
80194,17,0,6,3
80194,8,1.3807337929467383e-5,6,3
80194,2,7.361403772861572e-4,6,3
80194,10,6.827027332314245e-6,6,3
80194,16,0,6,3
80194,12,4.0138316639138475e-6,6,3
80445,18,3.030029409465449e-7,6,3
80445,11,1.6241378534894394e-5,6,3
80445,15,4.1094504716384695e-6,6,3
80445,7,1.1794773996046453e-4,6,3
80445,9,4.011692842074919e-5,6,3
80445,5,2.8700529846762226e-4,6,3
80445,3,1.3725918580128645e-4,6,3
80445,13,3.2143157910977595e-6,6,3
80445,4,1.6431807996813226e-4,6,3
80445,6,1.5589403889495278e-4,6,3
80445,17,0,6,3
80445,8,9.15229257038981e-5,6,3
80445,2,1.8166612473667211e-4,6,3
80445,10,2.420491508729596e-5,6,3
80445,16,0,6,3
80445,12,4.3483176359066675e-6,6,3
80456,18,1.5150147047327242e-6,6,3
80456,11,2.2904508190235684e-5,6,3
80456,15,2.528892597931366e-6,6,3
80456,7,2.2976832459830752e-5,6,3
80456,9,2.414116046558358e-5,6,3
80456,5,1.947819892647298e-5,6,3
80456,3,1.0818900889577382e-4,6,3
80456,13,4.178610528427088e-6,6,3
80456,4,5.178509186874471e-5,6,3
80456,6,2.9763807112964383e-5,6,3
80456,17,1.2222000415548017e-6,6,3
80456,8,3.6293573986028554e-5,6,3
80456,2,7.824368114589902e-5,6,3
80456,10,1.0240540998471368e-5,6,3
80456,16,0,6,3
80456,12,7.0242054118492325e-6,6,3
80477,18,0,3,2
80477,11,1.874005215564738e-5,3,2
80477,15,2.8450041726727866e-6,3,2
80477,7,4.212419284302305e-5,3,2
80477,9,2.2721092202902192e-5,3,2
80477,5,6.280725368128022e-5,3,2
80477,3,3.326587254135982e-5,3,2
80477,13,1.414298948083014e-5,3,2
80477,4,1.6597785855366895e-5,3,2
80477,6,6.147933928251659e-5,3,2
80477,17,2.851800096961203e-6,3,2
80477,8,3.4321097138961783e-05,3,2
80477,2,4.954530674636512e-5,3,2
80477,10,2.8859706450237487e-5,3,2
80477,16,1.016414415195802e-6,3,2
80477,12,1.0034579159784618e-5,3,2
80599,18,2.7270264685189036e-6,3,2
80599,11,1.415915051760024e-5,3,2
80599,15,0,3,2
80599,7,1.0301279886157454e-4,3,2
80599,9,2.662627992527601e-5,3,2
80599,5,1.6218581963267298e-4,3,2
80599,3,8.990776362529681e-7,3,2
80599,13,6.750063161305295e-6,3,2
80599,4,5.7428339059569456e-5,3,2
80599,6,1.0978453443306534e-4,3,2
80599,17,2.444400083109603e-6,3,2
80599,8,6.509173595320339e-5,3,2
80599,2,2.707393811276783e-7,3,2
80599,10,2.730810932925698e-5,3,2
80599,16,3.0492432455874064e-6,3,2
80599,12,1.13725230477559e-5,3,2
80609,18,0,3,2
80609,11,2.332095379369451e-5,3,2
80609,15,2.8450041726727866e-6,3,2
80609,7,2.3398074388260984e-4,3,2
80609,9,7.171344726541005e-5,3,2
80609,5,6.21712308591913e-4,3,2
80609,3,1.49846272708828e-5,3,2
80609,13,4.5000421075368635e-6,3,2
80609,4,1.3012664110607645e-4,3,2
80609,6,3.4935878512922e-4,3,2
80609,17,1.2222000415548017e-6,3,2
80609,8,1.4320181909704743e-4,3,2
80609,2,4.683791293508834e-5,3,2
80609,10,4.747887190200361e-5,3,2
80609,16,3.3880480506526733e-7,3,2
80609,12,1.3713924851705643e-5,3,2
80842,18,0,3,2
80842,11,9.578248879553104e-6,3,2
80842,15,0,3,2
80842,7,1.6007193280348758e-4,3,2
80842,9,4.047194548641953e-5,3,2
80842,5,4.6429666012490694e-4,3,2
80842,3,9.140622635238508e-5,3,2
80842,13,2.250021053768432e-6,3,2
80842,4,1.042340951717041e-4,3,2
80842,6,2.561639136771525e-4,3,2
80842,17,8.148000277032009e-7,3,2
80842,8,9.941283309216516e-5,3,2
80842,2,8.203403248168651e-5,3,2
80842,10,2.637715105666867e-5,3,2
80842,16,6.776096101305347e-7,3,2
80842,12,6.355233467863591e-6,3,2
80867,18,4.242041173251628e-6,3,2
80867,11,9.994694483011935e-6,3,2
80867,15,1.8966694484485244e-6,3,2
80867,7,8.999259380100378e-5,3,2
80867,9,3.124150177899052e-5,3,2
80867,5,2.1227261687217493e-4,3,2
80867,3,4.555326690348372e-5,3,2
80867,13,0,3,2
80867,4,1.0091453800063072e-4,3,2
80867,6,1.5052679498933627e-4,3,2
80867,17,0,3,2
80867,8,5.246788413197606e-5,3,2
80867,2,2.003471420344819e-5,3,2
80867,10,2.0170762572746633e-5,3,2
80867,16,1.3552192202610691e-6,3,2
80867,12,4.3483176359066675e-6,3,2
81245,18,0,6,3
81245,11,4.164456034588306e-7,6,3
81245,15,0,6,3
81245,7,5.361260907293842e-6,6,3
81245,9,7.100341313406935e-7,6,3
81245,5,4.372656901861281e-6,6,3
81245,3,9.080684126154976e-5,6,3
81245,13,0,6,3
81245,4,1.4274095835615528e-5,6,3
81245,6,6.8310376980574e-6,6,3
81245,17,0,6,3
81245,8,1.9724768470667692e-6,6,3
81245,2,7.824368114589902e-5,6,3
81245,10,9.30958272588306e-7,6,3
81245,16,0,6,3
81245,12,0,6,3
81326,18,0,6,3
81326,11,1.6657824138353223e-6,6,3
81326,15,0,6,3
81326,7,6.242039484920688e-5,6,3
81326,9,8.520409576088322e-6,6,3
81326,5,1.872292182524239e-4,6,3
81326,3,6.47335898102137e-5,6,3
81326,13,0,6,3
81326,4,6.871483344121895e-5,6,3
81326,6,1.08076775008551e-4,6,3
81326,17,1.2222000415548017e-6,6,3
81326,8,4.457797674370898e-5,6,3
81326,2,3.438390140321514e-5,6,3
81326,10,6.2063884839220405e-6,6,3
81326,16,0,6,3
81326,12,2.6758877759425646e-6,6,3
81594,18,0,3,2
81594,11,5.413792844964798e-6,3,2
81594,15,1.264446298965683e-6,3,2
81594,7,5.1314925826955346e-5,3,2
81594,9,1.7750853283517338e-5,3,2
81594,5,1.7490627607445123e-4,3,2
81594,3,5.993850908353121e-7,3,2
81594,13,1.9285894746586556e-6,3,2
81594,4,1.410811797706186e-4,3,2
81594,6,6.294313307495746e-5,3,2
81594,17,0,3,2
81594,8,3.353210640013508e-5,3,2
81594,2,5.414787622553565e-7,3,2
81594,10,9.30958272588306e-6,3,2
81594,16,0,3,2
81594,12,2.341401803949744e-6,3,2
81700,18,6.060058818930897e-7,3,2
81700,11,5.413792844964798e-6,3,2
81700,15,0,3,2
81700,7,1.0531048210755762e-4,3,2
81700,9,2.627126285960566e-5,3,2
81700,5,2.345334156452869e-4,3,2
81700,3,4.795080726682497e-6,3,2
81700,13,0,3,2
81700,4,5.045726900031536e-5,3,2
81700,6,1.2466643798954757e-4,3,2
81700,17,0,3,2
81700,8,6.548623132261673e-5,3,2
81700,2,5.414787622553565e-7,3,2
81700,10,1.6136610058197304e-5,3,2
81700,16,0,3,2
81700,12,6.020747495870771e-6,3,2
81736,18,1.1817114696915249e-5,6,3
81736,11,2.58196274144475e-5,6,3
81736,15,4.42556204637989e-6,6,3
81736,7,1.9147360383192297e-4,6,3
81736,9,6.106293529529964e-5,6,3
81736,5,5.875260819046339e-4,6,3
81736,3,0.00141694635473467,6,3
81736,13,8.67865263596395e-6,6,3
81736,4,8.395160085644575e-4,6,3
81736,6,2.817803050448677e-4,6,3
81736,17,4.481400152367605e-6,6,3
81736,8,1.3255044412288687e-4,6,3
81736,2,0.00159465495484202,6,3
81736,10,3.972088629710106e-5,6,3
81736,16,1.4568606617806497e-5,6,3
81736,12,2.0069158319569237e-5,6,3
81855,18,9.39309116934289e-6,3,2
81855,11,1.8281961991842665e-4,3,2
81855,15,2.59211491287965e-5,3,2
81855,7,0.00189137625865173,3,2
81855,9,6.720473053139664e-4,3,2
81855,5,0.00503491566536136,3,2
81855,3,7.881913944484354e-5,3,2
81855,13,4.628614739180774e-5,3,2
81855,4,0.00121528988032996,3,2
81855,6,0.00279682200609035,3,2
81855,17,7.333200249328809e-6,3,2
81855,8,0.00120794482114368,3,2
81855,2,1.207497639829445e-4,3,2
81855,10,3.416616860399083e-4,3,2
81855,16,1.3213387397545428e-5,3,2
81855,12,1.0435962326176004e-4,3,2
82145,18,3.030029409465449e-7,3,2
82145,11,1.7074269741812053e-5,3,2
82145,15,2.8450041726727866e-6,3,2
82145,7,1.9070770941659524e-4,3,2
82145,9,7.455358379077282e-5,3,2
82145,5,6.503333355859142e-4,3,2
82145,3,1.798155272505936e-6,3,2
82145,13,7.392926319524847e-6,3,2
82145,4,1.278029510863251e-4,3,2
82145,6,3.4081998800664955e-4,3,2
82145,17,6.925800235477208e-6,3,2
82145,8,1.3176145338406018e-4,3,2
82145,2,5.414787622553565e-7,3,2
82145,10,3.4135136661571224e-5,3,2
82145,16,4.743267270913743e-6,3,2
82145,12,6.020747495870771e-6,3,2
82296,18,2.1513208807204683e-5,3,2
82296,11,1.8032094629767364e-4,3,2
82296,15,3.6036719520521965e-5,3,2
82296,7,0.00236393311290892,3,2
82296,9,7.192645750481226e-4,3,2
82296,5,0.00671838857257795,3,2
82296,3,8.184603415356186e-4,3,2
82296,13,6.975065266682139e-5,3,2
82296,4,0.0018957991004,3,2
82296,6,0.0035636059876973,3,2
82296,17,5.051760171759846e-5,3,2
82296,8,0.00133773379768068,3,2
82296,2,7.288304139957099e-4,3,2
82296,10,3.810722529128133e-4,3,2
82296,16,1.9989483498850773e-5,3,2
82296,12,1.237598096373436e-4,3,2
82314,18,0,3,2
82314,11,2.332095379369451e-5,3,2
82314,15,1.264446298965683e-6,3,2
82314,7,3.438865924821336e-4,3,2
82314,9,6.709822541169554e-5,3,2
82314,5,0.00104705257086387,3,2
82314,3,1.6243335961636956e-4,3,2
82314,13,3.2143157910977595e-6,3,2
82314,4,2.6855217513983636e-4,3,2
82314,6,5.135476555146723e-4,3,2
82314,17,2.444400083109603e-6,3,2
82314,8,2.0355961061729056e-4,3,2
82314,2,1.120861037868588e-4,3,2
82314,10,4.2824080539062075e-5,3,2
82314,16,1.016414415195802e-6,3,2
82314,12,1.0369065131777438e-5,3,2
82332,18,0,6,3
82332,11,2.9151192242118143e-6,6,3
82332,15,0,6,3
82332,7,4.633661212732535e-5,6,3
82332,9,2.165604100589115e-5,6,3
82332,5,1.236269360435326e-4,6,3
82332,3,4.165726381305419e-5,6,3
82332,13,4.178610528427088e-6,6,3
82332,4,4.846553469767133e-5,6,3
82332,6,8.880349007474619e-5,6,3
82332,17,1.2222000415548017e-6,6,3
82332,8,2.9192657336588184e-5,6,3
82332,2,7.661924485913295e-5,6,3
82332,10,8.378624453294754e-6,6,3
82332,16,0,6,3
82332,12,1.672429859964103e-6,6,3
82442,18,1.818017645679269e-6,3,2
82442,11,2.58196274144475e-5,3,2
82442,15,2.528892597931366e-6,3,2
82442,7,1.4973235819656374e-4,3,2
82442,9,4.7927303865496815e-5,3,2
82442,5,2.778624704000941e-4,3,2
82442,3,1.1418285980412694e-4,3,2
82442,13,7.071494740415071e-6,3,2
82442,4,1.1054125379674352e-4,3,2
82442,6,2.2005700013027764e-4,3,2
82442,17,2.0370000692580023e-6,3,2
82442,8,9.191742107331144e-5,3,2
82442,2,1.6758767691803285e-4,3,2
82442,10,4.406535823584648e-5,3,2
82442,16,4.404462465848476e-6,3,2
82442,12,1.8731214431597953e-5,3,2
82512,18,3.636035291358538e-6,3,2
82512,11,8.745357672635442e-5,3,2
82512,15,8.535012518018359e-6,3,2
82512,7,9.776642211657986e-4,3,2
82512,9,2.921790450466954e-4,3,2
82512,5,0.00281042584510538,3,2
82512,3,6.20363569014548e-5,3,2
82512,13,2.0250189483915884e-5,3,2
82512,4,7.107171903268104e-4,3,2
82512,6,0.00144403257624291,3,2
82512,17,6.111000207774007e-6,3,2
82512,8,6.181742438707255e-4,3,2
82512,2,9.421730463243204e-5,3,2
82512,10,1.4802236534154067e-4,3,2
82512,16,9.486534541827486e-6,3,2
82512,12,5.2179811630880014e-5,3,2
82646,18,0,5,9
82646,11,1.6657824138353224e-5,5,9
82646,15,3.7933388968970488e-6,5,9
82646,7,3.216756544376305e-5,5,9
82646,9,1.4910716758154564e-5,5,9
82646,5,2.305582730072312e-5,5,9
82646,3,0,5,9
82646,13,8.67865263596395e-6,5,9
82646,4,0,5,9
82646,6,4.001036366005048e-5,5,9
82646,17,2.444400083109603e-6,5,9
82646,8,1.7357796254187568e-5,5,9
82646,2,0,5,9
82646,10,3.13422618438063e-5,5,9
82646,16,5.759681686109545e-6,5,9
82646,12,1.638981262764821e-5,5,9
82816,18,0,6,3
82816,11,5.413792844964798e-6,6,3
82816,15,1.5805578737071037e-6,6,3
82816,7,7.275996945613072e-6,6,3
82816,9,7.100341313406936e-6,6,3
82816,5,0,6,3
82816,3,6.74308227189726e-5,6,3
82816,13,2.250021053768432e-6,6,3
82816,4,7.303025776361434e-6,6,3
82816,6,1.4393972292335234e-5,6,3
82816,17,1.2222000415548017e-6,6,3
82816,8,5.1284398023736e-6,6,3
82816,2,3.140576821081068e-5,6,3
82816,10,9.30958272588306e-6,6,3
82816,16,0,6,3
82816,12,3.344859719928206e-7,6,3
82916,18,0,6,3
82916,11,6.246684051882459e-6,6,3
82916,15,0,6,3
82916,7,6.203744764154303e-5,6,3
82916,9,1.4910716758154564e-5,6,3
82916,5,2.3532844417289804e-4,6,3
82916,3,1.2826840943875678e-4,6,3
82916,13,2.5714526328782076e-6,6,3
82916,4,7.070656774386297e-5,6,3
82916,6,1.068569468481836e-4,6,3
82916,17,0,6,3
82916,8,4.221100452722886e-5,6,3
82916,2,8.230477186281419e-5,6,3
82916,10,1.830884602757002e-5,6,3
82916,16,0,6,3
82916,12,4.0138316639138475e-6,6,3
82963,18,0,3,2
82963,11,4.164456034588306e-7,3,2
82963,15,0,3,2
82963,7,3.9443562389376125e-5,3,2
82963,9,3.905187722373815e-6,3,2
82963,5,1.5185044877372812e-4,3,2
82963,3,8.990776362529681e-6,3,2
82963,13,0,3,2
82963,4,5.776029477667679e-5,3,2
82963,6,7.660520847107226e-5,3,2
82963,17,0,3,2
82963,8,3.313761103072172e-5,3,2
82963,2,3.194724697306603e-5,3,2
82963,10,5.8960690597259384e-6,3,2
82963,16,0,3,2
82963,12,6.689719439856411e-7,3,2
83048,18,0,3,2
83048,11,1.1660476896847255e-5,3,2
83048,15,3.477227322155628e-6,3,2
83048,7,1.811340292249991e-4,3,2
83048,9,3.621174069837537e-5,3,2
83048,5,4.4760106104507297e-4,3,2
83048,3,5.394465817517809e-6,3,2
83048,13,7.071494740415071e-6,3,2
83048,4,1.1618450098756824e-4,3,2
83048,6,2.6177512321484247e-4,3,2
83048,17,8.148000277032009e-7,3,2
83048,8,9.704586087568505e-5,3,2
83048,2,1.353696905638391e-6,3,2
83048,10,2.761842875345308e-5,3,2
83048,16,1.6940240253263368e-6,3,2
83048,12,8.027663327827695e-6,3,2
83052,18,1.2120117637861794e-5,4,1
83052,11,4.122811474242423e-5,4,1
83052,15,1.9915029208709505e-5,4,1
83052,7,1.16798898337473e-4,4,1
83052,9,7.13584301997397e-5,4,1
83052,5,6.757742484694707e-6,4,1
83052,3,6.293543453770777e-5,4,1
83052,13,3.053600001542872e-5,4,1
83052,4,3.8174907467343854e-5,4,1
83052,6,1.488190355648219e-4,4,1
83052,17,2.1184800720283222e-5,4,1
83052,8,9.15229257038981e-5,4,1
83052,2,8.609512319860168e-5,4,1
83052,10,6.330516253600481e-5,4,1
83052,16,1.4568606617806497e-5,4,1
83052,12,2.6089905815440007e-5,4,1
83112,18,0,6,3
83112,11,0,6,3
83112,15,0,6,3
83112,7,3.178461823609921e-5,6,3
83112,9,9.230443707429015e-6,6,3
83112,5,1.0216116579803174e-4,6,3
83112,3,6.952867053689619e-5,6,3
83112,13,0,6,3
83112,4,1.0058258228352338e-4,6,3
83112,6,4.65974357260344e-5,6,3
83112,17,1.2222000415548017e-6,6,3
83112,8,1.775229162360092e-5,6,3
83112,2,6.037488199147225e-5,6,3
83112,10,3.1031942419610203e-6,6,3
83112,16,0,6,3
83112,12,0,6,3
83240,18,3.939038232305083e-6,6,3
83240,11,5.8302384484236285e-6,6,3
83240,15,1.8966694484485244e-6,6,3
83240,7,1.4934941098889987e-5,6,3
83240,9,8.520409576088322e-6,6,3
83240,5,2.385085582833426e-6,6,3
83240,3,6.862959290064322e-5,6,3
83240,13,7.071494740415071e-6,6,3
83240,4,8.298892927683448e-6,6,3
83240,6,2.683621952808264e-5,6,3
83240,17,2.444400083109603e-6,6,3
83240,8,1.5385319407120798e-5,6,3
83240,2,1.9493235441192836e-5,6,3
83240,10,1.8929484875962224e-5,6,3
83240,16,4.065657660783208e-6,6,3
83240,12,4.0138316639138475e-6,6,3
83279,18,9.090088228396344e-7,3,2
83279,11,1.6657824138353223e-6,3,2
83279,15,1.5805578737071037e-6,3,2
83279,7,2.7955146159460747e-5,3,2
83279,9,9.94047783876971e-6,3,2
83279,5,6.121719662605793e-5,3,2
83279,3,2.996925454176561e-7,3,2
83279,13,0,3,2
83279,4,1.92534315922256e-5,3,2
83279,6,3.586294791480134e-5,3,2
83279,17,0,3,2
83279,8,1.0651374974160553e-5,3,2
83279,2,2.707393811276783e-7,3,2
83279,10,1.241277696784408e-6,3,2
83279,16,0,3,2
83279,12,3.344859719928206e-7,3,2
83359,18,0,6,3
83359,11,8.328912069176612e-7,6,3
83359,15,5.373896770604152e-6,6,3
83359,7,2.1445043629175368e-5,6,3
83359,9,1.1715563167121444e-5,6,3
83359,5,8.705562377342005e-5,6,3
83359,3,2.1907525070030657e-4,6,3
83359,13,9.642947373293278e-7,6,3
83359,4,9.759498082955732e-5,6,3
83359,6,2.9519841480890905e-5,6,3
83359,17,0,6,3
83359,8,8.678898127093784e-6,6,3
83359,2,2.685734660786568e-4,6,3
83359,10,7.447666180706449e-6,6,3
83359,16,0,6,3
83359,12,0,6,3
83385,18,0,3,2
83385,11,0,3,2
83385,15,0,3,2
83385,7,4.17412456353592e-5,3,2
83385,9,6.390307182066242e-6,3,2
83385,5,1.971670748475632e-4,3,2
83385,3,1.7981552725059362e-5,3,2
83385,13,0,3,2
83385,4,1.6796959285631297e-4,3,2
83385,6,6.879830824472095e-5,3,2
83385,17,0,3,2
83385,8,2.2091740687147815e-5,3,2
83385,2,5.414787622553565e-7,3,2
83385,10,1.55159712098051e-6,3,2
83385,16,0,3,2
83385,12,1.003457915978462e-6,3,2
83786,18,2.121020586625814e-6,3,2
83786,11,2.3737399397153344e-5,3,2
83786,15,0,3,2
83786,7,2.0257907285417448e-4,3,2
83786,9,5.325255985055202e-5,3,2
83786,5,5.887186246960506e-4,3,2
83786,3,2.1278170724653576e-5,3,2
83786,13,1.0928673689732382e-5,3,2
83786,4,9.228368935583992e-5,3,2
83786,6,3.230104968652856e-4,3,2
83786,17,0,3,2
83786,8,1.0730274048043224e-4,3,2
83786,2,3.35716832598321e-5,3,2
83786,10,2.761842875345308e-5,3,2
83786,16,6.776096101305347e-7,3,2
83786,12,5.351775551885129e-6,3,2
83861,18,2.514924409856322e-5,3,2
83861,11,2.04058345694827e-4,3,2
83861,15,1.8966694484485244e-5,3,2
83861,7,0.00221994496282731,3,2
83861,9,7.703870325046525e-4,3,2
83861,5,0.00557354749281791,3,2
83861,3,4.555326690348372e-5,3,2
83861,13,4.95004631829055e-5,3,2
83861,4,0.00113064117246759,3,2
83861,6,0.00315325579454971,3,2
83861,17,2.3629200803392828e-5,3,2
83861,8,0.0013945411308762,3,2
83861,2,1.0017357101724096e-5,3,2
83861,10,3.882095996693236e-4,3,2
83861,16,1.3213387397545428e-5,3,2
83861,12,1.2944607116122158e-4,3,2
83893,18,6.060058818930897e-7,3,2
83893,11,1.8323606552188546e-5,3,2
83893,15,6.322231494828415e-7,3,2
83893,7,1.3479741709767376e-4,3,2
83893,9,4.721726973415612e-5,3,2
83893,5,2.532165860441487e-4,3,2
83893,3,4.195695635847184e-5,3,2
83893,13,2.5714526328782076e-6,3,2
83893,4,5.211704758585205e-5,3,2
83893,6,1.817543958947415e-4,3,2
83893,17,8.148000277032009e-7,3,2
83893,8,7.022017575557698e-5,3,2
83893,2,2.8156895637278537e-5,3,2
83893,10,1.6757248906589508e-5,3,2
83893,16,1.016414415195802e-6,3,2
83893,12,3.6793456919210263e-6,3,2
83901,18,0,6,3
83901,11,0,6,3
83901,15,0,6,3
83901,7,4.020945680470382e-5,6,3
83901,9,3.550170656703468e-6,6,3
83901,5,1.5940321978603398e-4,6,3
83901,3,1.717238285243169e-4,6,3
83901,13,3.2143157910977594e-7,6,3
83901,4,1.1518863383624623e-4,6,3
83901,6,5.9771579858002246e-5,6,3
83901,17,0,6,3
83901,8,1.6174310145947506e-5,6,3
83901,2,1.32120817990307e-4,6,3
83901,10,3.10319424196102e-7,6,3
83901,16,0,6,3
83901,12,0,6,3
84030,18,0.00513105180198879,1,6
84030,11,0.00704542671931649,1,6
84030,15,0.006908302354399,1,6
84030,7,0.00554545851418015,1,6
84030,9,0.00614712049208205,1,6
84030,5,0.00628231542518324,1,6
84030,3,8.691083817112024e-5,1,6
84030,13,0.0072434606352388,1,6
84030,4,5.082242028913343e-4,1,6
84030,6,0.00590250450238574,1,6
84030,17,0.00589141160030799,1,6
84030,8,0.00577620119895032,1,6
84030,2,6.578966961402581e-5,1,6
84030,10,0.00604812557758202,1,6
84030,16,0.00634954085172817,1,6
84030,12,0.00693021485371924,1,6
84080,18,1.818017645679269e-6,6,3
84080,11,8.328912069176612e-7,6,3
84080,15,3.1611157474142073e-7,6,3
84080,7,5.361260907293842e-6,6,3
84080,9,6.035290116395895e-6,6,3
84080,5,1.8683170398861837e-5,6,3
84080,3,9.710038471532056e-5,6,3
84080,13,1.9285894746586556e-6,6,3
84080,4,8.796826503344454e-5,6,3
84080,6,3.903450113175657e-6,6,3
84080,17,0,6,3
84080,8,5.1284398023736e-6,6,3
84080,2,1.1750089140941236e-4,6,3
84080,10,0,6,3
84080,16,0,6,3
84080,12,0,6,3
84103,18,0,6,3
84103,11,5.8302384484236285e-6,6,3
84103,15,0,6,3
84103,7,6.51010253028538e-6,6,3
84103,9,2.1301023940220806e-6,6,3
84103,5,1.192542791416713e-5,6,3
84103,3,1.2497179143916256e-4,6,3
84103,13,0,6,3
84103,4,4.4482066092383274e-5,6,3
84103,6,1.0734487811233055e-5,6,3
84103,17,0,6,3
84103,8,3.5504583247201844e-6,6,3
84103,2,8.284625062506955e-5,6,3
84103,10,1.55159712098051e-6,6,3
84103,16,6.776096101305347e-7,6,3
84103,12,1.003457915978462e-6,6,3
84178,18,1.2120117637861791e-6,6,3
84178,11,1.415915051760024e-5,6,3
84178,15,8.218900943276939e-6,6,3
84178,7,2.872104057478844e-5,6,3
84178,9,6.035290116395895e-6,6,3
84178,5,6.598736779172479e-5,6,3
84178,3,7.612190653608463e-5,6,3
84178,13,1.4464421059939918e-5,6,3
84178,4,6.40674534017162e-5,6,3
84178,6,5.8063820433487894e-5,6,3
84178,17,4.481400152367605e-6,6,3
84178,8,2.2091740687147815e-5,6,3
84178,2,1.034224435907731e-4,6,3
84178,10,1.5205651785609e-5,6,3
84178,16,4.404462465848476e-6,6,3
84178,12,8.362149299820515e-6,6,3
84243,18,0,3,2
84243,11,4.580901638047136e-6,3,2
84243,15,0,3,2
84243,7,4.2890087258350737e-5,3,2
84243,9,1.0295494904440057e-5,3,2
84243,5,1.1130399386555988e-4,3,2
84243,3,5.99385090835312e-6,3,2
84243,13,2.250021053768432e-6,3,2
84243,4,3.4191438862055805e-5,3,2
84243,6,6.074744238629616e-5,3,2
84243,17,0,3,2
84243,8,2.2486236056561167e-5,3,2
84243,2,2.003471420344819e-5,3,2
84243,10,2.792874817764918e-6,3,2
84243,16,0,3,2
84243,12,4.682803607899488e-6,3,2
84294,18,3.393632938601302e-5,3,2
84294,11,1.6824402379736757e-4,3,2
84294,15,6.006119920086994e-5,3,2
84294,7,4.066899345390043e-4,3,2
84294,9,3.1703023964361966e-4,3,2
84294,5,8.180843549118652e-4,3,2
84294,3,3.7161875631789345e-5,3,2
84294,13,7.810787372367555e-5,3,2
84294,4,2.0182907600126143e-4,3,2
84294,6,4.525562474963027e-4,3,2
84294,17,3.951780134360524e-5,3,2
84294,8,3.8621096665567337e-4,3,2
84294,2,4.169386469366245e-5,3,2
84294,10,2.5601352496178414e-4,3,2
84294,16,3.692972375211414e-5,3,2
84294,12,1.1740457616948002e-4,3,2
84697,18,0,3,2
84697,11,7.079575258800121e-6,3,2
84697,15,2.8450041726727866e-6,3,2
84697,7,1.01863957238583e-4,3,2
84697,9,2.627126285960566e-5,3,2
84697,5,3.478249808298746e-4,3,2
84697,3,2.996925454176561e-7,3,2
84697,13,9.642947373293278e-7,3,2
84697,4,5.0789224717422694e-5,3,2
84697,6,1.6077335153642235e-4,3,2
84697,17,0,3,2
84697,8,5.9174305412003074e-5,3,2
84697,2,4.873308860298209e-6,3,2
84697,10,1.3964374088824591e-5,3,2
84697,16,6.776096101305347e-7,3,2
84697,12,1.672429859964103e-6,3,2
84802,18,0,3,2
84802,11,1.6657824138353223e-6,3,2
84802,15,0,3,2
84802,7,3.178461823609921e-5,3,2
84802,9,1.526573382382491e-5,3,2
84802,5,1.1209902239317104e-4,3,2
84802,3,8.691083817112024e-6,3,2
84802,13,9.642947373293278e-7,3,2
84802,4,5.278095902006672e-5,3,2
84802,6,6.538278939569225e-5,3,2
84802,17,0,3,2
84802,8,2.8009171228348123e-5,3,2
84802,2,2.8698374399533896e-5,3,2
84802,10,4.344471938745428e-6,3,2
84802,16,0,3,2
84802,12,1.672429859964103e-6,3,2
84883,18,0,3,2
84883,11,2.6236073017906328e-5,3,2
84883,15,3.477227322155628e-6,3,2
84883,7,2.3244895505195444e-4,3,2
84883,9,6.354805475499207e-5,3,2
84883,5,6.352277935613024e-4,3,2
84883,3,2.097847817923592e-6,3,2
84883,13,3.857178949317311e-6,3,2
84883,4,1.6265830138259557e-4,3,2
84883,6,3.8058638603462655e-4,3,2
84883,17,4.074000138516005e-7,3,2
84883,8,1.6608255052302196e-4,3,2
84883,2,1.9222496060065156e-5,3,2
84883,10,4.437567766004259e-5,3,2
84883,16,1.3552192202610691e-6,3,2
84883,12,1.2710466935727182e-5,3,2
84953,18,2.121020586625814e-6,3,2
84953,11,9.453315198515456e-5,3,2
84953,15,1.0115570391725463e-5,3,2
84953,7,6.433513088752611e-4,3,2
84953,9,2.428316729185172e-4,3,2
84953,5,0.00131060452776696,3,2
84953,3,3.2067102359689196e-5,3,2
84953,13,2.7643115803440733e-5,3,2
84953,4,2.3602051486331724e-4,3,2
84953,6,9.22678020501896e-4,3,2
84953,17,5.703600193922406e-6,3,2
84953,8,4.244770174887687e-4,3,2
84953,2,5.577231251230172e-5,3,2
84953,10,1.244380891026369e-4,3,2
84953,16,1.3552192202610696e-5,3,2
84953,12,6.856962425852823e-5,3,2
84982,18,8.756784993355146e-5,3,2
84982,11,0.00119186731709917,3,2
84982,15,1.9093139114381813e-4,3,2
84982,7,0.00947219918156522,3,2
84982,9,0.00387820642538286,3,2
84982,5,0.02459341247312306,3,2
84982,3,1.6393182234345784e-4,3,2
84982,13,4.5386138970300366e-4,3,2
84982,4,0.0053790104400073,3,2
84982,6,0.01415025062589383,3,2
84982,17,1.2384960421088655e-4,3,2
84982,8,0.00670247632633288,3,2
84982,2,4.765013107847137e-5,3,2
84982,10,0.00233670526419664,3,2
84982,16,1.3111745956025846e-4,3,2
84982,12,7.462382035159827e-4,3,2
85185,18,9.090088228396344e-7,3,2
85185,11,2.58196274144475e-5,3,2
85185,15,6.322231494828415e-6,3,2
85185,7,2.573405235501044e-4,3,2
85185,9,6.709822541169554e-5,3,2
85185,5,6.853145908008045e-4,3,2
85185,3,4.345541908556012e-5,3,2
85185,13,8.357221056854175e-6,3,2
85185,4,1.9485800594200737e-4,3,2
85185,6,3.9620018648732914e-4,3,2
85185,17,2.444400083109603e-6,3,2
85185,8,1.3965136077232726e-4,3,2
85185,2,2.7615416875023185e-5,3,2
85185,10,4.530663593263089e-5,3,2
85185,16,0,3,2
85185,12,9.700093187791797e-6,3,2
85211,18,3.333032350411993e-6,3,2
85211,11,3.498143069054177e-5,3,2
85211,15,2.212781023189945e-6,3,2
85211,7,5.322966186527458e-4,3,2
85211,9,1.6863310619341472e-4,3,2
85211,5,0.00132650509831919,3,2
85211,3,8.691083817112024e-6,3,2
85211,13,1.350012632261059e-5,3,2
85211,4,3.950273033577321e-4,3,2
85211,6,7.553175968994896e-4,3,2
85211,17,1.629600055406402e-6,3,2
85211,8,3.152018001612697e-4,3,2
85211,2,2.707393811276782e-6,3,2
85211,10,8.657911935071246e-5,3,2
85211,16,7.114900906370614e-6,3,2
85211,12,3.0772709423339493e-5,3,2
85225,18,5.454052937037807e-6,6,3
85225,11,1.0411140086470763e-5,6,3
85225,15,2.528892597931366e-6,6,3
85225,7,9.803448516194454e-5,6,3
85225,9,3.3371604173012593e-5,6,3
85225,5,2.675270995411493e-4,6,3
85225,3,1.2497179143916256e-4,6,3
85225,13,6.428631582195519e-6,6,3
85225,4,1.5203571843516077e-4,6,3
85225,6,1.4759920740445453e-4,6,3
85225,17,4.888800166219206e-6,6,3
85225,8,4.812843506842917e-5,6,3
85225,2,1.6650471939352212e-4,6,3
85225,10,2.7928748177649183e-5,6,3
85225,16,3.0492432455874064e-6,6,3
85225,12,1.4382896795691283e-5,6,3
85466,18,6.060058818930897e-7,6,3
85466,11,4.580901638047136e-6,6,3
85466,15,9.483347242242622e-7,6,3
85466,7,5.744208114957688e-6,6,3
85466,9,6.035290116395895e-6,6,3
85466,5,1.2720456441778273e-5,6,3
85466,3,4.555326690348372e-5,6,3
85466,13,2.250021053768432e-6,6,3
85466,4,8.298892927683448e-6,6,3
85466,6,1.4637937924408711e-5,6,3
85466,17,4.074000138516005e-7,6,3
85466,8,5.917430541200307e-6,6,3
85466,2,5.225270055764191e-5,6,3
85466,10,1.241277696784408e-6,6,3
85466,16,3.3880480506526733e-7,6,3
85466,12,1.3379438879712823e-6,6,3
85487,18,6.666064700823986e-6,3,2
85487,11,1.374270491414141e-5,3,2
85487,15,1.5805578737071037e-6,3,2
85487,7,2.4508621290486136e-5,3,2
85487,9,1.3490648495473177e-5,3,2
85487,5,4.452159754622395e-5,3,2
85487,3,1.6782782543388738e-5,3,2
85487,13,4.5000421075368635e-6,3,2
85487,4,5.311291473717406e-6,3,2
85487,6,3.220346343369917e-5,3,2
85487,17,4.074000138516005e-6,3,2
85487,8,1.4201833298880738e-5,3,2
85487,2,2.5990980588257112e-5,3,2
85487,10,2.172235969372714e-5,3,2
85487,16,1.6940240253263368e-6,3,2
85487,12,1.0034579159784618e-5,3,2
85491,18,4.848047055144717e-6,4,1
85491,11,2.123872577640036e-5,4,1
85491,15,6.322231494828415e-6,4,1
85491,7,8.309954406305455e-5,4,1
85491,9,6.212798649231069e-5,4,1
85491,5,3.97514263805571e-7,4,1
85491,3,0,4,1
85491,13,9.321515794183502e-6,4,1
85491,4,0,4,1
85491,6,1.0954056880099186e-4,4,1
85491,17,5.2962001800708065e-6,4,1
85491,8,8.20550368379776e-5,4,1
85491,2,6.497745147064278e-6,4,1
85491,10,5.058206614396463e-5,4,1
85491,16,3.0492432455874064e-6,4,1
85491,12,1.9734672347576415e-5,4,1
85657,18,1.5150147047327242e-6,3,2
85657,11,2.9151192242118145e-5,3,2
85657,15,4.1094504716384695e-6,3,2
85657,7,3.232074432682859e-4,3,2
85657,9,9.727467599367502e-5,3,2
85657,5,9.142828067528132e-4,3,2
85657,3,9.889853998782648e-6,3,2
85657,13,2.5714526328782076e-6,3,2
85657,4,2.612491493634749e-4,3,2
85657,6,5.042769614958801e-4,3,2
85657,17,3.259200110812804e-6,3,2
85657,8,1.8935777731840983e-4,3,2
85657,2,1.353696905638391e-6,3,2
85657,10,5.151302441655293e-5,3,2
85657,16,1.3552192202610691e-6,3,2
85657,12,1.739327054362667e-5,3,2
85696,18,0,6,3
85696,11,1.249336810376492e-6,6,3
85696,15,0,6,3
85696,7,4.212419284302305e-6,6,3
85696,9,7.100341313406935e-7,6,3
85696,5,1.0732885122750416e-5,6,3
85696,3,7.792006180859057e-5,6,3
85696,13,3.2143157910977595e-6,6,3
85696,4,3.6847084598914504e-5,6,3
85696,6,1.2198281603673928e-5,6,3
85696,17,0,6,3
85696,8,7.889907388267076e-7,6,3
85696,2,5.062826427087584e-5,6,3
85696,10,3.1031942419610203e-6,6,3
85696,16,0,6,3
85696,12,3.344859719928206e-7,6,3
85700,18,4.545044114198172e-6,3,2
85700,11,2.8734746638659312e-5,3,2
85700,15,4.741673621121311e-6,3,2
85700,7,3.396741731978313e-4,3,2
85700,9,1.160905804742034e-4,3,2
85700,5,8.824816656483677e-4,3,2
85700,3,1.798155272505936e-6,3,2
85700,13,5.464336844866191e-6,3,2
85700,4,1.639861242510249e-4,3,2
85700,6,5.094002397694232e-4,3,2
85700,17,2.851800096961203e-6,3,2
85700,8,2.1697245317734464e-4,3,2
85700,2,1.082957524510713e-6,3,2
85700,10,5.368526038592565e-5,3,2
85700,16,2.032828830391604e-6,3,2
85700,12,1.9734672347576415e-5,3,2
85801,18,1.818017645679269e-6,6,3
85801,11,4.580901638047136e-6,6,3
85801,15,9.483347242242622e-7,6,3
85801,7,7.275996945613072e-6,6,3
85801,9,2.4851194596924275e-6,6,3
85801,5,4.372656901861281e-6,6,3
85801,3,1.0099638780575008e-4,6,3
85801,13,3.5357473702075353e-6,6,3
85801,4,2.7552324519909043e-5,6,3
85801,6,5.367243905616528e-6,6,3
85801,17,1.2222000415548017e-6,6,3
85801,8,2.761467585893477e-6,6,3
85801,2,6.660188775740885e-5,6,3
85801,10,4.965110787137632e-6,6,3
85801,16,2.7104384405221387e-6,6,3
85801,12,1.3379438879712823e-6,6,3
85831,18,0,6,3
85831,11,4.997347241505968e-6,6,3
85831,15,0,6,3
85831,7,8.654606893202917e-5,6,3
85831,9,2.8756382319298087e-5,6,3
85831,5,3.319244102776518e-4,6,3
85831,3,1.4624996216381614e-4,6,3
85831,13,3.2143157910977594e-7,6,3
85831,4,2.4830287639628876e-4,6,3
85831,6,1.2344660982918014e-4,6,3
85831,17,0,6,3
85831,8,4.733944432960246e-5,6,3
85831,2,1.3266229675256235e-4,6,3
85831,10,1.1792138119451875e-5,6,3
85831,16,0,6,3
85831,12,2.341401803949744e-6,6,3
85849,18,0,6,3
85849,11,1.4575596121059073e-5,6,3
85849,15,6.322231494828415e-7,6,3
85849,7,7.199407504080303e-5,6,3
85849,9,3.0176450581979477e-5,6,3
85849,5,2.8978789831426126e-4,6,3
85849,3,1.423539590733866e-4,6,3
85849,13,3.857178949317311e-6,6,3
85849,4,1.4871616126408736e-4,6,3
85849,6,1.3686471959322146e-4,6,3
85849,17,0,6,3
85849,8,5.2073388762562704e-5,6,3
85849,2,1.3916004189962663e-4,6,3
85849,10,9.619902150079162e-6,6,3
85849,16,0,6,3
85849,12,5.68626152387795e-6,6,3
85900,18,0,6,3
85900,11,1.249336810376492e-6,6,3
85900,15,0,6,3
85900,7,3.063577661310767e-6,6,3
85900,9,7.100341313406935e-7,6,3
85900,5,7.155256748500278e-6,6,3
85900,3,1.672284403430521e-4,6,3
85900,13,1.2857263164391038e-6,6,3
85900,4,9.062391077030324e-5,6,3
85900,6,2.9275875848817427e-6,6,3
85900,17,0,6,3
85900,8,4.733944432960246e-6,6,3
85900,2,1.2724750913000878e-4,6,3
85900,10,4.344471938745428e-6,6,3
85900,16,0,6,3
85900,12,3.344859719928206e-6,6,3
86244,18,0,6,3
86244,11,8.328912069176612e-7,6,3
86244,15,0,6,3
86244,7,2.6423357328805367e-5,6,3
86244,9,7.81037544474763e-6,6,3
86244,5,7.274511027641949e-5,6,3
86244,3,2.577355890591842e-5,6,3
86244,13,3.2143157910977594e-7,6,3
86244,4,4.547793324370529e-5,6,3
86244,6,3.342329159406656e-5,6,3
86244,17,0,6,3
86244,8,1.4201833298880738e-5,6,3
86244,2,2.003471420344819e-5,6,3
86244,10,1.861916545176612e-6,6,3
86244,16,6.776096101305347e-7,6,3
86244,12,2.6758877759425646e-6,6,3
86276,18,1.0908105874075614e-5,3,2
86276,11,8.328912069176612e-5,3,2
86276,15,8.218900943276939e-6,3,2
86276,7,3.8179836604085434e-4,3,2
86276,9,1.4626703105618288e-4,3,2
86276,5,7.946310133473364e-4,3,2
86276,3,1.198770181670624e-6,3,2
86276,13,4.0821810546941544e-5,3,2
86276,4,1.7361284004713772e-4,3,2
86276,6,5.67951991467058e-4,3,2
86276,17,6.111000207774007e-6,3,2
86276,8,2.804862076528946e-4,3,2
86276,2,5.685527003681243e-6,3,2
86276,10,8.813071647169297e-5,3,2
86276,16,8.131315321566416e-6,3,2
86276,12,2.5420933871454363e-5,3,2
86497,18,0,6,3
86497,11,6.663129655341289e-6,6,3
86497,15,1.264446298965683e-6,6,3
86497,7,3.1018723820771515e-5,6,3
86497,9,1.3845665561143525e-5,6,3
86497,5,4.9291768711890806e-5,6,3
86497,3,6.47335898102137e-5,6,3
86497,13,1.9285894746586556e-6,6,3
86497,4,4.6141844677919966e-5,6,3
86497,6,3.659484481102178e-5,6,3
86497,17,0,6,3
86497,8,1.5385319407120798e-5,6,3
86497,2,3.709129521449192e-5,6,3
86497,10,8.999263301686958e-6,6,3
86497,16,1.016414415195802e-6,6,3
86497,12,1.672429859964103e-6,6,3
86534,18,0,3,2
86534,11,0,3,2
86534,15,0,3,2
86534,7,1.6083782721881526e-5,3,2
86534,9,1.100552903578075e-5,3,2
86534,5,7.870782423350305e-5,3,2
86534,3,7.1926210900237445e-6,3,2
86534,13,6.428631582195519e-7,3,2
86534,4,4.315424322395392e-5,3,2
86534,6,3.683881044309526e-5,3,2
86534,17,0,3,2
86534,8,3.9449536941335384e-6,3,2
86534,2,1.9763974822320512e-5,3,2
86534,10,2.172235969372714e-6,3,2
86534,16,0,3,2
86534,12,0,3,2
86634,18,1.872558175049647e-4,1,6
86634,11,1.5450131888322614e-4,1,6
86634,15,2.032597425587335e-4,1,6
86634,7,4.7868400957980735e-5,1,6
86634,9,7.561863498778386e-5,1,6
86634,5,3.180114110444568e-6,1,6
86634,3,1.3486164543794522e-5,1,6
86634,13,1.7035873692818125e-4,1,6
86634,4,1.0290627230327474e-5,1,6
86634,6,4.6353470093960925e-5,1,6
86634,17,1.8495960628862665e-4,1,6
86634,8,5.246788413197606e-5,1,6
86634,2,1.4890665962022304e-5,1,6
86634,10,1.0240540998471368e-4,1,6
86634,16,2.1141419836072684e-4,1,6
86634,12,1.3245644490915697e-4,1,6
86814,18,0,3,2
86814,11,1.1244031293388426e-5,3,2
86814,15,1.5805578737071037e-6,3,2
86814,7,1.478176221582445e-4,3,2
86814,9,3.727679189538641e-5,3,2
86814,5,3.5021006641270807e-4,3,2
86814,3,4.944926999391325e-5,3,2
86814,13,5.464336844866191e-6,3,2
86814,4,9.062391077030324e-5,3,2
86814,6,2.0737078726245676e-4,3,2
86814,17,1.2222000415548017e-6,3,2
86814,8,8.560549516269778e-5,3,2
86814,2,2.1929889871341937e-5,3,2
86814,10,2.482555393568816e-5,3,2
86814,16,6.776096101305347e-7,3,2
86814,12,8.362149299820515e-6,3,2
86857,18,1.2120117637861791e-6,3,2
86857,11,4.164456034588306e-6,3,2
86857,15,1.264446298965683e-6,3,2
86857,7,3.1018723820771515e-5,3,2
86857,9,1.6685802086506297e-5,3,2
86857,5,7.910533849730863e-5,3,2
86857,3,4.49538818126484e-5,3,2
86857,13,1.6071578955488798e-6,3,2
86857,4,3.518730601337781e-5,3,2
86857,6,5.050088583921006e-5,3,2
86857,17,4.074000138516005e-7,3,2
86857,8,2.4064217534214585e-5,3,2
86857,2,2.7073938112767823e-5,3,2
86857,10,7.75798560490255e-6,3,2
86857,16,1.016414415195802e-6,3,2
86857,12,6.355233467863591e-6,3,2
87211,18,3.939038232305083e-6,3,2
87211,11,1.0036339043357816e-4,3,2
87211,15,1.0747793541208303e-5,3,2
87211,7,0.00109369722508794,3,2
87211,9,3.131250519212459e-4,3,2
87211,5,0.00297976692148656,3,2
87211,3,9.47028443519793e-5,3,2
87211,13,3.664320001851446e-5,3,2
87211,4,6.994306959451609e-4,3,2
87211,6,0.00164310853201487,3,2
87211,17,4.074000138516005e-6,3,2
87211,8,6.706421280027015e-4,3,2
87211,2,9.394656525130437e-5,3,2
87211,10,1.865019739418573e-4,3,2
87211,16,9.486534541827486e-6,3,2
87211,12,5.050738177091591e-5,3,2
87212,18,0,6,3
87212,11,2.9151192242118143e-6,6,3
87212,15,0,6,3
87212,7,7.275996945613072e-6,6,3
87212,9,1.0650511970110403e-6,6,3
87212,5,6.757742484694707e-6,6,3
87212,3,1.0339392816909133e-4,6,3
87212,13,0,6,3
87212,4,5.0789224717422694e-5,6,3
87212,6,6.587072065983921e-6,6,3
87212,17,0,6,3
87212,8,4.733944432960246e-6,6,3
87212,2,1.4403335075992483e-4,6,3
87212,10,1.241277696784408e-6,6,3
87212,16,3.3880480506526733e-7,6,3
87212,12,3.6793456919210263e-6,6,3
87329,18,9.090088228396344e-7,4,1
87329,11,1.7907160948729716e-5,4,1
87329,15,5.690008345345573e-6,4,1
87329,7,3.0252829405443825e-5,4,1
87329,9,2.2366075137231847e-5,4,1
87329,5,3.577628374250139e-6,4,1
87329,3,4.97489625393309e-5,4,1
87329,13,3.2143157910977595e-6,4,1
87329,4,1.858952015801092e-5,4,1
87329,6,4.586553882981397e-5,4,1
87329,17,0,4,1
87329,8,2.8009171228348123e-5,4,1
87329,2,1.034224435907731e-4,4,1
87329,10,2.606683163247257e-5,4,1
87329,16,3.3880480506526733e-7,4,1
87329,12,1.170700901974872e-5,4,1
87385,18,1.9089185279632324e-5,3,2
87385,11,2.136365945743801e-4,3,2
87385,15,3.255949219836634e-5,3,2
87385,7,0.0017623230496690099,3,2
87385,9,6.400957694036352e-4,3,2
87385,5,0.00459924003223045,3,2
87385,3,4.29459417583501e-4,3,2
87385,13,8.228648425210264e-5,3,2
87385,4,0.00122989593188268,3,2
87385,6,0.00276120302380763,3,2
87385,17,2.8518000969612032e-5,3,2
87385,8,0.00112510079356688,3,2
87385,2,2.5314132135437916e-4,3,2
87385,10,4.322749579051702e-4,3,2
87385,16,2.710438440522139e-5,3,2
87385,12,1.2074943588940825e-4,3,2
87513,18,5.454052937037807e-6,3,2
87513,11,3.498143069054177e-5,3,2
87513,15,4.1094504716384695e-6,3,2
87513,7,2.523622098504744e-4,3,2
87513,9,1.1431549514585168e-4,3,2
87513,5,6.431780788374139e-4,3,2
87513,3,1.9240261415813515e-4,3,2
87513,13,2.2500210537684317e-5,3,2
87513,4,1.7361284004713772e-4,3,2
87513,6,4.0327518981746e-4,3,2
87513,17,5.2962001800708065e-6,3,2
87513,8,2.015871337702238e-4,3,2
87513,2,1.4971887776360607e-4,3,2
87513,10,8.688943877490857e-5,3,2
87513,16,5.759681686109545e-6,3,2
87513,12,2.0069158319569237e-5,3,2
87593,18,0,3,2
87593,11,7.91246646571778e-6,3,2
87593,15,0,3,2
87593,7,3.906061518171228e-5,3,2
87593,9,1.207058023279179e-5,3,2
87593,5,1.236269360435326e-4,3,2
87593,3,4.075818617680122e-5,3,2
87593,13,0,3,2
87593,4,5.2449003302959386e-5,3,2
87593,6,5.46483015844592e-5,3,2
87593,17,0,3,2
87593,8,2.5247703642454643e-5,3,2
87593,2,2.0846932346831223e-5,3,2
87593,10,1.365405466462849e-5,3,2
87593,16,0,3,2
87593,12,1.003457915978462e-6,3,2
87658,18,0,6,3
87658,11,4.580901638047136e-6,6,3
87658,15,0,6,3
87658,7,3.446524868974613e-6,6,3
87658,9,3.905187722373815e-6,6,3
87658,5,8.745313803722562e-6,6,3
87658,3,5.214650290267215e-5,6,3
87658,13,2.892884211987984e-6,6,3
87658,4,3.5519261730485155e-5,6,3
87658,6,5.367243905616528e-6,6,3
87658,17,0,6,3
87658,8,3.1559629553068304e-6,6,3
87658,2,6.335301518387671e-5,6,3
87658,10,2.792874817764918e-6,6,3
87658,16,0,6,3
87658,12,6.689719439856411e-7,6,3
87791,18,0,6,3
87791,11,8.328912069176612e-7,6,3
87791,15,0,6,3
87791,7,6.127155322621534e-6,6,3
87791,9,2.1301023940220806e-6,6,3
87791,5,6.0422168098446795e-5,6,3
87791,3,5.879967741094411e-4,6,3
87791,13,0,6,3
87791,4,4.1660442496970905e-4,6,3
87791,6,1.341810976404132e-5,6,3
87791,17,8.148000277032009e-7,6,3
87791,8,7.100916649440369e-6,6,3
87791,2,5.885874145715725e-4,6,3
87791,10,4.344471938745428e-6,6,3
87791,16,0,6,3
87791,12,2.341401803949744e-6,6,3
87796,18,5.454052937037807e-6,3,2
87796,11,1.8115383750459132e-4,3,2
87796,15,2.813393015198645e-5,3,2
87796,7,0.00186035753483096,3,2
87796,9,5.64122117350181e-4,3,2
87796,5,0.00520982194143581,3,2
87796,3,1.4894719507257503e-4,3,2
87796,13,4.821473686646639e-5,3,2
87796,4,0.00120964663313913,3,2
87796,6,0.00276022716127933,3,2
87796,17,1.5073800512509216e-5,3,2
87796,8,0.00110024758529384,3,2
87796,2,1.2372789717534895e-4,3,2
87796,10,3.2769731195108373e-4,3,2
87796,16,1.1180558567153823e-5,3,2
87796,12,7.592831564237027e-5,3,2
87805,18,0,6,3
87805,11,0,6,3
87805,15,0,6,3
87805,7,2.2210938044503065e-5,6,3
87805,9,5.680273050725548e-6,6,3
87805,5,7.314262454022506e-5,6,3
87805,3,1.1298408962245632e-4,6,3
87805,13,2.5714526328782076e-6,6,3
87805,4,5.211704758585205e-5,6,3
87805,6,3.317932596199308e-5,6,3
87805,17,0,6,3
87805,8,1.4201833298880738e-5,6,3
87805,2,1.0640057678317756e-4,6,3
87805,10,3.4135136661571223e-6,6,3
87805,16,0,6,3
87805,12,0,6,3
87841,18,0,3,2
87841,11,2.790185543174165e-5,3,2
87841,15,2.212781023189945e-6,3,2
87841,7,1.1028879580718762e-4,3,2
87841,9,3.124150177899052e-5,3,2
87841,5,2.9694315506276155e-4,3,2
87841,3,1.888063036131233e-5,3,2
87841,13,2.250021053768432e-6,3,2
87841,4,6.373549768460887e-5,3,2
87841,6,1.798026708381537e-4,3,2
87841,17,4.074000138516005e-7,3,2
87841,8,8.28440275768043e-5,3,2
87841,2,1.6515102248788375e-5,3,2
87841,10,3.941056687290496e-5,3,2
87841,16,1.016414415195802e-6,3,2
87841,12,1.9400186375583593e-5,3,2
87922,18,2.121020586625814e-6,3,2
87922,11,5.288859163927149e-5,3,2
87922,15,6.638343069569835e-6,3,2
87922,7,5.721231282497857e-4,3,2
87922,9,1.5443242356660085e-4,3,2
87922,5,0.00148074063267575,3,2
87922,3,1.5284319816300458e-5,3,2
87922,13,1.7035873692818124e-5,3,2
87922,4,3.747780046141845e-4,3,2
87922,6,8.492443652477788e-4,3,2
87922,17,7.333200249328809e-6,3,2
87922,8,3.4163298991196444e-4,3,2
87922,2,1.4078447818639269e-5,3,2
87922,10,8.192432798777093e-5,3,2
87922,16,2.3716336354568714e-6,3,2
87922,12,2.3748504011490265e-5,3,2
88058,18,2.121020586625814e-6,5,9
88058,11,1.6657824138353224e-5,5,9
88058,15,3.477227322155628e-6,5,9
88058,7,6.739870854883688e-5,5,9
88058,9,3.195153591033121e-5,5,9
88058,5,1.0732885122750416e-5,5,9
88058,3,1.1688009271288583e-5,5,9
88058,13,0,5,9
88058,4,3.3195571710733786e-7,5,9
88058,6,9.368280271621577e-5,5,9
88058,17,1.2222000415548017e-6,5,9
88058,8,5.246788413197606e-5,5,9
88058,2,1.0017357101724096e-5,5,9
88058,10,1.4895332361412898e-5,5,9
88058,16,2.3716336354568714e-6,5,9
88058,12,9.365607215798977e-6,5,9
88177,18,4.848047055144717e-6,3,2
88177,11,1.374270491414141e-5,3,2
88177,15,9.483347242242622e-7,3,2
88177,7,1.876441317552845e-4,3,2
88177,9,6.745324247736588e-5,3,2
88177,5,4.03079463498849e-4,3,2
88177,3,1.49846272708828e-6,3,2
88177,13,6.107200003085743e-6,3,2
88177,4,9.394346794137662e-5,3,2
88177,6,2.8787944584670466e-4,3,2
88177,17,2.0370000692580023e-6,3,2
88177,8,1.2939448116758005e-4,3,2
88177,2,2.707393811276783e-7,3,2
88177,10,3.661769205514004e-5,3,2
88177,16,2.3716336354568714e-6,3,2
88177,12,1.572084068366257e-5,3,2
88428,18,3.130020379977808e-4,1,6
88428,11,0.00138926253313865,1,6
88428,15,5.822775206736969e-4,1,6
88428,7,0.00105961492360586,1,6
88428,9,0.00208892041440432,1,6
88428,5,2.822351273019554e-4,1,6
88428,3,0,1,6
88428,13,8.309006319987709e-4,1,6
88428,4,7.867350495443907e-5,1,6
88428,6,2.664104702242386e-4,1,6
88428,17,3.62993412341776e-4,1,6
88428,8,0.00180955025949905,1,6
88428,2,5.414787622553565e-7,1,6
88428,10,0.00179768042436801,1,6
88428,16,4.126642525694956e-4,1,6
88428,12,0.00105965155927325,1,6
88438,18,4.242041173251628e-6,3,2
88438,11,4.997347241505967e-5,3,2
88438,15,1.2012239840173988e-5,3,2
88438,7,5.372749323523758e-4,3,2
88438,9,1.5088225290989737e-4,3,2
88438,5,0.00144536186319705,3,2
88438,3,1.1088624180453273e-5,3,2
88438,13,2.057162106302566e-5,3,2
88438,4,3.621636873641056e-4,3,2
88438,6,8.041107233141853e-4,3,2
88438,17,1.2222000415548017e-6,3,2
88438,8,2.915320779964685e-4,3,2
88438,2,7.309963290447313e-6,3,2
88438,10,9.650934092498772e-5,3,2
88438,16,8.131315321566416e-6,3,2
88438,12,2.8431307619389752e-5,3,2
88663,18,0,3,2
88663,11,4.164456034588306e-7,3,2
88663,15,0,3,2
88663,7,2.2976832459830752e-5,3,2
88663,9,6.035290116395895e-6,3,2
88663,5,7.155256748500278e-5,3,2
88663,3,9.889853998782648e-6,3,2
88663,13,0,3,2
88663,4,3.219970455941178e-5,3,2
88663,6,3.195949780162569e-5,3,2
88663,17,0,3,2
88663,8,1.775229162360092e-5,3,2
88663,2,8.122181433830348e-6,3,2
88663,10,3.723833090353224e-6,3,2
88663,16,0,3,2
88663,12,1.003457915978462e-6,3,2
88755,18,1.2120117637861791e-6,3,2
88755,11,2.6652518621365157e-5,3,2
88755,15,0,3,2
88755,7,1.5892309118049604e-4,3,2
88755,9,5.6802730507255485e-5,3,2
88755,5,4.404458042965727e-4,3,2
88755,3,6.892928544606088e-6,3,2
88755,13,1.0607242110622609e-5,3,2
88755,4,1.0124649371773804e-4,3,2
88755,6,2.1298199680014676e-4,3,2
88755,17,2.0370000692580023e-6,3,2
88755,8,1.1637613397693938e-4,3,2
88755,2,8.663660196085703e-6,3,2
88755,10,2.9790664722825795e-5,3,2
88755,16,3.3880480506526733e-7,3,2
88755,12,1.4382896795691283e-5,3,2
88828,18,1.5150147047327242e-6,6,3
88828,11,4.164456034588306e-6,6,3
88828,15,3.1611157474142073e-7,6,3
88828,7,2.7572198951796904e-5,6,3
88828,9,8.520409576088322e-6,6,3
88828,5,7.552771012305848e-5,6,3
88828,3,5.2446195448089807e-05,6,3
88828,13,3.2143157910977595e-6,6,3
88828,4,4.4814021809490616e-5,6,3
88828,6,4.65974357260344e-5,6,3
88828,17,4.074000138516005e-7,6,3
88828,8,1.7357796254187568e-5,6,3
88828,2,7.797294176477134e-5,6,3
88828,10,5.8960690597259384e-6,6,3
88828,16,6.776096101305347e-7,6,3
88828,12,2.006915831956924e-6,6,3
88881,18,1.878618233868578e-5,2,4
88881,11,2.332095379369451e-5,2,4
88881,15,2.149558708241661e-5,2,4
88881,7,8.42483856860461e-6,2,4
88881,9,1.2780614364132484e-5,2,4
88881,5,1.192542791416713e-6,2,4
88881,3,1.9180322906729983e-5,2,4
88881,13,2.635738948700163e-5,2,4
88881,4,1.0290627230327474e-5,2,4
88881,6,6.099140801836963e-6,2,4
88881,17,1.4259000484806016e-5,2,4
88881,8,1.5779814776534154e-5,2,4
88881,2,1.813953853555444e-5,2,4
88881,10,1.5826290634001204e-5,2,4
88881,16,2.269992193937291e-5,2,4
88881,12,1.605532665565539e-5,2,4
88902,18,0.00435597027904752,1,6
88902,11,0.00519349312073507,1,6
88902,15,0.00458108894115266,1,6
88902,7,0.00596631749540271,1,6
88902,9,0.00569269864802401,1,6
88902,5,0.00163020599586664,1,6
88902,3,6.6741529864512e-4,1,6
88902,13,0.00510690492889612,1,6
88902,4,3.65483244535179e-4,1,6
88902,6,0.00496494457832736,1,6
88902,17,0.00433921754753339,1,6
88902,8,0.00576278835639027,1,6
88902,2,6.944465125924947e-4,1,6
88902,10,0.00537535306592487,1,6
88902,16,0.00445053991933735,1,6
88902,12,0.00505976929833539,1,6
88937,18,3.030029409465449e-7,3,2
88937,11,9.578248879553104e-6,3,2
88937,15,6.322231494828415e-7,3,2
88937,7,1.6543319371078142e-4,3,2
88937,9,5.3607576916222365e-5,3,2
88937,5,4.6668174570774033e-4,3,2
88937,3,8.331452762610838e-5,3,2
88937,13,1.6071578955488798e-6,3,2
88937,4,1.3543793257979385e-4,3,2
88937,6,2.4128201012067028e-4,3,2
88937,17,3.259200110812804e-6,3,2
88937,8,1.0454127289453875e-4,3,2
88937,2,5.144048241425887e-5,3,2
88937,10,2.8859706450237487e-5,3,2
88937,16,2.7104384405221387e-6,3,2
88937,12,9.700093187791797e-6,3,2
88960,18,2.5088643510373914e-4,1,6
88960,11,0.00103278509657789,1,6
88960,15,4.141061629112611e-4,1,6
88960,7,8.313783878382094e-4,1,6
88960,9,0.00150988758029598,1,6
88960,5,8.141092122738095e-4,1,6
88960,3,9.889853998782648e-6,1,6
88960,13,6.483274950644181e-4,1,6
88960,4,2.2805357765274113e-4,1,6
88960,6,5.145235180429663e-4,1,6
88960,17,2.684766091282047e-4,1,6
88960,8,0.00129433930704521,1,6
88960,2,1.6244362867660695e-6,1,6
88960,10,0.00135237205064661,1,6
88960,16,3.4388687714124636e-4,1,6
88960,12,8.342080141500945e-4,1,6
89176,18,2.696726174424249e-5,2,4
89176,11,1.998938896602387e-5,2,4
89176,15,1.9282806059226666e-5,2,4
89176,7,5.361260907293842e-6,2,4
89176,9,1.1360546101451096e-5,2,4
89176,5,3.97514263805571e-7,2,4
89176,3,3.596310545011872e-6,2,4
89176,13,2.2821642116794093e-5,2,4
89176,4,2.323690019751365e-6,2,4
89176,6,7.562934594277835e-6,2,4
89176,17,2.4851400844947627e-5,2,4
89176,8,1.1440365712987262e-5,2,4
89176,2,6.768484528191957e-6,2,4
89176,10,2.0170762572746633e-5,2,4
89176,16,2.2022312329242374e-5,2,4
89176,12,2.0069158319569237e-5,2,4
89299,18,0,3,2
89299,11,6.246684051882459e-6,3,2
89299,15,0,3,2
89299,7,7.42917582867861e-5,3,2
89299,9,2.8756382319298087e-5,3,2
89299,5,1.7927893297631253e-4,3,2
89299,3,0,3,2
89299,13,2.250021053768432e-6,3,2
89299,4,3.352752742784113e-5,3,2
89299,6,1.2588626614991493e-4,3,2
89299,17,1.2222000415548017e-6,3,2
89299,8,3.9844032310748735e-5,3,2
89299,2,0,3,2
89299,10,1.4274693513020692e-5,3,2
89299,16,1.3552192202610691e-6,3,2
89299,12,2.6758877759425646e-6,3,2
89365,18,1.5241047929611204e-4,2,4
89365,11,1.1993633379614322e-4,2,4
89365,15,1.3845686973674228e-4,2,4
89365,7,3.140167102843536e-5,2,4
89365,9,4.579720147147473e-5,2,4
89365,5,2.4645884355945403e-5,2,4
89365,3,3.5663412904701065e-5,2,4
89365,13,1.5364429481447292e-4,2,4
89365,4,2.954405882255307e-5,2,4
89365,6,2.708018516015612e-5,2,4
89365,17,1.690710057484142e-4,2,4
89365,8,3.944953694133538e-5,2,4
89365,2,6.497745147064278e-5,2,4
89365,10,7.509730065545668e-5,2,4
89365,16,1.4771889500845656e-4,2,4
89365,12,1.1907700602944411e-4,2,4
89429,18,6.060058818930897e-7,3,2
89429,11,2.9151192242118143e-6,3,2
89429,15,6.322231494828415e-7,3,2
89429,7,7.697238874043303e-5,3,2
89429,9,1.9170921546198727e-5,3,2
89429,5,1.7729136165728468e-4,3,2
89429,3,1.948001545214764e-5,3,2
89429,13,0,3,2
89429,4,5.0789224717422694e-5,3,2
89429,6,1.1417591581038796e-4,3,2
89429,17,0,3,2
89429,8,5.2073388762562704e-5,3,2
89429,2,4.088164655027942e-5,3,2
89429,10,1.086117984686357e-5,3,2
89429,16,1.016414415195802e-6,3,2
89429,12,2.341401803949744e-6,3,2
89486,18,0,6,3
89486,11,4.164456034588306e-7,6,3
89486,15,0,6,3
89486,7,1.1488416229915375e-6,6,3
89486,9,3.550170656703468e-7,6,3
89486,5,6.360228220889136e-6,6,3
89486,3,8.061729471734947e-5,6,3
89486,13,3.2143157910977594e-7,6,3
89486,4,4.4482066092383274e-5,6,3
89486,6,2.9275875848817427e-6,6,3
89486,17,0,6,3
89486,8,1.1834861082400614e-6,6,3
89486,2,9.82783953493472e-5,6,3
89486,10,3.10319424196102e-7,6,3
89486,16,0,6,3
89486,12,3.344859719928206e-7,6,3
89506,18,0.00211617253957066,1,6
89506,11,0.00229294949264432,1,6
89506,15,0.00219223377083175,1,6
89506,7,0.00262740079178164,1,6
89506,9,0.00219826567063078,1,6
89506,5,7.187057889604724e-4,1,6
89506,3,2.3675711087994825e-5,1,6
89506,13,0.00215005583266529,1,6
89506,4,2.9212103105445735e-5,1,6
89506,6,0.00219861827624618,1,6
89506,17,0.00197222346705559,1,6
89506,8,0.00225848598989145,1,6
89506,2,1.3807708437511593e-5,1,6
89506,10,0.00228984703114303,1,6
89506,16,0.00213345385749598,1,6
89506,12,0.0023480915233896,1,6
89569,18,0,3,2
89569,11,2.5403181810988665e-5,3,2
89569,15,1.264446298965683e-6,3,2
89569,7,2.1751401395306448e-4,3,2
89569,9,7.526361792211352e-5,3,2
89569,5,6.018365954016345e-4,3,2
89569,3,1.588370490713577e-5,3,2
89569,13,7.392926319524847e-6,3,2
89569,4,1.5170376271805342e-4,3,2
89569,6,3.7107172638376086e-4,3,2
89569,17,3.666600124664405e-6,3,2
89569,8,1.1243118028280584e-4,3,2
89569,2,1.7327320392171407e-5,3,2
89569,10,3.4445456085767324e-5,3,2
89569,16,6.776096101305347e-7,3,2
89569,12,8.362149299820515e-6,3,2
89582,18,0,6,3
89582,11,1.6657824138353223e-6,6,3
89582,15,0,6,3
89582,7,2.680630453646921e-6,6,3
89582,9,0,6,3
89582,5,3.180114110444568e-5,6,3
89582,3,6.110731001066006e-4,6,3
89582,13,0,6,3
89582,4,2.0647645604076416e-4,6,3
89582,6,4.879312641469571e-6,6,3
89582,17,0,6,3
89582,8,1.5779814776534152e-6,6,3
89582,2,6.457134239895127e-4,6,3
89582,10,2.172235969372714e-6,6,3
89582,16,0,6,3
89582,12,2.006915831956924e-6,6,3
89856,18,0,6,3
89856,11,2.498673620752984e-6,6,3
89856,15,0,6,3
89856,7,1.7998518760200757e-5,6,3
89856,9,9.230443707429015e-6,6,3
89856,5,6.0422168098446795e-5,6,3
89856,3,1.5284319816300458e-5,6,3
89856,13,1.9285894746586556e-6,6,3
89856,4,1.892147587511826e-5,6,3
89856,6,2.854397895259699e-5,6,3
89856,17,0,6,3
89856,8,1.6174310145947506e-5,6,3
89856,2,2.788615625615086e-5,6,3
89856,10,3.4135136661571223e-6,6,3
89856,16,6.776096101305347e-7,6,3
89856,12,2.006915831956924e-6,6,3
89952,18,3.030029409465449e-7,3,2
89952,11,6.663129655341289e-6,3,2
89952,15,0,3,2
89952,7,7.084523341781149e-5,3,2
89952,9,1.4910716758154564e-5,3,2
89952,5,1.8484413266959052e-4,3,2
89952,3,0,3,2
89952,13,1.6071578955488798e-6,3,2
89952,4,6.373549768460887e-5,3,2
89952,6,1.1588367523490232e-4,3,2
89952,17,0,3,2
89952,8,3.58990786166152e-5,3,2
89952,2,2.707393811276783e-7,3,2
89952,10,3.4135136661571223e-6,3,2
89952,16,0,3,2
89952,12,2.006915831956924e-6,3,2
90082,18,0.05253222587778437,1,6
90082,11,0.04975109046281265,1,6
90082,15,0.04992413322206206,1,6
90082,7,0.02008481514755339,1,6
90082,9,0.03539910663505594,1,6
90082,5,4.9291768711890806e-5,1,6
90082,3,2.6972329087589043e-5,1,6
90082,13,0.05225320322640162,1,6
90082,4,7.634981493468771e-6,1,6
90082,6,0.01344323822414488,1,6
90082,17,0.05073800512509217,1,6
90082,8,0.0251313275084777,1,6
90082,2,3.519611954659817e-5,1,6
90082,10,0.04717537950513982,1,6
90082,16,0.05148579459213322,1,6
90082,12,0.05143758725902794,1,6
90118,18,4.848047055144717e-6,3,2
90118,11,5.538726526002447e-5,3,2
90118,15,6.638343069569835e-6,3,2
90118,7,5.376578795600396e-4,3,2
90118,9,1.7005317445609611e-4,3,2
90118,5,0.00142787123558961,3,2
90118,3,1.8281245270477017e-5,3,2
90118,13,1.992875790480611e-5,3,2
90118,4,3.210011784427957e-4,3,2
90118,6,8.609547155873058e-4,3,2
90118,17,6.5184002216256075e-6,3,2
90118,8,3.187522584859899e-4,3,2
90118,2,1.6244362867660695e-6,3,2
90118,10,1.1574914522514606e-4,3,2
90118,16,4.065657660783208e-6,3,2
90118,12,3.110719539533231e-5,3,2
90149,18,9.090088228396344e-7,3,2
90149,11,2.790185543174165e-5,3,2
90149,15,3.7933388968970488e-6,3,2
90149,7,2.5465989309645754e-4,3,2
90149,9,7.881378857881698e-5,3,2
90149,5,6.002465383464122e-4,3,2
90149,3,1.8580937815894673e-5,3,2
90149,13,6.428631582195519e-6,3,2
90149,4,1.6099852279705888e-4,3,2
90149,6,3.832700079874348e-4,3,2
90149,17,1.629600055406402e-6,3,2
90149,8,1.4990824037707445e-4,3,2
90149,2,1.3536969056383911e-5,3,2
90149,10,4.158280284227767e-5,3,2
90149,16,1.3552192202610691e-6,3,2
90149,12,1.4717382767684108e-5,3,2
90175,18,0,6,3
90175,11,4.580901638047136e-6,6,3
90175,15,6.322231494828415e-7,6,3
90175,7,2.2210938044503065e-5,6,3
90175,9,5.680273050725548e-6,6,3
90175,5,5.2869397086140944e-5,6,3
90175,3,4.135757126763653e-5,6,3
90175,13,3.2143157910977594e-7,6,3
90175,4,5.477269332271075e-5,6,3
90175,6,3.2935360329919604e-5,6,3
90175,17,4.074000138516005e-7,6,3
90175,8,1.3807337929467383e-5,6,3
90175,2,5.333565808215262e-5,6,3
90175,10,4.034152514549326e-6,6,3
90175,16,0,6,3
90175,12,1.003457915978462e-6,6,3
90330,18,3.030029409465449e-7,3,2
90330,11,5.413792844964798e-6,3,2
90330,15,9.483347242242622e-7,3,2
90330,7,7.42917582867861e-5,3,2
90330,9,3.3371604173012593e-5,3,2
90330,5,2.027322745408412e-4,3,2
90330,3,5.993850908353121e-7,3,2
90330,13,9.642947373293278e-7,3,2
90330,4,3.518730601337781e-5,3,2
90330,6,1.1393195017831448e-4,3,2
90330,17,8.148000277032009e-7,3,2
90330,8,4.970641654608258e-5,3,2
90330,2,4.60256947917053e-6,3,2
90330,10,1.3343735240432387e-5,3,2
90330,16,3.3880480506526733e-7,3,2
90330,12,3.6793456919210263e-6,3,2
90387,18,1.2120117637861791e-6,3,2
90387,11,1.8323606552188546e-5,3,2
90387,15,9.483347242242622e-7,3,2
90387,7,2.6155294283440676e-4,3,2
90387,9,8.555911282655357e-5,3,2
90387,5,6.141595375796072e-4,3,2
90387,3,9.889853998782648e-6,3,2
90387,13,9.64294737329328e-6,3,2
90387,4,1.5004398413251673e-4,3,2
90387,6,4.088863993551501e-4,3,2
90387,17,2.444400083109603e-6,3,2
90387,8,1.589816338735816e-4,3,2
90387,2,3.790351335787496e-6,3,2
90387,10,4.685823305361141e-5,3,2
90387,16,1.3552192202610691e-6,3,2
90387,12,1.7058784571633852e-5,3,2
90446,18,2.427053556981824e-4,1,6
90446,11,2.1613526819513307e-4,1,6
90446,15,1.8935083327011103e-4,1,6
90446,7,2.4776684335850826e-4,1,6
90446,9,3.003444375571134e-4,1,6
90446,5,1.5821067699461726e-4,1,6
90446,3,1.5074535034508097e-4,1,6
90446,13,2.565024001296012e-4,1,6
90446,4,1.7062523859317168e-4,1,6
90446,6,2.1127423737563245e-4,1,6
90446,17,2.4484740832481186e-4,1,6
90446,8,2.2920180962915856e-4,1,6
90446,2,1.456577870466909e-4,1,6
90446,10,2.6377151056668674e-4,1,6
90446,16,2.2869324341905548e-4,1,6
90446,12,2.341401803949744e-4,1,6
90447,18,1.0120298227614596e-4,6,3
90447,11,8.745357672635442e-5,6,3
90447,15,7.555066636319956e-5,6,3
90447,7,2.829979864635821e-4,6,3
90447,9,1.874490106739431e-4,6,3
90447,5,0.00119969804816521,6,3
90447,3,0.00307664367125765,6,3
90447,13,1.1314391584664112e-4,6,3
90447,4,0.00205679762319706,6,3
90447,6,3.4838292260092735e-4,6,3
90447,17,9.37020031858681e-5,6,3
90447,8,1.948807124901968e-4,6,3
90447,2,0.00320988610264975,6,3
90447,10,1.387127826156576e-4,6,3
90447,16,7.995793399540309e-5,6,3
90447,12,1.0603205312172412e-4,6,3
