ID,time,frequency,cluster,cluster_orig
72,8,4.9301220075456815e-5,3,1
72,17,3.1998043141894965e-6,3,1
72,11,1.390930703832335e-5,3,1
72,7,9.551298139936976e-5,3,1
72,10,2.843051379353761e-5,3,1
72,15,1.1269084285116557e-5,3,1
72,9,4.29607044573572e-5,3,1
72,18,3.202032906651775e-6,3,1
72,3,6.180429607842471e-7,3,1
72,16,3.708069612332446e-6,3,1
72,2,2.77607126508066e-7,3,1
72,5,5.697790785973276e-4,3,1
72,4,2.9826850827199244e-4,3,1
72,12,4.7561973251146245e-6,3,1
72,13,3.372699481683544e-6,3,1
72,6,1.8262095966842823e-4,3,1
124,8,4.324668427671651e-7,7,2
124,17,0,7,2
124,11,0,7,2
124,7,1.3943500934214563e-6,7,2
124,10,4.512779967228192e-7,7,2
124,15,0,7,2
124,9,8.182991325210896e-7,7,2
124,18,0,7,2
124,3,3.034590937450653e-4,7,2
124,16,0,7,2
124,2,2.367988789113803e-4,7,2
124,5,1.408103636427641e-5,7,2
124,4,1.1938225111513876e-4,7,2
124,12,3.963497770928854e-7,7,2
124,13,0,7,2
124,6,6.286435788930404e-7,7,2
182,8,3.1007872626405734e-4,4,3
182,17,1.3865818694821152e-5,4,3
182,11,1.037848294397973e-4,4,3
182,7,2.3459940321816003e-4,4,3
182,10,2.3646967028275725e-4,4,3
182,15,5.234671409860594e-5,4,3
182,9,2.4139824409372143e-4,4,3
182,18,1.4088944789267813e-5,4,3
182,3,6.891179012744355e-5,4,3
182,16,2.07651898290617e-5,4,3
182,2,8.57806020909924e-5,4,3
182,5,1.8028755487832477e-4,4,3
182,4,1.066581240370362e-4,4,3
182,12,9.274584783973518e-5,4,3
182,13,3.9797853883865814e-5,4,3
182,6,3.080353536575898e-4,4,3
208,8,1.816360739622093e-5,6,4
208,17,7.110676253754437e-7,6,4
208,11,4.993084577859665e-6,6,4
208,7,2.405253911152012e-5,6,4
208,10,1.3989617898407397e-5,6,4
208,15,0,6,4
208,9,1.4320234819119068e-5,6,4
208,18,3.202032906651775e-7,6,4
208,3,2.4103675470585636e-5,6,4
208,16,2.224841767399468e-6,6,4
208,2,1.9154891729056556e-5,6,4
208,5,6.537624026271191e-6,6,4
208,4,5.314194250266365e-5,6,4
208,12,5.94524665639328e-6,6,4
208,13,2.023619689010126e-6,6,4
208,6,2.0430916314023813e-5,6,4
209,8,2.3353209509426912e-5,6,4
209,17,0,6,4
209,11,8.559573562045139e-6,6,4
209,7,2.649265177500767e-5,6,4
209,10,1.17332279147933e-5,6,4
209,15,2.9081507832558855e-6,6,4
209,9,1.350193568659798e-5,6,4
209,18,3.202032906651775e-7,6,4
209,3,1.8850310303919537e-5,6,4
209,16,0,6,4
209,2,1.8599677476040426e-5,6,4
209,5,1.6344060065677978e-5,6,4
209,4,0,6,4
209,12,1.0701443981507905e-5,6,4
209,13,5.39631917069367e-6,6,4
209,6,4.8091233785317586e-5,6,4
215,8,4.886875323268965e-5,6,4
215,17,0,6,4
215,11,6.063031273115307e-6,6,4
215,7,7.878078027831227e-5,6,4
215,10,1.9856231855804044e-5,6,4
215,15,3.635188479069857e-7,6,4
215,9,2.0048328746766695e-5,6,4
215,18,2.2414230346562428e-6,6,4
215,3,1.010500240882244e-4,6,4
215,16,2.5956487286327124e-6,6,4
215,2,1.0160420830195216e-4,6,4
215,5,3.027422818319428e-4,6,4
215,4,1.5119256881039516e-4,6,4
215,12,5.94524665639328e-6,6,4
215,13,1.686349740841772e-6,6,4
215,6,1.5810386009159963e-4,6,4
638,8,3.5462281106907534e-5,4,3
638,17,4.266405752252662e-6,4,3
638,11,9.98616915571933e-6,4,3
638,7,5.7168353830279704e-5,4,3
638,10,2.256389983614096e-5,4,3
638,15,3.9987073269768425e-6,4,3
638,9,2.904961920449868e-5,4,3
638,18,1.921219743991065e-6,4,3
638,3,1.236085921568494e-5,4,3
638,16,2.5956487286327124e-6,4,3
638,2,3.608892644604858e-6,4,3
638,5,4.2997450326629755e-5,4,3
638,4,1.2349888046393664e-5,4,3
638,12,8.323345318950592e-6,4,3
638,13,1.6188957512081008e-5,4,3
638,6,6.129274894207144e-5,4,3
690,8,1.1806344807543606e-4,5,7
690,17,7.821743879129881e-6,5,7
690,11,4.636435679441117e-5,5,7
690,7,1.6035026074346747e-4,5,7
690,10,7.310703546909671e-5,5,7
690,15,1.0905565437209571e-5,5,7
690,9,8.714885761349605e-5,5,7
690,18,4.162642778647307e-6,5,7
690,3,3.306529840195722e-5,5,7
690,16,4.449683534798936e-6,5,7
690,2,4.996928277145189e-6,5,7
690,5,8.24746415621904e-5,5,7
690,4,7.484780634177978e-7,5,7
690,12,2.378098662557312e-5,5,7
690,13,1.4839877719407592e-5,5,7
690,6,2.0650941566636375e-4,5,7
797,8,3.070514583646872e-5,6,4
797,17,0,6,4
797,11,8.559573562045139e-6,6,4
797,7,5.089377840988316e-5,6,4
797,10,9.928115927902022e-6,6,4
797,15,7.270376958139714e-7,6,4
797,9,2.3321525276851057e-5,6,4
797,18,1.6010164533258875e-6,6,4
797,3,1.236085921568494e-5,6,4
797,16,0,6,4
797,2,2.0542927361596885e-5,6,4
797,5,1.5665152955257508e-4,6,4
797,4,4.6031400900194566e-5,6,4
797,12,2.7744484396501974e-6,6,4
797,13,2.360889637178481e-6,6,4
797,6,8.926738820281173e-5,6,4
847,8,3.5029814264140367e-5,4,3
847,17,7.110676253754437e-7,4,3
847,11,2.032898720985721e-5,4,3
847,7,5.507682869014752e-5,4,3
847,10,3.655351773454835e-5,4,3
847,15,5.816301566511771e-6,4,3
847,9,4.705220011996265e-5,4,3
847,18,6.40406581330355e-7,4,3
847,3,8.652601450979459e-6,4,3
847,16,2.224841767399468e-6,4,3
847,2,0,4,3
847,5,2.7156284416818793e-5,4,3
847,4,4.752835702703016e-5,4,3
847,12,7.530645764764822e-6,4,3
847,13,5.39631917069367e-6,4,3
847,6,5.7520887468713194e-5,4,3
1024,8,3.892201584904485e-6,7,2
1024,17,0,7,2
1024,11,0,7,2
1024,7,1.3943500934214563e-5,7,2
1024,10,4.964057963951011e-6,7,2
1024,15,0,7,2
1024,9,8.182991325210897e-6,7,2
1024,18,1.6010164533258875e-6,7,2
1024,3,9.57966589215583e-5,7,2
1024,16,1.112420883699734e-6,7,2
1024,2,1.1409652899481512e-4,7,2
1024,5,9.554988961473278e-6,7,2
1024,4,6.324639635880392e-5,7,2
1024,12,6.737946210579051e-6,7,2
1024,13,1.011809844505063e-6,7,2
1024,6,2.2002525261256413e-5,7,2
1088,8,1.6909453552196152e-4,3,1
1088,17,1.5643487758259762e-5,3,1
1088,11,7.774945985524334e-5,3,1
1088,7,1.871915000418305e-4,3,1
1088,10,1.1688100115121016e-4,3,1
1088,15,2.617335704930297e-5,3,1
1088,9,1.423840490586696e-4,3,1
1088,18,1.3768741498602632e-5,3,1
1088,3,2.1322482147056523e-5,3,1
1088,16,1.6686313255496008e-5,3,1
1088,2,2.77607126508066e-7,3,1
1088,5,1.413132577986311e-4,3,1
1088,4,1.6092278363482653e-5,3,1
1088,12,5.311087013044664e-5,3,1
1088,13,3.136610517965695e-5,3,1
1088,6,2.7314563502902603e-4,3,1
1120,8,1.0422450910688676e-4,6,4
1120,17,0,6,4
1120,11,3.0671805263995084e-5,6,4
1120,7,1.6662483616386402e-4,6,4
1120,10,3.29432937607658e-5,6,4
1120,15,2.9081507832558855e-6,6,4
1120,9,8.714885761349605e-5,6,4
1120,18,4.4828460693124855e-6,6,4
1120,3,3.5846491725486333e-5,6,4
1120,16,1.854034806166223e-6,6,4
1120,2,4.080824759668571e-5,6,4
1120,5,6.165482350929599e-4,6,4
1120,4,1.5268952493723077e-4,6,4
1120,12,1.7439390192086958e-5,6,4
1120,13,8.094478756040504e-6,6,4
1120,6,3.5235472596954916e-4,6,4
1190,8,1.2974005283014951e-5,7,2
1190,17,0,7,2
1190,11,0,7,2
1190,7,2.9629939485205947e-5,7,2
1190,10,1.8051119868912768e-6,7,2
1190,15,7.270376958139714e-7,7,2
1190,9,6.546393060168717e-6,7,2
1190,18,0,7,2
1190,3,2.0426319853919365e-4,7,2
1190,16,0,7,2
1190,2,1.2131431428402484e-4,7,2
1190,5,1.9990042695713833e-4,7,2
1190,4,2.687036247669894e-4,7,2
1190,12,0,7,2
1190,13,0,7,2
1190,6,6.946511546768096e-5,7,2
1288,8,1.742841376351675e-4,6,4
1288,17,3.5553381268772184e-7,6,4
1288,11,2.5678720686135417e-5,6,4
1288,7,2.781728436375805e-4,6,4
1288,10,7.175320147892826e-5,6,4
1288,15,1.8175942395349288e-6,6,4
1288,9,1.157893272517342e-4,6,4
1288,18,6.40406581330355e-7,6,4
1288,3,2.5957804352938377e-5,6,4
1288,16,2.966455689865957e-6,6,4
1288,2,3.331285518096792e-5,6,4
1288,5,0.00110963595492056,6,4
1288,4,1.1264594854437856e-4,6,4
1288,12,1.783573996917984e-5,6,4
1288,13,8.43174870420886e-6,6,4
1288,6,6.267576481563613e-4,6,4
1313,8,5.232848797482697e-5,6,4
1313,17,2.488736688814053e-6,6,4
1313,11,1.2126062546230614e-5,6,4
1313,7,4.984801583981706e-5,6,4
1313,10,3.4297127750934255e-5,6,4
1313,15,7.997414653953685e-6,6,4
1313,9,3.764176009597012e-5,6,4
1313,18,6.7242691039687274e-06,6,4
1313,3,6.767570420587506e-5,6,4
1313,16,4.078876573565691e-6,6,4
1313,2,9.272078025369405e-5,6,4
1313,5,4.324889740456326e-5,6,4
1313,4,6.212367926367722e-5,6,4
1313,12,1.6646690637901184e-5,6,4
1313,13,7.419938859703796e-6,6,4
1313,6,7.543722946716485e-5,6,4
1325,8,2.940774530816722e-5,6,4
1325,17,1.7776690634386092e-6,6,4
1325,11,1.42659559367419e-5,6,4
1325,7,3.2070052148693495e-5,6,4
1325,10,1.6246007882021492e-5,6,4
1325,15,2.5446319353489e-6,6,4
1325,9,1.923002961424561e-5,6,4
1325,18,1.6010164533258875e-6,6,4
1325,3,4.357202873528942e-5,6,4
1325,16,4.078876573565691e-6,6,4
1325,2,8.661342347051659e-5,6,4
1325,5,2.1121554546414617e-5,6,4
1325,4,7.859019665886877e-6,6,4
1325,12,5.94524665639328e-6,6,4
1325,13,2.698159585346835e-6,6,4
1325,6,1.8859307366791212e-5,6,4
1442,8,3.286748005030454e-4,4,3
1442,17,1.919882588513698e-5,4,3
1442,11,1.4408615496109317e-4,4,3
1442,7,3.946010764382721e-4,4,3
1442,10,2.328594463089747e-4,4,3
1442,15,2.9081507832558857e-5,4,3
1442,9,2.8313149985229703e-4,4,3
1442,18,2.049301060257136e-5,4,3
1442,3,8.312677822548123e-5,4,3
1442,16,2.7068908170026858e-5,4,3
1442,2,1.3047534945879102e-4,4,3
1442,5,2.187589578021514e-4,4,3
1442,4,1.047869288784917e-4,4,3
1442,12,1.030509420441502e-4,4,3
1442,13,6.475583004832403e-5,4,3
1442,6,4.145904402799601e-4,4,3
1483,8,1.037920422641196e-5,7,2
1483,17,0,7,2
1483,11,7.1329779683709495e-6,7,2
1483,7,1.638361359770211e-5,7,2
1483,10,5.4153359606738304e-6,7,2
1483,15,1.8175942395349288e-6,7,2
1483,9,9.819589590253076e-6,7,2
1483,18,2.2414230346562428e-6,7,2
1483,3,1.341153224901816e-4,7,2
1483,16,2.224841767399468e-6,7,2
1483,2,1.1576217175386353e-4,7,2
1483,5,5.934151039230773e-5,7,2
1483,4,4.977379121728356e-5,7,2
1483,12,7.926995541857708e-7,7,2
1483,13,2.698159585346835e-6,7,2
1483,6,2.6403030313507697e-5,7,2
1587,8,2.3785676352194076e-5,6,4
1587,17,3.5553381268772184e-7,6,4
1587,11,7.1329779683709495e-6,6,4
1587,7,3.3812989765470315e-5,6,4
1587,10,1.7599841872189947e-5,6,4
1587,15,0,6,4
1587,9,2.209407657806942e-5,6,4
1587,18,9.606098719955323e-7,6,4
1587,3,0,6,4
1587,16,2.5956487286327124e-6,6,4
1587,2,0,6,4
1587,5,2.916786104028685e-5,6,4
1587,4,0,6,4
1587,12,4.359847548021739e-6,6,4
1587,13,3.0354295335151892e-6,6,4
1587,6,2.6088708524061177e-5,6,4
1665,8,3.7192148477976197e-05,6,4
1665,17,7.110676253754437e-7,6,4
1665,11,1.997233831143866e-5,6,4
1665,7,3.416157728882568e-5,6,4
1665,10,2.256389983614096e-5,6,4
1665,15,1.0905565437209572e-6,6,4
1665,9,3.518686269840685e-5,6,4
1665,18,3.5222361973169528e-6,6,4
1665,3,2.3794653990193512e-5,6,4
1665,16,3.3372626510992015e-6,6,4
1665,2,2.5262248512234008e-5,6,4
1665,5,7.015373474344854e-5,6,4
1665,4,3.817238123430769e-5,6,4
1665,12,6.341596433486166e-6,6,4
1665,13,5.39631917069367e-6,6,4
1665,6,9.33535714656165e-5,6,4
1674,8,1.076842438490241e-4,2,8
1674,17,2.0620961135887867e-4,2,8
1674,11,1.0485477613505296e-4,2,8
1674,7,5.403106612008143e-5,2,8
1674,10,1.480191829250847e-4,2,8
1674,15,2.3337910035628484e-4,2,8
1674,9,7.160117409559534e-5,2,8
1674,18,1.7034815063387442e-4,2,8
1674,3,4.0790835411760305e-5,2,8
1674,16,1.9467365464745343e-4,2,8
1674,2,9.438642301274244e-6,2,8
1674,5,2.237878993608215e-5,2,8
1674,4,6.73630257076018e-5,2,8
1674,12,1.085998389234506e-4,2,8
1674,13,1.035418740876848e-4,2,8
1674,6,4.7462590206424546e-5,2,8
1848,8,2.3526196246533777e-4,6,4
1848,17,1.3154751069445708e-5,6,4
1848,11,9.522525587775216e-5,6,4
1848,7,3.2139769653364566e-4,6,4
1848,10,1.5659346486281825e-4,6,4
1848,15,1.3813716220465456e-5,6,4
1848,9,2.0866627879287785e-4,6,4
1848,18,1.4409148079932988e-5,6,4
1848,3,7.648281639705057e-4,6,4
1848,16,1.6686313255496008e-5,6,4
1848,2,5.882495010705919e-4,6,4
1848,5,1.8305347273559337e-4,6,4
1848,4,5.767023478634132e-4,6,4
1848,12,6.341596433486165e-5,6,4
1848,13,4.890414248441138e-5,6,4
1848,6,2.571152237672535e-4,6,4
1995,8,3.2002546364770215e-5,7,2
1995,17,1.0666014380631656e-6,7,2
1995,11,8.916222460463686e-6,7,2
1995,7,4.2527677849354414e-5,7,2
1995,10,3.068690377715171e-5,7,2
1995,15,3.635188479069857e-6,7,2
1995,9,2.1684927011808876e-5,7,2
1995,18,1.28081316266071e-6,7,2
1995,3,2.493803346764437e-4,7,2
1995,16,1.854034806166223e-6,7,2
1995,2,3.0175894651426774e-4,7,2
1995,5,1.0787079643347464e-4,7,2
1995,4,1.4221083204938158e-4,7,2
1995,12,1.1494143535693677e-5,7,2
1995,13,6.745398963367088e-7,7,2
1995,6,6.349300146819707e-5,7,2
2011,8,0.01599911084817127,3,1
2011,17,0.00743741182761445,3,1
2011,11,0.01016235371153809,3,1
2011,7,0.01539955101926991,3,1
2011,10,0.01445082401105811,3,1
2011,15,0.00803703820837554,3,1
2011,9,0.01440165558280491,3,1
2011,18,0.00727822079681948,3,1
2011,3,0.00109579016947047,3,1
2011,16,0.0076527140659317,3,1
2011,2,0.00111792389844798,3,1
2011,5,0.02544895875765027,3,1
2011,4,0.0036507017543203,3,1
2011,12,0.00987624374560051,3,1
2011,13,0.0084674993187147,3,1
2011,6,0.02171994997254399,3,1
2022,8,0.00151579628389891,3,1
2022,17,1.1981489487576228e-4,3,1
2022,11,6.751363647063103e-4,3,1
2022,7,0.00195871329373379,3,1
2022,10,9.224122253014424e-4,3,1
2022,15,2.2574520455023812e-4,3,1
2022,9,0.00127981984326298,3,1
2022,18,9.606098719955324e-5,3,1
2022,3,6.489451088234594e-6,3,1
2022,16,1.4572713576466514e-4,3,1
2022,2,8.32821379524198e-7,3,1
2022,5,0.00344356773229938,3,1
2022,4,2.55605258657178e-4,3,1
2022,12,4.795832302823913e-4,3,1
2022,13,3.220928005007784e-4,3,1
2022,6,0.00316930660298926,3,1
2104,8,6.0545357987403105e-5,6,4
2104,17,4.977473377628106e-6,6,4
2104,11,2.532207178771687e-5,6,4
2104,7,5.089377840988316e-5,6,4
2104,10,4.69329116591732e-5,6,4
2104,15,6.179820414418757e-6,6,4
2104,9,6.096328537282118e-5,6,4
2104,18,6.40406581330355e-7,6,4
2104,3,4.913441538234764e-5,6,4
2104,16,2.966455689865957e-6,6,4
2104,2,6.579288898241165e-5,6,4
2104,5,3.117943766375491e-5,6,4
2104,4,1.1152323144925188e-4,6,4
2104,12,1.6646690637901184e-5,6,4
2104,13,1.2816258030397466e-5,6,4
2104,6,5.092012989033627e-5,6,4
2114,8,2.551554372326274e-5,6,4
2114,17,0,6,4
2114,11,9.272871358882232e-6,6,4
2114,7,2.23096014947433e-5,6,4
2114,10,1.17332279147933e-5,6,4
2114,15,1.4540753916279428e-6,6,4
2114,9,2.0866627879287784e-5,6,4
2114,18,9.606098719955323e-7,6,4
2114,3,2.6575847313722626e-5,6,4
2114,16,7.416139224664892e-7,6,4
2114,2,2.470703425921787e-5,6,4
2114,5,2.539615487128424e-5,6,4
2114,4,0,6,4
2114,12,1.030509420441502e-5,6,4
2114,13,6.745398963367088e-7,6,4
2114,6,3.457539683911722e-5,6,4
2131,8,9.687257277984496e-5,6,4
2131,17,4.266405752252662e-6,6,4
2131,11,2.639201848297251e-5,6,4
2131,7,1.0597060710003068e-4,6,4
2131,10,5.279952561656985e-5,6,4
2131,15,4.362226174883829e-6,6,4
2131,9,5.850838797525791e-5,6,4
2131,18,9.606098719955323e-7,6,4
2131,3,5.624190943136648e-5,6,4
2131,16,7.416139224664892e-6,6,4
2131,2,1.0271463680798442e-5,6,4
2131,5,3.205950243652218e-4,6,4
2131,4,1.642909349202066e-4,6,4
2131,12,2.0213838631737152e-5,6,4
2131,13,1.686349740841772e-5,6,4
2131,6,2.087096681924894e-4,6,4
2342,8,4.445759143646456e-4,6,4
2342,17,1.3865818694821152e-5,6,4
2342,11,1.5442897301523104e-4,6,4
2342,7,6.215315541426141e-4,6,4
2342,10,2.8069491396159353e-4,6,4
2342,15,3.198965861581474e-5,6,4
2342,9,3.649614131044059e-4,6,4
2342,18,8.645488847959792e-6,6,4
2342,3,7.292906937254115e-5,6,4
2342,16,3.0035363859892818e-5,6,4
2342,2,3.6644140699064714e-5,6,4
2342,5,0.0012074488682367,6,4
2342,4,1.6129702266653542e-4,6,4
2342,12,1.1850858335077271e-4,6,4
2342,13,7.31875787525329e-5,6,4
2342,6,8.867017680286335e-4,6,4
2379,8,1.4314652495593162e-4,3,1
2379,17,4.693046327477928e-5,3,1
2379,11,9.807844706510056e-5,3,1
2379,7,1.746423492010374e-4,3,1
2379,10,1.0244010525607996e-4,3,1
2379,15,3.9260035573954454e-5,3,1
2379,9,1.5588598474526756e-4,3,1
2379,18,2.433545009055349e-5,3,1
2379,3,3.6464534686270576e-5,3,1
2379,16,3.81931170070242e-5,3,1
2379,2,8.32821379524198e-6,3,1
2379,5,1.0108172532926994e-4,3,1
2379,4,2.5822493187914025e-5,3,1
2379,12,9.948379405031424e-5,3,1
2379,13,8.634110673109872e-5,3,1
2379,6,1.662762266172092e-4,3,1
2496,8,7.30868964276509e-5,6,4
2496,17,5.333007190315828e-6,6,4
2496,11,2.4965422889298323e-5,6,4
2496,7,6.239716668061017e-5,6,4
2496,10,2.9784347783706068e-5,6,4
2496,15,1.8175942395349288e-6,6,4
2496,9,5.7690088842736815e-5,6,4
2496,18,0,6,4
2496,3,1.2638978548037852e-4,6,4
2496,16,3.3372626510992015e-6,6,4
2496,2,2.515120566163078e-4,6,4
2496,5,4.5763368183898336e-5,6,4
2496,4,1.062838850053273e-4,6,4
2496,12,1.6646690637901184e-5,6,4
2496,13,1.3490797926734177e-5,6,4
2496,6,6.317867967875056e-5,6,4
2679,8,1.5136339496850776e-5,6,4
2679,17,1.7776690634386092e-6,6,4
2679,11,5.706382374696759e-6,6,4
2679,7,1.812655121447893e-5,6,4
2679,10,1.17332279147933e-5,6,4
2679,15,3.635188479069857e-6,6,4
2679,9,1.4320234819119068e-5,6,4
2679,18,9.606098719955323e-7,6,4
2679,3,2.3485632509801387e-5,6,4
2679,16,2.966455689865957e-6,6,4
2679,2,3.275764092795179e-5,6,4
2679,5,1.1063671429074322e-5,6,4
2679,4,5.7258571851461535e-5,6,4
2679,12,8.719695096043479e-6,6,4
2679,13,5.059049222525316e-6,6,4
2679,6,2.9231926418526377e-5,6,4
2738,8,2.3958663089300943e-4,4,3
2738,17,1.351028488213343e-5,4,3
2738,11,1.0806461622081988e-4,4,3
2738,7,2.2762765275105272e-4,4,3
2738,10,2.048802105121599e-4,4,3
2738,15,3.05355832241868e-5,4,3
2738,9,1.9802839007010368e-4,4,3
2738,18,1.6330367823924054e-5,4,3
2738,3,2.2867589549017145e-5,4,3
2738,16,1.928196198412872e-5,4,3
2738,2,2.7483105524298536e-5,4,3
2738,5,2.710599500123209e-4,4,3
2738,4,1.908619061715385e-5,4,3
2738,12,6.975756076834783e-5,4,3
2738,13,5.9022240929462014e-5,4,3
2738,6,3.162077201831993e-4,4,3
2775,8,2.8975278465400057e-5,6,4
2775,17,1.0666014380631656e-6,6,4
2775,11,1.7832444920927372e-5,6,4
2775,7,3.5555927382247135e-5,6,4
2775,10,2.797923579681479e-5,6,4
2775,15,2.1811130874419143e-6,6,4
2775,9,2.6185572240674863e-5,6,4
2775,18,0,6,4
2775,3,4.3263007254897294e-5,6,4
2775,16,2.966455689865957e-6,6,4
2775,2,4.969167564494382e-5,6,4
2775,5,2.640194318301827e-5,6,4
2775,4,7.821595762715987e-5,6,4
2775,12,7.530645764764822e-6,6,4
2775,13,9.780828496882276e-6,6,4
2775,6,4.0861832628047625e-5,6,4
2929,8,1.816360739622093e-5,7,2
2929,17,1.4221352507508874e-6,7,2
2929,11,7.489626866789497e-6,7,2
2929,7,2.3355364064809393e-5,7,2
2929,10,1.669728587874431e-5,7,2
2929,15,7.270376958139714e-7,7,2
2929,9,1.9639179180506152e-5,7,2
2929,18,1.921219743991065e-6,7,2
2929,3,1.3596945137253437e-4,7,2
2929,16,0,7,2
2929,2,1.0493549382004896e-4,7,2
2929,5,1.7601295455345512e-5,7,2
2929,4,1.766408229666003e-4,7,2
2929,12,2.7744484396501974e-6,7,2
2929,13,1.3490797926734176e-6,7,2
2929,6,3.26894661024381e-5,7,2
3059,8,2.2272042402509e-4,6,4
3059,17,6.399608628378993e-6,6,4
3059,11,6.134361052799017e-5,6,4
3059,7,3.62879611812934e-4,6,4
3059,10,1.033426612495256e-4,6,4
3059,15,3.2716696311628713e-6,6,4
3059,9,1.7757091175707644e-4,6,4
3059,18,2.8818296159865978e-6,6,4
3059,3,6.458548940195382e-5,6,4
3059,16,7.786946185898137e-6,6,4
3059,2,3.5256105066524385e-5,6,4
3059,5,0.0023135645640662,6,4
3059,4,7.462326292275444e-4,6,4
3059,12,3.329338127580237e-5,6,4
3059,13,1.8887117097427844e-5,6,4
3059,6,8.571555198206605e-4,6,4
3139,8,2.460736335345169e-4,6,4
3139,17,1.173261581869482e-5,6,4
3139,11,8.666568231570702e-5,6,4
3139,7,3.7577735017708247e-4,6,4
3139,10,1.0920927520692224e-4,6,4
3139,15,2.1084093178605172e-5,6,4
3139,9,2.270780092746024e-4,6,4
3139,18,1.1527318463946393e-5,6,4
3139,3,2.6884868794114747e-5,6,4
3139,16,8.899367069597871e-6,6,4
3139,2,6.135117495828259e-5,6,4
3139,5,0.00114634722829885,6,4
3139,4,2.2566613612046604e-4,6,4
3139,12,2.8140834173594865e-5,6,4
3139,13,2.6644325905299995e-5,6,4
3139,6,6.867931099406466e-4,6,4
3178,8,1.4660625969806896e-4,7,2
3178,17,1.8487758259761537e-5,7,2
3178,11,8.987552240147396e-5,7,2
3178,7,2.0113500097604503e-4,7,2
3178,10,9.521965730851484e-5,7,2
3178,15,2.0720574330698185e-5,7,2
3178,9,1.1497102811921307e-4,7,2
3178,18,1.4088944789267813e-5,7,2
3178,3,6.084632948920913e-4,7,2
3178,16,2.2990031596461167e-5,7,2
3178,2,7.539809555959073e-4,7,2
3178,5,0.0028493982871425,7,2
3178,4,0.00103327396654827,7,2
3178,12,6.698311232869763e-5,7,2
3178,13,4.924141243257974e-5,7,2
3178,6,6.154420637362865e-4,7,2
3271,8,7.524923064148671e-5,4,3
3271,17,3.9108719395649406e-6,4,3
3271,11,3.994467662287732e-5,4,3
3271,7,5.507682869014752e-5,4,3
3271,10,5.460463760346112e-5,4,3
3271,15,1.4540753916279428e-5,4,3
3271,9,7.201032366185589e-5,4,3
3271,18,1.921219743991065e-6,4,3
3271,3,1.9468353264703782e-5,4,3
3271,16,4.078876573565691e-6,4,3
3271,2,3.775456920509698e-5,4,3
3271,5,6.009585162610825e-5,4,3
3271,4,6.811150377101961e-5,4,3
3271,12,1.9024789300458495e-5,4,3
3271,13,7.082668911535442e-6,4,3
3271,6,8.109502167720221e-5,4,3
3307,8,5.924795745910161e-5,4,3
3307,17,3.5553381268772183e-6,4,3
3307,11,3.3168347552924915e-05,4,3
3307,7,1.0945648233358432e-4,4,3
3307,10,5.686102758707522e-5,4,3
3307,15,5.816301566511771e-6,4,3
3307,9,8.387566108341169e-5,4,3
3307,18,4.4828460693124855e-6,4,3
3307,3,7.416515529410965e-6,4,3
3307,16,4.449683534798936e-6,4,3
3307,2,0,4,3
3307,5,9.353831299126473e-5,4,3
3307,4,1.9460429648862745e-5,4,3
3307,12,2.298828707138735e-5,4,3
3307,13,1.2141718134060755e-5,4,3
3307,6,1.1472745314797987e-4,4,3
3321,8,7.351936327041805e-6,7,2
3321,17,0,7,2
3321,11,0,7,2
3321,7,9.063275607239463e-6,7,2
3321,10,5.86661395739665e-6,7,2
3321,15,0,7,2
3321,9,4.909794795126538e-6,7,2
3321,18,0,7,2
3321,3,7.60192841764624e-5,7,2
3321,16,0,7,2
3321,2,2.9703962536363063e-5,7,2
3321,5,6.537624026271191e-6,7,2
3321,4,4.490868380506787e-5,7,2
3321,12,1.189049331278656e-6,7,2
3321,13,0,7,2
3321,6,1.1629906209521246e-5,7,2
3325,8,5.405835534589563e-5,4,3
3325,17,1.173261581869482e-5,4,3
3325,11,3.6734836537110386e-5,4,3
3325,7,9.89988566329234e-5,4,3
3325,10,4.377396568211346e-5,4,3
3325,15,9.087971197674644e-6,4,3
3325,9,5.196199491508919e-5,4,3
3325,18,9.285895429290148e-6,4,3
3325,3,3.7082577647054825e-5,4,3
3325,16,1.3719857565630052e-5,4,3
3325,2,1.0826677933814574e-5,4,3
3325,5,5.280388636603654e-5,4,3
3325,4,3.51784689806365e-5,4,3
3325,12,2.8140834173594865e-5,4,3
3325,13,9.780828496882276e-6,4,3
3325,6,1.4993149356599012e-4,4,3
3400,8,3.1094365994959166e-4,4,3
3400,17,4.195298989715118e-5,4,3
3400,11,1.8759732056815596e-4,4,3
3400,7,3.8658356340109875e-4,4,3
3400,10,2.2834666634174652e-4,4,3
3400,15,5.416430833814087e-5,4,3
3400,9,2.7413020939456503e-4,4,3
3400,18,1.3128334917272278e-5,4,3
3400,3,6.613059680391444e-5,4,3
3400,16,4.82049049603218e-5,4,3
3400,2,3.192481954842759e-5,4,3
3400,5,1.1767723247288145e-4,4,3
3400,4,6.99826989295641e-5,4,3
3400,12,1.387224219825099e-4,4,3
3400,13,1.1129908289555692e-4,4,3
3400,6,5.513204186891964e-4,4,3
3593,8,6.227522535847176e-5,4,3
3593,17,1.5999021570947482e-5,4,3
3593,11,3.887472992762167e-5,4,3
3593,7,8.993558102568393e-5,4,3
3593,10,4.7384189655896015e-5,4,3
3593,15,1.7085385851628328e-5,4,3
3593,9,5.9326687107779e-5,4,3
3593,18,1.024650530128568e-5,4,3
3593,3,1.5451074019606177e-5,4,3
3593,16,1.112420883699734e-5,4,3
3593,2,3.4423283687000187e-5,4,3
3593,5,4.199166201489573e-5,4,3
3593,4,5.314194250266365e-5,4,3
3593,12,3.963497770928854e-5,4,3
3593,13,2.866794559431012e-5,4,3
3593,6,1.2384278504192896e-4,4,3
3711,8,2.59480105660299e-6,7,2
3711,17,0,7,2
3711,11,7.132977968370949e-7,7,2
3711,7,1.0457625700660925e-6,7,2
3711,10,0,7,2
3711,15,0,7,2
3711,9,0,7,2
3711,18,3.202032906651775e-7,7,2
3711,3,2.3392926065683752e-4,7,2
3711,16,1.112420883699734e-6,7,2
3711,2,2.6539241294171114e-4,7,2
3711,5,1.810418961121253e-5,7,2
3711,4,1.9385581842520965e-4,7,2
3711,12,0,7,2
3711,13,3.372699481683544e-6,7,2
3711,6,1.885930736679121e-6,7,2
3745,8,1.6044519866661823e-4,4,3
3745,17,8.177277691817603e-6,4,3
3745,11,6.31268550200829e-5,4,3
3745,7,1.3211467135168298e-4,4,3
3745,10,1.3989617898407396e-4,4,3
3745,15,1.78124235474423e-5,4,3
3745,9,1.284729638058111e-4,4,3
3745,18,1.3448538207937457e-5,4,3
3745,3,2.1631503627448647e-5,4,3
3745,16,5.932911379731914e-6,4,3
3745,2,0,4,3
3745,5,9.781291331613436e-5,4,3
3745,4,0,4,3
3745,12,4.756197325114624e-5,4,3
3745,13,3.507607460950885e-5,4,3
3745,6,1.7067673166946046e-4,4,3
3883,8,8.216870012576136e-6,6,4
3883,17,0,6,4
3883,11,2.1398933905112848e-6,6,4
3883,7,2.1612426448032573e-5,6,4
3883,10,3.6102239737825536e-6,6,4
3883,15,0,6,4
3883,9,7.364692192689806e-6,6,4
3883,18,0,6,4
3883,3,2.62668258333305e-5,6,4
3883,16,0,6,4
3883,2,1.998771310858075e-5,6,4
3883,5,5.858716915850721e-5,6,4
3883,4,2.4699776092787328e-5,6,4
3883,12,1.9817488854644267e-6,6,4
3883,13,0,6,4
3883,6,4.5576659469745426e-5,6,4
3905,8,8.303363381129569e-5,7,2
3905,17,4.977473377628106e-6,7,2
3905,11,3.53082409434362e-5,7,2
3905,7,9.481580635265902e-5,7,2
3905,10,5.686102758707522e-5,7,2
3905,15,1.4177235068372445e-5,7,2
3905,9,7.078287496307426e-5,7,2
3905,18,7.364675685299083e-6,7,2
3905,3,0.00104572868964694,7,2
3905,16,1.038259491453085e-5,7,2
3905,2,9.000023041391501e-4,7,2
3905,5,1.5162258799390491e-4,7,2
3905,4,0.00102766038107263,7,2
3905,12,2.0213838631737152e-5,7,2
3905,13,3.2715184972330375e-5,7,2
3905,6,1.4081616167204106e-4,7,2
4026,8,6.889196805280939e-4,1,9
4026,17,0.00115619595886047,1,9
4026,11,8.734331522270227e-4,1,9
4026,7,7.149530104018517e-4,1,9
4026,10,9.021047154489156e-4,1,9
4026,15,0.00149478950259352,1,9
4026,9,7.790207741600774e-4,1,9
4026,18,0.00114920961019732,1,9
4026,3,5.995016719607196e-5,1,9
4026,16,0.00132415165856391,1,9
4026,2,1.3991399176006527e-4,1,9
4026,5,6.374183425614411e-4,1,9
4026,4,1.1264594854437856e-4,1,9
4026,12,0.00101029558180976,1,9
4026,13,0.00106442395641932,1,9
4026,6,6.553609309959946e-4,1,9
4050,8,4.843628638992249e-5,6,4
4050,17,3.5553381268772183e-6,6,4
4050,11,2.78186140766467e-5,6,4
4050,7,3.939039013915614e-5,6,4
4050,10,2.707667980336915e-5,6,4
4050,15,2.5446319353489e-6,6,4
4050,9,3.10953670358014e-5,6,4
4050,18,3.202032906651775e-6,6,4
4050,3,6.489451088234594e-5,6,4
4050,16,7.416139224664892e-7,6,4
4050,2,5.1357318403992215e-5,6,4
4050,5,4.199166201489573e-5,6,4
4050,4,4.640563993190347e-5,6,4
4050,12,6.737946210579051e-6,6,4
4050,13,6.7453989633670875e-6,6,4
4050,6,4.0861832628047625e-5,6,4
4088,8,5.838302377356728e-5,3,1
4088,17,7.821743879129881e-6,3,1
4088,11,2.425212509246123e-5,3,1
4088,7,6.30943417273209e-5,3,1
4088,10,4.557907766900474e-5,3,1
4088,15,7.270376958139714e-6,3,1
4088,9,4.787049925248374e-5,3,1
4088,18,4.803049359977663e-6,3,1
4088,3,6.798472568626718e-6,3,1
4088,16,1.6315506294262762e-5,3,1
4088,2,0,3,1
4088,5,3.017364935202088e-5,3,1
4088,4,6.3620635390512815e-6,3,1
4088,12,2.734813461940909e-5,3,1
4088,13,1.8887117097427844e-5,3,1
4088,6,1.1849931462133812e-4,3,1
4162,8,3.4597347421373203e-6,7,2
4162,17,0,7,2
4162,11,1.0699466952556424e-6,7,2
4162,7,6.623162943751917e-6,7,2
4162,10,1.8051119868912768e-6,7,2
4162,15,3.635188479069857e-7,7,2
4162,9,1.2274486987816343e-6,7,2
4162,18,0,7,2
4162,3,3.9554749490191814e-5,7,2
4162,16,3.708069612332446e-7,7,2
4162,2,5.357817541605674e-5,7,2
4162,5,4.526047402803132e-6,7,2
4162,4,4.228901058310558e-5,7,2
4162,12,2.7744484396501974e-6,7,2
4162,13,0,7,2
4162,6,9.743975472842126e-6,7,2
4186,8,7.351936327041805e-6,7,2
4186,17,0,7,2
4186,11,1.7832444920927374e-6,7,2
4186,7,1.464067598092529e-5,7,2
4186,10,3.1589459770597342e-06,7,2
4186,15,0,7,2
4186,9,1.2274486987816343e-6,7,2
4186,18,0,7,2
4186,3,5.067952278430826e-5,7,2
4186,16,3.708069612332446e-7,7,2
4186,2,3.4423283687000187e-5,7,2
4186,5,6.18559811716428e-5,7,2
4186,4,3.59269470440543e-5,7,2
4186,12,0,7,2
4186,13,0,7,2
4186,6,3.174650073409854e-5,7,2
4208,8,0.00160531692035171,2,8
4208,17,0.01057677539364703,2,8
4208,11,0.00775604359390815,2,8
4208,7,0.00168193480018963,2,8
4208,10,0.004578215276753,2,8
4208,15,0.01151300543206214,2,8
4208,9,0.00196964601197826,2,8
4208,18,0.00968070608668031,2,8
4208,3,2.518525065195807e-4,2,8
4208,16,0.0110055506094027,2,8
4208,2,2.234737368389931e-4,2,8
4208,5,3.178291065079533e-4,2,8
4208,4,9.617943114918702e-5,2,8
4208,12,0.01000981362048082,2,8
4208,13,0.00970123278911454,2,8
4208,6,0.00220528167475678,2,8
4220,8,2.1623342138358253e-5,7,2
4220,17,2.133202876126331e-6,7,2
4220,11,1.0342818054137877e-5,7,2
4220,7,1.9172313784545024e-5,7,2
4220,10,1.5343451888575853e-5,7,2
4220,15,7.997414653953685e-6,7,2
4220,9,1.9639179180506152e-5,7,2
4220,18,9.606098719955323e-7,7,2
4220,3,7.447417677450177e-5,7,2
4220,16,1.4832278449329785e-6,7,2
4220,2,1.6212256188071056e-4,7,2
4220,5,2.791062565061931e-5,7,2
4220,4,1.5044409074697735e-4,7,2
4220,12,7.926995541857707e-6,7,2
4220,13,2.360889637178481e-6,7,2
4220,6,2.7031673892400737e-5,7,2
4234,8,1.2974005283014951e-5,6,4
4234,17,0,6,4
4234,11,6.063031273115307e-6,6,4
4234,7,2.0218076354611116e-5,6,4
4234,10,1.6246007882021492e-5,6,4
4234,15,3.635188479069857e-7,6,4
4234,9,1.350193568659798e-5,6,4
4234,18,1.6010164533258875e-6,6,4
4234,3,1.3596945137253436e-5,6,4
4234,16,2.5956487286327124e-6,6,4
4234,2,1.249232069286297e-5,6,4
4234,5,2.564760194921775e-5,6,4
4234,4,0,6,4
4234,12,1.5853991083715415e-6,6,4
4234,13,0,6,4
4234,6,3.6147005786349825e-5,6,4
4264,8,4.281421743394934e-5,6,4
4264,17,0,6,4
4264,11,1.6405849327253184e-5,6,4
4264,7,5.33338910733707e-5,6,4
4264,10,1.4440895895130216e-5,6,4
4264,15,1.4540753916279428e-6,6,4
4264,9,3.9278358361012305e-5,6,4
4264,18,2.2414230346562428e-6,6,4
4264,3,5.438778054901374e-5,6,4
4264,16,4.449683534798936e-6,6,4
4264,2,3.192481954842759e-5,6,4
4264,5,2.3133131169882675e-4,6,4
4264,4,1.2611855368589893e-4,6,4
4264,12,4.7561973251146245e-6,6,4
4264,13,4.3845093261886066e-6,6,4
4264,6,1.276146465152872e-4,6,4
4288,8,2.2055808981125417e-5,7,2
4288,17,1.0666014380631656e-6,7,2
4288,11,7.846275765208045e-6,7,2
4288,7,1.8475138737834296e-5,7,2
4288,10,1.2635783908238937e-5,7,2
4288,15,2.1811130874419143e-6,7,2
4288,9,1.7184281782942882e-5,7,2
4288,18,1.6010164533258875e-6,7,2
4288,3,5.160658722548463e-5,7,2
4288,16,4.449683534798936e-6,7,2
4288,2,7.217785289209717e-5,7,2
4288,5,8.297753571805742e-6,7,2
4288,4,4.266324961481448e-5,7,2
4288,12,9.908744427322134e-6,7,2
4288,13,3.709969429851898e-6,7,2
4288,6,1.2572871577860808e-5,7,2
4488,8,1.72986737106866e-6,7,2
4488,17,0,7,2
4488,11,1.7832444920927374e-6,7,2
4488,7,8.714688083884102e-6,7,2
4488,10,3.1589459770597342e-06,7,2
4488,15,0,7,2
4488,9,5.3189443613870825e-6,7,2
4488,18,0,7,2
4488,3,2.194052510784077e-5,7,2
4488,16,0,7,2
4488,2,5.1357318403992215e-5,7,2
4488,5,5.280388636603654e-6,7,2
4488,4,4.041781542456108e-5,7,2
4488,12,3.567147993835968e-6,7,2
4488,13,0,7,2
4488,6,1.8230663787898172e-5,7,2
4503,8,8.735830223896733e-5,6,4
4503,17,2.168756257395103e-5,6,4
4503,11,5.70638237469676e-5,6,4
4503,7,1.153824702306255e-4,6,4
4503,10,8.258387340027591e-5,6,4
4503,15,1.7085385851628328e-5,6,4
4503,9,8.633055848097495e-5,6,4
4503,18,7.364675685299083e-6,6,4
4503,3,9.981393816665592e-5,6,4
4503,16,2.1135996790294945e-5,6,4
4503,2,1.4963024118784757e-4,6,4
4503,5,7.266820552278362e-5,6,4
4503,4,7.597052343690648e-5,6,4
4503,12,4.716562347405336e-5,6,4
4503,13,3.84487740911924e-5,6,4
4503,6,1.977084055618612e-4,6,4
4562,8,2.940774530816722e-5,3,1
4562,17,1.0666014380631656e-6,3,1
4562,11,4.636435679441117e-6,3,1
4562,7,2.753841434507376e-5,3,1
4562,10,8.574281937733564e-6,3,1
4562,15,0,3,1
4562,9,1.104703828903471e-5,3,1
4562,18,0,3,1
4562,3,0,3,1
4562,16,0,3,1
4562,2,0,3,1
4562,5,1.3251261007095837e-4,3,1
4562,4,2.2080102870825037e-5,3,1
4562,12,3.170798216743083e-6,3,1
4562,13,1.011809844505063e-6,3,1
4562,6,6.506461041542968e-5,3,1
4619,8,8.649336855343301e-6,7,2
4619,17,0,7,2
4619,11,3.5664889841854747e-6,7,2
4619,7,4.880225326975097e-6,7,2
4619,10,3.6102239737825536e-6,7,2
4619,15,1.8175942395349288e-6,7,2
4619,9,3.2731965300843583e-6,7,2
4619,18,0,7,2
4619,3,3.0902148039212355e-5,7,2
4619,16,7.416139224664892e-7,7,2
4619,2,2.6650284144774337e-5,7,2
4619,5,7.794859415938727e-6,7,2
4619,4,7.484780634177979e-5,7,2
4619,12,0,7,2
4619,13,6.745398963367088e-7,7,2
4619,6,8.801010104502566e-6,7,2
4643,8,1.0811671069179126e-5,7,2
4643,17,2.133202876126331e-6,7,2
4643,11,1.0699466952556424e-6,7,2
4643,7,7.66892551381801e-6,7,2
4643,10,2.256389983614096e-6,7,2
4643,15,0,7,2
4643,9,4.909794795126538e-6,7,2
4643,18,0,7,2
4643,3,7.169298345097267e-5,7,2
4643,16,7.416139224664892e-7,7,2
4643,2,3.6366533572556646e-5,7,2
4643,5,4.928362727496744e-5,7,2
4643,4,6.0626723136841625e-5,7,2
4643,12,2.3780986625573123e-6,7,2
4643,13,0,7,2
4643,6,2.2631168840149453e-5,7,2
4890,8,2.1363862032697952e-4,6,4
4890,17,9.954946755256212e-6,6,4
4890,11,7.346967307422077e-5,6,4
4890,7,3.346440224211495e-4,6,4
4890,10,1.128194991807048e-4,6,4
4890,15,1.7085385851628328e-5,6,4
4890,9,1.7143366826316827e-4,6,4
4890,18,1.0886911882616036e-5,6,4
4890,3,1.761422438235104e-4,6,4
4890,16,1.3349050604396806e-5,6,4
4890,2,1.313081708383152e-4,6,4
4890,5,9.06969610106161e-4,6,4
4890,4,2.952745960183212e-4,6,4
4890,12,4.914737235951779e-5,6,4
4890,13,3.2040645075993664e-5,6,4
4890,6,5.415764432163542e-4,6,4
5096,8,1.5136339496850778e-4,6,4
5096,17,2.133202876126331e-6,6,4
5096,11,3.958802772445877e-5,6,4
5096,7,2.6004629242310157e-4,6,4
5096,10,5.2348247619847025e-5,6,4
5096,15,3.2716696311628713e-6,6,4
5096,9,1.1660762638425529e-4,6,4
5096,18,0,6,4
5096,3,7.014787604901204e-5,6,4
5096,16,4.82049049603218e-6,6,4
5096,2,6.607049610891972e-5,6,4
5096,5,8.858480555597463e-4,6,4
5096,4,1.9423005745691852e-4,6,4
5096,12,2.7744484396501975e-5,6,4
5096,13,1.6188957512081008e-5,6,4
5096,6,4.878274172209993e-4,6,4
5301,8,2.8975278465400057e-5,6,4
5301,17,4.266405752252662e-6,6,4
5301,11,2.4608773990879775e-5,6,4
5301,7,2.7887001868429127e-5,6,4
5301,10,5.64097495903524e-5,6,4
5301,15,2.1811130874419143e-6,6,4
5301,9,3.723261052970958e-5,6,4
5301,18,7.68487897596426e-6,6,4
5301,3,2.62668258333305e-5,6,4
5301,16,4.82049049603218e-6,6,4
5301,2,1.4990784831435564e-5,6,4
5301,5,3.369390844308998e-5,6,4
5301,4,8.981736761013574e-5,6,4
5301,12,7.134295987671936e-6,6,4
5301,13,4.047239378020252e-6,6,4
5301,6,4.0861832628047625e-5,6,4
5338,8,4.713888586162099e-5,4,3
5338,17,8.177277691817603e-6,4,3
5338,11,2.2825529498787036e-5,4,3
5338,7,4.4967790512841965e-5,4,3
5338,10,3.068690377715171e-5,4,3
5338,15,1.78124235474423e-5,4,3
5338,9,3.6823460963449035e-5,4,3
5338,18,1.0566708591950856e-5,4,3
5338,3,1.4524009578429806e-5,4,3
5338,16,1.1865822759463828e-5,4,3
5338,2,2.0542927361596885e-5,4,3
5338,5,3.09279905858214e-5,4,3
5338,4,0,4,3
5338,12,2.9329883504873516e-5,4,3
5338,13,1.5851687563912656e-5,4,3
5338,6,3.7404292944135905e-5,4,3
5365,8,6.227522535847176e-5,6,4
5365,17,1.0666014380631656e-6,6,4
5365,11,1.7832444920927372e-5,6,4
5365,7,1.1747399537075768e-4,6,4
5365,10,2.4820289819755058e-5,6,4
5365,15,6.543339262325743e-6,6,4
5365,9,5.155284534882865e-5,6,4
5365,18,0,6,4
5365,3,3.862768504901544e-5,6,4
5365,16,1.112420883699734e-6,6,4
5365,2,6.85689602474923e-5,6,4
5365,5,4.96607978918677e-4,6,4
5365,4,1.7813777909343588e-4,6,4
5365,12,7.926995541857707e-6,6,4
5365,13,1.011809844505063e-6,6,4
5365,6,2.3794159461101576e-4,6,4
5427,8,4.757135270438815e-5,6,4
5427,17,7.110676253754437e-7,6,4
5427,11,1.42659559367419e-5,6,4
5427,7,7.146044228784964e-5,6,4
5427,10,3.068690377715171e-5,6,4
5427,15,5.816301566511771e-6,6,4
5427,9,3.273196530084359e-5,6,4
5427,18,1.28081316266071e-6,6,4
5427,3,4.6971265019602775e-5,6,4
5427,16,4.449683534798936e-6,6,4
5427,2,4.691560437986316e-5,6,4
5427,5,3.4448249676890504e-5,6,4
5427,4,2.058314674398944e-5,6,4
5427,12,6.341596433486166e-6,6,4
5427,13,5.733589118862024e-6,6,4
5427,6,5.9406818205392314e-5,6,4
5484,8,1.8596074238988095e-5,6,4
5484,17,0,6,4
5484,11,7.846275765208045e-6,6,4
5484,7,2.823558939178449e-5,6,4
5484,10,5.86661395739665e-6,6,4
5484,15,3.635188479069857e-6,6,4
5484,9,1.0637888722774163e-5,6,4
5484,18,0,6,4
5484,3,5.871408127450347e-6,6,4
5484,16,7.416139224664892e-7,6,4
5484,2,4.441714024129056e-6,6,4
5484,5,1.068650081217406e-4,6,4
5484,4,0,6,4
5484,12,2.3780986625573123e-6,6,4
5484,13,2.023619689010126e-6,6,4
5484,6,6.443596683653664e-5,6,4
5648,8,2.2574769192446016e-4,5,7
5648,17,2.4176299262765085e-5,5,7
5648,11,7.382632197263933e-5,5,7
5648,7,2.736412058339608e-4,5,7
5648,10,1.6561902479727463e-4,5,7
5648,15,1.9266498939070243e-5,5,7
5648,9,1.8698135178106897e-4,5,7
5648,18,8.965692138624971e-6,5,7
5648,3,2.10134606666644e-5,5,7
5648,16,1.9652768945361965e-5,5,7
5648,2,1.887728460254849e-5,5,7
5648,5,3.6635839254912017e-4,5,7
5648,4,1.8711951585444944e-6,5,7
5648,12,6.103786567230434e-5,5,7
5648,13,3.2715184972330375e-5,5,7
5648,6,3.749858948096986e-4,5,7
5843,8,2.2920742666659748e-5,3,1
5843,17,2.488736688814053e-6,3,1
5843,11,8.559573562045139e-6,3,1
5843,7,4.4270615466131233e-5,3,1
5843,10,9.025559934456383e-6,3,1
5843,15,0,3,1
5843,9,1.5956833084161248e-5,3,1
5843,18,1.28081316266071e-6,3,1
5843,3,0,3,1
5843,16,0,3,1
5843,2,0,3,1
5843,5,1.6394349481264675e-4,3,1
5843,4,9.355975792722474e-6,3,1
5843,12,5.15254710220751e-6,3,1
5843,13,3.709969429851898e-6,3,1
5843,6,9.178196251838388e-5,3,1
5914,8,9.989984067921513e-5,3,1
5914,17,5.6885410030035495e-6,3,1
5914,11,3.851808102920312e-5,3,1
5914,7,1.4222370952898854e-4,3,1
5914,10,7.807109343304772e-5,3,1
5914,15,1.3813716220465456e-5,3,1
5914,9,1.1742592551677636e-4,3,1
5914,18,1.1207115173281212e-5,3,1
5914,3,0,3,1
5914,16,1.2978243643163562e-5,3,1
5914,2,2.77607126508066e-7,3,1
5914,5,1.1767723247288145e-4,3,1
5914,4,9.355975792722474e-6,3,1
5914,12,2.9329883504873516e-5,3,1
5914,13,2.091073678643797e-5,3,1
5914,6,1.5181742430266925e-4,3,1
5930,8,2.508307688049557e-5,7,2
5930,17,9.954946755256212e-6,7,2
5930,11,2.9958507467157987e-5,7,2
5930,7,3.660168995231323e-5,7,2
5930,10,3.926118571488527e-5,7,2
5930,15,2.7263913593023928e-5,7,2
5930,9,3.314111486710413e-5,7,2
5930,18,2.6256669834544555e-5,7,2
5930,3,3.229274470097691e-4,7,2
5930,16,1.2978243643163562e-5,7,2
5930,2,2.98427660996171e-4,7,2
5930,5,2.74077314947523e-5,7,2
5930,4,2.544825415620513e-4,7,2
5930,12,2.100653818592293e-5,7,2
5930,13,3.2377915024162016e-5,7,2
5930,6,4.5576659469745426e-5,7,2
5940,8,1.0249464173581812e-4,6,4
5940,17,1.0666014380631656e-6,6,4
5940,11,1.5335902631997542e-5,6,4
5940,7,2.0427228868624337e-4,6,4
5940,10,4.46765216755591e-5,6,4
5940,15,0,6,4
5940,9,8.060246455332732e-5,6,4
5940,18,1.921219743991065e-6,6,4
5940,3,3.67735561666627e-5,6,4
5940,16,1.4832278449329785e-6,6,4
5940,2,1.110428506032264e-6,6,4
5940,5,8.151914266604308e-4,6,4
5940,4,1.4557898333476167e-4,6,4
5940,12,1.3475892421158102e-5,6,4
5940,13,2.360889637178481e-6,6,4
5940,6,3.8850173175589896e-4,6,4
5951,8,8.96071298213566e-4,6,4
5951,17,2.097649494857559e-5,6,4
5951,11,2.517941222834945e-4,6,4
5951,7,0.00153099640257675,6,4
5951,10,4.0615019705053727e-4,6,4
5951,15,6.143468529628059e-5,6,4
5951,9,7.196940870522983e-4,6,4
5951,18,2.081321389323654e-5,6,4
5951,3,3.507393802450602e-4,6,4
5951,16,3.522666131715824e-5,6,4
5951,2,2.409629858090013e-4,6,4
5951,5,0.0055471739862911,6,4
5951,4,7.892701178740678e-4,6,4
5951,12,1.6567420682482608e-4,6,4
5951,13,9.072561605728732e-5,6,4
5951,6,0.00301780350047604,6,4
6006,8,4.627395217608666e-5,7,2
6006,17,3.5553381268772184e-7,7,2
6006,11,2.7461965178228153e-5,7,2
6006,7,4.880225326975097e-5,7,2
6006,10,4.964057963951011e-5,7,2
6006,15,4.725745022790814e-6,7,2
6006,9,4.500645228865993e-5,7,2
6006,18,9.606098719955323e-7,7,2
6006,3,1.05067303333322e-4,7,2
6006,16,1.854034806166223e-6,7,2
6006,2,1.110428506032264e-4,7,2
6006,5,5.204954513223602e-5,7,2
6006,4,1.0254149468823832e-4,7,2
6006,12,2.0213838631737152e-5,7,2
6006,13,1.1804448185892403e-5,7,2
6006,6,5.3120382416461914e-5,7,2
6050,8,1.7298673710686603e-5,7,2
6050,17,1.4221352507508874e-6,7,2
6050,11,5.349733476278212e-6,7,2
6050,7,1.2200563317437742e-5,7,2
6050,10,1.083067192134766e-5,7,2
6050,15,0,7,2
6050,9,1.1456187855295254e-5,7,2
6050,18,2.56162632532142e-6,7,2
6050,3,7.45359810705802e-4,7,2
6050,16,3.708069612332446e-7,7,2
6050,2,7.836849181322704e-4,7,2
6050,5,4.274600324869625e-5,7,2
6050,4,5.250573614875852e-4,7,2
6050,12,3.170798216743083e-6,7,2
6050,13,4.3845093261886066e-6,7,2
6050,6,3.331810968133114e-5,7,2
6093,8,3.805708216351053e-5,6,4
6093,17,1.7776690634386092e-6,6,4
6093,11,7.132977968370949e-7,6,4
6093,7,3.416157728882568e-5,6,4
6093,10,9.476837931179204e-6,6,4
6093,15,0,6,4
6093,9,1.4729384385379613e-5,6,4
6093,18,6.40406581330355e-7,6,4
6093,3,4.944343686273977e-6,6,4
6093,16,0,6,4
6093,2,1.748924897000816e-5,6,4
6093,5,1.2446630357708613e-4,6,4
6093,4,4.640563993190347e-5,6,4
6093,12,0,6,4
6093,13,0,6,4
6093,6,7.669451662495093e-5,6,4
6149,8,1.72986737106866e-6,7,2
6149,17,0,7,2
6149,11,1.0699466952556424e-6,7,2
6149,7,4.183050280264369e-6,7,2
6149,10,9.025559934456384e-7,7,2
6149,15,0,7,2
6149,9,1.6365982650421792e-6,7,2
6149,18,0,7,2
6149,3,2.710118383038923e-4,7,2
6149,16,0,7,2
6149,2,2.553985563874207e-4,7,2
6149,5,2.162444870228163e-5,7,2
6149,4,2.8629285925730767e-4,7,2
6149,12,0,7,2
6149,13,0,7,2
6149,6,6.915079367823444e-6,7,2
6180,8,6.659989378614342e-5,4,3
6180,17,4.977473377628106e-6,4,3
6180,11,1.997233831143866e-5,4,3
6180,7,5.751694135363507e-5,4,3
6180,10,4.061501970505373e-5,4,3
6180,15,1.8175942395349288e-6,4,3
6180,9,4.950709751752592e-5,4,3
6180,18,3.202032906651775e-7,4,3
6180,3,9.579665892155827e-6,4,3
6180,16,2.224841767399468e-6,4,3
6180,2,6.107356783177452e-6,4,3
6180,5,3.696272045622558e-5,4,3
6180,4,1.2724127078102565e-5,4,3
6180,12,9.908744427322134e-6,4,3
6180,13,6.0708590670303785e-06,4,3
6180,6,6.443596683653664e-5,4,3
6284,8,2.162334213835826e-6,7,2
6284,17,2.133202876126331e-6,7,2
6284,11,3.566488984185475e-7,7,2
6284,7,6.971750467107282e-7,7,2
6284,10,0,7,2
6284,15,0,7,2
6284,9,1.6365982650421792e-6,7,2
6284,18,6.40406581330355e-7,7,2
6284,3,1.931384252450772e-4,7,2
6284,16,0,7,2
6284,2,1.0687874370560542e-4,7,2
6284,5,2.4893260715417226e-5,7,2
6284,4,2.14813204200908e-4,7,2
6284,12,0,7,2
6284,13,0,7,2
6284,6,5.343470420590843e-6,7,2
6332,8,7.78440316980897e-6,7,2
6332,17,0,7,2
6332,11,2.4965422889298324e-6,7,2
6332,7,2.3703951588164755e-5,7,2
6332,10,8.123003941010746e-6,7,2
6332,15,0,7,2
6332,9,1.4729384385379613e-5,7,2
6332,18,0,7,2
6332,3,1.220634847548888e-4,7,2
6332,16,0,7,2
6332,2,6.0240746452250325e-5,7,2
6332,5,8.021161786078884e-5,7,2
6332,4,8.570073826133786e-5,7,2
6332,12,3.963497770928854e-7,7,2
6332,13,0,7,2
6332,6,3.26894661024381e-5,7,2
6351,8,1.6001273182385108e-5,6,4
6351,17,1.7776690634386092e-6,6,4
6351,11,5.349733476278212e-6,6,4
6351,7,2.4401126634875484e-5,6,4
6351,10,9.928115927902022e-6,6,4
6351,15,2.1811130874419143e-6,6,4
6351,9,1.3092786120337432e-5,6,4
6351,18,3.5222361973169528e-6,6,4
6351,3,5.809603831371922e-5,6,4
6351,16,2.224841767399468e-6,6,4
6351,2,3.164721242191953e-5,6,4
6351,5,1.5338271753943948e-5,6,4
6351,4,3.630118607576319e-5,6,4
6351,12,4.7561973251146245e-6,6,4
6351,13,8.094478756040504e-6,6,4
6351,6,5.5634956732034074e-5,6,4
6357,8,1.980698139873616e-4,6,4
6357,17,1.1021548193319376e-5,6,4
6357,11,7.73928109568248e-5,6,4
6357,7,2.056666387796648e-4,6,4
6357,10,1.4711662693163907e-4,6,4
6357,15,3.1626139767907756e-5,6,4
6357,9,1.6775132216682338e-4,6,4
6357,18,1.0886911882616036e-5,6,4
6357,3,1.470942246666508e-4,6,4
6357,16,2.1877610712761433e-5,6,4
6357,2,1.5490477659150083e-4,6,4
6357,5,1.131511850700783e-4,6,4
6357,4,1.725241936178024e-4,6,4
6357,12,5.548896879300395e-5,6,4
6357,13,2.0236196890101263e-5,6,4
6357,6,1.964511184040751e-4,6,4
6372,8,3.5029814264140367e-5,5,7
6372,17,0,5,7
6372,11,6.063031273115307e-6,5,7
6372,7,5.507682869014752e-5,5,7
6372,10,1.128194991807048e-5,5,7
6372,15,1.0905565437209572e-6,5,7
6372,9,2.2503226144329965e-5,5,7
6372,18,3.84243948798213e-6,5,7
6372,3,3.090214803921236e-7,5,7
6372,16,0,5,7
6372,2,8.605820921750047e-6,5,7
6372,5,1.782759782548567e-4,5,7
6372,4,3.742390317088989e-7,5,7
6372,12,5.94524665639328e-6,5,7
6372,13,0,5,7
6372,6,1.197566017791242e-4,5,7
6381,8,1.5136339496850776e-5,6,4
6381,17,3.5553381268772184e-7,6,4
6381,11,1.8902391616183017e-5,6,4
6381,7,1.4989263504280656e-5,6,4
6381,10,1.6246007882021492e-5,6,4
6381,15,4.725745022790814e-6,6,4
6381,9,5.728093927647627e-6,6,4
6381,18,2.2414230346562428e-6,6,4
6381,3,3.3374319882349344e-5,6,4
6381,16,7.416139224664892e-7,6,4
6381,2,3.220242667493566e-5,6,4
6381,5,1.5589718831877454e-5,6,4
6381,4,4.266324961481448e-5,6,4
6381,12,6.341596433486166e-6,6,4
6381,13,0,6,4
6381,6,3.7718614733582425e-5,6,4
6400,8,8.649336855343301e-7,7,2
6400,17,3.5553381268772184e-7,7,2
6400,11,0,7,2
6400,7,2.0915251401321845e-6,7,2
6400,10,4.512779967228192e-7,7,2
6400,15,0,7,2
6400,9,0,7,2
6400,18,0,7,2
6400,3,4.456089747254422e-4,7,2
6400,16,3.708069612332446e-7,7,2
6400,2,6.146221780888581e-4,7,2
6400,5,2.6653390260951776e-5,7,2
6400,4,5.583646353096771e-4,7,2
6400,12,0,7,2
6400,13,0,7,2
6400,6,6.286435788930404e-6,7,2
6600,8,7.17894958993494e-5,6,4
6600,17,2.8442705015017748e-6,6,4
6600,11,9.272871358882232e-6,6,4
6600,7,9.272428121252685e-5,6,4
6600,10,3.2492015764042984e-5,6,4
6600,15,0,6,4
6600,9,4.909794795126538e-5,6,4
6600,18,0,6,4
6600,3,2.5648782872546252e-5,6,4
6600,16,0,6,4
6600,2,2.1375748741121083e-5,6,4
6600,5,3.9527480651147353e-4,6,4
6600,4,6.69887866758929e-5,6,4
6600,12,1.9817488854644267e-6,6,4
6600,13,2.023619689010126e-6,6,4
6600,6,2.2945490629595975e-4,6,4
6617,8,6.357262588677326e-4,3,1
6617,17,9.59941294256849e-5,3,1
6617,11,2.871023632269307e-4,3,1
6617,7,9.324716249755988e-4,3,1
6617,10,3.9351441314229834e-4,3,1
6617,15,1.399547564441895e-4,3,1
6617,9,5.098003595606388e-4,3,1
6617,18,9.189834442090596e-5,3,1
6617,3,9.270644411763706e-7,3,1
6617,16,1.3311969908273483e-4,3,1
6617,2,1.0826677933814574e-5,3,1
6617,5,0.00234826426082102,3,1
6617,4,1.3023518303469683e-4,3,1
6617,12,2.59212754218747e-4,3,1
6617,13,1.848239315962582e-4,3,1
6617,6,0.0015970690121777601,3,1
6655,8,4.540901849055233e-5,6,4
6655,17,3.5553381268772184e-7,6,4
6655,11,1.8545742717764467e-5,6,4
6655,7,5.2636716026659977e-5,6,4
6655,10,2.4820289819755058e-5,6,4
6655,15,1.0905565437209572e-6,6,4
6655,9,4.050580705979393e-5,6,4
6655,18,1.6010164533258875e-6,6,4
6655,3,4.5117136137250034e-5,6,4
6655,16,2.224841767399468e-6,6,4
6655,2,7.495392415717782e-6,6,4
6655,5,2.941930811822036e-5,6,4
6655,4,3.0313361568420812e-5,6,4
6655,12,1.5853991083715413e-5,6,4
6655,13,4.721779274356961e-6,6,4
6655,6,7.63801948355044e-5,6,4
6728,8,2.59480105660299e-6,7,2
6728,17,0,7,2
6728,11,3.209840085766927e-6,7,2
6728,7,6.971750467107282e-6,7,2
6728,10,4.964057963951011e-6,7,2
6728,15,0,7,2
6728,9,4.091495662605448e-6,7,2
6728,18,0,7,2
6728,3,8.80711219117552e-5,7,2
6728,16,3.708069612332446e-7,7,2
6728,2,2.85935340303308e-5,7,2
6728,5,7.794859415938727e-6,7,2
6728,4,6.100096216855052e-5,7,2
6728,12,7.926995541857708e-7,7,2
6728,13,1.011809844505063e-6,7,2
6728,6,7.229401157269964e-6,7,2
6800,8,4.540901849055233e-5,3,1
6800,17,1.7776690634386092e-6,3,1
6800,11,1.3552658139904805e-5,3,1
6800,7,3.7298864999023954e-5,3,1
6800,10,2.5722845813200693e-5,3,1
6800,15,1.4540753916279428e-6,3,1
6800,9,3.068621746954086e-5,3,1
6800,18,3.202032906651775e-7,3,1
6800,3,3.090214803921236e-7,3,1
6800,16,2.966455689865957e-6,3,1
6800,2,0,3,1
6800,5,2.564760194921775e-5,3,1
6800,4,0,3,1
6800,12,9.908744427322134e-6,3,1
6800,13,1.686349740841772e-6,3,1
6800,6,4.8091233785317586e-5,3,1
6814,8,1.5741793076724808e-4,3,1
6814,17,2.8442705015017748e-6,3,1
6814,11,3.0315156365576537e-5,3,1
6814,7,2.3459940321816003e-4,3,1
6814,10,6.58865875215316e-5,3,1
6814,15,5.816301566511771e-6,3,1
6814,9,1.1742592551677636e-4,3,1
6814,18,0,3,1
6814,3,3.090214803921236e-7,3,1
6814,16,2.224841767399468e-6,3,1
6814,2,2.1375748741121083e-5,3,1
6814,5,8.529084883504568e-4,3,1
6814,4,1.4221083204938158e-4,3,1
6814,12,1.4664941752436758e-5,3,1
6814,13,3.372699481683544e-6,3,1
6814,6,4.576525254341334e-4,3,1
6870,8,3.0272678993701553e-5,7,2
6870,17,5.333007190315828e-6,7,2
6870,11,1.818909381934592e-5,7,2
6870,7,5.089377840988316e-5,7,2
6870,10,2.34664558295866e-5,7,2
6870,15,1.1269084285116557e-5,7,2
6870,9,2.2912375710590508e-5,7,2
6870,18,1.28081316266071e-6,7,2
6870,3,2.1847818663723136e-4,7,2
6870,16,5.56210441849867e-6,7,2
6870,2,1.0576831519957316e-4,7,2
6870,5,5.556980422330512e-5,7,2
6870,4,1.3584876851033032e-4,7,2
6870,12,1.2683192866972332e-5,7,2
6870,13,4.3845093261886066e-6,7,2
6870,6,3.6461327575796345e-5,7,2
6874,8,1.7298673710686603e-5,7,2
6874,17,3.1998043141894965e-6,7,2
6874,11,8.202924663626592e-6,7,2
6874,7,7.66892551381801e-6,7,2
6874,10,9.476837931179204e-6,7,2
6874,15,0,7,2
6874,9,1.513853395164016e-5,7,2
6874,18,0,7,2
6874,3,1.0846653961763535e-4,7,2
6874,16,0,7,2
6874,2,1.2020388577799258e-4,7,2
6874,5,2.237878993608215e-5,7,2
6874,4,1.014187775931116e-4,7,2
6874,12,2.7744484396501974e-6,7,2
6874,13,6.745398963367088e-7,7,2
6874,6,2.1688203471809893e-5,7,2
7110,8,2.3785676352194076e-5,6,4
7110,17,1.7776690634386092e-6,6,4
7110,11,1.0342818054137877e-5,6,4
7110,7,3.9041802615800774e-5,6,4
7110,10,1.128194991807048e-5,6,4
7110,15,1.4540753916279428e-6,6,4
7110,9,1.18653374215558e-5,6,4
7110,18,4.4828460693124855e-6,6,4
7110,3,2.441269695097776e-5,6,4
7110,16,5.191297457265425e-6,6,4
7110,2,2.1098141614613015e-5,6,4
7110,5,2.338457824781618e-5,6,4
7110,4,1.347260514152036e-5,6,4
7110,12,7.134295987671936e-6,6,4
7110,13,2.023619689010126e-6,6,4
7110,6,3.174650073409854e-5,6,4
7205,8,1.249829175597107e-4,3,1
7205,17,9.243879129880768e-6,3,1
7205,11,4.244121891180715e-5,3,1
7205,7,1.530299227530048e-4,3,1
7205,10,6.81429775051457e-5,3,1
7205,15,1.6358348155814357e-5,3,1
7205,9,1.0596973766148112e-4,3,1
7205,18,1.3448538207937457e-5,3,1
7205,3,0,3,1
7205,16,1.7057120216729254e-5,3,1
7205,2,2.77607126508066e-7,3,1
7205,5,1.4206759903243166e-4,3,1
7205,4,3.742390317088989e-7,3,1
7205,12,3.567147993835968e-5,3,1
7205,13,1.2478988082229112e-5,3,1
7205,6,1.4081616167204106e-4,3,1
7269,8,1.768789386917705e-4,3,1
7269,17,2.4176299262765085e-5,3,1
7269,11,7.917605544891754e-5,3,1
7269,7,2.3843386597506905e-4,3,1
7269,10,1.5208068489559008e-4,3,1
7269,15,3.453429055116364e-5,3,1
7269,9,1.4156574992614851e-4,3,1
7269,18,2.209402705589725e-5,3,1
7269,3,0,3,1
7269,16,2.0394382867828453e-5,3,1
7269,2,2.77607126508066e-7,3,1
7269,5,2.195132990359519e-4,3,1
7269,4,7.484780634177978e-7,3,1
7269,12,5.7470717678468375e-5,3,1
7269,13,4.519417305455949e-5,3,1
7269,6,3.850441920719872e-4,3,1
7270,8,5.185277444778309e-4,6,4
7270,17,7.217336397560754e-5,6,4
7270,11,2.599970469471211e-4,6,4
7270,7,7.177417105886946e-4,6,4
7270,10,2.8430513793537606e-4,6,4
7270,15,9.66960135432582e-5,6,4
7270,9,4.664305055370211e-4,6,4
7270,18,5.667598244773642e-5,6,4
7270,3,1.9993689781370392e-4,6,4
7270,16,7.972349666514759e-5,6,4
7270,2,2.2930348649566253e-4,6,4
7270,5,0.00186649165950042,6,4
7270,4,4.505837941775143e-4,6,4
7270,12,2.207668258407371e-4,6,4
7270,13,1.2613896061496453e-4,6,4
7270,6,0.00117713510147721,6,4
7273,8,1.5352572918234358e-4,6,4
7273,17,1.4576886320196597e-5,6,4
7273,11,6.205690832482726e-5,6,4
7273,7,1.986948883125575e-4,6,4
7273,10,9.115815533800947e-5,6,4
7273,15,2.435576280976804e-5,6,4
7273,9,1.313370107696349e-4,6,4
7273,18,9.926302010620505e-6,6,4
7273,3,0,6,4
7273,16,2.3731645518927655e-5,6,4
7273,2,0,6,4
7273,5,9.102384221192966e-5,6,4
7273,4,0,6,4
7273,12,4.359847548021739e-5,6,4
7273,13,1.8212577201091137e-5,6,4
7273,6,2.178250000864385e-4,6,4
7347,8,8.649336855343301e-7,7,2
7347,17,7.110676253754437e-7,7,2
7347,11,3.566488984185475e-7,7,2
7347,7,0,7,2
7347,10,0,7,2
7347,15,3.635188479069857e-7,7,2
7347,9,4.091495662605448e-7,7,2
7347,18,6.40406581330355e-7,7,2
7347,3,3.491942728430996e-5,7,2
7347,16,3.708069612332446e-7,7,2
7347,2,9.494163726575858e-5,7,2
7347,5,7.54341233800522e-7,7,2
7347,4,3.181031769525641e-5,7,2
7347,12,3.963497770928854e-7,7,2
7347,13,3.372699481683544e-7,7,2
7347,6,3.143217894465202e-7,7,2
7371,8,0.00507932306830035,6,4
7371,17,2.2718610630745423e-4,6,4
7371,11,0.00153180701870766,6,4
7371,7,0.00651928386179201,6,4
7371,10,0.00265261206473673,6,4
7371,15,4.892963692828028e-4,6,4
7371,9,0.00408535841911154,6,4
7371,18,1.895603480737851e-4,6,4
7371,3,0.00222680878770564,6,4
7371,16,3.1370268920332496e-4,6,4
7371,2,0.0019515780993517,6,4
7371,5,0.01630332563905275,6,4
7371,4,0.00381162453795513,6,4
7371,12,0.00114029830869623,6,4
7371,13,6.327184227638328e-4,6,4
7371,6,0.01147431692374522,6,4
7393,8,2.4910090143388705e-4,6,4
7393,17,2.488736688814053e-6,6,4
7393,11,6.526674841059418e-5,6,4
7393,7,4.137733902228171e-4,6,4
7393,10,9.296326732490077e-5,6,4
7393,15,5.452782718604786e-6,6,4
7393,9,1.7511601435951318e-4,6,4
7393,18,2.8818296159865978e-6,6,4
7393,3,1.721249645784128e-4,6,4
7393,16,5.932911379731914e-6,6,4
7393,2,1.257560283081539e-4,6,4
7393,5,0.00149460143123676,6,4
7393,4,4.66301833509288e-4,6,4
7393,12,2.8537183950687746e-5,6,4
7393,13,1.2141718134060755e-5,6,4
7393,6,8.313811330860459e-4,6,4
7410,8,0.00163688699987371,2,8
7410,17,0.00317029500773641,2,8
7410,11,0.00221978274375703,2,8
7410,7,0.00135251959061881,2,8
7410,10,0.00206414555701017,2,8
7410,15,0.00371807077639265,2,8
7410,9,0.00183258090728098,2,8
7410,18,0.00322989059293964,2,8
7410,3,5.964114571567985e-4,2,8
7410,16,0.00348669785647619,2,8
7410,2,4.8581247138911553e-4,2,8
7410,5,3.067654350788789e-4,2,8
7410,4,5.003575853947978e-4,2,8
7410,12,0.00275938714812066,2,8
7410,13,0.00310288352314886,2,8
7410,6,9.24420382762216e-4,2,8
7495,8,2.2920742666659748e-5,7,2
7495,17,1.7776690634386092e-6,7,2
7495,11,1.390930703832335e-5,7,2
7495,7,2.405253911152012e-5,7,2
7495,10,3.113818177387452e-5,7,2
7495,15,0,7,2
7495,9,1.513853395164016e-5,7,2
7495,18,1.6010164533258875e-6,7,2
7495,3,1.548197616764539e-4,7,2
7495,16,1.854034806166223e-6,7,2
7495,2,1.879400246459607e-4,7,2
7495,5,2.3887472403683195e-5,7,2
7495,4,7.821595762715987e-5,7,2
7495,12,8.719695096043479e-6,7,2
7495,13,8.43174870420886e-6,7,2
7495,6,2.6717352102954217e-5,7,2
7524,8,3.4597347421373203e-6,7,2
7524,17,0,7,2
7524,11,4.993084577859665e-6,7,2
7524,7,3.137287710198277e-6,7,2
7524,10,0,7,2
7524,15,0,7,2
7524,9,5.728093927647627e-6,7,2
7524,18,9.606098719955323e-7,7,2
7524,3,4.5117136137250034e-5,7,2
7524,16,0,7,2
7524,2,4.774842575938735e-5,7,2
7524,5,8.046306493872234e-6,7,2
7524,4,4.790259605873906e-5,7,2
7524,12,3.963497770928854e-7,7,2
7524,13,0,7,2
7524,6,6.286435788930404e-6,7,2
7592,8,1.383893896854928e-5,6,4
7592,17,0,6,4
7592,11,4.636435679441117e-6,6,4
7592,7,2.9629939485205947e-5,6,4
7592,10,4.964057963951011e-6,6,4
7592,15,0,6,4
7592,9,9.001290457731986e-6,6,4
7592,18,0,6,4
7592,3,2.1631503627448647e-6,6,4
7592,16,0,6,4
7592,2,0,6,4
7592,5,1.2647788020055418e-4,6,4
7592,4,4.752835702703016e-5,6,4
7592,12,3.963497770928854e-7,6,4
7592,13,1.011809844505063e-6,6,4
7592,6,6.600757578376924e-5,6,4
7856,8,1.9461007924522423e-5,6,4
7856,17,3.5553381268772183e-6,6,4
7856,11,1.8902391616183017e-5,6,4
7856,7,2.753841434507376e-5,6,4
7856,10,1.17332279147933e-5,6,4
7856,15,8.360933501860672e-6,6,4
7856,9,1.6365982650421794e-5,6,4
7856,18,1.28081316266071e-6,6,4
7856,3,1.418408594999847e-4,6,4
7856,16,4.449683534798936e-6,6,4
7856,2,1.110428506032264e-4,6,4
7856,5,4.073442662522819e-5,6,4
7856,4,1.6054854460311764e-4,6,4
7856,12,5.94524665639328e-6,6,4
7856,13,1.011809844505063e-6,6,4
7856,6,4.8719877364210626e-5,6,4
8054,8,1.5741793076724808e-4,6,4
8054,17,5.333007190315828e-6,6,4
8054,11,5.6350525950130495e-5,6,4
8054,7,1.8858585013525195e-4,6,4
8054,10,6.994808949203698e-5,6,4
8054,15,1.4540753916279428e-5,6,4
8054,9,1.3174616033589543e-4,6,4
8054,18,5.7636592319731955e-6,6,4
8054,3,5.407875906862162e-5,6,4
8054,16,8.899367069597871e-6,6,4
8054,2,7.634195978971815e-5,6,4
8054,5,4.5436486982584776e-4,6,4
8054,4,1.2013072917855656e-4,6,4
8054,12,4.0427677263474304e-5,6,4
8054,13,1.8887117097427844e-5,6,4
8054,6,3.454396466017257e-4,6,4
8096,8,2.170983550691169e-4,3,1
8096,17,2.346523163738964e-5,3,1
8096,11,1.3160344351644402e-4,3,1
8096,7,2.736412058339608e-4,3,1
8096,10,2.166134384269532e-4,3,1
8096,15,3.635188479069857e-5,3,1
8096,9,2.3444270146729217e-4,3,1
8096,18,2.433545009055349e-5,3,1
8096,3,3.090214803921236e-7,3,1
8096,16,1.8169541100428988e-5,3,1
8096,2,6.662571036193584e-6,3,1
8096,5,1.5966889448777716e-4,3,1
8096,4,8.981736761013574e-6,3,1
8096,12,9.789839494194268e-5,3,1
8096,13,4.114693367653923e-5,3,1
8096,6,2.426564214527136e-4,3,1
8248,8,2.3785676352194076e-5,6,4
8248,17,0,6,4
8248,11,2.4965422889298324e-6,6,4
8248,7,5.193954097994925e-5,6,4
8248,10,1.128194991807048e-5,6,4
8248,15,0,6,4
8248,9,3.1913666168322495e-5,6,4
8248,18,0,6,4
8248,3,6.0877231637248336e-5,6,4
8248,16,0,6,4
8248,2,6.829135312098424e-5,6,4
8248,5,2.640194318301827e-4,6,4
8248,4,8.794617245159124e-5,6,4
8248,12,5.548896879300395e-6,6,4
8248,13,6.745398963367088e-7,6,4
8248,6,1.1849931462133812e-4,6,4
8334,8,1.124413791194629e-5,6,4
8334,17,0,6,4
8334,11,2.4965422889298324e-6,6,4
8334,7,3.346440224211495e-5,6,4
8334,10,2.7076679803369152e-6,6,4
8334,15,1.8175942395349288e-6,6,4
8334,9,1.6365982650421794e-5,6,4
8334,18,0,6,4
8334,3,2.533976139215413e-5,6,4
8334,16,0,6,4
8334,2,3.220242667493566e-5,6,4
8334,5,1.1139105552454376e-4,6,4
8334,4,4.9399552185574655e-5,6,4
8334,12,0,6,4
8334,13,0,6,4
8334,6,6.192139252096448e-5,6,4
8345,8,9.514270540877633e-6,7,2
8345,17,2.133202876126331e-6,7,2
8345,11,6.7763290699524014e-6,7,2
8345,7,9.063275607239463e-6,7,2
8345,10,4.512779967228192e-6,7,2
8345,15,4.725745022790814e-6,7,2
8345,9,1.4729384385379613e-5,7,2
8345,18,0,7,2
8345,3,8.559895006861822e-5,7,2
8345,16,1.854034806166223e-6,7,2
8345,2,6.135117495828259e-5,7,2
8345,5,6.537624026271191e-6,7,2
8345,4,2.6945210283040723e-5,7,2
8345,12,9.908744427322134e-6,7,2
8345,13,2.360889637178481e-6,7,2
8345,6,2.0116594524577293e-5,7,2
8415,8,1.124413791194629e-5,7,2
8415,17,3.5553381268772183e-6,7,2
8415,11,3.5664889841854747e-6,7,2
8415,7,1.9172313784545024e-5,7,2
8415,10,7.671725944287927e-6,7,2
8415,15,0,7,2
8415,9,5.728093927647627e-6,7,2
8415,18,3.202032906651775e-7,7,2
8415,3,6.551255384313019e-5,7,2
8415,16,5.56210441849867e-6,7,2
8415,2,8.57806020909924e-5,7,2
8415,5,2.087010746848111e-5,7,2
8415,4,5.651009378804374e-5,7,2
8415,12,2.3780986625573123e-6,7,2
8415,13,1.686349740841772e-6,7,2
8415,6,3.394675326022418e-5,7,2
8491,8,7.611416432702105e-5,6,4
8491,17,3.9108719395649406e-6,6,4
8491,11,2.674866738139106e-5,6,4
8491,7,8.714688083884102e-5,6,4
8491,10,3.0235625780428887e-5,6,4
8491,15,2.9081507832558855e-6,6,4
8491,9,7.078287496307426e-5,6,4
8491,18,1.28081316266071e-6,6,4
8491,3,2.997508359803598e-5,6,4
8491,16,7.045332263431648e-6,6,4
8491,2,3.830978345811311e-5,6,4
8491,5,1.6017178864364417e-4,6,4
8491,4,1.0254149468823832e-4,6,4
8491,12,1.942113907755138e-5,6,4
8491,13,9.780828496882276e-6,6,4
8491,6,1.593611472493857e-4,6,4
8537,8,2.633723072452035e-4,3,1
8537,17,5.6885410030035495e-6,3,1
8537,11,6.384015281691999e-5,3,1
8537,7,4.2144231573663514e-4,3,1
8537,10,8.709665336750411e-5,3,1
8537,15,9.087971197674644e-6,3,1
8537,9,2.0048328746766696e-4,3,1
8537,18,8.005082266629437e-6,3,1
8537,3,1.3596945137253436e-5,3,1
8537,16,1.7427927177962497e-5,3,1
8537,2,2.77607126508066e-7,3,1
8537,5,0.00179558358352317,3,1
8537,4,3.353181724111734e-4,3,1
8537,12,5.905611678683992e-5,3,1
8537,13,1.9898926941932907e-5,3,1
8537,6,8.326384202438319e-4,3,1
8551,8,3.157007952200305e-5,6,4
8551,17,1.0666014380631656e-6,6,4
8551,11,9.98616915571933e-6,6,4
8551,7,4.531637803619733e-5,6,4
8551,10,1.3087061904961756e-5,6,4
8551,15,0,6,4
8551,9,2.4958123541893235e-5,6,4
8551,18,0,6,4
8551,3,3.7082577647054825e-6,6,4
8551,16,0,6,4
8551,2,1.38803563254033e-5,6,4
8551,5,6.386755779511086e-5,6,4
8551,4,0,6,4
8551,12,3.963497770928853e-6,6,4
8551,13,1.3490797926734176e-6,6,4
8551,6,7.763748199329048e-5,6,4
8575,8,4.324668427671651e-7,7,2
8575,17,0,7,2
8575,11,7.132977968370949e-7,7,2
8575,7,2.4401126634875484e-6,7,2
8575,10,2.256389983614096e-6,7,2
8575,15,0,7,2
8575,9,8.182991325210896e-7,7,2
8575,18,0,7,2
8575,3,6.489451088234594e-5,7,2
8575,16,0,7,2
8575,2,8.161649519337141e-5,7,2
8575,5,1.5338271753943948e-5,7,2
8575,4,4.0043576392852185e-5,7,2
8575,12,0,7,2
8575,13,0,7,2
8575,6,4.714826841697803e-6,7,2
8617,8,1.9374514555968995e-4,6,4
8617,17,1.173261581869482e-5,6,4
8617,11,9.91483937603562e-5,6,4
8617,7,1.5093839761287265e-4,6,4
8617,10,1.54788352875927e-4,6,4
8617,15,9.815008893488614e-6,6,4
8617,9,1.587500317090914e-4,6,4
8617,18,4.4828460693124855e-6,6,4
8617,3,1.3751455877449495e-4,6,4
8617,16,1.0753401875764094e-5,6,4
8617,2,1.3602749198895234e-4,6,4
8617,5,1.475994347469688e-4,6,4
8617,4,5.2767703470954745e-5,6,4
8617,12,6.896486121416205e-5,6,4
8617,13,2.1248006734606325e-5,6,4
8617,6,2.269403319803876e-4,6,4
8699,8,8.649336855343301e-7,7,2
8699,17,0,7,2
8699,11,1.7832444920927374e-6,7,2
8699,7,2.0915251401321845e-6,7,2
8699,10,0,7,2
8699,15,0,7,2
8699,9,0,7,2
8699,18,0,7,2
8699,3,4.944343686273976e-5,7,2
8699,16,3.708069612332446e-7,7,2
8699,2,8.994470898861339e-5,7,2
8699,5,1.0812224351140815e-5,7,2
8699,4,4.9399552185574655e-5,7,2
8699,12,0,7,2
8699,13,1.3490797926734176e-6,7,2
8699,6,4.086183262804762e-6,7,2
8863,8,7.351936327041806e-5,3,1
8863,17,1.13770820060071e-5,3,1
8863,11,6.811993959794256e-5,3,1
8863,7,9.167851864246076e-5,3,1
8863,10,5.2348247619847025e-5,3,1
8863,15,6.543339262325743e-6,3,1
8863,9,6.750967843298989e-5,3,1
8863,18,4.162642778647307e-6,3,1
8863,3,6.798472568626718e-6,3,1
8863,16,1.446147148809654e-5,3,1
8863,2,0,3,1
8863,5,5.48154629895046e-5,3,1
8863,4,0,3,1
8863,12,1.942113907755138e-5,3,1
8863,13,1.686349740841772e-5,3,1
8863,6,1.8324960324732128e-4,3,1
8922,8,8.649336855343301e-7,7,2
8922,17,0,7,2
8922,11,0,7,2
8922,7,3.485875233553641e-6,7,2
8922,10,3.6102239737825536e-6,7,2
8922,15,1.0905565437209572e-6,7,2
8922,9,8.182991325210896e-7,7,2
8922,18,0,7,2
8922,3,2.2373155180389743e-4,7,2
8922,16,0,7,2
8922,2,1.2603363543466198e-4,7,2
8922,5,9.554988961473278e-6,7,2
8922,4,6.399487442222172e-5,7,2
8922,12,1.189049331278656e-6,7,2
8922,13,1.686349740841772e-6,7,2
8922,6,7.543722946716484e-6,7,2
8969,8,2.767787793709856e-5,3,1
8969,17,0,3,1
8969,11,4.636435679441117e-6,3,1
8969,7,5.124236593323852e-5,3,1
8969,10,1.128194991807048e-5,3,1
8969,15,0,3,1
8969,9,2.127577744554833e-5,3,1
8969,18,6.40406581330355e-7,3,1
8969,3,3.090214803921236e-7,3,1
8969,16,0,3,1
8969,2,2.77607126508066e-7,3,1
8969,5,1.953743795543352e-4,3,1
8969,4,4.041781542456108e-5,3,1
8969,12,5.94524665639328e-6,3,1
8969,13,3.709969429851898e-6,3,1
8969,6,1.024689033595656e-4,3,1
8986,8,9.081803698110464e-6,6,4
8986,17,0,6,4
8986,11,1.0699466952556424e-6,6,4
8986,7,2.3006776541454027e-5,6,4
8986,10,4.964057963951011e-6,6,4
8986,15,0,6,4
8986,9,1.2683636554076889e-5,6,4
8986,18,0,6,4
8986,3,1.3905966617645558e-5,6,4
8986,16,0,6,4
8986,2,1.6378820463975895e-5,6,4
8986,5,4.2243109092829234e-5,6,4
8986,4,0,6,4
8986,12,1.189049331278656e-6,6,4
8986,13,1.686349740841772e-6,6,4
8986,6,4.8719877364210626e-5,6,4
8988,8,1.0595437647795544e-4,3,1
8988,17,6.399608628378993e-6,3,1
8988,11,3.53082409434362e-5,3,1
8988,7,1.2444574583786498e-4,3,1
8988,10,6.092252955758059e-5,3,1
8988,15,8.360933501860672e-6,3,1
8988,9,9.04220541435804e-5,3,1
8988,18,0,3,1
8988,3,3.090214803921236e-7,3,1
8988,16,5.191297457265425e-6,3,1
8988,2,5.55214253016132e-7,3,1
8988,5,7.392544091245116e-5,3,1
8988,4,7.484780634177978e-7,3,1
8988,12,3.012258305905929e-5,3,1
8988,13,1.3490797926734177e-5,3,1
8988,6,1.1849931462133812e-4,3,1
8994,8,4.757135270438815e-5,3,1
8994,17,4.621939564940384e-6,3,1
8994,11,3.994467662287732e-5,3,1
8994,7,8.400959312864275e-5,3,1
8994,10,5.460463760346112e-5,3,1
8994,15,1.7085385851628328e-5,3,1
8994,9,6.341818277038445e-5,3,1
8994,18,8.005082266629437e-6,3,1
8994,3,3.090214803921236e-7,3,1
8994,16,4.078876573565691e-6,3,1
8994,2,0,3,1
8994,5,2.5144707793350732e-5,3,1
8994,4,0,3,1
8994,12,4.5580224365681816e-5,3,1
8994,13,1.1467178237724048e-5,3,1
8994,6,1.1158423525351466e-4,3,1
9009,8,1.6001273182385108e-5,3,1
9009,17,0,3,1
9009,11,3.209840085766927e-6,3,1
9009,7,2.71898268217184e-5,3,1
9009,10,5.86661395739665e-6,3,1
9009,15,0,3,1
9009,9,9.41044002399253e-6,3,1
9009,18,6.40406581330355e-7,3,1
9009,3,6.180429607842471e-7,3,1
9009,16,7.416139224664892e-7,3,1
9009,2,0,3,1
9009,5,9.102384221192966e-5,3,1
9009,4,9.730214824431373e-6,3,1
9009,12,2.3780986625573123e-6,3,1
9009,13,6.745398963367088e-7,3,1
9009,6,6.475028862598315e-5,3,1
9017,8,2.348294956225706e-4,5,7
9017,17,2.168756257395103e-5,5,7
9017,11,7.418297087105787e-5,5,7
9017,7,2.2832482779776343e-4,5,7
9017,10,1.362859550102914e-4,5,7
9017,15,2.3265206266047084e-5,5,7
9017,9,1.9107284744367443e-4,5,7
9017,18,1.56899612425937e-5,5,7
9017,3,7.416515529410965e-6,5,7
9017,16,2.3360838557694413e-5,5,7
9017,2,0,5,7
9017,5,1.2245472695361807e-4,5,7
9017,4,3.742390317088989e-7,5,7
9017,12,6.143421544939724e-5,5,7
9017,13,3.811150414302404e-5,5,7
9017,6,2.366843074532297e-4,5,7
9050,8,6.789729431444492e-5,7,2
9050,17,4.621939564940384e-6,7,2
9050,11,2.10422850066943e-5,7,2
9050,7,5.891129144705653e-5,7,2
9050,10,3.700479573127117e-5,7,2
9050,15,3.635188479069857e-6,7,2
9050,9,5.5644341011434095e-5,7,2
9050,18,9.606098719955323e-7,7,2
9050,3,5.077222922842589e-4,7,2
9050,16,4.449683534798936e-6,7,2
9050,2,5.735363233656644e-4,7,2
9050,5,6.763926396411347e-5,7,2
9050,4,5.808189772122111e-4,7,2
9050,12,9.908744427322134e-6,7,2
9050,13,1.079263834138734e-5,7,2
9050,6,7.166536799380661e-5,7,2
9170,8,6.448080625658431e-4,3,1
9170,17,9.59941294256849e-6,3,1
9170,11,1.6869492895197296e-4,3,1
9170,7,0.00109317047324242,3,1
9170,10,2.9784347783706066e-4,3,1
9170,15,1.3813716220465456e-5,3,1
9170,9,4.721585994646687e-4,3,1
9170,18,7.0444723946339056e-6,3,1
9170,3,2.472171843136988e-5,3,1
9170,16,1.2978243643163562e-5,3,1
9170,2,2.77607126508066e-7,3,1
9170,5,0.00401410115213051,3,1
9170,4,4.4235053547991854e-4,3,1
9170,12,9.552029627938538e-5,3,1
9170,13,4.519417305455949e-5,3,1
9170,6,0.00216033365886593,3,1
9200,8,3.0272678993701553e-5,6,4
9200,17,5.333007190315828e-6,6,4
9200,11,9.272871358882232e-6,6,4
9200,7,3.520733985889177e-5,6,4
9200,10,3.700479573127117e-5,6,4
9200,15,2.1811130874419143e-6,6,4
9200,9,2.986791833701977e-5,6,4
9200,18,3.202032906651775e-7,6,4
9200,3,8.189069230391274e-5,6,4
9200,16,0,6,4
9200,2,7.661956691622622e-5,6,4
9200,5,2.74077314947523e-5,6,4
9200,4,1.2462159755906337e-4,6,4
9200,12,9.908744427322134e-6,6,4
9200,13,1.4502607771239238e-5,6,4
9200,6,3.7404292944135905e-5,6,4
9411,8,2.72454110943314e-5,7,2
9411,17,7.110676253754437e-7,7,2
9411,11,1.2839360343067709e-5,7,2
9411,7,3.241863967204886e-5,7,2
9411,10,1.3087061904961756e-5,7,2
9411,15,5.0892638706978e-6,7,2
9411,9,1.0637888722774163e-5,7,2
9411,18,3.84243948798213e-6,7,2
9411,3,7.725537009803088e-5,7,2
9411,16,3.708069612332446e-7,7,2
9411,2,6.829135312098424e-5,7,2
9411,5,3.4196802598957e-5,7,2
9411,4,3.6675425107472096e-5,7,2
9411,12,6.737946210579051e-6,7,2
9411,13,5.059049222525316e-6,7,2
9411,6,2.6717352102954217e-5,7,2
9464,8,3.7192148477976197e-05,6,4
9464,17,0,6,4
9464,11,5.349733476278212e-6,6,4
9464,7,5.159095345659388e-5,6,4
9464,10,1.4440895895130216e-5,6,4
9464,15,2.1811130874419143e-6,6,4
9464,9,2.2912375710590508e-5,6,4
9464,18,0,6,4
9464,3,2.008639622548803e-5,6,4
9464,16,2.5956487286327124e-6,6,4
9464,2,8.883428048258112e-6,6,4
9464,5,1.9311135585293364e-4,6,4
9464,4,2.544825415620513e-5,6,4
9464,12,4.359847548021739e-6,6,4
9464,13,3.0354295335151892e-6,6,4
9464,6,9.05246753605978e-5,6,4
9669,8,8.649336855343301e-5,2,8
9669,17,1.727894329662328e-4,2,8
9669,11,8.702233121412558e-5,2,8
9669,7,3.451016481218104e-5,2,8
9669,10,9.025559934456384e-5,2,8
9669,15,2.2792631763768003e-4,2,8
9669,9,6.21907340716028e-5,2,8
9669,18,1.7611180986584762e-4,2,8
9669,3,3.7700620607839074e-5,2,8
9669,16,1.813246040430566e-4,2,8
9669,2,2.8315926903822738e-5,2,8
9669,5,1.0812224351140815e-5,2,8
9669,4,3.892085929772549e-5,2,8
9669,12,9.75020451648498e-5,2,8
9669,13,1.153463222735772e-4,2,8
9669,6,3.6775649365242865e-5,2,8
9705,8,3.4597347421373206e-5,6,4
9705,17,2.488736688814053e-6,6,4
9705,11,1.997233831143866e-5,6,4
9705,7,5.542541621350288e-5,6,4
9705,10,2.3917733826309415e-5,6,4
9705,15,5.452782718604786e-6,6,4
9705,9,2.823132007197759e-5,6,4
9705,18,2.2414230346562428e-6,6,4
9705,3,1.236085921568494e-5,6,4
9705,16,4.82049049603218e-6,6,4
9705,2,8.32821379524198e-6,6,4
9705,5,1.7727018994312266e-4,6,4
9705,4,2.3202819965951738e-5,6,4
9705,12,1.4268591975343873e-5,6,4
9705,13,4.3845093261886066e-6,6,4
9705,6,9.461085862340258e-5,6,4
9905,8,1.297400528301495e-6,7,2
9905,17,0,7,2
9905,11,0,7,2
9905,7,4.5316378036197325e-6,7,2
9905,10,4.061501970505373e-6,7,2
9905,15,0,7,2
9905,9,2.045747831302724e-6,7,2
9905,18,0,7,2
9905,3,2.62668258333305e-5,7,2
9905,16,7.416139224664892e-7,7,2
9905,2,1.004937797959199e-4,7,2
9905,5,3.017364935202088e-6,7,2
9905,4,6.174944023196832e-5,7,2
9905,12,1.9817488854644267e-6,7,2
9905,13,0,7,2
9905,6,2.8288961050186816e-6,7,2
9983,8,3.2002546364770214e-4,3,1
9983,17,3.91087193956494e-5,3,1
9983,11,1.8082099149820355e-4,3,1
9983,7,4.409632170445355e-4,3,1
9983,10,2.1751599442039888e-4,3,1
9983,15,4.980208216325704e-5,3,1
9983,9,2.913144911775079e-4,3,1
9983,18,2.8177889578535626e-5,3,1
9983,3,3.090214803921236e-7,3,1
9983,16,4.449683534798936e-5,3,1
9983,2,1.5545999084451696e-5,3,1
9983,5,2.597448315053131e-4,3,1
9983,4,0,3,1
9983,12,1.4308226953053162e-4,3,1
9983,13,8.094478756040505e-5,3,1
9983,6,6.952797982557027e-4,3,1
10005,8,5.622068955973145e-6,7,2
10005,17,1.0666014380631656e-6,7,2
10005,11,2.1398933905112848e-6,7,2
10005,7,1.7777963691123567e-5,7,2
10005,10,2.256389983614096e-6,7,2
10005,15,0,7,2
10005,9,6.546393060168717e-6,7,2
10005,18,1.28081316266071e-6,7,2
10005,3,3.2756276921565095e-5,7,2
10005,16,0,7,2
10005,2,4.2751497482242166e-5,7,2
10005,5,1.131511850700783e-5,7,2
10005,4,5.651009378804374e-5,7,2
10005,12,4.359847548021739e-6,7,2
10005,13,0,7,2
10005,6,1.1315584420074726e-5,7,2
10064,8,2.6769697567287517e-4,3,1
10064,17,9.59941294256849e-6,3,1
10064,11,5.777712154380469e-5,3,1
10064,7,4.4828355503499816e-4,3,1
10064,10,1.1913739113482428e-4,3,1
10064,15,7.270376958139714e-6,3,1
10064,9,2.090754283591384e-4,3,1
10064,18,8.005082266629437e-6,3,1
10064,3,3.090214803921236e-7,3,1
10064,16,5.191297457265425e-6,3,1
10064,2,0,3,1
10064,5,0.00153458151662819,3,1
10064,4,1.03664211783365e-4,3,1
10064,12,4.6769273696960473e-5,3,1
10064,13,1.4502607771239238e-5,3,1
10064,6,8.621846684518049e-4,3,1
10096,8,2.20125622968487e-4,3,1
10096,17,2.9864840265768637e-5,3,1
10096,11,1.1698083868128356e-4,3,1
10096,7,2.42268328731978e-4,3,1
10096,10,2.098442684761109e-4,3,1
10096,15,4.035059211767541e-5,3,1
10096,9,1.607957795403941e-4,3,1
10096,18,2.337484021855796e-5,3,1
10096,3,2.781193323529112e-6,3,1
10096,16,3.226020562729228e-5,3,1
10096,2,2.77607126508066e-7,3,1
10096,5,1.1893446786254897e-4,3,1
10096,4,3.742390317088989e-7,3,1
10096,12,1.3079542644065217e-4,3,1
10096,13,8.634110673109872e-5,3,1
10096,6,3.753002165991451e-4,3,1
10122,8,5.968042430186878e-5,6,4
10122,17,2.8442705015017748e-6,6,4
10122,11,2.353882729562413e-5,6,4
10122,7,4.740790317632951e-5,6,4
10122,10,3.113818177387452e-5,6,4
10122,15,3.2716696311628713e-6,6,4
10122,9,2.9458768770759225e-5,6,4
10122,18,0,6,4
10122,3,2.842997619607537e-5,6,4
10122,16,3.3372626510992015e-6,6,4
10122,2,2.77607126508066e-5,6,4
10122,5,4.073442662522819e-5,6,4
10122,4,2.6570971251331824e-5,6,4
10122,12,1.9024789300458495e-5,6,4
10122,13,9.780828496882276e-6,6,4
10122,6,5.6892243889820154e-5,6,4
10196,8,1.8596074238988095e-5,7,2
10196,17,1.7776690634386092e-6,7,2
10196,11,2.1398933905112848e-6,7,2
10196,7,1.1851975794082378e-5,7,2
10196,10,7.671725944287927e-6,7,2
10196,15,2.5446319353489e-6,7,2
10196,9,5.728093927647627e-6,7,2
10196,18,0,7,2
10196,3,1.7119790013723644e-4,7,2
10196,16,3.708069612332446e-7,7,2
10196,2,2.0737252350152532e-4,7,2
10196,5,2.263023701401566e-5,7,2
10196,4,3.117411134135128e-4,7,2
10196,12,5.15254710220751e-6,7,2
10196,13,2.360889637178481e-6,7,2
10196,6,2.1059559892916853e-5,7,2
10354,8,4.324668427671651e-7,7,2
10354,17,3.5553381268772184e-7,7,2
10354,11,0,7,2
10354,7,3.485875233553641e-7,7,2
10354,10,0,7,2
10354,15,2.5446319353489e-6,7,2
10354,9,4.091495662605448e-7,7,2
10354,18,0,7,2
10354,3,9.085231523528432e-5,7,2
10354,16,0,7,2
10354,2,1.193710643984684e-4,7,2
10354,5,3.77170616900261e-6,7,2
10354,4,9.019160664184465e-5,7,2
10354,12,0,7,2
10354,13,0,7,2
10354,6,3.143217894465202e-7,7,2
10373,8,2.5948010566029903e-5,6,4
10373,17,3.5553381268772184e-7,6,4
10373,11,6.7763290699524014e-6,6,4
10373,7,3.695027747566859e-5,6,4
10373,10,1.7148563875467128e-5,6,4
10373,15,1.0905565437209572e-6,6,4
10373,9,2.3321525276851057e-5,6,4
10373,18,0,6,4
10373,3,1.0815751813724324e-5,6,4
10373,16,1.4832278449329785e-6,6,4
10373,2,0,6,4
10373,5,2.1498725163314876e-4,6,4
10373,4,2.9190644473294115e-5,6,4
10373,12,3.170798216743083e-6,6,4
10373,13,0,6,4
10373,6,1.1629906209521248e-4,6,4
10524,8,2.7158917725777967e-4,6,4
10524,17,2.488736688814053e-6,6,4
10524,11,6.455345061375709e-5,6,4
10524,7,4.3085417886723e-4,6,4
10524,10,1.1146566519053634e-4,6,4
10524,15,7.270376958139714e-6,6,4
10524,9,1.9516434310627988e-4,6,4
10524,18,0,6,4
10524,3,1.6996181421566793e-5,6,4
10524,16,4.078876573565691e-6,6,4
10524,2,2.720549839779047e-5,6,4
10524,5,0.00172140669553279,6,4
10524,4,2.9415187892319457e-4,6,4
10524,12,3.7653228823824106e-5,6,4
10524,13,1.4165337823070884e-5,6,4
10524,6,9.10590224026569e-4,6,4
10606,8,3.892201584904485e-5,7,2
10606,17,3.1998043141894965e-6,7,2
10606,11,2.78186140766467e-5,7,2
10606,7,6.867174210100672e-5,7,2
10606,10,2.301517783286378e-5,7,2
10606,15,3.2716696311628713e-6,7,2
10606,9,3.4368563565885765e-5,7,2
10606,18,1.28081316266071e-6,7,2
10606,3,3.797873994019198e-4,7,2
10606,16,2.966455689865957e-6,7,2
10606,2,2.931531255925177e-4,7,2
10606,5,3.746561461209259e-5,7,2
10606,4,3.431771920770603e-4,7,2
10606,12,9.116044873136364e-6,7,2
10606,13,6.7453989633670875e-6,7,2
10606,6,8.140934346664872e-5,7,2
10636,8,7.568169748425389e-5,4,3
10636,17,3.1998043141894965e-6,4,3
10636,11,1.961568941302011e-5,4,3
10636,7,6.20485791572548e-5,4,3
10636,10,3.835862972143963e-5,4,3
10636,15,7.270376958139714e-6,4,3
10636,9,5.0734546216307555e-5,4,3
10636,18,2.2414230346562428e-6,4,3
10636,3,1.5451074019606177e-5,4,3
10636,16,1.854034806166223e-6,4,3
10636,2,1.47131777049275e-5,4,3
10636,5,4.8026391885299904e-5,4,3
10636,4,0,4,3
10636,12,1.783573996917984e-5,4,3
10636,13,7.75720880787215e-6,4,3
10636,6,6.789350652044836e-5,4,3
10650,8,2.3785676352194076e-5,7,2
10650,17,2.133202876126331e-6,7,2
10650,11,8.559573562045139e-6,7,2
10650,7,3.241863967204886e-5,7,2
10650,10,1.9404953859081225e-5,7,2
10650,15,4.725745022790814e-6,7,2
10650,9,2.0048328746766695e-5,7,2
10650,18,0,7,2
10650,3,2.3578338953919023e-4,7,2
10650,16,1.112420883699734e-6,7,2
10650,2,2.3624366465836415e-4,7,2
10650,5,2.74077314947523e-5,7,2
10650,4,1.5156680784210406e-4,7,2
10650,12,6.341596433486166e-6,7,2
10650,13,1.1467178237724048e-5,7,2
10650,6,7.040808083602053e-5,7,2
10695,8,1.9028541081755266e-5,7,2
10695,17,1.0666014380631656e-6,7,2
10695,11,8.916222460463686e-6,7,2
10695,7,2.6144064251652304e-5,7,2
10695,10,9.928115927902022e-6,7,2
10695,15,0,7,2
10695,9,1.3092786120337432e-5,7,2
10695,18,9.606098719955323e-7,7,2
10695,3,3.22618425529377e-4,7,2
10695,16,7.416139224664892e-7,7,2
10695,2,4.191867610271797e-4,7,2
10695,5,3.117943766375491e-5,7,2
10695,4,3.847177245967481e-4,7,2
10695,12,5.548896879300395e-6,7,2
10695,13,3.709969429851898e-6,7,2
10695,6,1.9802272735130773e-5,7,2
10729,8,5.405835534589563e-5,7,2
10729,17,7.110676253754437e-7,7,2
10729,11,1.925904051460156e-5,7,2
10729,7,7.390055495133718e-5,7,2
10729,10,2.3917733826309415e-5,7,2
10729,15,6.906858110232728e-6,7,2
10729,9,3.355026443336467e-5,7,2
10729,18,0,7,2
10729,3,3.1087560927447626e-4,7,2
10729,16,1.854034806166223e-6,7,2
10729,2,2.7261019823092083e-4,7,2
10729,5,2.190104048800849e-4,7,2
10729,4,2.8891253247927e-4,7,2
10729,12,1.109779375860079e-5,7,2
10729,13,8.094478756040504e-6,7,2
10729,6,1.48045562829311e-4,7,2
10848,8,1.2411798387417636e-4,3,1
10848,17,1.0666014380631655e-5,3,1
10848,11,6.24135572232458e-5,3,1
10848,7,1.5268133522964946e-4,3,1
10848,10,7.085064548548261e-5,3,1
10848,15,2.2538168570233113e-5,3,1
10848,9,1.0842463505904438e-4,3,1
10848,18,7.364675685299083e-6,3,1
10848,3,3.090214803921236e-7,3,1
10848,16,1.038259491453085e-5,3,1
10848,2,2.77607126508066e-6,3,1
10848,5,7.317109967865064e-5,3,1
10848,4,0,3,1
10848,12,3.4482430607081025e-5,3,1
10848,13,2.091073678643797e-5,3,1
10848,6,1.5621792935492055e-4,3,1
10864,8,2.1623342138358253e-5,6,4
10864,17,0,6,4
10864,11,6.7763290699524014e-6,6,4
10864,7,2.579547672829694e-5,6,4
10864,10,1.7148563875467128e-5,6,4
10864,15,0,6,4
10864,9,1.350193568659798e-5,6,4
10864,18,0,6,4
10864,3,2.3485632509801387e-5,6,4
10864,16,0,6,4
10864,2,1.0271463680798442e-5,6,4
10864,5,7.996017078285533e-5,6,4
10864,4,1.758923449031825e-5,6,4
10864,12,7.134295987671936e-6,6,4
10864,13,1.011809844505063e-6,6,4
10864,6,4.5576659469745426e-5,6,4
10911,8,3.157007952200305e-5,7,2
10911,17,0,7,2
10911,11,1.4979253733578992e-5,7,2
10911,7,2.8584176915139852e-5,7,2
10911,10,2.1210065845972502e-5,7,2
10911,15,3.635188479069857e-7,7,2
10911,9,2.700387137319596e-5,7,2
10911,18,5.443455941308017e-6,7,2
10911,3,2.3949164730389575e-4,7,2
10911,16,4.82049049603218e-6,7,2
10911,2,2.3152434350772705e-4,7,2
10911,5,5.255243928810303e-5,7,2
10911,4,2.2903428740584617e-4,7,2
10911,12,9.908744427322134e-6,7,2
10911,13,7.419938859703796e-6,7,2
10911,6,5.123445167978279e-5,7,2
10912,8,3.373241373583887e-5,7,2
10912,17,1.7776690634386092e-6,7,2
10912,11,7.1329779683709495e-6,7,2
10912,7,2.0915251401321844e-5,7,2
10912,10,2.0307509852526864e-5,7,2
10912,15,2.1811130874419143e-6,7,2
10912,9,2.4958123541893235e-5,7,2
10912,18,0,7,2
10912,3,6.0877231637248336e-5,7,2
10912,16,3.708069612332446e-7,7,2
10912,2,5.579903242812127e-5,7,2
10912,5,3.696272045622558e-5,7,2
10912,4,1.6204550072995325e-4,7,2
10912,12,7.134295987671936e-6,7,2
10912,13,7.082668911535442e-6,7,2
10912,6,3.7718614733582425e-5,7,2
10978,8,2.2920742666659748e-5,6,4
10978,17,7.110676253754437e-7,6,4
10978,11,9.272871358882232e-6,6,4
10978,7,2.6144064251652304e-5,6,4
10978,10,1.4440895895130216e-5,6,4
10978,15,7.270376958139714e-6,6,4
10978,9,3.6823460963449035e-5,6,4
10978,18,0,6,4
10978,3,0,6,4
10978,16,4.078876573565691e-6,6,4
10978,2,0,6,4
10978,5,2.6904837338885283e-5,6,4
10978,4,0,6,4
10978,12,7.134295987671936e-6,6,4
10978,13,1.0118098445050631e-5,6,4
10978,6,5.8463852837052754e-5,6,4
11126,8,1.595802649810839e-4,6,4
11126,17,9.954946755256212e-6,6,4
11126,11,7.239972637896514e-5,6,4
11126,7,1.6941353635070694e-4,6,4
11126,10,1.5117812890214443e-4,6,4
11126,15,3.126262092000077e-5,6,4
11126,9,1.3092786120337435e-4,6,4
11126,18,1.536975795192852e-5,6,4
11126,3,4.542615761764216e-5,6,4
11126,16,5.56210441849867e-6,6,4
11126,2,6.329442484383906e-5,6,4
11126,5,1.817962373459258e-4,6,4
11126,4,9.168856276868024e-5,6,4
11126,12,5.509261901591107e-5,6,4
11126,13,5.868497098129366e-5,6,4
11126,6,2.055664502980242e-4,6,4
11221,8,0,7,2
11221,17,0,7,2
11221,11,7.132977968370949e-7,7,2
11221,7,1.0457625700660925e-6,7,2
11221,10,2.256389983614096e-6,7,2
11221,15,0,7,2
11221,9,8.182991325210896e-7,7,2
11221,18,0,7,2
11221,3,6.304038199999321e-5,7,2
11221,16,1.854034806166223e-6,7,2
11221,2,6.246160346431485e-5,7,2
11221,5,2.263023701401566e-6,7,2
11221,4,3.59269470440543e-5,7,2
11221,12,3.170798216743083e-6,7,2
11221,13,0,7,2
11221,6,1.2572871577860808e-6,7,2
11237,8,5.622068955973145e-6,7,2
11237,17,0,7,2
11237,11,0,7,2
11237,7,5.228812850330461e-6,7,2
11237,10,9.025559934456384e-7,7,2
11237,15,2.1811130874419143e-6,7,2
11237,9,1.2274486987816343e-6,7,2
11237,18,0,7,2
11237,3,4.1408878372544554e-5,7,2
11237,16,3.708069612332446e-7,7,2
11237,2,7.467631703066976e-5,7,2
11237,5,1.1566565584941336e-5,7,2
11237,4,6.025248410513273e-5,7,2
11237,12,1.189049331278656e-6,7,2
11237,13,3.0354295335151892e-6,7,2
11237,6,7.229401157269964e-6,7,2
11423,8,8.000636591192554e-5,6,4
11423,17,0,6,4
11423,11,1.7119147124090278e-5,6,4
11423,7,9.655874396943584e-5,6,4
11423,10,1.7148563875467128e-5,6,4
11423,15,0,6,4
11423,9,3.968750792727285e-5,6,4
11423,18,2.8818296159865978e-6,6,4
11423,3,1.483303105882193e-5,6,4
11423,16,7.416139224664892e-7,6,4
11423,2,2.85935340303308e-5,6,4
11423,5,3.728960165753914e-4,6,4
11423,4,1.0104453856140273e-4,6,4
11423,12,3.170798216743083e-6,6,4
11423,13,1.0118098445050631e-5,6,4
11423,6,2.0053730166687988e-4,6,4
11499,8,2.8542811622632893e-5,5,7
11499,17,1.4221352507508874e-6,5,7
11499,11,3.923137882604022e-6,5,7
11499,7,3.137287710198276e-5,5,7
11499,10,1.128194991807048e-5,5,7
11499,15,5.452782718604786e-6,5,7
11499,9,2.5776422674414324e-5,5,7
11499,18,1.921219743991065e-6,5,7
11499,3,7.416515529410965e-6,5,7
11499,16,7.786946185898137e-6,5,7
11499,2,2.7483105524298536e-5,5,7
11499,5,1.0812224351140815e-5,5,7
11499,4,3.742390317088989e-7,5,7
11499,12,8.323345318950592e-6,5,7
11499,13,1.3490797926734177e-5,5,7
11499,6,5.092012989033627e-5,5,7
11511,8,9.816997330814648e-5,6,4
11511,17,1.7776690634386092e-6,6,4
11511,11,1.6405849327253184e-5,6,4
11511,7,1.5058981008951727e-4,6,4
11511,10,3.339457175748862e-5,6,4
11511,15,1.4540753916279428e-6,6,4
11511,9,6.750967843298989e-5,6,4
11511,18,1.28081316266071e-6,6,4
11511,3,9.888687372547952e-6,6,4
11511,16,3.708069612332446e-7,6,4
11511,2,6.94017816270165e-6,6,4
11511,5,6.386755779511086e-4,6,4
11511,4,1.1563986079804976e-4,6,4
11511,12,1.5853991083715413e-5,6,4
11511,13,5.059049222525316e-6,6,4
11511,6,3.092926408153759e-4,6,4
11518,8,3.2002546364770215e-5,7,2
11518,17,6.399608628378993e-6,7,2
11518,11,3.602153874027329e-5,7,2
11518,7,6.20485791572548e-5,7,2
11518,10,3.339457175748862e-5,7,2
11518,15,3.635188479069857e-6,7,2
11518,9,2.7822170505717048e-5,7,2
11518,18,0,7,2
11518,3,1.7305202901958918e-4,7,2
11518,16,1.4832278449329785e-6,7,2
11518,2,2.132022731581947e-4,7,2
11518,5,4.978652143083445e-5,7,2
11518,4,2.73942971210914e-4,7,2
11518,12,1.4268591975343873e-5,7,2
11518,13,1.6188957512081008e-5,7,2
11518,6,1.0529779946458426e-4,7,2
11566,8,6.9194694842746405e-6,7,2
11566,17,1.4221352507508874e-6,7,2
11566,11,2.1398933905112848e-6,7,2
11566,7,1.708078864441284e-5,7,2
11566,10,4.964057963951011e-6,7,2
11566,15,7.270376958139714e-7,7,2
11566,9,8.592140891471441e-6,7,2
11566,18,0,7,2
11566,3,1.381326017352792e-4,7,2
11566,16,1.4832278449329785e-6,7,2
11566,2,1.2048149290450064e-4,7,2
11566,5,6.587913441857893e-5,7,2
11566,4,1.1563986079804976e-4,7,2
11566,12,1.5853991083715415e-6,7,2
11566,13,4.721779274356961e-6,7,2
11566,6,2.3259812419042493e-5,7,2
11705,8,4.021941637734635e-5,6,4
11705,17,4.977473377628106e-6,6,4
11705,11,2.4965422889298323e-5,6,4
11705,7,6.065422906383335e-5,6,4
11705,10,4.377396568211346e-5,6,4
11705,15,2.5446319353489e-6,6,4
11705,9,3.232281573458304e-5,6,4
11705,18,2.2414230346562428e-6,6,4
11705,3,3.8936706529407565e-5,6,4
11705,16,4.82049049603218e-6,6,4
11705,2,5.496621104859707e-5,6,4
11705,5,2.791062565061931e-5,6,4
11705,4,4.228901058310558e-5,6,4
11705,12,1.2286843089879449e-5,6,4
11705,13,1.1804448185892403e-5,6,4
11705,6,7.449426409882528e-5,6,4
11740,8,3.762461532074336e-5,3,1
11740,17,2.133202876126331e-6,3,1
11740,11,1.8545742717764467e-5,3,1
11740,7,4.880225326975097e-5,3,1
11740,10,2.0758787849249683e-5,3,1
11740,15,4.725745022790814e-6,3,1
11740,9,4.5824751421181015e-5,3,1
11740,18,0,3,1
11740,3,2.1631503627448647e-6,3,1
11740,16,1.854034806166223e-6,3,1
11740,2,2.1653355867629148e-5,3,1
11740,5,5.7329933768839675e-5,3,1
11740,4,0,3,1
11740,12,1.3475892421158102e-5,3,1
11740,13,7.082668911535442e-6,3,1
11740,6,5.3120382416461914e-5,3,1
11759,8,2.8975278465400057e-5,6,4
11759,17,0,6,4
11759,11,1.248271144464916e-5,6,4
11759,7,3.311581471875959e-5,6,4
11759,10,2.301517783286378e-5,6,4
11759,15,0,6,4
11759,9,1.800258091546397e-5,6,4
11759,18,4.162642778647307e-6,6,4
11759,3,3.0902148039212355e-5,6,4
11759,16,3.708069612332446e-6,6,4
11759,2,5.496621104859707e-5,6,4
11759,5,4.073442662522819e-5,6,4
11759,4,5.426465959779034e-5,6,4
11759,12,6.341596433486166e-6,6,4
11759,13,9.443558548713922e-6,6,4
11759,6,4.6519624838084986e-5,6,4
11778,8,1.2541538440247786e-5,6,4
11778,17,0,6,4
11778,11,7.1329779683709495e-6,6,4
11778,7,1.6035026074346747e-5,6,4
11778,10,1.083067192134766e-5,6,4
11778,15,0,6,4
11778,9,1.350193568659798e-5,6,4
11778,18,3.202032906651775e-7,6,4
11778,3,4.7589307980387024e-5,6,4
11778,16,1.4832278449329785e-6,6,4
11778,2,2.6372677018266272e-5,6,4
11778,5,6.034729870404176e-6,6,4
11778,4,2.2454341902533936e-5,6,4
11778,12,3.170798216743083e-6,6,4
11778,13,2.023619689010126e-6,6,4
11778,6,2.1688203471809893e-5,6,4
11906,8,2.162334213835826e-6,7,2
11906,17,0,7,2
11906,11,2.4965422889298324e-6,7,2
11906,7,1.7429376167768204e-6,7,2
11906,10,1.3538339901684576e-6,7,2
11906,15,0,7,2
11906,9,2.045747831302724e-6,7,2
11906,18,0,7,2
11906,3,8.40538426666576e-5,7,2
11906,16,0,7,2
11906,2,1.2520081405513776e-4,7,2
11906,5,1.1063671429074322e-5,7,2
11906,4,2.2080102870825037e-5,7,2
11906,12,1.189049331278656e-6,7,2
11906,13,0,7,2
11906,6,8.172366525609524e-6,7,2
11992,8,0.00214373813959683,3,1
11992,17,1.2585896969145353e-4,3,1
11992,11,7.710749183808996e-4,3,1
11992,7,0.00308151370646141,3,1
11992,10,0.00107855441216753,3,1
11992,15,1.988448098051212e-4,3,1
11992,9,0.00170288049477638,3,1
11992,18,8.773570164225864e-5,3,1
11992,3,8.034558490195212e-6,3,1
11992,16,1.5759295852412896e-4,3,1
11992,2,7.217785289209716e-6,3,1
11992,5,0.00754994996203149,3,1
11992,4,8.899404174037616e-4,3,1
11992,12,5.279379030877233e-4,3,1
11992,13,3.5379617562860375e-4,3,1
11992,6,0.0051215592372416,3,1
12040,8,2.5948010566029903e-5,3,1
12040,17,0,3,1
12040,11,1.1412764749393518e-5,3,1
12040,7,1.6035026074346747e-5,3,1
12040,10,3.0235625780428887e-5,3,1
12040,15,0,3,1
12040,9,2.0866627879287784e-5,3,1
12040,18,0,3,1
12040,3,3.090214803921236e-7,3,1
12040,16,5.56210441849867e-6,3,1
12040,2,1.7211641843500093e-5,3,1
12040,5,1.8355636689146036e-5,3,1
12040,4,2.769368834645852e-5,3,1
12040,12,9.116044873136364e-6,3,1
12040,13,5.39631917069367e-6,3,1
12040,6,4.4319372311959346e-5,3,1
12065,8,7.654663116978821e-5,3,1
12065,17,6.755142441066715e-6,3,1
12065,11,4.565105899757407e-5,3,1
12065,7,8.087230541844446e-5,3,1
12065,10,4.46765216755591e-5,3,1
12065,15,6.906858110232728e-6,3,1
12065,9,5.850838797525791e-5,3,1
12065,18,8.325285557294615e-6,3,1
12065,3,2.0395417705880153e-5,3,1
12065,16,1.038259491453085e-5,3,1
12065,2,2.77607126508066e-7,3,1
12065,5,4.9535074352900944e-5,3,1
12065,4,1.1975649014684765e-5,3,1
12065,12,2.5366385733944664e-5,3,1
12065,13,1.7538037304754426e-5,3,1
12065,6,1.181849928318916e-4,3,1
12250,8,0.01758193949269909,3,1
12250,17,0.00359302471102211,3,1
12250,11,0.00748285053771954,3,1
12250,7,0.02348120416074068,3,1
12250,10,0.01170028462103253,3,1
12250,15,0.00383076161924381,3,1
12250,9,0.01515449078472432,3,1
12250,18,0.00353888676843154,3,1
12250,3,1.180462055097912e-4,3,1
12250,16,0.00367729263455008,3,1
12250,2,1.8016702510373483e-4,3,1
12250,5,0.02893652972858802,3,1
12250,4,5.613585475633484e-4,3,1
12250,12,0.00691788900937922,3,1
12250,13,0.00497439446553505,3,1
12250,6,0.03141363395907468,3,1
12376,8,3.226202647043051e-4,6,4
12376,17,9.954946755256212e-6,6,4
12376,11,6.91898862931982e-5,6,4
12376,7,5.207897598929139e-4,6,4
12376,10,1.3087061904961756e-4,6,4
12376,15,6.906858110232728e-6,6,4
12376,9,2.577642267441432e-4,6,4
12376,18,3.5222361973169528e-6,6,4
12376,3,2.2558568068625017e-5,6,4
12376,16,7.786946185898137e-6,6,4
12376,2,7.217785289209716e-6,6,4
12376,5,0.00199548401048031,6,4
12376,4,2.327766777229351e-4,6,4
12376,12,3.844592837800988e-5,6,4
12376,13,2.5295246112626577e-5,6,4
12376,6,0.00110892727316732,6,4
12417,8,0.01657991381800757,1,9
12417,17,0.03151949463001729,1,9
12417,11,0.04402224347849657,1,9
12417,7,0.01686048132965225,1,9
12417,10,0.03900034703277948,1,9
12417,15,0.0282410522561979,1,9
12417,9,0.02138011058494477,1,9
12417,18,0.02943885013717509,1,9
12417,3,9.270644411763706e-6,1,9
12417,16,0.03033534669153051,1,9
12417,2,9.07775303681376e-5,1,9
12417,5,5.202440042444266e-4,1,9
12417,4,6.3620635390512815e-6,1,9
12417,12,0.04166072142001027,1,9
12417,13,0.03833713773834867,1,9
12417,6,0.0106809687271822,1,9
12452,8,1.6866206867919436e-5,6,4
12452,17,0,6,4
12452,11,1.3196009241486256e-5,6,4
12452,7,2.0915251401321844e-5,6,4
12452,10,1.3087061904961756e-5,6,4
12452,15,3.9987073269768425e-6,6,4
12452,9,2.0866627879287784e-5,6,4
12452,18,0,6,4
12452,3,1.2978902176469188e-5,6,4
12452,16,1.4832278449329785e-6,6,4
12452,2,9.993856554290375e-6,6,4
12452,5,6.789071104204698e-6,6,4
12452,4,2.1705863839116137e-5,6,4
12452,12,4.359847548021739e-6,6,4
12452,13,9.780828496882276e-6,6,4
12452,6,2.5774386734614657e-5,6,4
12671,8,2.2920742666659748e-5,4,3
12671,17,0,4,3
12671,11,1.42659559367419e-5,4,3
12671,7,3.520733985889177e-5,4,3
12671,10,2.0758787849249683e-5,4,3
12671,15,2.1811130874419143e-6,4,3
12671,9,2.045747831302724e-5,4,3
12671,18,1.921219743991065e-6,4,3
12671,3,3.7082577647054825e-6,4,3
12671,16,1.4832278449329785e-6,4,3
12671,2,2.359660575318561e-5,4,3
12671,5,1.7852742533279022e-5,4,3
12671,4,2.2828580934242835e-5,4,3
12671,12,1.62503408608083e-5,4,3
12671,13,8.769018652377213e-6,4,3
12671,6,6.757918473100184e-5,4,3
12825,8,1.124413791194629e-5,7,2
12825,17,4.266405752252662e-6,7,2
12825,11,8.559573562045139e-6,7,2
12825,7,1.812655121447893e-5,7,2
12825,10,5.86661395739665e-6,7,2
12825,15,1.2359640828837516e-5,7,2
12825,9,4.091495662605448e-6,7,2
12825,18,0,7,2
12825,3,3.043861581862417e-4,7,2
12825,16,4.078876573565691e-6,7,2
12825,2,2.6233873455012237e-4,7,2
12825,5,2.3133131169882675e-5,7,2
12825,4,1.6017430557140874e-4,7,2
12825,12,2.7744484396501974e-6,7,2
12825,13,1.3490797926734176e-6,7,2
12825,6,2.2002525261256413e-5,7,2
12847,8,1.7731140553453767e-5,6,4
12847,17,0,6,4
12847,11,2.1398933905112848e-6,6,4
12847,7,3.137287710198276e-5,6,4
12847,10,1.083067192134766e-5,6,4
12847,15,0,6,4
12847,9,1.923002961424561e-5,6,4
12847,18,1.6010164533258875e-6,6,4
12847,3,3.0284105078428103e-5,6,4
12847,16,1.4832278449329785e-6,6,4
12847,2,0,6,4
12847,5,6.085019285990878e-5,6,4
12847,4,1.6466517395191552e-5,6,4
12847,12,3.170798216743083e-6,6,4
12847,13,3.0354295335151892e-6,6,4
12847,6,5.6577922100373634e-5,6,4
12898,8,3.892201584904485e-6,7,2
12898,17,7.110676253754437e-7,7,2
12898,11,5.349733476278212e-6,7,2
12898,7,1.0457625700660922e-5,7,2
12898,10,8.123003941010746e-6,7,2
12898,15,2.9081507832558855e-6,7,2
12898,9,4.500645228865993e-6,7,2
12898,18,0,7,2
12898,3,4.159429126077983e-4,7,2
12898,16,1.4832278449329785e-6,7,2
12898,2,3.0731108904442906e-4,7,2
12898,5,3.847140292382662e-5,7,2
12898,4,2.5934764897426695e-4,7,2
12898,12,3.567147993835968e-6,7,2
12898,13,1.686349740841772e-6,7,2
12898,6,1.8230663787898172e-5,7,2
12899,8,5.911821740627146e-4,3,1
12899,17,2.3856318831346135e-4,3,1
12899,11,2.999417235699984e-4,3,1
12899,7,8.73211746005187e-4,3,1
12899,10,4.034425290702003e-4,3,1
12899,15,3.1408028459163563e-4,3,1
12899,9,5.228931456809763e-4,3,1
12899,18,2.5071917659083397e-4,3,1
12899,3,4.3263007254897294e-6,3,1
12899,16,3.0443251517249385e-4,3,1
12899,2,1.9154891729056556e-5,3,1
12899,5,0.00209555994749785,3,1
12899,4,1.4670170042988838e-4,3,1
12899,12,3.6067829715452567e-4,3,1
12899,13,4.047239378020252e-4,3,1
12899,6,0.00151911720839503,3,1
13034,8,1.2974005283014951e-5,7,2
13034,17,0,7,2
13034,11,9.272871358882232e-6,7,2
13034,7,1.1851975794082378e-5,7,2
13034,10,1.2635783908238937e-5,7,2
13034,15,2.5446319353489e-6,7,2
13034,9,9.41044002399253e-6,7,2
13034,18,0,7,2
13034,3,5.995016719607196e-5,7,2
13034,16,2.5956487286327124e-6,7,2
13034,2,5.3022961163040605e-5,7,2
13034,5,1.4583930520143426e-5,7,2
13034,4,3.44299909172187e-5,7,2
13034,12,7.134295987671936e-6,7,2
13034,13,3.372699481683544e-6,7,2
13034,6,1.7602020209005132e-5,7,2
13089,8,9.95538672050014e-4,1,9
13089,17,9.183438381723856e-4,1,9
13089,11,0.00186277719644007,1,9
13089,7,0.00160768565771493,1,9
13089,10,0.00138271578195871,1,9
13089,15,8.506341041023466e-4,1,9
13089,9,8.608506874121862e-4,1,9
13089,18,7.963455838842964e-4,1,9
13089,3,3.2138233960780846e-5,1,9
13089,16,9.666937479350688e-4,1,9
13089,2,3.4423283687000187e-5,1,9
13089,5,0.00195776694879028,1,9
13089,4,2.4699776092787328e-5,1,9
13089,12,0.00166665081267558,1,9
13089,13,0.00155245357141893,1,9
13089,6,0.00365304783694745,1,9
13101,8,1.3276732072951966e-4,4,3
13101,17,1.351028488213343e-5,4,3
13101,11,8.809227790938123e-5,4,3
13101,7,1.8579714994840905e-4,4,3
13101,10,1.0244010525607996e-4,4,3
13101,15,1.6358348155814357e-5,4,3
13101,9,1.0924293419156546e-4,4,3
13101,18,7.0444723946339056e-6,4,3
13101,3,7.509221973528602e-5,4,3
13101,16,8.157753147131381e-6,4,3
13101,2,5.1357318403992215e-5,4,3
13101,5,1.785274253327902e-4,4,3
13101,4,1.268670317493167e-4,4,3
13101,12,5.073277146788933e-5,4,3
13101,13,4.890414248441138e-5,4,3
13101,6,2.429707432421601e-4,4,3
13157,8,4.757135270438816e-6,7,2
13157,17,0,7,2
13157,11,7.132977968370949e-7,7,2
13157,7,2.7887001868429127e-6,7,2
13157,10,1.8051119868912768e-6,7,2
13157,15,0,7,2
13157,9,8.182991325210896e-7,7,2
13157,18,0,7,2
13157,3,3.1520190999996604e-5,7,2
13157,16,0,7,2
13157,2,9.216556600067792e-5,7,2
13157,5,8.297753571805742e-6,7,2
13157,4,1.07406602100454e-4,7,2
13157,12,0,7,2
13157,13,1.3490797926734176e-6,7,2
13157,6,6.915079367823444e-6,7,2
13197,8,8.787726245028794e-4,1,9
13197,17,3.5873361700191134e-4,1,9
13197,11,4.536573987883924e-4,1,9
13197,7,8.916868847430213e-4,1,9
13197,10,7.892852162682107e-4,1,9
13197,15,3.3916308509721765e-4,1,9
13197,9,8.825356144239951e-4,1,9
13197,18,3.1219820839854806e-4,1,9
13197,3,4.635322205881853e-6,1,9
13197,16,3.6635727769844566e-4,1,9
13197,2,8.32821379524198e-7,1,9
13197,5,3.947719123556065e-4,1,9
13197,4,3.742390317088989e-7,1,9
13197,12,4.938518222577351e-4,1,9
13197,13,3.9528037925331134e-4,1,9
13197,6,8.511834058211767e-4,1,9
13437,8,3.766786200502008e-4,6,4
13437,17,4.621939564940384e-6,6,4
13437,11,7.988935324575464e-5,6,4
13437,7,5.901586770406314e-4,6,4
13437,10,1.2094250312171556e-4,6,4
13437,15,7.997414653953685e-6,6,4
13437,9,2.810857520209943e-4,6,4
13437,18,4.803049359977663e-6,6,4
13437,3,1.9777374745095907e-5,6,4
13437,16,8.157753147131381e-6,6,4
13437,2,1.2214713566354905e-5,6,4
13437,5,0.00213252266795407,6,4
13437,4,2.5785069284743134e-4,6,4
13437,12,4.399482525731027e-5,6,4
13437,13,3.6425154402182274e-5,6,4
13437,6,0.0012095102457902,6,4
13459,8,1.383893896854928e-5,4,3
13459,17,0,4,3
13459,11,8.916222460463686e-6,4,3
13459,7,2.3703951588164755e-5,4,3
13459,10,1.669728587874431e-5,4,3
13459,15,3.9987073269768425e-6,4,3
13459,9,1.4729384385379613e-5,4,3
13459,18,6.40406581330355e-7,4,3
13459,3,3.7082577647054825e-6,4,3
13459,16,3.3372626510992015e-6,4,3
13459,2,1.47131777049275e-5,4,3
13459,5,2.5899049027151256e-5,4,3
13459,4,9.355975792722474e-6,4,3
13459,12,6.341596433486166e-6,4,3
13459,13,9.106288600545569e-6,4,3
13459,6,2.3888455997935533e-5,4,3
13556,8,6.227522535847176e-5,6,4
13556,17,7.466210066442159e-6,6,4
13556,11,3.209840085766927e-5,6,4
13556,7,6.379151677403162e-5,6,4
13556,10,3.113818177387452e-5,6,4
13556,15,2.1811130874419143e-6,6,4
13556,9,7.364692192689807e-5,6,4
13556,18,1.921219743991065e-6,6,4
13556,3,4.295398577450517e-5,6,4
13556,16,2.5956487286327124e-6,6,4
13556,2,4.3029104608750235e-5,6,4
13556,5,1.9109977922946556e-5,6,4
13556,4,4.977379121728356e-5,6,4
13556,12,1.862843952336561e-5,6,4
13556,13,1.9898926941932907e-5,6,4
13556,6,9.586814578118866e-5,6,4
13673,8,1.470387265408361e-5,4,3
13673,17,2.488736688814053e-6,4,3
13673,11,1.2839360343067709e-5,4,3
13673,7,2.0915251401321844e-5,4,3
13673,10,1.2184505911516116e-5,4,3
13673,15,1.8175942395349288e-6,4,3
13673,9,1.350193568659798e-5,4,3
13673,18,9.606098719955323e-7,4,3
13673,3,1.1124773294116448e-5,4,3
13673,16,2.966455689865957e-6,4,3
13673,2,9.71624942778231e-6,4,3
13673,5,1.0812224351140815e-5,4,3
13673,4,0,4,3
13673,12,7.134295987671936e-6,4,3
13673,13,6.0708590670303785e-06,4,3
13673,6,3.331810968133114e-5,4,3
13836,8,4.281421743394934e-5,7,2
13836,17,0,7,2
13836,11,8.202924663626592e-6,7,2
13836,7,4.008756518586687e-5,7,2
13836,10,2.0758787849249683e-5,7,2
13836,15,1.8175942395349288e-6,7,2
13836,9,2.6185572240674863e-5,7,2
13836,18,3.202032906651775e-7,7,2
13836,3,1.7645126530390254e-4,7,2
13836,16,0,7,2
13836,2,1.6323299038674283e-4,7,2
13836,5,5.12952038984355e-5,7,2
13836,4,1.672848471738778e-4,7,2
13836,12,6.737946210579051e-6,7,2
13836,13,4.047239378020252e-6,7,2
13836,6,5.3434704205908434e-5,7,2
13903,8,1.656348007798242e-4,6,4
13903,17,3.9108719395649406e-6,6,4
13903,11,4.1727921114970054e-5,6,4
13903,7,2.736412058339608e-4,6,4
13903,10,6.453275353136315e-5,6,4
13903,15,2.5446319353489e-6,6,4
13903,9,1.022873915651362e-4,6,4
13903,18,5.12325265064284e-6,6,4
13903,3,1.0197708852940076e-5,6,4
13903,16,4.078876573565691e-6,6,4
13903,2,0,6,4
13903,5,0.00137013512765968,6,4
13903,4,3.824722904064947e-4,6,4
13903,12,1.9024789300458495e-5,6,4
13903,13,1.686349740841772e-5,6,4
13903,6,5.975257217378349e-4,6,4
13994,8,1.297400528301495e-6,7,2
13994,17,0,7,2
13994,11,1.4265955936741898e-6,7,2
13994,7,2.0915251401321845e-6,7,2
13994,10,2.7076679803369152e-6,7,2
13994,15,0,7,2
13994,9,8.182991325210896e-7,7,2
13994,18,1.28081316266071e-6,7,2
13994,3,1.761422438235104e-4,7,2
13994,16,0,7,2
13994,2,1.5379434808546858e-4,7,2
13994,5,1.3829589286342904e-5,7,2
13994,4,2.2716309224730168e-4,7,2
13994,12,0,7,2
13994,13,0,7,2
13994,6,1.571608947232601e-6,7,2
14153,8,9.514270540877633e-6,7,2
14153,17,0,7,2
14153,11,1.0699466952556424e-6,7,2
14153,7,8.714688083884102e-6,7,2
14153,10,1.8051119868912768e-6,7,2
14153,15,2.1811130874419143e-6,7,2
14153,9,3.682346096344903e-6,7,2
14153,18,0,7,2
14153,3,3.7082577647054825e-5,7,2
14153,16,0,7,2
14153,2,8.050606668733914e-5,7,2
14153,5,6.86450522758475e-5,7,2
14153,4,1.5830311041286423e-4,7,2
14153,12,1.189049331278656e-6,7,2
14153,13,1.011809844505063e-6,7,2
14153,6,2.4517099576828577e-5,7,2
14278,8,2.075840845282392e-5,6,4
14278,17,7.110676253754437e-7,6,4
14278,11,2.1398933905112848e-6,6,4
14278,7,2.5098301681586212e-5,6,4
14278,10,6.769169950842288e-6,6,4
14278,15,1.4540753916279428e-6,6,4
14278,9,1.7593431349203425e-5,6,4
14278,18,0,6,4
14278,3,6.1804296078424705e-6,6,4
14278,16,7.416139224664892e-7,6,4
14278,2,1.4990784831435564e-5,6,4
14278,5,1.0837369058934168e-4,6,4
14278,4,1.908619061715385e-5,6,4
14278,12,5.15254710220751e-6,6,4
14278,13,3.709969429851898e-6,6,4
14278,6,5.5320634942587554e-5,6,4
14306,8,1.6866206867919436e-5,6,4
14306,17,0,6,4
14306,11,1.0699466952556424e-6,6,4
14306,7,4.740790317632951e-5,6,4
14306,10,1.083067192134766e-5,6,4
14306,15,0,6,4
14306,9,1.7593431349203425e-5,6,4
14306,18,0,6,4
14306,3,1.5451074019606177e-5,6,4
14306,16,3.708069612332446e-7,6,4
14306,2,0,6,4
14306,5,1.71486907150652e-4,6,4
14306,4,2.058314674398944e-5,6,4
14306,12,9.116044873136364e-6,6,4
14306,13,2.023619689010126e-6,6,4
14306,6,7.669451662495093e-5,6,4
14334,8,0.01315650629066269,3,1
14334,17,0.00307074554018385,3,1
14334,11,0.00569889274782996,3,1
14334,7,0.0174715552580942,3,1
14334,10,0.00789240088468538,3,1
14334,15,0.00291469412251821,3,1
14334,9,0.01145209635963264,3,1
14334,18,0.00295611677942091,3,1
14334,3,1.9159331784311655e-5,3,1
14334,16,0.00284223535785282,3,1
14334,2,2.1375748741121083e-5,3,1
14334,5,0.02066542954704323,3,1
14334,4,2.383902631985686e-4,3,1
14334,12,0.00512202816937135,3,1
14334,13,0.00389715425108533,3,1
14334,6,0.02295114842180601,3,1
14350,8,2.162334213835826e-6,7,2
14350,17,0,7,2
14350,11,1.7832444920927374e-6,7,2
14350,7,6.971750467107282e-7,7,2
14350,10,4.061501970505373e-6,7,2
14350,15,0,7,2
14350,9,1.2274486987816343e-6,7,2
14350,18,0,7,2
14350,3,5.77870168333271e-5,7,2
14350,16,0,7,2
14350,2,6.0240746452250325e-5,7,2
14350,5,8.172030032838988e-5,7,2
14350,4,4.0792054456269984e-5,7,2
14350,12,0,7,2
14350,13,0,7,2
14350,6,1.1001262630628206e-5,7,2
14531,8,4.0651883220113515e-5,7,2
14531,17,3.5553381268772184e-7,7,2
14531,11,1.997233831143866e-5,7,2
14531,7,5.82141164003458e-5,7,2
14531,10,2.34664558295866e-5,7,2
14531,15,2.1811130874419143e-6,7,2
14531,9,2.2912375710590508e-5,7,2
14531,18,4.4828460693124855e-6,7,2
14531,3,1.30098043245084e-4,7,2
14531,16,6.303718340965159e-6,7,2
14531,2,1.1409652899481512e-4,7,2
14531,5,4.8780733119100424e-5,7,2
14531,4,1.44456266239635e-4,7,2
14531,12,7.926995541857707e-6,7,2
14531,13,5.39631917069367e-6,7,2
14531,6,4.7462590206424546e-5,7,2
14579,8,5.751809008803295e-5,3,1
14579,17,6.399608628378993e-6,3,1
14579,11,3.637818763869184e-5,3,1
14579,7,8.226665551186591e-5,3,1
14579,10,5.009185763623293e-5,3,1
14579,15,9.087971197674644e-6,3,1
14579,9,6.137243493908172e-5,3,1
14579,18,5.443455941308017e-6,3,1
14579,3,6.180429607842471e-7,3,1
14579,16,1.0011787953297604e-5,3,1
14579,2,4.996928277145189e-6,3,1
14579,5,3.168233181962192e-5,3,1
14579,4,1.6466517395191552e-5,3,1
14579,12,3.329338127580237e-5,3,1
14579,13,1.6188957512081008e-5,3,1
14579,6,1.1692770567410552e-4,3,1
14644,8,0.0060783214750925,1,9
14644,17,0.00508555565668517,1,9
14644,11,0.0057495368914054,1,9
14644,7,0.0032010792269723,1,9
14644,10,0.00785629864494756,1,9
14644,15,0.00535899485584478,1,9
14644,9,0.00600263328660845,1,9
14644,18,0.00526254108208219,1,9
14644,3,3.5228448764702084e-5,1,9
14644,16,0.00525025576410151,1,9
14644,2,9.244317312718598e-5,1,9
14644,5,1.3804444578549552e-4,1,9
14644,4,9.730214824431373e-6,1,9
14644,12,0.00625717393096538,1,9
14644,13,0.00530795444427356,1,9
14644,6,0.00190981919267705,1,9
14673,8,9.32398513006008e-4,1,9
14673,17,3.5660041412578504e-4,1,9
14673,11,6.901156184398893e-4,1,9
14673,7,6.354750550768287e-4,1,9
14673,10,0.00105238028835761,1,9
14673,15,5.271023294651292e-4,1,9
14673,9,9.316335623752606e-4,1,9
14673,18,2.846607254013428e-4,1,9
14673,3,0,1,9
14673,16,3.982466763645047e-4,1,9
14673,2,8.32821379524198e-7,1,9
14673,5,3.43476708457171e-4,1,9
14673,4,0,1,9
14673,12,6.710201726182549e-4,1,9
14673,13,5.062421922006999e-4,1,9
14673,6,6.654192282582833e-4,1,9
14716,8,6.487002641507476e-6,7,2
14716,17,7.110676253754437e-7,7,2
14716,11,5.349733476278212e-6,7,2
14716,7,7.320337990462645e-6,7,2
14716,10,4.061501970505373e-6,7,2
14716,15,9.087971197674644e-6,7,2
14716,9,3.2731965300843583e-6,7,2
14716,18,7.0444723946339056e-6,7,2
14716,3,1.6872572829409945e-4,7,2
14716,16,4.078876573565691e-6,7,2
14716,2,1.5101827682038792e-4,7,2
14716,5,1.3578142208409397e-5,7,2
14716,4,1.351002904469125e-4,7,2
14716,12,3.963497770928853e-6,7,2
14716,13,1.3490797926734177e-5,7,2
14716,6,2.0745238103470333e-5,7,2
14962,8,1.4271405811316448e-5,7,2
14962,17,2.133202876126331e-6,7,2
14962,11,1.0342818054137877e-5,7,2
14962,7,2.823558939178449e-5,7,2
14962,10,1.128194991807048e-5,7,2
14962,15,5.0892638706978e-6,7,2
14962,9,1.104703828903471e-5,7,2
14962,18,0,7,2
14962,3,1.696527927352758e-4,7,2
14962,16,0,7,2
14962,2,2.2264091545946897e-4,7,2
14962,5,5.783282792470669e-5,7,2
14962,4,3.2521371855503316e-4,7,2
14962,12,4.359847548021739e-6,7,2
14962,13,6.7453989633670875e-6,7,2
14962,6,3.8032936523028945e-5,7,2
14981,8,1.383893896854928e-5,7,2
14981,17,1.7776690634386092e-6,7,2
14981,11,1.1412764749393518e-5,7,2
14981,7,2.1961013971387935e-5,7,2
14981,10,1.2635783908238937e-5,7,2
14981,15,0,7,2
14981,9,1.513853395164016e-5,7,2
14981,18,6.40406581330355e-7,7,2
14981,3,2.546336998431098e-4,7,2
14981,16,1.112420883699734e-6,7,2
14981,2,1.837759177483397e-4,7,2
14981,5,3.2185225975488936e-5,7,2
14981,4,2.077026625984389e-4,7,2
14981,12,3.567147993835968e-6,7,2
14981,13,1.3490797926734176e-6,7,2
14981,6,2.5145743155721617e-5,7,2
15025,8,1.876906097609496e-4,6,4
15025,17,7.466210066442159e-6,6,4
15025,11,4.458111230231843e-5,6,4
15025,7,3.2627792186062075e-4,6,4
15025,10,9.206071133145512e-5,6,4
15025,15,1.0905565437209571e-5,6,4
15025,9,1.5834088214283085e-4,6,4
15025,18,1.28081316266071e-6,6,4
15025,3,7.045689752940417e-5,6,4
15025,16,1.112420883699734e-6,6,4
15025,2,1.0299224393449248e-4,6,4
15025,5,0.00104576839712545,6,4
15025,4,2.3090548256439063e-4,6,4
15025,12,2.378098662557312e-5,6,4
15025,13,2.158527668277468e-5,6,4
15025,6,5.67979473529862e-4,6,4
15204,8,3.892201584904485e-6,7,2
15204,17,0,7,2
15204,11,6.063031273115307e-6,7,2
15204,7,5.577400373685825e-6,7,2
15204,10,4.061501970505373e-6,7,2
15204,15,2.9081507832558855e-6,7,2
15204,9,4.500645228865993e-6,7,2
15204,18,0,7,2
15204,3,3.3992362843133586e-5,7,2
15204,16,0,7,2
15204,2,4.913646139192769e-5,7,2
15204,5,1.1566565584941336e-5,7,2
15204,4,8.457802116621116e-5,7,2
15204,12,1.5853991083715415e-6,7,2
15204,13,0,7,2
15204,6,9.429653683395606e-6,7,2
15287,8,1.989347476728959e-5,6,4
15287,17,1.7776690634386092e-6,6,4
15287,11,1.1056115850974973e-5,6,4
15287,7,3.10242895786274e-5,6,4
15287,10,1.17332279147933e-5,6,4
15287,15,2.1811130874419143e-6,6,4
15287,9,1.350193568659798e-5,6,4
15287,18,0,6,4
15287,3,1.7923245862743167e-5,6,4
15287,16,3.708069612332446e-7,6,4
15287,2,9.71624942778231e-6,6,4
15287,5,9.052094805606264e-6,6,4
15287,4,1.758923449031825e-5,6,4
15287,12,8.719695096043479e-6,6,4
15287,13,0,6,4
15287,6,1.7916341998451652e-5,6,4
15430,8,1.9461007924522423e-5,5,7
15430,17,5.6885410030035495e-6,5,7
15430,11,2.2825529498787036e-5,5,7
15430,7,2.823558939178449e-5,5,7
15430,10,7.671725944287927e-6,5,7
15430,15,5.0892638706978e-6,5,7
15430,9,2.6594721806935413e-5,5,7
15430,18,6.40406581330355e-7,5,7
15430,3,5.2533651666661e-6,5,7
15430,16,1.4832278449329785e-6,5,7
15430,2,1.1381892186830706e-5,5,7
15430,5,2.0367213312614093e-5,5,7
15430,4,3.742390317088989e-7,5,7
15430,12,9.116044873136364e-6,5,7
15430,13,8.43174870420886e-6,5,7
15430,6,5.6263600310927114e-5,5,7
15591,8,6.962716168551357e-5,4,3
15591,17,1.0666014380631656e-6,4,3
15591,11,3.637818763869184e-5,4,3
15591,7,8.854123093226247e-5,4,3
15591,10,1.290655070627263e-4,4,3
15591,15,1.8539461243256273e-5,4,3
15591,9,6.0554135806560635e-5,4,3
15591,18,2.2414230346562428e-6,4,3
15591,3,2.3485632509801387e-5,4,3
15591,16,9.270174030831115e-6,4,3
15591,2,2.9148748283346933e-5,4,3
15591,5,7.920582954905481e-5,4,3
15591,4,5.164498637582805e-5,4,3
15591,12,3.408608082998814e-5,4,3
15591,13,1.5177147667575949e-5,4,3
15591,6,1.2855761188362676e-4,4,3
15664,8,0.03128854360736162,1,9
15664,17,0.02266741376171839,1,9
15664,11,0.02715453382779136,1,9
15664,7,0.01767129590897682,1,9
15664,10,0.0341635494639043,1,9
15664,15,0.02717085276795974,1,9
15664,9,0.03057656538578303,1,9
15664,18,0.02290926463393079,1,9
15664,3,2.3794653990193512e-5,1,9
15664,16,0.02362670714889864,1,9
15664,2,7.467631703066976e-5,1,9
15664,5,7.467978214625168e-4,1,9
15664,4,7.859019665886877e-6,1,9
15664,12,0.0294919905637045,1,9
15664,13,0.02864433669793833,1,9
15664,6,0.0102654353215339,1,9
15816,8,1.33632254415054e-4,6,4
15816,17,5.6885410030035495e-6,6,4
15816,11,5.421063255961921e-5,6,4
15816,7,1.55121447893137e-4,6,4
15816,10,9.973243727574304e-5,6,4
15816,15,1.3086678524651484e-5,6,4
15816,9,1.3461020729971923e-4,6,4
15816,18,3.84243948798213e-6,6,4
15816,3,3.0500420114702595e-4,6,4
15816,16,5.56210441849867e-6,6,4
15816,2,3.3784787296031634e-4,6,4
15816,5,1.0435053734240554e-4,6,4
15816,4,3.016366595573725e-4,6,4
15816,12,2.6951784842316205e-5,6,4
15816,13,2.327162642361645e-5,6,4
15816,6,2.118528860869546e-4,6,4
15842,8,3.978694953457918e-5,6,4
15842,17,1.0666014380631656e-6,6,4
15842,11,4.2797867810225695e-6,6,4
15842,7,2.8932764438495215e-5,6,4
15842,10,2.34664558295866e-5,6,4
15842,15,1.0905565437209572e-6,6,4
15842,9,3.395941399962522e-5,6,4
15842,18,3.202032906651775e-6,6,4
15842,3,3.80096420882312e-5,6,4
15842,16,3.708069612332446e-6,6,4
15842,2,3.359046230747599e-5,6,4
15842,5,3.7214167534159085e-5,6,4
15842,4,7.22281331198175e-5,6,4
15842,12,1.783573996917984e-5,6,4
15842,13,9.106288600545569e-6,6,4
15842,6,3.42610750496707e-5,6,4
15868,8,1.989347476728959e-5,6,4
15868,17,1.0666014380631656e-6,6,4
15868,11,1.0342818054137877e-5,6,4
15868,7,2.1961013971387935e-5,6,4
15868,10,1.4892173891853034e-5,6,4
15868,15,5.452782718604786e-6,6,4
15868,9,2.2912375710590508e-5,6,4
15868,18,3.202032906651775e-7,6,4
15868,3,6.613059680391444e-5,6,4
15868,16,1.112420883699734e-6,6,4
15868,2,5.024688989795995e-5,6,4
15868,5,3.495114383275752e-5,6,4
15868,4,3.7423903170889894e-5,6,4
15868,12,2.3780986625573123e-6,6,4
15868,13,8.094478756040504e-6,6,4
15868,6,2.9860569997419417e-5,6,4
15874,8,2.162334213835826e-6,7,2
15874,17,0,7,2
15874,11,1.0699466952556424e-6,7,2
15874,7,3.137287710198277e-6,7,2
15874,10,0,7,2
15874,15,0,7,2
15874,9,3.682346096344903e-6,7,2
15874,18,0,7,2
15874,3,3.529025306078051e-4,7,2
15874,16,0,7,2
15874,2,2.809384120261628e-4,7,2
15874,5,4.073442662522819e-5,7,2
15874,4,1.8449984263248717e-4,7,2
15874,12,3.963497770928854e-7,7,2
15874,13,0,7,2
15874,6,1.634473305121905e-5,7,2
15877,8,6.054535798740311e-6,7,2
15877,17,0,7,2
15877,11,3.566488984185475e-7,7,2
15877,7,1.2200563317437742e-5,7,2
15877,10,1.8051119868912768e-6,7,2
15877,15,0,7,2
15877,9,5.728093927647627e-6,7,2
15877,18,0,7,2
15877,3,3.831866356862331e-5,7,2
15877,16,3.708069612332446e-7,7,2
15877,2,6.551528185590358e-5,7,2
15877,5,6.587913441857893e-5,7,2
15877,4,2.6570971251331824e-5,7,2
15877,12,2.3780986625573123e-6,7,2
15877,13,0,7,2
15877,6,1.8230663787898172e-5,7,2
15887,8,4.943096012828696e-4,3,1
15887,17,1.582125466460362e-4,3,1
15887,11,2.667733760170735e-4,3,1
15887,7,6.790484954962492e-4,3,1
15887,10,3.4251999951261976e-4,3,1
15887,15,1.3341141718186376e-4,3,1
15887,9,3.88282938381257e-4,3,1
15887,18,1.6138245849524945e-4,3,1
15887,3,3.553747024509421e-5,3,1
15887,16,1.3831099654000023e-4,3,1
15887,2,3.6088926446048584e-5,3,1
15887,5,0.00122203279875684,3,1
15887,4,1.1863377305172096e-4,3,1
15887,12,2.279011218284091e-4,3,1
15887,13,1.723449435140291e-4,3,1
15887,6,0.00104857748959359,3,1
15954,8,3.7192148477976197e-05,6,4
15954,17,3.5553381268772183e-6,6,4
15954,11,4.993084577859665e-6,6,4
15954,7,1.4989263504280656e-5,6,4
15954,10,1.4892173891853034e-5,6,4
15954,15,7.270376958139714e-6,6,4
15954,9,1.7184281782942882e-5,6,4
15954,18,1.921219743991065e-6,6,4
15954,3,0,6,4
15954,16,2.5956487286327124e-6,6,4
15954,2,0,6,4
15954,5,2.0367213312614093e-5,6,4
15954,4,0,6,4
15954,12,7.530645764764822e-6,6,4
15954,13,1.2478988082229112e-5,6,4
15954,6,2.1688203471809893e-5,6,4
15966,8,1.1676604754713456e-5,7,2
15966,17,1.4221352507508874e-6,7,2
15966,11,3.209840085766927e-6,7,2
15966,7,1.0457625700660922e-5,7,2
15966,10,7.220447947565107e-6,7,2
15966,15,3.635188479069857e-7,7,2
15966,9,5.728093927647627e-6,7,2
15966,18,0,7,2
15966,3,7.367072092548225e-4,7,2
15966,16,0,7,2
15966,2,7.090086011016006e-4,7,2
15966,5,5.758138084677318e-5,7,2
15966,4,7.731778395105852e-4,7,2
15966,12,0,7,2
15966,13,4.721779274356961e-6,7,2
15966,6,1.3201515156753848e-5,7,2
16041,8,9.03855701383375e-5,6,4
16041,17,2.133202876126331e-6,6,4
16041,11,1.8545742717764467e-5,6,4
16041,7,1.4710393485596363e-4,6,4
16041,10,3.610223973782553e-5,6,4
16041,15,4.362226174883829e-6,6,4
16041,9,5.400774274639192e-5,6,4
16041,18,2.56162632532142e-6,6,4
16041,3,3.059312655882023e-5,6,4
16041,16,4.82049049603218e-6,6,4
16041,2,7.217785289209716e-6,6,4
16041,5,5.45640159115711e-4,6,4
16041,4,1.2162768530539217e-4,6,4
16041,12,1.0701443981507905e-5,6,4
16041,13,3.709969429851898e-6,6,4
16041,6,3.0300620502644545e-4,6,4
16095,8,1.9461007924522423e-5,6,4
16095,17,3.5553381268772184e-7,6,4
16095,11,5.349733476278212e-6,6,4
16095,7,1.8475138737834296e-5,6,4
16095,10,1.8502397865635582e-5,6,4
16095,15,3.635188479069857e-7,6,4
16095,9,2.2912375710590508e-5,6,4
16095,18,4.4828460693124855e-6,6,4
16095,3,1.4214988098037685e-5,6,4
16095,16,1.112420883699734e-6,6,4
16095,2,6.190638921129872e-5,6,4
16095,5,1.1818012662874844e-5,6,4
16095,4,0,6,4
16095,12,6.341596433486166e-6,6,4
16095,13,3.0354295335151892e-6,6,4
16095,6,1.7916341998451652e-5,6,4
16203,8,1.163335807043674e-4,6,4
16203,17,4.977473377628106e-6,6,4
16203,11,5.884706823906033e-5,6,4
16203,7,1.735965866309713e-4,6,4
16203,10,3.5199683744379894e-5,6,4
16203,15,7.270376958139714e-6,6,4
16203,9,8.305736195089059e-5,6,4
16203,18,4.4828460693124855e-6,6,4
16203,3,0,6,4
16203,16,8.157753147131381e-6,6,4
16203,2,0,6,4
16203,5,5.800884087926014e-4,6,4
16203,4,1.0965203629070738e-4,6,4
16203,12,3.963497770928854e-5,6,4
16203,13,2.5632516060794932e-5,6,4
16203,6,3.215511906037902e-4,6,4
16240,8,4.757135270438816e-6,7,2
16240,17,7.110676253754437e-7,7,2
16240,11,2.4965422889298324e-6,7,2
16240,7,5.228812850330461e-6,7,2
16240,10,3.6102239737825536e-6,7,2
16240,15,0,7,2
16240,9,6.546393060168717e-6,7,2
16240,18,0,7,2
16240,3,3.1520190999996604e-5,7,2
16240,16,3.3372626510992015e-6,7,2
16240,2,8.383735220543594e-5,7,2
16240,5,1.0057883117340292e-5,7,2
16240,4,3.255879575867421e-5,7,2
16240,12,0,7,2
16240,13,3.0354295335151892e-6,7,2
16240,6,1.3830158735646888e-5,7,2
16456,8,3.373241373583887e-5,6,4
16456,17,0,6,4
16456,11,1.0699466952556424e-5,6,4
16456,7,4.8453665746395605e-5,6,4
16456,10,1.8953675862358405e-5,6,4
16456,15,0,6,4
16456,9,2.9458768770759225e-5,6,4
16456,18,3.5222361973169528e-6,6,4
16456,3,0,6,4
16456,16,7.416139224664892e-7,6,4
16456,2,0,6,4
16456,5,8.800647727672756e-5,6,4
16456,4,0,6,4
16456,12,7.134295987671936e-6,6,4
16456,13,4.047239378020252e-6,6,4
16456,6,6.600757578376924e-5,6,4
16474,8,3.2435013207537376e-5,7,2
16474,17,8.177277691817603e-6,7,2
16474,11,1.2839360343067709e-5,7,2
16474,7,3.346440224211495e-5,7,2
16474,10,1.037939392462484e-5,7,2
16474,15,6.543339262325743e-6,7,2
16474,9,2.045747831302724e-5,7,2
16474,18,5.12325265064284e-6,7,2
16474,3,8.250873526469699e-5,7,2
16474,16,8.528560108364627e-6,7,2
16474,2,1.0438027956703284e-4,7,2
16474,5,5.280388636603654e-5,7,2
16474,4,7.709324053203318e-5,7,2
16474,12,1.1494143535693677e-5,7,2
16474,13,1.7200767356586074e-5,7,2
16474,6,4.3376406943619786e-5,7,2
16501,8,1.1806344807543606e-4,4,3
16501,17,6.044074815691271e-6,4,3
16501,11,5.599387705171195e-5,4,3
16501,7,1.3176608382832762e-4,4,3
16501,10,7.852237142977054e-5,4,3
16501,15,1.27231596767445e-5,4,3
16501,9,8.142076368584842e-5,4,3
16501,18,6.7242691039687274e-06,4,3
16501,3,3.1520190999996604e-5,4,3
16501,16,1.4090664526863296e-5,4,3
16501,2,3.969781909065344e-5,4,3
16501,5,5.758138084677318e-5,4,3
16501,4,2.095738577569834e-5,4,3
16501,12,3.6067829715452565e-5,4,3
16501,13,2.1248006734606325e-5,4,3
16501,6,2.2851194092762017e-4,4,3
16541,8,5.552874261130399e-4,3,1
16541,17,8.248384454355147e-5,3,1
16541,11,3.659217697774297e-4,3,1
16541,7,7.522518754008756e-4,3,1
16541,10,4.246525949161728e-4,3,1
16541,15,1.0542046589302584e-4,3,1
16541,9,4.709311507658871e-4,3,1
16541,18,5.987801535438819e-5,3,1
16541,3,2.7502911754898996e-5,3,1
16541,16,9.863465168804308e-5,3,1
16541,2,1.5545999084451696e-5,3,1
16541,5,2.7231718540198847e-4,3,1
16541,4,1.8711951585444947e-5,3,1
16541,12,2.4970035956851775e-4,3,1
16541,13,1.9258114040413032e-4,3,1
16541,6,0.00106115036117145,3,1
16559,8,2.6380477408797067e-5,6,4
16559,17,1.7776690634386092e-6,6,4
16559,11,7.1329779683709495e-6,6,4
16559,7,2.9629939485205947e-5,6,4
16559,10,8.123003941010746e-6,6,4
16559,15,3.9987073269768425e-6,6,4
16559,9,2.3321525276851057e-5,6,4
16559,18,3.84243948798213e-6,6,4
16559,3,7.076591900979629e-5,6,4
16559,16,3.708069612332446e-6,6,4
16559,2,4.580517587383089e-5,6,4
16559,5,2.2127342858148644e-5,6,4
16559,4,2.395129802936953e-5,6,4
16559,12,6.341596433486166e-6,6,4
16559,13,7.082668911535442e-6,6,4
16559,6,6.0664105363178394e-5,6,4
16590,8,2.162334213835826e-6,7,2
16590,17,0,7,2
16590,11,1.4265955936741898e-6,7,2
16590,7,4.5316378036197325e-6,7,2
16590,10,4.512779967228192e-7,7,2
16590,15,7.270376958139714e-7,7,2
16590,9,1.6365982650421792e-6,7,2
16590,18,0,7,2
16590,3,1.5389269723527753e-4,7,2
16590,16,0,7,2
16590,2,1.821102749892913e-4,7,2
16590,5,2.06186603905476e-5,7,2
16590,4,1.800089742519804e-4,7,2
16590,12,0,7,2
16590,13,0,7,2
16590,6,8.172366525609524e-6,7,2
16637,8,3.4597347421373206e-5,6,4
16637,17,7.110676253754437e-7,6,4
16637,11,5.706382374696759e-6,6,4
16637,7,4.810507822304024e-5,6,4
16637,10,7.220447947565107e-6,6,4
16637,15,0,6,4
16637,9,2.6594721806935413e-5,6,4
16637,18,0,6,4
16637,3,1.3596945137253436e-5,6,4
16637,16,3.708069612332446e-7,6,4
16637,2,4.16410689762099e-6,6,4
16637,5,1.6997822468305096e-4,6,4
16637,4,2.9190644473294115e-5,6,4
16637,12,3.170798216743083e-6,6,4
16637,13,1.3490797926734176e-6,6,4
16637,6,9.618246757063516e-5,6,4
16638,8,1.3276732072951966e-4,3,1
16638,17,6.399608628378993e-6,3,1
16638,11,4.600770789599262e-5,3,1
16638,7,1.7499093672439277e-4,3,1
16638,10,5.009185763623293e-5,3,1
16638,15,1.0905565437209571e-5,3,1
16638,9,7.855671672202461e-5,3,1
16638,18,5.12325265064284e-6,3,1
16638,3,2.1631503627448647e-6,3,1
16638,16,4.82049049603218e-6,3,1
16638,2,2.77607126508066e-7,3,1
16638,5,5.627385604151894e-4,3,1
16638,4,9.9921821466276e-5,3,1
16638,12,3.051893283615217e-5,3,1
16638,13,1.2478988082229112e-5,3,1
16638,6,3.724713204941264e-4,3,1
16789,8,8.303363381129569e-5,4,3
16789,17,2.8442705015017748e-6,4,3
16789,11,2.4608773990879775e-5,4,3
16789,7,7.947795532502301e-5,4,3
16789,10,4.7384189655896015e-5,4,3
16789,15,4.362226174883829e-6,4,3
16789,9,4.418815315613884e-5,4,3
16789,18,1.921219743991065e-6,4,3
16789,3,2.5648782872546252e-5,4,3
16789,16,6.303718340965159e-6,4,3
16789,2,8.605820921750047e-6,4,3
16789,5,3.7968508767959605e-5,4,3
16789,4,3.0313361568420812e-5,4,3
16789,12,2.219558751720158e-5,4,3
16789,13,9.780828496882276e-6,4,3
16789,6,9.33535714656165e-5,4,3
16827,8,1.297400528301495e-6,7,2
16827,17,0,7,2
16827,11,0,7,2
16827,7,3.485875233553641e-7,7,2
16827,10,9.025559934456384e-7,7,2
16827,15,1.0905565437209572e-6,7,2
16827,9,0,7,2
16827,18,0,7,2
16827,3,1.443130313431217e-4,7,2
16827,16,0,7,2
16827,2,8.633581634400852e-5,7,2
16827,5,4.526047402803132e-6,7,2
16827,4,1.1376866563950528e-4,7,2
16827,12,0,7,2
16827,13,5.059049222525316e-6,7,2
16827,6,9.429653683395604e-7,7,2
16835,8,1.3449718810058832e-4,6,4
16835,17,4.266405752252662e-6,6,4
16835,11,3.0315156365576537e-5,6,4
16835,7,2.3215929055467248e-4,6,4
16835,10,7.085064548548261e-5,6,4
16835,15,2.5446319353489e-6,6,4
16835,9,8.387566108341169e-5,6,4
16835,18,9.606098719955323e-7,6,4
16835,3,3.5846491725486333e-5,6,4
16835,16,1.4832278449329785e-6,6,4
16835,2,3.192481954842759e-5,6,4
16835,5,7.631418815281948e-4,6,4
16835,4,9.019160664184465e-5,6,4
16835,12,2.5762735511037548e-5,6,4
16835,13,1.2478988082229112e-5,6,4
16835,6,4.824839468004085e-4,6,4
16865,8,3.762461532074336e-5,6,4
16865,17,1.0666014380631656e-6,6,4
16865,11,9.272871358882232e-6,6,4
16865,7,2.71898268217184e-5,6,4
16865,10,1.8502397865635582e-5,6,4
16865,15,2.1811130874419143e-6,6,4
16865,9,3.0277067903280317e-5,6,4
16865,18,1.28081316266071e-6,6,4
16865,3,3.862768504901544e-5,6,4
16865,16,2.224841767399468e-6,6,4
16865,2,4.719321150637122e-5,6,4
16865,5,3.620837922242506e-5,6,4
16865,4,3.7423903170889894e-5,6,4
16865,12,2.3780986625573123e-6,6,4
16865,13,6.0708590670303785e-06,6,4
16865,6,3.0489213576312457e-5,6,4
16879,8,3.805708216351053e-5,6,4
16879,17,8.177277691817603e-6,6,4
16879,11,2.7461965178228153e-5,6,4
16879,7,5.054519088652779e-5,6,4
16879,10,4.422524367883628e-5,6,4
16879,15,5.452782718604786e-6,6,4
16879,9,4.009665749353339e-5,6,4
16879,18,4.4828460693124855e-6,6,4
16879,3,1.572919335195909e-4,6,4
16879,16,5.56210441849867e-6,6,4
16879,2,1.0382506531401668e-4,6,4
16879,5,3.394535552102349e-5,6,4
16879,4,1.8711951585444943e-4,6,4
16879,12,1.545764130662253e-5,6,4
16879,13,1.1467178237724048e-5,6,4
16879,6,6.85221500993414e-5,6,4
17064,8,9.514270540877633e-6,7,2
17064,17,0,7,2
17064,11,5.706382374696759e-6,7,2
17064,7,4.183050280264369e-6,7,2
17064,10,4.964057963951011e-6,7,2
17064,15,0,7,2
17064,9,4.091495662605448e-6,7,2
17064,18,0,7,2
17064,3,1.430769454215532e-4,7,2
17064,16,7.416139224664892e-7,7,2
17064,2,1.5545999084451697e-4,7,2
17064,5,8.800647727672756e-6,7,2
17064,4,2.0246331615451433e-4,7,2
17064,12,2.7744484396501974e-6,7,2
17064,13,0,7,2
17064,6,1.571608947232601e-6,7,2
17131,8,0.00114560466649022,3,1
17131,17,9.74162646764358e-5,3,1
17131,11,3.9516697944775057e-4,3,1
17131,7,0.00182938732256895,3,1
17131,10,5.555232139657904e-4,3,1
17131,15,1.305032663986079e-4,3,1
17131,9,0.00094840869459194275,3,1
17131,18,6.019821864505337e-5,3,1
17131,3,1.2051837735292818e-5,3,1
17131,16,1.179166136721718e-4,3,1
17131,2,9.16103517476618e-6,3,1
17131,5,0.00504302259503442,3,1
17131,4,4.827683509044796e-4,3,1
17131,12,3.808921357862629e-4,3,1
17131,13,2.7318865801636704e-4,3,1
17131,6,0.00322777045582631,3,1
17274,8,4.324668427671651e-6,7,2
17274,17,0,7,2
17274,11,2.8531911873483795e-6,7,2
17274,7,1.0806213224016286e-5,7,2
17274,10,9.025559934456383e-6,7,2
17274,15,3.9987073269768425e-6,7,2
17274,9,3.2731965300843583e-6,7,2
17274,18,0,7,2
17274,3,6.396744644116957e-5,7,2
17274,16,1.112420883699734e-6,7,2
17274,2,3.6644140699064714e-5,7,2
17274,5,9.303541883539771e-6,7,2
17274,4,6.100096216855052e-5,7,2
17274,12,7.926995541857708e-7,7,2
17274,13,1.3490797926734176e-6,7,2
17274,6,1.4458802314539929e-5,7,2
17373,8,6.054535798740311e-6,7,2
17373,17,0,7,2
17373,11,3.566488984185475e-7,7,2
17373,7,4.880225326975097e-6,7,2
17373,10,2.256389983614096e-6,7,2
17373,15,0,7,2
17373,9,3.2731965300843583e-6,7,2
17373,18,0,7,2
17373,3,5.006147982352401e-5,7,2
17373,16,0,7,2
17373,2,6.662571036193584e-5,7,2
17373,5,1.1566565584941336e-5,7,2
17373,4,5.538737669291704e-5,7,2
17373,12,1.189049331278656e-6,7,2
17373,13,2.023619689010126e-6,7,2
17373,6,7.229401157269964e-6,7,2
17388,8,1.3319978757228684e-4,3,1
17388,17,0,3,1
17388,11,1.7832444920927372e-5,3,1
17388,7,2.1124403915335065e-4,3,1
17388,10,4.016374170833091e-5,3,1
17388,15,0,3,1
17388,9,1.0024164373383348e-4,3,1
17388,18,0,3,1
17388,3,8.652601450979459e-6,3,1
17388,16,1.4832278449329785e-6,3,1
17388,2,2.77607126508066e-7,3,1
17388,5,8.511483588049223e-4,3,1
17388,4,8.195834794424887e-5,3,1
17388,12,1.3475892421158102e-5,3,1
17388,13,3.372699481683544e-6,3,1
17388,6,4.4445101027737954e-4,3,1
17538,8,2.4477623300621544e-4,4,3
17538,17,1.0310480567943934e-5,4,3
17538,11,9.700850036984491e-5,4,3
17538,7,2.6109205499316767e-4,4,3
17538,10,2.111981024662794e-4,4,3
17538,15,3.635188479069857e-5,4,3
17538,9,1.8493560394976623e-4,4,3
17538,18,2.3054636927892786e-5,4,3
17538,3,2.533976139215413e-5,4,3
17538,16,2.3731645518927655e-5,4,3
17538,2,3.109199816890339e-5,4,3
17538,5,1.644463889685138e-4,4,3
17538,4,7.484780634177978e-6,4,3
17538,12,9.710569538775693e-5,4,3
17538,13,3.372699481683544e-5,4,3
17538,6,3.0614942292091067e-4,4,3
17611,8,4.757135270438816e-6,7,2
17611,17,0,7,2
17611,11,3.566488984185475e-7,7,2
17611,7,4.183050280264369e-6,7,2
17611,10,6.769169950842288e-6,7,2
17611,15,0,7,2
17611,9,2.045747831302724e-6,7,2
17611,18,0,7,2
17611,3,1.0661241073528262e-4,7,2
17611,16,0,7,2
17611,2,6.440485334987132e-5,7,2
17611,5,5.280388636603654e-6,7,2
17611,4,4.041781542456108e-5,7,2
17611,12,0,7,2
17611,13,0,7,2
17611,6,4.714826841697803e-6,7,2
17728,8,2.075840845282392e-5,7,2
17728,17,1.4221352507508874e-6,7,2
17728,11,4.993084577859665e-6,7,2
17728,7,4.2527677849354414e-5,7,2
17728,10,1.2184505911516116e-5,7,2
17728,15,0,7,2
17728,9,2.1684927011808876e-5,7,2
17728,18,0,7,2
17728,3,1.7150692161762855e-4,7,2
17728,16,0,7,2
17728,2,1.959906313146946e-4,7,2
17728,5,1.1164250260247726e-4,7,2
17728,4,1.2424735852735444e-4,7,2
17728,12,9.908744427322134e-6,7,2
17728,13,2.023619689010126e-6,7,2
17728,6,7.166536799380661e-5,7,2
17767,8,1.8596074238988095e-5,6,4
17767,17,3.5553381268772184e-7,6,4
17767,11,1.7475796022508825e-5,6,4
17767,7,3.276722719540422e-5,6,4
17767,10,1.8051119868912766e-5,6,4
17767,15,3.635188479069857e-6,6,4
17767,9,2.9458768770759225e-5,6,4
17767,18,4.162642778647307e-6,6,4
17767,3,1.6069116980390423e-5,6,4
17767,16,1.0011787953297604e-5,6,4
17767,2,1.526839195794363e-5,6,4
17767,5,3.77170616900261e-5,6,4
17767,4,3.704966413918099e-5,6,4
17767,12,1.704304041499407e-5,6,4
17767,13,3.709969429851898e-6,6,4
17767,6,4.7462590206424546e-5,6,4
17826,8,1.9461007924522423e-5,7,2
17826,17,3.9108719395649406e-6,7,2
17826,11,1.3552658139904805e-5,7,2
17826,7,3.59045149056025e-5,7,2
17826,10,2.888179179026043e-5,7,2
17826,15,7.270376958139714e-7,7,2
17826,9,2.5776422674414324e-5,7,2
17826,18,3.84243948798213e-6,7,2
17826,3,7.725537009803088e-5,7,2
17826,16,2.5956487286327124e-6,7,2
17826,2,1.1465174324783128e-4,7,2
17826,5,2.1121554546414617e-5,7,2
17826,4,8.682345535646455e-5,7,2
17826,12,9.116044873136364e-6,7,2
17826,13,2.023619689010126e-6,7,2
17826,6,5.2177417048122353e-5,7,2
17829,8,6.487002641507476e-6,7,2
17829,17,1.0666014380631656e-6,7,2
17829,11,1.0699466952556424e-6,7,2
17829,7,4.5316378036197325e-6,7,2
17829,10,4.512779967228192e-6,7,2
17829,15,0,7,2
17829,9,6.955542626429262e-6,7,2
17829,18,0,7,2
17829,3,9.765078780391104e-5,7,2
17829,16,0,7,2
17829,2,8.383735220543594e-5,7,2
17829,5,1.2572353896675366e-5,7,2
17829,4,5.950400604171493e-5,7,2
17829,12,1.189049331278656e-6,7,2
17829,13,0,7,2
17829,6,5.343470420590843e-6,7,2
17860,8,1.816360739622093e-5,6,4
17860,17,0,6,4
17860,11,7.132977968370949e-7,6,4
17860,7,3.311581471875959e-5,6,4
17860,10,6.769169950842288e-6,6,4
17860,15,3.635188479069857e-6,6,4
17860,9,6.546393060168717e-6,6,4
17860,18,0,6,4
17860,3,0,6,4
17860,16,0,6,4
17860,2,0,6,4
17860,5,1.5262837630563894e-4,6,4
17860,4,2.058314674398944e-5,6,4
17860,12,5.15254710220751e-6,6,4
17860,13,0,6,4
17860,6,6.38073232576436e-5,6,4
17875,8,1.643374002515227e-5,6,4
17875,17,1.4221352507508874e-6,6,4
17875,11,7.1329779683709495e-6,6,4
17875,7,2.1263838924677207e-5,6,4
17875,10,8.123003941010746e-6,6,4
17875,15,2.9081507832558855e-6,6,4
17875,9,1.0637888722774163e-5,6,4
17875,18,1.28081316266071e-6,6,4
17875,3,2.194052510784077e-5,6,4
17875,16,1.854034806166223e-6,6,4
17875,2,1.7766856096516223e-5,6,4
17875,5,1.9361425000880063e-5,6,4
17875,4,1.9460429648862745e-5,6,4
17875,12,4.359847548021739e-6,6,4
17875,13,1.3490797926734176e-6,6,4
17875,6,2.2316847050702933e-5,6,4
17906,8,6.097782483017027e-5,3,1
17906,17,1.1021548193319376e-5,3,1
17906,11,4.3867814505481337e-5,3,1
17906,7,9.342145625923756e-5,3,1
17906,10,4.512779967228192e-5,3,1
17906,15,1.01785277413956e-5,3,1
17906,9,5.359859318013137e-5,3,1
17906,18,6.40406581330355e-6,3,1
17906,3,0,3,1
17906,16,7.786946185898137e-6,3,1
17906,2,0,3,1
17906,5,5.280388636603654e-5,3,1
17906,4,1.347260514152036e-5,3,1
17906,12,2.6159085288130435e-5,3,1
17906,13,3.10288352314886e-5,3,1
17906,6,1.5967546903883226e-4,3,1
17921,8,2.681294425156423e-5,6,4
17921,17,0,6,4
17921,11,9.98616915571933e-6,6,4
17921,7,1.568643855099138e-5,6,4
17921,10,9.928115927902022e-6,6,4
17921,15,0,6,4
17921,9,1.4729384385379613e-5,6,4
17921,18,0,6,4
17921,3,5.562386647058224e-6,6,4
17921,16,7.416139224664892e-7,6,4
17921,2,4.719321150637123e-6,6,4
17921,5,3.394535552102349e-5,6,4
17921,4,4.378596670994117e-5,6,4
17921,12,3.170798216743083e-6,6,4
17921,13,0,6,4
17921,6,3.5204040418010265e-5,6,4
17933,8,0.00341173092259016,1,9
17933,17,0.0038191442158915,1,9
17933,11,0.00714260748862824,1,9
17933,7,0.00350225884715134,1,9
17933,10,0.00749798391554964,1,9
17933,15,0.00387547443753637,1,9
17933,9,0.00417823537065268,1,9
17933,18,0.00326511295491281,1,9
17933,3,2.2249546588232896e-5,1,9
17933,16,0.00379335521341609,1,9
17933,2,5.663185380764547e-5,1,9
17933,5,1.1390552630387882e-4,1,9
17933,4,2.2080102870825037e-5,1,9
17933,12,0.00621991705191865,1,9
17933,13,0.00534741502820925,1,9
17933,6,0.0022263412346497,1,9
18037,8,0.00113349559489273,1,9
18037,17,0.00317385034586329,1,9
18037,11,0.00361677647886248,1,9
18037,7,0.00120158119300594,1,9
18037,10,0.00262373027294647,1,9
18037,15,0.00259843272483913,1,9
18037,9,0.00164028061113852,1,9
18037,18,0.0031889045717345,1,9
18037,3,4.048181393136818e-5,1,9
18037,16,0.00302393076885711,1,9
18037,2,6.468246047637939e-5,1,9
18037,5,3.042509642995439e-5,1,9
18037,4,7.484780634177978e-6,1,9
18037,12,0.00334717386754941,1,9
18037,13,0.00339732018789983,1,9
18037,6,6.836498920461814e-4,1,9
18067,8,1.6001273182385107e-4,3,1
18067,17,5.333007190315828e-6,3,1
18067,11,3.780478323236603e-5,3,1
18067,7,1.1224518252042725e-4,3,1
18067,10,8.393770739044436e-5,3,1
18067,15,9.451490045581628e-6,3,1
18067,9,1.0883378462530492e-4,3,1
18067,18,7.68487897596426e-6,3,1
18067,3,1.5451074019606176e-6,3,1
18067,16,9.64098099206436e-6,3,1
18067,2,6.384963909685518e-6,3,1
18067,5,1.2848945682402224e-4,3,1
18067,4,0,3,1
18067,12,4.87510225824249e-5,3,1
18067,13,2.091073678643797e-5,3,1
18067,6,1.819923160895352e-4,3,1
18353,8,1.1892838176097038e-4,5,7
18353,17,4.621939564940384e-6,5,7
18353,11,5.028749467701519e-5,5,7
18353,7,7.5643492568114e-5,5,7
18353,10,7.9876205419939e-5,5,7
18353,15,1.0905565437209571e-5,5,7
18353,9,7.978416542080624e-5,5,7
18353,18,6.7242691039687274e-06,5,7
18353,3,5.438778054901374e-5,5,7
18353,16,8.157753147131381e-6,5,7
18353,2,6.496006760288744e-5,5,7
18353,5,9.152673636779669e-5,5,7
18353,4,7.484780634177978e-7,5,7
18353,12,2.655543506522332e-5,5,7
18353,13,1.9898926941932907e-5,5,7
18353,6,1.2195685430524984e-4,5,7
18397,8,4.324668427671651e-7,7,2
18397,17,0,7,2
18397,11,0,7,2
18397,7,3.485875233553641e-7,7,2
18397,10,9.025559934456384e-7,7,2
18397,15,0,7,2
18397,9,1.6365982650421792e-6,7,2
18397,18,1.28081316266071e-6,7,2
18397,3,7.169298345097267e-5,7,2
18397,16,0,7,2
18397,2,7.10674243860649e-5,7,2
18397,5,4.777494480736639e-6,7,2
18397,4,8.345530407108445e-5,7,2
18397,12,0,7,2
18397,13,0,7,2
18397,6,3.771861473358242e-6,7,2
18476,8,2.3785676352194076e-5,6,4
18476,17,5.6885410030035495e-6,6,4
18476,11,1.42659559367419e-5,6,4
18476,7,2.056666387796648e-5,6,4
18476,10,1.5343451888575853e-5,6,4
18476,15,1.0905565437209572e-6,6,4
18476,9,1.6365982650421794e-5,6,4
18476,18,0,6,4
18476,3,0,6,4
18476,16,2.5956487286327124e-6,6,4
18476,2,0,6,4
18476,5,1.9361425000880063e-5,6,4
18476,4,3.143607866354751e-5,6,4
18476,12,1.0701443981507905e-5,6,4
18476,13,2.698159585346835e-6,6,4
18476,6,2.1059559892916853e-5,6,4
18497,8,3.5029814264140367e-5,6,4
18497,17,0,6,4
18497,11,1.7475796022508825e-5,6,4
18497,7,6.379151677403162e-5,6,4
18497,10,1.669728587874431e-5,6,4
18497,15,3.9987073269768425e-6,6,4
18497,9,2.8640469638238136e-5,6,4
18497,18,3.202032906651775e-7,6,4
18497,3,5.160658722548463e-5,6,4
18497,16,0,6,4
18497,2,4.3306711735258297e-5,6,4
18497,5,2.57230360725978e-4,6,4
18497,4,1.4632746139817948e-4,6,4
18497,12,4.7561973251146245e-6,6,4
18497,13,2.360889637178481e-6,6,4
18497,6,1.3358676051477108e-4,6,4
18565,8,5.31934216603613e-5,4,3
18565,17,3.1998043141894965e-6,4,3
18565,11,2.4608773990879775e-5,4,3
18565,7,5.43796536434368e-5,4,3
18565,10,5.460463760346112e-5,4,3
18565,15,1.01785277413956e-5,4,3
18565,9,6.464563146916608e-5,4,3
18565,18,2.56162632532142e-6,4,3
18565,3,2.10134606666644e-5,4,3
18565,16,3.708069612332446e-6,4,3
18565,2,1.3325142072387168e-5,4,3
18565,5,5.104375682050199e-5,4,3
18565,4,0,4,3
18565,12,2.4573686179758897e-5,4,3
18565,13,1.3828067874902529e-5,4,3
18565,6,5.9721139994838834e-5,4,3
18687,8,3.4597347421373203e-6,7,2
18687,17,1.4221352507508874e-6,7,2
18687,11,3.566488984185475e-7,7,2
18687,7,2.4401126634875484e-6,7,2
18687,10,4.512779967228192e-7,7,2
18687,15,3.635188479069857e-7,7,2
18687,9,4.091495662605448e-7,7,2
18687,18,0,7,2
18687,3,9.363350855881345e-5,7,2
18687,16,0,7,2
18687,2,1.0632352945258928e-4,7,2
18687,5,6.286176948337683e-6,7,2
18687,4,4.715411799532127e-5,7,2
18687,12,3.963497770928854e-7,7,2
18687,13,2.360889637178481e-6,7,2
18687,6,5.343470420590843e-6,7,2
18696,8,1.7298673710686603e-5,7,2
18696,17,0,7,2
18696,11,5.706382374696759e-6,7,2
18696,7,2.3355364064809393e-5,7,2
18696,10,4.964057963951011e-6,7,2
18696,15,0,7,2
18696,9,1.3092786120337432e-5,7,2
18696,18,0,7,2
18696,3,4.255225784999541e-4,7,2
18696,16,3.708069612332446e-7,7,2
18696,2,4.5055636632259114e-4,7,2
18696,5,1.166714441611474e-4,7,2
18696,4,4.943697608874555e-4,7,2
18696,12,3.963497770928853e-6,7,2
18696,13,0,7,2
18696,6,4.4948015890852386e-5,7,2
18792,8,2.2920742666659748e-5,7,2
18792,17,7.110676253754437e-7,7,2
18792,11,1.4265955936741898e-6,7,2
18792,7,3.0327114531916675e-5,7,2
18792,10,2.3917733826309415e-5,7,2
18792,15,1.0905565437209572e-6,7,2
18792,9,2.0866627879287784e-5,7,2
18792,18,3.5222361973169528e-6,7,2
18792,3,2.311480673333084e-4,7,2
18792,16,7.416139224664892e-7,7,2
18792,2,1.9460259568215428e-4,7,2
18792,5,4.3751791560430275e-5,7,2
18792,4,4.3000064743352486e-4,7,2
18792,12,1.783573996917984e-5,7,2
18792,13,4.047239378020252e-6,7,2
18792,6,5.2177417048122353e-5,7,2
18796,8,0.00442110853360872,3,1
18796,17,9.866063302084282e-4,3,1
18796,11,0.00182211922202035,3,1
18796,7,0.0060117404277866,3,1
18796,10,0.00299332695226245,3,1
18796,15,0.00103820982962235,3,1
18796,9,0.00382473014540357,3,1
18796,18,9.90068574736729e-4,3,1
18796,3,7.972754194116788e-5,3,1
18796,16,9.937626561050956e-4,3,1
18796,2,1.085443864646538e-4,3,1
18796,5,0.00693088725615919,3,1
18796,4,1.2574431465419003e-4,3,1
18796,12,0.0016710106602236,3,1
18796,13,0.00118921383724161,3,1
18796,6,0.00798283048657327,3,1
18802,8,1.72986737106866e-6,7,2
18802,17,1.4221352507508874e-6,7,2
18802,11,0,7,2
18802,7,1.0457625700660925e-6,7,2
18802,10,0,7,2
18802,15,1.0905565437209572e-6,7,2
18802,9,1.6365982650421792e-6,7,2
18802,18,0,7,2
18802,3,2.5030739911762004e-4,7,2
18802,16,1.112420883699734e-6,7,2
18802,2,2.2985870074867867e-4,7,2
18802,5,1.7852742533279022e-5,7,2
18802,4,2.0470875034476772e-4,7,2
18802,12,3.963497770928854e-7,7,2
18802,13,0,7,2
18802,6,3.771861473358242e-6,7,2
18976,8,3.286748005030454e-5,5,7
18976,17,2.488736688814053e-6,5,7
18976,11,8.202924663626592e-6,5,7
18976,7,2.3703951588164755e-5,5,7
18976,10,1.17332279147933e-5,5,7
18976,15,3.635188479069857e-6,5,7
18976,9,1.882088004798506e-5,5,7
18976,18,0,5,7
18976,3,1.6378138460782548e-5,5,7
18976,16,2.966455689865957e-6,5,7
18976,2,2.9426355409855e-5,5,7
18976,5,1.9361425000880063e-5,5,7
18976,4,7.484780634177978e-7,5,7
18976,12,4.7561973251146245e-6,5,7
18976,13,8.43174870420886e-6,5,7
18976,6,2.4517099576828577e-5,5,7
19002,8,3.848954900627769e-5,6,4
19002,17,0,6,4
19002,11,6.7763290699524014e-6,6,4
19002,7,6.832315457765135e-5,6,4
19002,10,7.671725944287927e-6,6,4
19002,15,0,6,4
19002,9,2.904961920449868e-5,6,4
19002,18,0,6,4
19002,3,1.7305202901958918e-5,6,4
19002,16,0,6,4
19002,2,1.2769927819371037e-5,6,4
19002,5,2.589904902715126e-4,6,4
19002,4,4.977379121728356e-5,6,4
19002,12,1.9817488854644267e-6,6,4
19002,13,2.360889637178481e-6,6,4
19002,6,1.4961717177654362e-4,6,4
19025,8,4.800381954715532e-5,6,4
19025,17,4.621939564940384e-6,6,4
19025,11,9.272871358882232e-6,6,4
19025,7,4.46192029894866e-5,6,4
19025,10,2.843051379353761e-5,6,4
19025,15,0,6,4
19025,9,2.74130209394565e-5,6,4
19025,18,3.202032906651775e-7,6,4
19025,3,2.0395417705880153e-5,6,4
19025,16,2.5956487286327124e-6,6,4
19025,2,2.7483105524298536e-5,6,4
19025,5,4.0985873703161694e-5,6,4
19025,4,1.758923449031825e-5,6,4
19025,12,1.189049331278656e-5,6,4
19025,13,5.733589118862024e-6,6,4
19025,6,4.6519624838084986e-5,6,4
19038,8,7.909818554211449e-4,3,1
19038,17,2.0763174660962957e-4,3,1
19038,11,3.962369261430062e-4,3,1
19038,7,9.119049610976324e-4,3,1
19038,10,4.69329116591732e-4,3,1
19038,15,2.391954019227966e-4,3,1
19038,9,6.259988363786336e-4,3,1
19038,18,1.908411612364458e-4,3,1
19038,3,1.0970262553920384e-4,3,1
19038,16,2.3472080646064385e-4,3,1
19038,2,1.2381277842259743e-4,3,1
19038,5,0.00157959054357829,3,1
19038,4,3.936994613577617e-4,3,1
19038,12,3.365009607518597e-4,3,1
19038,13,2.866794559431012e-4,3,1
19038,6,0.00128211857915235,3,1
19044,8,7.78440316980897e-6,7,2
19044,17,0,7,2
19044,11,2.8531911873483795e-6,7,2
19044,7,4.880225326975097e-6,7,2
19044,10,8.574281937733564e-6,7,2
19044,15,0,7,2
19044,9,1.18653374215558e-5,7,2
19044,18,0,7,2
19044,3,3.059312655882023e-5,7,2
19044,16,0,7,2
19044,2,5.2745354036532544e-5,7,2
19044,5,1.4835377598076932e-5,7,2
19044,4,8.233258697595776e-5,7,2
19044,12,0,7,2
19044,13,1.011809844505063e-6,7,2
19044,6,1.0686940841181686e-5,7,2
19054,8,3.329994689307171e-5,6,4
19054,17,1.7776690634386092e-6,6,4
19054,11,6.7763290699524014e-6,6,4
19054,7,2.7887001868429127e-5,6,4
19054,10,1.9856231855804044e-5,6,4
19054,15,7.6338958060467e-6,6,4
19054,9,2.4958123541893235e-5,6,4
19054,18,2.8818296159865978e-6,6,4
19054,3,1.5760095499998302e-5,6,4
19054,16,2.224841767399468e-6,6,4
19054,2,2.3318998626677546e-5,6,4
19054,5,2.06186603905476e-5,6,4
19054,4,2.432553706107843e-5,6,4
19054,12,3.170798216743083e-6,6,4
19054,13,4.047239378020252e-6,6,4
19054,6,3.237514431299158e-5,6,4
19138,8,1.124413791194629e-5,6,4
19138,17,0,6,4
19138,11,8.916222460463686e-6,6,4
19138,7,1.7777963691123567e-5,6,4
19138,10,9.025559934456383e-6,6,4
19138,15,0,6,4
19138,9,9.001290457731986e-6,6,4
19138,18,0,6,4
19138,3,4.635322205881853e-6,6,4
19138,16,7.416139224664892e-7,6,4
19138,2,6.94017816270165e-6,6,4
19138,5,3.972863831349416e-5,6,4
19138,4,1.6466517395191552e-5,6,4
19138,12,1.5853991083715415e-6,6,4
19138,13,3.709969429851898e-6,6,4
19138,6,3.363243147077766e-5,6,4
19158,8,2.2920742666659748e-5,7,2
19158,17,0,7,2
19158,11,8.202924663626592e-6,7,2
19158,7,4.4270615466131233e-5,7,2
19158,10,1.3538339901684576e-5,7,2
19158,15,3.635188479069857e-7,7,2
19158,9,2.700387137319596e-5,7,2
19158,18,0,7,2
19158,3,0.00101297241272538,7,2
19158,16,2.5956487286327124e-6,7,2
19158,2,9.344255878261502e-4,7,2
19158,5,1.953743795543352e-4,7,2
19158,4,9.486959453820588e-4,7,2
19158,12,1.5853991083715415e-6,7,2
19158,13,1.686349740841772e-6,7,2
19158,6,1.0498347767513776e-4,7,2
19227,8,1.037920422641196e-5,7,2
19227,17,0,7,2
19227,11,1.0699466952556424e-6,7,2
19227,7,2.1263838924677207e-5,7,2
19227,10,4.964057963951011e-6,7,2
19227,15,1.4540753916279428e-6,7,2
19227,9,3.682346096344903e-6,7,2
19227,18,0,7,2
19227,3,1.07539475176459e-4,7,2
19227,16,0,7,2
19227,2,9.410881588623436e-5,7,2
19227,5,0.00134423607863253,7,2
19227,4,1.2986094400298793e-4,7,2
19227,12,7.926995541857708e-7,7,2
19227,13,3.0354295335151892e-6,7,2
19227,6,2.1059559892916852e-4,7,2
19295,8,4.337642432954665e-4,3,1
19295,17,2.5242900700828252e-5,3,1
19295,11,1.569255153041609e-4,3,1
19295,7,6.072394656850442e-4,3,1
19295,10,2.49556732187719e-4,3,1
19295,15,4.6166893684187185e-5,3,1
19295,9,3.6414311397188487e-4,3,1
19295,18,1.8891994149245472e-5,3,1
19295,3,0,3,1
19295,16,3.856392396825744e-5,3,1
19295,2,2.77607126508066e-7,3,1
19295,5,0.00153131270461505,3,1
19295,4,1.99843642932552e-4,3,1
19295,12,1.4506401841599606e-4,3,1
19295,13,6.57676398928291e-5,3,1
19295,6,0.00105800714327698,3,1
19377,8,4.843628638992249e-5,6,4
19377,17,2.488736688814053e-6,6,4
19377,11,3.5664889841854747e-6,6,4
19377,7,2.474971415823085e-5,6,4
19377,10,1.083067192134766e-5,6,4
19377,15,0,6,4
19377,9,1.5956833084161248e-5,6,4
19377,18,0,6,4
19377,3,5.624190943136648e-5,6,4
19377,16,1.4832278449329785e-6,6,4
19377,2,6.745853174146004e-5,6,4
19377,5,1.1818012662874844e-5,6,4
19377,4,4.303748864652338e-5,6,4
19377,12,3.567147993835968e-6,6,4
19377,13,0,6,4
19377,6,2.2316847050702933e-5,6,4
19387,8,1.72986737106866e-6,7,2
19387,17,3.5553381268772184e-7,7,2
19387,11,2.4965422889298324e-6,7,2
19387,7,7.66892551381801e-6,7,2
19387,10,4.964057963951011e-6,7,2
19387,15,3.635188479069857e-7,7,2
19387,9,8.182991325210896e-7,7,2
19387,18,0,7,2
19387,3,7.262004789214903e-5,7,2
19387,16,3.708069612332446e-6,7,2
19387,2,6.967938875352456e-5,7,2
19387,5,9.554988961473278e-6,7,2
19387,4,1.021672556565294e-4,7,2
19387,12,1.189049331278656e-6,7,2
19387,13,6.0708590670303785e-06,7,2
19387,6,1.0686940841181686e-5,7,2
19448,8,2.3785676352194076e-5,6,4
19448,17,1.4221352507508874e-6,6,4
19448,11,7.1329779683709495e-6,6,4
19448,7,2.3006776541454027e-5,6,4
19448,10,1.4440895895130216e-5,6,4
19448,15,6.543339262325743e-6,6,4
19448,9,1.882088004798506e-5,6,4
19448,18,6.40406581330355e-6,6,4
19448,3,4.233594281372093e-5,6,4
19448,16,2.966455689865957e-6,6,4
19448,2,3.414567656049212e-5,6,4
19448,5,2.2127342858148644e-5,6,4
19448,4,1.0852931919558069e-5,6,4
19448,12,2.7744484396501974e-6,6,4
19448,13,5.733589118862024e-6,6,4
19448,6,2.7031673892400737e-5,6,4
19456,8,6.011289114463594e-5,6,4
19456,17,7.110676253754437e-7,6,4
19456,11,8.916222460463686e-6,6,4
19456,7,4.775649069968488e-5,6,4
19456,10,2.933306978698325e-5,6,4
19456,15,1.8175942395349288e-6,6,4
19456,9,2.8640469638238136e-5,6,4
19456,18,9.606098719955323e-7,6,4
19456,3,9.734176632351893e-5,6,4
19456,16,2.5956487286327124e-6,6,4
19456,2,5.663185380764547e-5,6,4
19456,5,2.6150496105084763e-5,6,4
19456,4,7.110541602469079e-5,6,4
19456,12,1.9024789300458495e-5,6,4
19456,13,2.360889637178481e-6,6,4
19456,6,7.449426409882528e-5,6,4
19510,8,1.7298673710686602e-4,5,7
19510,17,1.4221352507508874e-6,5,7
19510,11,5.207073916910793e-5,5,7
19510,7,1.2270280822108815e-4,5,7
19510,10,7.716853743960208e-5,5,7
19510,15,9.087971197674644e-6,5,7
19510,9,1.1619847681799472e-4,5,7
19510,18,7.364675685299083e-6,5,7
19510,3,0,5,7
19510,16,1.4090664526863296e-5,5,7
19510,2,0,5,7
19510,5,1.302495863695568e-4,5,7
19510,4,0,5,7
19510,12,3.051893283615217e-5,5,7
19510,13,1.5851687563912656e-5,5,7
19510,6,1.901646826151447e-4,5,7
19514,8,3.5029814264140367e-5,6,4
19514,17,1.0666014380631656e-6,6,4
19514,11,1.4979253733578992e-5,6,4
19514,7,3.346440224211495e-5,6,4
19514,10,2.301517783286378e-5,6,4
19514,15,4.725745022790814e-6,6,4
19514,9,3.355026443336467e-5,6,4
19514,18,2.2414230346562428e-6,6,4
19514,3,1.3287923656861313e-5,6,4
19514,16,7.416139224664892e-7,6,4
19514,2,4.3029104608750235e-5,6,4
19514,5,4.6517709417698856e-5,6,4
19514,4,1.0852931919558069e-5,6,4
19514,12,7.134295987671936e-6,6,4
19514,13,5.39631917069367e-6,6,4
19514,6,5.2177417048122353e-5,6,4
19671,8,4.194928374841501e-4,6,4
19671,17,1.173261581869482e-5,6,4
19671,11,8.48824378236143e-5,6,4
19671,7,5.671519004991773e-4,6,4
19671,10,2.0352637652199144e-4,6,4
19671,15,2.362872511395407e-5,6,4
19671,9,3.301836999722597e-4,6,4
19671,18,6.7242691039687274e-06,6,4
19671,3,4.836186168136734e-4,6,4
19671,16,1.4090664526863296e-5,6,4
19671,2,2.989828752491871e-4,6,4
19671,5,0.00189867688547591,6,4
19671,4,4.9960910733138e-4,6,4
19671,12,5.311087013044664e-5,6,4
19671,13,3.0354295335151897e-5,6,4
19671,6,0.00109352550548444,6,4
19849,8,1.5698546392448092e-4,6,4
19849,17,4.266405752252662e-6,6,4
19849,11,3.53082409434362e-5,6,4
19849,7,2.590005298530355e-4,6,4
19849,10,5.911741757068931e-5,6,4
19849,15,7.997414653953685e-6,6,4
19849,9,1.2315401944442398e-4,6,4
19849,18,0,6,4
19849,3,5.624190943136648e-5,6,4
19849,16,2.5956487286327124e-6,6,4
19849,2,3.081439104239533e-5,6,4
19849,5,0.00104828286790479,6,4
19849,4,1.1975649014684764e-4,6,4
19849,12,1.9024789300458495e-5,6,4
19849,13,8.43174870420886e-6,6,4
19849,6,5.481772007947312e-4,6,4
19863,8,2.9623978729550804e-4,3,1
19863,17,1.1021548193319376e-5,3,1
19863,11,1.1519759418919084e-4,3,1
19863,7,3.70548537326752e-4,3,1
19863,10,1.854752566530787e-4,3,1
19863,15,2.9081507832558857e-5,3,1
19863,9,2.581733763104038e-4,3,1
19863,18,1.3448538207937457e-5,3,1
19863,3,3.090214803921236e-7,3,1
19863,16,2.07651898290617e-5,3,1
19863,2,1.8599677476040426e-5,3,1
19863,5,2.333428883222948e-4,3,1
19863,4,3.742390317088989e-7,3,1
19863,12,9.274584783973518e-5,3,1
19863,13,5.227684196609493e-5,3,1
19863,6,4.237057721739092e-4,3,1
19888,8,1.9461007924522423e-5,6,4
19888,17,7.110676253754437e-7,6,4
19888,11,5.349733476278212e-6,6,4
19888,7,3.137287710198276e-5,6,4
19888,10,4.964057963951011e-6,6,4
19888,15,1.0905565437209572e-6,6,4
19888,9,1.0637888722774163e-5,6,4
19888,18,1.28081316266071e-6,6,4
19888,3,3.986377097058394e-5,6,4
19888,16,7.416139224664892e-7,6,4
19888,2,2.6650284144774337e-5,6,4
19888,5,1.0083027825133644e-4,6,4
19888,4,1.8711951585444947e-5,6,4
19888,12,1.9817488854644267e-6,6,4
19888,13,3.0354295335151892e-6,6,4
19888,6,7.103672441491357e-5,6,4
19920,8,5.059862060375831e-5,5,7
19920,17,1.0310480567943934e-5,5,7
19920,11,2.4608773990879775e-5,5,7
19920,7,5.7168353830279704e-5,5,7
19920,10,3.5199683744379894e-5,5,7
19920,15,7.270376958139714e-6,5,7
19920,9,3.6414311397188485e-5,5,7
19920,18,1.6010164533258875e-6,5,7
19920,3,4.017279245097606e-6,5,7
19920,16,5.56210441849867e-6,5,7
19920,2,1.4435570578419432e-5,5,7
19920,5,4.903218019703393e-5,5,7
19920,4,3.742390317088989e-7,5,7
19920,12,9.116044873136364e-6,5,7
19920,13,7.75720880787215e-6,5,7
19920,6,7.63801948355044e-5,5,7
19946,8,1.2974005283014951e-5,7,2
19946,17,3.5553381268772183e-6,7,2
19946,11,5.349733476278212e-6,7,2
19946,7,2.0915251401321844e-5,7,2
19946,10,1.3538339901684576e-5,7,2
19946,15,0,7,2
19946,9,1.800258091546397e-5,7,2
19946,18,4.162642778647307e-6,7,2
19946,3,2.5957804352938377e-5,7,2
19946,16,0,7,2
19946,2,4.025303334366957e-5,7,2
19946,5,1.3326695130475888e-5,7,2
19946,4,5.912976701000603e-5,7,2
19946,12,3.567147993835968e-6,7,2
19946,13,6.0708590670303785e-06,7,2
19946,6,3.0174891786865937e-5,7,2
20079,8,6.487002641507476e-6,7,2
20079,17,0,7,2
20079,11,7.132977968370949e-7,7,2
20079,7,2.0915251401321845e-6,7,2
20079,10,5.4153359606738304e-6,7,2
20079,15,0,7,2
20079,9,4.500645228865993e-6,7,2
20079,18,9.606098719955323e-7,7,2
20079,3,7.045689752940417e-5,7,2
20079,16,3.708069612332446e-7,7,2
20079,2,6.967938875352456e-5,7,2
20079,5,6.537624026271191e-6,7,2
20079,4,9.842486533944042e-5,7,2
20079,12,0,7,2
20079,13,0,7,2
20079,6,6.286435788930404e-7,7,2
20109,8,6.530249325784193e-5,6,4
20109,17,3.5553381268772183e-6,6,4
20109,11,2.8175262975065247e-5,6,4
20109,7,7.041467971778354e-5,6,4
20109,10,3.835862972143963e-5,6,4
20109,15,9.815008893488614e-6,6,4
20109,9,4.664305055370211e-5,6,4
20109,18,2.8818296159865978e-6,6,4
20109,3,6.82937471666593e-5,6,4
20109,16,5.932911379731914e-6,6,4
20109,2,6.801374599447617e-5,6,4
20109,5,2.06186603905476e-4,6,4
20109,4,1.5530919815919306e-4,6,4
20109,12,1.862843952336561e-5,6,4
20109,13,3.372699481683544e-6,6,4
20109,6,1.3012922083085936e-4,6,4
20167,8,3.7192148477976197e-05,7,2
20167,17,0,7,2
20167,11,1.2839360343067709e-5,7,2
20167,7,2.71898268217184e-5,7,2
20167,10,7.671725944287927e-6,7,2
20167,15,2.5446319353489e-6,7,2
20167,9,1.2683636554076889e-5,7,2
20167,18,1.921219743991065e-6,7,2
20167,3,1.30098043245084e-4,7,2
20167,16,0,7,2
20167,2,5.496621104859707e-5,7,2
20167,5,9.303541883539771e-6,7,2
20167,4,9.692790921260482e-5,7,2
20167,12,7.530645764764822e-6,7,2
20167,13,3.709969429851898e-6,7,2
20167,6,2.0745238103470333e-5,7,2
20184,8,6.054535798740311e-6,7,2
20184,17,3.5553381268772184e-7,7,2
20184,11,3.209840085766927e-6,7,2
20184,7,4.880225326975097e-6,7,2
20184,10,3.1589459770597342e-06,7,2
20184,15,1.4540753916279428e-6,7,2
20184,9,2.045747831302724e-6,7,2
20184,18,0,7,2
20184,3,7.694634861763876e-5,7,2
20184,16,0,7,2
20184,2,4.2751497482242166e-5,7,2
20184,5,6.537624026271191e-6,7,2
20184,4,7.335085021494419e-5,7,2
20184,12,3.963497770928854e-7,7,2
20184,13,0,7,2
20184,6,3.143217894465202e-6,7,2
20338,8,3.329994689307171e-5,6,4
20338,17,1.0666014380631656e-6,6,4
20338,11,2.4965422889298323e-5,6,4
20338,7,4.636214060626342e-5,6,4
20338,10,3.0235625780428887e-5,6,4
20338,15,6.906858110232728e-6,6,4
20338,9,2.4139824409372143e-5,6,4
20338,18,8.005082266629437e-6,6,4
20338,3,9.734176632351893e-5,6,4
20338,16,9.64098099206436e-6,6,4
20338,2,9.938335128988763e-5,6,4
20338,5,3.042509642995439e-5,6,4
20338,4,3.2184556726965305e-5,6,4
20338,12,9.908744427322134e-6,6,4
20338,13,3.709969429851898e-6,6,4
20338,6,7.103672441491357e-5,6,4
20369,8,1.4055172389932863e-4,6,4
20369,17,9.243879129880768e-6,6,4
20369,11,5.8490419340641784e-5,6,4
20369,7,9.865026910956804e-5,6,4
20369,10,7.130192348220543e-5,6,4
20369,15,2.217464972232613e-5,6,4
20369,9,9.77867463362702e-5,6,4
20369,18,6.7242691039687274e-06,6,4
20369,3,1.0599436777449836e-4,6,4
20369,16,1.1865822759463828e-5,6,4
20369,2,1.1909345727196032e-4,6,4
20369,5,7.744570000352027e-5,6,4
20369,4,7.18538940881086e-5,6,4
20369,12,4.439117503440316e-5,6,4
20369,13,1.6188957512081008e-5,6,4
20369,6,1.2258549788414288e-4,6,4
20401,8,7.481676379871955e-5,6,4
20401,17,1.0666014380631656e-6,6,4
20401,11,2.0685636108275753e-5,6,4
20401,7,1.3037173373490617e-4,6,4
20401,10,3.2492015764042984e-5,6,4
20401,15,2.9081507832558855e-6,6,4
20401,9,5.728093927647627e-5,6,4
20401,18,0,6,4
20401,3,1.3596945137253436e-5,6,4
20401,16,1.4832278449329785e-6,6,4
20401,2,1.4435570578419432e-5,6,4
20401,5,5.106890152829534e-4,6,4
20401,4,5.0148030248992454e-5,6,4
20401,12,1.030509420441502e-5,6,4
20401,13,4.721779274356961e-6,6,4
20401,6,2.957768038691755e-4,6,4
20603,8,4.0651883220113515e-5,6,4
20603,17,2.488736688814053e-6,6,4
20603,11,1.7832444920927372e-5,6,4
20603,7,4.6710728129618785e-5,6,4
20603,10,2.34664558295866e-5,6,4
20603,15,3.2716696311628713e-6,6,4
20603,9,2.74130209394565e-5,6,4
20603,18,4.4828460693124855e-6,6,4
20603,3,9.548763744116618e-5,6,4
20603,16,2.224841767399468e-6,6,4
20603,2,1.152069575008474e-4,6,4
20603,5,3.4196802598957e-5,6,4
20603,4,9.879910437114932e-5,6,4
20603,12,1.2286843089879449e-5,6,4
20603,13,1.079263834138734e-5,6,4
20603,6,8.298095241388133e-5,6,4
20626,8,1.36227055471657e-4,7,2
20626,17,2.666503595157914e-5,7,2
20626,11,9.130211799514814e-5,7,2
20626,7,2.366909283582922e-4,7,2
20626,10,7.355831346581953e-5,7,2
20626,15,2.835447013674489e-5,7,2
20626,9,1.3092786120337435e-4,7,2
20626,18,1.4088944789267813e-5,7,2
20626,3,0.00133219160197044,7,2
20626,16,2.002357590659521e-5,7,2
20626,2,0.0011012674708574899,7,2
20626,5,8.031219669196225e-4,7,2
20626,4,9.894879998383287e-4,7,2
20626,12,8.006265497276284e-5,7,2
20626,13,6.441856010015569e-5,7,2
20626,6,4.607957433285986e-4,7,2
20705,8,1.816360739622093e-5,6,4
20705,17,3.5553381268772184e-7,6,4
20705,11,2.4965422889298324e-6,6,4
20705,7,2.6144064251652304e-5,6,4
20705,10,2.7076679803369152e-6,6,4
20705,15,3.635188479069857e-7,6,4
20705,9,1.5956833084161248e-5,6,4
20705,18,6.40406581330355e-7,6,4
20705,3,3.399236284313359e-6,6,4
20705,16,0,6,4
20705,2,4.719321150637123e-6,6,4
20705,5,1.0032738409546942e-4,6,4
20705,4,1.908619061715385e-5,6,4
20705,12,2.3780986625573123e-6,6,4
20705,13,1.3490797926734176e-6,6,4
20705,6,4.4948015890852386e-5,6,4
20721,8,2.5948010566029903e-5,6,4
20721,17,5.6885410030035495e-6,6,4
20721,11,8.202924663626592e-6,6,4
20721,7,2.0915251401321844e-5,6,4
20721,10,1.9856231855804044e-5,6,4
20721,15,7.270376958139714e-6,6,4
20721,9,2.3321525276851057e-5,6,4
20721,18,0,6,4
20721,3,0,6,4
20721,16,1.4832278449329785e-6,6,4
20721,2,0,6,4
20721,5,1.584116590981096e-5,6,4
20721,4,9.730214824431373e-6,6,4
20721,12,6.737946210579051e-6,6,4
20721,13,2.360889637178481e-6,6,4
20721,6,2.9860569997419417e-5,6,4
20726,8,2.7677877937098565e-4,4,3
20726,17,7.821743879129881e-6,4,3
20726,11,9.629520257300782e-5,4,3
20726,7,2.2553612761092056e-4,4,3
20726,10,1.669728587874431e-4,4,3
20726,15,2.871798898465187e-5,4,3
20726,9,2.0416563356401185e-4,4,3
20726,18,7.364675685299083e-6,4,3
20726,3,6.149527459803258e-5,4,3
20726,16,2.1135996790294945e-5,4,3
20726,2,2.9703962536363063e-5,4,3
20726,5,1.5338271753943946e-4,4,3
20726,4,5.2767703470954745e-5,4,3
20726,12,6.77758118828834e-5,4,3
20726,13,3.170337512782531e-5,4,3
20726,6,2.8540418481744033e-4,4,3
20802,8,6.054535798740311e-6,7,2
20802,17,0,7,2
20802,11,3.5664889841854747e-6,7,2
20802,7,1.9869488831255753e-5,7,2
20802,10,4.964057963951011e-6,7,2
20802,15,3.635188479069857e-6,7,2
20802,9,1.022873915651362e-5,7,2
20802,18,0,7,2
20802,3,8.498090710783397e-5,7,2
20802,16,1.4832278449329785e-6,7,2
20802,2,6.051835357875839e-5,7,2
20802,5,7.794859415938728e-5,7,2
20802,4,8.270682600766666e-5,7,2
20802,12,2.3780986625573123e-6,7,2
20802,13,0,7,2
20802,6,5.3120382416461914e-5,7,2
20989,8,2.767787793709856e-5,7,2
20989,17,3.5553381268772183e-6,7,2
20989,11,1.5335902631997542e-5,7,2
20989,7,3.660168995231323e-5,7,2
20989,10,2.256389983614096e-5,7,2
20989,15,3.635188479069857e-7,7,2
20989,9,1.2274486987816344e-5,7,2
20989,18,2.8818296159865978e-6,7,2
20989,3,1.8541288823527413e-4,7,2
20989,16,4.449683534798936e-6,7,2
20989,2,1.7017316854944447e-4,7,2
20989,5,4.928362727496744e-5,7,2
20989,4,1.388426807640015e-4,7,2
20989,12,4.7561973251146245e-6,7,2
20989,13,1.0455368393218983e-5,7,2
20989,6,6.443596683653664e-5,7,2
21010,8,0.00249836095066591,1,9
21010,17,0.00589510614817511,1,9
21010,11,0.00685479182760448,1,9
21010,7,0.00248403469143032,1,9
21010,10,0.00522444536806007,1,9
21010,15,0.00506672570212756,1,9
21010,9,0.00324373776131359,1,9
21010,18,0.00573740256213865,1,9
21010,3,6.489451088234594e-6,1,9
21010,16,0.0056863247505118,1,9
21010,2,1.8599677476040426e-5,1,9
21010,5,1.0183606656307048e-4,1,9
21010,4,1.8711951585444944e-6,1,9
21010,12,0.00646803201237879,1,9
21010,13,0.00653022073643567,1,9
21010,6,0.00165364693427814,1,9
21020,8,2.59480105660299e-6,7,2
21020,17,0,7,2
21020,11,1.0699466952556424e-6,7,2
21020,7,4.183050280264369e-6,7,2
21020,10,1.8051119868912768e-6,7,2
21020,15,0,7,2
21020,9,1.2274486987816343e-6,7,2
21020,18,0,7,2
21020,3,1.115567544215566e-4,7,2
21020,16,0,7,2
21020,2,1.6434341889277508e-4,7,2
21020,5,6.537624026271191e-6,7,2
21020,4,1.1751105595659426e-4,7,2
21020,12,1.189049331278656e-6,7,2
21020,13,0,7,2
21020,6,4.400505052251283e-6,7,2
21026,8,3.935448269181202e-5,3,1
21026,17,5.6885410030035495e-6,3,1
21026,11,1.6049200428834636e-5,3,1
21026,7,7.215761733456036e-5,3,1
21026,10,1.9404953859081225e-5,3,1
21026,15,5.0892638706978e-6,3,1
21026,9,4.705220011996265e-5,3,1
21026,18,1.921219743991065e-6,3,1
21026,3,0,3,1
21026,16,1.112420883699734e-6,3,1
21026,2,5.55214253016132e-7,3,1
21026,5,1.6042323572157768e-4,3,1
21026,4,1.047869288784917e-5,3,1
21026,12,1.3872242198250988e-5,3,1
21026,13,1.1129908289555694e-5,3,1
21026,6,1.181849928318916e-4,3,1
21050,8,2.4650610037728407e-5,7,2
21050,17,2.133202876126331e-6,7,2
21050,11,1.5335902631997542e-5,7,2
21050,7,4.217909032599905e-5,7,2
21050,10,9.928115927902022e-6,7,2
21050,15,1.4540753916279428e-6,7,2
21050,9,2.6594721806935413e-5,7,2
21050,18,9.606098719955323e-7,7,2
21050,3,5.896129845881717e-4,7,2
21050,16,1.112420883699734e-6,7,2
21050,2,5.399458610581884e-4,7,2
21050,5,1.297466922136898e-4,7,2
21050,4,5.205664931070784e-4,7,2
21050,12,2.7744484396501974e-6,7,2
21050,13,9.780828496882276e-6,7,2
21050,6,7.072240262546704e-5,7,2
21236,8,2.2055808981125417e-5,6,4
21236,17,0,6,4
21236,11,6.063031273115307e-6,6,4
21236,7,4.566496555955269e-5,6,4
21236,10,1.083067192134766e-5,6,4
21236,15,2.5446319353489e-6,6,4
21236,9,1.513853395164016e-5,6,4
21236,18,0,6,4
21236,3,1.4214988098037685e-5,6,4
21236,16,1.4832278449329785e-6,6,4
21236,2,4.996928277145189e-6,6,4
21236,5,6.522537201595181e-4,6,4
21236,4,0.00131357900129823,6,4
21236,12,9.512394650229247e-6,6,4
21236,13,1.011809844505063e-6,6,4
21236,6,1.3610133483034324e-4,6,4
21240,8,4.4111617962250834e-5,3,1
21240,17,1.0310480567943934e-5,3,1
21240,11,3.851808102920312e-5,3,1
21240,7,6.100281658718871e-5,3,1
21240,10,3.565096174110272e-5,3,1
21240,15,5.0892638706978e-6,3,1
21240,9,4.8279648818744285e-5,3,1
21240,18,3.5222361973169528e-6,3,1
21240,3,5.871408127450347e-6,3,1
21240,16,2.1877610712761433e-5,3,1
21240,2,1.6934034716992028e-5,3,1
21240,5,4.3751791560430275e-5,3,1
21240,4,3.4804229948927596e-5,3,1
21240,12,2.6951784842316205e-5,3,1
21240,13,2.327162642361645e-5,3,1
21240,6,1.090696609379425e-4,3,1
21283,8,7.654663116978821e-5,4,3
21283,17,3.5553381268772183e-6,4,3
21283,11,3.138510306083218e-5,4,3
21283,7,8.54039432220642e-5,4,3
21283,10,4.6481633662450376e-5,4,3
21283,15,8.724452349767657e-6,4,3
21283,9,6.791882799925044e-5,4,3
21283,18,2.8818296159865978e-6,4,3
21283,3,2.472171843136988e-5,4,3
21283,16,2.224841767399468e-6,4,3
21283,2,2.1653355867629148e-5,4,3
21283,5,4.324889740456326e-5,4,3
21283,4,2.020890771228054e-5,4,3
21283,12,2.655543506522332e-5,4,3
21283,13,1.4839877719407592e-5,4,3
21283,6,6.569325399432272e-5,4,3
21297,8,3.675968163520903e-5,6,4
21297,17,7.110676253754437e-7,6,4
21297,11,1.1056115850974973e-5,6,4
21297,7,2.2658189018098664e-5,6,4
21297,10,1.3538339901684576e-5,6,4
21297,15,2.9081507832558855e-6,6,4
21297,9,2.74130209394565e-5,6,4
21297,18,0,6,4
21297,3,3.3992362843133586e-5,6,4
21297,16,3.3372626510992015e-6,6,4
21297,2,5.5521425301613205e-6,6,4
21297,5,2.5899049027151256e-5,6,4
21297,4,2.9939122536711913e-5,6,4
21297,12,5.15254710220751e-6,6,4
21297,13,0,6,4
21297,6,4.1490476206940665e-5,6,4
21304,8,3.965720948174903e-4,3,1
21304,17,1.8487758259761537e-5,3,1
21304,11,1.6263189767885765e-4,3,1
21304,7,4.597869433057252e-4,3,1
21304,10,2.098442684761109e-4,3,1
21304,15,2.9808545528372828e-5,3,1
21304,9,2.7822170505717046e-4,3,1
21304,18,1.921219743991065e-5,3,1
21304,3,1.1124773294116448e-5,3,1
21304,16,1.928196198412872e-5,3,1
21304,2,4.885885426541962e-5,3,1
21304,5,6.004556221052155e-4,3,1
21304,4,6.100096216855052e-5,3,1
21304,12,1.082034891463577e-4,3,1
21304,13,6.846579947817594e-5,3,1
21304,6,6.588184706799063e-4,3,1
21373,8,5.232848797482697e-5,5,7
21373,17,7.110676253754437e-7,5,7
21373,11,2.960185856873944e-5,5,7
21373,7,4.984801583981706e-5,5,7
21373,10,3.113818177387452e-5,5,7
21373,15,2.5446319353489e-6,5,7
21373,9,2.4958123541893235e-5,5,7
21373,18,4.162642778647307e-6,5,7
21373,3,6.1804296078424705e-6,5,7
21373,16,3.3372626510992015e-6,5,7
21373,2,6.107356783177452e-6,5,7
21373,5,2.4138919481616705e-5,5,7
21373,4,3.742390317088989e-7,5,7
21373,12,7.530645764764822e-6,5,7
21373,13,1.011809844505063e-6,5,7
21373,6,6.757918473100184e-5,5,7
21522,8,9.432101840751868e-4,3,1
21522,17,4.479726039865296e-5,3,1
21522,11,3.102845416241363e-4,3,1
21522,7,0.0014009732563652,3,1
21522,10,5.180671402377964e-4,3,1
21522,15,8.215525962697877e-5,3,1
21522,9,7.638822402084371e-4,3,1
21522,18,3.938500475181683e-5,3,1
21522,3,6.489451088234594e-6,3,1
21522,16,4.227199358058989e-5,3,1
21522,2,1.110428506032264e-6,3,1
21522,5,0.00388611458946235,3,1
21522,4,6.062672313684162e-4,3,1
21522,12,2.2393762405748023e-4,3,1
21522,13,1.463751575050658e-4,3,1
21522,6,0.0023979609316875,3,1
21806,8,3.4597347421373203e-6,7,2
21806,17,0,7,2
21806,11,2.4965422889298324e-6,7,2
21806,7,4.5316378036197325e-6,7,2
21806,10,9.025559934456384e-7,7,2
21806,15,0,7,2
21806,9,4.091495662605448e-6,7,2
21806,18,0,7,2
21806,3,4.150158481666219e-4,7,2
21806,16,0,7,2
21806,2,4.361207957441717e-4,7,2
21806,5,4.5763368183898336e-5,7,2
21806,4,6.560410225856998e-4,7,2
21806,12,0,7,2
21806,13,0,7,2
21806,6,9.115331893949086e-6,7,2
21827,8,1.643374002515227e-5,5,7
21827,17,0,5,7
21827,11,5.349733476278212e-6,5,7
21827,7,1.6732201121057476e-5,5,7
21827,10,6.769169950842288e-6,5,7
21827,15,3.2716696311628713e-6,5,7
21827,9,1.2683636554076889e-5,5,7
21827,18,2.2414230346562428e-6,5,7
21827,3,5.2533651666661e-6,5,7
21827,16,0,5,7
21827,2,4.053064047017764e-5,5,7
21827,5,2.539615487128424e-5,5,7
21827,4,3.742390317088989e-7,5,7
21827,12,1.109779375860079e-5,5,7
21827,13,4.3845093261886066e-6,5,7
21827,6,2.2316847050702933e-5,5,7
22013,8,4.713888586162099e-5,6,4
22013,17,3.5553381268772183e-6,6,4
22013,11,1.8545742717764467e-5,6,4
22013,7,5.43796536434368e-5,6,4
22013,10,3.474840574765708e-5,6,4
22013,15,1.4540753916279428e-6,6,4
22013,9,2.986791833701977e-5,6,4
22013,18,3.202032906651775e-7,6,4
22013,3,8.93072078333237e-5,6,4
22013,16,2.224841767399468e-6,6,4
22013,2,6.412724622336325e-5,6,4
22013,5,2.06186603905476e-5,6,4
22013,4,9.318551889551584e-5,6,4
22013,12,1.030509420441502e-5,6,4
22013,13,1.0118098445050631e-5,6,4
22013,6,5.6892243889820154e-5,6,4
22068,8,7.870896538362404e-5,6,4
22068,17,5.333007190315828e-6,6,4
22068,11,4.422446340389989e-5,6,4
22068,7,1.045762570066092e-4,6,4
22068,10,5.099441362967857e-5,6,4
22068,15,5.0892638706978e-6,6,4
22068,9,6.955542626429262e-5,6,4
22068,18,6.083862522638373e-6,6,4
22068,3,1.2824391436273128e-4,6,4
22068,16,1.446147148809654e-5,6,4
22068,2,5.080210415097608e-5,6,4
22068,5,8.24746415621904e-5,6,4
22068,4,6.362063539051282e-5,6,4
22068,12,2.7744484396501975e-5,6,4
22068,13,5.39631917069367e-6,6,4
22068,6,1.276146465152872e-4,6,4
22116,8,0.00332999468930717,4,3
22116,17,6.044074815691271e-6,4,3
22116,11,2.9352204339846456e-4,4,3
22116,7,0.00483002872361192,4,3
22116,10,9.201558353178284e-4,4,3
22116,15,9.451490045581628e-6,4,3
22116,9,0.00184076389860619,4,3
22116,18,1.921219743991065e-6,4,3
22116,3,6.489451088234594e-6,4,3
22116,16,2.966455689865957e-6,4,3
22116,2,2.220857012064528e-6,4,3
22116,5,0.00701235610940965,4,3
22116,4,6.867286231858295e-4,4,3
22116,12,1.5299101395785375e-4,4,3
22116,13,8.060751761223669e-5,4,3
22116,6,0.00707821237654618,4,3
22263,8,6.31401590440061e-5,6,4
22263,17,3.1998043141894965e-6,6,4
22263,11,2.5678720686135417e-5,6,4
22263,7,7.07632672411389e-5,6,4
22263,10,5.099441362967857e-5,6,4
22263,15,1.4177235068372445e-5,6,4
22263,9,5.359859318013137e-5,6,4
22263,18,2.8818296159865978e-6,6,4
22263,3,5.624190943136648e-5,6,4
22263,16,1.1495015798230584e-5,6,4
22263,2,7.217785289209716e-6,6,4
22263,5,4.2243109092829234e-5,6,4
22263,4,4.0043576392852185e-5,6,4
22263,12,4.478752481149605e-5,6,4
22263,13,5.733589118862024e-6,6,4
22263,6,9.80683983073143e-5,6,4
22348,8,2.5904763881753185e-4,6,4
22348,17,1.4221352507508872e-5,6,4
22348,11,6.277020612166436e-5,6,4
22348,7,2.959508073287041e-4,6,4
22348,10,1.2184505911516118e-4,6,4
22348,15,1.9630017786977227e-5,6,4
22348,9,1.9843753963636425e-4,6,4
22348,18,6.40406581330355e-6,6,4
22348,3,2.533976139215413e-5,6,4
22348,16,1.0011787953297604e-5,6,4
22348,2,2.7483105524298536e-5,6,4
22348,5,8.031219669196225e-4,6,4
22348,4,7.859019665886877e-5,6,4
22348,12,4.954372213661067e-5,6,4
22348,13,2.5295246112626577e-5,6,4
22348,6,5.233457794284562e-4,6,4
22391,8,9.081803698110464e-6,7,2
22391,17,0,7,2
22391,11,1.7832444920927374e-6,7,2
22391,7,1.3246325887503836e-5,7,2
22391,10,4.512779967228192e-6,7,2
22391,15,1.8175942395349288e-6,7,2
22391,9,6.137243493908172e-6,7,2
22391,18,0,7,2
22391,3,1.3504238693135798e-4,7,2
22391,16,5.56210441849867e-6,7,2
22391,2,1.313081708383152e-4,7,2
22391,5,1.0812224351140815e-5,7,2
22391,4,9.131432373697134e-5,7,2
22391,12,7.134295987671936e-6,7,2
22391,13,0,7,2
22391,6,2.7031673892400737e-5,7,2
22402,8,4.3246684276716506e-5,7,2
22402,17,4.266405752252662e-6,7,2
22402,11,1.5335902631997542e-5,7,2
22402,7,6.448869182074235e-5,7,2
22402,10,2.1210065845972502e-5,7,2
22402,15,9.815008893488614e-6,7,2
22402,9,4.664305055370211e-5,7,2
22402,18,4.803049359977663e-6,7,2
22402,3,1.9375646820586143e-4,7,2
22402,16,5.932911379731914e-6,7,2
22402,2,2.2985870074867867e-4,7,2
22402,5,9.907014870580188e-5,7,2
22402,4,1.3060942206640573e-4,7,2
22402,12,1.1494143535693677e-5,7,2
22402,13,1.3490797926734176e-6,7,2
22402,6,8.455256136111394e-5,7,2
22443,8,3.805708216351053e-5,7,2
22443,17,1.7776690634386092e-6,7,2
22443,11,1.4622604835160446e-5,7,2
22443,7,4.775649069968488e-5,7,2
22443,10,5.4153359606738304e-6,7,2
22443,15,5.452782718604786e-6,7,2
22443,9,2.700387137319596e-5,7,2
22443,18,1.6010164533258875e-6,7,2
22443,3,9.826883076469528e-5,7,2
22443,16,3.708069612332446e-6,7,2
22443,2,1.0549070807306507e-4,7,2
22443,5,2.290682879974252e-4,7,2
22443,4,9.393399695893364e-5,7,2
22443,12,9.512394650229247e-6,7,2
22443,13,5.733589118862024e-6,7,2
22443,6,1.1001262630628208e-4,7,2
22492,8,4.9301220075456815e-5,3,1
22492,17,0,3,1
22492,11,1.248271144464916e-5,3,1
22492,7,5.298530355001534e-5,3,1
22492,10,2.4369011823032235e-5,3,1
22492,15,3.2716696311628713e-6,3,1
22492,9,3.10953670358014e-5,3,1
22492,18,1.28081316266071e-6,3,1
22492,3,1.0815751813724324e-5,3,1
22492,16,3.708069612332446e-7,3,1
22492,2,2.77607126508066e-7,3,1
22492,5,2.504412896217733e-4,3,1
22492,4,5.089650831241025e-5,3,1
22492,12,8.719695096043479e-6,3,1
22492,13,4.721779274356961e-6,3,1
22492,6,1.508744589343297e-4,3,1
22673,8,1.1287384596223008e-4,6,4
22673,17,9.954946755256212e-6,6,4
22673,11,6.027366383273452e-5,6,4
22673,7,1.5791014807997993e-4,6,4
22673,10,9.747604729212894e-5,6,4
22673,15,2.944502668046584e-5,6,4
22673,9,1.0760633592652328e-4,6,4
22673,18,1.3768741498602632e-5,6,4
22673,3,2.178601436764471e-4,6,4
22673,16,2.1877610712761433e-5,6,4
22673,2,2.2430655821851733e-4,6,4
22673,5,8.624634773119302e-5,6,4
22673,4,1.7926049618856258e-4,6,4
22673,12,5.667801812428261e-5,6,4
22673,13,3.2715184972330375e-5,6,4
22673,6,2.464282829260718e-4,6,4
22675,8,4.497655164778516e-5,6,4
22675,17,1.0666014380631656e-6,6,4
22675,11,1.1056115850974973e-5,6,4
22675,7,3.311581471875959e-5,6,4
22675,10,2.9784347783706068e-5,6,4
22675,15,7.270376958139714e-7,6,4
22675,9,3.0277067903280317e-5,6,4
22675,18,2.8818296159865978e-6,6,4
22675,3,3.121116951960448e-5,6,4
22675,16,7.416139224664892e-7,6,4
22675,2,3.136960529541146e-5,6,4
22675,5,2.4893260715417226e-5,6,4
22675,4,2.6196732219622924e-5,6,4
22675,12,1.2286843089879449e-5,6,4
22675,13,9.106288600545569e-6,6,4
22675,6,5.3120382416461914e-5,6,4
22698,8,0.0014236808463895,1,9
22698,17,1.7776690634386093e-4,1,9
22698,11,8.916222460463686e-4,1,9
22698,7,0.00143130037089712,1,9
22698,10,0.00104696495239694,1,9
22698,15,2.5046448620791317e-4,1,9
22698,9,0.0013076420137687,1,9
22698,18,1.4185005776467364e-4,1,9
22698,3,2.1631503627448647e-6,1,9
22698,16,2.095059330967832e-4,1,9
22698,2,5.829749656669386e-6,1,9
22698,5,3.457397321585726e-4,1,9
22698,4,4.8651074122156855e-6,1,9
22698,12,6.587333295283755e-4,1,9
22698,13,5.305256284688214e-4,1,9
22698,6,7.100529223596891e-4,1,9
22740,8,1.976373471445944e-4,6,4
22740,17,0,6,4
22740,11,5.1357441372270834e-5,6,4
22740,7,2.9037340695501826e-4,6,4
22740,10,8.664537537078129e-5,6,4
22740,15,5.816301566511771e-6,6,4
22740,9,1.333827586009376e-4,6,4
22740,18,5.443455941308017e-6,6,4
22740,3,1.4214988098037684e-4,6,4
22740,16,6.674525302198403e-6,6,4
22740,2,1.6323299038674283e-4,6,4
22740,5,0.00109555491855629,6,4
22740,4,3.0575328890617044e-4,6,4
22740,12,1.62503408608083e-5,6,4
22740,13,6.7453989633670875e-6,6,4
22740,6,5.99411652474514e-4,6,4
22777,8,1.487685939119e-4,6,4
22777,17,1.0666014380631656e-6,6,4
22777,11,3.4238294248180556e-5,6,4
22777,7,2.182157896204579e-4,6,4
22777,10,6.498403152808597e-5,6,4
22777,15,3.2716696311628713e-6,6,4
22777,9,1.14152728986692e-4,6,4
22777,18,2.8818296159865978e-6,6,4
22777,3,4.789832946077915e-5,6,4
22777,16,6.303718340965159e-6,6,4
22777,2,2.470703425921787e-5,6,4
22777,5,7.862750126980774e-4,6,4
22777,4,1.2537007562248112e-4,6,4
22777,12,2.219558751720158e-5,6,4
22777,13,1.6188957512081008e-5,6,4
22777,6,4.859414864843202e-4,6,4
22950,8,4.540901849055233e-5,6,4
22950,17,2.8442705015017748e-6,6,4
22950,11,2.2112231701949945e-5,6,4
22950,7,6.030564154047798e-5,6,4
22950,10,2.9784347783706068e-5,6,4
22950,15,3.2716696311628713e-6,6,4
22950,9,4.500645228865993e-5,6,4
22950,18,4.803049359977663e-6,6,4
22950,3,5.346071610783737e-5,6,4
22950,16,5.191297457265425e-6,6,4
22950,2,1.887728460254849e-5,6,4
22950,5,3.3442461365156477e-5,6,4
22950,4,6.960845989785519e-5,6,4
22950,12,1.4268591975343873e-5,6,4
22950,13,5.39631917069367e-6,6,4
22950,6,6.475028862598315e-5,6,4
22954,8,2.681294425156423e-5,6,4
22954,17,1.7776690634386092e-6,6,4
22954,11,2.10422850066943e-5,6,4
22954,7,4.531637803619733e-5,6,4
22954,10,2.6625401806646332e-5,6,4
22954,15,2.1811130874419143e-6,6,4
22954,9,2.37306748431116e-5,6,4
22954,18,9.606098719955323e-7,6,4
22954,3,4.449909317646579e-5,6,4
22954,16,2.5956487286327124e-6,6,4
22954,2,5.2467746910024475e-5,6,4
22954,5,2.6653390260951776e-5,6,4
22954,4,0,6,4
22954,12,1.109779375860079e-5,6,4
22954,13,4.721779274356961e-6,6,4
22954,6,7.512290767771832e-5,6,4
22981,8,2.3353209509426912e-5,7,2
22981,17,0,7,2
22981,11,1.2126062546230614e-5,7,2
22981,7,3.5555927382247135e-5,7,2
22981,10,1.8051119868912766e-5,7,2
22981,15,0,7,2
22981,9,1.2274486987816344e-5,7,2
22981,18,2.2414230346562428e-6,7,2
22981,3,0,7,2
22981,16,1.854034806166223e-6,7,2
22981,2,0,7,2
22981,5,7.593701753591921e-5,7,2
22981,4,0,7,2
22981,12,1.1494143535693677e-5,7,2
22981,13,0,7,2
22981,6,5.029148631144323e-5,7,2
23114,8,2.032594161005676e-5,7,2
23114,17,1.7776690634386092e-6,7,2
23114,11,5.349733476278212e-6,7,2
23114,7,1.882372626118966e-5,7,2
23114,10,1.037939392462484e-5,7,2
23114,15,1.4540753916279428e-6,7,2
23114,9,1.104703828903471e-5,7,2
23114,18,1.6010164533258875e-6,7,2
23114,3,2.5216152799997283e-4,7,2
23114,16,2.224841767399468e-6,7,2
23114,2,3.836530488341473e-4,7,2
23114,5,2.6150496105084763e-5,7,2
23114,4,3.162319817940196e-4,7,2
23114,12,5.548896879300395e-6,7,2
23114,13,3.709969429851898e-6,7,2
23114,6,2.2945490629595973e-5,7,2
23159,8,2.5169570249049006e-4,6,4
23159,17,3.9108719395649406e-6,6,4
23159,11,6.348350391850145e-5,6,4
23159,7,3.970411891017597e-4,6,4
23159,10,1.1688100115121016e-4,6,4
23159,15,6.906858110232728e-6,6,4
23159,9,1.8779965091359009e-4,6,4
23159,18,7.0444723946339056e-6,6,4
23159,3,1.2484467807841792e-4,6,4
23159,16,7.416139224664892e-6,6,4
23159,2,1.1770542163942e-4,6,4
23159,5,0.00131607400590397,6,4
23159,4,3.087472011598416e-4,6,4
23159,12,1.8232089746272728e-5,6,4
23159,13,8.769018652377213e-6,6,4
23159,6,7.461999281460389e-4,6,4
23307,8,8.995310329557032e-5,3,1
23307,17,4.266405752252662e-6,3,1
23307,11,4.636435679441117e-5,3,1
23307,7,1.2932597116484007e-4,3,1
23307,10,6.453275353136315e-5,3,1
23307,15,1.01785277413956e-5,3,1
23307,9,7.773841758950351e-5,3,1
23307,18,3.202032906651775e-6,3,1
23307,3,6.489451088234594e-6,3,1
23307,16,1.0753401875764094e-5,3,1
23307,2,9.71624942778231e-6,3,1
23307,5,8.121740617252287e-5,3,1
23307,4,2.020890771228054e-5,3,1
23307,12,3.6067829715452565e-5,3,1
23307,13,2.5969786008963287e-5,3,1
23307,6,2.300835498748528e-4,3,1
23465,8,4.194928374841501e-5,6,4
23465,17,7.110676253754437e-7,6,4
23465,11,1.1769413647812064e-5,6,4
23465,7,7.494631752140328e-5,6,4
23465,10,1.669728587874431e-5,6,4
23465,15,5.452782718604786e-6,6,4
23465,9,2.9458768770759225e-5,6,4
23465,18,0,6,4
23465,3,0,6,4
23465,16,4.078876573565691e-6,6,4
23465,2,0,6,4
23465,5,7.643991169178622e-5,6,4
23465,4,0,6,4
23465,12,1.2286843089879449e-5,6,4
23465,13,1.686349740841772e-6,6,4
23465,6,7.826612557218352e-5,6,4
23680,8,1.9893474767289593e-4,3,1
23680,17,1.4221352507508872e-5,3,1
23680,11,7.632286426156915e-5,3,1
23680,7,2.30764940461251e-4,3,1
23680,10,1.1417333317087326e-4,3,1
23680,15,2.435576280976804e-5,3,1
23680,9,1.6816047173308393e-4,3,1
23680,18,8.645488847959792e-6,3,1
23680,3,2.3485632509801387e-5,3,1
23680,16,1.4832278449329784e-5,3,1
23680,2,2.77607126508066e-7,3,1
23680,5,9.907014870580188e-5,3,1
23680,4,5.239346443924585e-6,3,1
23680,12,5.7470717678468375e-5,3,1
23680,13,2.2259816579111388e-5,3,1
23680,6,1.678478355644418e-4,3,1
23694,8,1.1071151174839423e-4,3,1
23694,17,1.528795394557204e-5,3,1
23694,11,2.4608773990879775e-5,3,1
23694,7,8.54039432220642e-5,3,1
23694,10,5.7312305583798035e-5,3,1
23694,15,2.1811130874419143e-5,3,1
23694,9,7.201032366185589e-5,3,1
23694,18,1.9532400730575827e-5,3,1
23694,3,4.944343686273977e-6,3,1
23694,16,2.892294297619308e-5,3,1
23694,2,0,3,1
23694,5,4.073442662522819e-5,3,1
23694,4,0,3,1
23694,12,2.298828707138735e-5,3,1
23694,13,5.868497098129366e-5,3,1
23694,6,7.606587304605789e-5,3,1
23698,8,3.0272678993701553e-5,3,1
23698,17,7.110676253754437e-7,3,1
23698,11,9.98616915571933e-6,3,1
23698,7,5.507682869014752e-5,3,1
23698,10,1.669728587874431e-5,3,1
23698,15,7.270376958139714e-7,3,1
23698,9,2.5776422674414324e-5,3,1
23698,18,1.28081316266071e-6,3,1
23698,3,3.090214803921236e-7,3,1
23698,16,1.854034806166223e-6,3,1
23698,2,0,3,1
23698,5,1.2899235097988925e-4,3,1
23698,4,2.9939122536711913e-5,3,1
23698,12,3.963497770928853e-6,3,1
23698,13,5.39631917069367e-6,3,1
23698,6,1.024689033595656e-4,3,1
23709,8,2.4218143194961244e-5,7,2
23709,17,1.0666014380631656e-6,7,2
23709,11,4.636435679441117e-6,7,2
23709,7,3.9041802615800774e-5,7,2
23709,10,1.3989617898407397e-5,7,2
23709,15,1.8175942395349288e-6,7,2
23709,9,1.6365982650421794e-5,7,2
23709,18,0,7,2
23709,3,1.30098043245084e-4,7,2
23709,16,0,7,2
23709,2,2.0959338051358985e-4,7,2
23709,5,1.6821809513751642e-4,7,2
23709,4,1.395911588274193e-4,7,2
23709,12,2.7744484396501974e-6,7,2
23709,13,0,7,2
23709,6,9.523950220229562e-5,7,2
23715,8,4.627395217608666e-5,7,2
23715,17,1.7776690634386092e-6,7,2
23715,11,1.0699466952556424e-5,7,2
23715,7,8.191806798851056e-5,7,2
23715,10,1.5794729885298673e-5,7,2
23715,15,0,7,2
23715,9,4.173325575857557e-5,7,2
23715,18,0,7,2
23715,3,1.4678520318625867e-4,7,2
23715,16,1.4832278449329785e-6,7,2
23715,2,2.154231301702592e-4,7,2
23715,5,3.4523683800270554e-4,7,2
23715,4,2.3801602416685972e-4,7,2
23715,12,5.15254710220751e-6,7,2
23715,13,0,7,2
23715,6,2.0619509387691725e-4,7,2
23721,8,3.892201584904485e-6,7,2
23721,17,2.133202876126331e-6,7,2
23721,11,1.0699466952556424e-6,7,2
23721,7,4.880225326975097e-6,7,2
23721,10,4.512779967228192e-6,7,2
23721,15,0,7,2
23721,9,5.3189443613870825e-6,7,2
23721,18,0,7,2
23721,3,1.9097527488233236e-4,7,2
23721,16,0,7,2
23721,2,2.3901973592344483e-4,7,2
23721,5,1.885853084501305e-5,7,2
23721,4,7.597052343690648e-5,7,2
23721,12,1.5853991083715415e-6,7,2
23721,13,0,7,2
23721,6,1.1629906209521246e-5,7,2
23764,8,7.4384296955952393e-05,3,1
23764,17,6.755142441066715e-6,3,1
23764,11,4.921754798175955e-5,3,1
23764,7,1.0736495719345212e-4,3,1
23764,10,5.279952561656985e-5,3,1
23764,15,1.3086678524651484e-5,3,1
23764,9,7.48743706256797e-5,3,1
23764,18,7.364675685299083e-6,3,1
23764,3,2.1631503627448647e-6,3,1
23764,16,7.416139224664892e-6,3,1
23764,2,8.32821379524198e-6,3,1
23764,5,7.015373474344854e-5,3,1
23764,4,1.8337712553736048e-5,3,1
23764,12,2.8537183950687746e-5,3,1
23764,13,2.3608896371784806e-5,3,1
23764,6,1.0781237378015642e-4,3,1
23780,8,3.675968163520903e-5,3,1
23780,17,2.133202876126331e-6,3,1
23780,11,7.1329779683709495e-6,3,1
23780,7,6.623162943751918e-5,3,1
23780,10,7.220447947565107e-6,3,1
23780,15,0,3,1
23780,9,2.6185572240674863e-5,3,1
23780,18,0,3,1
23780,3,0,3,1
23780,16,0,3,1
23780,2,0,3,1
23780,5,2.3937761819269897e-4,3,1
23780,4,3.966933736114328e-5,3,1
23780,12,5.94524665639328e-6,3,1
23780,13,3.372699481683544e-6,3,1
23780,6,1.150417749374264e-4,3,1
23785,8,0.00622536020163334,3,1
23785,17,3.4344566305633933e-4,3,1
23785,11,0.00234496650710194,3,1
23785,7,0.00828766836777378,3,1
23785,10,0.0032433349624469,3,1
23785,15,5.587284692330371e-4,3,1
23785,9,0.00499367045620994,3,1
23785,18,2.6897076415874913e-4,3,1
23785,3,3.491942728430996e-5,3,1
23785,16,3.95651027635872e-4,3,1
23785,2,1.2214713566354905e-5,3,1
23785,5,0.02098451588894085,3,1
23785,4,0.0018042063718686,3,1
23785,12,0.00155924002308341,3,1
23785,13,9.639175118651568e-4,3,1
23785,6,0.01427083788445091,3,1
23787,8,2.551554372326274e-5,6,4
23787,17,0,6,4
23787,11,3.5664889841854747e-6,6,4
23787,7,1.6035026074346747e-5,6,4
23787,10,1.2635783908238937e-5,6,4
23787,15,2.5446319353489e-6,6,4
23787,9,1.923002961424561e-5,6,4
23787,18,9.606098719955323e-7,6,4
23787,3,1.9777374745095907e-5,6,4
23787,16,2.966455689865957e-6,6,4
23787,2,4.441714024129056e-6,6,4
23787,5,1.408103636427641e-5,6,4
23787,4,2.2454341902533936e-5,6,4
23787,12,3.170798216743083e-6,6,4
23787,13,2.023619689010126e-6,6,4
23787,6,1.8544985577344692e-5,6,4
23966,8,2.508307688049557e-5,6,4
23966,17,3.5553381268772184e-7,6,4
23966,11,6.419680171533854e-6,6,4
23966,7,5.298530355001534e-5,6,4
23966,10,4.512779967228192e-6,6,4
23966,15,0,6,4
23966,9,2.2912375710590508e-5,6,4
23966,18,3.202032906651775e-7,6,4
23966,3,0,6,4
23966,16,0,6,4
23966,2,0,6,4
23966,5,1.966316149440027e-4,6,4
23966,4,2.2454341902533936e-5,6,4
23966,12,2.3780986625573123e-6,6,4
23966,13,6.408129015198733e-6,6,4
23966,6,1.1095559167462162e-4,6,4
24027,8,7.78440316980897e-6,7,2
24027,17,0,7,2
24027,11,2.8531911873483795e-6,7,2
24027,7,8.714688083884102e-6,7,2
24027,10,8.123003941010746e-6,7,2
24027,15,3.635188479069857e-7,7,2
24027,9,3.2731965300843583e-6,7,2
24027,18,6.40406581330355e-7,7,2
24027,3,1.535836757548854e-4,7,2
24027,16,0,7,2
24027,2,1.5545999084451697e-4,7,2
24027,5,1.1566565584941336e-5,7,2
24027,4,1.2986094400298793e-4,7,2
24027,12,2.3780986625573123e-6,7,2
24027,13,3.709969429851898e-6,7,2
24027,6,1.1629906209521246e-5,7,2
24141,8,7.78440316980897e-5,4,3
24141,17,2.8442705015017748e-6,4,3
24141,11,3.102845416241363e-5,4,3
24141,7,1.0039320672634484e-4,4,3
24141,10,5.9568695567412136e-5,4,3
24141,15,1.1996121980930527e-5,4,3
24141,9,5.155284534882865e-5,4,3
24141,18,1.6010164533258875e-6,4,3
24141,3,1.6378138460782548e-5,4,3
24141,16,2.224841767399468e-6,4,3
24141,2,0,4,3
24141,5,7.417688799038466e-5,4,3
24141,4,0,4,3
24141,12,3.051893283615217e-5,4,3
24141,13,1.1467178237724048e-5,4,3
24141,6,9.303924967616996e-5,4,3
24154,8,2.551554372326274e-5,7,2
24154,17,4.977473377628106e-6,7,2
24154,11,1.7832444920927374e-6,7,2
24154,7,1.3943500934214563e-5,7,2
24154,10,7.220447947565107e-6,7,2
24154,15,2.9081507832558855e-6,7,2
24154,9,1.18653374215558e-5,7,2
24154,18,0,7,2
24154,3,2.0580830594115428e-4,7,2
24154,16,3.708069612332446e-7,7,2
24154,2,2.615059131705982e-4,7,2
24154,5,2.564760194921775e-5,7,2
24154,4,1.747696278080558e-4,7,2
24154,12,2.3780986625573123e-6,7,2
24154,13,0,7,2
24154,6,2.9546248207972897e-5,7,2
24280,8,5.622068955973145e-6,7,2
24280,17,0,7,2
24280,11,1.0699466952556424e-6,7,2
24280,7,5.577400373685825e-6,7,2
24280,10,2.7076679803369152e-6,7,2
24280,15,2.5446319353489e-6,7,2
24280,9,3.2731965300843583e-6,7,2
24280,18,0,7,2
24280,3,2.036451555784094e-4,7,2
24280,16,1.112420883699734e-6,7,2
24280,2,1.7628052533262193e-4,7,2
24280,5,4.148876785902871e-5,7,2
24280,4,1.803832132836893e-4,7,2
24280,12,3.963497770928854e-7,7,2
24280,13,0,7,2
24280,6,1.571608947232601e-5,7,2
24354,8,8.649336855343301e-7,7,2
24354,17,0,7,2
24354,11,0,7,2
24354,7,1.7429376167768204e-6,7,2
24354,10,9.025559934456384e-7,7,2
24354,15,0,7,2
24354,9,2.045747831302724e-6,7,2
24354,18,0,7,2
24354,3,5.0988544264700386e-5,7,2
24354,16,3.708069612332446e-7,7,2
24354,2,7.967324530781495e-5,7,2
24354,5,8.800647727672756e-6,7,2
24354,4,2.9939122536711913e-5,7,2
24354,12,7.926995541857708e-7,7,2
24354,13,0,7,2
24354,6,5.029148631144323e-6,7,2
24419,8,2.59480105660299e-6,7,2
24419,17,0,7,2
24419,11,5.706382374696759e-6,7,2
24419,7,7.320337990462645e-6,7,2
24419,10,7.671725944287927e-6,7,2
24419,15,2.5446319353489e-6,7,2
24419,9,4.500645228865993e-6,7,2
24419,18,0,7,2
24419,3,7.571026269607026e-5,7,2
24419,16,0,7,2
24419,2,7.301067427162136e-5,7,2
24419,5,4.274600324869625e-6,7,2
24419,4,2.4699776092787328e-5,7,2
24419,12,1.5853991083715415e-6,7,2
24419,13,0,7,2
24419,6,1.3515836946200368e-5,7,2
24456,8,0.0015356897586662,1,9
24456,17,9.354094611813962e-4,1,9
24456,11,0.00136239879195885,1,9
24456,7,0.00190259070247357,1,9
24456,10,0.00144950492547369,1,9
24456,15,9.189756475088598e-4,1,9
24456,9,0.00147334758810422,1,9
24456,18,8.56864005820015e-4,1,9
24456,3,6.582157532352231e-5,1,9
24456,16,8.395069602320658e-4,1,9
24456,2,7.550913841019396e-5,1,9
24456,5,0.00187881256631916,1,9
24456,4,6.54918305490573e-5,1,9
24456,12,0.0012306660578734,1,9
24456,13,0.00114435693413522,1,9
24456,6,0.00242122074410654,1,9
24534,8,4.324668427671651e-6,7,2
24534,17,7.110676253754437e-7,7,2
24534,11,4.2797867810225695e-6,7,2
24534,7,7.320337990462645e-6,7,2
24534,10,1.3538339901684576e-6,7,2
24534,15,3.635188479069857e-7,7,2
24534,9,1.6365982650421792e-6,7,2
24534,18,6.40406581330355e-7,7,2
24534,3,6.168068748626786e-4,7,2
24534,16,1.854034806166223e-6,7,2
24534,2,5.779780373897935e-4,7,2
24534,5,4.551192110596483e-5,7,2
24534,4,4.861365021898597e-4,7,2
24534,12,1.189049331278656e-6,7,2
24534,13,1.686349740841772e-6,7,2
24534,6,1.0372619051735166e-5,7,2
24651,8,5.751809008803295e-5,6,4
24651,17,0,6,4
24651,11,1.2126062546230614e-5,6,4
24651,7,8.854123093226247e-5,6,4
24651,10,2.797923579681479e-5,6,4
24651,15,2.5446319353489e-6,6,4
24651,9,5.032539665004701e-5,6,4
24651,18,0,6,4
24651,3,3.9554749490191814e-5,6,4
24651,16,1.854034806166223e-6,6,4
24651,2,5.746467518716967e-5,6,4
24651,5,3.281384367032271e-4,6,4
24651,4,9.879910437114932e-5,6,4
24651,12,8.323345318950592e-6,6,4
24651,13,8.094478756040504e-6,6,4
24651,6,1.7884909819507e-4,6,4
24669,8,1.1590111386160024e-4,5,7
24669,17,9.59941294256849e-6,5,7
24669,11,4.101462331813296e-5,5,7
24669,7,1.0597060710003068e-4,5,7
24669,10,7.76198154363249e-5,5,7
24669,15,1.01785277413956e-5,5,7
24669,9,8.878545587853822e-5,5,7
24669,18,1.6010164533258875e-6,5,7
24669,3,2.008639622548803e-5,5,7
24669,16,1.038259491453085e-5,5,7
24669,2,2.4151820006201744e-5,5,7
24669,5,5.2300992210169526e-5,5,7
24669,4,1.1227170951266968e-6,5,7
24669,12,4.756197325114624e-5,5,7
24669,13,1.7200767356586074e-5,5,7
24669,6,1.276146465152872e-4,5,7
24672,8,1.2541538440247786e-5,6,4
24672,17,2.488736688814053e-6,6,4
24672,11,1.3196009241486256e-5,6,4
24672,7,2.23096014947433e-5,6,4
24672,10,1.2184505911516116e-5,6,4
24672,15,5.0892638706978e-6,6,4
24672,9,7.77384175895035e-6,6,4
24672,18,3.202032906651775e-7,6,4
24672,3,1.8603093119605837e-4,6,4
24672,16,1.854034806166223e-6,6,4
24672,2,1.8849523889897683e-4,6,4
24672,5,1.2069459740808353e-5,6,4
24672,4,1.5156680784210406e-4,6,4
24672,12,9.512394650229247e-6,6,4
24672,13,6.745398963367088e-7,6,4
24672,6,4.8719877364210626e-5,6,4
24787,8,1.647698670942899e-4,6,4
24787,17,6.755142441066715e-6,6,4
24787,11,3.851808102920312e-5,6,4
24787,7,2.5481747957277115e-4,6,4
24787,10,8.077876141338463e-5,6,4
24787,15,1.3813716220465456e-5,6,4
24787,9,1.358376559985009e-4,6,4
24787,18,3.202032906651775e-7,6,4
24787,3,4.604420057842641e-5,6,4
24787,16,4.449683534798936e-6,6,4
24787,2,1.47131777049275e-5,6,4
24787,5,8.946487032874191e-4,6,4
24787,4,1.5268952493723077e-4,6,4
24787,12,4.122037681766008e-5,6,4
24787,13,1.3490797926734177e-5,6,4
24787,6,4.97257070904395e-4,6,4
24947,8,8.389856749683002e-5,6,4
24947,17,3.5553381268772184e-7,6,4
24947,11,1.3552658139904805e-5,6,4
24947,7,1.5791014807997993e-4,6,4
24947,10,2.6625401806646332e-5,6,4
24947,15,2.5446319353489e-6,6,4
24947,9,7.528352019194024e-5,6,4
24947,18,1.6010164533258875e-6,6,4
24947,3,1.6748964237253095e-4,6,4
24947,16,1.854034806166223e-6,6,4
24947,2,1.5407195521197664e-4,6,4
24947,5,5.589668542461869e-4,6,4
24947,4,3.0425633277933483e-4,6,4
24947,12,1.545764130662253e-5,6,4
24947,13,3.372699481683544e-6,6,4
24947,6,3.1337882407818065e-4,6,4
24973,8,0.00140248997109391,5,7
24973,17,3.1286975516519524e-5,5,7
24973,11,1.9580024523178257e-4,5,7
24973,7,2.339022281714493e-4,5,7
24973,10,3.641813433553151e-4,5,7
24973,15,6.179820414418756e-5,5,7
24973,9,4.692945525008449e-4,5,7
24973,18,2.7857686287870443e-5,5,7
24973,3,1.236085921568494e-5,5,7
24973,16,3.745150308455771e-5,5,7
24973,2,1.3325142072387168e-5,5,7
24973,5,1.4181615195449815e-4,5,7
24973,4,3.742390317088989e-7,5,7
24973,12,1.407041708679743e-4,5,7
24973,13,8.296840724941518e-5,5,7
24973,6,3.218655123932367e-4,5,7
25024,8,5.276095481759413e-4,6,4
25024,17,5.3685605715846e-5,6,4
25024,11,1.8367418268555195e-4,6,4
25024,7,8.519479070805098e-4,6,4
25024,10,1.9404953859081223e-4,6,4
25024,15,6.979561879814126e-5,6,4
25024,9,4.034214723328972e-4,6,4
25024,18,4.8030493599776625e-5,6,4
25024,3,8.436286414704972e-5,6,4
25024,16,6.785767390568376e-5,6,4
25024,2,1.160397788803716e-4,6,4
25024,5,0.00305960804429491,6,4
25024,4,3.2633643565015987e-4,6,4
25024,12,1.9302234144423516e-4,6,4
25024,13,1.0590276372486328e-4,6,4
25024,6,0.0017020524898529,6,4
25031,8,1.5309326233957642e-4,3,1
25031,17,1.2799217256757986e-5,3,1
25031,11,5.4923930356456306e-5,3,1
25031,7,1.415265344822778e-4,3,1
25031,10,1.0018371527246586e-4,3,1
25031,15,1.9630017786977227e-5,3,1
25031,9,1.3174616033589543e-4,3,1
25031,18,5.7636592319731955e-6,3,1
25031,3,0,3,1
25031,16,3.300181954975877e-5,3,1
25031,2,0,3,1
25031,5,1.71486907150652e-4,3,1
25031,4,3.106183963183861e-5,3,1
25031,12,5.271452035335375e-5,3,1
25031,13,4.553144300272784e-5,3,1
25031,6,2.3416973313765752e-4,3,1
25173,8,1.643374002515227e-5,6,4
25173,17,7.110676253754437e-7,6,4
25173,11,8.916222460463686e-6,6,4
25173,7,2.1961013971387935e-5,6,4
25173,10,7.220447947565107e-6,6,4
25173,15,7.270376958139714e-7,6,4
25173,9,1.4729384385379613e-5,6,4
25173,18,9.606098719955323e-7,6,4
25173,3,2.1631503627448647e-6,6,4
25173,16,1.112420883699734e-6,6,4
25173,2,1.110428506032264e-6,6,4
25173,5,8.498911234152548e-5,6,4
25173,4,1.721499545860935e-5,6,4
25173,12,4.7561973251146245e-6,6,4
25173,13,1.3490797926734176e-6,6,4
25173,6,4.6519624838084986e-5,6,4
25348,8,3.329994689307171e-5,6,4
25348,17,3.9108719395649406e-6,6,4
25348,11,1.1056115850974973e-5,6,4
25348,7,6.065422906383335e-5,6,4
25348,10,1.7148563875467128e-5,6,4
25348,15,3.2716696311628713e-6,6,4
25348,9,3.55960122646674e-5,6,4
25348,18,2.2414230346562428e-6,6,4
25348,3,2.0704439186272277e-5,6,4
25348,16,5.191297457265425e-6,6,4
25348,2,1.0549070807306507e-5,6,4
25348,5,5.179809805430251e-5,6,4
25348,4,8.981736761013574e-6,6,4
25348,12,1.4664941752436758e-5,6,4
25348,13,3.372699481683544e-6,6,4
25348,6,5.4691991363694514e-5,6,4
25531,8,5.18960211320598e-6,7,2
25531,17,0,7,2
25531,11,7.132977968370949e-7,7,2
25531,7,3.10242895786274e-5,7,2
25531,10,7.220447947565107e-6,7,2
25531,15,0,7,2
25531,9,8.592140891471441e-6,7,2
25531,18,0,7,2
25531,3,6.643961828430656e-4,7,2
25531,16,0,7,2
25531,2,6.451589620047455e-4,7,2
25531,5,1.2421485649915262e-4,7,2
25531,4,7.125511163737435e-4,7,2
25531,12,3.963497770928854e-7,7,2
25531,13,0,7,2
25531,6,5.029148631144323e-5,7,2
25673,8,1.9158281134585412e-4,6,4
25673,17,2.133202876126331e-6,6,4
25673,11,4.850425018492246e-5,6,4
25673,7,2.454056164421763e-4,6,4
25673,10,9.476837931179204e-5,6,4
25673,15,1.4540753916279428e-5,6,4
25673,9,1.407474507936274e-4,6,4
25673,18,2.56162632532142e-6,6,4
25673,3,1.9993689781370392e-4,6,4
25673,16,1.2236629720697072e-5,6,4
25673,2,2.998156966287113e-4,6,4
25673,5,6.454646490553133e-4,6,4
25673,4,3.742390317088989e-4,6,4
25673,12,4.914737235951779e-5,6,4
25673,13,1.6526227460249363e-5,6,4
25673,6,4.139617967010671e-4,6,4
25711,8,3.329994689307171e-5,3,1
25711,17,2.8442705015017748e-6,3,1
25711,11,2.0685636108275753e-5,3,1
25711,7,5.925987897041189e-5,3,1
25711,10,2.4820289819755058e-5,3,1
25711,15,3.635188479069857e-6,3,1
25711,9,4.214240532483612e-5,3,1
25711,18,4.162642778647307e-6,3,1
25711,3,6.180429607842471e-7,3,1
25711,16,6.674525302198403e-6,3,1
25711,2,4.441714024129056e-6,3,1
25711,5,4.8026391885299904e-5,3,1
25711,4,3.742390317088989e-7,3,1
25711,12,1.545764130662253e-5,3,1
25711,13,9.780828496882276e-6,3,1
25711,6,5.9406818205392314e-5,3,1
25735,8,1.556880633961794e-5,7,2
25735,17,0,7,2
25735,11,2.8531911873483795e-6,7,2
25735,7,1.9520901307900387e-5,7,2
25735,10,3.6102239737825536e-6,7,2
25735,15,0,7,2
25735,9,1.2274486987816344e-5,7,2
25735,18,0,7,2
25735,3,2.6730358053918686e-4,7,2
25735,16,0,7,2
25735,2,1.7405966832055738e-4,7,2
25735,5,8.825792435466107e-5,7,2
25735,4,3.880858758821282e-4,7,2
25735,12,1.189049331278656e-6,7,2
25735,13,1.3490797926734176e-6,7,2
25735,6,4.3690728733066306e-5,7,2
25818,8,1.2411798387417636e-4,2,8
25818,17,2.8407151633748974e-4,2,8
25818,11,1.301768479227698e-4,2,8
25818,7,5.089377840988316e-5,2,8
25818,10,1.7374202873828538e-4,2,8
25818,15,4.042329588725681e-4,2,8
25818,9,1.2397231857694507e-4,2,8
25818,18,2.4559592394019116e-4,2,8
25818,3,3.7082577647054825e-5,2,8
25818,16,2.6661020512670287e-4,2,8
25818,2,1.7211641843500093e-5,2,8
25818,5,1.4835377598076932e-5,2,8
25818,4,2.133162480740724e-5,2,8
25818,12,1.7518660147505534e-4,2,8
25818,13,1.750431030993759e-4,2,8
25818,6,5.060580810088975e-5,2,8
25912,8,3.0099692256594686e-4,7,2
25912,17,1.4221352507508874e-6,7,2
25912,11,9.665185147142636e-5,7,2
25912,7,5.2183552246298e-4,7,2
25912,10,1.2365017110205245e-4,7,2
25912,15,1.01785277413956e-5,7,2
25912,9,1.7552516392577372e-4,7,2
25912,18,3.202032906651775e-6,7,2
25912,3,0.00187205212821548,7,2
25912,16,1.4832278449329785e-6,7,2
25912,2,0.00192131892256232,7,2
25912,5,0.00298417392091486,7,2
25912,4,0.0020190195760695,7,2
25912,12,7.292835898509091e-5,7,2
25912,13,2.3608896371784806e-5,7,2
25912,6,0.00118656475516061,7,2
25950,8,1.2541538440247786e-5,7,2
25950,17,2.488736688814053e-6,7,2
25950,11,2.4965422889298324e-6,7,2
25950,7,1.35949134108592e-5,7,2
25950,10,1.4440895895130216e-5,7,2
25950,15,3.9987073269768425e-6,7,2
25950,9,1.5956833084161248e-5,7,2
25950,18,1.921219743991065e-6,7,2
25950,3,9.486959448038192e-5,7,2
25950,16,2.5956487286327124e-6,7,2
25950,2,1.3241859934434749e-4,7,2
25950,5,1.2069459740808353e-5,7,2
25950,4,1.0778084113216288e-4,7,2
25950,12,6.737946210579051e-6,7,2
25950,13,3.372699481683544e-7,7,2
25950,6,1.7602020209005132e-5,7,2
25977,8,1.7731140553453767e-5,6,4
25977,17,0,6,4
25977,11,1.4265955936741898e-6,6,4
25977,7,2.6841239298363032e-5,6,4
25977,10,7.220447947565107e-6,6,4
25977,15,0,6,4
25977,9,7.77384175895035e-6,6,4
25977,18,0,6,4
25977,3,1.7923245862743167e-5,6,4
25977,16,0,6,4
25977,2,1.3602749198895235e-5,6,4
25977,5,7.996017078285533e-5,6,4
25977,4,1.2724127078102565e-5,6,4
25977,12,3.170798216743083e-6,6,4
25977,13,0,6,4
25977,6,4.5890981259191946e-5,6,4
26037,8,7.741156485532255e-4,6,4
26037,17,1.3865818694821152e-5,6,4
26037,11,1.540723241168125e-4,6,4
26037,7,0.00114685295183914,6,4
26037,10,2.707667980336915e-4,6,4
26037,15,2.835447013674489e-5,6,4
26037,9,5.433506239940036e-4,6,4
26037,18,1.3768741498602632e-5,6,4
26037,3,5.006147982352401e-5,6,4
26037,16,7.416139224664892e-6,6,4
26037,2,5.524381817510514e-5,6,4
26037,5,0.00420494948428204,6,4
26037,4,7.690612101617873e-4,6,4
26037,12,8.323345318950592e-5,6,4
26037,13,5.699862124045189e-5,6,4
26037,6,0.00231089379601081,6,4
26067,8,4.324668427671651e-7,7,2
26067,17,3.5553381268772184e-7,7,2
26067,11,0,7,2
26067,7,1.3943500934214563e-6,7,2
26067,10,0,7,2
26067,15,0,7,2
26067,9,4.091495662605448e-7,7,2
26067,18,0,7,2
26067,3,1.9252038228429296e-4,7,2
26067,16,0,7,2
26067,2,2.0293080947739623e-4,7,2
26067,5,1.0812224351140815e-5,7,2
26067,4,2.1144505291552788e-4,7,2
26067,12,3.963497770928854e-7,7,2
26067,13,0,7,2
26067,6,3.143217894465202e-7,7,2
26078,8,1.448763923270003e-4,6,4
26078,17,1.1021548193319376e-5,6,4
26078,11,5.991701493431597e-5,6,4
26078,7,1.5860732312669064e-4,6,4
26078,10,1.0063499326918869e-4,6,4
26078,15,1.9630017786977227e-5,6,4
26078,9,1.2356316901068453e-4,6,4
26078,18,9.285895429290148e-6,6,4
26078,3,9.05432937548922e-5,6,4
26078,16,6.674525302198403e-6,6,4
26078,2,1.4241245589863787e-4,6,4
26078,5,9.22810776015972e-5,6,4
26078,4,4.228901058310558e-5,6,4
26078,12,3.844592837800988e-5,6,4
26078,13,1.2478988082229112e-5,6,4
26078,6,1.6470461766997658e-4,6,4
26159,8,8.822323592450167e-5,5,7
26159,17,5.6885410030035495e-6,5,7
26159,11,4.850425018492246e-5,5,7
26159,7,1.3420619649181516e-4,5,7
26159,10,8.754793136422692e-5,5,7
26159,15,1.345019737255847e-5,5,7
26159,9,8.59214089147144e-5,5,7
26159,18,2.56162632532142e-6,5,7
26159,3,8.034558490195212e-6,5,7
26159,16,8.528560108364627e-6,5,7
26159,2,9.16103517476618e-6,5,7
26159,5,5.632414545710564e-5,5,7
26159,4,3.742390317088989e-7,5,7
26159,12,2.8140834173594865e-5,5,7
26159,13,2.5295246112626577e-5,5,7
26159,6,2.5145743155721614e-4,5,7
26175,8,9.081803698110464e-6,7,2
26175,17,0,7,2
26175,11,0,7,2
26175,7,4.880225326975097e-6,7,2
26175,10,2.7076679803369152e-6,7,2
26175,15,0,7,2
26175,9,2.8640469638238135e-6,7,2
26175,18,0,7,2
26175,3,1.236085921568494e-5,7,2
26175,16,1.112420883699734e-6,7,2
26175,2,2.9148748283346933e-5,7,2
26175,5,9.806436039406786e-5,7,2
26175,4,5.089650831241025e-5,7,2
26175,12,0,7,2
26175,13,3.372699481683544e-6,7,2
26175,6,2.0745238103470333e-5,7,2
26209,8,4.238175059118217e-5,6,4
26209,17,3.1998043141894965e-6,6,4
26209,11,2.6035369584553964e-5,6,4
26209,7,5.472824116679216e-5,6,4
26209,10,3.5199683744379894e-5,6,4
26209,15,3.2716696311628713e-6,6,4
26209,9,3.477771313214631e-5,6,4
26209,18,4.803049359977663e-6,6,4
26209,3,8.281775674508911e-5,6,4
26209,16,4.078876573565691e-6,6,4
26209,2,8.605820921750047e-5,6,4
26209,5,4.400323863836378e-5,6,4
26209,4,5.7258571851461535e-5,6,4
26209,12,1.981748885464427e-5,6,4
26209,13,8.094478756040504e-6,6,4
26209,6,9.775407651786778e-5,6,4
26227,8,6.57782067848858e-4,3,1
26227,17,8.923898698461818e-5,3,1
26227,11,2.1541593464480263e-4,3,1
26227,7,9.004015728269054e-4,3,1
26227,10,3.9306313514557553e-4,3,1
26227,15,1.170530690260494e-4,3,1
26227,9,5.306669874399267e-4,3,1
26227,18,1.1014993198882106e-4,3,1
26227,3,1.168101195882227e-4,3,1
26227,16,9.158931942461142e-5,3,1
26227,2,1.160397788803716e-4,3,1
26227,5,0.00203420686048207,3,1
26227,4,1.725241936178024e-4,3,1
26227,12,2.00552987209e-4,3,1
26227,13,1.426651880752139e-4,3,1
26227,6,0.00152131746092115,3,1
26301,8,8.649336855343301e-6,6,4
26301,17,7.110676253754437e-7,6,4
26301,11,1.390930703832335e-5,6,4
26301,7,2.3355364064809393e-5,6,4
26301,10,9.928115927902022e-6,6,4
26301,15,1.8175942395349288e-6,6,4
26301,9,1.4729384385379613e-5,6,4
26301,18,1.6010164533258875e-6,6,4
26301,3,1.1433794774508573e-5,6,4
26301,16,7.416139224664892e-7,6,4
26301,2,3.5811319319540515e-5,6,4
26301,5,1.885853084501305e-5,6,4
26301,4,4.902531315386576e-5,6,4
26301,12,5.548896879300395e-6,6,4
26301,13,3.709969429851898e-6,6,4
26301,6,4.1176154417494145e-5,6,4
26354,8,5.1896021132059806e-5,6,4
26354,17,1.0666014380631656e-6,6,4
26354,11,6.419680171533854e-6,6,4
26354,7,9.028416854903929e-5,6,4
26354,10,2.4369011823032235e-5,6,4
26354,15,0,6,4
26354,9,4.255155489109666e-5,6,4
26354,18,9.606098719955323e-7,6,4
26354,3,2.966606211764386e-5,6,4
26354,16,1.112420883699734e-6,6,4
26354,2,2.026532023508882e-5,6,4
26354,5,3.4800275585997415e-4,6,4
26354,4,3.929509832943439e-5,6,4
26354,12,5.548896879300395e-6,6,4
26354,13,4.721779274356961e-6,6,4
26354,6,1.606184344071718e-4,6,4
26757,8,5.146355428929264e-5,6,4
26757,17,1.7776690634386092e-6,6,4
26757,11,1.2839360343067709e-5,6,4
26757,7,5.193954097994925e-5,6,4
26757,10,2.752795780009197e-5,6,4
26757,15,3.2716696311628713e-6,6,4
26757,9,2.904961920449868e-5,6,4
26757,18,3.84243948798213e-6,6,4
26757,3,2.2867589549017145e-5,6,4
26757,16,1.854034806166223e-6,6,4
26757,2,1.2769927819371037e-5,6,4
26757,5,4.928362727496744e-5,6,4
26757,4,0,6,4
26757,12,1.4664941752436758e-5,6,4
26757,13,6.408129015198733e-6,6,4
26757,6,4.5576659469745426e-5,6,4
26771,8,1.7212180342133167e-4,4,3
26771,17,7.466210066442159e-6,4,3
26771,11,8.202924663626592e-5,4,3
26771,7,2.1682143952703645e-4,4,3
26771,10,1.2184505911516118e-4,4,3
26771,15,1.6358348155814357e-5,4,3
26771,9,1.68978770865605e-4,4,3
26771,18,3.84243948798213e-6,4,3
26771,3,1.3905966617645558e-5,4,3
26771,16,7.416139224664892e-6,4,3
26771,2,0,4,3
26771,5,1.0108172532926994e-4,4,3
26771,4,2.544825415620513e-5,4,3
26771,12,4.795832302823913e-5,4,3
26771,13,2.327162642361645e-5,4,3
26771,6,2.1248152966584763e-4,4,3
26918,8,1.401192570565615e-4,4,3
26918,17,7.821743879129881e-6,4,3
26918,11,6.31268550200829e-5,4,3
26918,7,1.4884687247274046e-4,4,3
26918,10,7.807109343304772e-5,4,3
26918,15,5.0892638706978e-6,4,3
26918,9,1.489304421188383e-4,4,3
26918,18,9.285895429290148e-6,4,3
26918,3,5.1297565745092504e-5,4,3
26918,16,8.157753147131381e-6,4,3
26918,2,4.885885426541962e-5,4,3
26918,5,6.638202857444594e-5,4,3
26918,4,2.020890771228054e-5,4,3
26918,12,2.9726233281966403e-5,4,3
26918,13,2.5295246112626577e-5,4,3
26918,6,1.1598474030576596e-4,4,3
27013,8,2.3353209509426912e-5,6,4
27013,17,1.7776690634386092e-6,6,4
27013,11,6.063031273115307e-6,6,4
27013,7,1.9869488831255753e-5,6,4
27013,10,1.8502397865635582e-5,6,4
27013,15,1.8175942395349288e-6,6,4
27013,9,2.4139824409372143e-5,6,4
27013,18,3.202032906651775e-7,6,4
27013,3,8.652601450979459e-6,6,4
27013,16,0,6,4
27013,2,1.6378820463975895e-5,6,4
27013,5,1.584116590981096e-5,6,4
27013,4,0,6,4
27013,12,3.963497770928853e-6,6,4
27013,13,5.39631917069367e-6,6,4
27013,6,3.331810968133114e-5,6,4
27100,8,3.286748005030454e-5,7,2
27100,17,1.7776690634386092e-6,7,2
27100,11,7.489626866789497e-6,7,2
27100,7,6.239716668061017e-5,7,2
27100,10,7.671725944287927e-6,7,2
27100,15,0,7,2
27100,9,2.4139824409372143e-5,7,2
27100,18,0,7,2
27100,3,1.9622864004899845e-4,7,2
27100,16,0,7,2
27100,2,2.254169867245496e-4,7,2
27100,5,2.836323039089963e-4,7,2
27100,4,2.5111439027667115e-4,7,2
27100,12,2.3780986625573123e-6,7,2
27100,13,2.023619689010126e-6,7,2
27100,6,1.3107218619919892e-4,7,2
27286,8,3.546228110690753e-4,4,3
27286,17,4.799706471284245e-5,4,3
27286,11,2.8817230992218634e-4,4,3
27286,7,4.3712875428762656e-4,4,3
27286,10,2.87012805915713e-4,4,3
27286,15,5.998060990465264e-5,4,3
27286,9,3.2813795214095e-4,4,3
27286,18,3.874459817048648e-5,4,3
27286,3,1.7954148010782377e-4,4,3
27286,16,6.118314860348537e-5,4,3
27286,2,1.6684188303134768e-4,4,3
27286,5,4.915790373600068e-4,4,3
27286,4,2.8891253247927e-4,4,3
27286,12,1.898515432274921e-4,4,3
27286,13,1.2849985025214302e-4,4,3
27286,6,4.859414864843202e-4,4,3
27299,8,6.487002641507476e-6,7,2
27299,17,0,7,2
27299,11,3.566488984185475e-7,7,2
27299,7,8.714688083884102e-6,7,2
27299,10,1.3538339901684576e-6,7,2
27299,15,0,7,2
27299,9,3.2731965300843583e-6,7,2
27299,18,0,7,2
27299,3,8.111813860293243e-4,7,2
27299,16,0,7,2
27299,2,7.587002767465444e-4,7,2
27299,5,8.624634773119302e-5,7,2
27299,4,8.629952071207209e-4,7,2
27299,12,0,7,2
27299,13,0,7,2
27299,6,2.2631168840149453e-5,7,2
27354,8,2.3612689615087212e-4,3,1
27354,17,1.13770820060071e-5,3,1
27354,11,7.418297087105787e-5,3,1
27354,7,3.5834797400931425e-4,3,1
27354,10,9.206071133145512e-5,3,1
27354,15,5.452782718604786e-6,3,1
27354,9,1.4483894645623286e-4,3,1
27354,18,9.926302010620505e-6,3,1
27354,3,4.944343686273977e-6,3,1
27354,16,1.112420883699734e-5,3,1
27354,2,2.77607126508066e-7,3,1
27354,5,0.00227132145497337,3,1
27354,4,7.675642540349517e-4,3,1
27354,12,5.3507219907539526e-5,3,1
27354,13,1.2141718134060755e-5,3,1
27354,6,8.511834058211767e-4,3,1
27633,8,4.476031822640158e-4,6,4
27633,17,8.995005460999363e-5,6,4
27633,11,2.107794989653615e-4,6,4
27633,7,5.047547338185672e-4,6,4
27633,10,3.732069032897715e-4,6,4
27633,15,1.3813716220465456e-4,6,4
27633,9,3.616882165743216e-4,6,4
27633,18,8.773570164225864e-5,6,4
27633,3,9.05432937548922e-4,6,4
27633,16,9.047689854091168e-5,6,4
27633,2,9.83562049218078e-4,6,4
27633,5,3.60323662678716e-4,6,4
27633,4,0.00103739059589706,6,4
27633,12,2.0134568676318575e-4,6,4
27633,13,3.510980160432569e-4,6,4
27633,6,5.129731603767209e-4,6,4
27888,8,2.4650610037728407e-5,6,4
27888,17,3.5553381268772184e-7,6,4
27888,11,6.419680171533854e-6,6,4
27888,7,3.9738977662511506e-5,6,4
27888,10,2.0307509852526864e-5,6,4
27888,15,2.1811130874419143e-6,6,4
27888,9,3.600516183092794e-5,6,4
27888,18,6.40406581330355e-7,6,4
27888,3,1.115567544215566e-4,6,4
27888,16,1.112420883699734e-6,6,4
27888,2,1.4491092003721047e-4,6,4
27888,5,5.355822759983706e-5,6,4
27888,4,7.859019665886877e-5,6,4
27888,12,9.512394650229247e-6,6,4
27888,13,5.39631917069367e-6,6,4
27888,6,4.8091233785317586e-5,6,4
27934,8,6.876222799997924e-5,7,2
27934,17,1.0310480567943934e-5,7,2
27934,11,3.53082409434362e-5,7,2
27934,7,7.634066761482473e-5,7,2
27934,10,8.348642939372155e-5,7,2
27934,15,7.997414653953685e-6,7,2
27934,9,6.137243493908172e-5,7,2
27934,18,1.2167725045276746e-5,7,2
27934,3,8.006746556959921e-4,7,2
27934,16,4.078876573565691e-6,7,2
27934,2,8.547523425183353e-4,7,2
27934,5,9.95730428616689e-5,7,2
27934,4,8.263197820132488e-4,7,2
27934,12,4.637292391986759e-5,7,2
27934,13,2.2259816579111388e-5,7,2
27934,6,1.0655508662237034e-4,7,2
28020,8,1.7298673710686603e-5,7,2
28020,17,0,7,2
28020,11,3.566488984185475e-7,7,2
28020,7,4.3224852896065146e-5,7,2
28020,10,5.86661395739665e-6,7,2
28020,15,7.270376958139714e-7,7,2
28020,9,2.454897397563269e-5,7,2
28020,18,5.443455941308017e-6,7,2
28020,3,7.941852046077575e-5,7,2
28020,16,0,7,2
28020,2,1.118756719827506e-4,7,2
28020,5,1.2069459740808353e-4,7,2
28020,4,8.345530407108445e-5,7,2
28020,12,2.3780986625573123e-6,7,2
28020,13,0,7,2
28020,6,7.040808083602053e-5,7,2
28138,8,4.964719354967054e-4,3,1
28138,17,2.8087171202330027e-5,3,1
28138,11,1.4479945275793028e-4,3,1
28138,7,6.759112077860509e-4,3,1
28138,10,2.8159746995503915e-4,3,1
28138,15,2.0720574330698185e-5,3,1
28138,9,3.706895070320536e-4,3,1
28138,18,2.177382376523207e-5,3,1
28138,3,0,3,1
28138,16,1.8169541100428988e-5,3,1
28138,2,9.993856554290375e-6,3,1
28138,5,0.00173196747280599,3,1
28138,4,3.1885165501598187e-4,3,1
28138,12,1.030509420441502e-4,3,1
28138,13,5.39631917069367e-5,3,1
28138,6,0.00115356096726872,3,1
28279,8,1.0811671069179126e-5,6,4
28279,17,0,6,4
28279,11,0,6,4
28279,7,1.7777963691123567e-5,6,4
28279,10,7.671725944287927e-6,6,4
28279,15,2.5446319353489e-6,6,4
28279,9,3.2731965300843583e-6,6,4
28279,18,0,6,4
28279,3,3.399236284313359e-6,6,4
28279,16,0,6,4
28279,2,9.438642301274244e-6,6,4
28279,5,6.261032240544332e-5,6,4
28279,4,0,6,4
28279,12,1.9817488854644267e-6,6,4
28279,13,4.047239378020252e-6,6,4
28279,6,3.9290223680815025e-5,6,4
28287,8,8.000636591192554e-5,5,7
28287,17,2.133202876126331e-6,5,7
28287,11,2.389547619404268e-5,5,7
28287,7,5.43796536434368e-5,5,7
28287,10,4.377396568211346e-5,5,7
28287,15,9.087971197674644e-6,5,7
28287,9,6.628222973420826e-5,5,7
28287,18,0,5,7
28287,3,5.500582350979799e-5,5,7
28287,16,3.3372626510992015e-6,5,7
28287,2,3.275764092795179e-5,5,7
28287,5,3.5705485066558044e-5,5,7
28287,4,3.742390317088989e-7,5,7
28287,12,6.341596433486166e-6,5,7
28287,13,1.1804448185892403e-5,5,7
28287,6,6.977943725712748e-5,5,7
28557,8,1.5309326233957642e-4,6,4
28557,17,8.888345317193046e-6,6,4
28557,11,6.491009951217564e-5,6,4
28557,7,1.7777963691123567e-4,6,4
28557,10,1.2410144909877528e-4,6,4
28557,15,1.0542046589302586e-5,6,4
28557,9,1.2560891684198727e-4,6,4
28557,18,9.285895429290148e-6,6,4
28557,3,7.308358011273721e-4,6,4
28557,16,8.899367069597871e-6,6,4
28557,2,6.554304256855438e-4,6,4
28557,5,1.5640008247464157e-4,6,4
28557,4,6.534213493637375e-4,6,4
28557,12,3.6067829715452565e-5,6,4
28557,13,2.833067564614177e-5,6,4
28557,6,1.9267925693071687e-4,6,4
28628,8,6.746482747167774e-5,7,2
28628,17,3.1998043141894965e-6,7,2
28628,11,1.2839360343067709e-5,7,2
28628,7,1.2549150840793105e-4,7,2
28628,10,3.2492015764042984e-5,7,2
28628,15,3.9987073269768425e-6,7,2
28628,9,6.21907340716028e-5,7,2
28628,18,1.921219743991065e-6,7,2
28628,3,2.462901198725225e-4,7,2
28628,16,3.708069612332446e-7,7,2
28628,2,1.7961181085071872e-4,7,2
28628,5,4.724690594370603e-4,7,2
28628,4,2.0171483809109652e-4,7,2
28628,12,1.2683192866972332e-5,7,2
28628,13,2.698159585346835e-6,7,2
28628,6,2.228541487175828e-4,7,2
28710,8,3.5029814264140367e-5,6,4
28710,17,3.9108719395649406e-6,6,4
28710,11,1.2126062546230614e-5,6,4
28710,7,4.0784740232577594e-5,6,4
28710,10,2.933306978698325e-5,6,4
28710,15,6.179820414418757e-6,6,4
28710,9,3.068621746954086e-5,6,4
28710,18,0,6,4
28710,3,6.489451088234594e-6,6,4
28710,16,1.112420883699734e-6,6,4
28710,2,1.6378820463975895e-5,6,4
28710,5,2.363602532574969e-5,6,4
28710,4,0,6,4
28710,12,1.2683192866972332e-5,6,4
28710,13,0,6,4
28710,6,6.0349783573731874e-5,6,4
28773,8,1.5136339496850776e-5,6,4
28773,17,3.5553381268772183e-6,6,4
28773,11,1.1769413647812064e-5,6,4
28773,7,3.834462756909005e-5,6,4
28773,10,2.1210065845972502e-5,6,4
28773,15,2.1811130874419143e-6,6,4
28773,9,1.7593431349203425e-5,6,4
28773,18,1.6010164533258875e-6,6,4
28773,3,1.6069116980390423e-5,6,4
28773,16,1.854034806166223e-6,6,4
28773,2,0,6,4
28773,5,2.4138919481616705e-5,6,4
28773,4,4.0792054456269984e-5,6,4
28773,12,9.908744427322134e-6,6,4
28773,13,1.3490797926734176e-6,6,4
28773,6,2.5145743155721617e-5,6,4
28802,8,4.3679151119483666e-5,3,1
28802,17,0,3,1
28802,11,1.925904051460156e-5,3,1
28802,7,5.124236593323852e-5,3,1
28802,10,2.752795780009197e-5,3,1
28802,15,3.635188479069857e-6,3,1
28802,9,3.55960122646674e-5,3,1
28802,18,1.6010164533258875e-6,3,1
28802,3,0,3,1
28802,16,3.3372626510992015e-6,3,1
28802,2,2.77607126508066e-7,3,1
28802,5,1.7601295455345512e-5,3,1
28802,4,0,3,1
28802,12,1.109779375860079e-5,3,1
28802,13,1.4502607771239238e-5,3,1
28802,6,3.8032936523028945e-5,3,1
29077,8,3.710565510942276e-4,3,1
29077,17,5.333007190315828e-6,3,1
29077,11,9.986169155719328e-5,3,1
29077,7,5.922502021807636e-4,3,1
29077,10,1.5614218686609544e-4,3,1
29077,15,2.29016874181401e-5,3,1
29077,9,3.162726147194011e-4,3,1
29077,18,6.40406581330355e-6,3,1
29077,3,5.562386647058224e-6,3,1
29077,16,1.4090664526863296e-5,3,1
29077,2,5.55214253016132e-7,3,1
29077,5,0.00200453610528592,3,1
29077,4,1.717757155543846e-4,3,1
29077,12,6.420866388904743e-5,3,1
29077,13,3.372699481683544e-5,3,1
29077,6,0.00105486392538252,3,1
29174,8,9.475348525028588e-4,6,4
29174,17,2.204309638663875e-5,6,4
29174,11,2.186257747305696e-4,6,4
29174,7,0.00146093031038233,6,4
29174,10,3.4432511149951105e-4,6,4
29174,15,2.7263913593023928e-5,6,4
29174,9,7.053738522331792e-4,6,4
29174,18,1.3768741498602632e-5,6,4
29174,3,2.997508359803598e-5,6,4
29174,16,2.5956487286327124e-5,6,4
29174,2,1.1381892186830706e-5,6,4
29174,5,0.00516396863952044,6,4
29174,4,8.076078304278039e-4,6,4
29174,12,1.0463634115252174e-4,6,4
29174,13,6.745398963367088e-5,6,4
29174,6,0.00292350696364208,6,4
29251,8,4.281421743394934e-5,5,7
29251,17,3.9108719395649406e-6,5,7
29251,11,1.3196009241486256e-5,5,7
29251,7,4.0784740232577594e-5,5,7
29251,10,2.3917733826309415e-5,5,7
29251,15,3.635188479069857e-6,5,7
29251,9,2.8640469638238136e-5,5,7
29251,18,4.803049359977663e-6,5,7
29251,3,5.871408127450347e-6,5,7
29251,16,1.4832278449329785e-6,5,7
29251,2,0,5,7
29251,5,1.6344060065677978e-5,5,7
29251,4,3.742390317088989e-7,5,7
29251,12,2.3780986625573123e-6,5,7
29251,13,6.408129015198733e-6,5,7
29251,6,3.8032936523028945e-5,5,7
29263,8,2.214230234967885e-4,4,3
29263,17,7.821743879129881e-6,4,3
29263,11,9.09454690967296e-5,4,3
29263,7,2.6701804289020885e-4,4,3
29263,10,1.4937301691525314e-4,4,3
29263,15,1.1632603133023542e-5,4,3
29263,9,1.8248070655220295e-4,4,3
29263,18,5.7636592319731955e-6,4,3
29263,3,6.0877231637248336e-5,4,3
29263,16,1.2978243643163562e-5,4,3
29263,2,1.2214713566354905e-5,4,3
29263,5,1.322611629930249e-4,4,3
29263,4,2.4699776092787328e-5,4,3
29263,12,4.9940071913703555e-5,4,3
29263,13,4.182147357287594e-5,4,3
29263,6,2.4517099576828577e-4,4,3
29293,8,2.2315289086785717e-4,4,3
29293,17,1.5643487758259762e-5,4,3
29293,11,1.037848294397973e-4,4,3
29293,7,3.067570205527204e-4,4,3
29293,10,1.4621407093819342e-4,4,3
29293,15,4.2168186357210344e-5,4,3
29293,9,2.23804812744518e-4,4,3
29293,18,2.6256669834544555e-5,4,3
29293,3,3.739159912744695e-5,4,3
29293,16,2.2990031596461167e-5,4,3
29293,2,0,4,3
29293,5,1.782759782548567e-4,4,3
29293,4,0,4,3
29293,12,7.926995541857707e-5,4,3
29293,13,3.440153471317215e-5,4,3
29293,6,3.1369314586762715e-4,4,3
29376,8,4.3679151119483666e-5,4,3
29376,17,1.919882588513698e-5,4,3
29376,11,5.314068586436357e-5,4,3
29376,7,7.390055495133718e-5,4,3
29376,10,5.189696962312421e-5,4,3
29376,15,2.217464972232613e-5,4,3
29376,9,3.723261052970958e-5,4,3
29376,18,1.921219743991065e-5,4,3
29376,3,0,4,3
29376,16,2.5956487286327124e-5,4,3
29376,2,0,4,3
29376,5,5.003796850876796e-5,4,3
29376,4,0,4,3
29376,12,6.381231411195454e-5,4,3
29376,13,4.148420362470759e-5,4,3
29376,6,1.3955887451425495e-4,4,3
29451,8,9.946737383644797e-6,7,2
29451,17,0,7,2
29451,11,0,7,2
29451,7,1.6732201121057476e-5,7,2
29451,10,4.964057963951011e-6,7,2
29451,15,0,7,2
29451,9,3.2731965300843583e-6,7,2
29451,18,0,7,2
29451,3,5.037050130391614e-5,7,2
29451,16,0,7,2
29451,2,4.5527568747322824e-5,7,2
29451,5,1.1566565584941338e-4,7,2
29451,4,9.281127986380694e-5,7,2
29451,12,2.3780986625573123e-6,7,2
29451,13,0,7,2
29451,6,3.488971862856374e-5,7,2
29614,8,4.6706419018853824e-5,6,4
29614,17,6.399608628378993e-6,6,4
29614,11,1.925904051460156e-5,6,4
29614,7,5.647117878356898e-5,6,4
29614,10,3.790735172471681e-5,6,4
29614,15,1.599482930790737e-5,6,4
29614,9,5.278029404761028e-5,6,4
29614,18,3.5222361973169528e-6,6,4
29614,3,8.745307895097096e-5,6,4
29614,16,1.854034806166223e-6,6,4
29614,2,7.911803105479881e-5,6,4
29614,5,2.087010746848111e-5,6,4
29614,4,1.6840756426900452e-4,6,4
29614,12,1.704304041499407e-5,6,4
29614,13,1.4502607771239238e-5,6,4
29614,6,9.93256854651004e-5,6,4
29621,8,8.173623328299419e-5,6,4
29621,17,4.977473377628106e-6,6,4
29621,11,3.102845416241363e-5,6,4
29621,7,9.167851864246076e-5,6,4
29621,10,5.3250803613292664e-5,6,4
29621,15,1.3086678524651484e-5,6,4
29621,9,6.464563146916608e-5,6,4
29621,18,5.443455941308017e-6,6,4
29621,3,5.067952278430826e-5,6,4
29621,16,5.932911379731914e-6,6,4
29621,2,6.579288898241165e-5,6,4
29621,5,6.663347565237945e-5,6,4
29621,4,2.2080102870825037e-5,6,4
29621,12,1.62503408608083e-5,6,4
29621,13,1.3490797926734177e-5,6,4
29621,6,1.1315584420074728e-4,6,4
29711,8,4.757135270438815e-5,6,4
29711,17,2.488736688814053e-6,6,4
29711,11,1.2839360343067709e-5,6,4
29711,7,3.7298864999023954e-5,6,4
29711,10,2.0307509852526864e-5,6,4
29711,15,1.8175942395349288e-6,6,4
29711,9,3.1913666168322495e-5,6,4
29711,18,4.162642778647307e-6,6,4
29711,3,3.5228448764702084e-5,6,4
29711,16,0,6,4
29711,2,5.0524497024468016e-5,6,4
29711,5,4.249455617076274e-5,6,4
29711,4,7.484780634177978e-6,6,4
29711,12,3.963497770928853e-6,6,4
29711,13,1.686349740841772e-6,6,4
29711,6,5.4063347784801474e-5,6,4
29721,8,4.973368691822398e-5,6,4
29721,17,2.8442705015017748e-6,6,4
29721,11,3.5664889841854745e-5,6,4
29721,7,5.7168353830279704e-5,6,4
29721,10,3.610223973782553e-5,6,4
29721,15,9.451490045581628e-6,6,4
29721,9,4.3779003589878295e-5,6,4
29721,18,8.645488847959792e-6,6,4
29721,3,7.540124121567815e-5,6,4
29721,16,4.078876573565691e-6,6,4
29721,2,1.2686645681418617e-4,6,4
29721,5,2.8413519806486327e-5,6,4
29721,4,4.0043576392852185e-5,6,4
29721,12,1.4268591975343873e-5,6,4
29721,13,1.3490797926734177e-5,6,4
29721,6,9.64967893600817e-5,6,4
29852,8,3.7192148477976197e-05,6,4
29852,17,2.8442705015017748e-6,6,4
29852,11,2.389547619404268e-5,6,4
29852,7,4.392202794277587e-5,6,4
29852,10,1.8502397865635582e-5,6,4
29852,15,6.179820414418757e-6,6,4
29852,9,3.1913666168322495e-5,6,4
29852,18,1.921219743991065e-6,6,4
29852,3,3.615551320587845e-5,6,4
29852,16,4.449683534798936e-6,6,4
29852,2,3.553371219303245e-5,6,4
29852,5,3.09279905858214e-5,6,4
29852,4,6.137520120025942e-5,6,4
29852,12,1.4268591975343873e-5,6,4
29852,13,5.39631917069367e-6,6,4
29852,6,5.2177417048122353e-5,6,4
29871,8,2.214230234967885e-4,6,4
29871,17,4.621939564940384e-6,6,4
29871,11,4.351116560706279e-5,6,4
29871,7,3.618338492428679e-4,6,4
29871,10,8.890176535439537e-5,6,4
29871,15,1.4177235068372445e-5,6,4
29871,9,1.7307026652821047e-4,6,4
29871,18,1.6010164533258875e-6,6,4
29871,3,3.80096420882312e-5,6,4
29871,16,2.5956487286327124e-6,6,4
29871,2,4.080824759668571e-5,6,4
29871,5,0.00134800778480153,6,4
29871,4,1.747696278080558e-4,6,4
29871,12,3.7653228823824106e-5,6,4
29871,13,1.55144176157443e-5,6,4
29871,6,7.417994230937877e-4,6,4
29902,8,3.762461532074336e-5,3,1
29902,17,0,3,1
29902,11,4.2797867810225695e-6,3,1
29902,7,4.705931565297415e-5,3,1
29902,10,1.083067192134766e-5,3,1
29902,15,0,3,1
29902,9,1.3911085252858524e-5,3,1
29902,18,9.606098719955323e-7,3,1
29902,3,0,3,1
29902,16,0,3,1
29902,2,0,3,1
29902,5,1.88836755528064e-4,3,1
29902,4,1.908619061715385e-5,3,1
29902,12,4.359847548021739e-6,3,1
29902,13,3.0354295335151892e-6,3,1
29902,6,1.0435483409624472e-4,3,1
29934,8,0.04599760586355844,1,9
29934,17,0.04870528806771639,1,9
29934,11,0.04894471157446936,1,9
29934,7,0.04296968682896902,1,9
29934,10,0.05196511260062935,1,9
29934,15,0.04652277863628812,1,9
29934,9,0.05122757144365151,1,9
29934,18,0.05147267897442728,1,9
29934,3,5.346071610783737e-5,1,9
29934,16,0.04855457592476475,1,9
29934,2,1.4491092003721047e-4,1,9
29934,5,0.00500932868659133,1,9
29934,4,6.960845989785519e-5,1,9
29934,12,0.05180608666425686,1,9
29934,13,0.05098037628533577,1,9
29934,6,0.01545583103066429,1,9
30161,8,0.02302366977523833,1,9
30161,17,0.02259239612724128,1,9
30161,11,0.02374247381662112,1,9
30161,7,0.02149983267798879,1,9
30161,10,0.02451793356195076,1,9
30161,15,0.0215126819002875,1,9
30161,9,0.02506777562565106,1,9
30161,18,0.0226194806558788,1,9
30161,3,2.5648782872546252e-5,1,9
30161,16,0.02250538689812931,1,9
30161,2,9.605206577179084e-5,1,9
30161,5,6.960055117199483e-4,1,9
30161,4,9.355975792722474e-6,1,9
30161,12,0.0232696954131233,1,9
30161,13,0.02262507993297771,1,9
30161,6,0.00615913546420456,1,9
30220,8,3.4597347421373206e-5,7,2
30220,17,3.5553381268772184e-7,7,2
30220,11,1.42659559367419e-5,7,2
30220,7,2.6841239298363032e-5,7,2
30220,10,1.2184505911516116e-5,7,2
30220,15,0,7,2
30220,9,2.1684927011808876e-5,7,2
30220,18,0,7,2
30220,3,0.00210227313110761,7,2
30220,16,3.708069612332446e-7,7,2
30220,2,0.00219920365619689,7,2
30220,5,1.8079044903419176e-4,7,2
30220,4,0.0018405075579443601,7,2
30220,12,2.3780986625573123e-6,7,2
30220,13,1.686349740841772e-6,7,2
30220,6,5.8463852837052754e-5,7,2
30288,8,8.692583539620017e-5,6,4
30288,17,4.266405752252662e-6,6,4
30288,11,4.0301325521295865e-5,6,4
30288,7,9.20271061658161e-5,6,4
30288,10,6.182508555102622e-5,6,4
30288,15,6.179820414418757e-6,6,4
30288,9,6.0144986240300085e-5,6,4
30288,18,1.024650530128568e-5,6,4
30288,3,1.1495599070586996e-4,6,4
30288,16,4.449683534798936e-6,6,4
30288,2,1.3214099221783943e-4,6,4
30288,5,8.096595909458936e-5,6,4
30288,4,9.318551889551584e-5,6,4
30288,12,2.4573686179758897e-5,6,4
30288,13,1.8212577201091137e-5,6,4
30288,6,1.0529779946458426e-4,6,4
30318,8,2.032594161005676e-5,5,7
30318,17,3.5553381268772184e-7,5,7
30318,11,7.1329779683709495e-6,5,7
30318,7,1.2200563317437742e-5,5,7
30318,10,2.707667980336915e-5,5,7
30318,15,1.8175942395349288e-6,5,7
30318,9,2.4139824409372143e-5,5,7
30318,18,9.606098719955323e-7,5,7
30318,3,3.615551320587845e-5,5,7
30318,16,0,5,7
30318,2,1.38803563254033e-6,5,7
30318,5,1.1063671429074322e-5,5,7
30318,4,3.742390317088989e-7,5,7
30318,12,6.737946210579051e-6,5,7
30318,13,5.059049222525316e-6,5,7
30318,6,2.1373881682363373e-5,5,7
30364,8,2.3353209509426912e-5,7,2
30364,17,1.4221352507508874e-6,7,2
30364,11,7.1329779683709495e-6,7,2
30364,7,2.2658189018098664e-5,7,2
30364,10,5.86661395739665e-6,7,2
30364,15,9.451490045581628e-6,7,2
30364,9,2.0866627879287784e-5,7,2
30364,18,1.28081316266071e-6,7,2
30364,3,1.232995706764573e-4,7,2
30364,16,2.966455689865957e-6,7,2
30364,2,1.0909960071766994e-4,7,2
30364,5,2.338457824781618e-5,7,2
30364,4,4.827683509044796e-5,7,2
30364,12,3.963497770928854e-7,7,2
30364,13,0,7,2
30364,6,2.5145743155721617e-5,7,2
30373,8,3.2435013207537376e-5,6,4
30373,17,1.0666014380631656e-6,6,4
30373,11,1.248271144464916e-5,6,4
30373,7,2.928135196185058e-5,6,4
30373,10,2.3917733826309415e-5,6,4
30373,15,3.2716696311628713e-6,6,4
30373,9,2.8640469638238136e-5,6,4
30373,18,9.606098719955323e-7,6,4
30373,3,7.972754194116788e-5,6,4
30373,16,2.966455689865957e-6,6,4
30373,2,1.013266011754441e-4,6,4
30373,5,1.9612872078813573e-5,6,4
30373,4,7.709324053203318e-5,6,4
30373,12,8.323345318950592e-6,6,4
30373,13,6.745398963367088e-7,6,4
30373,6,3.300378789188462e-5,6,4
30391,8,3.027267899370155e-6,7,2
30391,17,0,7,2
30391,11,3.566488984185475e-7,7,2
30391,7,2.0915251401321845e-6,7,2
30391,10,1.3538339901684576e-6,7,2
30391,15,0,7,2
30391,9,8.182991325210896e-7,7,2
30391,18,0,7,2
30391,3,7.60192841764624e-5,7,2
30391,16,0,7,2
30391,2,6.801374599447617e-5,7,2
30391,5,1.03093301952738e-5,7,2
30391,4,1.721499545860935e-5,7,2
30391,12,1.189049331278656e-6,7,2
30391,13,0,7,2
30391,6,1.885930736679121e-6,7,2
30439,8,9.081803698110464e-6,7,2
30439,17,1.4221352507508874e-6,7,2
30439,11,5.349733476278212e-6,7,2
30439,7,8.017513037173374e-6,7,2
30439,10,6.3178919541194684e-06,7,2
30439,15,0,7,2
30439,9,5.3189443613870825e-6,7,2
30439,18,1.28081316266071e-6,7,2
30439,3,7.571026269607026e-5,7,2
30439,16,0,7,2
30439,2,7.273306714511329e-5,7,2
30439,5,1.508682467601044e-5,7,2
30439,4,1.1788529498830315e-4,7,2
30439,12,7.926995541857708e-7,7,2
30439,13,5.059049222525316e-6,7,2
30439,6,1.4144480525093408e-5,7,2
30582,8,8.649336855343301e-6,7,2
30582,17,0,7,2
30582,11,0,7,2
30582,7,1.4292088457569926e-5,7,2
30582,10,5.4153359606738304e-6,7,2
30582,15,1.0905565437209572e-6,7,2
30582,9,4.500645228865993e-6,7,2
30582,18,1.28081316266071e-6,7,2
30582,3,1.0846653961763535e-4,7,2
30582,16,0,7,2
30582,2,7.245546001860524e-5,7,2
30582,5,1.6344060065677978e-5,7,2
30582,4,9.842486533944042e-5,7,2
30582,12,1.189049331278656e-6,7,2
30582,13,3.372699481683544e-7,7,2
30582,6,2.4517099576828577e-5,7,2
30613,8,0.0015067144802008,1,9
30613,17,0.00170229589514881,1,9
30613,11,0.00159671711821983,1,9
30613,7,0.00142920884575699,1,9
30613,10,0.00162144184222508,1,9
30613,15,0.00160130052503027,1,9
30613,9,0.00175647908795651,1,9
30613,18,0.00172397451694131,1,9
30613,3,1.8232267343135288e-5,1,9
30613,16,0.00168160956919276,1,9
30613,2,1.6378820463975895e-5,1,9
30613,5,7.87029353931878e-5,1,9
30613,4,7.859019665886877e-6,1,9
30613,12,0.00148948246231506,1,9
30613,13,0.0017936015843593,1,9
30613,6,4.303065297522862e-4,1,9
30711,8,4.194928374841501e-5,6,4
30711,17,0,6,4
30711,11,1.569255153041609e-5,6,4
30711,7,5.2636716026659977e-5,6,4
30711,10,1.6246007882021492e-5,6,4
30711,15,0,6,4
30711,9,3.273196530084359e-5,6,4
30711,18,0,6,4
30711,3,1.4524009578429806e-5,6,4
30711,16,0,6,4
30711,2,3.6366533572556646e-5,6,4
30711,5,2.094554159186116e-4,6,4
30711,4,3.36815128538009e-5,6,4
30711,12,5.548896879300395e-6,6,4
30711,13,2.360889637178481e-6,6,4
30711,6,1.1409880956908683e-4,6,4
30723,8,5.44908221886628e-5,6,4
30723,17,0,6,4
30723,11,1.818909381934592e-5,6,4
30723,7,1.0004461920298948e-4,6,4
30723,10,1.7148563875467128e-5,6,4
30723,15,5.0892638706978e-6,6,4
30723,9,3.764176009597012e-5,6,4
30723,18,9.606098719955323e-7,6,4
30723,3,1.7305202901958918e-5,6,4
30723,16,1.112420883699734e-6,6,4
30723,2,0,6,4
30723,5,3.635924746918516e-4,6,4
30723,4,3.44299909172187e-5,6,4
30723,12,1.5853991083715415e-6,6,4
30723,13,6.745398963367088e-7,6,4
30723,6,2.0336619777189857e-4,6,4
30851,8,5.059862060375831e-5,6,4
30851,17,0,6,4
30851,11,1.1412764749393518e-5,6,4
30851,7,9.969603167963412e-5,6,4
30851,10,2.1210065845972502e-5,6,4
30851,15,1.0905565437209572e-6,6,4
30851,9,3.55960122646674e-5,6,4
30851,18,0,6,4
30851,3,0,6,4
30851,16,7.416139224664892e-7,6,4
30851,2,0,6,4
30851,5,4.380208097601698e-4,6,4
30851,4,7.110541602469079e-5,6,4
30851,12,9.116044873136364e-6,6,4
30851,13,2.698159585346835e-6,6,4
30851,6,2.0902398998193e-4,6,4
30918,8,6.378885930815684e-4,6,4
30918,17,9.59941294256849e-6,6,4
30918,11,1.4016301707848916e-4,6,4
30918,7,0.00105482584567333,6,4
30918,10,2.2473644236796397e-4,6,4
30918,15,1.1996121980930527e-5,6,4
30918,9,4.893428812476116e-4,6,4
30918,18,7.364675685299083e-6,6,4
30918,3,8.158167082352061e-5,6,4
30918,16,1.1865822759463828e-5,6,4
30918,2,8.272692369940368e-5,6,4
30918,5,0.00412373207810952,6,4
30918,4,8.704799877548989e-4,6,4
30918,12,8.878235006880632e-5,6,4
30918,13,4.21587435210443e-5,6,4
30918,6,0.00213770249002578,6,4
30937,8,2.162334213835826e-6,7,2
30937,17,0,7,2
30937,11,5.706382374696759e-6,7,2
30937,7,1.7429376167768204e-6,7,2
30937,10,2.256389983614096e-6,7,2
30937,15,0,7,2
30937,9,2.454897397563269e-6,7,2
30937,18,0,7,2
30937,3,5.685995239215073e-5,7,2
30937,16,1.854034806166223e-6,7,2
30937,2,4.3029104608750235e-5,7,2
30937,5,1.0057883117340292e-5,7,2
30937,4,5.7258571851461535e-5,7,2
30937,12,3.170798216743083e-6,7,2
30937,13,0,7,2
30937,6,8.486688315056044e-6,7,2
31013,8,9.730503962261212e-4,6,4
31013,17,1.3154751069445708e-5,6,4
31013,11,2.050731165906648e-4,6,4
31013,7,0.00159269639421065,6,4
31013,10,3.953195251291896e-4,6,4
31013,15,3.780596018232651e-5,6,4
31013,9,6.926902156791023e-4,6,4
31013,18,1.8891994149245472e-5,6,4
31013,3,4.388105021568154e-5,6,4
31013,16,3.040617082112606e-5,6,4
31013,2,1.110428506032264e-5,6,4
31013,5,0.00593842563955564,6,4
31013,4,6.493047200149397e-4,6,4
31013,12,1.4744211707855336e-4,6,4
31013,13,6.57676398928291e-5,6,4
31013,6,0.00311744350773058,6,4
31031,8,2.547229703898602e-4,4,3
31031,17,1.8487758259761537e-5,4,3
31031,11,8.844892680779977e-5,4,3
31031,7,2.6422934270336595e-4,4,3
31031,10,1.3989617898407396e-4,4,3
31031,15,2.871798898465187e-5,4,3
31031,9,2.1398522315426493e-4,4,3
31031,18,9.285895429290148e-6,4,3
31031,3,2.842997619607537e-5,4,3
31031,16,2.3360838557694413e-5,4,3
31031,2,9.16103517476618e-6,4,3
31031,5,1.3452418669442643e-4,4,3
31031,4,1.6092278363482653e-5,4,3
31031,12,6.183056522649012e-5,4,3
31031,13,4.182147357287594e-5,4,3
31031,6,2.583725109250396e-4,4,3
31054,8,1.9590747977352575e-4,6,4
31054,17,8.177277691817603e-6,6,4
31054,11,7.810610875366189e-5,6,4
31054,7,2.0043782592933432e-4,6,4
31054,10,1.2274761510860683e-4,6,4
31054,15,2.3265206266047084e-5,6,4
31054,9,1.3010956207085324e-4,6,4
31054,18,6.40406581330355e-6,6,4
31054,3,8.93072078333237e-5,6,4
31054,16,2.1135996790294945e-5,6,4
31054,2,7.634195978971815e-5,6,4
31054,5,1.2773511559022172e-4,6,4
31054,4,4.191477155139668e-5,6,4
31054,12,3.963497770928854e-5,6,4
31054,13,2.394616631995316e-5,6,4
31054,6,1.823066378789817e-4,6,4
31192,8,7.91414322263912e-5,6,4
31192,17,1.2443683444070264e-5,6,4
31192,11,5.813377044222324e-5,6,4
31192,7,1.1677682032404697e-4,6,4
31192,10,5.911741757068931e-5,6,4
31192,15,2.03570554827912e-5,6,4
31192,9,8.469396021593278e-5,6,4
31192,18,3.5222361973169528e-6,6,4
31192,3,7.756439157842301e-5,6,4
31192,16,9.64098099206436e-6,6,4
31192,2,9.216556600067792e-5,6,4
31192,5,5.3055333443970046e-5,6,4
31192,4,3.5552708012345395e-5,6,4
31192,12,3.329338127580237e-5,6,4
31192,13,1.9561656993764552e-5,6,4
31192,6,1.885930736679121e-4,6,4
31195,8,5.31934216603613e-5,7,2
31195,17,4.266405752252662e-6,7,2
31195,11,1.997233831143866e-5,7,2
31195,7,6.518586686745308e-5,7,2
31195,10,3.5199683744379894e-5,7,2
31195,15,3.635188479069857e-6,7,2
31195,9,5.3189443613870825e-5,7,2
31195,18,4.162642778647307e-6,7,2
31195,3,3.95238473421526e-4,7,2
31195,16,1.4832278449329785e-6,7,2
31195,2,3.2063623111681623e-4,7,2
31195,5,3.847140292382662e-5,7,2
31195,4,2.8479590313047206e-4,7,2
31195,12,1.981748885464427e-5,7,2
31195,13,1.011809844505063e-6,7,2
31195,6,5.8778174626499274e-5,7,2
31223,8,6.9194694842746405e-6,7,2
31223,17,1.0666014380631656e-6,7,2
31223,11,3.209840085766927e-6,7,2
31223,7,5.577400373685825e-6,7,2
31223,10,3.6102239737825536e-6,7,2
31223,15,0,7,2
31223,9,6.955542626429262e-6,7,2
31223,18,6.40406581330355e-7,7,2
31223,3,2.4103675470585635e-4,7,2
31223,16,0,7,2
31223,2,1.72394025561509e-4,7,2
31223,5,1.8355636689146036e-5,7,2
31223,4,2.829247079719276e-4,7,2
31223,12,0,7,2
31223,13,3.709969429851898e-6,7,2
31223,6,1.1315584420074726e-5,7,2
31293,8,2.032594161005676e-5,6,4
31293,17,3.5553381268772184e-7,6,4
31293,11,6.7763290699524014e-6,6,4
31293,7,2.4401126634875484e-5,6,4
31293,10,1.8953675862358405e-5,6,4
31293,15,3.635188479069857e-6,6,4
31293,9,1.9639179180506152e-5,6,4
31293,18,0,6,4
31293,3,2.9357040637251736e-5,6,4
31293,16,7.416139224664892e-7,6,4
31293,2,6.412724622336325e-5,6,4
31293,5,8.172030032838988e-5,6,4
31293,4,1.010445385614027e-5,6,4
31293,12,8.323345318950592e-6,6,4
31293,13,3.372699481683544e-6,6,4
31293,6,3.7718614733582425e-5,6,4
31334,8,1.72986737106866e-6,7,2
31334,17,0,7,2
31334,11,1.4265955936741898e-6,7,2
31334,7,4.5316378036197325e-6,7,2
31334,10,3.6102239737825536e-6,7,2
31334,15,0,7,2
31334,9,4.909794795126538e-6,7,2
31334,18,0,7,2
31334,3,3.631002394607452e-4,7,2
31334,16,0,7,2
31334,2,3.4839694376762287e-4,7,2
31334,5,2.087010746848111e-5,7,2
31334,4,3.2858186984041323e-4,7,2
31334,12,2.3780986625573123e-6,7,2
31334,13,0,7,2
31334,6,1.0058297262288646e-5,7,2
31426,8,3.2435013207537376e-5,4,3
31426,17,1.0666014380631656e-6,4,3
31426,11,7.1329779683709495e-6,4,3
31426,7,3.5555927382247135e-5,4,3
31426,10,2.256389983614096e-5,4,3
31426,15,1.4540753916279428e-6,4,3
31426,9,3.314111486710413e-5,4,3
31426,18,6.40406581330355e-7,4,3
31426,3,0,4,3
31426,16,2.224841767399468e-6,4,3
31426,2,0,4,3
31426,5,2.7659178572685807e-5,4,3
31426,4,0,4,3
31426,12,1.4268591975343873e-5,4,3
31426,13,3.372699481683544e-6,4,3
31426,6,5.6577922100373634e-5,4,3
31509,8,5.622068955973145e-6,7,2
31509,17,0,7,2
31509,11,4.993084577859665e-6,7,2
31509,7,6.274575420396553e-6,7,2
31509,10,3.1589459770597342e-06,7,2
31509,15,0,7,2
31509,9,4.500645228865993e-6,7,2
31509,18,0,7,2
31509,3,1.220634847548888e-4,7,2
31509,16,0,7,2
31509,2,8.467017358496014e-5,7,2
31509,5,8.800647727672756e-6,7,2
31509,4,1.6241973976166213e-4,7,2
31509,12,7.926995541857708e-7,7,2
31509,13,1.686349740841772e-6,7,2
31509,6,1.9173629156237732e-05,7,2
31515,8,2.59480105660299e-6,7,2
31515,17,3.5553381268772184e-7,7,2
31515,11,3.923137882604022e-6,7,2
31515,7,1.115480074737165e-5,7,2
31515,10,4.964057963951011e-6,7,2
31515,15,1.4540753916279428e-6,7,2
31515,9,9.41044002399253e-6,7,2
31515,18,0,7,2
31515,3,1.127928403431251e-4,7,2
31515,16,7.416139224664892e-7,7,2
31515,2,4.3029104608750235e-5,7,2
31515,5,6.286176948337683e-6,7,2
31515,4,1.4483050527134387e-4,7,2
31515,12,1.9817488854644267e-6,7,2
31515,13,3.709969429851898e-6,7,2
31515,6,1.4773124103986449e-5,7,2
31565,8,2.1623342138358253e-5,6,4
31565,17,1.7776690634386092e-6,6,4
31565,11,1.4265955936741898e-6,6,4
31565,7,2.056666387796648e-5,6,4
31565,10,1.2184505911516116e-5,6,4
31565,15,1.0905565437209572e-6,6,4
31565,9,1.513853395164016e-5,6,4
31565,18,9.606098719955323e-7,6,4
31565,3,6.798472568626718e-6,6,4
31565,16,0,6,4
31565,2,9.993856554290375e-6,6,4
31565,5,2.363602532574969e-5,6,4
31565,4,2.095738577569834e-5,6,4
31565,12,1.9817488854644267e-6,6,4
31565,13,1.011809844505063e-6,6,4
31565,6,2.8917604629079857e-5,6,4
31634,8,3.5462281106907534e-5,4,3
31634,17,1.4221352507508874e-6,4,3
31634,11,2.6035369584553964e-5,4,3
31634,7,4.2527677849354414e-5,4,3
31634,10,2.5722845813200693e-5,4,3
31634,15,3.9987073269768425e-6,4,3
31634,9,2.6594721806935413e-5,4,3
31634,18,0,4,3
31634,3,8.652601450979459e-6,4,3
31634,16,2.5956487286327124e-6,4,3
31634,2,0,4,3
31634,5,3.319101428722297e-5,4,3
31634,4,0,4,3
31634,12,1.1494143535693677e-5,4,3
31634,13,1.8887117097427844e-5,4,3
31634,6,8.172366525609525e-5,4,3
31661,8,9.730503962261212e-5,6,4
31661,17,9.954946755256212e-6,6,4
31661,11,6.598004620743128e-5,6,4
31661,7,1.4605817228589753e-4,6,4
31661,10,7.671725944287927e-5,6,4
31661,15,1.27231596767445e-5,6,4
31661,9,9.04220541435804e-5,6,4
31661,18,5.7636592319731955e-6,6,4
31661,3,1.035221959313614e-4,6,4
31661,16,1.7427927177962497e-5,6,4
31661,2,1.2769927819371036e-4,6,4
31661,5,1.7802453117692318e-4,6,4
31661,4,9.019160664184465e-5,6,4
31661,12,3.408608082998814e-5,6,4
31661,13,2.428343626812151e-5,6,4
31661,6,2.395132035582484e-4,6,4
31695,8,0.1041094729267107,1,9
31695,17,0.11638683785382724,1,9
31695,11,0.1087672145507044,1,9
31695,7,0.0964545162999526,1,9
31695,10,0.12054402465060927,1,9
31695,15,0.11147632638030831,1,9
31695,9,0.11717225278569482,1,9
31695,18,0.11994046780419954,1,9
31695,3,3.2138233960780846e-5,1,9
31695,16,0.11698848384820498,1,9
31695,2,3.539490862977842e-4,1,9
31695,5,0.00250541868452946,1,9
31695,4,3.106183963183861e-5,1,9
31695,12,0.10798906391695046,1,9
31695,13,0.11258037142864852,1,9
31695,6,0.02554053132326644,1,9
31771,8,1.9028541081755266e-5,6,4
31771,17,0,6,4
31771,11,4.993084577859665e-6,6,4
31771,7,9.760450653950194e-6,6,4
31771,10,8.123003941010746e-6,6,4
31771,15,7.270376958139714e-7,6,4
31771,9,9.001290457731986e-6,6,4
31771,18,2.8818296159865978e-6,6,4
31771,3,1.7923245862743167e-5,6,4
31771,16,0,6,4
31771,2,3.4423283687000187e-5,6,4
31771,5,9.806436039406788e-6,6,4
31771,4,3.181031769525641e-5,6,4
31771,12,4.7561973251146245e-6,6,4
31771,13,3.372699481683544e-7,6,4
31771,6,1.2572871577860808e-5,6,4
31859,8,1.383893896854928e-5,7,2
31859,17,1.7776690634386092e-6,7,2
31859,11,6.7763290699524014e-6,7,2
31859,7,2.1961013971387935e-5,7,2
31859,10,6.769169950842288e-6,7,2
31859,15,3.9987073269768425e-6,7,2
31859,9,1.1456187855295254e-5,7,2
31859,18,0,7,2
31859,3,2.1724210071566284e-4,7,2
31859,16,3.708069612332446e-7,7,2
31859,2,2.2680502235708993e-4,7,2
31859,5,2.816207272855282e-5,7,2
31859,4,1.5680615428602864e-4,7,2
31859,12,2.3780986625573123e-6,7,2
31859,13,3.0354295335151892e-6,7,2
31859,6,2.7660317471293777e-5,7,2
31875,8,3.291072673458126e-4,3,1
31875,17,7.821743879129881e-6,3,1
31875,11,8.773562901096267e-5,3,1
31875,7,5.113778967623191e-4,3,1
31875,10,1.579472988529867e-4,3,1
31875,15,1.9993536634884217e-5,3,1
31875,9,2.336244023347711e-4,3,1
31875,18,8.325285557294615e-6,3,1
31875,3,4.944343686273977e-6,3,1
31875,16,9.270174030831115e-6,3,1
31875,2,2.77607126508066e-7,3,1
31875,5,0.00181419066729025,3,1
31875,4,3.1772893792085516e-4,3,1
31875,12,7.530645764764821e-5,3,1
31875,13,1.7200767356586074e-5,3,1
31875,6,0.00101431641454392,3,1
31916,8,7.78440316980897e-6,7,2
31916,17,1.4221352507508874e-6,7,2
31916,11,3.5664889841854747e-6,7,2
31916,7,1.464067598092529e-5,7,2
31916,10,4.512779967228192e-6,7,2
31916,15,1.4540753916279428e-6,7,2
31916,9,6.137243493908172e-6,7,2
31916,18,0,7,2
31916,3,1.180462055097912e-4,7,2
31916,16,0,7,2
31916,2,2.245841653450254e-4,7,2
31916,5,2.6653390260951776e-5,7,2
31916,4,2.3352515578635292e-4,7,2
31916,12,1.9817488854644267e-6,7,2
31916,13,4.047239378020252e-6,7,2
31916,6,1.2258549788414288e-5,7,2
31946,8,4.3679151119483666e-5,3,1
31946,17,4.977473377628106e-6,3,1
31946,11,1.4622604835160446e-5,3,1
31946,7,4.915084079310633e-5,3,1
31946,10,2.211262183941814e-5,3,1
31946,15,3.9987073269768425e-6,3,1
31946,9,3.723261052970958e-5,3,1
31946,18,2.56162632532142e-6,3,1
31946,3,4.944343686273977e-6,3,1
31946,16,5.191297457265425e-6,3,1
31946,2,4.719321150637123e-6,3,1
31946,5,7.16624172110496e-5,3,1
31946,4,8.607497729304675e-6,3,1
31946,12,1.3475892421158102e-5,3,1
31946,13,9.106288600545569e-6,3,1
31946,6,6.85221500993414e-5,3,1
32113,8,2.8542811622632893e-5,6,4
32113,17,1.7776690634386092e-6,6,4
32113,11,1.7119147124090278e-5,6,4
32113,7,4.217909032599905e-5,6,4
32113,10,1.4892173891853034e-5,6,4
32113,15,0,6,4
32113,9,2.2503226144329965e-5,6,4
32113,18,2.8818296159865978e-6,6,4
32113,3,4.419007169607367e-5,6,4
32113,16,3.708069612332446e-7,6,4
32113,2,7.939563818130688e-5,6,4
32113,5,4.526047402803132e-5,6,4
32113,4,3.966933736114328e-5,6,4
32113,12,3.963497770928853e-6,6,4
32113,13,4.3845093261886066e-6,6,4
32113,6,2.7660317471293777e-5,6,4
32139,8,0.00549319383682853,3,1
32139,17,3.2140256666970057e-4,3,1
32139,11,0.00194516309197475,3,1
32139,7,0.00719205778186787,3,1
32139,10,0.00331192921794877,3,1
32139,15,5.060182362865241e-4,3,1
32139,9,0.0042506548438808,3,1
32139,18,2.3022616598826265e-4,3,1
32139,3,3.121116951960448e-5,3,1
32139,16,3.4930015748171645e-4,3,1
32139,2,2.304139150016948e-5,3,1
32139,5,0.0160425750192357,3,1
32139,4,0.00224767962444364,3,1
32139,12,0.00140109646202334,3,1
32139,13,8.256368331161315e-4,3,1
32139,6,0.01213187810726734,3,1
32169,8,9.514270540877633e-6,7,2
32169,17,0,7,2
32169,11,7.132977968370949e-7,7,2
32169,7,1.4989263504280656e-5,7,2
32169,10,4.061501970505373e-6,7,2
32169,15,0,7,2
32169,9,6.955542626429262e-6,7,2
32169,18,0,7,2
32169,3,1.1650109810783058e-4,7,2
32169,16,0,7,2
32169,2,1.3769313474800077e-4,7,2
32169,5,6.261032240544332e-5,7,2
32169,4,1.803832132836893e-4,7,2
32169,12,1.189049331278656e-6,7,2
32169,13,6.745398963367088e-7,7,2
32169,6,2.7660317471293777e-5,7,2
32205,8,4.324668427671651e-7,7,2
32205,17,0,7,2
32205,11,1.4265955936741898e-6,7,2
32205,7,4.5316378036197325e-6,7,2
32205,10,4.512779967228192e-7,7,2
32205,15,0,7,2
32205,9,4.091495662605448e-7,7,2
32205,18,3.202032906651775e-7,7,2
32205,3,1.7305202901958918e-4,7,2
32205,16,0,7,2
32205,2,1.4518852716371853e-4,7,2
32205,5,1.2823800974608876e-5,7,2
32205,4,2.0508298937647665e-4,7,2
32205,12,0,7,2
32205,13,0,7,2
32205,6,4.086183262804762e-6,7,2
32252,8,1.7601400500623615e-4,2,8
32252,17,6.428051333394011e-4,2,8
32252,11,6.8012944928417e-4,2,8
32252,7,2.03923701162888e-4,2,8
32252,10,4.04345085063646e-4,2,8
32252,15,8.001049842432756e-4,2,8
32252,9,2.336244023347711e-4,2,8
32252,18,5.776467363599802e-4,2,8
32252,3,9.486959448038192e-5,2,8
32252,16,7.060164541880978e-4,2,8
32252,2,1.0993242209719414e-4,2,8
32252,5,5.431256883363759e-5,2,8
32252,4,7.933867472228657e-5,2,8
32252,12,7.510828275910178e-4,2,8
32252,13,7.865135191286024e-4,2,8
32252,6,2.7440292218681214e-4,2,8
32351,8,8.692583539620017e-5,4,3
32351,17,3.9108719395649406e-6,4,3
32351,11,1.5335902631997542e-5,4,3
32351,7,9.725591901614658e-5,4,3
32351,10,3.971246371160809e-5,4,3
32351,15,2.1811130874419143e-6,4,3
32351,9,5.155284534882865e-5,4,3
32351,18,9.606098719955323e-7,4,3
32351,3,2.62668258333305e-5,4,3
32351,16,2.966455689865957e-6,4,3
32351,2,3.053678391588726e-6,4,3
32351,5,3.1280016494928314e-4,4,3
32351,4,7.484780634177978e-6,4,3
32351,12,8.323345318950592e-6,4,3
32351,13,3.0354295335151892e-6,4,3
32351,6,1.775918110372839e-4,4,3
32364,8,3.7192148477976197e-05,6,4
32364,17,3.5553381268772184e-7,6,4
32364,11,1.0699466952556424e-5,6,4
32364,7,3.276722719540422e-5,6,4
32364,10,1.6246007882021492e-5,6,4
32364,15,3.635188479069857e-6,6,4
32364,9,3.55960122646674e-5,6,4
32364,18,0,6,4
32364,3,8.621699302940247e-5,6,4
32364,16,2.224841767399468e-6,6,4
32364,2,4.524996162081476e-5,6,4
32364,5,6.210742824957631e-5,6,4
32364,4,5.1270747344119155e-5,6,4
32364,12,2.3780986625573123e-6,6,4
32364,13,8.094478756040504e-6,6,4
32364,6,8.39239177822209e-5,6,4
32675,8,2.3093729403766617e-4,6,4
32675,17,8.177277691817603e-6,6,4
32675,11,5.70638237469676e-5,6,4
32675,7,3.5137622354220697e-4,6,4
32675,10,1.105631091970907e-4,6,4
32675,15,1.1632603133023542e-5,6,4
32675,9,1.8370815525098463e-4,6,4
32675,18,3.84243948798213e-6,6,4
32675,3,5.222463018626888e-5,6,4
32675,16,1.112420883699734e-5,6,4
32675,2,8.800145910305692e-5,6,4
32675,5,0.0012134835981071,6,4
32675,4,1.9086190617153848e-4,6,4
32675,12,1.9024789300458495e-5,6,4
32675,13,1.8887117097427844e-5,6,4
32675,6,6.861644663617535e-4,6,4
32762,8,3.892201584904485e-6,7,2
32762,17,0,7,2
32762,11,0,7,2
32762,7,6.623162943751917e-6,7,2
32762,10,1.3538339901684576e-6,7,2
32762,15,0,7,2
32762,9,4.091495662605448e-7,7,2
32762,18,0,7,2
32762,3,1.0444926037253776e-4,7,2
32762,16,3.708069612332446e-7,7,2
32762,2,8.32821379524198e-5,7,2
32762,5,2.2202776981528695e-4,7,2
32762,4,1.2125344627368324e-4,7,2
32762,12,0,7,2
32762,13,0,7,2
32762,6,4.8091233785317586e-5,7,2
32780,8,2.426138987923796e-4,6,4
32780,17,8.532811504505325e-6,6,4
32780,11,4.600770789599262e-5,6,4
32780,7,3.7856605036392537e-4,6,4
32780,10,1.3538339901684576e-4,6,4
32780,15,1.0905565437209571e-5,6,4
32780,9,1.8248070655220295e-4,6,4
32780,18,8.645488847959792e-6,6,4
32780,3,2.2867589549017145e-5,6,4
32780,16,5.932911379731914e-6,6,4
32780,2,5.080210415097608e-5,6,4
32780,5,0.00119864822050902,6,4
32780,4,2.084511406618567e-4,6,4
32780,12,4.122037681766008e-5,6,4
32780,13,1.6188957512081008e-5,6,4
32780,6,7.116245313069217e-4,6,4
33011,8,1.816360739622093e-5,7,2
33011,17,0,7,2
33011,11,9.62952025730078e-6,7,2
33011,7,1.533785102763602e-5,7,2
33011,10,6.769169950842288e-6,7,2
33011,15,1.0905565437209572e-6,7,2
33011,9,6.546393060168717e-6,7,2
33011,18,3.5222361973169528e-6,7,2
33011,3,5.284267314705313e-5,7,2
33011,16,1.4832278449329785e-6,7,2
33011,2,6.218399633780678e-5,7,2
33011,5,1.7852742533279022e-5,7,2
33011,4,7.784171859545097e-5,7,2
33011,12,6.737946210579051e-6,7,2
33011,13,5.39631917069367e-6,7,2
33011,6,2.0430916314023813e-5,7,2
33044,8,4.713888586162099e-5,3,1
33044,17,1.2088149631382544e-5,3,1
33044,11,2.78186140766467e-5,3,1
33044,7,6.169999163389944e-5,3,1
33044,10,4.287140968866782e-5,3,1
33044,15,2.1811130874419143e-6,3,1
33044,9,4.418815315613884e-5,3,1
33044,18,3.84243948798213e-6,3,1
33044,3,1.8541288823527413e-6,3,1
33044,16,8.528560108364627e-6,3,1
33044,2,9.438642301274244e-6,3,1
33044,5,3.117943766375491e-5,3,1
33044,4,7.110541602469079e-6,3,1
33044,12,2.0213838631737152e-5,3,1
33044,13,1.92243870455962e-5,3,1
33044,6,8.423823957166741e-5,3,1
33201,8,7.049209537104791e-5,6,4
33201,17,7.110676253754437e-7,6,4
33201,11,1.1412764749393518e-5,6,4
33201,7,1.223542206977328e-4,6,4
33201,10,2.4820289819755058e-5,6,4
33201,15,3.2716696311628713e-6,6,4
33201,9,5.973583667403954e-5,6,4
33201,18,0,6,4
33201,3,2.873899767646749e-5,6,4
33201,16,3.708069612332446e-7,6,4
33201,2,3.719935495208085e-5,6,4
33201,5,4.724690594370603e-4,6,4
33201,4,5.576161572462594e-5,6,4
33201,12,6.737946210579051e-6,6,4
33201,13,3.0354295335151892e-6,6,4
33201,6,2.4045616892658792e-4,6,4
33203,8,1.72986737106866e-6,7,2
33203,17,0,7,2
33203,11,3.209840085766927e-6,7,2
33203,7,3.834462756909005e-6,7,2
33203,10,4.512779967228192e-7,7,2
33203,15,0,7,2
33203,9,2.454897397563269e-6,7,2
33203,18,0,7,2
33203,3,1.6378138460782548e-4,7,2
33203,16,0,7,2
33203,2,1.5462716946499275e-4,7,2
33203,5,1.2572353896675366e-5,7,2
33203,4,1.2237616336880996e-4,7,2
33203,12,0,7,2
33203,13,0,7,2
33203,6,2.5145743155721616e-6,7,2
33265,8,8.887193618865242e-4,6,4
33265,17,2.8087171202330027e-5,6,4
33265,11,2.4751433550247194e-4,6,4
33265,7,0.00131208343790959,6,4
33265,10,3.8268374122095065e-4,6,4
33265,15,6.070764760046661e-5,6,4
33265,9,6.771425321612017e-4,6,4
33265,18,2.049301060257136e-5,6,4
33265,3,1.2577174251959428e-4,6,4
33265,16,4.635087015415558e-5,6,4
33265,2,2.140350945377189e-4,6,4
33265,5,0.00396557186608934,6,4
33265,4,4.393566232262473e-4,6,4
33265,12,1.438749690847174e-4,6,4
33265,13,1.0961273315471515e-4,6,4
33265,6,0.0023432689403238,6,4
33281,8,1.461737928553018e-4,6,4
33281,17,4.266405752252662e-6,6,4
33281,11,3.7091485435528933e-5,6,4
33281,7,2.286734153211188e-4,6,4
33281,10,7.355831346581953e-5,6,4
33281,15,3.2716696311628713e-6,6,4
33281,9,8.387566108341169e-5,6,4
33281,18,3.202032906651775e-7,6,4
33281,3,1.5389269723527753e-4,6,4
33281,16,2.966455689865957e-6,6,4
33281,2,7.273306714511329e-5,6,4
33281,5,8.516512529607894e-4,6,4
33281,4,2.3427363384977072e-4,6,4
33281,12,1.4664941752436758e-5,6,4
33281,13,9.780828496882276e-6,6,4
33281,6,4.3879321806734216e-4,6,4
33338,8,8.865570276726883e-5,6,4
33338,17,2.8442705015017748e-6,6,4
33338,11,2.389547619404268e-5,6,4
33338,7,1.3316043392174907e-4,6,4
33338,10,3.068690377715171e-5,6,4
33338,15,7.6338958060467e-6,6,4
33338,9,4.787049925248374e-5,6,4
33338,18,9.606098719955323e-7,6,4
33338,3,3.862768504901544e-5,6,4
33338,16,7.416139224664892e-7,6,4
33338,2,6.634810323542778e-5,6,4
33338,5,3.696272045622558e-4,6,4
33338,4,9.281127986380694e-5,6,4
33338,12,1.942113907755138e-5,6,4
33338,13,1.5851687563912656e-5,6,4
33338,6,2.2851194092762017e-4,6,4
33346,8,5.924795745910161e-5,6,4
33346,17,5.333007190315828e-6,6,4
33346,11,2.8175262975065247e-5,6,4
33346,7,5.995705401712262e-5,6,4
33346,10,4.106629770177654e-5,6,4
33346,15,1.2359640828837516e-5,6,4
33346,9,4.500645228865993e-5,6,4
33346,18,6.7242691039687274e-06,6,4
33346,3,1.2020935587253606e-4,6,4
33346,16,9.64098099206436e-6,6,4
33346,2,1.1576217175386353e-4,6,4
33346,5,4.752349772943288e-5,6,4
33346,4,1.9310734036179184e-4,6,4
33346,12,3.52751301612668e-5,6,4
33346,13,2.2259816579111388e-5,6,4
33346,6,1.2981489904141284e-4,6,4
33369,8,4.1127596747157395e-4,2,8
33369,17,8.404819331937744e-4,2,8
33369,11,5.959603092573928e-4,2,8
33369,7,3.729886499902396e-4,2,8
33369,10,4.4496010476869973e-4,2,8
33369,15,0.00100113090713583,2,8
33369,9,4.754317959947531e-4,2,8
33369,18,9.074561257451132e-4,2,8
33369,3,1.5821899796076726e-4,2,8
33369,16,9.03285757564184e-4,2,8
33369,2,1.413020273926056e-4,2,8
33369,5,9.554988961473278e-5,2,8
33369,4,1.2948670497127905e-4,2,8
33369,12,6.53580782426168e-4,2,8
33369,13,7.699872916683531e-4,2,8
33369,6,2.502001443994301e-4,2,8
33550,8,1.6131013235215255e-4,4,3
33550,17,1.5643487758259762e-5,4,3
33550,11,8.309919333152155e-5,4,3
33550,7,1.7673387434116958e-4,4,3
33550,10,1.1417333317087326e-4,4,3
33550,15,2.29016874181401e-5,4,3
33550,9,1.5179448908266214e-4,4,3
33550,18,1.024650530128568e-5,4,3
33550,3,5.407875906862162e-5,4,3
33550,16,1.8169541100428988e-5,4,3
33550,2,6.690331748844391e-5,4,3
33550,5,1.0083027825133644e-4,4,3
33550,4,2.9564883505003017e-5,4,3
33550,12,5.3507219907539526e-5,4,3
33550,13,3.2040645075993664e-5,4,3
33550,6,2.555436148200209e-4,4,3
33663,8,0.00242397665370996,1,9
33663,17,0.00223737428324383,1,9
33663,11,0.00224474816664633,1,9
33663,7,0.00140864218187902,1,9
33663,10,0.00303168558198389,1,9
33663,15,0.0022639953847647,1,9
33663,9,0.00241398244093721,1,9
33663,18,0.00227952722624539,1,9
33663,3,3.615551320587845e-5,1,9
33663,16,0.00213176922012992,1,9
33663,2,2.8315926903822738e-5,1,9
33663,5,1.0108172532926994e-4,1,9
33663,4,1.1227170951266968e-6,1,9
33663,12,0.0024454781246631002,1,9
33663,13,0.00213120880247583,1,9
33663,6,9.043037882376384e-4,1,9
33740,8,6.876222799997924e-5,6,4
33740,17,9.243879129880768e-6,6,4
33740,11,4.1727921114970054e-5,6,4
33740,7,8.261524303522128e-5,6,4
33740,10,3.700479573127117e-5,6,4
33740,15,4.725745022790814e-6,6,4
33740,9,5.5644341011434095e-5,6,4
33740,18,1.0566708591950856e-5,6,4
33740,3,8.868916487253945e-5,6,4
33740,16,7.045332263431648e-6,6,4
33740,2,6.0240746452250325e-5,6,4
33740,5,4.6517709417698856e-5,6,4
33740,4,3.966933736114328e-5,6,4
33740,12,3.7653228823824106e-5,6,4
33740,13,2.2934356475448096e-5,6,4
33740,6,1.4584531030318538e-4,6,4
33920,8,9.081803698110464e-6,7,2
33920,17,0,7,2
33920,11,7.132977968370949e-7,7,2
33920,7,9.063275607239463e-6,7,2
33920,10,2.7076679803369152e-6,7,2
33920,15,2.5446319353489e-6,7,2
33920,9,6.137243493908172e-6,7,2
33920,18,0,7,2
33920,3,8.40538426666576e-5,7,2
33920,16,0,7,2
33920,2,1.404692060130814e-4,7,2
33920,5,2.3887472403683195e-5,7,2
33920,4,1.8524832069590497e-4,7,2
33920,12,4.359847548021739e-6,7,2
33920,13,1.686349740841772e-6,7,2
33920,6,9.115331893949086e-6,7,2
33966,8,8.649336855343301e-7,7,2
33966,17,0,7,2
33966,11,2.1398933905112848e-6,7,2
33966,7,6.971750467107282e-7,7,2
33966,10,4.512779967228192e-7,7,2
33966,15,0,7,2
33966,9,2.045747831302724e-6,7,2
33966,18,0,7,2
33966,3,7.014787604901204e-5,7,2
33966,16,0,7,2
33966,2,3.692174782557278e-5,7,2
33966,5,1.0057883117340292e-6,7,2
33966,4,6.212367926367722e-5,7,2
33966,12,3.963497770928854e-7,7,2
33966,13,0,7,2
33966,6,6.286435788930404e-7,7,2
34071,8,1.72986737106866e-6,7,2
34071,17,1.4221352507508874e-6,7,2
34071,11,7.132977968370949e-7,7,2
34071,7,4.183050280264369e-6,7,2
34071,10,9.025559934456384e-7,7,2
34071,15,0,7,2
34071,9,2.454897397563269e-6,7,2
34071,18,3.202032906651775e-7,7,2
34071,3,1.3844162321567134e-4,7,2
34071,16,0,7,2
34071,2,1.501854554408637e-4,7,2
34071,5,1.2572353896675366e-5,7,2
34071,4,1.2087920724197436e-4,7,2
34071,12,0,7,2
34071,13,1.3490797926734176e-6,7,2
34071,6,3.143217894465202e-6,7,2
34092,8,3.892201584904485e-6,7,2
34092,17,3.5553381268772184e-7,7,2
34092,11,3.209840085766927e-6,7,2
34092,7,5.925987897041189e-6,7,2
34092,10,1.3538339901684576e-6,7,2
34092,15,0,7,2
34092,9,8.182991325210896e-7,7,2
34092,18,0,7,2
34092,3,2.608141294509523e-4,7,2
34092,16,3.708069612332446e-7,7,2
34092,2,2.3985255730296905e-4,7,2
34092,5,1.7349848377412005e-5,7,2
34092,4,2.2716309224730168e-4,7,2
34092,12,3.963497770928854e-7,7,2
34092,13,0,7,2
34092,6,5.657792210037363e-6,7,2
34259,8,6.832976115721208e-5,6,4
34259,17,1.0666014380631656e-6,6,4
34259,11,1.8545742717764467e-5,6,4
34259,7,9.342145625923756e-5,6,4
34259,10,5.550719359690676e-5,6,4
34259,15,4.725745022790814e-6,6,4
34259,9,5.4826041878913e-5,6,4
34259,18,3.84243948798213e-6,6,4
34259,3,4.7589307980387024e-5,6,4
34259,16,4.449683534798936e-6,6,4
34259,2,4.663799725335509e-5,6,4
34259,5,6.638202857444594e-5,6,4
34259,4,2.6945210283040723e-5,6,4
34259,12,4.122037681766008e-5,6,4
34259,13,2.866794559431012e-5,6,4
34259,6,8.643849209779306e-5,6,4
34472,8,8.000636591192554e-5,6,4
34472,17,7.110676253754437e-7,6,4
34472,11,3.0671805263995084e-5,6,4
34472,7,1.2549150840793105e-4,6,4
34472,10,3.4297127750934255e-5,6,4
34472,15,4.725745022790814e-6,6,4
34472,9,5.441689231265246e-5,6,4
34472,18,0,6,4
34472,3,1.681076853333152e-4,6,4
34472,16,1.854034806166223e-6,6,4
34472,2,1.349170634829201e-4,6,4
34472,5,3.937661240438725e-4,6,4
34472,4,7.597052343690648e-5,6,4
34472,12,1.4268591975343873e-5,6,4
34472,13,2.360889637178481e-6,6,4
34472,6,2.4957150082053703e-4,6,4
34618,8,3.883552248049142e-4,3,1
34618,17,9.243879129880768e-6,3,1
34618,11,7.846275765208045e-5,3,1
34618,7,6.630134694219024e-4,3,1
34618,10,1.5839857684970954e-4,3,1
34618,15,3.56248470948846e-5,3,1
34618,9,3.158634651531406e-4,3,1
34618,18,2.337484021855796e-5,3,1
34618,3,6.180429607842471e-7,3,1
34618,16,1.594469933302952e-5,3,1
34618,2,2.77607126508066e-7,3,1
34618,5,0.00242118391342174,3,1
34618,4,2.780596005597119e-4,3,1
34618,12,7.609915720183399e-5,3,1
34618,13,5.666135129228354e-5,3,1
34618,6,0.00138773070040638,3,1
34631,8,5.578822271696429e-5,6,4
34631,17,1.4221352507508874e-6,6,4
34631,11,2.9245209670320892e-5,6,4
34631,7,9.342145625923756e-5,6,4
34631,10,4.106629770177654e-5,6,4
34631,15,5.452782718604786e-6,6,4
34631,9,4.664305055370211e-5,6,4
34631,18,1.921219743991065e-6,6,4
34631,3,5.655093091175861e-5,6,4
34631,16,4.82049049603218e-6,6,4
34631,2,7.273306714511329e-5,6,4
34631,5,7.291965260071713e-5,6,4
34631,4,6.137520120025942e-5,6,4
34631,12,3.051893283615217e-5,6,4
34631,13,6.0708590670303785e-06,6,4
34631,6,1.1158423525351466e-4,6,4
34976,8,5.2760954817594134e-5,7,2
34976,17,8.532811504505325e-6,7,2
34976,11,2.639201848297251e-5,7,2
34976,7,6.20485791572548e-5,7,2
34976,10,4.377396568211346e-5,7,2
34976,15,6.179820414418757e-6,7,2
34976,9,4.74613496862232e-5,7,2
34976,18,1.0886911882616036e-5,7,2
34976,3,2.0395417705880157e-4,7,2
34976,16,3.3372626510992015e-6,7,2
34976,2,2.5373291362837234e-4,7,2
34976,5,5.255243928810303e-5,7,2
34976,4,2.417584144839487e-4,7,2
34976,12,3.4878780384173915e-5,7,2
34976,13,1.6526227460249363e-5,7,2
34976,6,1.0466915588569122e-4,7,2
34980,8,9.427777172324198e-5,6,4
34980,17,7.110676253754437e-7,6,4
34980,11,3.602153874027329e-5,6,4
34980,7,1.8161409966814467e-4,6,4
34980,10,4.512779967228192e-5,6,4
34980,15,2.1811130874419143e-6,6,4
34980,9,1.0269654113139677e-4,6,4
34980,18,1.6010164533258875e-6,6,4
34980,3,6.025918867646409e-5,6,4
34980,16,3.708069612332446e-6,6,4
34980,2,3.497849794001632e-5,6,4
34980,5,6.831817107453395e-4,6,4
34980,4,9.505671405406033e-5,6,4
34980,12,1.545764130662253e-5,6,4
34980,13,8.43174870420886e-6,6,4
34980,6,3.5769819639014e-4,6,4
35126,8,2.508307688049557e-5,7,2
35126,17,3.5553381268772184e-7,7,2
35126,11,9.62952025730078e-6,7,2
35126,7,1.35949134108592e-5,7,2
35126,10,2.888179179026043e-5,7,2
35126,15,3.2716696311628713e-6,7,2
35126,9,1.18653374215558e-5,7,2
35126,18,1.6010164533258875e-6,7,2
35126,3,3.529025306078051e-4,7,2
35126,16,3.708069612332446e-7,7,2
35126,2,4.100257258524135e-4,7,2
35126,5,2.916786104028685e-5,7,2
35126,4,2.1107081388381895e-4,7,2
35126,12,1.5853991083715413e-5,7,2
35126,13,3.709969429851898e-6,7,2
35126,6,2.2945490629595973e-5,7,2
35223,8,4.9301220075456815e-5,7,2
35223,17,7.110676253754437e-7,7,2
35223,11,7.1329779683709495e-6,7,2
35223,7,6.100281658718871e-5,7,2
35223,10,2.1210065845972502e-5,7,2
35223,15,7.270376958139714e-7,7,2
35223,9,3.4368563565885765e-5,7,2
35223,18,3.202032906651775e-7,7,2
35223,3,2.2156840144115257e-4,7,2
35223,16,1.112420883699734e-6,7,2
35223,2,2.4262862856804968e-4,7,2
35223,5,2.7483165618132354e-4,7,2
35223,4,1.695302813641312e-4,7,2
35223,12,7.530645764764822e-6,7,2
35223,13,3.372699481683544e-7,7,2
35223,6,1.5150310251322273e-4,7,2
35249,8,8.173623328299419e-5,3,1
35249,17,2.488736688814053e-6,3,1
35249,11,2.1398933905112848e-5,3,1
35249,7,1.0631919462338603e-4,3,1
35249,10,5.370208161001549e-5,3,1
35249,15,1.4540753916279428e-6,3,1
35249,9,8.019331498706678e-5,3,1
35249,18,6.40406581330355e-7,3,1
35249,3,4.3263007254897294e-6,3,1
35249,16,2.966455689865957e-6,3,1
35249,2,2.77607126508066e-7,3,1
35249,5,4.1011018410955046e-4,3,1
35249,4,5.576161572462594e-5,3,1
35249,12,1.783573996917984e-5,3,1
35249,13,8.43174870420886e-6,3,1
35249,6,2.445423521893927e-4,3,1
35269,8,4.757135270438815e-5,3,1
35269,17,6.399608628378993e-6,3,1
35269,11,9.98616915571933e-6,3,1
35269,7,3.939039013915614e-5,3,1
35269,10,3.700479573127117e-5,3,1
35269,15,1.0905565437209572e-6,3,1
35269,9,4.705220011996265e-5,3,1
35269,18,1.6010164533258875e-6,3,1
35269,3,3.090214803921236e-7,3,1
35269,16,4.82049049603218e-6,3,1
35269,2,0,3,1
35269,5,2.866496688441984e-5,3,1
35269,4,0,3,1
35269,12,1.2286843089879449e-5,3,1
35269,13,3.709969429851898e-6,3,1
35269,6,4.3376406943619786e-5,3,1
35283,8,1.72986737106866e-6,7,2
35283,17,7.110676253754437e-7,7,2
35283,11,1.4265955936741898e-6,7,2
35283,7,3.485875233553641e-7,7,2
35283,10,9.025559934456384e-7,7,2
35283,15,1.8175942395349288e-6,7,2
35283,9,0,7,2
35283,18,0,7,2
35283,3,1.1001164701959598e-4,7,2
35283,16,1.4832278449329785e-6,7,2
35283,2,1.6434341889277508e-4,7,2
35283,5,7.291965260071713e-6,7,2
35283,4,2.2529189708875712e-4,7,2
35283,12,1.189049331278656e-6,7,2
35283,13,6.745398963367088e-7,7,2
35283,6,6.286435788930404e-7,7,2
35399,8,9.514270540877633e-6,7,2
35399,17,0,7,2
35399,11,1.1412764749393518e-5,7,2
35399,7,1.638361359770211e-5,7,2
35399,10,8.574281937733564e-6,7,2
35399,15,2.5446319353489e-6,7,2
35399,9,6.137243493908172e-6,7,2
35399,18,0,7,2
35399,3,8.312677822548123e-5,7,2
35399,16,1.112420883699734e-6,7,2
35399,2,5.2467746910024475e-5,7,2
35399,5,2.5144707793350732e-5,7,2
35399,4,7.297661118323529e-5,7,2
35399,12,2.3780986625573123e-6,7,2
35399,13,0,7,2
35399,6,1.7602020209005132e-5,7,2
35430,8,4.324668427671651e-6,7,2
35430,17,0,7,2
35430,11,9.272871358882232e-6,7,2
35430,7,8.017513037173374e-6,7,2
35430,10,1.6246007882021492e-5,7,2
35430,15,0,7,2
35430,9,6.955542626429262e-6,7,2
35430,18,0,7,2
35430,3,9.551853958920538e-4,7,2
35430,16,0,7,2
35430,2,9.91612655886812e-4,7,2
35430,5,5.1546650976369006e-5,7,2
35430,4,8.465286897255293e-4,7,2
35430,12,1.5853991083715415e-6,7,2
35430,13,5.059049222525316e-6,7,2
35430,6,1.571608947232601e-5,7,2
35623,8,4.324668427671651e-7,7,2
35623,17,0,7,2
35623,11,0,7,2
35623,7,3.485875233553641e-7,7,2
35623,10,4.512779967228192e-7,7,2
35623,15,0,7,2
35623,9,4.091495662605448e-7,7,2
35623,18,3.202032906651775e-7,7,2
35623,3,1.6594453497057035e-4,7,2
35623,16,0,7,2
35623,2,2.656700200682192e-4,7,2
35623,5,1.1063671429074322e-5,7,2
35623,4,1.6541365201533332e-4,7,2
35623,12,7.926995541857708e-7,7,2
35623,13,0,7,2
35623,6,1.885930736679121e-6,7,2
35695,8,6.18427585157046e-5,6,4
35695,17,3.5553381268772183e-6,6,4
35695,11,1.961568941302011e-5,6,4
35695,7,8.226665551186591e-5,6,4
35695,10,2.34664558295866e-5,6,4
35695,15,7.6338958060467e-6,6,4
35695,9,3.232281573458304e-5,6,4
35695,18,1.1207115173281212e-5,6,4
35695,3,3.5846491725486333e-5,6,4
35695,16,4.82049049603218e-6,6,4
35695,2,4.774842575938735e-5,6,4
35695,5,3.1682331819621925e-4,6,4
35695,4,1.2462159755906337e-4,6,4
35695,12,1.2286843089879449e-5,6,4
35695,13,1.4839877719407592e-5,6,4
35695,6,1.936222222990564e-4,6,4
35737,8,4.229525722262874e-4,6,4
35737,17,8.177277691817603e-6,6,4
35737,11,7.560956646473206e-5,6,4
35737,7,6.818371956830922e-4,6,4
35737,10,1.6922924877105718e-4,6,4
35737,15,1.8539461243256273e-5,6,4
35737,9,3.3182029823730186e-4,6,4
35737,18,1.697077440525441e-5,6,4
35737,3,4.72802864999949e-5,6,4
35737,16,1.5573892371796274e-5,6,4
35737,2,1.7211641843500093e-5,6,4
35737,5,0.00238849579329038,6,4
35737,4,2.773111224962941e-4,6,4
35737,12,5.033642169079644e-5,6,4
35737,13,2.833067564614177e-5,6,4
35737,6,0.00136101334830343,6,4
35931,8,1.78176339220072e-4,6,4
35931,17,5.6885410030035495e-6,6,4
35931,11,4.2797867810225695e-5,6,4
35931,7,2.471485540589531e-4,6,4
35931,10,7.53634254527108e-5,6,4
35931,15,9.815008893488614e-6,6,4
35931,9,1.5547683517900702e-4,6,4
35931,18,5.443455941308017e-6,6,4
35931,3,4.882539390195552e-5,6,4
35931,16,1.0011787953297604e-5,6,4
35931,2,9.71624942778231e-6,6,4
35931,5,6.899707818495441e-4,6,4
35931,4,2.743172102426229e-4,6,4
35931,12,4.161672659475296e-5,6,4
35931,13,1.787530725292278e-5,6,4
35931,6,4.3847889627789566e-4,6,4
36050,8,1.0422450910688676e-4,4,3
36050,17,8.888345317193046e-6,4,3
36050,11,5.8490419340641784e-5,4,3
36050,7,1.5791014807997993e-4,4,3
36050,10,8.303515139699873e-5,4,3
36050,15,2.5446319353489e-6,4,3
36050,9,1.1701677595051582e-4,4,3
36050,18,2.56162632532142e-6,4,3
36050,3,1.5760095499998302e-5,4,3
36050,16,9.64098099206436e-6,4,3
36050,2,3.4700890813508255e-5,4,3
36050,5,9.93215957837354e-5,4,3
36050,4,0,4,3
36050,12,3.25006817216166e-5,4,3
36050,13,2.4957976164458225e-5,4,3
36050,6,1.32329473356985e-4,4,3
36225,8,6.443755957230759e-5,6,4
36225,17,3.5553381268772183e-6,6,4
36225,11,9.272871358882232e-6,6,4
36225,7,9.551298139936976e-5,6,4
36225,10,3.113818177387452e-5,6,4
36225,15,2.5446319353489e-6,6,4
36225,9,4.336985402361775e-5,6,4
36225,18,9.606098719955323e-7,6,4
36225,3,7.262004789214903e-5,6,4
36225,16,1.112420883699734e-6,6,4
36225,2,3.553371219303245e-5,6,4
36225,5,2.5647601949217746e-4,6,4
36225,4,7.372508924665308e-5,6,4
36225,12,7.926995541857707e-6,6,4
36225,13,3.372699481683544e-6,6,4
36225,6,1.6281868693329745e-4,6,4
36277,8,5.622068955973145e-6,7,2
36277,17,0,7,2
36277,11,2.4965422889298324e-6,7,2
36277,7,1.0806213224016286e-5,7,2
36277,10,6.3178919541194684e-06,7,2
36277,15,0,7,2
36277,9,6.546393060168717e-6,7,2
36277,18,0,7,2
36277,3,4.171789985293668e-5,7,2
36277,16,3.708069612332446e-7,7,2
36277,2,7.772999542225848e-5,7,2
36277,5,1.2823800974608876e-5,7,2
36277,4,5.239346443924585e-5,7,2
36277,12,0,7,2
36277,13,6.745398963367088e-7,7,2
36277,6,1.3201515156753848e-5,7,2
36349,8,1.643374002515227e-5,6,4
36349,17,0,6,4
36349,11,1.4265955936741898e-6,6,4
36349,7,2.6841239298363032e-5,6,4
36349,10,3.1589459770597342e-06,6,4
36349,15,1.4540753916279428e-6,6,4
36349,9,1.800258091546397e-5,6,4
36349,18,6.40406581330355e-7,6,4
36349,3,5.562386647058224e-6,6,4
36349,16,0,6,4
36349,2,1.47131777049275e-5,6,4
36349,5,1.1465986753767936e-4,6,4
36349,4,0,6,4
36349,12,1.5853991083715415e-6,6,4
36349,13,0,6,4
36349,6,5.6577922100373634e-5,6,4
36425,8,1.7298673710686602e-4,6,4
36425,17,7.110676253754437e-7,6,4
36425,11,4.101462331813296e-5,6,4
36425,7,2.698067430770518e-4,6,4
36425,10,3.790735172471681e-5,6,4
36425,15,5.0892638706978e-6,6,4
36425,9,1.215174211793818e-4,6,4
36425,18,0,6,4
36425,3,6.149527459803258e-5,6,4
36425,16,2.966455689865957e-6,6,4
36425,2,5.2190139783516413e-5,6,4
36425,5,9.368918123802484e-4,6,4
36425,4,2.9003524957439664e-4,6,4
36425,12,1.862843952336561e-5,6,4
36425,13,6.0708590670303785e-06,6,4
36425,6,5.296322152173865e-4,6,4
36433,8,1.383893896854928e-5,7,2
36433,17,7.110676253754437e-7,7,2
36433,11,2.1398933905112848e-6,7,2
36433,7,1.115480074737165e-5,7,2
36433,10,3.6102239737825536e-6,7,2
36433,15,0,7,2
36433,9,9.819589590253076e-6,7,2
36433,18,6.40406581330355e-7,7,2
36433,3,4.2644964294113045e-5,7,2
36433,16,1.112420883699734e-6,7,2
36433,2,1.9154891729056556e-5,7,2
36433,5,1.7601295455345513e-6,7,2
36433,4,6.54918305490573e-5,7,2
36433,12,1.5853991083715415e-6,7,2
36433,13,5.059049222525316e-6,7,2
36433,6,1.3515836946200368e-5,7,2
36549,8,2.767787793709856e-5,3,1
36549,17,7.110676253754437e-7,3,1
36549,11,7.489626866789497e-6,3,1
36549,7,5.124236593323852e-5,3,1
36549,10,1.4440895895130216e-5,3,1
36549,15,4.362226174883829e-6,3,1
36549,9,2.2912375710590508e-5,3,1
36549,18,0,3,1
36549,3,0,3,1
36549,16,0,3,1
36549,2,5.55214253016132e-7,3,1
36549,5,1.4508496396763374e-4,3,1
36549,4,0,3,1
36549,12,4.7561973251146245e-6,3,1
36549,13,2.023619689010126e-6,3,1
36549,6,1.0749805199070992e-4,3,1
36590,8,1.271452517735465e-4,5,7
36590,17,1.4576886320196597e-5,5,7
36590,11,7.418297087105787e-5,5,7
36590,7,1.9625477564906997e-4,5,7
36590,10,8.438898538716719e-5,5,7
36590,15,2.690039474511694e-5,5,7
36590,9,1.3379190816719815e-4,5,7
36590,18,1.3448538207937457e-5,5,7
36590,3,1.0197708852940076e-5,5,7
36590,16,7.416139224664892e-6,5,7
36590,2,8.605820921750047e-6,5,7
36590,5,1.1717433831701442e-4,5,7
36590,4,3.742390317088989e-7,5,7
36590,12,6.619041277451185e-5,5,7
36590,13,5.261411191426328e-5,5,7
36590,6,3.0457781397367806e-4,5,7
36616,8,3.035917236225499e-4,3,1
36616,17,2.168756257395103e-5,3,1
36616,11,1.0235823384612311e-4,3,1
36616,7,2.785214311609359e-4,3,1
36616,10,1.6922924877105718e-4,3,1
36616,15,3.344373400744269e-5,3,1
36616,9,2.311695049372078e-4,3,1
36616,18,1.4088944789267813e-5,3,1
36616,3,0,3,1
36616,16,2.261922463522792e-5,3,1
36616,2,0,3,1
36616,5,2.190104048800849e-4,3,1
36616,4,0,3,1
36616,12,7.689185675601976e-5,3,1
36616,13,5.1939572017926575e-5,3,1
36616,6,3.2249415597212974e-4,3,1
36631,8,2.3353209509426912e-5,6,4
36631,17,1.7776690634386092e-6,6,4
36631,11,1.390930703832335e-5,6,4
36631,7,2.0218076354611116e-5,6,4
36631,10,9.928115927902022e-6,6,4
36631,15,2.5446319353489e-6,6,4
36631,9,1.55476835179007e-5,6,4
36631,18,0,6,4
36631,3,1.5451074019606177e-5,6,4
36631,16,7.416139224664892e-7,6,4
36631,2,2.5262248512234008e-5,6,4
36631,5,2.640194318301827e-5,6,4
36631,4,3.068760060012971e-5,6,4
36631,12,7.134295987671936e-6,6,4
36631,13,7.75720880787215e-6,6,4
36631,6,4.1176154417494145e-5,6,4
36810,8,1.124413791194629e-5,7,2
36810,17,0,7,2
36810,11,0,7,2
36810,7,1.3943500934214563e-5,7,2
36810,10,4.964057963951011e-6,7,2
36810,15,0,7,2
36810,9,4.500645228865993e-6,7,2
36810,18,0,7,2
36810,3,2.1878720811762347e-4,7,2
36810,16,7.416139224664892e-7,7,2
36810,2,2.515120566163078e-4,7,2
36810,5,7.216531136691661e-5,7,2
36810,4,3.3756360660142684e-4,7,2
36810,12,0,7,2
36810,13,0,7,2
36810,6,2.6088708524061177e-5,7,2
36856,8,5.7950556930800115e-5,4,3
36856,17,2.488736688814053e-6,4,3
36856,11,2.710531627980961e-5,4,3
36856,7,3.416157728882568e-5,4,3
36856,10,5.279952561656985e-5,4,3
36856,15,1.2359640828837516e-5,4,3
36856,9,4.418815315613884e-5,4,3
36856,18,6.40406581330355e-7,4,3
36856,3,2.2558568068625017e-5,4,3
36856,16,6.674525302198403e-6,4,3
36856,2,1.8044463223024292e-5,4,3
36856,5,3.117943766375491e-5,4,3
36856,4,0,4,3
36856,12,2.6159085288130435e-5,4,3
36856,13,9.780828496882276e-6,4,3
36856,6,4.8719877364210626e-5,4,3
37023,8,1.4444392548423313e-4,6,4
37023,17,3.5553381268772183e-6,6,4
37023,11,5.599387705171195e-5,6,4
37023,7,2.2135307733065615e-4,6,4
37023,10,6.36301975379175e-5,6,4
37023,15,7.270376958139714e-6,6,4
37023,9,1.0556058809522056e-4,6,4
37023,18,9.606098719955323e-7,6,4
37023,3,6.273136051960108e-5,6,4
37023,16,5.191297457265425e-6,6,4
37023,2,3.497849794001632e-5,6,4
37023,5,6.761411925632012e-4,6,4
37023,4,2.7244601508407844e-4,6,4
37023,12,2.5366385733944664e-5,6,4
37023,13,1.079263834138734e-5,6,4
37023,6,4.403648270145748e-4,6,4
37181,8,4.151681690564784e-5,6,4
37181,17,2.488736688814053e-6,6,4
37181,11,1.390930703832335e-5,6,4
37181,7,4.880225326975097e-5,6,4
37181,10,3.655351773454835e-5,6,4
37181,15,2.1811130874419143e-6,6,4
37181,9,2.986791833701977e-5,6,4
37181,18,3.202032906651775e-6,6,4
37181,3,1.9468353264703782e-5,6,4
37181,16,3.708069612332446e-7,6,4
37181,2,2.5539855638742073e-5,6,4
37181,5,3.7968508767959605e-5,6,4
37181,4,1.2724127078102565e-5,6,4
37181,12,1.3079542644065216e-5,6,4
37181,13,7.082668911535442e-6,6,4
37181,6,9.775407651786778e-5,6,4
37270,8,7.265442958488372e-5,6,4
37270,17,3.5553381268772184e-7,6,4
37270,11,1.0699466952556424e-5,6,4
37270,7,5.9608466493767256e-5,6,4
37270,10,3.2492015764042984e-5,6,4
37270,15,2.5446319353489e-6,6,4
37270,9,3.4368563565885765e-5,6,4
37270,18,1.921219743991065e-6,6,4
37270,3,1.2237250623528092e-4,6,4
37270,16,3.3372626510992015e-6,6,4
37270,2,9.049992324162952e-5,6,4
37270,5,5.934151039230773e-5,6,4
37270,4,1.014187775931116e-4,6,4
37270,12,1.2683192866972332e-5,6,4
37270,13,5.39631917069367e-6,6,4
37270,6,5.8149531047606234e-5,6,4
37276,8,5.405835534589563e-5,3,1
37276,17,1.0666014380631656e-6,3,1
37276,11,2.1398933905112848e-5,3,1
37276,7,7.285479238127109e-5,3,1
37276,10,3.384584975421144e-5,3,1
37276,15,6.179820414418757e-6,3,1
37276,9,4.336985402361775e-5,3,1
37276,18,5.12325265064284e-6,3,1
37276,3,1.8541288823527413e-6,3,1
37276,16,2.966455689865957e-6,3,1
37276,2,1.5823606210959764e-5,3,1
37276,5,4.601481526183184e-5,3,1
37276,4,1.796347352202715e-5,3,1
37276,12,1.189049331278656e-5,3,1
37276,13,1.4165337823070884e-5,3,1
37276,6,6.0349783573731874e-5,3,1
37340,8,1.1676604754713456e-5,7,2
37340,17,3.5553381268772184e-7,7,2
37340,11,1.0699466952556424e-6,7,2
37340,7,1.289773836414847e-5,7,2
37340,10,5.86661395739665e-6,7,2
37340,15,2.9081507832558855e-6,7,2
37340,9,9.819589590253076e-6,7,2
37340,18,1.921219743991065e-6,7,2
37340,3,2.6575847313722626e-5,7,2
37340,16,3.708069612332446e-7,7,2
37340,2,4.025303334366957e-5,7,2
37340,5,3.4196802598957e-5,7,2
37340,4,5.164498637582805e-5,7,2
37340,12,3.963497770928853e-6,7,2
37340,13,1.3490797926734176e-6,7,2
37340,6,4.2433441575280225e-5,7,2
37420,8,1.8466334186157947e-4,7,2
37420,17,4.266405752252662e-6,7,2
37420,11,3.994467662287732e-5,7,2
37420,7,3.569536239158928e-4,7,2
37420,10,7.716853743960208e-5,7,2
37420,15,3.9987073269768425e-6,7,2
37420,9,1.5670428387778865e-4,7,2
37420,18,4.803049359977663e-6,7,2
37420,3,0.00143911303418611,7,2
37420,16,1.854034806166223e-6,7,2
37420,2,0.0013802626329981,7,2
37420,5,0.00134775633772359,7,2
37420,4,0.00142023712533527,7,2
37420,12,2.4970035956851777e-5,7,2
37420,13,1.4502607771239238e-5,7,2
37420,6,7.100529223596891e-4,7,2
37494,8,3.4597347421373203e-6,7,2
37494,17,0,7,2
37494,11,3.566488984185475e-7,7,2
37494,7,3.137287710198277e-6,7,2
37494,10,1.3538339901684576e-6,7,2
37494,15,0,7,2
37494,9,1.6365982650421792e-6,7,2
37494,18,0,7,2
37494,3,4.171789985293668e-5,7,2
37494,16,0,7,2
37494,2,4.053064047017764e-5,7,2
37494,5,2.263023701401566e-5,7,2
37494,4,4.790259605873906e-5,7,2
37494,12,0,7,2
37494,13,0,7,2
37494,6,2.2945490629595973e-5,7,2
37498,8,2.551554372326274e-5,7,2
37498,17,1.7776690634386092e-6,7,2
37498,11,1.1769413647812064e-5,7,2
37498,7,3.660168995231323e-5,7,2
37498,10,1.5343451888575853e-5,7,2
37498,15,2.1811130874419143e-6,7,2
37498,9,1.8411730481724517e-5,7,2
37498,18,6.40406581330355e-7,7,2
37498,3,2.0735341334311488e-4,7,2
37498,16,7.416139224664892e-7,7,2
37498,2,3.2063623111681623e-4,7,2
37498,5,2.6150496105084763e-5,7,2
37498,4,2.70200580893825e-4,7,2
37498,12,5.94524665639328e-6,7,2
37498,13,1.011809844505063e-6,7,2
37498,6,4.4633694101405866e-5,7,2
37525,8,9.125050382387182e-5,6,4
37525,17,8.532811504505325e-6,6,4
37525,11,4.244121891180715e-5,6,4
37525,7,8.191806798851056e-5,6,4
37525,10,6.58865875215316e-5,6,4
37525,15,6.906858110232728e-6,6,4
37525,9,6.914627669803207e-5,6,4
37525,18,6.083862522638373e-6,6,4
37525,3,1.446220528235138e-4,6,4
37525,16,1.1495015798230584e-5,6,4
37525,2,1.8099984648325905e-4,6,4
37525,5,7.845148831525429e-5,6,4
37525,4,6.88599818344374e-5,6,4
37525,12,2.655543506522332e-5,6,4
37525,13,1.2478988082229112e-5,6,4
37525,6,1.2415710683137546e-4,6,4
37549,8,2.119087529559109e-5,6,4
37549,17,2.133202876126331e-6,6,4
37549,11,8.559573562045139e-6,6,4
37549,7,3.0327114531916675e-5,6,4
37549,10,1.3538339901684576e-5,6,4
37549,15,2.5446319353489e-6,6,4
37549,9,1.513853395164016e-5,6,4
37549,18,1.6010164533258875e-6,6,4
37549,3,3.739159912744695e-5,6,4
37549,16,1.112420883699734e-6,6,4
37549,2,2.85935340303308e-5,6,4
37549,5,2.2881684091949168e-5,6,4
37549,4,0,6,4
37549,12,1.2286843089879449e-5,6,4
37549,13,2.360889637178481e-6,6,4
37549,6,5.092012989033627e-5,6,4
37572,8,4.4544084805018e-5,6,4
37572,17,0,6,4
37572,11,1.1056115850974973e-5,6,4
37572,7,4.984801583981706e-5,6,4
37572,10,2.888179179026043e-5,6,4
37572,15,5.816301566511771e-6,6,4
37572,9,4.173325575857557e-5,6,4
37572,18,9.606098719955323e-7,6,4
37572,3,3.3374319882349344e-5,6,4
37572,16,3.3372626510992015e-6,6,4
37572,2,3.053678391588726e-5,6,4
37572,5,5.48154629895046e-5,6,4
37572,4,5.6135854756334834e-5,6,4
37572,12,1.4268591975343873e-5,6,4
37572,13,5.733589118862024e-6,6,4
37572,6,8.486688315056045e-5,6,4
37729,8,1.2974005283014951e-5,6,4
37729,17,0,6,4
37729,11,2.8531911873483795e-6,6,4
37729,7,2.23096014947433e-5,6,4
37729,10,2.7076679803369152e-6,6,4
37729,15,0,6,4
37729,9,6.955542626429262e-6,6,4
37729,18,0,6,4
37729,3,4.20269213333288e-5,6,4
37729,16,1.4832278449329785e-6,6,4
37729,2,1.665642759048396e-5,6,4
37729,5,7.694280584765324e-5,6,4
37729,4,2.9190644473294115e-5,6,4
37729,12,3.963497770928853e-6,6,4
37729,13,1.011809844505063e-6,6,4
37729,6,3.6147005786349825e-5,6,4
37888,8,5.578822271696429e-5,4,3
37888,17,4.621939564940384e-6,4,3
37888,11,3.138510306083218e-5,4,3
37888,7,8.644970579213029e-5,4,3
37888,10,3.655351773454835e-5,4,3
37888,15,1.4540753916279428e-6,4,3
37888,9,4.5824751421181015e-5,4,3
37888,18,1.28081316266071e-6,4,3
37888,3,8.034558490195212e-6,4,3
37888,16,1.112420883699734e-6,4,3
37888,2,9.71624942778231e-6,4,3
37888,5,4.048297954729468e-5,4,3
37888,4,0,4,3
37888,12,8.719695096043479e-6,4,3
37888,13,1.315352797856582e-5,4,3
37888,6,6.53789322048762e-5,4,3
37915,8,5.059862060375831e-5,6,4
37915,17,0,6,4
37915,11,1.4979253733578992e-5,6,4
37915,7,7.215761733456036e-5,6,4
37915,10,2.5271567816477874e-5,6,4
37915,15,0,6,4
37915,9,4.705220011996265e-5,6,4
37915,18,6.40406581330355e-7,6,4
37915,3,7.200200493136478e-5,6,4
37915,16,1.854034806166223e-6,6,4
37915,2,5.579903242812127e-5,6,4
37915,5,1.438277285779662e-4,6,4
37915,4,2.091996187252745e-4,6,4
37915,12,1.0701443981507905e-5,6,4
37915,13,2.360889637178481e-6,6,4
37915,6,1.0058297262288648e-4,6,4
37954,8,1.1676604754713456e-5,7,2
37954,17,3.5553381268772184e-7,7,2
37954,11,3.5664889841854747e-6,7,2
37954,7,1.6732201121057476e-5,7,2
37954,10,1.3087061904961756e-5,7,2
37954,15,1.4540753916279428e-6,7,2
37954,9,1.350193568659798e-5,7,2
37954,18,0,7,2
37954,3,1.353514084117501e-4,7,2
37954,16,2.224841767399468e-6,7,2
37954,2,1.7628052533262193e-4,7,2
37954,5,2.564760194921775e-5,7,2
37954,4,1.5119256881039516e-4,7,2
37954,12,6.737946210579051e-6,7,2
37954,13,1.686349740841772e-6,7,2
37954,6,4.2433441575280225e-5,7,2
37971,8,5.31934216603613e-5,6,4
37971,17,1.4221352507508874e-6,6,4
37971,11,2.1755582803531395e-5,6,4
37971,7,6.274575420396553e-5,6,4
37971,10,1.669728587874431e-5,6,4
37971,15,6.179820414418757e-6,6,4
37971,9,3.355026443336467e-5,6,4
37971,18,3.5222361973169528e-6,6,4
37971,3,5.500582350979799e-5,6,4
37971,16,2.224841767399468e-6,6,4
37971,2,4.4139533114782495e-5,6,4
37971,5,2.0442647435994147e-4,6,4
37971,4,7.522204537348868e-5,6,4
37971,12,1.2286843089879449e-5,6,4
37971,13,3.709969429851898e-6,6,4
37971,6,1.2164253251580332e-4,6,4
37976,8,3.070514583646872e-5,6,4
37976,17,0,6,4
37976,11,1.42659559367419e-5,6,4
37976,7,3.276722719540422e-5,6,4
37976,10,1.6246007882021492e-5,6,4
37976,15,0,6,4
37976,9,2.823132007197759e-5,6,4
37976,18,3.202032906651775e-6,6,4
37976,3,5.067952278430826e-5,6,4
37976,16,4.449683534798936e-6,6,4
37976,2,3.942021196414537e-5,6,4
37976,5,9.22810776015972e-5,6,4
37976,4,3.817238123430769e-5,6,4
37976,12,6.341596433486166e-6,6,4
37976,13,3.372699481683544e-6,6,4
37976,6,5.8778174626499274e-5,6,4
37996,8,2.984021215093439e-5,6,4
37996,17,2.133202876126331e-6,6,4
37996,11,1.2126062546230614e-5,6,4
37996,7,4.705931565297415e-5,6,4
37996,10,2.0758787849249683e-5,6,4
37996,15,3.9987073269768425e-6,6,4
37996,9,3.1913666168322495e-5,6,4
37996,18,9.606098719955323e-7,6,4
37996,3,6.458548940195382e-5,6,4
37996,16,7.416139224664892e-7,6,4
37996,2,6.523767472939551e-5,6,4
37996,5,2.8916413962353344e-5,6,4
37996,4,5.052226928070136e-5,6,4
37996,12,8.323345318950592e-6,6,4
37996,13,3.372699481683544e-6,6,4
37996,6,4.3690728733066306e-5,6,4
38113,8,0.01231362841410949,1,9
38113,17,0.00977433557841084,1,9
38113,11,0.01134000837411613,1,9
38113,7,0.00651649516160517,1,9
38113,10,0.01637778105706455,1,9
38113,15,0.010320300092079321,1,9
38113,9,0.01206950305511981,1,9
38113,18,0.00967718385048299,1,9
38113,3,2.4721718431369884e-6,1,9
38113,16,0.00965803811228109,1,9
38113,2,4.969167564494382e-5,1,9
38113,5,2.6955126754471987e-4,1,9
38113,4,3.3681512853800904e-6,1,9
38113,12,0.01132688392976047,1,9
38113,13,0.00986885595335421,1,9
38113,6,0.00399408697849693,1,9
38232,8,1.470387265408361e-5,6,4
38232,17,0,6,4
38232,11,6.063031273115307e-6,6,4
38232,7,1.8475138737834296e-5,6,4
38232,10,4.061501970505373e-6,6,4
38232,15,0,6,4
38232,9,8.182991325210897e-6,6,4
38232,18,0,6,4
38232,3,2.1631503627448647e-5,6,4
38232,16,1.112420883699734e-6,6,4
38232,2,8.883428048258112e-6,6,4
38232,5,1.7676729578725565e-4,6,4
38232,4,3.547786020600362e-4,6,4
38232,12,3.963497770928853e-6,6,4
38232,13,3.372699481683544e-7,6,4
38232,6,5.3434704205908434e-5,6,4
38292,8,4.108435006288067e-5,6,4
38292,17,7.821743879129881e-6,6,4
38292,11,1.6405849327253184e-5,6,4
38292,7,9.132993111910538e-5,6,4
38292,10,4.918930164278729e-5,6,4
38292,15,7.270376958139714e-6,6,4
38292,9,5.728093927647627e-5,6,4
38292,18,1.28081316266071e-6,6,4
38292,3,1.4214988098037684e-4,6,4
38292,16,6.303718340965159e-6,6,4
38292,2,1.2603363543466198e-4,6,4
38292,5,6.562768734064542e-5,6,4
38292,4,2.1107081388381895e-4,6,4
38292,12,1.5853991083715413e-5,6,4
38292,13,6.408129015198733e-6,6,4
38292,6,8.046637809830917e-5,6,4
38321,8,1.297400528301495e-6,7,2
38321,17,7.110676253754437e-7,7,2
38321,11,1.4265955936741898e-6,7,2
38321,7,5.925987897041189e-6,7,2
38321,10,4.964057963951011e-6,7,2
38321,15,0,7,2
38321,9,5.3189443613870825e-6,7,2
38321,18,0,7,2
38321,3,1.1062968998038025e-4,7,2
38321,16,2.224841767399468e-6,7,2
38321,2,4.941406851843575e-5,7,2
38321,5,1.3829589286342904e-5,7,2
38321,4,5.0148030248992454e-5,7,2
38321,12,1.5853991083715415e-6,7,2
38321,13,0,7,2
38321,6,5.657792210037363e-6,7,2
38384,8,4.3679151119483666e-5,6,4
38384,17,4.621939564940384e-6,6,4
38384,11,2.1755582803531395e-5,6,4
38384,7,2.997852700856131e-5,6,4
38384,10,7.400959146254234e-5,6,4
38384,15,4.725745022790814e-6,6,4
38384,9,4.214240532483612e-5,6,4
38384,18,7.364675685299083e-6,6,4
38384,3,1.3596945137253437e-4,6,4
38384,16,3.708069612332446e-6,6,4
38384,2,1.13541314741799e-4,6,4
38384,5,7.015373474344854e-5,6,4
38384,4,4.752835702703016e-5,6,4
38384,12,2.100653818592293e-5,6,4
38384,13,3.709969429851898e-6,6,4
38384,6,6.757918473100184e-5,6,4
38393,8,6.141029167293744e-5,6,4
38393,17,1.0666014380631656e-6,6,4
38393,11,8.559573562045139e-6,6,4
38393,7,8.400959312864275e-5,6,4
38393,10,4.287140968866782e-5,6,4
38393,15,3.635188479069857e-6,6,4
38393,9,5.032539665004701e-5,6,4
38393,18,0,6,4
38393,3,0,6,4
38393,16,4.449683534798936e-6,6,4
38393,2,0,6,4
38393,5,6.085019285990878e-5,6,4
38393,4,0,6,4
38393,12,1.62503408608083e-5,6,4
38393,13,9.106288600545569e-6,6,4
38393,6,7.889476915107656e-5,6,4
38403,8,1.383893896854928e-5,7,2
38403,17,0,7,2
38403,11,4.636435679441117e-6,7,2
38403,7,2.928135196185058e-5,7,2
38403,10,6.769169950842288e-6,7,2
38403,15,0,7,2
38403,9,1.2274486987816344e-5,7,2
38403,18,0,7,2
38403,3,9.208840115685282e-5,7,2
38403,16,0,7,2
38403,2,5.885271081971e-5,7,2
38403,5,1.066135610438071e-4,7,2
38403,4,4.0043576392852185e-5,7,2
38403,12,0,7,2
38403,13,0,7,2
38403,6,3.6147005786349825e-5,7,2
38420,8,6.487002641507476e-6,7,2
38420,17,0,7,2
38420,11,1.7832444920927374e-6,7,2
38420,7,8.017513037173374e-6,7,2
38420,10,2.7076679803369152e-6,7,2
38420,15,0,7,2
38420,9,2.8640469638238135e-6,7,2
38420,18,1.6010164533258875e-6,7,2
38420,3,2.9758768561761496e-4,7,2
38420,16,0,7,2
38420,2,2.5984027041154977e-4,7,2
38420,5,2.9670755196153865e-5,7,2
38420,4,2.870413373207255e-4,7,2
38420,12,3.963497770928854e-7,7,2
38420,13,3.372699481683544e-7,7,2
38420,6,1.1315584420074726e-5,7,2
38567,8,1.5309326233957642e-4,4,3
38567,17,1.3154751069445708e-5,4,3
38567,11,8.167259773784736e-5,4,3
38567,7,1.5965308569675674e-4,4,3
38567,10,1.877316466366928e-4,4,3
38567,15,2.29016874181401e-5,4,3
38567,9,1.5670428387778865e-4,4,3
38567,18,1.0886911882616036e-5,4,3
38567,3,3.831866356862331e-5,4,3
38567,16,1.5573892371796274e-5,4,3
38567,2,3.830978345811311e-5,4,3
38567,5,1.058592198100066e-4,4,3
38567,4,1.9460429648862745e-5,4,3
38567,12,5.707436790137549e-5,4,3
38567,13,3.9123313987529104e-5,4,3
38567,6,1.9205061335182385e-4,4,3
38635,8,4.324668427671651e-6,7,2
38635,17,7.110676253754437e-7,7,2
38635,11,1.0699466952556424e-6,7,2
38635,7,5.228812850330461e-6,7,2
38635,10,1.3538339901684576e-6,7,2
38635,15,3.635188479069857e-7,7,2
38635,9,2.454897397563269e-6,7,2
38635,18,0,7,2
38635,3,1.8417680231370563e-4,7,2
38635,16,0,7,2
38635,2,3.125856244480823e-4,7,2
38635,5,8.800647727672756e-6,7,2
38635,4,1.5006985171526848e-4,7,2
38635,12,3.963497770928853e-6,7,2
38635,13,0,7,2
38635,6,9.743975472842126e-6,7,2
38669,8,2.075840845282392e-5,6,4
38669,17,1.0666014380631656e-6,6,4
38669,11,6.063031273115307e-6,6,4
38669,7,2.71898268217184e-5,6,4
38669,10,8.574281937733564e-6,6,4
38669,15,1.4540753916279428e-6,6,4
38669,9,1.3911085252858524e-5,6,4
38669,18,0,6,4
38669,3,2.3794653990193512e-5,6,4
38669,16,0,6,4
38669,2,2.1930962994137217e-5,6,4
38669,5,8.54920064973925e-5,6,4
38669,4,8.120986988083106e-5,6,4
38669,12,1.9817488854644267e-6,6,4
38669,13,3.0354295335151892e-6,6,4
38669,6,5.092012989033627e-5,6,4
38847,8,1.595802649810839e-4,6,4
38847,17,5.333007190315828e-6,6,4
38847,11,5.920371713747888e-5,6,4
38847,7,2.217016648540115e-4,6,4
38847,10,8.077876141338463e-5,6,4
38847,15,1.3086678524651484e-5,6,4
38847,9,1.5220363864892268e-4,6,4
38847,18,5.443455941308017e-6,6,4
38847,3,1.3504238693135798e-4,6,4
38847,16,5.56210441849867e-6,6,4
38847,2,1.0271463680798444e-4,6,4
38847,5,5.851173503512716e-4,6,4
38847,4,1.051611679102006e-4,6,4
38847,12,2.3384636848480237e-5,6,4
38847,13,2.7318865801636706e-5,6,4
38847,6,3.66813528284089e-4,6,4
38886,8,7.4384296955952393e-05,6,4
38886,17,1.7776690634386092e-6,6,4
38886,11,1.997233831143866e-5,6,4
38886,7,1.077135447168075e-4,6,4
38886,10,1.9856231855804044e-5,6,4
38886,15,6.179820414418757e-6,6,4
38886,9,4.991624708378647e-5,6,4
38886,18,9.606098719955323e-7,6,4
38886,3,4.3263007254897294e-6,6,4
38886,16,7.416139224664892e-7,6,4
38886,2,0,6,4
38886,5,4.1287610196681906e-4,6,4
38886,4,6.399487442222172e-5,6,4
38886,12,7.530645764764822e-6,6,4
38886,13,7.75720880787215e-6,6,4
38886,6,2.2976922808540625e-4,6,4
38926,8,8.130376644022703e-5,6,4
38926,17,3.5553381268772183e-6,6,4
38926,11,2.960185856873944e-5,6,4
38926,7,1.2165704565102206e-4,6,4
38926,10,4.6481633662450376e-5,6,4
38926,15,9.087971197674644e-6,6,4
38926,9,6.341818277038445e-5,6,4
38926,18,4.162642778647307e-6,6,4
38926,3,2.194052510784077e-5,6,4
38926,16,2.966455689865957e-6,6,4
38926,2,5.080210415097608e-5,6,4
38926,5,2.841351980648633e-4,6,4
38926,4,5.912976701000603e-5,6,4
38926,12,2.9329883504873516e-5,6,4
38926,13,9.106288600545569e-6,6,4
38926,6,2.335410895587645e-4,6,4
39052,8,0.0640686653554272,1,9
39052,17,0.08420640586602349,1,9
39052,11,0.09572670422892864,1,9
39052,7,0.0405121447893137,1,9
39052,10,0.10000185023978655,1,9
39052,15,0.08093674444879455,1,9
39052,9,0.0685693758096047,1,9
39052,18,0.08475364839629385,1,9
39052,3,4.635322205881853e-5,1,9
39052,16,0.08190606643896647,1,9
39052,2,2.5067923523678363e-4,1,9
39052,5,0.0013545454088278,1,9
39052,4,1.908619061715385e-5,1,9
39052,12,0.09631220313401696,1,9
39052,13,0.090326288438656,1,9
39052,6,0.02321675033388832,1,9
39213,8,6.876222799997924e-5,6,4
39213,17,7.110676253754437e-6,6,4
39213,11,3.637818763869184e-5,6,4
39213,7,8.54039432220642e-5,6,4
39213,10,3.655351773454835e-5,6,4
39213,15,7.997414653953685e-6,6,4
39213,9,5.3189443613870825e-5,6,4
39213,18,8.005082266629437e-6,6,4
39213,3,6.798472568626717e-5,6,4
39213,16,1.0753401875764094e-5,6,4
39213,2,8.689103059702466e-5,6,4
39213,5,7.392544091245116e-5,6,4
39213,4,8.944312857842684e-5,6,4
39213,12,2.9329883504873516e-5,6,4
39213,13,2.5295246112626577e-5,6,4
39213,6,1.590468254599392e-4,6,4
39215,8,8.649336855343301e-6,7,2
39215,17,1.0666014380631656e-6,7,2
39215,11,3.923137882604022e-6,7,2
39215,7,1.0806213224016286e-5,7,2
39215,10,4.964057963951011e-6,7,2
39215,15,0,7,2
39215,9,1.0637888722774163e-5,7,2
39215,18,3.202032906651775e-7,7,2
39215,3,6.613059680391444e-5,7,2
39215,16,0,7,2
39215,2,9.383120875972632e-5,7,2
39215,5,1.810418961121253e-5,7,2
39215,4,1.5119256881039516e-4,7,2
39215,12,4.359847548021739e-6,7,2
39215,13,0,7,2
39215,6,1.4773124103986449e-5,7,2
39240,8,2.59480105660299e-6,7,2
39240,17,1.4221352507508874e-6,7,2
39240,11,0,7,2
39240,7,3.834462756909005e-6,7,2
39240,10,1.8051119868912768e-6,7,2
39240,15,0,7,2
39240,9,2.454897397563269e-6,7,2
39240,18,0,7,2
39240,3,3.195282107254557e-4,7,2
39240,16,0,7,2
39240,2,2.5123444948979974e-4,7,2
39240,5,2.338457824781618e-5,7,2
39240,4,1.9834668680571645e-4,7,2
39240,12,3.567147993835968e-6,7,2
39240,13,2.023619689010126e-6,7,2
39240,6,7.858044736163004e-6,7,2
39367,8,4.324668427671651e-7,7,2
39367,17,0,7,2
39367,11,2.4965422889298324e-6,7,2
39367,7,6.623162943751917e-6,7,2
39367,10,1.3538339901684576e-6,7,2
39367,15,0,7,2
39367,9,8.182991325210896e-7,7,2
39367,18,0,7,2
39367,3,1.4245890246076894e-4,7,2
39367,16,0,7,2
39367,2,1.2131431428402484e-4,7,2
39367,5,3.7214167534159085e-5,7,2
39367,4,1.5081832977868626e-4,7,2
39367,12,0,7,2
39367,13,0,7,2
39367,6,1.634473305121905e-5,7,2
39405,8,7.17894958993494e-5,6,4
39405,17,7.110676253754437e-7,6,4
39405,11,1.1412764749393518e-5,6,4
39405,7,1.3106890878161688e-4,6,4
39405,10,2.4820289819755058e-5,6,4
39405,15,2.9081507832558855e-6,6,4
39405,9,5.237114448134973e-5,6,4
39405,18,2.2414230346562428e-6,6,4
39405,3,4.171789985293668e-5,6,4
39405,16,1.4832278449329785e-6,6,4
39405,2,4.719321150637122e-5,6,4
39405,5,4.005551951480772e-4,6,4
39405,4,7.971291375399547e-5,6,4
39405,12,8.719695096043479e-6,6,4
39405,13,8.43174870420886e-6,6,4
39405,6,2.2505440124370848e-4,6,4
39564,8,1.6131013235215255e-4,3,1
39564,17,8.532811504505325e-6,3,1
39564,11,5.6350525950130495e-5,3,1
39564,7,2.8828188181488607e-4,3,1
39564,10,9.43171013150692e-5,3,1
39564,15,3.635188479069857e-6,3,1
39564,9,1.288821133720716e-4,3,1
39564,18,4.162642778647307e-6,3,1
39564,3,8.652601450979459e-6,3,1
39564,16,8.528560108364627e-6,3,1
39564,2,5.55214253016132e-7,3,1
39564,5,0.00106160956303526,3,1
39564,4,1.8599679875932275e-4,3,1
39564,12,4.161672659475296e-5,3,1
39564,13,3.406426476500379e-5,3,1
39564,6,5.84324206581081e-4,3,1
39648,8,6.487002641507476e-6,7,2
39648,17,0,7,2
39648,11,1.0699466952556424e-6,7,2
39648,7,6.274575420396553e-6,7,2
39648,10,0,7,2
39648,15,0,7,2
39648,9,1.6365982650421792e-6,7,2
39648,18,0,7,2
39648,3,2.0920754222546764e-4,7,2
39648,16,0,7,2
39648,2,1.0521310094655702e-4,7,2
39648,5,2.1875895780215137e-5,7,2
39648,4,1.5156680784210406e-4,7,2
39648,12,3.963497770928854e-7,7,2
39648,13,0,7,2
39648,6,1.2258549788414288e-5,7,2
39701,8,1.2109071597480622e-5,6,4
39701,17,1.0666014380631656e-6,6,4
39701,11,4.993084577859665e-6,6,4
39701,7,1.4989263504280656e-5,6,4
39701,10,1.037939392462484e-5,6,4
39701,15,5.0892638706978e-6,6,4
39701,9,4.500645228865993e-6,6,4
39701,18,0,6,4
39701,3,7.941852046077575e-5,6,4
39701,16,3.708069612332446e-7,6,4
39701,2,8.827906622956499e-5,6,4
39701,5,1.4583930520143426e-5,6,4
39701,4,3.3307273822092006e-5,6,4
39701,12,2.3780986625573123e-6,6,4
39701,13,6.745398963367088e-7,6,4
39701,6,1.8230663787898172e-5,6,4
39739,8,5.622068955973145e-5,7,2
39739,17,7.110676253754437e-6,7,2
39739,11,2.1755582803531395e-5,7,2
39739,7,5.472824116679216e-5,7,2
39739,10,3.204073776732016e-5,7,2
39739,15,9.451490045581628e-6,7,2
39739,9,5.11436957825681e-5,7,2
39739,18,4.4828460693124855e-6,7,2
39739,3,9.338629137449972e-4,7,2
39739,16,6.674525302198403e-6,7,2
39739,2,8.925069117234323e-4,7,2
39739,5,8.624634773119302e-5,7,2
39739,4,9.936046291871266e-4,7,2
39739,12,1.783573996917984e-5,7,2
39739,13,7.419938859703796e-6,7,2
39739,6,5.4063347784801474e-5,7,2
39785,8,1.297400528301495e-6,7,2
39785,17,0,7,2
39785,11,7.132977968370949e-7,7,2
39785,7,3.137287710198277e-6,7,2
39785,10,4.512779967228192e-7,7,2
39785,15,0,7,2
39785,9,4.091495662605448e-7,7,2
39785,18,0,7,2
39785,3,2.4968935615683584e-4,7,2
39785,16,0,7,2
39785,2,3.3229573043015503e-4,7,2
39785,5,2.2881684091949168e-5,7,2
39785,4,3.1735469888914626e-4,7,2
39785,12,0,7,2
39785,13,0,7,2
39785,6,3.771861473358242e-6,7,2
39812,8,1.556880633961794e-5,6,4
39812,17,0,6,4
39812,11,2.1398933905112848e-6,6,4
39812,7,2.1263838924677207e-5,6,4
39812,10,8.574281937733564e-6,6,4
39812,15,1.0905565437209572e-6,6,4
39812,9,4.909794795126538e-6,6,4
39812,18,0,6,4
39812,3,9.270644411763706e-7,6,4
39812,16,3.708069612332446e-7,6,4
39812,2,9.71624942778231e-6,6,4
39812,5,9.303541883539773e-5,6,4
39812,4,2.2828580934242835e-5,6,4
39812,12,3.963497770928854e-7,6,4
39812,13,0,6,4
39812,6,4.903419915365715e-5,6,4
39893,8,1.4790366022637044e-4,3,1
39893,17,2.133202876126331e-6,3,1
39893,11,3.994467662287732e-5,3,1
39893,7,2.457542039655317e-4,3,1
39893,10,6.001997356413495e-5,3,1
39893,15,2.1811130874419143e-6,3,1
39893,9,1.0596973766148112e-4,3,1
39893,18,7.364675685299083e-6,3,1
39893,3,3.399236284313359e-6,3,1
39893,16,2.224841767399468e-6,3,1
39893,2,5.5521425301613205e-6,3,1
39893,5,0.00100302239387676,3,1
39893,4,1.089035582272896e-4,3,1
39893,12,1.189049331278656e-5,3,1
39893,13,1.4502607771239238e-5,3,1
39893,6,5.120301950083814e-4,3,1
39996,8,2.162334213835826e-6,7,2
39996,17,0,7,2
39996,11,1.0699466952556424e-6,7,2
39996,7,5.577400373685825e-6,7,2
39996,10,2.7076679803369152e-6,7,2
39996,15,0,7,2
39996,9,8.592140891471441e-6,7,2
39996,18,0,7,2
39996,3,1.6563551349017822e-4,7,2
39996,16,0,7,2
39996,2,1.951578099351704e-4,7,2
39996,5,1.232090681874186e-5,7,2
39996,4,1.4632746139817948e-4,7,2
39996,12,0,7,2
39996,13,0,7,2
39996,6,5.343470420590843e-6,7,2
40026,8,2.162334213835826e-6,7,2
40026,17,1.4221352507508874e-6,7,2
40026,11,1.0699466952556424e-6,7,2
40026,7,3.137287710198277e-6,7,2
40026,10,9.025559934456384e-7,7,2
40026,15,0,7,2
40026,9,8.182991325210896e-7,7,2
40026,18,0,7,2
40026,3,1.0784849665685112e-4,7,2
40026,16,0,7,2
40026,2,1.2964252807926683e-4,7,2
40026,5,4.5009026950097816e-5,7,2
40026,4,1.0965203629070738e-4,7,2
40026,12,0,7,2
40026,13,0,7,2
40026,6,6.915079367823444e-6,7,2
40098,8,0.00388874185016234,1,9
40098,17,0.00817123361700191,1,9
40098,11,0.00459328116273247,1,9
40098,7,0.00210756016620653,1,9
40098,10,0.00582690149368504,1,9
40098,15,0.01111495229360399,1,9
40098,9,0.00382718504280113,1,9
40098,18,0.00822314070757242,1,9
40098,3,6.860276864705142e-5,1,9
40098,16,0.00858937245000687,1,9
40098,2,1.1631738600687966e-4,1,9
40098,5,0.00134750489064566,1,9
40098,4,8.008715278570437e-5,1,9
40098,12,0.00566423466443442,1,9
40098,13,0.00546613404996452,1,9
40098,6,0.00227600407738225,1,9
40117,8,2.811034477986573e-5,6,4
40117,17,2.8442705015017748e-6,6,4
40117,11,2.4965422889298324e-6,6,4
40117,7,1.9869488831255753e-5,6,4
40117,10,2.0758787849249683e-5,6,4
40117,15,2.1811130874419143e-6,6,4
40117,9,3.0277067903280317e-5,6,4
40117,18,0,6,4
40117,3,1.7923245862743167e-5,6,4
40117,16,4.449683534798936e-6,6,4
40117,2,1.7211641843500093e-5,6,4
40117,5,1.408103636427641e-5,6,4
40117,4,2.1705863839116137e-5,6,4
40117,12,5.94524665639328e-6,6,4
40117,13,5.733589118862024e-6,6,4
40117,6,2.4517099576828577e-5,6,4
40179,8,1.470387265408361e-5,7,2
40179,17,3.5553381268772184e-7,7,2
40179,11,6.7763290699524014e-6,7,2
40179,7,9.063275607239463e-6,7,2
40179,10,1.037939392462484e-5,7,2
40179,15,2.1811130874419143e-6,7,2
40179,9,6.137243493908172e-6,7,2
40179,18,0,7,2
40179,3,3.121116951960448e-5,7,2
40179,16,0,7,2
40179,2,1.1076524347671832e-4,7,2
40179,5,8.54920064973925e-6,7,2
40179,4,1.021672556565294e-4,7,2
40179,12,1.5853991083715415e-6,7,2
40179,13,5.059049222525316e-6,7,2
40179,6,2.0116594524577293e-5,7,2
40250,8,4.324668427671651e-6,7,2
40250,17,0,7,2
40250,11,2.1398933905112848e-6,7,2
40250,7,3.137287710198277e-6,7,2
40250,10,9.025559934456384e-7,7,2
40250,15,4.725745022790814e-6,7,2
40250,9,2.8640469638238135e-6,7,2
40250,18,0,7,2
40250,3,6.118625311764046e-5,7,2
40250,16,7.416139224664892e-7,7,2
40250,2,7.634195978971815e-5,7,2
40250,5,1.03093301952738e-5,7,2
40250,4,1.1975649014684764e-4,7,2
40250,12,1.189049331278656e-6,7,2
40250,13,1.2816258030397466e-5,7,2
40250,6,7.858044736163004e-6,7,2
40349,8,6.573496010060909e-5,6,4
40349,17,0,6,4
40349,11,1.248271144464916e-5,6,4
40349,7,7.07632672411389e-5,6,4
40349,10,2.166134384269532e-5,6,4
40349,15,1.4540753916279428e-6,6,4
40349,9,5.032539665004701e-5,6,4
40349,18,8.645488847959792e-6,6,4
40349,3,4.635322205881853e-5,6,4
40349,16,2.224841767399468e-6,6,4
40349,2,7.772999542225848e-5,6,4
40349,5,2.3560591202369637e-4,6,4
40349,4,6.100096216855052e-5,6,4
40349,12,8.323345318950592e-6,6,4
40349,13,9.443558548713922e-6,6,4
40349,6,1.3452972588311063e-4,6,4
40364,8,1.0076477436474946e-4,6,4
40364,17,0,6,4
40364,11,2.710531627980961e-5,6,4
40364,7,1.1886834546417914e-4,6,4
40364,10,6.272764154447187e-5,6,4
40364,15,3.635188479069857e-6,6,4
40364,9,6.750967843298989e-5,6,4
40364,18,0,6,4
40364,3,0,6,4
40364,16,5.56210441849867e-6,6,4
40364,2,0,6,4
40364,5,3.1053714124788155e-4,6,4
40364,4,1.5343800300064854e-5,6,4
40364,12,3.210433194452372e-5,6,4
40364,13,3.372699481683544e-6,6,4
40364,6,2.1562474756031284e-4,6,4
40385,8,2.767787793709856e-5,3,1
40385,17,1.4221352507508874e-6,3,1
40385,11,8.559573562045139e-6,3,1
40385,7,2.056666387796648e-5,3,1
40385,10,1.3087061904961756e-5,3,1
40385,15,5.452782718604786e-6,3,1
40385,9,1.882088004798506e-5,3,1
40385,18,1.6010164533258875e-6,3,1
40385,3,6.1804296078424705e-6,3,1
40385,16,1.112420883699734e-6,3,1
40385,2,2.77607126508066e-7,3,1
40385,5,1.3829589286342904e-5,3,1
40385,4,7.484780634177978e-7,3,1
40385,12,7.926995541857707e-6,3,1
40385,13,3.372699481683544e-6,3,1
40385,6,3.0174891786865937e-5,3,1
40400,8,6.9194694842746405e-6,7,2
40400,17,0,7,2
40400,11,3.209840085766927e-6,7,2
40400,7,1.115480074737165e-5,7,2
40400,10,7.671725944287927e-6,7,2
40400,15,0,7,2
40400,9,9.41044002399253e-6,7,2
40400,18,4.4828460693124855e-6,7,2
40400,3,3.0902148039212355e-5,7,2
40400,16,1.112420883699734e-6,7,2
40400,2,3.886499771112924e-5,7,2
40400,5,1.3829589286342904e-5,7,2
40400,4,4.902531315386576e-5,7,2
40400,12,5.94524665639328e-6,7,2
40400,13,1.3490797926734176e-6,7,2
40400,6,1.665905484066557e-5,7,2
40619,8,2.4650610037728407e-5,7,2
40619,17,7.110676253754437e-7,7,2
40619,11,1.569255153041609e-5,7,2
40619,7,3.067570205527204e-5,7,2
40619,10,3.835862972143963e-5,7,2
40619,15,4.362226174883829e-6,7,2
40619,9,1.4320234819119068e-5,7,2
40619,18,3.202032906651775e-6,7,2
40619,3,1.489483535490035e-4,7,2
40619,16,0,7,2
40619,2,9.521924439226663e-5,7,2
40619,5,3.469969675482401e-5,7,2
40619,4,1.1376866563950528e-4,7,2
40619,12,1.189049331278656e-5,7,2
40619,13,1.079263834138734e-5,7,2
40619,6,2.7974639260740297e-5,7,2
40657,8,1.9850228083012871e-4,6,4
40657,17,2.168756257395103e-5,6,4
40657,11,1.0556807393189005e-4,6,4
40657,7,3.2662650938397613e-4,6,4
40657,10,9.83786032855746e-5,6,4
40657,15,5.198319525069896e-5,6,4
40657,9,1.7143366826316827e-4,6,4
40657,18,2.56162632532142e-5,6,4
40657,3,5.90231027548956e-5,6,4
40657,16,4.857571192155505e-5,6,4
40657,2,5.496621104859707e-5,6,4
40657,5,0.0010153433006955,6,4
40657,4,1.1676257789317646e-4,6,4
40657,12,6.936121099125493e-5,6,4
40657,13,8.398021709392024e-5,6,4
40657,6,5.821239540549554e-4,6,4
40669,8,2.8542811622632893e-5,6,4
40669,17,0,6,4
40669,11,3.209840085766927e-6,6,4
40669,7,2.0915251401321844e-5,6,4
40669,10,1.7599841872189947e-5,6,4
40669,15,2.1811130874419143e-6,6,4
40669,9,1.882088004798506e-5,6,4
40669,18,9.606098719955323e-7,6,4
40669,3,7.725537009803088e-5,6,4
40669,16,1.854034806166223e-6,6,4
40669,2,1.5157349107340403e-4,6,4
40669,5,1.885853084501305e-5,6,4
40669,4,1.9123614520324736e-4,6,4
40669,12,1.109779375860079e-5,6,4
40669,13,0,6,4
40669,6,3.300378789188462e-5,6,4
40718,8,1.6001273182385108e-5,6,4
40718,17,1.4221352507508874e-6,6,4
40718,11,1.961568941302011e-5,6,4
40718,7,3.3812989765470315e-5,6,4
40718,10,1.8953675862358405e-5,6,4
40718,15,1.8175942395349288e-6,6,4
40718,9,2.8640469638238136e-5,6,4
40718,18,0,6,4
40718,3,5.222463018626888e-5,6,4
40718,16,1.854034806166223e-6,6,4
40718,2,5.913031794621806e-5,6,4
40718,5,2.74077314947523e-5,6,4
40718,4,2.9939122536711913e-5,6,4
40718,12,1.1494143535693677e-5,6,4
40718,13,1.3490797926734176e-6,6,4
40718,6,2.6403030313507697e-5,6,4
40744,8,7.827649854085688e-5,3,1
40744,17,3.5553381268772184e-7,3,1
40744,11,8.559573562045139e-6,3,1
40744,7,1.153824702306255e-4,3,1
40744,10,2.797923579681479e-5,3,1
40744,15,2.5446319353489e-6,3,1
40744,9,4.991624708378647e-5,3,1
40744,18,3.202032906651775e-7,3,1
40744,3,6.180429607842471e-7,3,1
40744,16,7.416139224664892e-7,3,1
40744,2,8.32821379524198e-6,3,1
40744,5,4.737262948267278e-4,3,1
40744,4,6.77372647393107e-5,3,1
40744,12,6.737946210579051e-6,3,1
40744,13,3.0354295335151892e-6,3,1
40744,6,2.4925717903109053e-4,3,1
40752,8,7.654663116978821e-5,3,1
40752,17,5.6885410030035495e-6,3,1
40752,11,2.2112231701949945e-5,3,1
40752,7,1.5058981008951727e-4,3,1
40752,10,2.707667980336915e-5,3,1
40752,15,5.452782718604786e-6,3,1
40752,9,7.03737253968137e-5,3,1
40752,18,9.606098719955323e-7,3,1
40752,3,4.017279245097606e-6,3,1
40752,16,6.303718340965159e-6,3,1
40752,2,3.331285518096792e-6,3,1
40752,5,4.603995996962519e-4,3,1
40752,4,7.746747956374208e-5,3,1
40752,12,8.719695096043479e-6,3,1
40752,13,1.854984714925949e-5,3,1
40752,6,2.788034272390634e-4,3,1
40767,8,7.78440316980897e-6,7,2
40767,17,3.5553381268772184e-7,7,2
40767,11,1.0699466952556424e-6,7,2
40767,7,6.274575420396553e-6,7,2
40767,10,3.1589459770597342e-06,7,2
40767,15,0,7,2
40767,9,1.1456187855295254e-5,7,2
40767,18,0,7,2
40767,3,9.394253003920556e-5,7,2
40767,16,1.112420883699734e-6,7,2
40767,2,6.967938875352456e-5,7,2
40767,5,2.0115766234680587e-5,7,2
40767,4,1.796347352202715e-5,7,2
40767,12,0,7,2
40767,13,4.3845093261886066e-6,7,2
40767,6,9.115331893949086e-6,7,2
40822,8,6.487002641507476e-6,7,2
40822,17,5.333007190315828e-6,7,2
40822,11,2.2112231701949945e-5,7,2
40822,7,1.7777963691123567e-5,7,2
40822,10,1.7148563875467128e-5,7,2
40822,15,6.543339262325743e-6,7,2
40822,9,1.2683636554076889e-5,7,2
40822,18,2.2414230346562428e-6,7,2
40822,3,2.0828047778429128e-4,7,2
40822,16,6.303718340965159e-6,7,2
40822,2,2.254169867245496e-4,7,2
40822,5,2.263023701401566e-5,7,2
40822,4,2.2716309224730168e-4,7,2
40822,12,1.3872242198250988e-5,7,2
40822,13,1.2141718134060755e-5,7,2
40822,6,2.1373881682363373e-5,7,2
40844,8,2.322346945659676e-4,3,1
40844,17,2.9864840265768637e-5,3,1
40844,11,1.2268722105598034e-4,3,1
40844,7,3.342954348977941e-4,3,1
40844,10,1.7599841872189948e-4,3,1
40844,15,5.234671409860594e-5,3,1
40844,9,2.483537867201507e-4,3,1
40844,18,2.9778906031861507e-5,3,1
40844,3,3.090214803921236e-7,3,1
40844,16,3.3372626510992016e-5,3,1
40844,2,5.55214253016132e-7,3,1
40844,5,1.9285990877500016e-4,3,1
40844,4,1.796347352202715e-5,3,1
40844,12,9.47275967251996e-5,3,1
40844,13,8.971380621278226e-5,3,1
40844,6,4.985143580621811e-4,3,1
40886,8,0.00126237071403735,2,8
40886,17,0.00809692705015017,2,8
40886,11,0.00572920790419554,2,8
40886,7,0.00123016536992107,2,8
40886,10,0.00295406576654757,2,8
40886,15,0.00868301120110626,2,8
40886,9,0.00153962981783843,2,8
40886,18,0.00751549143520238,2,8
40886,3,2.258947021666423e-4,2,8
40886,16,0.00839692363712682,2,8
40886,2,2.498464138572594e-4,2,8
40886,5,2.4541234806310316e-4,2,8
40886,4,5.9878245073423826e-5,2,8
40886,12,0.00704987348515115,2,8
40886,13,0.00739093364416131,2,8
40886,6,0.00162347204249127,2,8
40900,8,1.4271405811316448e-5,7,2
40900,17,2.133202876126331e-6,7,2
40900,11,1.1412764749393518e-5,7,2
40900,7,1.7429376167768205e-5,7,2
40900,10,9.025559934456383e-6,7,2
40900,15,3.635188479069857e-7,7,2
40900,9,5.3189443613870825e-6,7,2
40900,18,3.202032906651775e-7,7,2
40900,3,3.739159912744695e-5,7,2
40900,16,0,7,2
40900,2,5.3300568289548674e-5,7,2
40900,5,5.758138084677318e-5,7,2
40900,4,9.505671405406033e-5,7,2
40900,12,2.3780986625573123e-6,7,2
40900,13,2.023619689010126e-6,7,2
40900,6,4.0547510838601105e-5,7,2
40951,8,3.805708216351053e-5,4,3
40951,17,3.9108719395649406e-6,4,3
40951,11,2.353882729562413e-5,4,3
40951,7,5.507682869014752e-5,4,3
40951,10,2.301517783286378e-5,4,3
40951,15,7.270376958139714e-7,4,3
40951,9,3.518686269840685e-5,4,3
40951,18,2.56162632532142e-6,4,3
40951,3,1.1742816254900694e-5,4,3
40951,16,1.4832278449329785e-6,4,3
40951,2,9.71624942778231e-6,4,3
40951,5,3.0676543507887895e-5,4,3
40951,4,2.4699776092787328e-5,4,3
40951,12,1.9024789300458495e-5,4,3
40951,13,7.082668911535442e-6,4,3
40951,6,1.0058297262288648e-4,4,3
40982,8,1.643374002515227e-5,7,2
40982,17,0,7,2
40982,11,3.5664889841854747e-6,7,2
40982,7,2.1263838924677207e-5,7,2
40982,10,8.123003941010746e-6,7,2
40982,15,0,7,2
40982,9,8.182991325210897e-6,7,2
40982,18,0,7,2
40982,3,4.295398577450517e-5,7,2
40982,16,0,7,2
40982,2,5.55214253016132e-5,7,2
40982,5,6.914794643171451e-5,7,2
40982,4,2.5822493187914025e-5,7,2
40982,12,1.189049331278656e-6,7,2
40982,13,0,7,2
40982,6,4.3690728733066306e-5,7,2
41074,8,1.0595437647795544e-4,6,4
41074,17,7.110676253754437e-7,6,4
41074,11,2.2825529498787036e-5,6,4
41074,7,1.871915000418305e-4,6,4
41074,10,3.790735172471681e-5,6,4
41074,15,6.543339262325743e-6,6,4
41074,9,6.996457583055316e-5,6,4
41074,18,1.921219743991065e-6,6,4
41074,3,1.0537632481371412e-4,6,4
41074,16,3.3372626510992015e-6,6,4
41074,2,1.5462716946499275e-4,6,4
41074,5,6.937424880185467e-4,6,4
41074,4,2.1443896516919908e-4,6,4
41074,12,1.3872242198250988e-5,6,4
41074,13,1.079263834138734e-5,6,4
41074,6,3.699567461785543e-4,6,4
41174,8,7.78440316980897e-6,7,2
41174,17,0,7,2
41174,11,5.706382374696759e-6,7,2
41174,7,7.66892551381801e-6,7,2
41174,10,1.4440895895130216e-5,7,2
41174,15,0,7,2
41174,9,6.955542626429262e-6,7,2
41174,18,1.28081316266071e-6,7,2
41174,3,2.0858949926468335e-4,7,2
41174,16,2.966455689865957e-6,7,2
41174,2,1.2048149290450064e-4,7,2
41174,5,1.5589718831877454e-5,7,2
41174,4,5.576161572462594e-5,7,2
41174,12,6.341596433486166e-6,7,2
41174,13,6.0708590670303785e-06,7,2
41174,6,1.0372619051735166e-5,7,2
41203,8,1.1979331544650472e-4,6,4
41203,17,3.946425320833712e-5,6,4
41203,11,4.0301325521295865e-5,6,4
41203,7,1.1956552051088988e-4,6,4
41203,10,6.092252955758059e-5,6,4
41203,15,6.252524184000154e-5,6,4
41203,9,7.896586628828515e-5,6,4
41203,18,3.55425652638347e-5,6,4
41203,3,6.613059680391444e-5,6,4
41203,16,2.6698101208793612e-5,6,4
41203,2,5.1079711277484146e-5,6,4
41203,5,2.205190873476859e-4,6,4
41203,4,6.287215732709501e-5,6,4
41203,12,2.8933533727780632e-5,6,4
41203,13,3.507607460950885e-5,6,4
41203,6,2.354270202954436e-4,6,4
41392,8,3.58947479496747e-5,6,4
41392,17,4.266405752252662e-6,6,4
41392,11,1.997233831143866e-5,6,4
41392,7,5.193954097994925e-5,6,4
41392,10,2.256389983614096e-5,6,4
41392,15,4.362226174883829e-6,6,4
41392,9,4.009665749353339e-5,6,4
41392,18,9.606098719955323e-7,6,4
41392,3,0,6,4
41392,16,5.56210441849867e-6,6,4
41392,2,0,6,4
41392,5,2.941930811822036e-5,6,4
41392,4,0,6,4
41392,12,9.512394650229247e-6,6,4
41392,13,1.5851687563912656e-5,6,4
41392,6,8.109502167720221e-5,6,4
41539,8,3.4597347421373203e-6,7,2
41539,17,0,7,2
41539,11,3.566488984185475e-7,7,2
41539,7,3.137287710198277e-6,7,2
41539,10,4.512779967228192e-7,7,2
41539,15,0,7,2
41539,9,1.6365982650421792e-6,7,2
41539,18,3.202032906651775e-7,7,2
41539,3,5.7168973872542856e-5,7,2
41539,16,0,7,2
41539,2,6.218399633780678e-5,7,2
41539,5,1.1566565584941336e-5,7,2
41539,4,1.4745017849330616e-4,7,2
41539,12,0,7,2
41539,13,3.0354295335151892e-6,7,2
41539,6,5.972113999483883e-6,7,2
41545,8,7.697909801255538e-5,6,4
41545,17,1.7776690634386092e-6,6,4
41545,11,1.1056115850974973e-5,6,4
41545,7,1.0562201957667532e-4,6,4
41545,10,3.339457175748862e-5,6,4
41545,15,1.1269084285116557e-5,6,4
41545,9,6.341818277038445e-5,6,4
41545,18,0,6,4
41545,3,1.0290415297057714e-4,6,4
41545,16,1.112420883699734e-6,6,4
41545,2,8.272692369940368e-5,6,4
41545,5,3.2713264839149306e-4,6,4
41545,4,1.3248061722495022e-4,6,4
41545,12,1.2286843089879449e-5,6,4
41545,13,1.3490797926734177e-5,6,4
41545,6,1.936222222990564e-4,6,4
41771,8,8.649336855343301e-6,7,2
41771,17,0,7,2
41771,11,4.993084577859665e-6,7,2
41771,7,2.0218076354611116e-5,7,2
41771,10,2.256389983614096e-6,7,2
41771,15,1.4540753916279428e-6,7,2
41771,9,1.2274486987816344e-5,7,2
41771,18,0,7,2
41771,3,4.975245834313189e-5,7,2
41771,16,0,7,2
41771,2,5.2467746910024475e-5,7,2
41771,5,4.6517709417698856e-5,7,2
41771,4,6.54918305490573e-5,7,2
41771,12,7.926995541857708e-7,7,2
41771,13,0,7,2
41771,6,2.2631168840149453e-5,7,2
41777,8,0.00584824911474037,1,9
41777,17,0.01447342598070446,1,9
41777,11,0.01667190940547342,1,9
41777,7,0.00569626871915,1,9
41777,10,0.01231808419854607,1,9
41777,15,0.01231492801054495,1,9
41777,9,0.00761918322290386,1,9
41777,18,0.01413569446970492,1,9
41777,3,1.2360859215684942e-6,1,9
41777,16,0.01367943960685562,1,9
41777,2,2.85935340303308e-5,1,9
41777,5,1.5866310617604313e-4,1,9
41777,4,2.993912253671191e-6,1,9
41777,12,0.01551233757586134,1,9
41777,13,0.01567495811107244,1,9
41777,6,0.00336292882528831,1,9
41919,8,1.7731140553453767e-5,7,2
41919,17,1.7776690634386092e-6,7,2
41919,11,7.489626866789497e-6,7,2
41919,7,2.1612426448032573e-5,7,2
41919,10,9.928115927902022e-6,7,2
41919,15,3.635188479069857e-7,7,2
41919,9,8.182991325210897e-6,7,2
41919,18,1.6010164533258875e-6,7,2
41919,3,2.663765160980105e-4,7,2
41919,16,2.5956487286327124e-6,7,2
41919,2,2.678908770802837e-4,7,2
41919,5,2.6150496105084763e-5,7,2
41919,4,9.505671405406033e-5,7,2
41919,12,6.341596433486166e-6,7,2
41919,13,3.372699481683544e-6,7,2
41919,6,3.300378789188462e-5,7,2
41932,8,6.31401590440061e-5,3,1
41932,17,6.399608628378993e-6,3,1
41932,11,7.239972637896514e-5,3,1
41932,7,1.0980506985693967e-4,3,1
41932,10,1.8908548062686125e-4,3,1
41932,15,2.29016874181401e-5,3,1
41932,9,6.873712713177153e-5,3,1
41932,18,4.4828460693124855e-6,3,1
41932,3,9.270644411763706e-7,3,1
41932,16,2.07651898290617e-5,3,1
41932,2,2.77607126508066e-7,3,1
41932,5,6.210742824957631e-5,3,1
41932,4,0,3,1
41932,12,4.795832302823913e-5,3,1
41932,13,3.305245492049873e-5,3,1
41932,6,1.5653225114436705e-4,3,1
41954,8,3.675968163520903e-4,2,8
41954,17,0.00643587307727314,2,8
41954,11,0.00174151657097776,2,8
41954,7,4.3817451685769265e-4,2,8
41954,10,5.686102758707521e-4,2,8
41954,15,0.00473410595629267,2,8
41954,9,3.387758408637311e-4,2,8
41954,18,0.00609987268717163,2,8
41954,3,3.0284105078428103e-5,2,8
41954,16,0.00596146351574687,2,8
41954,2,9.71624942778231e-6,2,8
41954,5,1.091280318231422e-4,2,8
41954,4,1.1227170951266968e-6,2,8
41954,12,0.00255605971247201,2,8
41954,13,0.00343543169204285,2,8
41954,6,6.311581532086125e-4,2,8
41986,8,2.4650610037728407e-5,7,2
41986,17,7.110676253754437e-7,7,2
41986,11,7.1329779683709495e-6,7,2
41986,7,1.638361359770211e-5,7,2
41986,10,9.928115927902022e-6,7,2
41986,15,6.906858110232728e-6,7,2
41986,9,1.0637888722774163e-5,7,2
41986,18,9.606098719955323e-7,7,2
41986,3,1.1464696922547784e-4,7,2
41986,16,1.4832278449329785e-6,7,2
41986,2,1.601793119951541e-4,7,2
41986,5,3.2185225975488936e-5,7,2
41986,4,1.1788529498830315e-4,7,2
41986,12,3.170798216743083e-6,7,2
41986,13,7.419938859703796e-6,7,2
41986,6,3.300378789188462e-5,7,2
42020,8,3.892201584904485e-6,7,2
42020,17,0,7,2
42020,11,1.7832444920927374e-6,7,2
42020,7,3.137287710198277e-6,7,2
42020,10,1.3538339901684576e-6,7,2
42020,15,0,7,2
42020,9,2.8640469638238135e-6,7,2
42020,18,0,7,2
42020,3,3.862768504901544e-5,7,2
42020,16,0,7,2
42020,2,6.301681771733099e-5,7,2
42020,5,2.866496688441984e-5,7,2
42020,4,3.6675425107472096e-5,7,2
42020,12,0,7,2
42020,13,0,7,2
42020,6,1.0372619051735166e-5,7,2
42098,8,0.001593640315597,3,1
42098,17,7.288443160098298e-5,3,1
42098,11,3.9837681953351753e-4,3,1
42098,7,0.00245893638974873,3,1
42098,10,5.925280096970616e-4,3,1
42098,15,1.174165878739564e-4,3,1
42098,9,0.00126058981364873,3,1
42098,18,5.379415283174982e-5,3,1
42098,3,5.346071610783737e-5,3,1
42098,16,9.678061688187684e-5,3,1
42098,2,3.275764092795179e-5,3,1
42098,5,0.00897263752897927,3,1
42098,4,8.689830316280633e-4,3,1
42098,12,2.940915346029209e-4,3,1
42098,13,2.209118160502721e-4,3,1
42098,6,0.00481163795284733,3,1
42372,8,2.6380477408797067e-5,5,7
42372,17,1.7776690634386092e-6,5,7
42372,11,1.8545742717764467e-5,5,7
42372,7,3.520733985889177e-5,5,7
42372,10,1.6246007882021492e-5,5,7
42372,15,1.0905565437209572e-6,5,7
42372,9,1.3911085252858524e-5,5,7
42372,18,2.8818296159865978e-6,5,7
42372,3,5.871408127450347e-6,5,7
42372,16,1.4832278449329785e-6,5,7
42372,2,1.110428506032264e-6,5,7
42372,5,1.307524805254238e-5,5,7
42372,4,0,5,7
42372,12,7.926995541857707e-6,5,7
42372,13,9.780828496882276e-6,5,7
42372,6,5.2806060627015394e-5,5,7
42377,8,3.157007952200305e-5,3,1
42377,17,2.488736688814053e-6,3,1
42377,11,1.0699466952556424e-5,3,1
42377,7,2.474971415823085e-5,3,1
42377,10,1.4892173891853034e-5,3,1
42377,15,7.6338958060467e-6,3,1
42377,9,2.127577744554833e-5,3,1
42377,18,2.56162632532142e-6,3,1
42377,3,0,3,1
42377,16,2.224841767399468e-6,3,1
42377,2,0,3,1
42377,5,2.916786104028685e-5,3,1
42377,4,3.742390317088989e-7,3,1
42377,12,1.2286843089879449e-5,3,1
42377,13,2.698159585346835e-6,3,1
42377,6,3.080353536575898e-5,3,1
42389,8,4.757135270438815e-5,6,4
42389,17,7.110676253754437e-7,6,4
42389,11,2.9958507467157987e-5,6,4
42389,7,4.984801583981706e-5,6,4
42389,10,2.797923579681479e-5,6,4
42389,15,2.1811130874419143e-6,6,4
42389,9,3.4368563565885765e-5,6,4
42389,18,6.40406581330355e-7,6,4
42389,3,0,6,4
42389,16,2.5956487286327124e-6,6,4
42389,2,0,6,4
42389,5,2.2127342858148644e-5,6,4
42389,4,0,6,4
42389,12,1.9024789300458495e-5,6,4
42389,13,8.094478756040504e-6,6,4
42389,6,7.575155125661136e-5,6,4
42527,8,8.519596802513152e-5,4,3
42527,17,6.399608628378993e-6,4,3
42527,11,3.102845416241363e-5,4,3
42527,7,9.934744415627876e-5,4,3
42527,10,5.009185763623293e-5,4,3
42527,15,1.9266498939070243e-5,4,3
42527,9,9.287695154114369e-5,4,3
42527,18,3.84243948798213e-6,4,3
42527,3,3.4610405803917835e-5,4,3
42527,16,9.270174030831115e-6,4,3
42527,2,1.887728460254849e-5,4,3
42527,5,9.22810776015972e-5,4,3
42527,4,4.228901058310558e-5,4,3
42527,12,2.9726233281966403e-5,4,3
42527,13,2.6644325905299995e-5,4,3
42527,6,1.1535609672687292e-4,4,3
42612,8,6.9194694842746405e-6,7,2
42612,17,0,7,2
42612,11,4.636435679441117e-6,7,2
42612,7,1.35949134108592e-5,7,2
42612,10,2.7076679803369152e-6,7,2
42612,15,0,7,2
42612,9,5.3189443613870825e-6,7,2
42612,18,0,7,2
42612,3,6.458548940195382e-5,7,2
42612,16,0,7,2
42612,2,4.608278300033896e-5,7,2
42612,5,1.131511850700783e-5,7,2
42612,4,5.314194250266365e-5,7,2
42612,12,1.5853991083715415e-6,7,2
42612,13,0,7,2
42612,6,1.1001262630628206e-5,7,2
42830,8,3.027267899370155e-6,7,2
42830,17,1.4221352507508874e-6,7,2
42830,11,3.566488984185475e-7,7,2
42830,7,3.834462756909005e-6,7,2
42830,10,0,7,2
42830,15,7.270376958139714e-7,7,2
42830,9,0,7,2
42830,18,0,7,2
42830,3,3.5228448764702084e-5,7,2
42830,16,0,7,2
42830,2,4.3861925988274434e-5,7,2
42830,5,2.363602532574969e-5,7,2
42830,4,6.249791829538612e-5,7,2
42830,12,0,7,2
42830,13,0,7,2
42830,6,1.0686940841181686e-5,7,2
42962,8,1.0681931016348976e-4,3,1
42962,17,2.133202876126331e-5,3,1
42962,11,4.743430348966681e-5,3,1
42962,7,1.5930449817340138e-4,3,1
42962,10,6.317891954119469e-5,3,1
42962,15,1.9630017786977227e-5,3,1
42962,9,9.41044002399253e-5,3,1
42962,18,1.697077440525441e-5,3,1
42962,3,3.182921248038872e-5,3,1
42962,16,2.558568032509388e-5,3,1
42962,2,8.883428048258112e-6,3,1
42962,5,7.01285900356552e-4,3,1
42962,4,1.0778084113216288e-4,3,1
42962,12,3.2897031498709484e-5,3,1
42962,13,1.8212577201091137e-5,3,1
42962,6,3.1683636376209236e-4,3,1
43167,8,5.2760954817594134e-5,6,4
43167,17,0,6,4
43167,11,4.993084577859665e-6,6,4
43167,7,8.749546836219639e-5,6,4
43167,10,2.34664558295866e-5,6,4
43167,15,0,6,4
43167,9,3.232281573458304e-5,6,4
43167,18,9.606098719955323e-7,6,4
43167,3,3.3374319882349344e-5,6,4
43167,16,1.112420883699734e-6,6,4
43167,2,3.858739058462117e-5,6,4
43167,5,3.4096223767783596e-4,6,4
43167,4,1.2873822690786122e-4,6,4
43167,12,3.963497770928853e-6,6,4
43167,13,5.059049222525316e-6,6,4
43167,6,1.8765010829957255e-4,6,4
43202,8,1.6044519866661823e-4,3,1
43202,17,8.888345317193046e-6,3,1
43202,11,2.960185856873944e-5,3,1
43202,7,2.746869684040269e-4,3,1
43202,10,6.859425550186851e-5,3,1
43202,15,4.725745022790814e-6,3,1
43202,9,1.1906252378181854e-4,3,1
43202,18,2.8818296159865978e-6,3,1
43202,3,3.090214803921236e-7,3,1
43202,16,1.4832278449329784e-5,3,1
43202,2,2.77607126508066e-7,3,1
43202,5,8.853451614038794e-4,3,1
43202,4,7.0356937961273e-5,3,1
43202,12,2.7744484396501975e-5,3,1
43202,13,2.158527668277468e-5,3,1
43202,6,5.242887447967957e-4,3,1
43272,8,3.5462281106907534e-5,6,4
43272,17,2.488736688814053e-6,6,4
43272,11,2.2112231701949945e-5,6,4
43272,7,2.753841434507376e-5,6,4
43272,10,2.888179179026043e-5,6,4
43272,15,3.635188479069857e-6,6,4
43272,9,3.10953670358014e-5,6,4
43272,18,9.926302010620505e-6,6,4
43272,3,0,6,4
43272,16,1.4832278449329785e-6,6,4
43272,2,0,6,4
43272,5,2.0115766234680587e-5,6,4
43272,4,0,6,4
43272,12,2.140288796301581e-5,6,4
43272,13,1.686349740841772e-5,6,4
43272,6,4.0233189049154585e-5,6,4
43335,8,2.8975278465400057e-5,5,7
43335,17,2.8442705015017748e-6,5,7
43335,11,2.246888060036849e-5,5,7
43335,7,5.089377840988316e-5,5,7
43335,10,2.9784347783706068e-5,5,7
43335,15,4.725745022790814e-6,5,7
43335,9,4.541560185492047e-5,5,7
43335,18,1.28081316266071e-6,5,7
43335,3,3.0902148039212352e-6,5,7
43335,16,7.416139224664892e-6,5,7
43335,2,0,5,7
43335,5,4.0985873703161694e-5,5,7
43335,4,3.742390317088989e-7,5,7
43335,12,1.3475892421158102e-5,5,7
43335,13,1.079263834138734e-5,5,7
43335,6,1.0404051230679818e-4,5,7
43439,8,1.72986737106866e-6,7,2
43439,17,0,7,2
43439,11,2.8531911873483795e-6,7,2
43439,7,3.485875233553641e-6,7,2
43439,10,9.025559934456384e-7,7,2
43439,15,0,7,2
43439,9,1.6365982650421792e-6,7,2
43439,18,0,7,2
43439,3,4.233594281372093e-5,7,2
43439,16,0,7,2
43439,2,8.439256645845207e-5,7,2
43439,5,2.363602532574969e-5,7,2
43439,4,3.106183963183861e-5,7,2
43439,12,3.963497770928854e-7,7,2
43439,13,1.011809844505063e-6,7,2
43439,6,1.1001262630628206e-5,7,2
43656,8,3.113761267923588e-5,6,4
43656,17,2.133202876126331e-6,6,4
43656,11,6.063031273115307e-6,6,4
43656,7,3.137287710198276e-5,6,4
43656,10,1.037939392462484e-5,6,4
43656,15,0,6,4
43656,9,2.4139824409372143e-5,6,4
43656,18,2.2414230346562428e-6,6,4
43656,3,4.604420057842641e-5,6,4
43656,16,1.4832278449329785e-6,6,4
43656,2,6.301681771733099e-5,6,4
43656,5,1.885853084501305e-5,6,4
43656,4,1.0104453856140273e-4,6,4
43656,12,4.7561973251146245e-6,6,4
43656,13,3.709969429851898e-6,6,4
43656,6,3.457539683911722e-5,6,4
43766,8,9.514270540877633e-6,7,2
43766,17,3.5553381268772184e-7,7,2
43766,11,9.62952025730078e-6,7,2
43766,7,1.8475138737834296e-5,7,2
43766,10,8.574281937733564e-6,7,2
43766,15,3.9987073269768425e-6,7,2
43766,9,1.800258091546397e-5,7,2
43766,18,2.56162632532142e-6,7,2
43766,3,1.9777374745095903e-4,7,2
43766,16,0,7,2
43766,2,1.7433727544706546e-4,7,2
43766,5,2.464181363748372e-5,7,2
43766,4,1.6167126169824432e-4,7,2
43766,12,2.3780986625573123e-6,7,2
43766,13,6.0708590670303785e-06,7,2
43766,6,2.4517099576828577e-5,7,2
43866,8,9.514270540877633e-6,7,2
43866,17,7.110676253754437e-7,7,2
43866,11,0,7,2
43866,7,6.971750467107282e-6,7,2
43866,10,4.512779967228192e-6,7,2
43866,15,0,7,2
43866,9,7.364692192689806e-6,7,2
43866,18,0,7,2
43866,3,2.472171843136988e-5,7,2
43866,16,0,7,2
43866,2,2.9703962536363063e-5,7,2
43866,5,2.162444870228163e-5,7,2
43866,4,5.1270747344119155e-5,7,2
43866,12,0,7,2
43866,13,1.686349740841772e-6,7,2
43866,6,2.0430916314023813e-5,7,2
43948,8,4.5841485333319496e-5,6,4
43948,17,2.488736688814053e-6,6,4
43948,11,2.2112231701949945e-5,6,4
43948,7,5.054519088652779e-5,6,4
43948,10,3.113818177387452e-5,6,4
43948,15,7.270376958139714e-7,6,4
43948,9,4.091495662605448e-5,6,4
43948,18,2.2414230346562428e-6,6,4
43948,3,4.480811465685791e-5,6,4
43948,16,4.82049049603218e-6,6,4
43948,2,3.5256105066524385e-5,6,4
43948,5,4.4506132794230795e-5,6,4
43948,4,8.644921632475565e-5,6,4
43948,12,7.926995541857707e-6,6,4
43948,13,6.7453989633670875e-6,6,4
43948,6,6.0035461784285354e-5,6,4
43989,8,4.610096543897979e-4,6,4
43989,17,3.09314417038318e-5,6,4
43989,11,1.7903774700611083e-4,6,4
43989,7,5.978276025544494e-4,6,4
43989,10,3.113818177387452e-4,6,4
43989,15,4.6166893684187185e-5,6,4
43989,9,3.968750792727285e-4,6,4
43989,18,2.337484021855796e-5,6,4
43989,3,3.195282107254557e-4,6,4
43989,16,3.226020562729228e-5,6,4
43989,2,3.3868069433984056e-4,6,4
43989,5,8.322898279599092e-4,6,4
43989,4,2.9976546439882805e-4,6,4
43989,12,1.1494143535693676e-4,6,4
43989,13,1.0151825439867468e-4,6,4
43989,6,7.638019483550441e-4,6,4
44000,8,0.0027513540536847,1,9
44000,17,0.0020443194229544,1,9
44000,11,0.00243127554051923,1,9
44000,7,0.00239131041021779,1,9
44000,10,0.00273339082615011,1,9
44000,15,0.00259625161175169,1,9
44000,9,0.00259400825009185,1,9
44000,18,0.0018187546909782,1,9
44000,3,5.2533651666661e-6,1,9
44000,16,0.00230234042229721,1,9
44000,2,8.32821379524198e-6,1,9
44000,5,9.620365201735992e-4,1,9
44000,4,2.769368834645852e-5,1,9
44000,12,0.00268962958735232,1,9
44000,13,0.0023190681636056,1,9
44000,6,0.00208866829087212,1,9
44276,8,1.5266079549680926e-4,6,4
44276,17,9.954946755256212e-6,6,4
44276,11,5.3853983661200664e-5,6,4
44276,7,2.5377171700270506e-4,6,4
44276,10,6.317891954119469e-5,6,4
44276,15,3.2716696311628713e-6,6,4
44276,9,1.178350750830369e-4,6,4
44276,18,7.0444723946339056e-6,6,4
44276,3,1.103206684999881e-4,6,4
44276,16,1.2607436681930318e-5,6,4
44276,2,1.3297381359736362e-4,6,4
44276,5,9.162731519897008e-4,6,4
44276,4,2.825504689402187e-4,6,4
44276,12,3.1311632390337943e-5,6,4
44276,13,1.0455368393218983e-5,6,4
44276,6,4.991430016410741e-4,6,4
44278,8,1.3752445599995848e-4,4,3
44278,17,6.044074815691271e-6,4,3
44278,11,4.244121891180715e-5,4,3
44278,7,1.9137455032209488e-4,4,3
44278,10,8.348642939372155e-5,4,3
44278,15,1.01785277413956e-5,4,3
44278,9,1.1210698115538928e-4,4,3
44278,18,8.965692138624971e-6,4,3
44278,3,1.0197708852940076e-5,4,3
44278,16,7.045332263431648e-6,4,3
44278,2,4.4694747367798625e-5,4,3
44278,5,9.328686591333122e-5,4,3
44278,4,3.2184556726965305e-5,4,3
44278,12,5.1525471022075095e-5,4,3
44278,13,3.743696424668734e-5,4,3
44278,6,1.656475830383161e-4,4,3
44284,8,5.7950556930800115e-5,3,1
44284,17,1.4221352507508874e-6,3,1
44284,11,2.3182178397205583e-5,3,1
44284,7,5.9608466493767256e-5,3,1
44284,10,3.880990771816245e-5,3,1
44284,15,4.362226174883829e-6,3,1
44284,9,3.968750792727285e-5,3,1
44284,18,4.162642778647307e-6,3,1
44284,3,3.090214803921236e-7,3,1
44284,16,1.0011787953297604e-5,3,1
44284,2,9.993856554290375e-6,3,1
44284,5,5.5318357145371614e-5,3,1
44284,4,0,3,1
44284,12,1.7439390192086958e-5,3,1
44284,13,9.780828496882276e-6,3,1
44284,6,8.549552672945349e-5,3,1
44347,8,2.4218143194961244e-5,5,7
44347,17,1.4221352507508874e-6,5,7
44347,11,1.1769413647812064e-5,5,7
44347,7,2.2658189018098664e-5,5,7
44347,10,7.671725944287927e-6,5,7
44347,15,1.8175942395349288e-6,5,7
44347,9,1.7184281782942882e-5,5,7
44347,18,9.606098719955323e-7,5,7
44347,3,3.182921248038872e-5,5,7
44347,16,1.854034806166223e-6,5,7
44347,2,3.719935495208085e-5,5,7
44347,5,1.232090681874186e-5,5,7
44347,4,3.742390317088989e-7,5,7
44347,12,4.359847548021739e-6,5,7
44347,13,2.360889637178481e-6,5,7
44347,6,2.3888455997935533e-5,5,7
44376,8,4.800381954715532e-5,6,4
44376,17,2.133202876126331e-6,6,4
44376,11,1.248271144464916e-5,6,4
44376,7,5.124236593323852e-5,6,4
44376,10,2.0307509852526864e-5,6,4
44376,15,4.362226174883829e-6,6,4
44376,9,3.764176009597012e-5,6,4
44376,18,6.40406581330355e-7,6,4
44376,3,2.9357040637251736e-5,6,4
44376,16,3.708069612332446e-7,6,4
44376,2,4.3306711735258297e-5,6,4
44376,5,8.121740617252287e-5,6,4
44376,4,9.355975792722474e-6,6,4
44376,12,1.0701443981507905e-5,6,4
44376,13,4.721779274356961e-6,6,4
44376,6,6.286435788930403e-5,6,4
44453,8,2.681294425156423e-5,5,7
44453,17,1.7776690634386092e-6,5,7
44453,11,1.3196009241486256e-5,5,7
44453,7,3.3812989765470315e-5,5,7
44453,10,1.083067192134766e-5,5,7
44453,15,4.725745022790814e-6,5,7
44453,9,3.150451660206195e-5,5,7
44453,18,0,5,7
44453,3,7.1074940490188414e-6,5,7
44453,16,7.416139224664892e-7,5,7
44453,2,0,5,7
44453,5,2.941930811822036e-5,5,7
44453,4,0,5,7
44453,12,1.030509420441502e-5,5,7
44453,13,8.094478756040504e-6,5,7
44453,6,4.966284273255019e-5,5,7
44465,8,2.162334213835826e-6,7,2
44465,17,0,7,2
44465,11,7.132977968370949e-7,7,2
44465,7,3.137287710198277e-6,7,2
44465,10,4.512779967228192e-7,7,2
44465,15,0,7,2
44465,9,2.045747831302724e-6,7,2
44465,18,1.28081316266071e-6,7,2
44465,3,1.3195217212743675e-4,7,2
44465,16,0,7,2
44465,2,2.098709876400979e-4,7,2
44465,5,1.408103636427641e-5,7,2
44465,4,1.354745294786214e-4,7,2
44465,12,2.3780986625573123e-6,7,2
44465,13,3.372699481683544e-7,7,2
44465,6,6.915079367823444e-6,7,2
44491,8,3.861928905910784e-4,6,4
44491,17,8.888345317193046e-6,6,4
44491,11,1.12701051900261e-4,6,4
44491,7,5.354304358738392e-4,6,4
44491,10,1.507268509054216e-4,6,4
44491,15,3.089910207209378e-5,6,4
44491,9,2.7453935896082555e-4,6,4
44491,18,8.325285557294615e-6,6,4
44491,3,5.2533651666661e-5,6,4
44491,16,2.261922463522792e-5,6,4
44491,2,3.3868069433984056e-5,6,4
44491,5,0.00166457965591981,6,4
44491,4,1.2349888046393664e-4,6,4
44491,12,6.737946210579052e-5,6,4
44491,13,3.440153471317215e-5,6,4
44491,6,9.646535718113704e-4,6,4
44682,8,3.892201584904485e-5,3,1
44682,17,3.5553381268772183e-6,3,1
44682,11,1.961568941302011e-5,3,1
44682,7,5.298530355001534e-5,3,1
44682,10,2.933306978698325e-5,3,1
44682,15,5.0892638706978e-6,3,1
44682,9,2.986791833701977e-5,3,1
44682,18,1.6010164533258875e-6,3,1
44682,3,5.871408127450347e-6,3,1
44682,16,2.5956487286327124e-6,3,1
44682,2,0,3,1
44682,5,3.0676543507887895e-5,3,1
44682,4,0,3,1
44682,12,1.3872242198250988e-5,3,1
44682,13,3.709969429851898e-6,3,1
44682,6,4.7462590206424546e-5,3,1
44766,8,2.0109708188673173e-4,4,3
44766,17,1.6354555383635206e-5,4,3
44766,11,9.84350959635191e-5,4,3
44766,7,2.133355642934828e-4,4,3
44766,10,1.3041934105289475e-4,4,3
44766,15,2.5082800505582013e-5,4,3
44766,9,1.7143366826316827e-4,4,3
44766,18,8.005082266629437e-6,4,3
44766,3,1.1433794774508573e-5,4,3
44766,16,1.0011787953297604e-5,4,3
44766,2,2.8315926903822738e-5,4,3
44766,5,1.7626440163138863e-4,4,3
44766,4,8.794617245159124e-5,4,3
44766,12,5.390356968463241e-5,4,3
44766,13,3.811150414302404e-5,4,3
44766,6,2.7188834787124e-4,4,3
44930,8,3.329994689307171e-5,6,4
44930,17,2.133202876126331e-6,6,4
44930,11,1.818909381934592e-5,6,4
44930,7,2.823558939178449e-5,6,4
44930,10,1.7148563875467128e-5,6,4
44930,15,4.362226174883829e-6,6,4
44930,9,2.8640469638238136e-5,6,4
44930,18,2.2414230346562428e-6,6,4
44930,3,7.910949898038363e-5,6,4
44930,16,2.5956487286327124e-6,6,4
44930,2,2.3874212879693676e-5,6,4
44930,5,1.810418961121253e-5,6,4
44930,4,6.586606958076621e-5,6,4
44930,12,9.116044873136364e-6,6,4
44930,13,3.709969429851898e-6,6,4
44930,6,3.6461327575796345e-5,6,4
44934,8,1.643374002515227e-5,5,7
44934,17,3.5553381268772184e-7,5,7
44934,11,2.8531911873483795e-6,5,7
44934,7,3.137287710198276e-5,5,7
44934,10,8.123003941010746e-6,5,7
44934,15,0,5,7
44934,9,1.7593431349203425e-5,5,7
44934,18,0,5,7
44934,3,0,5,7
44934,16,2.966455689865957e-6,5,7
44934,2,0,5,7
44934,5,1.330155042268254e-4,5,7
44934,4,3.742390317088989e-7,5,7
44934,12,2.3780986625573123e-6,5,7
44934,13,2.023619689010126e-6,5,7
44934,6,4.7462590206424546e-5,5,7
44936,8,1.9028541081755266e-5,7,2
44936,17,3.5553381268772184e-7,7,2
44936,11,5.706382374696759e-6,7,2
44936,7,7.66892551381801e-6,7,2
44936,10,9.025559934456383e-6,7,2
44936,15,0,7,2
44936,9,1.3911085252858524e-5,7,2
44936,18,0,7,2
44936,3,3.6464534686270576e-5,7,2
44936,16,1.854034806166223e-6,7,2
44936,2,3.414567656049212e-5,7,2
44936,5,4.274600324869625e-6,7,2
44936,4,2.2828580934242835e-5,7,2
44936,12,3.963497770928853e-6,7,2
44936,13,0,7,2
44936,6,8.172366525609524e-6,7,2
44948,8,1.1676604754713456e-5,7,2
44948,17,0,7,2
44948,11,4.2797867810225695e-6,7,2
44948,7,4.880225326975097e-6,7,2
44948,10,4.061501970505373e-6,7,2
44948,15,1.0905565437209572e-6,7,2
44948,9,6.546393060168717e-6,7,2
44948,18,0,7,2
44948,3,2.4999837763722794e-4,7,2
44948,16,0,7,2
44948,2,2.279154508631222e-4,7,2
44948,5,1.6092612987744468e-5,7,2
44948,4,1.773893010300181e-4,7,2
44948,12,3.963497770928854e-7,7,2
44948,13,1.011809844505063e-6,7,2
44948,6,1.0058297262288646e-5,7,2
45060,8,5.622068955973145e-6,7,2
45060,17,0,7,2
45060,11,1.0699466952556424e-6,7,2
45060,7,2.0915251401321845e-6,7,2
45060,10,2.256389983614096e-6,7,2
45060,15,2.1811130874419143e-6,7,2
45060,9,1.6365982650421792e-6,7,2
45060,18,3.84243948798213e-6,7,2
45060,3,1.0043198112744014e-4,7,2
45060,16,0,7,2
45060,2,9.355360163321824e-5,7,2
45060,5,9.303541883539771e-6,7,2
45060,4,4.9399552185574655e-5,7,2
45060,12,1.5853991083715415e-6,7,2
45060,13,0,7,2
45060,6,4.086183262804762e-6,7,2
45121,8,3.070514583646872e-5,6,4
45121,17,3.5553381268772184e-7,6,4
45121,11,6.419680171533854e-6,6,4
45121,7,1.708078864441284e-5,6,4
45121,10,1.2184505911516116e-5,6,4
45121,15,7.270376958139714e-7,6,4
45121,9,1.3911085252858524e-5,6,4
45121,18,2.56162632532142e-6,6,4
45121,3,4.017279245097606e-5,6,4
45121,16,0,6,4
45121,2,1.1659499313338773e-5,6,4
45121,5,6.537624026271191e-6,6,4
45121,4,2.1705863839116137e-5,6,4
45121,12,5.15254710220751e-6,6,4
45121,13,1.011809844505063e-6,6,4
45121,6,3.143217894465202e-5,6,4
45179,8,3.0272678993701553e-5,4,3
45179,17,2.133202876126331e-6,4,3
45179,11,6.7763290699524014e-6,4,3
45179,7,2.3355364064809393e-5,4,3
45179,10,2.1210065845972502e-5,4,3
45179,15,3.9987073269768425e-6,4,3
45179,9,3.232281573458304e-5,4,3
45179,18,0,4,3
45179,3,6.798472568626718e-6,4,3
45179,16,5.191297457265425e-6,4,3
45179,2,5.5521425301613205e-6,4,3
45179,5,2.640194318301827e-5,4,3
45179,4,1.6466517395191552e-5,4,3
45179,12,3.567147993835968e-6,4,3
45179,13,7.082668911535442e-6,4,3
45179,6,3.143217894465202e-5,4,3
45216,8,8.216870012576136e-6,7,2
45216,17,7.110676253754437e-7,7,2
45216,11,1.4265955936741898e-6,7,2
45216,7,1.0806213224016286e-5,7,2
45216,10,6.769169950842288e-6,7,2
45216,15,1.0905565437209572e-6,7,2
45216,9,4.091495662605448e-6,7,2
45216,18,0,7,2
45216,3,7.014787604901204e-5,7,2
45216,16,0,7,2
45216,2,3.5811319319540515e-5,7,2
45216,5,1.0057883117340292e-5,7,2
45216,4,4.902531315386576e-5,7,2
45216,12,0,7,2
45216,13,1.011809844505063e-6,7,2
45216,6,6.286435788930404e-6,7,2
45270,8,1.037920422641196e-5,7,2
45270,17,0,7,2
45270,11,2.8531911873483795e-6,7,2
45270,7,1.568643855099138e-5,7,2
45270,10,3.6102239737825536e-6,7,2
45270,15,3.635188479069857e-7,7,2
45270,9,7.77384175895035e-6,7,2
45270,18,0,7,2
45270,3,1.05067303333322e-4,7,2
45270,16,0,7,2
45270,2,1.7433727544706546e-4,7,2
45270,5,2.0367213312614093e-5,7,2
45270,4,1.5755463234944645e-4,7,2
45270,12,0,7,2
45270,13,0,7,2
45270,6,2.0745238103470333e-5,7,2
45312,8,4.757135270438816e-6,7,2
45312,17,0,7,2
45312,11,0,7,2
45312,7,4.880225326975097e-6,7,2
45312,10,9.025559934456384e-7,7,2
45312,15,0,7,2
45312,9,1.6365982650421792e-6,7,2
45312,18,0,7,2
45312,3,6.291677340783636e-4,7,2
45312,16,0,7,2
45312,2,6.548752114325277e-4,7,2
45312,5,5.6827039612972655e-5,7,2
45312,4,5.651009378804374e-4,7,2
45312,12,1.189049331278656e-6,7,2
45312,13,0,7,2
45312,6,1.540176768287949e-5,7,2
45316,8,4.757135270438816e-6,7,2
45316,17,0,7,2
45316,11,2.1398933905112848e-6,7,2
45316,7,3.137287710198277e-6,7,2
45316,10,4.512779967228192e-7,7,2
45316,15,0,7,2
45316,9,4.091495662605448e-7,7,2
45316,18,0,7,2
45316,3,1.7397909346076554e-4,7,2
45316,16,0,7,2
45316,2,1.8905045315199297e-4,7,2
45316,5,2.2127342858148644e-5,7,2
45316,4,4.378596670994117e-5,7,2
45316,12,0,7,2
45316,13,0,7,2
45316,6,2.8288961050186816e-6,7,2
45334,8,5.232848797482697e-5,4,3
45334,17,4.266405752252662e-6,4,3
45334,11,1.6405849327253184e-5,4,3
45334,7,5.751694135363507e-5,4,3
45334,10,2.3917733826309415e-5,4,3
45334,15,4.725745022790814e-6,4,3
45334,9,4.8688798385004835e-5,4,3
45334,18,3.5222361973169528e-6,4,3
45334,3,1.1742816254900694e-5,4,3
45334,16,4.449683534798936e-6,4,3
45334,2,5.5521425301613205e-6,4,3
45334,5,2.237878993608215e-5,4,3
45334,4,0,4,3
45334,12,1.3475892421158102e-5,4,3
45334,13,1.1467178237724048e-5,4,3
45334,6,7.700883841439744e-5,4,3
45339,8,1.4660625969806896e-4,6,4
45339,17,1.2799217256757986e-5,6,4
45339,11,5.920371713747888e-5,6,4
45339,7,1.8963161270531804e-4,6,4
45339,10,7.581470344943362e-5,6,4
45339,15,1.3813716220465456e-5,6,4
45339,9,1.3624680556476143e-4,6,4
45339,18,6.40406581330355e-6,6,4
45339,3,8.559895006861822e-5,6,4
45339,16,8.899367069597871e-6,6,4
45339,2,7.384349565114557e-5,6,4
45339,5,1.6872098929338343e-4,6,4
45339,4,1.5044409074697735e-4,6,4
45339,12,5.1921820799167986e-5,6,4
45339,13,2.698159585346835e-5,6,4
45339,6,2.0588077208747073e-4,6,4
45361,8,1.163335807043674e-4,3,1
45361,17,7.466210066442159e-6,3,1
45361,11,4.636435679441117e-5,3,1
45361,7,1.233999832677989e-4,3,1
45361,10,6.994808949203698e-5,3,1
45361,15,1.2359640828837516e-5,3,1
45361,9,1.1742592551677636e-4,3,1
45361,18,2.8818296159865978e-6,3,1
45361,3,2.781193323529112e-6,3,1
45361,16,1.4832278449329784e-5,3,1
45361,2,4.996928277145189e-6,3,1
45361,5,9.27839717574642e-5,3,1
45361,4,1.347260514152036e-5,3,1
45361,12,3.686052926963834e-5,3,1
45361,13,3.0354295335151897e-5,3,1
45361,6,1.2887193367307328e-4,3,1
45430,8,2.707242435722453e-4,6,4
45430,17,6.044074815691271e-6,6,4
45430,11,6.562339730901273e-5,6,4
45430,7,3.911152012047185e-4,6,4
45430,10,1.2365017110205245e-4,6,4
45430,15,9.451490045581628e-6,6,4
45430,9,2.053930822627935e-4,6,4
45430,18,2.56162632532142e-6,6,4
45430,3,7.88004774999915e-5,6,4
45430,16,8.899367069597871e-6,6,4
45430,2,1.943249885556462e-5,6,4
45430,5,0.00103445327861844,6,4
45430,4,1.1900801208342986e-4,6,4
45430,12,4.201307637184585e-5,6,4
45430,13,1.9561656993764552e-5,6,4
45430,6,7.433710320410203e-4,6,4
45472,8,1.1763098123266889e-4,1,9
45472,17,2.4994027031946845e-4,1,9
45472,11,1.5371567521839396e-4,1,9
45472,7,7.773501770824619e-5,1,9
45472,10,1.1101438719381352e-4,1,9
45472,15,2.4210355270605247e-4,1,9
45472,9,1.2806381423955052e-4,1,9
45472,18,2.603252753107893e-4,1,9
45472,3,1.9468353264703782e-5,1,9
45472,16,2.5251954059983956e-4,1,9
45472,2,3.914260483763731e-5,1,9
45472,5,2.941930811822036e-5,1,9
45472,4,3.742390317088989e-7,1,9
45472,12,1.6844865526447628e-4,1,9
45472,13,1.9123206061145696e-4,1,9
45472,6,4.5576659469745426e-5,1,9
45500,8,6.400509272954043e-4,3,1
45500,17,4.8708132338217894e-5,3,1
45500,11,2.6320688703288805e-4,3,1
45500,7,7.829275774561477e-4,3,1
45500,10,3.5199683744379897e-4,3,1
45500,15,9.960416432651408e-5,3,1
45500,9,5.269846413435817e-4,3,1
45500,18,2.689707641587491e-5,3,1
45500,3,4.0790835411760305e-5,3,1
45500,16,6.192476252595186e-5,3,1
45500,2,5.4688603922089e-5,3,1
45500,5,0.001160931158819,3,1
45500,4,1.6017430557140874e-4,3,1
45500,12,2.057055343112075e-4,3,1
45500,13,1.3119800983748986e-4,3,1
45500,6,0.00116707680421492,3,1
45532,8,1.0984657806285991e-4,3,1
45532,17,4.977473377628106e-6,3,1
45532,11,2.4965422889298323e-5,3,1
45532,7,1.770824618645249e-4,3,1
45532,10,4.422524367883628e-5,3,1
45532,15,5.816301566511771e-6,3,1
45532,9,8.714885761349605e-5,3,1
45532,18,2.8818296159865978e-6,3,1
45532,3,2.812095471568324e-5,3,1
45532,16,4.078876573565691e-6,3,1
45532,2,2.77607126508066e-7,3,1
45532,5,6.477276727567149e-4,3,1
45532,4,1.021672556565294e-4,3,1
45532,12,1.9024789300458495e-5,3,1
45532,13,7.082668911535442e-6,3,1
45532,6,3.473255773384048e-4,3,1
45606,8,3.788409542640366e-4,6,4
45606,17,1.0666014380631655e-5,6,4
45606,11,7.810610875366189e-5,6,4
45606,7,6.044507654982013e-4,6,4
45606,10,1.2319889310532964e-4,6,4
45606,15,1.9266498939070243e-5,6,4
45606,9,2.986791833701977e-4,6,4
45606,18,7.0444723946339056e-6,6,4
45606,3,6.520353236273807e-5,6,4
45606,16,1.928196198412872e-5,6,4
45606,2,1.47131777049275e-5,6,4
45606,5,0.00215942750529296,6,4
45606,4,2.6645819057673605e-4,6,4
45606,12,4.914737235951779e-5,6,4
45606,13,2.1248006734606325e-5,6,4
45606,6,0.00117587781431943,6,4
45630,8,7.827649854085688e-5,6,4
45630,17,7.110676253754437e-7,6,4
45630,11,1.569255153041609e-5,6,4
45630,7,6.379151677403162e-5,6,4
45630,10,2.6174123809923513e-5,6,4
45630,15,4.362226174883829e-6,6,4
45630,9,5.5644341011434095e-5,6,4
45630,18,6.083862522638373e-6,6,4
45630,3,1.588370409215515e-4,6,4
45630,16,1.112420883699734e-6,6,4
45630,2,7.717478116924235e-5,6,4
45630,5,9.60527837705998e-5,6,4
45630,4,1.347260514152036e-4,6,4
45630,12,1.3079542644065216e-5,6,4
45630,13,9.780828496882276e-6,6,4
45630,6,1.027832251490121e-4,6,4
45648,8,6.746482747167774e-5,4,3
45648,17,1.173261581869482e-5,4,3
45648,11,3.0315156365576537e-5,4,3
45648,7,8.017513037173374e-5,4,3
45648,10,3.971246371160809e-5,4,3
45648,15,1.599482930790737e-5,4,3
45648,9,5.400774274639192e-5,4,3
45648,18,8.965692138624971e-6,4,3
45648,3,3.059312655882023e-5,4,3
45648,16,1.3719857565630052e-5,4,3
45648,2,5.746467518716967e-5,4,3
45648,5,5.632414545710564e-5,4,3
45648,4,2.6570971251331824e-5,4,3
45648,12,2.4970035956851777e-5,4,3
45648,13,2.630705595713164e-5,4,3
45648,6,1.669048701961022e-4,4,3
45699,8,2.767787793709856e-5,6,4
45699,17,7.110676253754437e-7,6,4
45699,11,5.706382374696759e-6,6,4
45699,7,2.579547672829694e-5,6,4
45699,10,1.3087061904961756e-5,6,4
45699,15,2.5446319353489e-6,6,4
45699,9,2.4139824409372143e-5,6,4
45699,18,0,6,4
45699,3,5.0988544264700386e-5,6,4
45699,16,1.112420883699734e-6,6,4
45699,2,2.442942713270981e-5,6,4
45699,5,1.6344060065677978e-5,6,4
45699,4,5.239346443924585e-5,6,4
45699,12,1.5853991083715415e-6,6,4
45699,13,0,6,4
45699,6,3.5518362207456785e-5,6,4
45801,8,2.72454110943314e-5,6,4
45801,17,0,6,4
45801,11,3.209840085766927e-6,6,4
45801,7,4.3224852896065146e-5,6,4
45801,10,9.476837931179204e-6,6,4
45801,15,0,6,4
45801,9,2.2912375710590508e-5,6,4
45801,18,6.40406581330355e-7,6,4
45801,3,5.624190943136648e-5,6,4
45801,16,2.5956487286327124e-6,6,4
45801,2,4.24738903557341e-5,6,4
45801,5,2.0040332111300537e-4,6,4
45801,4,1.2611855368589893e-4,6,4
45801,12,3.963497770928854e-7,6,4
45801,13,6.745398963367088e-7,6,4
45801,6,9.743975472842124e-5,6,4
46220,8,1.4314652495593162e-4,6,4
46220,17,1.7776690634386092e-6,6,4
46220,11,4.101462331813296e-5,6,4
46220,7,2.5969770489974624e-4,6,4
46220,10,5.2348247619847025e-5,6,4
46220,15,1.0905565437209571e-5,6,4
46220,9,1.313370107696349e-4,6,4
46220,18,3.202032906651775e-6,6,4
46220,3,3.495032943234917e-4,6,4
46220,16,1.112420883699734e-6,6,4
46220,2,2.6178352029710626e-4,6,4
46220,5,8.576859828311936e-4,6,4
46220,4,5.011060634582156e-4,6,4
46220,12,2.734813461940909e-5,6,4
46220,13,1.5851687563912656e-5,6,4
46220,6,4.727399713275663e-4,6,4
46237,8,1.124413791194629e-4,6,4
46237,17,7.466210066442159e-6,6,4
46237,11,4.315451670864424e-5,6,4
46237,7,1.1085083242700575e-4,6,4
46237,10,6.227636354774905e-5,6,4
46237,15,8.724452349767657e-6,6,4
46237,9,7.978416542080624e-5,6,4
46237,18,5.443455941308017e-6,6,4
46237,3,1.613092127646885e-4,6,4
46237,16,4.078876573565691e-6,6,4
46237,2,1.4269006302514592e-4,6,4
46237,5,1.0233896071893748e-4,6,4
46237,4,9.692790921260482e-5,6,4
46237,12,2.9726233281966403e-5,6,4
46237,13,1.3828067874902529e-5,6,4
46237,6,1.48045562829311e-4,6,4
46285,8,9.514270540877633e-6,7,2
46285,17,7.110676253754437e-7,7,2
46285,11,2.1398933905112848e-6,7,2
46285,7,1.2549150840793106e-5,7,2
46285,10,7.220447947565107e-6,7,2
46285,15,2.1811130874419143e-6,7,2
46285,9,5.728093927647627e-6,7,2
46285,18,0,7,2
46285,3,4.6971265019602775e-5,7,2
46285,16,0,7,2
46285,2,4.4139533114782495e-5,7,2
46285,5,1.408103636427641e-5,7,2
46285,4,1.1676257789317646e-4,7,2
46285,12,4.359847548021739e-6,7,2
46285,13,6.745398963367088e-7,7,2
46285,6,1.3830158735646888e-5,7,2
46405,8,1.509309281257406e-4,6,4
46405,17,6.755142441066715e-6,6,4
46405,11,1.7832444920927372e-5,6,4
46405,7,2.251875400875652e-4,6,4
46405,10,6.453275353136315e-5,6,4
46405,15,2.9081507832558855e-6,6,4
46405,9,8.510310978219332e-5,6,4
46405,18,6.083862522638373e-6,6,4
46405,3,7.1074940490188414e-6,6,4
46405,16,5.56210441849867e-6,6,4
46405,2,1.526839195794363e-5,6,4
46405,5,8.659837364029993e-4,6,4
46405,4,7.147965505639969e-5,6,4
46405,12,2.219558751720158e-5,6,4
46405,13,6.7453989633670875e-6,6,4
46405,6,4.4602261922461214e-4,6,4
46439,8,7.351936327041805e-6,7,2
46439,17,0,7,2
46439,11,6.063031273115307e-6,7,2
46439,7,1.9869488831255753e-5,7,2
46439,10,1.128194991807048e-5,7,2
46439,15,2.1811130874419143e-6,7,2
46439,9,1.022873915651362e-5,7,2
46439,18,0,7,2
46439,3,5.77870168333271e-5,7,2
46439,16,7.416139224664892e-7,7,2
46439,2,5.71870680606616e-5,7,2
46439,5,2.087010746848111e-5,7,2
46439,4,3.966933736114328e-5,7,2
46439,12,1.189049331278656e-6,7,2
46439,13,2.698159585346835e-6,7,2
46439,6,2.3259812419042493e-5,7,2
46509,8,1.037920422641196e-4,5,7
46509,17,6.044074815691271e-6,5,7
46509,11,3.994467662287732e-5,5,7
46509,7,8.92384059789732e-5,5,7
46509,10,7.400959146254234e-5,5,7
46509,15,9.815008893488614e-6,5,7
46509,9,9.77867463362702e-5,5,7
46509,18,1.6010164533258875e-6,5,7
46509,3,1.3905966617645558e-5,5,7
46509,16,7.045332263431648e-6,5,7
46509,2,1.1937106439846838e-5,5,7
46509,5,9.102384221192966e-5,5,7
46509,4,3.742390317088989e-7,5,7
46509,12,2.6951784842316205e-5,5,7
46509,13,1.2141718134060755e-5,5,7
46509,6,1.2887193367307328e-4,5,7
46518,8,1.9028541081755266e-5,6,4
46518,17,1.0666014380631656e-6,6,4
46518,11,8.916222460463686e-6,6,4
46518,7,3.416157728882568e-5,6,4
46518,10,1.2184505911516116e-5,6,4
46518,15,1.8175942395349288e-6,6,4
46518,9,1.3092786120337432e-5,6,4
46518,18,0,6,4
46518,3,1.6378138460782548e-5,6,4
46518,16,2.224841767399468e-6,6,4
46518,2,5.2190139783516413e-5,6,4
46518,5,7.367399383451765e-5,6,4
46518,4,4.116629348797888e-5,6,4
46518,12,7.926995541857707e-6,6,4
46518,13,2.023619689010126e-6,6,4
46518,6,7.292265515159269e-5,6,4
46559,8,6.270769220123894e-5,6,4
46559,17,2.8442705015017748e-6,6,4
46559,11,1.390930703832335e-5,6,4
46559,7,9.30728687358822e-5,6,4
46559,10,1.669728587874431e-5,6,4
46559,15,4.725745022790814e-6,6,4
46559,9,3.8869208794751755e-5,6,4
46559,18,4.162642778647307e-6,6,4
46559,3,4.944343686273977e-6,6,4
46559,16,4.82049049603218e-6,6,4
46559,2,5.829749656669386e-6,6,4
46559,5,3.806908759913301e-4,6,4
46559,4,6.661454764418401e-5,6,4
46559,12,8.719695096043479e-6,6,4
46559,13,8.43174870420886e-6,6,4
46559,6,2.0462348492968465e-4,6,4
46644,8,2.3353209509426912e-5,7,2
46644,17,2.133202876126331e-6,7,2
46644,11,9.272871358882232e-6,7,2
46644,7,1.568643855099138e-5,7,2
46644,10,1.2635783908238937e-5,7,2
46644,15,2.5446319353489e-6,7,2
46644,9,1.4320234819119068e-5,7,2
46644,18,0,7,2
46644,3,1.953015756078221e-4,7,2
46644,16,0,7,2
46644,2,1.0965481497068607e-4,7,2
46644,5,1.9612872078813573e-5,7,2
46644,4,1.062838850053273e-4,7,2
46644,12,3.963497770928853e-6,7,2
46644,13,2.698159585346835e-6,7,2
46644,6,2.9231926418526377e-5,7,2
46817,8,7.005962852828073e-5,7,2
46817,17,2.8442705015017748e-6,7,2
46817,11,8.916222460463686e-6,7,2
46817,7,1.240971583145096e-4,7,2
46817,10,2.5722845813200693e-5,7,2
46817,15,1.8175942395349288e-6,7,2
46817,9,5.237114448134973e-5,7,2
46817,18,4.4828460693124855e-6,7,2
46817,3,6.535804310293413e-4,7,2
46817,16,2.966455689865957e-6,7,2
46817,2,5.474412534739062e-4,7,2
46817,5,4.656799883328556e-4,7,2
46817,4,5.931688652586048e-4,7,2
46817,12,1.4664941752436758e-5,7,2
46817,13,1.011809844505063e-6,7,2
46817,6,2.586868327144861e-4,7,2
46840,8,1.816360739622093e-5,5,7
46840,17,0,5,7
46840,11,1.1412764749393518e-5,5,7
46840,7,2.056666387796648e-5,5,7
46840,10,1.3087061904961756e-5,5,7
46840,15,3.635188479069857e-6,5,7
46840,9,1.18653374215558e-5,5,7
46840,18,3.202032906651775e-7,5,7
46840,3,1.9777374745095907e-5,5,7
46840,16,1.854034806166223e-6,5,7
46840,2,2.5539855638742073e-5,5,7
46840,5,1.3326695130475888e-5,5,7
46840,4,3.742390317088989e-7,5,7
46840,12,4.7561973251146245e-6,5,7
46840,13,1.079263834138734e-5,5,7
46840,6,4.3376406943619786e-5,5,7
46898,8,8.000636591192554e-5,6,4
46898,17,7.110676253754437e-7,6,4
46898,11,4.9930845778596645e-5,6,4
46898,7,1.0806213224016284e-4,6,4
46898,10,4.8286745649341654e-5,6,4
46898,15,1.0542046589302586e-5,6,4
46898,9,8.101161411958787e-5,6,4
46898,18,3.5222361973169528e-6,6,4
46898,3,4.4159169548034456e-4,6,4
46898,16,6.303718340965159e-6,6,4
46898,2,5.327280757689787e-4,6,4
46898,5,1.0057883117340292e-4,6,4
46898,4,4.445959696701719e-4,6,4
46898,12,2.2591937294294463e-5,6,4
46898,13,2.5295246112626577e-5,6,4
46898,6,1.8702146472067952e-4,6,4
46978,8,3.6413708160995295e-4,6,4
46978,17,2.133202876126331e-6,6,4
46978,11,6.063031273115307e-5,6,4
46978,7,5.462366490978555e-4,6,4
46978,10,1.389936229906283e-4,6,4
46978,15,2.5446319353489e-6,6,4
46978,9,2.9213279031002897e-4,6,4
46978,18,5.7636592319731955e-6,6,4
46978,3,9.579665892155827e-6,6,4
46978,16,5.191297457265425e-6,6,4
46978,2,3.3868069433984056e-5,6,4
46978,5,0.00195801839586822,6,4
46978,4,2.3127972159609953e-4,6,4
46978,12,5.3507219907539526e-5,6,4
46978,13,2.5295246112626577e-5,6,4
46978,6,0.00110389812453617,6,4
47074,8,4.281421743394934e-5,7,2
47074,17,4.621939564940384e-6,7,2
47074,11,1.569255153041609e-5,7,2
47074,7,4.6710728129618785e-5,7,2
47074,10,3.971246371160809e-5,7,2
47074,15,6.179820414418757e-6,7,2
47074,9,4.050580705979393e-5,7,2
47074,18,8.965692138624971e-6,7,2
47074,3,2.1476992887252587e-4,7,2
47074,16,2.5956487286327124e-6,7,2
47074,2,2.2069766557391248e-4,7,2
47074,5,5.909006331437422e-5,7,2
47074,4,2.425068925473665e-4,7,2
47074,12,1.5853991083715413e-5,7,2
47074,13,1.5851687563912656e-5,7,2
47074,6,6.160707073151795e-5,7,2
47381,8,3.113761267923588e-5,6,4
47381,17,2.8442705015017748e-6,6,4
47381,11,7.489626866789497e-6,6,4
47381,7,2.474971415823085e-5,6,4
47381,10,1.5343451888575853e-5,6,4
47381,15,6.179820414418757e-6,6,4
47381,9,1.882088004798506e-5,6,4
47381,18,3.202032906651775e-6,6,4
47381,3,1.2051837735292818e-5,6,4
47381,16,3.708069612332446e-7,6,4
47381,2,6.384963909685518e-6,6,4
47381,5,1.0812224351140815e-5,6,4
47381,4,3.6675425107472096e-5,6,4
47381,12,3.567147993835968e-6,6,4
47381,13,1.686349740841772e-6,6,4
47381,6,2.6717352102954217e-5,6,4
47451,8,2.8542811622632893e-5,7,2
47451,17,7.110676253754437e-7,7,2
47451,11,7.489626866789497e-6,7,2
47451,7,3.416157728882568e-5,7,2
47451,10,1.8953675862358405e-5,7,2
47451,15,2.1811130874419143e-6,7,2
47451,9,2.8640469638238136e-5,7,2
47451,18,2.2414230346562428e-6,7,2
47451,3,0,7,2
47451,16,3.3372626510992015e-6,7,2
47451,2,0,7,2
47451,5,6.562768734064542e-5,7,2
47451,4,0,7,2
47451,12,1.030509420441502e-5,7,2
47451,13,9.443558548713922e-6,7,2
47451,6,4.966284273255019e-5,7,2
47455,8,4.886875323268965e-5,5,7
47455,17,2.8442705015017748e-6,5,7
47455,11,1.7119147124090278e-5,5,7
47455,7,3.9041802615800774e-5,5,7
47455,10,3.113818177387452e-5,5,7
47455,15,7.270376958139714e-6,5,7
47455,9,4.336985402361775e-5,5,7
47455,18,0,5,7
47455,3,1.8850310303919537e-5,5,7
47455,16,1.854034806166223e-6,5,7
47455,2,5.413338966907287e-5,5,7
47455,5,3.117943766375491e-5,5,7
47455,4,3.742390317088989e-7,5,7
47455,12,1.2683192866972332e-5,5,7
47455,13,1.3828067874902529e-5,5,7
47455,6,4.3690728733066306e-5,5,7
47500,8,2.6380477408797067e-5,7,2
47500,17,0,7,2
47500,11,3.209840085766927e-6,7,2
47500,7,5.089377840988316e-5,7,2
47500,10,1.083067192134766e-5,7,2
47500,15,7.270376958139714e-7,7,2
47500,9,2.1684927011808876e-5,7,2
47500,18,9.606098719955323e-7,7,2
47500,3,7.23110264117569e-5,7,2
47500,16,0,7,2
47500,2,4.025303334366957e-5,7,2
47500,5,1.475994347469688e-4,7,2
47500,4,1.2611855368589893e-4,7,2
47500,12,5.548896879300395e-6,7,2
47500,13,6.7453989633670875e-6,7,2
47500,6,8.738145746613261e-5,7,2
47552,8,2.032594161005676e-5,5,7
47552,17,7.821743879129881e-6,5,7
47552,11,1.248271144464916e-5,5,7
47552,7,3.2070052148693495e-5,5,7
47552,10,2.1210065845972502e-5,5,7
47552,15,6.906858110232728e-6,5,7
47552,9,1.882088004798506e-5,5,7
47552,18,7.68487897596426e-6,5,7
47552,3,4.480811465685791e-5,5,7
47552,16,1.112420883699734e-5,5,7
47552,2,2.6650284144774337e-5,5,7
47552,5,2.1875895780215137e-5,5,7
47552,4,3.742390317088989e-7,5,7
47552,12,1.4268591975343873e-5,5,7
47552,13,1.4839877719407592e-5,5,7
47552,6,4.7776911995871066e-5,5,7
47559,8,1.1027904490562707e-4,3,1
47559,17,7.110676253754437e-6,3,1
47559,11,1.925904051460156e-5,3,1
47559,7,1.8893443765860733e-4,3,1
47559,10,3.880990771816245e-5,3,1
47559,15,0,3,1
47559,9,7.692011845698243e-5,3,1
47559,18,6.40406581330355e-7,3,1
47559,3,0,3,1
47559,16,2.224841767399468e-6,3,1
47559,2,0,3,1
47559,5,6.424472841201112e-4,3,1
47559,4,2.6196732219622924e-5,3,1
47559,12,2.4573686179758897e-5,3,1
47559,13,8.43174870420886e-6,3,1
47559,6,3.5266904775899566e-4,3,1
47625,8,3.2002546364770215e-5,6,4
47625,17,2.8442705015017748e-6,6,4
47625,11,1.4622604835160446e-5,6,4
47625,7,6.20485791572548e-5,6,4
47625,10,2.256389983614096e-5,6,4
47625,15,3.2716696311628713e-6,6,4
47625,9,3.764176009597012e-5,6,4
47625,18,3.84243948798213e-6,6,4
47625,3,1.6996181421566793e-5,6,4
47625,16,4.82049049603218e-6,6,4
47625,2,2.6372677018266272e-5,6,4
47625,5,3.495114383275752e-5,6,4
47625,4,8.682345535646455e-5,6,4
47625,12,9.116044873136364e-6,6,4
47625,13,1.686349740841772e-6,6,4
47625,6,8.423823957166741e-5,6,4
47639,8,8.865570276726883e-5,3,1
47639,17,2.133202876126331e-6,3,1
47639,11,4.565105899757407e-5,3,1
47639,7,9.89988566329234e-5,3,1
47639,10,8.438898538716719e-5,3,1
47639,15,5.816301566511771e-6,3,1
47639,9,5.278029404761028e-5,3,1
47639,18,1.921219743991065e-6,3,1
47639,3,1.5451074019606176e-6,3,1
47639,16,1.6315506294262762e-5,3,1
47639,2,0,3,1
47639,5,6.663347565237945e-5,3,1
47639,4,0,3,1
47639,12,2.5366385733944664e-5,3,1
47639,13,1.787530725292278e-5,3,1
47639,6,6.789350652044836e-5,3,1
47870,8,3.892201584904485e-6,7,2
47870,17,0,7,2
47870,11,2.8531911873483795e-6,7,2
47870,7,2.0915251401321845e-6,7,2
47870,10,1.3538339901684576e-6,7,2
47870,15,0,7,2
47870,9,3.682346096344903e-6,7,2
47870,18,0,7,2
47870,3,4.882539390195552e-5,7,2
47870,16,0,7,2
47870,2,6.523767472939551e-5,7,2
47870,5,3.5202590910691026e-6,7,2
47870,4,5.838128894658823e-5,7,2
47870,12,7.926995541857708e-7,7,2
47870,13,0,7,2
47870,6,2.5145743155721616e-6,7,2
47913,8,8.649336855343301e-7,7,2
47913,17,0,7,2
47913,11,2.4965422889298324e-6,7,2
47913,7,3.834462756909005e-6,7,2
47913,10,4.512779967228192e-7,7,2
47913,15,0,7,2
47913,9,1.6365982650421792e-6,7,2
47913,18,0,7,2
47913,3,5.624190943136648e-5,7,2
47913,16,0,7,2
47913,2,3.553371219303245e-5,7,2
47913,5,7.794859415938727e-6,7,2
47913,4,9.617943114918702e-5,7,2
47913,12,1.189049331278656e-6,7,2
47913,13,6.745398963367088e-7,7,2
47913,6,5.657792210037363e-6,7,2
47920,8,5.103108744652548e-5,5,7
47920,17,6.755142441066715e-6,5,7
47920,11,3.281169865450637e-5,5,7
47920,7,5.995705401712262e-5,5,7
47920,10,3.2492015764042984e-5,5,7
47920,15,1.5631310460000386e-5,5,7
47920,9,3.9278358361012305e-5,5,7
47920,18,3.5222361973169528e-6,5,7
47920,3,1.8541288823527412e-5,5,7
47920,16,5.191297457265425e-6,5,7
47920,2,2.1098141614613015e-5,5,7
47920,5,3.972863831349416e-5,5,7
47920,4,3.742390317088989e-7,5,7
47920,12,1.5061291529529645e-5,5,7
47920,13,7.75720880787215e-6,5,7
47920,6,8.580984851890002e-5,5,7
47970,8,4.108435006288067e-5,6,4
47970,17,0,6,4
47970,11,6.7763290699524014e-6,6,4
47970,7,4.0784740232577594e-5,6,4
47970,10,1.2635783908238937e-5,6,4
47970,15,2.1811130874419143e-6,6,4
47970,9,2.454897397563269e-5,6,4
47970,18,1.28081316266071e-6,6,4
47970,3,1.0846653961763535e-4,6,4
47970,16,3.708069612332446e-7,6,4
47970,2,1.0743395795862157e-4,6,4
47970,5,4.727205065149938e-5,6,4
47970,4,1.695302813641312e-4,6,4
47970,12,6.341596433486166e-6,6,4
47970,13,0,6,4
47970,6,3.9918867259708065e-5,6,4
48000,8,1.383893896854928e-5,7,2
48000,17,0,7,2
48000,11,7.846275765208045e-6,7,2
48000,7,1.4292088457569926e-5,7,2
48000,10,1.2635783908238937e-5,7,2
48000,15,1.4540753916279428e-6,7,2
48000,9,2.8640469638238135e-6,7,2
48000,18,9.606098719955323e-7,7,2
48000,3,8.714405747057884e-5,7,2
48000,16,0,7,2
48000,2,2.498464138572594e-5,7,2
48000,5,1.03093301952738e-5,7,2
48000,4,3.4804229948927596e-5,7,2
48000,12,5.15254710220751e-6,7,2
48000,13,1.011809844505063e-6,7,2
48000,6,2.6717352102954217e-5,7,2
48040,8,6.659989378614342e-5,4,3
48040,17,1.7776690634386092e-6,4,3
48040,11,2.5678720686135417e-5,4,3
48040,7,4.008756518586687e-5,4,3
48040,10,5.099441362967857e-5,4,3
48040,15,3.2716696311628713e-6,4,3
48040,9,5.5644341011434095e-5,4,3
48040,18,3.202032906651775e-7,4,3
48040,3,9.888687372547952e-6,4,3
48040,16,3.708069612332446e-6,4,3
48040,2,8.050606668733915e-6,4,3
48040,5,3.117943766375491e-5,4,3
48040,4,0,4,3
48040,12,1.2286843089879449e-5,4,3
48040,13,9.780828496882276e-6,4,3
48040,6,6.883647188878792e-5,4,3
48113,8,1.967724134590601e-4,5,7
48113,17,1.6354555383635206e-5,5,7
48113,11,9.84350959635191e-5,5,7
48113,7,2.2274742742407763e-4,5,7
48113,10,1.624600788202149e-4,5,7
48113,15,1.52677916120934e-5,5,7
48113,9,1.423840490586696e-4,5,7
48113,18,2.2414230346562424e-5,5,7
48113,3,1.8541288823527412e-5,5,7
48113,16,1.7057120216729254e-5,5,7
48113,2,6.662571036193584e-6,5,7
48113,5,1.322611629930249e-4,5,7
48113,4,0,5,7
48113,12,5.9452466563932806e-5,5,7
48113,13,5.227684196609493e-5,5,7
48113,6,3.020632396581059e-4,5,7
48115,8,1.4271405811316446e-4,6,4
48115,17,4.621939564940384e-6,6,4
48115,11,2.639201848297251e-5,6,4
48115,7,1.938146629855824e-4,6,4
48115,10,4.1517575698499366e-5,6,4
48115,15,3.2716696311628713e-6,6,4
48115,9,1.1210698115538928e-4,6,4
48115,18,1.6010164533258875e-6,6,4
48115,3,3.924572800979969e-5,6,4
48115,16,3.708069612332446e-7,6,4
48115,2,3.164721242191953e-5,6,4
48115,5,7.382486208127775e-4,6,4
48115,4,4.977379121728356e-5,6,4
48115,12,1.545764130662253e-5,6,4
48115,13,1.1467178237724048e-5,6,4
48115,6,4.04846464807118e-4,6,4
48199,8,3.632721479244186e-5,6,4
48199,17,0,6,4
48199,11,4.636435679441117e-6,6,4
48199,7,3.172146462533813e-5,6,4
48199,10,9.928115927902022e-6,6,4
48199,15,3.635188479069857e-7,6,4
48199,9,2.2503226144329965e-5,6,4
48199,18,6.40406581330355e-7,6,4
48199,3,2.2249546588232896e-5,6,4
48199,16,0,6,4
48199,2,1.38803563254033e-5,6,4
48199,5,1.9788885033367027e-4,6,4
48199,4,9.355975792722474e-6,6,4
48199,12,3.963497770928854e-7,6,4
48199,13,0,6,4
48199,6,9.083899715004434e-5,6,4
48202,8,6.711885399746402e-4,3,1
48202,17,1.173261581869482e-5,3,1
48202,11,1.376664747895593e-4,3,1
48202,7,9.983546668897627e-4,3,1
48202,10,2.2699283235157804e-4,3,1
48202,15,2.5809838201395983e-5,3,1
48202,9,5.110278082594205e-4,3,1
48202,18,1.024650530128568e-5,3,1
48202,3,9.270644411763706e-7,3,1
48202,16,2.2990031596461167e-5,3,1
48202,2,4.996928277145189e-6,3,1
48202,5,0.00334726350145084,3,1
48202,4,5.048484537753047e-4,3,1
48202,12,9.789839494194268e-5,3,1
48202,13,5.328865181059999e-5,3,1
48202,6,0.00185984202815505,3,1
48244,8,2.811034477986573e-5,3,1
48244,17,1.0666014380631656e-6,3,1
48244,11,2.10422850066943e-5,3,1
48244,7,4.1481915279288326e-5,3,1
48244,10,1.4892173891853034e-5,3,1
48244,15,2.1811130874419143e-6,3,1
48244,9,2.986791833701977e-5,3,1
48244,18,3.5222361973169528e-6,3,1
48244,3,1.8541288823527413e-6,3,1
48244,16,1.854034806166223e-6,3,1
48244,2,6.107356783177452e-6,3,1
48244,5,3.243667305342245e-5,3,1
48244,4,0,3,1
48244,12,1.1494143535693677e-5,3,1
48244,13,5.059049222525316e-6,3,1
48244,6,3.6775649365242865e-5,3,1
48363,8,8.216870012576136e-6,7,2
48363,17,1.0666014380631656e-6,7,2
48363,11,4.636435679441117e-6,7,2
48363,7,9.760450653950194e-6,7,2
48363,10,8.574281937733564e-6,7,2
48363,15,5.0892638706978e-6,7,2
48363,9,1.350193568659798e-5,7,2
48363,18,0,7,2
48363,3,6.613059680391444e-5,7,2
48363,16,0,7,2
48363,2,6.162878208479066e-5,7,2
48363,5,1.2069459740808353e-5,7,2
48363,4,1.2200192433710104e-4,7,2
48363,12,1.5853991083715415e-6,7,2
48363,13,3.372699481683544e-6,7,2
48363,6,1.1001262630628206e-5,7,2
48435,8,1.6866206867919436e-5,7,2
48435,17,2.8442705015017748e-6,7,2
48435,11,9.272871358882232e-6,7,2
48435,7,1.9172313784545024e-5,7,2
48435,10,1.17332279147933e-5,7,2
48435,15,1.0905565437209572e-6,7,2
48435,9,1.104703828903471e-5,7,2
48435,18,2.8818296159865978e-6,7,2
48435,3,1.378235802548871e-4,7,2
48435,16,0,7,2
48435,2,1.1992627865148453e-4,7,2
48435,5,1.986431915674708e-5,7,2
48435,4,2.7319449314749625e-5,7,2
48435,12,3.963497770928853e-6,7,2
48435,13,7.082668911535442e-6,7,2
48435,6,3.26894661024381e-5,7,2
48465,8,3.4597347421373203e-6,7,2
48465,17,0,7,2
48465,11,1.4265955936741898e-6,7,2
48465,7,8.366100560528738e-6,7,2
48465,10,3.6102239737825536e-6,7,2
48465,15,2.9081507832558855e-6,7,2
48465,9,2.045747831302724e-6,7,2
48465,18,0,7,2
48465,3,1.6069116980390423e-5,7,2
48465,16,0,7,2
48465,2,1.887728460254849e-5,7,2
48465,5,5.12952038984355e-5,7,2
48465,4,3.44299909172187e-5,7,2
48465,12,0,7,2
48465,13,0,7,2
48465,6,1.7916341998451652e-5,7,2
48779,8,5.578822271696429e-5,6,4
48779,17,1.7776690634386092e-6,6,4
48779,11,3.5664889841854745e-5,6,4
48779,7,9.41186313059483e-5,6,4
48779,10,4.2420131691945005e-5,6,4
48779,15,1.1632603133023542e-5,6,4
48779,9,4.664305055370211e-5,6,4
48779,18,6.40406581330355e-6,6,4
48779,3,1.2113642031371242e-4,6,4
48779,16,4.078876573565691e-6,6,4
48779,2,1.257560283081539e-4,6,4
48779,5,9.177818344573018e-5,6,4
48779,4,8.981736761013574e-5,6,4
48779,12,2.4970035956851777e-5,6,4
48779,13,2.2259816579111388e-5,6,4
48779,6,1.678478355644418e-4,6,4
48906,8,6.054535798740311e-6,7,2
48906,17,1.0666014380631656e-6,7,2
48906,11,9.98616915571933e-6,7,2
48906,7,1.568643855099138e-5,7,2
48906,10,5.86661395739665e-6,7,2
48906,15,5.816301566511771e-6,7,2
48906,9,8.182991325210897e-6,7,2
48906,18,1.921219743991065e-6,7,2
48906,3,4.493172324901476e-4,7,2
48906,16,2.966455689865957e-6,7,2
48906,2,5.990761790044065e-4,7,2
48906,5,3.620837922242506e-5,7,2
48906,4,5.894264749415158e-4,7,2
48906,12,7.134295987671936e-6,7,2
48906,13,2.698159585346835e-6,7,2
48906,6,1.9173629156237732e-05,7,2
48984,8,1.6909453552196152e-4,3,1
48984,17,7.110676253754437e-6,3,1
48984,11,6.847658849636111e-5,3,1
48984,7,2.2414177751749908e-4,3,1
48984,10,7.446086945926517e-5,3,1
48984,15,1.7085385851628328e-5,3,1
48984,9,1.3215530990215598e-4,3,1
48984,18,9.285895429290148e-6,3,1
48984,3,1.7614224382351042e-5,3,1
48984,16,1.1865822759463828e-5,3,1
48984,2,3.331285518096792e-5,3,1
48984,5,4.327404211235661e-4,3,1
48984,4,2.8816405441585216e-5,3,1
48984,12,5.509261901591107e-5,3,1
48984,13,3.069156528332025e-5,3,1
48984,6,3.677564936524286e-4,3,1
48989,8,1.435789917986988e-4,5,7
48989,17,1.528795394557204e-5,5,7
48989,11,1.030715316429602e-4,5,7
48989,7,1.9276890041551633e-4,5,7
48989,10,1.0695288522330816e-4,5,7
48989,15,3.089910207209378e-5,5,7
48989,9,1.4647554472127503e-4,5,7
48989,18,1.985260402124101e-5,5,7
48989,3,3.2756276921565095e-5,5,7
48989,16,2.4473259441394144e-5,5,7
48989,2,1.0271463680798442e-5,5,7
48989,5,1.3955312825309656e-4,5,7
48989,4,0,5,7
48989,12,6.975756076834783e-5,5,7
48989,13,3.305245492049873e-5,5,7
48989,6,3.7624318196748466e-4,5,7
49041,8,9.946737383644797e-6,6,4
49041,17,3.5553381268772184e-7,6,4
49041,11,8.202924663626592e-6,6,4
49041,7,3.172146462533813e-5,6,4
49041,10,5.4153359606738304e-6,6,4
49041,15,1.0905565437209572e-6,6,4
49041,9,1.3911085252858524e-5,6,4
49041,18,4.162642778647307e-6,6,4
49041,3,5.037050130391614e-5,6,4
49041,16,1.112420883699734e-6,6,4
49041,2,3.248003380144372e-5,6,4
49041,5,1.2069459740808353e-5,6,4
49041,4,4.0043576392852185e-5,6,4
49041,12,2.3780986625573123e-6,6,4
49041,13,5.39631917069367e-6,6,4
49041,6,1.5087445893432969e-5,6,4
49058,8,2.348294956225706e-4,3,1
49058,17,3.946425320833712e-5,3,1
49058,11,1.2803695453225854e-4,3,1
49058,7,2.3808527845171367e-4,3,1
49058,10,1.9946487455148608e-4,3,1
49058,15,5.0165601011164025e-5,3,1
49058,9,2.0334733443149076e-4,3,1
49058,18,2.9138499450531152e-5,3,1
49058,3,6.1804296078424705e-6,3,1
49058,16,4.264280054182313e-5,3,1
49058,2,1.1659499313338773e-5,3,1
49058,5,2.2077053442561944e-4,3,1
49058,4,0,3,1
49058,12,9.353854739392096e-5,3,1
49058,13,6.779125958183923e-5,3,1
49058,6,2.7314563502902603e-4,3,1
49212,8,1.1936084860373755e-4,5,7
49212,17,6.755142441066715e-6,5,7
49212,11,4.1727921114970054e-5,5,7
49212,7,1.289773836414847e-4,5,7
49212,10,6.092252955758059e-5,5,7
49212,15,2.690039474511694e-5,5,7
49212,9,8.714885761349605e-5,5,7
49212,18,1.28081316266071e-6,5,7
49212,3,0,5,7
49212,16,4.078876573565691e-6,5,7
49212,2,1.1381892186830706e-5,5,7
49212,5,1.0359619610860502e-4,5,7
49212,4,3.742390317088989e-7,5,7
49212,12,4.122037681766008e-5,5,7
49212,13,2.4957976164458225e-5,5,7
49212,6,1.6156139977551137e-4,5,7
49223,8,1.1590111386160024e-4,6,4
49223,17,2.8442705015017748e-6,6,4
49223,11,2.639201848297251e-5,6,4
49223,7,1.5547003541649238e-4,6,4
49223,10,4.557907766900474e-5,6,4
49223,15,1.0905565437209572e-6,6,4
49223,9,6.505478103542662e-5,6,4
49223,18,0,6,4
49223,3,4.882539390195552e-5,6,4
49223,16,4.078876573565691e-6,6,4
49223,2,6.0795960705266455e-5,6,4
49223,5,5.765681497015323e-4,6,4
49223,4,2.1743287742287027e-4,6,4
49223,12,9.908744427322134e-6,6,4
49223,13,9.106288600545569e-6,6,4
49223,6,2.860328283963334e-4,6,4
49232,8,1.3752445599995848e-4,6,4
49232,17,1.4576886320196597e-5,6,4
49232,11,4.2797867810225695e-5,6,4
49232,7,1.3908642181879023e-4,6,4
49232,10,7.671725944287927e-5,6,4
49232,15,2.0720574330698185e-5,6,4
49232,9,1.3092786120337435e-4,6,4
49232,18,6.7242691039687274e-06,6,4
49232,3,2.255856806862502e-4,6,4
49232,16,1.6686313255496008e-5,6,4
49232,2,2.4623752121265453e-4,6,4
49232,5,5.204954513223602e-5,6,4
49232,4,3.454226262673137e-4,6,4
49232,12,5.1921820799167986e-5,6,4
49232,13,2.833067564614177e-5,6,4
49232,6,1.5747521651270663e-4,6,4
49272,8,3.394864715722246e-4,6,4
49272,17,2.915377264039319e-5,6,4
49272,11,1.1840743427495776e-4,6,4
49272,7,3.5834797400931425e-4,6,4
49272,10,2.612899601025123e-4,6,4
49272,15,5.0892638706978e-5,6,4
49272,9,3.0113408076776096e-4,6,4
49272,18,2.56162632532142e-5,6,4
49272,3,1.9591961856860632e-4,6,4
49272,16,2.3731645518927655e-5,6,4
49272,2,2.1514552304375116e-4,6,4
49272,5,1.229576211094851e-4,6,4
49272,4,3.162319817940196e-4,6,4
49272,12,1.1533778513402965e-4,6,4
49272,13,6.070859067030379e-5,6,4
49272,6,3.49840151653977e-4,6,4
49597,8,1.1763098123266889e-4,4,3
49597,17,1.2088149631382544e-5,4,3
49597,11,3.637818763869184e-5,4,3
49597,7,8.470676817535347e-5,4,3
49597,10,8.438898538716719e-5,4,3
49597,15,1.27231596767445e-5,4,3
49597,9,9.04220541435804e-5,4,3
49597,18,5.7636592319731955e-6,4,3
49597,3,1.0815751813724324e-5,4,3
49597,16,8.528560108364627e-6,4,3
49597,2,0,4,3
49597,5,8.096595909458936e-5,4,3
49597,4,0,4,3
49597,12,2.298828707138735e-5,4,3
49597,13,1.7200767356586074e-5,4,3
49597,6,1.1378448777964032e-4,4,3
49611,8,9.341283803770764e-5,3,1
49611,17,4.621939564940384e-6,3,1
49611,11,2.85319118734838e-5,3,1
49611,7,6.274575420396553e-5,3,1
49611,10,5.279952561656985e-5,3,1
49611,15,1.1632603133023542e-5,3,1
49611,9,7.446522105941916e-5,3,1
49611,18,6.083862522638373e-6,3,1
49611,3,3.090214803921236e-7,3,1
49611,16,1.0753401875764094e-5,3,1
49611,2,6.107356783177452e-6,3,1
49611,5,7.040518182138205e-5,3,1
49611,4,0,3,1
49611,12,2.4573686179758897e-5,3,1
49611,13,2.6644325905299995e-5,3,1
49611,6,1.0749805199070992e-4,3,1
49716,8,4.843628638992248e-4,1,9
49716,17,1.6176788477291343e-4,1,9
49716,11,3.826842680031014e-4,1,9
49716,7,3.59045149056025e-4,1,9
49716,10,5.722204998445347e-4,1,9
49716,15,2.337426192041918e-4,1,9
49716,9,4.8238733862118234e-4,1,9
49716,18,1.466531071246513e-4,1,9
49716,3,3.090214803921236e-7,1,9
49716,16,1.7094200912852578e-4,1,9
49716,2,2.77607126508066e-7,1,9
49716,5,1.2471775065501963e-4,1,9
49716,4,7.484780634177978e-7,1,9
49716,12,3.73361490021498e-4,1,9
49716,13,2.735259279645354e-4,1,9
49716,6,3.356956711288836e-4,1,9
49778,8,5.146355428929264e-5,4,3
49778,17,1.0666014380631656e-6,4,3
49778,11,1.818909381934592e-5,4,3
49778,7,6.832315457765135e-5,4,3
49778,10,3.2492015764042984e-5,4,3
49778,15,6.543339262325743e-6,4,3
49778,9,6.137243493908172e-5,4,3
49778,18,6.40406581330355e-7,4,3
49778,3,5.562386647058224e-6,4,3
49778,16,0,4,3
49778,2,0,4,3
49778,5,4.551192110596483e-5,4,3
49778,4,6.92342208661463e-5,4,3
49778,12,1.2683192866972332e-5,4,3
49778,13,6.7453989633670875e-6,4,3
49778,6,8.39239177822209e-5,4,3
49798,8,0.00144011458641465,1,9
49798,17,0.00495294154455265,1,9
49798,11,0.00244268830526863,1,9
49798,7,0.00125003485875233,1,9
49798,10,0.00244006012828028,1,9
49798,15,0.0058646495732834,1,9
49798,9,0.00168651451212596,1,9
49798,18,0.00531729584478593,1,9
49798,3,1.2051837735292818e-5,1,9
49798,16,0.00513011430866194,1,9
49798,2,1.3047534945879103e-5,1,9
49798,5,3.090284587802805e-4,1,9
49798,4,4.154053251968778e-5,1,9
49798,12,0.0036266004603999,1,9
49798,13,0.00389681698113716,1,9
49798,6,8.703570349774144e-4,1,9
49841,8,1.063868433207226e-4,3,1
49841,17,7.821743879129881e-6,3,1
49841,11,3.388164534976201e-5,3,1
49841,7,5.925987897041189e-5,3,1
49841,10,4.603035566572756e-5,3,1
49841,15,1.3813716220465456e-5,3,1
49841,9,8.633055848097495e-5,3,1
49841,18,6.40406581330355e-6,3,1
49841,3,3.090214803921236e-7,3,1
49841,16,8.528560108364627e-6,3,1
49841,2,1.4990784831435564e-5,3,1
49841,5,6.613058149651243e-5,3,1
49841,4,7.484780634177978e-7,3,1
49841,12,2.4177336402666007e-5,3,1
49841,13,2.934248549064683e-5,3,1
49841,6,1.0529779946458426e-4,3,1
49853,8,5.103108744652548e-5,3,1
49853,17,5.6885410030035495e-6,3,1
49853,11,1.3552658139904805e-5,3,1
49853,7,5.82141164003458e-5,3,1
49853,10,3.339457175748862e-5,3,1
49853,15,2.5446319353489e-6,3,1
49853,9,3.477771313214631e-5,3,1
49853,18,2.56162632532142e-6,3,1
49853,3,3.090214803921236e-7,3,1
49853,16,6.674525302198403e-6,3,1
49853,2,0,3,1
49853,5,5.7329933768839675e-5,3,1
49853,4,0,3,1
49853,12,1.5853991083715413e-5,3,1
49853,13,1.0118098445050631e-5,3,1
49853,6,6.443596683653664e-5,3,1
49929,8,3.848954900627769e-5,6,4
49929,17,0,6,4
49929,11,8.916222460463686e-6,6,4
49929,7,5.0196603363172425e-5,6,4
49929,10,1.128194991807048e-5,6,4
49929,15,7.270376958139714e-7,6,4
49929,9,2.4139824409372143e-5,6,4
49929,18,0,6,4
49929,3,3.306529840195722e-5,6,4
49929,16,0,6,4
49929,2,5.441099679558094e-5,6,4
49929,5,1.7928176656659074e-4,6,4
49929,4,5.164498637582805e-5,6,4
49929,12,3.963497770928853e-6,6,4
49929,13,6.745398963367088e-7,6,4
49929,6,1.0435483409624472e-4,6,4
49937,8,1.1676604754713456e-5,7,2
49937,17,0,7,2
49937,11,1.676249822567173e-5,7,2
49937,7,1.568643855099138e-5,7,2
49937,10,5.4153359606738304e-6,7,2
49937,15,0,7,2
49937,9,3.682346096344903e-6,7,2
49937,18,6.40406581330355e-7,7,2
49937,3,2.048812414999779e-4,7,2
49937,16,0,7,2
49937,2,2.2985870074867867e-4,7,2
49937,5,7.467978214625168e-5,7,2
49937,4,1.384684417322926e-4,7,2
49937,12,2.7744484396501974e-6,7,2
49937,13,2.698159585346835e-6,7,2
49937,6,2.8288961050186817e-5,7,2
50092,8,5.7950556930800115e-5,6,4
50092,17,3.5553381268772184e-7,6,4
50092,11,1.7832444920927372e-5,6,4
50092,7,5.159095345659388e-5,6,4
50092,10,2.752795780009197e-5,6,4
50092,15,1.4540753916279428e-6,6,4
50092,9,2.904961920449868e-5,6,4
50092,18,2.2414230346562428e-6,6,4
50092,3,6.798472568626717e-5,6,4
50092,16,2.5956487286327124e-6,6,4
50092,2,2.6095069891758207e-5,6,4
50092,5,3.7214167534159085e-5,6,4
50092,4,4.677987896361237e-5,6,4
50092,12,1.030509420441502e-5,6,4
50092,13,1.4165337823070884e-5,6,4
50092,6,4.7776911995871066e-5,6,4
50129,8,2.075840845282392e-5,6,4
50129,17,1.0666014380631656e-6,6,4
50129,11,4.993084577859665e-6,6,4
50129,7,2.8584176915139852e-5,6,4
50129,10,5.4153359606738304e-6,6,4
50129,15,0,6,4
50129,9,1.55476835179007e-5,6,4
50129,18,3.202032906651775e-7,6,4
50129,3,6.95298330882278e-5,6,4
50129,16,7.416139224664892e-7,6,4
50129,2,9.07775303681376e-5,6,4
50129,5,1.2823800974608876e-5,6,4
50129,4,4.640563993190347e-5,6,4
50129,12,8.719695096043479e-6,6,4
50129,13,3.372699481683544e-6,6,4
50129,6,2.2316847050702933e-5,6,4
50172,8,1.3017251967291666e-4,4,3
50172,17,1.0666014380631655e-5,4,3
50172,11,3.138510306083218e-5,4,3
50172,7,1.4466382219247608e-4,4,3
50172,10,7.9876205419939e-5,4,3
50172,15,6.906858110232728e-6,4,3
50172,9,9.49226993724464e-5,4,3
50172,18,1.0886911882616036e-5,4,3
50172,3,8.961622931371583e-6,4,3
50172,16,5.56210441849867e-6,4,3
50172,2,1.4435570578419432e-5,4,3
50172,5,1.0233896071893748e-4,4,3
50172,4,2.5074015124496227e-5,4,3
50172,12,3.6067829715452565e-5,4,3
50172,13,2.5295246112626577e-5,4,3
50172,6,1.3515836946200368e-4,4,3
50214,8,5.665315640249862e-5,3,1
50214,17,2.8442705015017748e-6,3,1
50214,11,3.245504975608782e-5,3,1
50214,7,5.925987897041189e-5,3,1
50214,10,2.933306978698325e-5,3,1
50214,15,1.01785277413956e-5,3,1
50214,9,3.968750792727285e-5,3,1
50214,18,4.162642778647307e-6,3,1
50214,3,1.2360859215684942e-6,3,1
50214,16,3.708069612332446e-6,3,1
50214,2,0,3,1
50214,5,3.696272045622558e-5,3,1
50214,4,0,3,1
50214,12,1.2286843089879449e-5,3,1
50214,13,9.443558548713922e-6,3,1
50214,6,6.85221500993414e-5,3,1
50286,8,2.119087529559109e-5,6,4
50286,17,0,6,4
50286,11,1.5335902631997542e-5,6,4
50286,7,2.649265177500767e-5,6,4
50286,10,1.3538339901684576e-5,6,4
50286,15,2.9081507832558855e-6,6,4
50286,9,1.882088004798506e-5,6,4
50286,18,9.606098719955323e-7,6,4
50286,3,1.1650109810783058e-4,6,4
50286,16,1.112420883699734e-6,6,4
50286,2,8.355974507892787e-5,6,4
50286,5,2.74077314947523e-5,6,4
50286,4,1.5680615428602864e-4,6,4
50286,12,7.530645764764822e-6,6,4
50286,13,6.7453989633670875e-6,6,4
50286,6,3.6147005786349825e-5,6,4
50294,8,2.551554372326274e-5,6,4
50294,17,2.8442705015017748e-6,6,4
50294,11,1.1056115850974973e-5,6,4
50294,7,5.33338910733707e-5,6,4
50294,10,2.211262183941814e-5,6,4
50294,15,2.5446319353489e-6,6,4
50294,9,3.232281573458304e-5,6,4
50294,18,1.6010164533258875e-6,6,4
50294,3,2.472171843136988e-5,6,4
50294,16,2.5956487286327124e-6,6,4
50294,2,4.885885426541962e-5,6,4
50294,5,3.319101428722297e-5,6,4
50294,4,2.133162480740724e-5,6,4
50294,12,1.1494143535693677e-5,6,4
50294,13,1.079263834138734e-5,6,4
50294,6,6.726486294155532e-5,6,4
50310,8,7.265442958488372e-5,6,4
50310,17,7.110676253754437e-7,6,4
50310,11,1.3552658139904805e-5,6,4
50310,7,1.1189659499707186e-4,6,4
50310,10,2.5722845813200693e-5,6,4
50310,15,1.0905565437209572e-6,6,4
50310,9,3.10953670358014e-5,6,4
50310,18,2.56162632532142e-6,6,4
50310,3,1.5142052539214051e-5,6,4
50310,16,1.112420883699734e-6,6,4
50310,2,8.050606668733915e-6,6,4
50310,5,4.1337899612268607e-4,6,4
50310,4,7.933867472228657e-5,6,4
50310,12,1.030509420441502e-5,6,4
50310,13,5.733589118862024e-6,6,4
50310,6,2.228541487175828e-4,6,4
50373,8,2.8975278465400057e-5,6,4
50373,17,2.133202876126331e-6,6,4
50373,11,1.7475796022508825e-5,6,4
50373,7,4.8453665746395605e-5,6,4
50373,10,2.256389983614096e-5,6,4
50373,15,3.635188479069857e-6,6,4
50373,9,1.350193568659798e-5,6,4
50373,18,2.56162632532142e-6,6,4
50373,3,7.447417677450177e-5,6,4
50373,16,4.449683534798936e-6,6,4
50373,2,7.273306714511329e-5,6,4
50373,5,5.204954513223602e-5,6,4
50373,4,6.77372647393107e-5,6,4
50373,12,1.2286843089879449e-5,6,4
50373,13,5.733589118862024e-6,6,4
50373,6,9.083899715004434e-5,6,4
50436,8,1.83365941333278e-4,3,1
50436,17,2.0620961135887867e-5,3,1
50436,11,1.3552658139904804e-4,3,1
50436,7,2.26930477704342e-4,3,1
50436,10,1.9901359655476327e-4,3,1
50436,15,3.1626139767907756e-5,3,1
50436,9,1.587500317090914e-4,3,1
50436,18,1.697077440525441e-5,3,1
50436,3,3.0902148039212355e-5,3,1
50436,16,2.892294297619308e-5,3,1
50436,2,4.996928277145189e-6,3,1
50436,5,2.9620465780567164e-4,3,1
50436,4,8.195834794424887e-5,3,1
50436,12,8.442250252078459e-5,3,1
50436,13,4.114693367653923e-5,3,1
50436,6,2.681164863978817e-4,3,1
50528,8,2.1623342138358253e-5,7,2
50528,17,7.110676253754437e-7,7,2
50528,11,4.2797867810225695e-6,7,2
50528,7,2.1263838924677207e-5,7,2
50528,10,1.128194991807048e-5,7,2
50528,15,0,7,2
50528,9,1.6365982650421794e-5,7,2
50528,18,9.606098719955323e-7,7,2
50528,3,9.023427227450008e-5,7,2
50528,16,3.708069612332446e-7,7,2
50528,2,1.2159192141053292e-4,7,2
50528,5,8.071451201665585e-5,7,2
50528,4,2.039602722813499e-4,7,2
50528,12,2.3780986625573123e-6,7,2
50528,13,2.023619689010126e-6,7,2
50528,6,5.6577922100373634e-5,7,2
50542,8,0.00112960339330783,1,9
50542,17,3.6904409756985526e-4,1,9
50542,11,9.137344777483186e-4,1,9
50542,7,8.916868847430213e-4,1,9
50542,10,0.00134661354222089,1,9
50542,15,6.303416822707132e-4,1,9
50542,9,0.00101837327042249,1,9
50542,18,3.3141040583845873e-4,1,9
50542,3,5.2533651666661e-6,1,9
50542,16,4.63879508502789e-4,1,9
50542,2,1.6934034716992028e-5,1,9
50542,5,3.0927990585821405e-4,1,9
50542,4,0,1,9
50542,12,8.418469265452886e-4,1,9
50542,13,6.991606025529986e-4,1,9
50542,6,7.810896467746026e-4,1,9
50548,8,8.173623328299419e-5,6,4
50548,17,2.133202876126331e-6,6,4
50548,11,3.209840085766927e-5,6,4
50548,7,9.098134359575004e-5,6,4
50548,10,3.2492015764042984e-5,6,4
50548,15,4.362226174883829e-6,6,4
50548,9,5.891753754151845e-5,6,4
50548,18,6.7242691039687274e-06,6,4
50548,3,3.5228448764702084e-5,6,4
50548,16,4.82049049603218e-6,6,4
50548,2,5.0524497024468016e-5,6,4
50548,5,9.731001916026734e-5,6,4
50548,4,2.058314674398944e-5,6,4
50548,12,2.3384636848480237e-5,6,4
50548,13,2.023619689010126e-6,6,4
50548,6,8.832442283447218e-5,6,4
50560,8,9.081803698110464e-6,7,2
50560,17,0,7,2
50560,11,4.2797867810225695e-6,7,2
50560,7,1.35949134108592e-5,7,2
50560,10,1.2184505911516116e-5,7,2
50560,15,0,7,2
50560,9,1.6365982650421792e-6,7,2
50560,18,6.40406581330355e-7,7,2
50560,3,1.6378138460782548e-5,7,2
50560,16,0,7,2
50560,2,6.412724622336325e-5,7,2
50560,5,9.554988961473278e-6,7,2
50560,4,3.2184556726965305e-5,7,2
50560,12,7.926995541857708e-7,7,2
50560,13,0,7,2
50560,6,1.2258549788414288e-5,7,2
50668,8,2.248827582389258e-5,6,4
50668,17,2.8442705015017748e-6,6,4
50668,11,1.4979253733578992e-5,6,4
50668,7,4.1481915279288326e-5,6,4
50668,10,7.220447947565107e-6,6,4
50668,15,2.9081507832558855e-6,6,4
50668,9,2.5367273108153778e-5,6,4
50668,18,2.2414230346562428e-6,6,4
50668,3,1.5760095499998302e-5,6,4
50668,16,7.416139224664892e-7,6,4
50668,2,1.887728460254849e-5,6,4
50668,5,1.1566565584941338e-4,6,4
50668,4,4.303748864652338e-5,6,4
50668,12,3.567147993835968e-6,6,4
50668,13,9.443558548713922e-6,6,4
50668,6,7.795180378273701e-5,6,4
50748,8,1.5266079549680926e-4,4,3
50748,17,1.528795394557204e-5,4,3
50748,11,5.456728145803776e-5,4,3
50748,7,1.7533952424774813e-4,4,3
50748,10,8.619409737405846e-5,4,3
50748,15,7.270376958139714e-6,4,3
50748,9,1.6365982650421793e-4,4,3
50748,18,4.803049359977663e-6,4,3
50748,3,3.182921248038872e-5,4,3
50748,16,1.112420883699734e-5,4,3
50748,2,1.8599677476040426e-5,4,3
50748,5,1.70984012994785e-4,4,3
50748,4,5.089650831241025e-5,4,3
50748,12,4.201307637184585e-5,4,3
50748,13,1.55144176157443e-5,4,3
50748,6,2.272546537698341e-4,4,3
50837,8,3.753812195218992e-4,6,4
50837,17,1.3865818694821152e-5,6,4
50837,11,1.3659652809430367e-4,6,4
50837,7,4.963886332580384e-4,6,4
50837,10,1.7419330673500822e-4,6,4
50837,15,3.30802151595357e-5,6,4
50837,9,3.162726147194011e-4,6,4
50837,18,1.2487928335941925e-5,6,4
50837,3,8.961622931371582e-5,6,4
50837,16,2.3731645518927655e-5,6,4
50837,2,7.245546001860524e-5,6,4
50837,5,8.981689623784882e-4,6,4
50837,4,2.2379494096192156e-4,6,4
50837,12,9.591664605647826e-5,6,4
50837,13,4.317055336554936e-5,6,4
50837,6,7.565725471977741e-4,6,4
51115,8,6.9194694842746405e-6,7,2
51115,17,0,7,2
51115,11,0,7,2
51115,7,1.1503388270727012e-5,7,2
51115,10,6.3178919541194684e-06,7,2
51115,15,0,7,2
51115,9,9.819589590253076e-6,7,2
51115,18,0,7,2
51115,3,1.3226119360782888e-4,7,2
51115,16,0,7,2
51115,2,1.4185724164562173e-4,7,2
51115,5,7.040518182138205e-6,7,2
51115,4,1.1040051435412518e-4,7,2
51115,12,1.189049331278656e-6,7,2
51115,13,1.3490797926734176e-6,7,2
51115,6,8.172366525609524e-6,7,2
51139,8,2.59480105660299e-6,7,2
51139,17,0,7,2
51139,11,0,7,2
51139,7,3.485875233553641e-6,7,2
51139,10,9.025559934456384e-7,7,2
51139,15,0,7,2
51139,9,1.2274486987816343e-6,7,2
51139,18,0,7,2
51139,3,1.2824391436273128e-4,7,2
51139,16,3.708069612332446e-7,7,2
51139,2,1.504630625673718e-4,7,2
51139,5,2.1373001624348124e-5,7,2
51139,4,8.270682600766666e-5,7,2
51139,12,0,7,2
51139,13,0,7,2
51139,6,8.486688315056044e-6,7,2
51148,8,4.757135270438815e-5,6,4
51148,17,0,6,4
51148,11,3.5664889841854747e-6,6,4
51148,7,7.215761733456036e-5,6,4
51148,10,1.5343451888575853e-5,6,4
51148,15,7.270376958139714e-7,6,4
51148,9,2.9458768770759225e-5,6,4
51148,18,1.921219743991065e-6,6,4
51148,3,0,6,4
51148,16,3.708069612332446e-7,6,4
51148,2,0,6,4
51148,5,2.2026764026975243e-4,6,4
51148,4,1.1938225111513876e-4,6,4
51148,12,1.9817488854644267e-6,6,4
51148,13,2.360889637178481e-6,6,4
51148,6,1.2038524535801724e-4,6,4
51289,8,5.44908221886628e-5,4,3
51289,17,1.7776690634386092e-6,4,3
51289,11,2.639201848297251e-5,4,3
51289,7,6.239716668061017e-5,4,3
51289,10,2.4369011823032235e-5,4,3
51289,15,4.362226174883829e-6,4,3
51289,9,3.846005922849121e-5,4,3
51289,18,2.56162632532142e-6,4,3
51289,3,4.635322205881853e-6,4,3
51289,16,3.708069612332446e-6,4,3
51289,2,7.495392415717782e-6,4,3
51289,5,3.77170616900261e-5,4,3
51289,4,0,4,3
51289,12,2.298828707138735e-5,4,3
51289,13,8.43174870420886e-6,4,3
51289,6,5.7520887468713194e-5,4,3
51302,8,2.8542811622632893e-5,6,4
51302,17,7.110676253754437e-7,6,4
51302,11,7.846275765208045e-6,6,4
51302,7,2.544688920494158e-5,6,4
51302,10,2.211262183941814e-5,6,4
51302,15,3.635188479069857e-6,6,4
51302,9,1.6775132216682336e-5,6,4
51302,18,0,6,4
51302,3,4.7589307980387024e-5,6,4
51302,16,1.4832278449329785e-6,6,4
51302,2,8.467017358496014e-5,6,4
51302,5,3.042509642995439e-5,6,4
51302,4,5.9878245073423826e-5,6,4
51302,12,8.323345318950592e-6,6,4
51302,13,4.721779274356961e-6,6,4
51302,6,3.6461327575796345e-5,6,4
51307,8,1.768789386917705e-4,3,1
51307,17,1.13770820060071e-5,3,1
51307,11,6.704999290268692e-5,3,1
51307,7,1.1085083242700575e-4,3,1
51307,10,1.1101438719381352e-4,3,1
51307,15,2.3992243961861055e-5,3,1
51307,9,1.1824422464929744e-4,3,1
51307,18,6.7242691039687274e-06,3,1
51307,3,3.090214803921236e-7,3,1
51307,16,8.899367069597871e-6,3,1
51307,2,4.441714024129056e-6,3,1
51307,5,9.705857208233383e-5,3,1
51307,4,6.3620635390512815e-6,3,1
51307,12,4.161672659475296e-5,3,1
51307,13,2.934248549064683e-5,3,1
51307,6,1.5150310251322273e-4,3,1
51345,8,9.298037119494047e-5,6,4
51345,17,2.133202876126331e-6,6,4
51345,11,3.602153874027329e-5,6,4
51345,7,1.2932597116484007e-4,6,4
51345,10,4.873802364606447e-5,6,4
51345,15,7.6338958060467e-6,6,4
51345,9,5.891753754151845e-5,6,4
51345,18,3.202032906651775e-7,6,4
51345,3,5.2533651666661e-6,6,4
51345,16,7.045332263431648e-6,6,4
51345,2,3.053678391588726e-5,6,4
51345,5,3.691243104063888e-4,6,4
51345,4,1.2986094400298793e-4,6,4
51345,12,1.3872242198250988e-5,6,4
51345,13,1.2478988082229112e-5,6,4
51345,6,2.715740260817934e-4,6,4
51348,8,1.72986737106866e-6,7,2
51348,17,1.4221352507508874e-6,7,2
51348,11,1.4265955936741898e-6,7,2
51348,7,2.0915251401321845e-6,7,2
51348,10,2.7076679803369152e-6,7,2
51348,15,0,7,2
51348,9,5.728093927647627e-6,7,2
51348,18,0,7,2
51348,3,1.6594453497057035e-4,7,2
51348,16,0,7,2
51348,2,2.273602366101061e-4,7,2
51348,5,2.3133131169882675e-5,7,2
51348,4,2.791823176548386e-4,7,2
51348,12,7.926995541857708e-7,7,2
51348,13,1.011809844505063e-6,7,2
51348,6,1.0686940841181686e-5,7,2
51541,8,0,7,2
51541,17,3.5553381268772184e-7,7,2
51541,11,4.636435679441117e-6,7,2
51541,7,2.0915251401321845e-6,7,2
51541,10,1.3538339901684576e-6,7,2
51541,15,0,7,2
51541,9,4.091495662605448e-7,7,2
51541,18,0,7,2
51541,3,2.9758768561761496e-4,7,2
51541,16,1.112420883699734e-6,7,2
51541,2,3.7143833526779235e-4,7,2
51541,5,1.8355636689146036e-5,7,2
51541,4,2.077026625984389e-4,7,2
51541,12,1.9817488854644267e-6,7,2
51541,13,1.011809844505063e-6,7,2
51541,6,8.172366525609524e-6,7,2
51577,8,1.989347476728959e-5,6,4
51577,17,3.5553381268772184e-7,6,4
51577,11,1.2839360343067709e-5,6,4
51577,7,3.7996040045734686e-5,6,4
51577,10,2.166134384269532e-5,6,4
51577,15,2.9081507832558855e-6,6,4
51577,9,2.5776422674414324e-5,6,4
51577,18,0,6,4
51577,3,7.262004789214903e-5,6,4
51577,16,1.854034806166223e-6,6,4
51577,2,5.746467518716967e-5,6,4
51577,5,1.0057883117340292e-5,6,4
51577,4,5.426465959779034e-5,6,4
51577,12,9.512394650229247e-6,6,4
51577,13,2.698159585346835e-6,6,4
51577,6,3.7089971154689385e-5,6,4
51618,8,9.181271071946914e-4,3,1
51618,17,2.0265427323200147e-5,3,1
51618,11,1.9758348972387528e-4,3,1
51618,7,0.00139365291837474,3,1
51618,10,2.5452079015167e-4,3,1
51618,15,2.3992243961861055e-5,3,1
51618,9,6.039047598005641e-4,3,1
51618,18,8.645488847959792e-6,3,1
51618,3,1.5760095499998302e-5,3,1
51618,16,2.07651898290617e-5,3,1
51618,2,2.77607126508066e-7,3,1
51618,5,0.00532992371095655,3,1
51618,4,7.896443569057767e-4,3,1
51618,12,1.1295968647147232e-4,3,1
51618,13,5.02532222770848e-5,3,1
51618,6,0.0026893372305044202,3,1
51917,8,0.00163558959934541,1,9
51917,17,0.00348991990534267,1,9
51917,11,0.00416209264454444,1,9
51917,7,0.00154528849103432,1,9
51917,10,0.00270044753238935,1,9
51917,15,0.00296704083661681,1,9
51917,9,0.00199214923812259,1,9
51917,18,0.00339703671066686,1,9
51917,3,4.295398577450517e-5,1,9
51917,16,0.0033317005466807,1,9
51917,2,5.2467746910024475e-5,1,9
51917,5,2.992220227408737e-5,1,9
51917,4,1.8711951585444947e-5,1,9
51917,12,0.00371260836202905,1,9
51917,13,0.00385263461792711,1,9
51917,6,8.521263711895162e-4,1,9
52015,8,3.5462281106907534e-5,6,4
52015,17,0,6,4
52015,11,6.7763290699524014e-6,6,4
52015,7,5.681976630692434e-5,6,4
52015,10,1.083067192134766e-5,6,4
52015,15,0,6,4
52015,9,3.068621746954086e-5,6,4
52015,18,0,6,4
52015,3,0,6,4
52015,16,0,6,4
52015,2,0,6,4
52015,5,1.875795201383965e-4,6,4
52015,4,4.565716186848567e-5,6,4
52015,12,1.189049331278656e-6,6,4
52015,13,2.360889637178481e-6,6,4
52015,6,1.0749805199070992e-4,6,4
52068,8,9.471023856600914e-5,3,1
52068,17,1.0666014380631655e-5,3,1
52068,11,2.9245209670320892e-5,3,1
52068,7,1.5860732312669064e-4,3,1
52068,10,4.557907766900474e-5,3,1
52068,15,9.087971197674644e-6,3,1
52068,9,9.04220541435804e-5,3,1
52068,18,3.202032906651775e-6,3,1
52068,3,2.10134606666644e-5,3,1
52068,16,8.899367069597871e-6,3,1
52068,2,2.77607126508066e-7,3,1
52068,5,3.288927779370276e-4,3,1
52068,4,4.565716186848567e-5,3,1
52068,12,2.7744484396501975e-5,3,1
52068,13,1.3828067874902529e-5,3,1
52068,6,3.017489178686594e-4,3,1
52074,8,2.162334213835826e-6,7,2
52074,17,0,7,2
52074,11,0,7,2
52074,7,4.183050280264369e-6,7,2
52074,10,9.025559934456384e-7,7,2
52074,15,0,7,2
52074,9,1.2274486987816343e-6,7,2
52074,18,0,7,2
52074,3,2.35165346578406e-4,7,2
52074,16,0,7,2
52074,2,2.6539241294171114e-4,7,2
52074,5,2.640194318301827e-5,7,2
52074,4,2.503659122132534e-4,7,2
52074,12,1.189049331278656e-6,7,2
52074,13,0,7,2
52074,6,6.915079367823444e-6,7,2
52106,8,1.9461007924522423e-5,3,1
52106,17,1.4221352507508874e-6,3,1
52106,11,8.202924663626592e-6,3,1
52106,7,2.544688920494158e-5,3,1
52106,10,1.17332279147933e-5,3,1
52106,15,2.5446319353489e-6,3,1
52106,9,1.4320234819119068e-5,3,1
52106,18,3.84243948798213e-6,3,1
52106,3,3.090214803921236e-7,3,1
52106,16,3.708069612332446e-7,3,1
52106,2,1.8599677476040426e-5,3,1
52106,5,2.3133131169882675e-5,3,1
52106,4,0,3,1
52106,12,1.9817488854644267e-6,3,1
52106,13,3.372699481683544e-6,3,1
52106,6,3.7404292944135905e-5,3,1
52125,8,6.487002641507476e-6,7,2
52125,17,1.4221352507508874e-6,7,2
52125,11,2.1398933905112848e-6,7,2
52125,7,1.35949134108592e-5,7,2
52125,10,4.964057963951011e-6,7,2
52125,15,0,7,2
52125,9,3.2731965300843583e-6,7,2
52125,18,3.202032906651775e-7,7,2
52125,3,5.77870168333271e-5,7,2
52125,16,1.112420883699734e-6,7,2
52125,2,3.6644140699064714e-5,7,2
52125,5,3.9980085391427666e-5,7,2
52125,4,5.538737669291704e-5,7,2
52125,12,1.9817488854644267e-6,7,2
52125,13,5.059049222525316e-6,7,2
52125,6,1.728769841955861e-5,7,2
52206,8,4.324668427671651e-7,7,2
52206,17,0,7,2
52206,11,0,7,2
52206,7,1.7429376167768204e-6,7,2
52206,10,9.025559934456384e-7,7,2
52206,15,1.4540753916279428e-6,7,2
52206,9,8.182991325210896e-7,7,2
52206,18,0,7,2
52206,3,1.063033892548905e-4,7,2
52206,16,0,7,2
52206,2,1.8655198901342036e-4,7,2
52206,5,1.3578142208409397e-5,7,2
52206,4,1.4857289558843287e-4,7,2
52206,12,7.926995541857708e-7,7,2
52206,13,0,7,2
52206,6,2.2002525261256415e-6,7,2
52208,8,3.027267899370155e-6,7,2
52208,17,3.5553381268772184e-7,7,2
52208,11,0,7,2
52208,7,8.366100560528738e-6,7,2
52208,10,3.6102239737825536e-6,7,2
52208,15,1.8175942395349288e-6,7,2
52208,9,2.8640469638238135e-6,7,2
52208,18,1.6010164533258875e-6,7,2
52208,3,2.904801915685961e-5,7,2
52208,16,3.708069612332446e-7,7,2
52208,2,0,7,2
52208,5,7.643991169178622e-5,7,2
52208,4,2.2080102870825037e-5,7,2
52208,12,0,7,2
52208,13,1.686349740841772e-6,7,2
52208,6,3.174650073409854e-5,7,2
52364,8,3.027267899370155e-6,7,2
52364,17,0,7,2
52364,11,2.1398933905112848e-6,7,2
52364,7,4.5316378036197325e-6,7,2
52364,10,2.256389983614096e-6,7,2
52364,15,0,7,2
52364,9,8.182991325210896e-7,7,2
52364,18,0,7,2
52364,3,4.2644964294113045e-5,7,2
52364,16,7.416139224664892e-7,7,2
52364,2,3.6366533572556646e-5,7,2
52364,5,1.684695422154499e-5,7,2
52364,4,6.511759151734842e-5,7,2
52364,12,0,7,2
52364,13,0,7,2
52364,6,1.540176768287949e-5,7,2
52373,8,6.659989378614342e-5,4,3
52373,17,2.133202876126331e-6,4,3
52373,11,3.45949431465991e-5,4,3
52373,7,8.610111826877492e-5,4,3
52373,10,3.835862972143963e-5,4,3
52373,15,5.0892638706978e-6,4,3
52373,9,5.359859318013137e-5,4,3
52373,18,5.443455941308017e-6,4,3
52373,3,1.4524009578429806e-5,4,3
52373,16,4.82049049603218e-6,4,3
52373,2,0,4,3
52373,5,3.620837922242506e-5,4,3
52373,4,0,4,3
52373,12,2.100653818592293e-5,4,3
52373,13,1.4502607771239238e-5,4,3
52373,6,9.429653683395604e-5,4,3
52389,8,6.703236062891058e-5,6,4
52389,17,2.133202876126331e-6,6,4
52389,11,1.0342818054137877e-5,6,4
52389,7,1.105022449036504e-4,6,4
52389,10,2.4820289819755058e-5,6,4
52389,15,4.725745022790814e-6,6,4
52389,9,5.400774274639192e-5,6,4
52389,18,9.606098719955323e-7,6,4
52389,3,6.056821015685621e-5,6,4
52389,16,7.416139224664892e-7,6,4
52389,2,6.940178162701651e-5,6,4
52389,5,3.482542029379077e-4,6,4
52389,4,2.5710221478401354e-4,6,4
52389,12,5.15254710220751e-6,6,4
52389,13,4.3845093261886066e-6,6,4
52389,6,1.9205061335182385e-4,6,4
52399,8,1.383893896854928e-5,6,4
52399,17,0,6,4
52399,11,4.636435679441117e-6,6,4
52399,7,9.41186313059483e-6,6,4
52399,10,6.3178919541194684e-06,6,4
52399,15,1.4540753916279428e-6,6,4
52399,9,1.022873915651362e-5,6,4
52399,18,0,6,4
52399,3,1.4214988098037685e-5,6,4
52399,16,0,6,4
52399,2,5.024688989795995e-5,6,4
52399,5,1.7349848377412005e-5,6,4
52399,4,2.095738577569834e-5,6,4
52399,12,7.926995541857707e-6,6,4
52399,13,3.372699481683544e-6,6,4
52399,6,1.665905484066557e-5,6,4
52402,8,2.8542811622632893e-5,6,4
52402,17,2.488736688814053e-6,6,4
52402,11,1.390930703832335e-5,6,4
52402,7,5.3682478596726064e-5,6,4
52402,10,2.4820289819755058e-5,6,4
52402,15,2.5446319353489e-6,6,4
52402,9,2.3321525276851057e-5,6,4
52402,18,0,6,4
52402,3,3.244725544117297e-5,6,4
52402,16,7.416139224664892e-7,6,4
52402,2,1.610121333746783e-5,6,4
52402,5,8.951515974432862e-5,6,4
52402,4,1.3098366109811462e-5,6,4
52402,12,6.737946210579051e-6,6,4
52402,13,1.686349740841772e-6,6,4
52402,6,7.543722946716485e-5,6,4
52457,8,3.5029814264140367e-5,3,1
52457,17,3.5553381268772183e-6,3,1
52457,11,1.8545742717764467e-5,3,1
52457,7,4.183050280264369e-5,3,1
52457,10,2.211262183941814e-5,3,1
52457,15,4.725745022790814e-6,3,1
52457,9,2.127577744554833e-5,3,1
52457,18,5.443455941308017e-6,3,1
52457,3,0,3,1
52457,16,7.045332263431648e-6,3,1
52457,2,2.77607126508066e-7,3,1
52457,5,3.243667305342245e-5,3,1
52457,4,0,3,1
52457,12,7.530645764764822e-6,3,1
52457,13,4.047239378020252e-6,3,1
52457,6,5.092012989033627e-5,3,1
52462,8,9.341283803770764e-5,4,3
52462,17,1.1021548193319376e-5,4,3
52462,11,4.422446340389989e-5,4,3
52462,7,1.2374857079115425e-4,4,3
52462,10,6.859425550186851e-5,4,3
52462,15,1.01785277413956e-5,4,3
52462,9,8.510310978219332e-5,4,3
52462,18,1.56899612425937e-5,4,3
52462,3,4.7589307980387024e-5,4,3
52462,16,1.1865822759463828e-5,4,3
52462,2,6.412724622336325e-5,4,3
52462,5,5.783282792470669e-5,4,3
52462,4,1.983466868057164e-5,4,3
52462,12,3.2897031498709484e-5,4,3
52462,13,3.001702538698354e-5,4,3
52462,6,2.209682179809037e-4,4,3
52475,8,3.027267899370155e-6,7,2
52475,17,1.4221352507508874e-6,7,2
52475,11,2.4965422889298324e-6,7,2
52475,7,8.017513037173374e-6,7,2
52475,10,4.964057963951011e-6,7,2
52475,15,7.270376958139714e-7,7,2
52475,9,3.682346096344903e-6,7,2
52475,18,1.28081316266071e-6,7,2
52475,3,8.003656342156e-5,7,2
52475,16,0,7,2
52475,2,1.4491092003721047e-4,7,2
52475,5,1.131511850700783e-5,7,2
52475,4,6.474335248563951e-5,7,2
52475,12,3.963497770928854e-7,7,2
52475,13,0,7,2
52475,6,7.858044736163004e-6,7,2
52645,8,7.395183011318522e-5,6,4
52645,17,5.6885410030035495e-6,6,4
52645,11,9.98616915571933e-6,6,4
52645,7,9.237569368917148e-5,6,4
52645,10,2.4820289819755058e-5,6,4
52645,15,3.9987073269768425e-6,6,4
52645,9,4.5824751421181015e-5,6,4
52645,18,3.202032906651775e-6,6,4
52645,3,1.4214988098037685e-5,6,4
52645,16,2.5956487286327124e-6,6,4
52645,2,1.971010598207269e-5,6,4
52645,5,3.5428893280831184e-4,6,4
52645,4,9.468247502235142e-5,6,4
52645,12,1.2683192866972332e-5,6,4
52645,13,1.011809844505063e-6,6,4
52645,6,1.7822045461617694e-4,6,4
52694,8,1.72986737106866e-6,7,2
52694,17,0,7,2
52694,11,1.0699466952556424e-6,7,2
52694,7,1.7429376167768204e-6,7,2
52694,10,2.256389983614096e-6,7,2
52694,15,0,7,2
52694,9,1.2274486987816343e-6,7,2
52694,18,0,7,2
52694,3,5.438778054901374e-5,7,2
52694,16,0,7,2
52694,2,8.078367381384721e-5,7,2
52694,5,3.77170616900261e-6,7,2
52694,4,7.07311769929819e-5,7,2
52694,12,1.189049331278656e-6,7,2
52694,13,0,7,2
52694,6,1.885930736679121e-6,7,2
52729,8,5.708562324526579e-5,3,1
52729,17,5.333007190315828e-6,3,1
52729,11,9.272871358882232e-6,3,1
52729,7,5.3682478596726064e-5,3,1
52729,10,1.5343451888575853e-5,3,1
52729,15,1.4540753916279428e-6,3,1
52729,9,3.55960122646674e-5,3,1
52729,18,1.921219743991065e-6,3,1
52729,3,3.0902148039212352e-6,3,1
52729,16,3.3372626510992015e-6,3,1
52729,2,5.55214253016132e-7,3,1
52729,5,5.5318357145371614e-5,3,1
52729,4,0,3,1
52729,12,1.109779375860079e-5,3,1
52729,13,1.0118098445050631e-5,3,1
52729,6,5.9406818205392314e-5,3,1
52917,8,2.3785676352194076e-5,6,4
52917,17,7.110676253754437e-6,6,4
52917,11,8.202924663626592e-6,6,4
52917,7,4.880225326975097e-5,6,4
52917,10,2.6625401806646332e-5,6,4
52917,15,4.725745022790814e-6,6,4
52917,9,3.068621746954086e-5,6,4
52917,18,3.84243948798213e-6,6,4
52917,3,5.346071610783737e-5,6,4
52917,16,5.56210441849867e-6,6,4
52917,2,6.0795960705266455e-5,6,4
52917,5,2.237878993608215e-5,6,4
52917,4,2.2828580934242835e-5,6,4
52917,12,1.545764130662253e-5,6,4
52917,13,8.094478756040504e-6,6,4
52917,6,7.103672441491357e-5,6,4
52950,8,5.578822271696429e-5,7,2
52950,17,7.110676253754437e-7,7,2
52950,11,1.6405849327253184e-5,7,2
52950,7,7.041467971778354e-5,7,2
52950,10,3.339457175748862e-5,7,2
52950,15,2.1811130874419143e-6,7,2
52950,9,5.11436957825681e-5,7,2
52950,18,1.921219743991065e-6,7,2
52950,3,1.508024824313563e-4,7,2
52950,16,0,7,2
52950,2,1.0909960071766994e-4,7,2
52950,5,1.5841165909810965e-4,7,2
52950,4,1.743953887763469e-4,7,2
52950,12,5.548896879300395e-6,7,2
52950,13,1.3490797926734176e-6,7,2
52950,6,1.1441313135853336e-4,7,2
53023,8,1.2541538440247786e-5,7,2
53023,17,2.133202876126331e-6,7,2
53023,11,1.7832444920927372e-5,7,2
53023,7,1.9172313784545024e-5,7,2
53023,10,6.769169950842288e-6,7,2
53023,15,7.270376958139714e-7,7,2
53023,9,1.2683636554076889e-5,7,2
53023,18,9.606098719955323e-7,7,2
53023,3,2.1322482147056524e-4,7,2
53023,16,3.3372626510992015e-6,7,2
53023,2,2.043188451099366e-4,7,2
53023,5,3.6459826300358565e-5,7,2
53023,4,1.9348157939350075e-4,7,2
53023,12,1.0701443981507905e-5,7,2
53023,13,8.094478756040504e-6,7,2
53023,6,4.903419915365715e-5,7,2
53085,8,5.1896021132059806e-5,5,7
53085,17,1.4221352507508874e-6,5,7
53085,11,3.138510306083218e-5,5,7
53085,7,6.553445439080844e-5,5,7
53085,10,2.6174123809923513e-5,5,7
53085,15,9.451490045581628e-6,5,7
53085,9,4.091495662605448e-5,5,7
53085,18,0,5,7
53085,3,0,5,7
53085,16,5.932911379731914e-6,5,7
53085,2,0,5,7
53085,5,9.026950097812914e-5,5,7
53085,4,3.742390317088989e-7,5,7
53085,12,2.1799237740108696e-5,5,7
53085,13,1.1467178237724048e-5,5,7
53085,6,1.2164253251580332e-4,5,7
53137,8,2.72454110943314e-5,6,4
53137,17,0,6,4
53137,11,7.846275765208045e-6,6,4
53137,7,4.6710728129618785e-5,6,4
53137,10,9.928115927902022e-6,6,4
53137,15,1.8175942395349288e-6,6,4
53137,9,1.4729384385379613e-5,6,4
53137,18,0,6,4
53137,3,9.270644411763706e-7,6,4
53137,16,3.708069612332446e-7,6,4
53137,2,4.16410689762099e-6,6,4
53137,5,1.6947533052718395e-4,6,4
53137,4,6.960845989785519e-5,6,4
53137,12,7.926995541857708e-7,6,4
53137,13,1.3490797926734176e-6,6,4
53137,6,7.449426409882528e-5,6,4
53160,8,1.595802649810839e-4,6,4
53160,17,7.110676253754437e-7,6,4
53160,11,3.138510306083218e-5,6,4
53160,7,2.6527510527343e-4,6,4
53160,10,3.835862972143963e-5,6,4
53160,15,0,6,4
53160,9,1.09652083757826e-4,6,4
53160,18,3.202032906651775e-6,6,4
53160,3,1.4524009578429806e-5,6,4
53160,16,2.966455689865957e-6,6,4
53160,2,9.16103517476618e-6,6,4
53160,5,8.534113825063239e-4,6,4
53160,4,1.1751105595659426e-4,6,4
53160,12,1.3079542644065216e-5,6,4
53160,13,3.709969429851898e-6,6,4
53160,6,4.959997837466089e-4,6,4
53187,8,1.78176339220072e-4,2,8
53187,17,2.2505290343132793e-4,2,8
53187,11,1.6441514217095036e-4,2,8
53187,7,9.586156892272512e-5,2,8
53187,10,1.9540337258098072e-4,2,8
53187,15,4.991113781762914e-4,2,8
53187,9,1.5956833084161248e-4,2,8
53187,18,2.5007877000950363e-4,2,8
53187,3,2.842997619607537e-5,2,8
53187,16,3.2631012588525525e-4,2,8
53187,2,1.3325142072387168e-5,2,8
53187,5,4.0985873703161694e-5,2,8
53187,4,4.790259605873906e-5,2,8
53187,12,1.9976028765481425e-4,2,8
53187,13,1.9123206061145696e-4,2,8
53187,6,1.2478575041026852e-4,2,8
53331,8,3.416488057860604e-5,7,2
53331,17,1.7776690634386092e-6,7,2
53331,11,9.272871358882232e-6,7,2
53331,7,4.287626537270978e-5,7,2
53331,10,9.025559934456383e-6,7,2
53331,15,1.4540753916279428e-6,7,2
53331,9,2.2912375710590508e-5,7,2
53331,18,9.606098719955323e-7,7,2
53331,3,3.3837852102937526e-4,7,2
53331,16,4.449683534798936e-6,7,2
53331,2,2.3485562902582385e-4,7,2
53331,5,2.323371000105608e-4,7,2
53331,4,4.371111890359939e-4,7,2
53331,12,9.908744427322134e-6,7,2
53331,13,3.709969429851898e-6,7,2
53331,6,1.1944227998967768e-4,7,2
53493,8,6.487002641507476e-6,7,2
53493,17,0,7,2
53493,11,1.0699466952556424e-6,7,2
53493,7,3.137287710198277e-6,7,2
53493,10,8.574281937733564e-6,7,2
53493,15,0,7,2
53493,9,1.022873915651362e-5,7,2
53493,18,0,7,2
53493,3,2.812095471568324e-5,7,2
53493,16,0,7,2
53493,2,5.0524497024468016e-5,7,2
53493,5,6.286176948337683e-6,7,2
53493,4,6.362063539051282e-5,7,2
53493,12,0,7,2
53493,13,2.023619689010126e-6,7,2
53493,6,9.429653683395606e-6,7,2
53575,8,2.945099199244394e-4,6,4
53575,17,2.488736688814053e-6,6,4
53575,11,4.422446340389989e-5,6,4
53575,7,4.1935079059650295e-4,6,4
53575,10,9.747604729212894e-5,6,4
53575,15,3.635188479069857e-6,6,4
53575,9,2.0293818486523025e-4,6,4
53575,18,3.5222361973169528e-6,6,4
53575,3,2.533976139215413e-5,6,4
53575,16,4.82049049603218e-6,6,4
53575,2,2.5817462765250135e-5,6,4
53575,5,0.00168796423416763,6,4
53575,4,2.1406472613749017e-4,6,4
53575,12,2.4573686179758897e-5,6,4
53575,13,1.55144176157443e-5,6,4
53575,6,8.474115443478184e-4,6,4
53612,8,2.8542811622632893e-5,7,2
53612,17,7.110676253754437e-7,7,2
53612,11,1.2839360343067709e-5,7,2
53612,7,5.5774003736858254e-5,7,2
53612,10,2.301517783286378e-5,7,2
53612,15,0,7,2
53612,9,2.74130209394565e-5,7,2
53612,18,0,7,2
53612,3,9.301546559802918e-5,7,2
53612,16,3.708069612332446e-6,7,2
53612,2,8.439256645845207e-5,7,2
53612,5,1.4030746948689708e-4,7,2
53612,4,1.2462159755906337e-4,7,2
53612,12,5.548896879300395e-6,7,2
53612,13,1.3490797926734176e-6,7,2
53612,6,1.0749805199070992e-4,7,2
53673,8,8.000636591192554e-5,6,4
53673,17,3.5553381268772183e-6,6,4
53673,11,2.3182178397205583e-5,6,4
53673,7,1.0527343205331997e-4,6,4
53673,10,3.29432937607658e-5,6,4
53673,15,2.5446319353489e-6,6,4
53673,9,5.400774274639192e-5,6,4
53673,18,3.5222361973169528e-6,6,4
53673,3,2.2249546588232896e-5,6,4
53673,16,1.854034806166223e-6,6,4
53673,2,4.3584318861766365e-5,6,4
53673,5,3.392021081323014e-4,6,4
53673,4,5.052226928070136e-5,6,4
53673,12,1.1494143535693677e-5,6,4
53673,13,1.4502607771239238e-5,6,4
53673,6,1.86707142931233e-4,6,4
53698,8,3.373241373583887e-5,3,1
53698,17,2.8442705015017748e-6,3,1
53698,11,1.42659559367419e-5,3,1
53698,7,3.451016481218104e-5,3,1
53698,10,2.0758787849249683e-5,3,1
53698,15,6.906858110232728e-6,3,1
53698,9,2.5367273108153778e-5,3,1
53698,18,0,3,1
53698,3,3.399236284313359e-6,3,1
53698,16,1.854034806166223e-6,3,1
53698,2,9.16103517476618e-6,3,1
53698,5,1.8607083767079543e-5,3,1
53698,4,2.095738577569834e-5,3,1
53698,12,1.0701443981507905e-5,3,1
53698,13,7.419938859703796e-6,3,1
53698,6,4.1176154417494145e-5,3,1
53709,8,1.262803180880122e-4,3,1
53709,17,9.954946755256212e-6,3,1
53709,11,3.887472992762167e-5,3,1
53709,7,1.1607964527733624e-4,3,1
53709,10,7.310703546909671e-5,3,1
53709,15,4.362226174883829e-6,3,1
53709,9,9.655929763748856e-5,3,1
53709,18,8.965692138624971e-6,3,1
53709,3,9.888687372547952e-6,3,1
53709,16,9.64098099206436e-6,3,1
53709,2,2.77607126508066e-7,3,1
53709,5,2.8312940975312923e-4,3,1
53709,4,3.44299909172187e-5,3,1
53709,12,2.9726233281966403e-5,3,1
53709,13,1.8212577201091137e-5,3,1
53709,6,1.7853477640562346e-4,3,1
53742,8,2.8975278465400057e-5,6,4
53742,17,0,6,4
53742,11,8.559573562045139e-6,6,4
53742,7,5.82141164003458e-5,6,4
53742,10,1.5343451888575853e-5,6,4
53742,15,0,6,4
53742,9,2.209407657806942e-5,6,4
53742,18,0,6,4
53742,3,3.121116951960448e-5,6,4
53742,16,0,6,4
53742,2,4.5527568747322824e-5,6,4
53742,5,2.5471588994664294e-4,6,4
53742,4,6.174944023196832e-5,6,4
53742,12,7.926995541857708e-7,6,4
53742,13,1.686349740841772e-6,6,4
53742,6,1.2667168114694765e-4,6,4
53916,8,6.616742694337625e-4,1,9
53916,17,9.837620597069265e-4,1,9
53916,11,0.00130497831931346,1,9
53916,7,7.885049778298335e-4,1,9
53916,10,0.00109389786405611,1,9
53916,15,9.127958270944412e-4,1,9
53916,9,8.678062300386156e-4,1,9
53916,18,9.545260094728942e-4,1,9
53916,3,0,1,9
53916,16,9.70031010586168e-4,1,9
53916,2,0,1,9
53916,5,9.731001916026734e-5,1,9
53916,4,3.742390317088989e-7,1,9
53916,12,0.0012306660578734,1,9
53916,13,0.00117504849941854,1,9
53916,6,7.166536799380661e-4,1,9
53946,8,2.681294425156423e-5,6,4
53946,17,1.0666014380631656e-6,6,4
53946,11,6.7763290699524014e-6,6,4
53946,7,2.997852700856131e-5,6,4
53946,10,5.86661395739665e-6,6,4
53946,15,1.8175942395349288e-6,6,4
53946,9,1.022873915651362e-5,6,4
53946,18,9.606098719955323e-7,6,4
53946,3,4.3263007254897294e-6,6,4
53946,16,7.416139224664892e-7,6,4
53946,2,6.107356783177452e-6,6,4
53946,5,6.663347565237945e-5,6,4
53946,4,9.730214824431373e-6,6,4
53946,12,3.170798216743083e-6,6,4
53946,13,4.047239378020252e-6,6,4
53946,6,5.4377669574247994e-5,6,4
54001,8,1.7731140553453767e-5,6,4
54001,17,0,6,4
54001,11,8.559573562045139e-6,6,4
54001,7,3.660168995231323e-5,6,4
54001,10,3.6102239737825536e-6,6,4
54001,15,0,6,4
54001,9,1.104703828903471e-5,6,4
54001,18,6.40406581330355e-7,6,4
54001,3,2.008639622548803e-5,6,4
54001,16,3.708069612332446e-7,6,4
54001,2,1.665642759048396e-5,6,4
54001,5,1.274836685122882e-4,6,4
54001,4,2.8442166409876316e-5,6,4
54001,12,3.963497770928853e-6,6,4
54001,13,1.3490797926734176e-6,6,4
54001,6,5.7835209258159714e-5,6,4
54143,8,4.324668427671651e-7,7,2
54143,17,0,7,2
54143,11,7.132977968370949e-7,7,2
54143,7,7.320337990462645e-6,7,2
54143,10,2.7076679803369152e-6,7,2
54143,15,0,7,2
54143,9,2.045747831302724e-6,7,2
54143,18,0,7,2
54143,3,6.242233903920896e-5,7,2
54143,16,0,7,2
54143,2,6.218399633780678e-5,7,2
54143,5,2.2127342858148644e-5,7,2
54143,4,6.811150377101961e-5,7,2
54143,12,1.189049331278656e-6,7,2
54143,13,0,7,2
54143,6,9.115331893949086e-6,7,2
54223,8,9.557517225154348e-5,2,8
54223,17,2.2363076818057704e-4,2,8
54223,11,1.4016301707848916e-4,2,8
54223,7,6.553445439080844e-5,2,8
54223,10,9.792732528885176e-5,2,8
54223,15,2.28653355333494e-4,2,8
54223,9,9.124035327610147e-5,2,8
54223,18,2.3022616598826265e-4,2,8
54223,3,1.8232267343135288e-5,2,8
54223,16,2.7365553739013454e-4,2,8
54223,2,5.63542466811374e-5,2,8
54223,5,1.70984012994785e-5,2,8
54223,4,2.6196732219622924e-5,2,8
54223,12,1.755829512521482e-4,2,8
54223,13,1.9831472952299236e-4,2,8
54223,6,4.934852094310367e-5,2,8
54262,8,0.00113090079383613,1,9
54262,17,0.00348103156002548,1,9
54262,11,0.00179323066124845,1,9
54262,7,9.41186313059483e-4,1,9
54262,10,0.00165393385798913,1,9
54262,15,0.00427498165138615,1,9
54262,9,0.00115871157164986,1,9
54262,18,0.00384275969127279,1,9
54262,3,1.0197708852940076e-5,1,9
54262,16,0.00365430260295362,1,9
54262,2,7.495392415717782e-6,1,9
54262,5,2.3434867663402884e-4,1,9
54262,4,1.6092278363482653e-5,1,9
54262,12,0.00261907932702978,1,9
54262,13,0.00303138229413716,1,9
54262,6,6.034978357373188e-4,1,9
54266,8,3.675968163520903e-5,6,4
54266,17,0,6,4
54266,11,5.706382374696759e-6,6,4
54266,7,5.5774003736858254e-5,6,4
54266,10,1.17332279147933e-5,6,4
54266,15,0,6,4
54266,9,2.9458768770759225e-5,6,4
54266,18,6.40406581330355e-7,6,4
54266,3,2.3794653990193512e-5,6,4
54266,16,0,6,4
54266,2,3.359046230747599e-5,6,4
54266,5,1.5438850585117352e-4,6,4
54266,4,2.6196732219622924e-5,6,4
54266,12,1.9817488854644267e-6,6,4
54266,13,2.360889637178481e-6,6,4
54266,6,9.743975472842124e-5,6,4
54292,8,2.3785676352194076e-5,6,4
54292,17,1.0666014380631656e-6,6,4
54292,11,7.489626866789497e-6,6,4
54292,7,3.834462756909005e-5,6,4
54292,10,1.037939392462484e-5,6,4
54292,15,2.1811130874419143e-6,6,4
54292,9,2.5367273108153778e-5,6,4
54292,18,1.921219743991065e-6,6,4
54292,3,7.60192841764624e-5,6,4
54292,16,1.4832278449329785e-6,6,4
54292,2,6.218399633780678e-5,6,4
54292,5,2.74077314947523e-5,6,4
54292,4,6.0626723136841625e-5,6,4
54292,12,5.94524665639328e-6,6,4
54292,13,4.721779274356961e-6,6,4
54292,6,3.8975901891368505e-5,6,4
54387,8,6.573496010060908e-4,3,1
54387,17,3.3775712205333575e-5,3,1
54387,11,2.1684253023847685e-4,3,1
54387,7,9.5268970133021e-4,3,1
54387,10,3.176997096928647e-4,3,1
54387,15,4.907504446744307e-5,3,1
54387,9,4.811598899224007e-4,3,1
54387,18,2.081321389323654e-5,3,1
54387,3,1.5760095499998302e-5,3,1
54387,16,3.856392396825744e-5,3,1
54387,2,1.8044463223024292e-5,3,1
54387,5,0.00354716392840798,3,1
54387,4,5.295482298680919e-4,3,1
54387,12,1.6012530994552568e-4,3,1
54387,13,7.521119844154302e-5,3,1
54387,6,0.00189976089541476,3,1
54439,8,4.497655164778516e-5,6,4
54439,17,1.0666014380631656e-6,6,4
54439,11,1.6405849327253184e-5,6,4
54439,7,8.644970579213029e-5,6,4
54439,10,1.669728587874431e-5,6,4
54439,15,0,6,4
54439,9,3.10953670358014e-5,6,4
54439,18,0,6,4
54439,3,2.2558568068625017e-5,6,4
54439,16,2.966455689865957e-6,6,4
54439,2,2.9703962536363063e-5,6,4
54439,5,3.233609422224904e-4,6,4
54439,4,9.468247502235142e-5,6,4
54439,12,3.963497770928853e-6,6,4
54439,13,1.011809844505063e-6,6,4
54439,6,1.6879080093278135e-4,6,4
54480,8,5.18960211320598e-6,6,4
54480,17,0,6,4
54480,11,3.923137882604022e-6,6,4
54480,7,9.760450653950194e-6,6,4
54480,10,6.3178919541194684e-06,6,4
54480,15,0,6,4
54480,9,5.728093927647627e-6,6,4
54480,18,3.202032906651775e-7,6,4
54480,3,5.037050130391614e-5,6,4
54480,16,0,6,4
54480,2,1.8044463223024292e-5,6,4
54480,5,6.034729870404176e-6,6,4
54480,4,6.0626723136841625e-5,6,4
54480,12,2.7744484396501974e-6,6,4
54480,13,0,6,4
54480,6,7.858044736163004e-6,6,4
54503,8,1.496335275974391e-4,3,1
54503,17,4.977473377628106e-6,3,1
54503,11,6.562339730901273e-5,3,1
54503,7,1.349033715385259e-4,3,1
54503,10,9.206071133145512e-5,3,1
54503,15,1.9993536634884217e-5,3,1
54503,9,1.0556058809522056e-4,3,1
54503,18,1.024650530128568e-5,3,1
54503,3,9.270644411763706e-7,3,1
54503,16,1.446147148809654e-5,3,1
54503,2,1.110428506032264e-6,3,1
54503,5,4.852928604116692e-5,3,1
54503,4,3.742390317088989e-7,3,1
54503,12,4.280577592603162e-5,3,1
54503,13,4.553144300272784e-5,3,1
54503,6,1.5464632040768794e-4,3,1
54528,8,1.7731140553453767e-5,6,4
54528,17,7.110676253754437e-7,6,4
54528,11,6.063031273115307e-6,6,4
54528,7,2.4401126634875484e-5,6,4
54528,10,9.025559934456383e-6,6,4
54528,15,2.1811130874419143e-6,6,4
54528,9,1.022873915651362e-5,6,4
54528,18,0,6,4
54528,3,5.871408127450347e-6,6,4
54528,16,3.708069612332446e-7,6,4
54528,2,1.748924897000816e-5,6,4
54528,5,1.307524805254238e-5,6,4
54528,4,2.8442166409876316e-5,6,4
54528,12,5.548896879300395e-6,6,4
54528,13,0,6,4
54528,6,1.9173629156237732e-05,6,4
54550,8,9.081803698110466e-5,6,4
54550,17,1.7776690634386092e-6,6,4
54550,11,4.244121891180715e-5,6,4
54550,7,1.5477286036978165e-4,6,4
54550,10,4.783546765261883e-5,6,4
54550,15,6.906858110232728e-6,6,4
54550,9,5.891753754151845e-5,6,4
54550,18,3.202032906651775e-6,6,4
54550,3,7.694634861763876e-5,6,4
54550,16,7.045332263431648e-6,6,4
54550,2,5.2190139783516413e-5,6,4
54550,5,6.054845636638856e-4,6,4
54550,4,1.6541365201533332e-4,6,4
54550,12,1.4268591975343873e-5,6,4
54550,13,8.769018652377213e-6,6,4
54550,6,3.1683636376209236e-4,6,4
54709,8,8.735830223896733e-5,6,4
54709,17,0,6,4
54709,11,3.1741751959250726e-5,6,4
54709,7,9.098134359575004e-5,6,4
54709,10,4.7384189655896015e-5,6,4
54709,15,6.179820414418757e-6,6,4
54709,9,5.646264014395518e-5,6,4
54709,18,0,6,4
54709,3,1.3905966617645558e-5,6,4
54709,16,1.112420883699734e-6,6,4
54709,2,9.71624942778231e-6,6,4
54709,5,6.688492273031295e-5,6,4
54709,4,4.3411727678232275e-5,6,4
54709,12,2.100653818592293e-5,6,4
54709,13,1.3828067874902529e-5,6,4
54709,6,9.93256854651004e-5,6,4
54742,8,1.1027904490562707e-4,4,3
54742,17,1.0666014380631655e-5,4,3
54742,11,3.53082409434362e-5,4,3
54742,7,8.749546836219639e-5,4,3
54742,10,7.897364942649335e-5,4,3
54742,15,1.4904272764186414e-5,4,3
54742,9,8.796715674601713e-5,4,3
54742,18,8.965692138624971e-6,4,3
54742,3,4.666224353921066e-5,4,3
54742,16,1.4090664526863296e-5,4,3
54742,2,4.3306711735258297e-5,4,3
54742,5,7.694280584765324e-5,4,3
54742,4,1.347260514152036e-5,4,3
54742,12,4.0427677263474304e-5,4,3
54742,13,3.709969429851898e-5,4,3
54742,6,1.3295811693587805e-4,4,3
54828,8,1.4790366022637044e-4,6,4
54828,17,8.532811504505325e-6,6,4
54828,11,5.6350525950130495e-5,6,4
54828,7,1.6348754845366576e-4,6,4
54828,10,1.2545528308894374e-4,6,4
54828,15,2.29016874181401e-5,6,4
54828,9,1.1374357942043146e-4,6,4
54828,18,1.3448538207937457e-5,6,4
54828,3,7.169298345097267e-5,6,4
54828,16,1.5573892371796274e-5,6,4
54828,2,7.245546001860524e-5,6,4
54828,5,7.669135876971973e-5,6,4
54828,4,1.0403845081507388e-4,6,4
54828,12,6.936121099125493e-5,6,4
54828,13,3.136610517965695e-5,6,4
54828,6,1.4521666672429233e-4,6,4
54882,8,1.6001273182385108e-5,6,4
54882,17,3.5553381268772184e-7,6,4
54882,11,9.62952025730078e-6,6,4
54882,7,2.6144064251652304e-5,6,4
54882,10,1.6246007882021492e-5,6,4
54882,15,2.1811130874419143e-6,6,4
54882,9,2.2912375710590508e-5,6,4
54882,18,2.56162632532142e-6,6,4
54882,3,5.067952278430826e-5,6,4
54882,16,7.416139224664892e-7,6,4
54882,2,1.610121333746783e-5,6,4
54882,5,3.243667305342245e-5,6,4
54882,4,1.384684417322926e-5,6,4
54882,12,8.323345318950592e-6,6,4
54882,13,3.709969429851898e-6,6,4
54882,6,4.3690728733066306e-5,6,4
54960,8,0.03505143760627872,3,1
54960,17,0.0123526667880222,3,1
54960,11,0.0204866260229582,3,1
54960,7,0.04528361080900192,3,1
54960,10,0.02445159569643251,3,1
54960,15,0.01293291005198683,3,1
54960,9,0.03157980012225389,3,1
54960,18,0.01204540738824264,3,1
54960,3,3.3374319882349344e-5,3,1
54960,16,0.01198522260098093,3,1
54960,2,4.941406851843575e-5,3,1
54960,5,0.08268158250732968,3,1
54960,4,0.00372031021421816,3,1
54960,12,0.01982224505196938,3,1
54960,13,0.01466247372667103,3,1
54960,6,0.063346527514314993,3,1
55245,8,3.113761267923588e-5,6,4
55245,17,0,6,4
55245,11,6.7763290699524014e-6,6,4
55245,7,8.087230541844446e-5,6,4
55245,10,1.128194991807048e-5,6,4
55245,15,3.635188479069857e-6,6,4
55245,9,4.1324106192315025e-5,6,4
55245,18,2.2414230346562428e-6,6,4
55245,3,6.860276864705142e-5,6,4
55245,16,3.708069612332446e-7,6,4
55245,2,4.691560437986316e-5,6,4
55245,5,2.426464302058346e-4,6,4
55245,4,3.4055751885509805e-5,6,4
55245,12,5.548896879300395e-6,6,4
55245,13,5.059049222525316e-6,6,4
55245,6,1.4207344882982714e-4,6,4
55251,8,1.5136339496850776e-5,6,4
55251,17,7.110676253754437e-7,6,4
55251,11,4.2797867810225695e-6,6,4
55251,7,3.241863967204886e-5,6,4
55251,10,1.083067192134766e-5,6,4
55251,15,2.1811130874419143e-6,6,4
55251,9,1.800258091546397e-5,6,4
55251,18,0,6,4
55251,3,4.635322205881853e-5,6,4
55251,16,1.112420883699734e-6,6,4
55251,2,4.053064047017764e-5,6,4
55251,5,3.897429707969364e-5,6,4
55251,4,4.116629348797888e-5,6,4
55251,12,7.926995541857707e-6,6,4
55251,13,2.023619689010126e-6,6,4
55251,6,3.5204040418010265e-5,6,4
55579,8,3.027267899370155e-6,7,2
55579,17,1.0666014380631656e-6,7,2
55579,11,1.4265955936741898e-6,7,2
55579,7,6.623162943751917e-6,7,2
55579,10,3.6102239737825536e-6,7,2
55579,15,0,7,2
55579,9,5.3189443613870825e-6,7,2
55579,18,0,7,2
55579,3,1.8572190971566623e-4,7,2
55579,16,7.416139224664892e-7,7,2
55579,2,1.7961181085071872e-4,7,2
55579,5,1.1566565584941336e-5,7,2
55579,4,1.8487408166419607e-4,7,2
55579,12,0,7,2
55579,13,0,7,2
55579,6,5.657792210037363e-6,7,2
55674,8,1.2844265230184802e-4,6,4
55674,17,6.399608628378993e-6,6,4
55674,11,4.20845700133886e-5,6,4
55674,7,1.3176608382832762e-4,6,4
55674,10,8.303515139699873e-5,6,4
55674,15,1.1269084285116557e-5,6,4
55674,9,9.41044002399253e-5,6,4
55674,18,6.7242691039687274e-06,6,4
55674,3,1.492573750293957e-4,6,4
55674,16,8.899367069597871e-6,6,4
55674,2,1.3658270624196847e-4,6,4
55674,5,1.8707662598252945e-4,6,4
55674,4,1.4894713462014177e-4,6,4
55674,12,3.368973105289526e-5,6,4
55674,13,1.686349740841772e-5,6,4
55674,6,1.725626624061396e-4,6,4
55898,8,2.940774530816722e-5,6,4
55898,17,0,6,4
55898,11,8.916222460463686e-6,6,4
55898,7,4.810507822304024e-5,6,4
55898,10,6.769169950842288e-6,6,4
55898,15,0,6,4
55898,9,1.350193568659798e-5,6,4
55898,18,0,6,4
55898,3,0,6,4
55898,16,0,6,4
55898,2,0,6,4
55898,5,2.670367967653848e-4,6,4
55898,4,8.233258697595776e-5,6,4
55898,12,7.926995541857708e-7,6,4
55898,13,6.745398963367088e-7,6,4
55898,6,1.1126991346406816e-4,6,4
55959,8,6.703236062891058e-5,3,1
55959,17,4.621939564940384e-6,3,1
55959,11,2.7461965178228153e-5,3,1
55959,7,7.982654284837837e-5,3,1
55959,10,3.113818177387452e-5,3,1
55959,15,1.1996121980930527e-5,3,1
55959,9,6.0554135806560635e-5,3,1
55959,18,4.162642778647307e-6,3,1
55959,3,0,3,1
55959,16,3.708069612332446e-6,3,1
55959,2,2.77607126508066e-7,3,1
55959,5,5.632414545710564e-5,3,1
55959,4,3.742390317088989e-7,3,1
55959,12,2.5762735511037548e-5,3,1
55959,13,1.5851687563912656e-5,3,1
55959,6,7.32369769410392e-5,3,1
56111,8,6.054535798740311e-6,7,2
56111,17,0,7,2
56111,11,4.636435679441117e-6,7,2
56111,7,4.880225326975097e-6,7,2
56111,10,1.3538339901684576e-6,7,2
56111,15,0,7,2
56111,9,2.8640469638238135e-6,7,2
56111,18,0,7,2
56111,3,7.632830565685451e-5,7,2
56111,16,0,7,2
56111,2,9.521924439226663e-5,7,2
56111,5,9.303541883539771e-6,7,2
56111,4,1.047869288784917e-4,7,2
56111,12,0,7,2
56111,13,0,7,2
56111,6,6.286435788930404e-6,7,2
56164,8,1.0552190963518828e-4,6,4
56164,17,4.266405752252662e-6,6,4
56164,11,5.100079247385229e-5,6,4
56164,7,1.1294235756713796e-4,6,4
56164,10,5.3250803613292664e-5,6,4
56164,15,1.0542046589302586e-5,6,4
56164,9,7.446522105941916e-5,6,4
56164,18,9.285895429290148e-6,6,4
56164,3,4.357202873528942e-5,6,4
56164,16,1.2236629720697072e-5,6,4
56164,2,2.9148748283346933e-5,6,4
56164,5,2.1624448702281632e-4,6,4
56164,4,3.817238123430769e-5,6,4
56164,12,2.8933533727780632e-5,6,4
56164,13,2.327162642361645e-5,6,4
56164,6,1.493028499870971e-4,6,4
56195,8,4.713888586162099e-4,4,3
56195,17,1.8132224447073813e-5,4,3
56195,11,1.458693994531859e-4,4,3
56195,7,4.967372207813938e-4,4,3
56195,10,2.9062302988949555e-4,4,3
56195,15,3.889651672604747e-5,4,3
56195,9,3.706895070320536e-4,4,3
56195,18,2.017280731190618e-5,4,3
56195,3,1.0846653961763535e-4,4,3
56195,16,3.040617082112606e-5,4,3
56195,2,7.384349565114557e-5,4,3
56195,5,3.0777122339061295e-4,4,3
56195,4,1.5867734944457313e-4,4,3
56195,12,1.2603922911553754e-4,4,3
56195,13,7.251303885619619e-5,4,3
56195,6,5.302608587962796e-4,4,3
56310,8,5.578822271696429e-5,3,1
56310,17,3.1998043141894965e-6,3,1
56310,11,3.138510306083218e-5,3,1
56310,7,7.947795532502301e-5,3,1
56310,10,4.061501970505373e-5,3,1
56310,15,1.27231596767445e-5,3,1
56310,9,5.523519144517355e-5,3,1
56310,18,3.202032906651775e-6,3,1
56310,3,1.2051837735292818e-5,3,1
56310,16,3.708069612332446e-6,3,1
56310,2,2.77607126508066e-7,3,1
56310,5,1.2647788020055418e-4,3,1
56310,4,3.51784689806365e-5,3,1
56310,12,2.219558751720158e-5,3,1
56310,13,1.1129908289555694e-5,3,1
56310,6,1.4741691925041796e-4,3,1
56518,8,5.2760954817594134e-5,6,4
56518,17,1.0666014380631656e-6,6,4
56518,11,9.62952025730078e-6,6,4
56518,7,4.531637803619733e-5,6,4
56518,10,2.256389983614096e-5,6,4
56518,15,2.1811130874419143e-6,6,4
56518,9,3.764176009597012e-5,6,4
56518,18,6.40406581330355e-7,6,4
56518,3,3.9554749490191814e-5,6,4
56518,16,2.5956487286327124e-6,6,4
56518,2,2.9703962536363063e-5,6,4
56518,5,4.9535074352900944e-5,6,4
56518,4,2.5074015124496227e-5,6,4
56518,12,1.9024789300458495e-5,6,4
56518,13,1.4165337823070884e-5,6,4
56518,6,5.5634956732034074e-5,6,4
56585,8,9.125050382387182e-5,6,4
56585,17,1.351028488213343e-5,6,4
56585,11,4.95741968801781e-5,6,4
56585,7,1.125937700437826e-4,6,4
56585,10,5.7312305583798035e-5,6,4
56585,15,1.4177235068372445e-5,6,4
56585,9,8.919460544479877e-5,6,4
56585,18,6.40406581330355e-6,6,4
56585,3,8.343579970587336e-5,6,4
56585,16,1.7057120216729254e-5,6,4
56585,2,1.168726002598958e-4,6,4
56585,5,6.990228766551503e-5,6,4
56585,4,4.416020574165007e-5,6,4
56585,12,3.091528261324506e-5,6,4
56585,13,2.7318865801636706e-5,6,4
56585,6,1.0026865083343994e-4,6,4
56597,8,2.940774530816722e-5,4,3
56597,17,3.1998043141894965e-6,4,3
56597,11,1.248271144464916e-5,4,3
56597,7,3.276722719540422e-5,4,3
56597,10,1.9856231855804044e-5,4,3
56597,15,0,4,3
56597,9,2.4958123541893235e-5,4,3
56597,18,1.6010164533258875e-6,4,3
56597,3,4.017279245097606e-6,4,3
56597,16,1.4832278449329785e-6,4,3
56597,2,1.110428506032264e-5,4,3
56597,5,1.6595507143611485e-5,4,3
56597,4,1.796347352202715e-5,4,3
56597,12,3.170798216743083e-6,4,3
56597,13,6.7453989633670875e-6,4,3
56597,6,4.6205303048638466e-5,4,3
56618,8,1.6866206867919436e-5,6,4
56618,17,1.4221352507508874e-6,6,4
56618,11,1.1412764749393518e-5,6,4
56618,7,2.928135196185058e-5,6,4
56618,10,9.476837931179204e-6,6,4
56618,15,0,6,4
56618,9,2.2912375710590508e-5,6,4
56618,18,1.28081316266071e-6,6,4
56618,3,3.3374319882349344e-5,6,4
56618,16,2.224841767399468e-6,6,4
56618,2,8.550299496448433e-5,6,4
56618,5,1.6092612987744468e-5,6,4
56618,4,5.651009378804374e-5,6,4
56618,12,8.719695096043479e-6,6,4
56618,13,5.39631917069367e-6,6,4
56618,6,2.8288961050186817e-5,6,4
56673,8,5.18960211320598e-6,7,2
56673,17,0,7,2
56673,11,2.4965422889298324e-6,7,2
56673,7,1.0457625700660922e-5,7,2
56673,10,9.025559934456384e-7,7,2
56673,15,1.0905565437209572e-6,7,2
56673,9,6.955542626429262e-6,7,2
56673,18,6.40406581330355e-7,7,2
56673,3,4.6971265019602775e-5,7,2
56673,16,3.708069612332446e-7,7,2
56673,2,4.441714024129056e-5,7,2
56673,5,9.052094805606264e-6,7,2
56673,4,3.3307273822092006e-5,7,2
56673,12,1.9817488854644267e-6,7,2
56673,13,0,7,2
56673,6,1.5087445893432969e-5,7,2
56680,8,3.502981426414037e-4,3,1
56680,17,1.8487758259761537e-5,3,1
56680,11,1.3196009241486255e-4,3,1
56680,7,4.008756518586687e-4,3,1
56680,10,2.0578276650560552e-4,3,1
56680,15,5.8163015665117714e-5,3,1
56680,9,2.904961920449868e-4,3,1
56680,18,1.825158756791512e-5,3,1
56680,3,8.343579970587336e-6,3,1
56680,16,3.6709889162091215e-5,3,1
56680,2,1.610121333746783e-5,3,1
56680,5,4.121217607330185e-4,3,1
56680,4,4.9399552185574655e-5,3,1
56680,12,1.0265459226705732e-4,3,1
56680,13,5.733589118862024e-5,3,1
56680,6,5.088869771139162e-4,3,1
56681,8,5.31934216603613e-5,4,3
56681,17,1.4221352507508874e-6,4,3
56681,11,2.3182178397205583e-5,4,3
56681,7,3.485875233553641e-5,4,3
56681,10,6.092252955758059e-5,4,3
56681,15,1.01785277413956e-5,4,3
56681,9,2.904961920449868e-5,4,3
56681,18,6.40406581330355e-7,4,3
56681,3,0,4,3
56681,16,1.4832278449329785e-6,4,3
56681,2,0,4,3
56681,5,2.8916413962353344e-5,4,3
56681,4,0,4,3
56681,12,2.378098662557312e-5,4,3
56681,13,1.0455368393218983e-5,4,3
56681,6,3.8032936523028945e-5,4,3
56690,8,3.027267899370155e-6,7,2
56690,17,0,7,2
56690,11,7.132977968370949e-7,7,2
56690,7,2.0915251401321845e-6,7,2
56690,10,2.256389983614096e-6,7,2
56690,15,5.0892638706978e-6,7,2
56690,9,4.091495662605448e-6,7,2
56690,18,0,7,2
56690,3,1.455491172646902e-4,7,2
56690,16,0,7,2
56690,2,1.1576217175386353e-4,7,2
56690,5,1.03093301952738e-5,7,2
56690,4,1.9535277455204523e-4,7,2
56690,12,0,7,2
56690,13,0,7,2
56690,6,4.400505052251283e-6,7,2
56741,8,1.2974005283014951e-5,7,2
56741,17,0,7,2
56741,11,2.1398933905112848e-6,7,2
56741,7,2.2658189018098664e-5,7,2
56741,10,3.1589459770597342e-06,7,2
56741,15,0,7,2
56741,9,4.091495662605448e-6,7,2
56741,18,0,7,2
56741,3,6.767570420587506e-5,7,2
56741,16,2.224841767399468e-6,7,2
56741,2,7.911803105479881e-5,7,2
56741,5,8.146885325045637e-5,7,2
56741,4,6.436911345393061e-5,7,2
56741,12,7.926995541857708e-7,7,2
56741,13,0,7,2
56741,6,2.9860569997419417e-5,7,2
56873,8,3.2002546364770215e-5,7,2
56873,17,2.133202876126331e-6,7,2
56873,11,1.248271144464916e-5,7,2
56873,7,3.311581471875959e-5,7,2
56873,10,2.0307509852526864e-5,7,2
56873,15,5.452782718604786e-6,7,2
56873,9,2.0866627879287784e-5,7,2
56873,18,1.921219743991065e-6,7,2
56873,3,7.323809085293328e-5,7,2
56873,16,1.854034806166223e-6,7,2
56873,2,7.800760254876655e-5,7,2
56873,5,1.1164250260247726e-4,7,2
56873,4,8.120986988083106e-5,7,2
56873,12,1.2683192866972332e-5,7,2
56873,13,4.721779274356961e-6,7,2
56873,6,8.26666306244348e-5,7,2
57121,8,4.757135270438816e-6,7,2
57121,17,7.110676253754437e-7,7,2
57121,11,3.209840085766927e-6,7,2
57121,7,9.760450653950194e-6,7,2
57121,10,4.512779967228192e-6,7,2
57121,15,7.270376958139714e-7,7,2
57121,9,3.2731965300843583e-6,7,2
57121,18,6.40406581330355e-7,7,2
57121,3,2.812095471568324e-5,7,2
57121,16,7.416139224664892e-7,7,2
57121,2,1.8599677476040426e-5,7,2
57121,5,1.3829589286342904e-5,7,2
57121,4,7.260237215152639e-5,7,2
57121,12,2.7744484396501974e-6,7,2
57121,13,0,7,2
57121,6,1.4458802314539929e-5,7,2
57360,8,4.324668427671651e-6,7,2
57360,17,0,7,2
57360,11,0,7,2
57360,7,1.0109038177305558e-5,7,2
57360,10,1.8051119868912768e-6,7,2
57360,15,0,7,2
57360,9,4.091495662605448e-7,7,2
57360,18,0,7,2
57360,3,4.72802864999949e-5,7,2
57360,16,3.708069612332446e-7,7,2
57360,2,4.441714024129056e-5,7,2
57360,5,5.204954513223602e-5,7,2
57360,4,7.821595762715987e-5,7,2
57360,12,0,7,2
57360,13,0,7,2
57360,6,1.3515836946200368e-5,7,2
57395,8,0.0013657302894587,3,1
57395,17,2.9544859834349684e-4,3,1
57395,11,5.645752061965606e-4,3,1
57395,7,0.00175025795476728,3,1
57395,10,8.447924098651176e-4,3,1
57395,15,2.820906259758209e-4,3,1
57395,9,0.0011427547385657,3,1
57395,18,3.0963658207322666e-4,3,1
57395,3,2.2558568068625017e-5,3,1
57395,16,3.1370268920332496e-4,3,1
57395,2,8.32821379524198e-6,3,1
57395,5,0.00222379795724393,3,1
57395,4,1.4595322236647056e-5,3,1
57395,12,4.90681024040992e-4,3,1
57395,13,3.4603896682073156e-4,3,1
57395,6,0.00241241973400204,3,1
57544,8,2.5948010566029903e-5,7,2
57544,17,3.5553381268772184e-7,7,2
57544,11,9.272871358882232e-6,7,2
57544,7,4.217909032599905e-5,7,2
57544,10,9.476837931179204e-6,7,2
57544,15,1.4540753916279428e-6,7,2
57544,9,2.3321525276851057e-5,7,2
57544,18,0,7,2
57544,3,6.137166600587574e-4,7,2
57544,16,1.4832278449329785e-6,7,2
57544,2,6.387739980950599e-4,7,2
57544,5,1.4860522305870283e-4,7,2
57544,4,5.291739908363831e-4,7,2
57544,12,9.512394650229247e-6,7,2
57544,13,5.39631917069367e-6,7,2
57544,6,7.292265515159269e-5,7,2
57593,8,1.4660625969806896e-4,6,4
57593,17,4.977473377628106e-6,6,4
57593,11,3.7091485435528933e-5,6,4
57593,7,1.795225745280125e-4,6,4
57593,10,7.897364942649335e-5,6,4
57593,15,4.362226174883829e-6,6,4
57593,9,8.919460544479877e-5,6,4
57593,18,2.8818296159865978e-6,6,4
57593,3,6.304038199999321e-5,6,4
57593,16,5.56210441849867e-6,6,4
57593,2,9.79953156573473e-5,6,4
57593,5,3.992979597584096e-4,6,4
57593,4,7.896443569057768e-5,6,4
57593,12,2.9726233281966403e-5,6,4
57593,13,1.4165337823070884e-5,6,4
57593,6,2.5585793660946746e-4,6,4
57660,8,3.762461532074336e-5,6,4
57660,17,7.110676253754437e-7,6,4
57660,11,1.0342818054137877e-5,6,4
57660,7,3.10242895786274e-5,6,4
57660,10,1.6246007882021492e-5,6,4
57660,15,5.452782718604786e-6,6,4
57660,9,2.823132007197759e-5,6,4
57660,18,3.202032906651775e-7,6,4
57660,3,3.368334136274147e-5,6,4
57660,16,2.224841767399468e-6,6,4
57660,2,7.495392415717782e-6,6,4
57660,5,6.789071104204698e-5,6,4
57660,4,5.0148030248992454e-5,6,4
57660,12,1.0701443981507905e-5,6,4
57660,13,1.686349740841772e-6,6,4
57660,6,6.53789322048762e-5,6,4
57691,8,4.238175059118217e-5,7,2
57691,17,1.7776690634386092e-6,7,2
57691,11,1.6405849327253184e-5,7,2
57691,7,7.111185476449427e-5,7,2
57691,10,2.5271567816477874e-5,7,2
57691,15,2.9081507832558855e-6,7,2
57691,9,3.150451660206195e-5,7,2
57691,18,6.40406581330355e-7,7,2
57691,3,4.001828171078e-4,7,2
57691,16,4.078876573565691e-6,7,2
57691,2,4.233508679248007e-4,7,2
57691,5,1.6595507143611483e-4,7,2
57691,4,5.235604053607496e-4,7,2
57691,12,6.341596433486166e-6,7,2
57691,13,7.082668911535442e-6,7,2
57691,6,1.1409880956908683e-4,7,2
57693,8,6.357262588677326e-5,5,7
57693,17,3.1998043141894965e-6,5,7
57693,11,1.1769413647812064e-5,5,7
57693,7,5.507682869014752e-5,5,7
57693,10,3.655351773454835e-5,5,7
57693,15,1.01785277413956e-5,5,7
57693,9,4.459730272239939e-5,5,7
57693,18,6.083862522638373e-6,5,7
57693,3,7.416515529410965e-6,5,7
57693,16,4.449683534798936e-6,5,7
57693,2,3.886499771112924e-6,5,7
57693,5,3.394535552102349e-5,5,7
57693,4,3.742390317088989e-7,5,7
57693,12,1.3872242198250988e-5,5,7
57693,13,9.780828496882276e-6,5,7
57693,6,6.286435788930403e-5,5,7
57730,8,3.373241373583887e-5,5,7
57730,17,1.0666014380631656e-6,5,7
57730,11,1.2839360343067709e-5,5,7
57730,7,4.810507822304024e-5,5,7
57730,10,1.4440895895130216e-5,5,7
57730,15,5.816301566511771e-6,5,7
57730,9,2.9458768770759225e-5,5,7
57730,18,4.162642778647307e-6,5,7
57730,3,0,5,7
57730,16,4.449683534798936e-6,5,7
57730,2,0,5,7
57730,5,7.518267630211869e-5,5,7
57730,4,0,5,7
57730,12,1.2286843089879449e-5,5,7
57730,13,6.408129015198733e-6,5,7
57730,6,9.523950220229562e-5,5,7
57947,8,1.8596074238988095e-5,3,1
57947,17,2.133202876126331e-6,3,1
57947,11,6.7763290699524014e-6,3,1
57947,7,3.346440224211495e-5,3,1
57947,10,1.7599841872189947e-5,3,1
57947,15,1.4540753916279428e-6,3,1
57947,9,2.209407657806942e-5,3,1
57947,18,2.8818296159865978e-6,3,1
57947,3,3.090214803921236e-7,3,1
57947,16,1.112420883699734e-6,3,1
57947,2,4.16410689762099e-6,3,1
57947,5,2.8916413962353344e-5,3,1
57947,4,0,3,1
57947,12,5.548896879300395e-6,3,1
57947,13,8.094478756040504e-6,3,1
57947,6,3.331810968133114e-5,3,1
57995,8,4.108435006288067e-5,5,7
57995,17,1.4221352507508874e-6,5,7
57995,11,1.6405849327253184e-5,5,7
57995,7,4.740790317632951e-5,5,7
57995,10,1.6246007882021492e-5,5,7
57995,15,2.9081507832558855e-6,5,7
57995,9,3.4368563565885765e-5,5,7
57995,18,3.202032906651775e-7,5,7
57995,3,2.0395417705880153e-5,5,7
57995,16,2.5956487286327124e-6,5,7
57995,2,2.4151820006201744e-5,5,7
57995,5,4.400323863836378e-5,5,7
57995,4,7.484780634177978e-7,5,7
57995,12,1.2286843089879449e-5,5,7
57995,13,2.023619689010126e-6,5,7
57995,6,5.3749025995354954e-5,5,7
58016,8,3.070514583646872e-5,6,4
58016,17,1.0666014380631656e-6,6,4
58016,11,6.063031273115307e-6,6,4
58016,7,4.705931565297415e-5,6,4
58016,10,5.86661395739665e-6,6,4
58016,15,2.9081507832558855e-6,6,4
58016,9,1.7593431349203425e-5,6,4
58016,18,0,6,4
58016,3,3.368334136274147e-5,6,4
58016,16,1.4832278449329785e-6,6,4
58016,2,4.663799725335509e-5,6,4
58016,5,1.8808241429426348e-4,6,4
58016,4,7.634476246861538e-5,6,4
58016,12,5.548896879300395e-6,6,4
58016,13,3.0354295335151892e-6,6,4
58016,6,9.523950220229562e-5,6,4
58023,8,7.17894958993494e-5,5,7
58023,17,1.4221352507508874e-6,5,7
58023,11,1.7119147124090278e-5,5,7
58023,7,5.786552887699043e-5,5,7
58023,10,3.835862972143963e-5,5,7
58023,15,4.362226174883829e-6,5,7
58023,9,6.423648190290553e-5,5,7
58023,18,3.5222361973169528e-6,5,7
58023,3,8.961622931371583e-6,5,7
58023,16,7.416139224664892e-6,5,7
58023,2,0,5,7
58023,5,6.261032240544332e-5,5,7
58023,4,0,5,7
58023,12,2.2591937294294463e-5,5,7
58023,13,7.419938859703796e-6,5,7
58023,6,9.272492788672346e-5,5,7
58062,8,1.816360739622093e-5,6,4
58062,17,1.0666014380631656e-6,6,4
58062,11,9.98616915571933e-6,6,4
58062,7,1.533785102763602e-5,6,4
58062,10,1.9404953859081225e-5,6,4
58062,15,5.816301566511771e-6,6,4
58062,9,8.592140891471441e-6,6,4
58062,18,1.6010164533258875e-6,6,4
58062,3,1.2978902176469188e-5,6,4
58062,16,3.708069612332446e-7,6,4
58062,2,1.3602749198895235e-5,6,4
58062,5,1.7601295455345512e-5,6,4
58062,4,1.4969561268355957e-5,6,4
58062,12,1.9817488854644267e-6,6,4
58062,13,1.3490797926734176e-6,6,4
58062,6,1.7602020209005132e-5,6,4
58118,8,1.1676604754713456e-5,7,2
58118,17,3.5553381268772184e-7,7,2
58118,11,4.2797867810225695e-6,7,2
58118,7,1.1503388270727012e-5,7,2
58118,10,5.86661395739665e-6,7,2
58118,15,3.2716696311628713e-6,7,2
58118,9,5.3189443613870825e-6,7,2
58118,18,9.606098719955323e-7,7,2
58118,3,2.4103675470585636e-5,7,2
58118,16,1.4832278449329785e-6,7,2
58118,2,4.2751497482242166e-5,7,2
58118,5,5.783282792470669e-6,7,2
58118,4,4.116629348797888e-5,7,2
58118,12,3.567147993835968e-6,7,2
58118,13,2.023619689010126e-6,7,2
58118,6,1.571608947232601e-5,7,2
58151,8,2.054217503144034e-4,6,4
58151,17,7.110676253754437e-6,6,4
58151,11,6.562339730901273e-5,6,4
58151,7,1.4814969742602972e-4,6,4
58151,10,1.128194991807048e-4,6,4
58151,15,2.617335704930297e-5,6,4
58151,9,1.4729384385379614e-4,6,4
58151,18,1.024650530128568e-5,6,4
58151,3,9.672372336273466e-5,6,4
58151,16,1.7798734139195742e-5,6,4
58151,2,1.2325756416958132e-4,6,4
58151,5,1.101338201348762e-4,6,4
58151,4,4.378596670994117e-5,6,4
58151,12,7.094661009962648e-5,6,4
58151,13,4.080966372837088e-5,6,4
58151,6,1.9865137093020077e-4,6,4
58192,8,1.2974005283014951e-5,7,2
58192,17,7.110676253754437e-7,7,2
58192,11,1.4265955936741898e-6,7,2
58192,7,2.544688920494158e-5,7,2
58192,10,1.8051119868912768e-6,7,2
58192,15,0,7,2
58192,9,5.3189443613870825e-6,7,2
58192,18,6.40406581330355e-7,7,2
58192,3,1.85103866754882e-4,7,2
58192,16,7.416139224664892e-7,7,2
58192,2,1.901608816580252e-4,7,2
58192,5,1.028418548748045e-4,7,2
58192,4,1.2424735852735444e-4,7,2
58192,12,3.963497770928854e-7,7,2
58192,13,0,7,2
58192,6,4.4633694101405866e-5,7,2
58448,8,4.4111617962250834e-5,6,4
58448,17,1.7776690634386092e-6,6,4
58448,11,1.3196009241486256e-5,6,4
58448,7,8.296383055857665e-5,6,4
58448,10,2.211262183941814e-5,6,4
58448,15,1.0905565437209572e-6,6,4
58448,9,3.273196530084359e-5,6,4
58448,18,6.40406581330355e-7,6,4
58448,3,3.7082577647054825e-5,6,4
58448,16,7.416139224664892e-7,6,4
58448,2,4.441714024129056e-5,6,4
58448,5,3.728960165753914e-4,6,4
58448,4,1.017930166248205e-4,6,4
58448,12,6.737946210579051e-6,6,4
58448,13,2.698159585346835e-6,6,4
58448,6,1.8922171724680516e-4,6,4
58529,8,1.72986737106866e-6,7,2
58529,17,0,7,2
58529,11,3.566488984185475e-7,7,2
58529,7,3.485875233553641e-6,7,2
58529,10,1.8051119868912768e-6,7,2
58529,15,1.4540753916279428e-6,7,2
58529,9,3.2731965300843583e-6,7,2
58529,18,6.40406581330355e-7,7,2
58529,3,4.2768572886269895e-4,7,2
58529,16,0,7,2
58529,2,5.405010753112045e-4,7,2
58529,5,3.4196802598957e-5,7,2
58529,4,4.7565780930201054e-4,7,2
58529,12,2.7744484396501974e-6,7,2
58529,13,0,7,2
58529,6,9.429653683395606e-6,7,2
58568,8,1.5136339496850776e-5,6,4
58568,17,0,6,4
58568,11,3.209840085766927e-6,6,4
58568,7,1.812655121447893e-5,6,4
58568,10,4.512779967228192e-6,6,4
58568,15,0,6,4
58568,9,7.77384175895035e-6,6,4
58568,18,0,6,4
58568,3,2.0395417705880153e-5,6,4
58568,16,0,6,4
58568,2,2.1930962994137217e-5,6,4
58568,5,7.493122922418518e-5,6,4
58568,4,1.6466517395191552e-5,6,4
58568,12,7.926995541857708e-7,6,4
58568,13,0,6,4
58568,6,3.7404292944135905e-5,6,4
58849,8,1.383893896854928e-5,7,2
58849,17,7.110676253754437e-7,7,2
58849,11,6.419680171533854e-6,7,2
58849,7,2.23096014947433e-5,7,2
58849,10,1.128194991807048e-5,7,2
58849,15,2.9081507832558855e-6,7,2
58849,9,1.0637888722774163e-5,7,2
58849,18,4.162642778647307e-6,7,2
58849,3,9.116133671567644e-5,7,2
58849,16,1.4832278449329785e-6,7,2
58849,2,1.3352902785037976e-4,7,2
58849,5,1.9361425000880063e-5,7,2
58849,4,1.1152323144925188e-4,7,2
58849,12,4.359847548021739e-6,7,2
58849,13,2.698159585346835e-6,7,2
58849,6,4.0233189049154585e-5,7,2
58871,8,9.514270540877633e-6,7,2
58871,17,0,7,2
58871,11,7.132977968370949e-7,7,2
58871,7,9.41186313059483e-6,7,2
58871,10,4.512779967228192e-7,7,2
58871,15,0,7,2
58871,9,3.682346096344903e-6,7,2
58871,18,0,7,2
58871,3,4.789832946077915e-5,7,2
58871,16,0,7,2
58871,2,4.969167564494382e-5,7,2
58871,5,4.5009026950097816e-5,7,2
58871,4,5.8007049914879334e-5,7,2
58871,12,7.926995541857708e-7,7,2
58871,13,1.3490797926734176e-6,7,2
58871,6,1.8859307366791212e-5,7,2
58898,8,0.00275567872211237,1,9
58898,17,0.00283431555474651,1,9
58898,11,0.00292987070050836,1,9
58898,7,0.00270503918123762,1,9
58898,10,0.00215349860036129,1,9
58898,15,0.00270676134151541,1,9
58898,9,0.00310094456268866,1,9
58898,18,0.00314279529787871,1,9
58898,3,3.399236284313359e-6,1,9
58898,16,0.00281924532625635,1,9
58898,2,1.0271463680798442e-5,1,9
58898,5,9.907014870580188e-5,1,9
58898,4,3.255879575867421e-5,1,9
58898,12,0.00275621634990392,1,9
58898,13,0.00309546358428915,1,9
58898,6,7.892620133002122e-4,1,9
59049,8,2.984021215093439e-5,6,4
59049,17,7.110676253754437e-7,6,4
59049,11,1.1056115850974973e-5,6,4
59049,7,1.2549150840793106e-5,6,4
59049,10,9.476837931179204e-6,6,4
59049,15,0,6,4
59049,9,1.513853395164016e-5,6,4
59049,18,0,6,4
59049,3,4.3263007254897294e-5,6,4
59049,16,1.112420883699734e-6,6,4
59049,2,5.663185380764547e-5,6,4
59049,5,1.3578142208409397e-5,6,4
59049,4,2.9564883505003017e-5,6,4
59049,12,5.548896879300395e-6,6,4
59049,13,6.745398963367088e-7,6,4
59049,6,2.2631168840149453e-5,6,4
59145,8,1.72986737106866e-6,7,2
59145,17,0,7,2
59145,11,0,7,2
59145,7,1.3943500934214563e-6,7,2
59145,10,0,7,2
59145,15,1.8175942395349288e-6,7,2
59145,9,0,7,2
59145,18,6.40406581330355e-7,7,2
59145,3,2.583419576078153e-4,7,2
59145,16,3.708069612332446e-7,7,2
59145,2,2.009875595918398e-4,7,2
59145,5,1.3829589286342904e-5,7,2
59145,4,2.765626444328763e-4,7,2
59145,12,0,7,2
59145,13,0,7,2
59145,6,2.8288961050186816e-6,7,2
59160,8,4.324668427671651e-6,7,2
59160,17,0,7,2
59160,11,0,7,2
59160,7,1.0457625700660922e-5,7,2
59160,10,1.8051119868912768e-6,7,2
59160,15,0,7,2
59160,9,3.682346096344903e-6,7,2
59160,18,0,7,2
59160,3,1.2299054919606516e-4,7,2
59160,16,0,7,2
59160,2,2.0376363085692045e-4,7,2
59160,5,4.3751791560430275e-5,7,2
59160,4,2.469977609278733e-4,7,2
59160,12,0,7,2
59160,13,6.745398963367088e-7,7,2
59160,6,1.8544985577344692e-5,7,2
59223,8,0.00182371267594913,3,1
59223,17,4.906366615090562e-5,3,1
59223,11,4.329717626801166e-4,3,1
59223,7,0.00301388772693047,3,1
59223,10,6.742093271038919e-4,3,1
59223,15,9.342434391209531e-5,3,1
59223,9,0.0013522393164911,3,1
59223,18,3.490215868250435e-5,3,1
59223,3,2.62668258333305e-5,3,1
59223,16,5.9329113797319137e-5,3,1
59223,2,1.943249885556462e-6,3,1
59223,5,0.01093568486640616,3,1
59223,4,0.00191236145203247,3,1
59223,12,2.8259739106722726e-4,3,1
59223,13,1.8414939169992148e-4,3,1
59223,6,0.00585455765023088,3,1
59249,8,5.444757550438608e-4,7,2
59249,17,3.1286975516519524e-5,7,2
59249,11,9.486860697933362e-5,7,2
59249,7,7.281993362893555e-4,7,2
59249,10,2.2202877438762703e-4,7,2
59249,15,3.889651672604747e-5,7,2
59249,9,3.5023202871902636e-4,7,2
59249,18,3.266073564784811e-5,7,2
59249,3,0.00120672888093124,7,2
59249,16,3.745150308455771e-5,7,2
59249,2,0.00142356934473336,7,2
59249,5,0.00321726536215922,7,2
59249,4,0.00125033260493943,7,2
59249,12,6.183056522649012e-5,7,2
59249,13,6.340675025565062e-5,7,2
59249,6,0.00153671922860403,7,2
59251,8,0.00590663213851394,3,1
59251,17,0.00493552038773095,3,1
59251,11,0.00326868715400598,3,1
59251,7,0.008971597088597,3,1
59251,10,0.00266524784864497,3,1
59251,15,0.00549095219763501,3,1
59251,9,0.00468639913194828,3,1
59251,18,0.00446235305870991,3,1
59251,3,1.8850310303919537e-5,3,1
59251,16,0.00496807166660301,3,1
59251,2,2.5539855638742073e-5,3,1
59251,5,0.02290003972863831,3,1
59251,4,6.14874729097721e-4,3,1
59251,12,0.00420487478517842,3,1
59251,13,0.00376190900186982,3,1
59251,6,0.01653521205562364,3,1
59295,8,1.6866206867919436e-4,4,3
59295,17,1.3154751069445708e-5,4,3
59295,11,5.884706823906033e-5,4,3
59295,7,1.8265986223821076e-4,4,3
59295,10,7.897364942649335e-5,4,3
59295,15,1.599482930790737e-5,4,3
59295,9,1.3461020729971923e-4,4,3
59295,18,8.645488847959792e-6,4,3
59295,3,6.180429607842471e-5,4,3
59295,16,1.038259491453085e-5,4,3
59295,2,7.217785289209717e-5,4,3
59295,5,1.1239684383627778e-4,4,3
59295,4,2.095738577569834e-5,4,3
59295,12,4.716562347405336e-5,4,3
59295,13,2.327162642361645e-5,4,3
59295,6,1.9519383124628903e-4,4,3
59542,8,1.643374002515227e-5,6,4
59542,17,1.7776690634386092e-6,6,4
59542,11,9.62952025730078e-6,6,4
59542,7,2.3703951588164755e-5,6,4
59542,10,1.3989617898407397e-5,6,4
59542,15,6.543339262325743e-6,6,4
59542,9,1.7184281782942882e-5,6,4
59542,18,1.6010164533258875e-6,6,4
59542,3,5.006147982352401e-5,6,4
59542,16,1.4832278449329785e-6,6,4
59542,2,6.440485334987132e-5,6,4
59542,5,2.9670755196153865e-5,6,4
59542,4,5.6135854756334834e-5,6,4
59542,12,1.1494143535693677e-5,6,4
59542,13,0,6,4
59542,6,3.080353536575898e-5,6,4
59609,8,0.02784870233999159,1,9
59609,17,0.0735556794393374,1,9
59609,11,0.08170362619200978,1,9
59609,7,0.02753388270727014,1,9
59609,10,0.06278721024003928,1,9
59609,15,0.06202976565030432,1,9
59609,9,0.0368746046592316,1,9
59609,18,0.07097978364504057,1,9
59609,3,1.8232267343135288e-5,1,9
59609,16,0.06948848292118757,1,9
59609,2,2.115366303991463e-4,1,9
59609,5,6.0221575165075e-4,1,9
59609,4,1.047869288784917e-5,1,9
59609,12,0.07392993487180463,1,9
59609,13,0.07906754302889998,1,9
59609,6,0.01576323774074298,1,9
59695,8,5.146355428929264e-5,6,4
59695,17,1.4221352507508874e-6,6,4
59695,11,2.6035369584553964e-5,6,4
59695,7,3.2070052148693495e-5,6,4
59695,10,3.0235625780428887e-5,6,4
59695,15,4.362226174883829e-6,6,4
59695,9,3.477771313214631e-5,6,4
59695,18,9.606098719955323e-7,6,4
59695,3,4.109985689215243e-5,6,4
59695,16,4.449683534798936e-6,6,4
59695,2,5.913031794621806e-5,6,4
59695,5,3.193377889755543e-5,6,4
59695,4,2.020890771228054e-5,6,4
59695,12,1.62503408608083e-5,6,4
59695,13,1.2141718134060755e-5,6,4
59695,6,5.9406818205392314e-5,6,4
59712,8,8.85692093987154e-4,3,1
59712,17,5.510774096659689e-5,3,1
59712,11,3.4915927155175795e-4,3,1
59712,7,9.045846231071698e-4,3,1
59712,10,5.501078780051166e-4,3,1
59712,15,1.0505694704511889e-4,3,1
59712,9,7.139659931246507e-4,3,1
59712,18,5.443455941308018e-5,3,1
59712,3,4.635322205881853e-6,3,1
59712,16,8.268995235501356e-5,3,1
59712,2,1.8322070349532357e-5,3,1
59712,5,4.8152115424266654e-4,3,1
59712,4,4.228901058310558e-5,3,1
59712,12,2.1006538185922924e-4,3,1
59712,13,1.2006810154793415e-4,3,1
59712,6,9.73454581915873e-4,3,1
59732,8,8.649336855343301e-6,7,2
59732,17,3.5553381268772184e-7,7,2
59732,11,6.063031273115307e-6,7,2
59732,7,1.3943500934214563e-5,7,2
59732,10,8.123003941010746e-6,7,2
59732,15,2.1811130874419143e-6,7,2
59732,9,4.909794795126538e-6,7,2
59732,18,0,7,2
59732,3,2.472171843136988e-5,7,2
59732,16,0,7,2
59732,2,4.747081863287929e-5,7,2
59732,5,8.297753571805742e-6,7,2
59732,4,2.9190644473294115e-5,7,2
59732,12,3.567147993835968e-6,7,2
59732,13,2.023619689010126e-6,7,2
59732,6,1.1001262630628206e-5,7,2
59827,8,2.075840845282392e-5,7,2
59827,17,1.7776690634386092e-6,7,2
59827,11,1.0342818054137877e-5,7,2
59827,7,2.474971415823085e-5,7,2
59827,10,1.083067192134766e-5,7,2
59827,15,6.179820414418757e-6,7,2
59827,9,2.3321525276851057e-5,7,2
59827,18,0,7,2
59827,3,4.867088316175946e-4,7,2
59827,16,2.5956487286327124e-6,7,2
59827,2,4.039183690692361e-4,7,2
59827,5,5.079230974256848e-5,7,2
59827,4,4.198961935773846e-4,7,2
59827,12,1.7439390192086958e-5,7,2
59827,13,4.721779274356961e-6,7,2
59827,6,3.8347258312475465e-5,7,2
59860,8,5.059862060375831e-5,3,1
59860,17,5.6885410030035495e-6,3,1
59860,11,2.674866738139106e-5,3,1
59860,7,3.520733985889177e-5,3,1
59860,10,4.377396568211346e-5,3,1
59860,15,2.9081507832558855e-6,3,1
59860,9,3.6823460963449035e-5,3,1
59860,18,4.4828460693124855e-6,3,1
59860,3,3.090214803921236e-7,3,1
59860,16,2.5956487286327124e-6,3,1
59860,2,5.55214253016132e-7,3,1
59860,5,3.0676543507887895e-5,3,1
59860,4,0,3,1
59860,12,1.5061291529529645e-5,3,1
59860,13,5.733589118862024e-6,3,1
59860,6,5.3749025995354954e-5,3,1
59863,8,1.0292710857858528e-4,6,4
59863,17,0,6,4
59863,11,2.0685636108275753e-5,6,4
59863,7,2.1298697677012745e-4,6,4
59863,10,3.384584975421144e-5,6,4
59863,15,1.8175942395349288e-6,6,4
59863,9,7.855671672202461e-5,6,4
59863,18,6.40406581330355e-6,6,4
59863,3,6.118625311764046e-5,6,4
59863,16,0,6,4
59863,2,5.63542466811374e-5,6,4
59863,5,8.938943620536185e-4,6,4
59863,4,3.682512072015565e-4,6,4
59863,12,5.94524665639328e-6,6,4
59863,13,6.7453989633670875e-6,6,4
59863,6,4.3659296554121656e-4,6,4
59999,8,0.00695622916590985,2,8
59999,17,0.16219310321288796,2,8
59999,11,0.04344768210314428,2,8
59999,7,0.00312961878468445,2,8
59999,10,0.01448196219283199,2,8
59999,15,0.1829535833688673,2,8
59999,9,0.01194143924088026,2,8
59999,18,0.1572608017378073,2,8
59999,3,5.871408127450347e-5,2,8
59999,16,0.17439793000721962,2,8
59999,2,1.871072032664365e-4,2,8
59999,5,1.4483351688970023e-4,2,8
59999,4,4.6031400900194566e-5,2,8
59999,12,0.08049467622979409,2,8
59999,13,0.11442287715549224,2,8
59999,6,2.841468976596543e-4,2,8
60005,8,1.297400528301495e-6,2,8
60005,17,5.901861290616183e-5,2,8
60005,11,1.3552658139904805e-5,2,8
60005,7,6.971750467107282e-7,2,8
60005,10,5.4153359606738304e-6,2,8
60005,15,4.798448792372211e-5,2,8
60005,9,4.091495662605448e-6,2,8
60005,18,5.251333966908911e-5,2,8
60005,3,0,2,8
60005,16,4.968813280525478e-5,2,8
60005,2,2.77607126508066e-7,2,8
60005,5,0,2,8
60005,4,0,2,8
60005,12,3.6067829715452565e-5,2,8
60005,13,3.777423419485569e-5,2,8
60005,6,0,2,8
60013,8,6.876222799997924e-5,3,1
60013,17,4.266405752252662e-6,3,1
60013,11,3.281169865450637e-5,3,1
60013,7,9.69073314927912e-5,3,1
60013,10,5.41533596067383e-5,3,1
60013,15,2.9081507832558855e-6,3,1
60013,9,7.814756715576405e-5,3,1
60013,18,5.443455941308017e-6,3,1
60013,3,3.090214803921236e-7,3,1
60013,16,6.674525302198403e-6,3,1
60013,2,0,3,1
60013,5,2.328399941664278e-4,3,1
60013,4,2.6196732219622924e-5,3,1
60013,12,1.6646690637901184e-5,3,1
60013,13,1.1129908289555694e-5,3,1
60013,6,1.6124707798606487e-4,3,1
60034,8,3.4597347421373206e-5,6,4
60034,17,7.110676253754437e-7,6,4
60034,11,1.2839360343067709e-5,6,4
60034,7,4.183050280264369e-5,6,4
60034,10,1.6246007882021492e-5,6,4
60034,15,1.0905565437209572e-6,6,4
60034,9,1.4320234819119068e-5,6,4
60034,18,1.28081316266071e-6,6,4
60034,3,9.425155151959768e-5,6,4
60034,16,3.3372626510992015e-6,6,4
60034,2,1.0188181542846022e-4,6,4
60034,5,5.909006331437422e-5,6,4
60034,4,1.4632746139817948e-4,6,4
60034,12,6.341596433486166e-6,6,4
60034,13,5.733589118862024e-6,6,4
60034,6,4.934852094310367e-5,6,4
60061,8,9.427777172324198e-5,5,7
60061,17,4.621939564940384e-6,5,7
60061,11,2.6035369584553964e-5,5,7
60061,7,1.0492484452996458e-4,5,7
60061,10,5.1445691626401386e-5,5,7
60061,15,1.1632603133023542e-5,5,7
60061,9,7.323777236063753e-5,5,7
60061,18,4.4828460693124855e-6,5,7
60061,3,1.7923245862743167e-5,5,7
60061,16,7.786946185898137e-6,5,7
60061,2,2.359660575318561e-5,5,7
60061,5,5.6072698379172134e-5,5,7
60061,4,3.742390317088989e-7,5,7
60061,12,2.8933533727780632e-5,5,7
60061,13,1.8212577201091137e-5,5,7
60061,6,1.2698600293639415e-4,5,7
60072,8,2.4650610037728407e-5,6,4
60072,17,1.7776690634386092e-6,6,4
60072,11,3.138510306083218e-5,6,4
60072,7,3.9041802615800774e-5,6,4
60072,10,2.4820289819755058e-5,6,4
60072,15,5.452782718604786e-6,6,4
60072,9,2.8640469638238136e-5,6,4
60072,18,3.5222361973169528e-6,6,4
60072,3,1.9468353264703782e-5,6,4
60072,16,5.56210441849867e-6,6,4
60072,2,2.498464138572594e-5,6,4
60072,5,2.1373001624348124e-5,6,4
60072,4,4.865107412215686e-5,6,4
60072,12,2.6951784842316205e-5,6,4
60072,13,1.6188957512081008e-5,6,4
60072,6,6.2235714310411e-5,6,4
60096,8,2.6380477408797067e-5,4,3
60096,17,1.7776690634386092e-6,4,3
60096,11,6.419680171533854e-6,4,3
60096,7,3.137287710198276e-5,4,3
60096,10,1.3087061904961756e-5,4,3
60096,15,7.270376958139714e-7,4,3
60096,9,2.74130209394565e-5,4,3
60096,18,3.202032906651775e-7,4,3
60096,3,0,4,3
60096,16,3.708069612332446e-7,4,3
60096,2,2.77607126508066e-7,4,3
60096,5,2.0115766234680587e-5,4,3
60096,4,0,4,3
60096,12,5.548896879300395e-6,4,3
60096,13,3.709969429851898e-6,4,3
60096,6,3.174650073409854e-5,4,3
60100,8,5.622068955973145e-6,7,2
60100,17,0,7,2
60100,11,1.0699466952556424e-6,7,2
60100,7,8.017513037173374e-6,7,2
60100,10,5.4153359606738304e-6,7,2
60100,15,0,7,2
60100,9,6.955542626429262e-6,7,2
60100,18,0,7,2
60100,3,9.425155151959768e-5,7,2
60100,16,3.708069612332446e-7,7,2
60100,2,1.152069575008474e-4,7,2
60100,5,3.4196802598957e-5,7,2
60100,4,6.88599818344374e-5,7,2
60100,12,0,7,2
60100,13,0,7,2
60100,6,1.697337663011209e-5,7,2
60143,8,5.405835534589563e-5,3,1
60143,17,0,3,1
60143,11,1.3196009241486256e-5,3,1
60143,7,1.1329094509049331e-4,3,1
60143,10,2.6625401806646332e-5,3,1
60143,15,2.1811130874419143e-6,3,1
60143,9,5.523519144517355e-5,3,1
60143,18,2.56162632532142e-6,3,1
60143,3,8.652601450979459e-6,3,1
60143,16,1.112420883699734e-6,3,1
60143,2,0,3,1
60143,5,4.151391256682206e-4,3,1
60143,4,8.607497729304675e-6,3,1
60143,12,9.512394650229247e-6,3,1
60143,13,3.372699481683544e-6,3,1
60143,6,2.115385642975081e-4,3,1
60179,8,2.3569442930810496e-4,3,1
60179,17,2.915377264039319e-5,3,1
60179,11,1.3552658139904804e-4,3,1
60179,7,3.112886583563401e-4,3,1
60179,10,1.6336263481366055e-4,3,1
60179,15,4.035059211767541e-5,3,1
60179,9,2.0948457792539893e-4,3,1
60179,18,2.593646654387938e-5,3,1
60179,3,2.781193323529112e-6,3,1
60179,16,2.892294297619308e-5,3,1
60179,2,7.772999542225848e-6,3,1
60179,5,1.9411714416466767e-4,3,1
60179,4,0,3,1
60179,12,1.0186189271287154e-4,3,1
60179,13,7.419938859703796e-5,3,1
60179,6,5.387475471113356e-4,3,1
60185,8,1.448763923270003e-4,6,4
60185,17,1.0310480567943934e-5,6,4
60185,11,7.418297087105787e-5,6,4
60185,7,1.5651579798655845e-4,6,4
60185,10,7.716853743960208e-5,6,4
60185,15,1.7085385851628328e-5,6,4
60185,9,1.342010577334587e-4,6,4
60185,18,6.7242691039687274e-06,6,4
60185,3,4.632231991077932e-4,6,4
60185,16,9.64098099206436e-6,6,4
60185,2,2.9343073271902577e-4,6,4
60185,5,8.54920064973925e-5,6,4
60185,4,3.5852099237712517e-4,6,4
60185,12,4.2409426148938735e-5,6,4
60185,13,3.0354295335151897e-5,6,4
60185,6,1.2007092356857072e-4,6,4
60218,8,5.077160734086517e-4,6,4
60218,17,1.351028488213343e-5,6,4
60218,11,1.3338668800853674e-4,6,4
60218,7,8.118603418946429e-4,6,4
60218,10,2.1074682446955e-4,6,4
60218,15,3.0172064376279815e-5,6,4
60218,9,4.201966045495795e-4,6,4
60218,18,4.4828460693124855e-6,6,4
60218,3,7.558665410391342e-4,6,4
60218,16,1.520308541056303e-5,6,4
60218,2,7.145607436317619e-4,6,4
60218,5,0.0038564438342662,6,4
60218,4,9.65910940840668e-4,6,4
60218,12,6.539771322032608e-5,6,4
60218,13,4.0472393780202525e-5,6,4
60218,6,0.00162032882459681,6,4
60248,8,6.18427585157046e-5,6,4
60248,17,0,6,4
60248,11,2.389547619404268e-5,6,4
60248,7,1.289773836414847e-4,6,4
60248,10,2.843051379353761e-5,6,4
60248,15,2.5446319353489e-6,6,4
60248,9,5.728093927647627e-5,6,4
60248,18,6.40406581330355e-7,6,4
60248,3,7.1074940490188414e-6,6,4
60248,16,1.4832278449329785e-6,6,4
60248,2,6.384963909685518e-6,6,4
60248,5,5.207468984002937e-4,6,4
60248,4,6.249791829538612e-5,6,4
60248,12,1.3079542644065216e-5,6,4
60248,13,6.7453989633670875e-6,6,4
60248,6,2.3919888176880184e-4,6,4
60474,8,8.649336855343301e-6,7,2
60474,17,0,7,2
60474,11,2.8531911873483795e-6,7,2
60474,7,8.714688083884102e-6,7,2
60474,10,3.1589459770597342e-06,7,2
60474,15,1.8175942395349288e-6,7,2
60474,9,2.8640469638238135e-6,7,2
60474,18,0,7,2
60474,3,5.655093091175861e-5,7,2
60474,16,7.416139224664892e-7,7,2
60474,2,3.0259176789379197e-5,7,2
60474,5,1.408103636427641e-5,7,2
60474,4,9.767638727602262e-5,7,2
60474,12,1.189049331278656e-6,7,2
60474,13,0,7,2
60474,6,1.0372619051735166e-5,7,2
60679,8,4.324668427671651e-7,7,2
60679,17,0,7,2
60679,11,2.1398933905112848e-6,7,2
60679,7,2.4401126634875484e-6,7,2
60679,10,3.1589459770597342e-06,7,2
60679,15,0,7,2
60679,9,4.091495662605448e-7,7,2
60679,18,0,7,2
60679,3,5.593288795097436e-5,7,2
60679,16,0,7,2
60679,2,8.355974507892787e-5,7,2
60679,5,6.789071104204698e-6,7,2
60679,4,9.019160664184465e-5,7,2
60679,12,0,7,2
60679,13,0,7,2
60679,6,2.8288961050186816e-6,7,2
60694,8,1.72986737106866e-6,7,2
60694,17,0,7,2
60694,11,5.349733476278212e-6,7,2
60694,7,3.137287710198277e-6,7,2
60694,10,0,7,2
60694,15,0,7,2
60694,9,4.091495662605448e-7,7,2
60694,18,0,7,2
60694,3,7.138396197058054e-5,7,2
60694,16,7.416139224664892e-7,7,2
60694,2,7.051221013304877e-5,7,2
60694,5,4.274600324869625e-6,7,2
60694,4,1.0403845081507388e-4,7,2
60694,12,2.7744484396501974e-6,7,2
60694,13,6.745398963367088e-7,7,2
60694,6,6.286435788930404e-6,7,2
60698,8,5.232848797482697e-5,3,1
60698,17,2.133202876126331e-6,3,1
60698,11,2.10422850066943e-5,3,1
60698,7,5.786552887699043e-5,3,1
60698,10,2.797923579681479e-5,3,1
60698,15,3.635188479069857e-6,3,1
60698,9,4.459730272239939e-5,3,1
60698,18,9.606098719955323e-7,3,1
60698,3,1.2360859215684942e-6,3,1
60698,16,1.4832278449329785e-6,3,1
60698,2,2.77607126508066e-7,3,1
60698,5,1.2270617403155158e-4,3,1
60698,4,8.607497729304675e-6,3,1
60698,12,1.545764130662253e-5,3,1
60698,13,1.2141718134060755e-5,3,1
60698,6,7.95234127299696e-5,3,1
60737,8,5.405835534589563e-5,5,7
60737,17,7.821743879129881e-6,5,7
60737,11,2.246888060036849e-5,5,7
60737,7,7.111185476449427e-5,5,7
60737,10,3.700479573127117e-5,5,7
60737,15,4.362226174883829e-6,5,7
60737,9,5.0734546216307555e-5,5,7
60737,18,6.7242691039687274e-06,5,7
60737,3,0,5,7
60737,16,4.449683534798936e-6,5,7
60737,2,0,5,7
60737,5,4.023153246936117e-5,5,7
60737,4,3.742390317088989e-7,5,7
60737,12,3.091528261324506e-5,5,7
60737,13,2.158527668277468e-5,5,7
60737,6,1.1252720062185424e-4,5,7
60795,8,0.00579332582570894,3,1
60795,17,0.00166318717575316,3,1
60795,11,0.00244126170967495,3,1
60795,7,0.00772295657993809,3,1
60795,10,0.00368287973125492,3,1
60795,15,0.00159984644963864,3,1
60795,9,0.00509513954864256,3,1
60795,18,0.00162086905734712,3,1
60795,3,1.0568534629410624e-4,3,1
60795,16,0.00155961407894702,3,1
60795,2,6.912417450050844e-5,3,1
60795,5,0.0114229893034413,3,1
60795,4,3.727420755820633e-4,3,1
60795,12,0.00206894583642486,3,1
60795,13,0.00174098747244504,3,1
60795,6,0.01055083950635134,3,1
60827,8,0.02739028748665839,1,9
60827,17,0.03639137446527715,1,9
60827,11,0.03138224986964483,1,9
60827,7,0.02547721631947349,1,9
60827,10,0.02595164375753916,1,9
60827,15,0.03206345294193986,1,9
60827,9,0.03090593078662277,1,9
60827,18,0.03964020677447698,1,9
60827,3,2.842997619607537e-5,1,9
60827,16,0.03478095134975588,1,9
60827,2,1.0909960071766994e-4,1,9
60827,5,7.332196792541074e-4,1,9
60827,4,2.9190644473294115e-5,1,9
60827,12,0.0306790581460977,1,9
60827,13,0.03420288271370098,1,9
60827,6,0.00671485638794601,1,9
61099,8,5.968042430186878e-5,7,2
61099,17,7.110676253754437e-6,7,2
61099,11,3.887472992762167e-5,7,2
61099,7,4.6710728129618785e-5,7,2
61099,10,1.1011183120036788e-4,7,2
61099,15,1.2359640828837516e-5,7,2
61099,9,3.232281573458304e-5,7,2
61099,18,5.12325265064284e-6,7,2
61099,3,2.0858949926468335e-4,7,2
61099,16,2.5956487286327124e-6,7,2
61099,2,2.5012402098376746e-4,7,2
61099,5,6.135308701577579e-5,7,2
61099,4,1.5755463234944645e-4,7,2
61099,12,2.734813461940909e-5,7,2
61099,13,2.630705595713164e-5,7,2
61099,6,4.1804797996387185e-5,7,2
61114,8,7.78440316980897e-6,6,4
61114,17,0,6,4
61114,11,1.7832444920927374e-6,6,4
61114,7,9.760450653950194e-6,6,4
61114,10,1.8051119868912768e-6,6,4
61114,15,0,6,4
61114,9,1.6365982650421792e-6,6,4
61114,18,0,6,4
61114,3,4.017279245097606e-6,6,4
61114,16,0,6,4
61114,2,2.77607126508066e-7,6,4
61114,5,7.188871958118975e-4,6,4
61114,4,4.490868380506787e-6,6,4
61114,12,3.963497770928854e-7,6,4
61114,13,0,6,4
61114,6,1.0529779946458426e-4,6,4
61151,8,1.556880633961794e-5,7,2
61151,17,0,7,2
61151,11,3.5664889841854747e-6,7,2
61151,7,1.115480074737165e-5,7,2
61151,10,7.220447947565107e-6,7,2
61151,15,1.4540753916279428e-6,7,2
61151,9,1.104703828903471e-5,7,2
61151,18,1.921219743991065e-6,7,2
61151,3,8.189069230391274e-5,7,2
61151,16,0,7,2
61151,2,4.636039012684702e-5,7,2
61151,5,6.286176948337683e-6,7,2
61151,4,7.597052343690648e-5,7,2
61151,12,5.15254710220751e-6,7,2
61151,13,3.372699481683544e-7,7,2
61151,6,1.571608947232601e-5,7,2
61200,8,2.3699182983640644e-4,3,1
61200,17,1.2443683444070264e-5,3,1
61200,11,7.73928109568248e-5,3,1
61200,7,2.889790568615968e-4,3,1
61200,10,1.574960208562639e-4,3,1
61200,15,1.9266498939070243e-5,3,1
61200,9,1.9598264223880097e-4,3,1
61200,18,1.5049554661263345e-5,3,1
61200,3,3.090214803921236e-7,3,1
61200,16,1.2978243643163562e-5,3,1
61200,2,2.77607126508066e-7,3,1
61200,5,1.817962373459258e-4,3,1
61200,4,0,3,1
61200,12,6.896486121416205e-5,3,1
61200,13,4.991595232891645e-5,3,1
61200,6,3.3129516607663227e-4,3,1
61218,8,4.324668427671651e-6,7,2
61218,17,1.4221352507508874e-6,7,2
61218,11,0,7,2
61218,7,6.274575420396553e-6,7,2
61218,10,1.3538339901684576e-6,7,2
61218,15,0,7,2
61218,9,8.182991325210896e-7,7,2
61218,18,0,7,2
61218,3,3.992557526666236e-4,7,2
61218,16,0,7,2
61218,2,5.979657504983742e-4,7,2
61218,5,5.2300992210169526e-5,7,2
61218,4,4.6106248706536345e-4,7,2
61218,12,0,7,2
61218,13,0,7,2
61218,6,2.2002525261256413e-5,7,2
61343,8,7.165975584651925e-4,1,9
61343,17,0.00114624101210521,1,9
61343,11,8.759296945159526e-4,1,9
61343,7,8.251066677821468e-4,1,9
61343,10,7.067013428679349e-4,1,9
61343,15,0.0015304143496884,1,9
61343,9,7.921135602804147e-4,1,9
61343,18,0.00121805331769033,1,9
61343,3,1.2978902176469188e-5,1,9
61343,16,0.00138607642108986,1,9
61343,2,8.32821379524198e-7,1,9
61343,5,0.00111919094388204,1,9
61343,4,1.0965203629070738e-4,1,9
61343,12,9.016957428863142e-4,1,9
61343,13,0.00113592518543101,1,9
61343,6,9.52395022022956e-4,1,9
61376,8,1.9028541081755266e-5,7,2
61376,17,0,7,2
61376,11,2.8531911873483795e-6,7,2
61376,7,1.8475138737834296e-5,7,2
61376,10,1.3538339901684576e-6,7,2
61376,15,0,7,2
61376,9,1.2274486987816344e-5,7,2
61376,18,9.606098719955323e-7,7,2
61376,3,2.4103675470585636e-5,7,2
61376,16,0,7,2
61376,2,4.636039012684702e-5,7,2
61376,5,9.60527837705998e-5,7,2
61376,4,2.769368834645852e-5,7,2
61376,12,3.567147993835968e-6,7,2
61376,13,0,7,2
61376,6,4.8405555574764106e-5,7,2
61385,8,1.2974005283014951e-5,5,7
61385,17,3.5553381268772184e-7,5,7
61385,11,6.7763290699524014e-6,5,7
61385,7,2.0915251401321844e-5,5,7
61385,10,1.2184505911516116e-5,5,7
61385,15,1.0905565437209572e-6,5,7
61385,9,1.55476835179007e-5,5,7
61385,18,0,5,7
61385,3,1.2360859215684942e-6,5,7
61385,16,3.3372626510992015e-6,5,7
61385,2,3.053678391588726e-5,5,7
61385,5,3.2688120131355956e-5,5,7
61385,4,3.742390317088989e-7,5,7
61385,12,3.567147993835968e-6,5,7
61385,13,0,5,7
61385,6,2.4517099576828577e-5,5,7
61664,8,1.1200891227669574e-4,3,1
61664,17,1.13770820060071e-5,3,1
61664,11,4.101462331813296e-5,3,1
61664,7,1.153824702306255e-4,3,1
61664,10,7.671725944287927e-5,3,1
61664,15,1.1996121980930527e-5,3,1
61664,9,9.164950284236204e-5,3,1
61664,18,6.083862522638373e-6,3,1
61664,3,3.090214803921236e-7,3,1
61664,16,1.0753401875764094e-5,3,1
61664,2,9.438642301274244e-6,3,1
61664,5,8.071451201665585e-5,3,1
61664,4,0,3,1
61664,12,4.439117503440316e-5,3,1
61664,13,2.091073678643797e-5,3,1
61664,6,1.2510007219971504e-4,3,1
61731,8,3.2435013207537376e-5,4,3
61731,17,7.110676253754437e-7,4,3
61731,11,5.706382374696759e-6,4,3
61731,7,5.33338910733707e-5,4,3
61731,10,2.211262183941814e-5,4,3
61731,15,2.1811130874419143e-6,4,3
61731,9,2.2503226144329965e-5,4,3
61731,18,0,4,3
61731,3,8.652601450979459e-6,4,3
61731,16,1.854034806166223e-6,4,3
61731,2,2.77607126508066e-7,4,3
61731,5,2.187589578021514e-4,4,3
61731,4,3.742390317088989e-7,4,3
61731,12,5.15254710220751e-6,4,3
61731,13,1.686349740841772e-6,4,3
61731,6,1.0089729441233298e-4,4,3
61841,8,1.383893896854928e-5,6,4
61841,17,3.5553381268772184e-7,6,4
61841,11,4.636435679441117e-6,6,4
61841,7,2.6144064251652304e-5,6,4
61841,10,5.86661395739665e-6,6,4
61841,15,1.4540753916279428e-6,6,4
61841,9,9.41044002399253e-6,6,4
61841,18,0,6,4
61841,3,8.034558490195212e-6,6,4
61841,16,1.4832278449329785e-6,6,4
61841,2,9.71624942778231e-6,6,4
61841,5,6.210742824957631e-5,6,4
61841,4,1.010445385614027e-5,6,4
61841,12,1.9817488854644267e-6,6,4
61841,13,1.686349740841772e-6,6,4
61841,6,4.6205303048638466e-5,6,4
61915,8,6.31401590440061e-5,6,4
61915,17,3.5553381268772183e-6,6,4
61915,11,2.2825529498787036e-5,6,4
61915,7,5.507682869014752e-5,6,4
61915,10,3.1589459770597345e-05,6,4
61915,15,1.8175942395349288e-6,6,4
61915,9,3.968750792727285e-5,6,4
61915,18,2.8818296159865978e-6,6,4
61915,3,1.010500240882244e-4,6,4
61915,16,0,6,4
61915,2,1.34639456356412e-4,6,4
61915,5,3.746561461209259e-5,6,4
61915,4,6.324639635880392e-5,6,4
61915,12,9.116044873136364e-6,6,4
61915,13,1.079263834138734e-5,6,4
61915,6,7.669451662495093e-5,6,4
61936,8,0.00414173495318113,1,9
61936,17,0.00929080959315554,1,9
61936,11,0.01234005188528174,1,9
61936,7,0.00415725480353607,1,9
61936,10,0.00931889063232621,1,9
61936,15,0.0083365777390509,1,9
61936,9,0.00542695984687986,1,9
61936,18,0.00871657397848746,1,9
61936,3,3.182921248038872e-5,1,9
61936,16,0.00887823107280757,1,9
61936,2,6.829135312098424e-5,1,9
61936,5,8.775503019879406e-5,1,9
61936,4,4.752835702703016e-5,1,9
61936,12,0.01114535573185193,1,9
61936,13,0.01095351610666364,1,9
61936,6,0.00219082287244224,1,9
61950,8,4.627395217608666e-5,4,3
61950,17,3.1998043141894965e-6,4,3
61950,11,1.997233831143866e-5,4,3
61950,7,2.928135196185058e-5,4,3
61950,10,2.888179179026043e-5,4,3
61950,15,8.724452349767657e-6,4,3
61950,9,3.1913666168322495e-5,4,3
61950,18,1.28081316266071e-6,4,3
61950,3,0,4,3
61950,16,5.56210441849867e-6,4,3
61950,2,0,4,3
61950,5,1.408103636427641e-5,4,3
61950,4,0,4,3
61950,12,9.908744427322134e-6,4,3
61950,13,1.6526227460249363e-5,4,3
61950,6,3.363243147077766e-5,4,3
61954,8,9.557517225154348e-5,4,3
61954,17,1.1021548193319376e-5,4,3
61954,11,5.56372281532934e-5,4,3
61954,7,8.226665551186591e-5,4,3
61954,10,6.227636354774905e-5,4,3
61954,15,1.1269084285116557e-5,4,3
61954,9,8.346651151715114e-5,4,3
61954,18,1.3128334917272278e-5,4,3
61954,3,2.4103675470585636e-5,4,3
61954,16,7.045332263431648e-6,4,3
61954,2,1.943249885556462e-5,4,3
61954,5,5.7329933768839675e-5,4,3
61954,4,2.4699776092787328e-5,4,3
61954,12,3.210433194452372e-5,4,3
61954,13,2.6644325905299995e-5,4,3
61954,6,1.1095559167462162e-4,4,3
61959,8,4.757135270438815e-5,4,3
61959,17,5.6885410030035495e-6,4,3
61959,11,1.3196009241486256e-5,4,3
61959,7,4.0784740232577594e-5,4,3
61959,10,2.9784347783706068e-5,4,3
61959,15,7.997414653953685e-6,4,3
61959,9,3.4368563565885765e-5,4,3
61959,18,1.921219743991065e-6,4,3
61959,3,8.343579970587336e-6,4,3
61959,16,4.449683534798936e-6,4,3
61959,2,0,4,3
61959,5,4.199166201489573e-5,4,3
61959,4,1.8711951585444947e-5,4,3
61959,12,1.6646690637901184e-5,4,3
61959,13,8.43174870420886e-6,4,3
61959,6,8.172366525609525e-5,4,3
61971,8,2.300723603521318e-4,7,2
61971,17,2.3820765450077365e-5,7,2
61971,11,8.345584222994011e-5,7,2
61971,7,2.6353216765665524e-4,7,2
61971,10,1.4034745698079677e-4,7,2
61971,15,3.126262092000077e-5,7,2
61971,9,1.9884668920262477e-4,7,2
61971,18,1.7931384277249942e-5,7,2
61971,3,0.00158280802256845,7,2
61971,16,1.112420883699734e-5,7,2
61971,2,0.00152350791027626,7,2
61971,5,8.111682734134947e-4,7,2
61971,4,0.00129748672293475,7,2
61971,12,6.975756076834783e-5,7,2
61971,13,5.39631917069367e-5,7,2
61971,6,4.91284956904911e-4,7,2
62024,8,6.487002641507476e-6,7,2
62024,17,0,7,2
62024,11,2.8531911873483795e-6,7,2
62024,7,1.1503388270727012e-5,7,2
62024,10,5.4153359606738304e-6,7,2
62024,15,0,7,2
62024,9,2.045747831302724e-6,7,2
62024,18,0,7,2
62024,3,5.577837721077829e-4,7,2
62024,16,0,7,2
62024,2,6.135117495828259e-4,7,2
62024,5,4.023153246936117e-5,7,2
62024,4,4.9960910733138e-4,7,2
62024,12,2.7744484396501974e-6,7,2
62024,13,0,7,2
62024,6,1.3515836946200368e-5,7,2
62089,8,0.10116826592905122,3,1
62089,17,0.04174749135341767,3,1
62089,11,0.06356660311183297,3,1
62089,7,0.11867139351348335,3,1
62089,10,0.0845018048863479,3,1
62089,15,0.04215764431062104,3,1
62089,9,0.10248296505780874,3,1
62089,18,0.03944808480007787,3,1
62089,3,1.968466830097827e-4,3,1
62089,16,0.04014059516742119,3,1
62089,2,5.205133622026238e-4,3,1
62089,5,0.10430728844500098,3,1
62089,4,0.00100258636594814,3,1
62089,12,0.06035772945481296,3,1
62089,13,0.04614561157834241,3,1
62089,6,0.1345064660706916,3,1
62110,8,2.551554372326274e-5,7,2
62110,17,0,7,2
62110,11,2.1398933905112848e-6,7,2
62110,7,4.636214060626342e-5,7,2
62110,10,1.037939392462484e-5,7,2
62110,15,1.0905565437209572e-6,7,2
62110,9,1.4320234819119068e-5,7,2
62110,18,0,7,2
62110,3,1.4153183801959257e-4,7,2
62110,16,0,7,2
62110,2,8.772385197654887e-5,7,2
62110,5,1.7374993085205357e-4,7,2
62110,4,5.501313766120814e-5,7,2
62110,12,7.530645764764822e-6,7,2
62110,13,0,7,2
62110,6,8.046637809830917e-5,7,2
62671,8,3.4597347421373203e-6,7,2
62671,17,7.110676253754437e-7,7,2
62671,11,1.7832444920927374e-6,7,2
62671,7,7.320337990462645e-6,7,2
62671,10,1.8051119868912768e-6,7,2
62671,15,7.270376958139714e-7,7,2
62671,9,4.091495662605448e-6,7,2
62671,18,0,7,2
62671,3,1.6192725572547272e-4,7,2
62671,16,0,7,2
62671,2,2.0792773775454143e-4,7,2
62671,5,9.052094805606264e-6,7,2
62671,4,1.2873822690786122e-4,7,2
62671,12,1.9817488854644267e-6,7,2
62671,13,0,7,2
62671,6,1.4773124103986449e-5,7,2
63123,8,4.194928374841501e-5,6,4
63123,17,1.4221352507508874e-6,6,4
63123,11,2.674866738139106e-5,6,4
63123,7,5.82141164003458e-5,6,4
63123,10,3.565096174110272e-5,6,4
63123,15,7.270376958139714e-6,6,4
63123,9,3.314111486710413e-5,6,4
63123,18,3.202032906651775e-6,6,4
63123,3,9.239742263724492e-5,6,4
63123,16,2.966455689865957e-6,6,4
63123,2,1.257560283081539e-4,6,4
63123,5,2.8916413962353344e-5,6,4
63123,4,1.2611855368589893e-4,6,4
63123,12,1.5061291529529645e-5,6,4
63123,13,5.733589118862024e-6,6,4
63123,6,1.0152593799122602e-4,6,4
63357,8,1.383893896854928e-5,7,2
63357,17,1.4221352507508874e-6,7,2
63357,11,5.706382374696759e-6,7,2
63357,7,2.579547672829694e-5,7,2
63357,10,1.6246007882021492e-5,7,2
63357,15,2.1811130874419143e-6,7,2
63357,9,1.923002961424561e-5,7,2
63357,18,1.28081316266071e-6,7,2
63357,3,1.0939360405881172e-4,7,2
63357,16,2.5956487286327124e-6,7,2
63357,2,1.0077138692242796e-4,7,2
63357,5,2.564760194921775e-5,7,2
63357,4,8.308106503937556e-5,7,2
63357,12,7.134295987671936e-6,7,2
63357,13,4.721779274356961e-6,7,2
63357,6,3.206082252354506e-5,7,2
63451,8,6.517275320501177e-4,1,9
63451,17,8.792351187767362e-4,1,9
63451,11,0.00128964241668146,1,9
63451,7,6.368694051702502e-4,1,9
63451,10,0.00101086271265911,1,9
63451,15,7.975603523079266e-4,1,9
63451,9,8.154350855572658e-4,1,9
63451,18,8.133163582895508e-4,1,9
63451,3,3.7082577647054825e-6,1,9
63451,16,8.424734159219318e-4,1,9
63451,2,4.996928277145189e-6,1,9
63451,5,3.4196802598957e-5,1,9
63451,4,1.4969561268355956e-6,1,9
63451,12,0.00115535960022576,1,9
63451,13,0.00108095018387957,1,9
63451,6,3.485828644961909e-4,1,9
63525,8,3.2435013207537376e-5,6,4
63525,17,0,6,4
63525,11,7.846275765208045e-6,6,4
63525,7,3.451016481218104e-5,6,4
63525,10,2.0307509852526864e-5,6,4
63525,15,4.362226174883829e-6,6,4
63525,9,2.209407657806942e-5,6,4
63525,18,0,6,4
63525,3,0,6,4
63525,16,7.416139224664892e-7,6,4
63525,2,0,6,4
63525,5,3.5202590910691024e-5,6,4
63525,4,0,6,4
63525,12,5.548896879300395e-6,6,4
63525,13,4.721779274356961e-6,6,4
63525,6,5.2491738837568873e-5,6,4
63552,8,4.843628638992249e-5,5,7
63552,17,5.6885410030035495e-6,5,7
63552,11,2.6035369584553964e-5,5,7
63552,7,7.703784266153545e-5,5,7
63552,10,3.5199683744379894e-5,5,7
63552,15,1.27231596767445e-5,5,7
63552,9,5.237114448134973e-5,5,7
63552,18,5.7636592319731955e-6,5,7
63552,3,1.236085921568494e-5,5,7
63552,16,4.82049049603218e-6,5,7
63552,2,3.053678391588726e-6,5,7
63552,5,5.657559253503915e-5,5,7
63552,4,7.484780634177978e-7,5,7
63552,12,2.0213838631737152e-5,5,7
63552,13,1.4839877719407592e-5,5,7
63552,6,8.958170999225826e-5,5,7
63702,8,2.767787793709856e-5,7,2
63702,17,1.0666014380631656e-6,7,2
63702,11,9.272871358882232e-6,7,2
63702,7,3.869321509244541e-5,7,2
63702,10,1.2184505911516116e-5,7,2
63702,15,0,7,2
63702,9,1.800258091546397e-5,7,2
63702,18,0,7,2
63702,3,1.508024824313563e-4,7,2
63702,16,3.708069612332446e-7,7,2
63702,2,1.224247427900571e-4,7,2
63702,5,1.413132577986311e-4,7,2
63702,4,1.5755463234944645e-4,7,2
63702,12,5.94524665639328e-6,7,2
63702,13,2.698159585346835e-6,7,2
63702,6,7.449426409882528e-5,7,2
63793,8,1.3406472125782116e-4,3,1
63793,17,7.821743879129881e-6,3,1
63793,11,6.0986961629571615e-5,3,1
63793,7,1.4570958476254218e-4,3,1
63793,10,7.9876205419939e-5,3,1
63793,15,9.815008893488614e-6,3,1
63793,9,1.0842463505904438e-4,3,1
63793,18,5.7636592319731955e-6,3,1
63793,3,4.3263007254897294e-6,3,1
63793,16,1.5573892371796274e-5,3,1
63793,2,6.94017816270165e-6,3,1
63793,5,1.1415697338181234e-4,3,1
63793,4,0,3,1
63793,12,3.2897031498709484e-5,3,1
63793,13,1.7200767356586074e-5,3,1
63793,6,1.5338903324990186e-4,3,1
63844,8,6.9194694842746405e-6,7,2
63844,17,0,7,2
63844,11,3.5664889841854747e-6,7,2
63844,7,4.183050280264369e-6,7,2
63844,10,1.8051119868912768e-6,7,2
63844,15,1.0905565437209572e-6,7,2
63844,9,4.909794795126538e-6,7,2
63844,18,0,7,2
63844,3,1.2422663511763366e-4,7,2
63844,16,0,7,2
63844,2,1.085443864646538e-4,7,2
63844,5,6.789071104204698e-6,7,2
63844,4,1.0703236306874509e-4,7,2
63844,12,0,7,2
63844,13,3.372699481683544e-7,7,2
63844,6,1.1001262630628206e-5,7,2
63891,8,9.514270540877633e-6,7,2
63891,17,0,7,2
63891,11,4.993084577859665e-6,7,2
63891,7,1.464067598092529e-5,7,2
63891,10,7.671725944287927e-6,7,2
63891,15,0,7,2
63891,9,1.800258091546397e-5,7,2
63891,18,0,7,2
63891,3,8.343579970587336e-5,7,2
63891,16,1.854034806166223e-6,7,2
63891,2,8.189410231987947e-5,7,2
63891,5,1.9109977922946556e-5,7,2
63891,4,1.3248061722495022e-4,7,2
63891,12,3.567147993835968e-6,7,2
63891,13,1.686349740841772e-6,7,2
63891,6,2.3888455997935533e-5,7,2
63917,8,1.124413791194629e-5,7,2
63917,17,0,7,2
63917,11,2.8531911873483795e-6,7,2
63917,7,1.6732201121057476e-5,7,2
63917,10,6.769169950842288e-6,7,2
63917,15,0,7,2
63917,9,1.022873915651362e-5,7,2
63917,18,0,7,2
63917,3,2.194052510784077e-5,7,2
63917,16,0,7,2
63917,2,4.636039012684702e-5,7,2
63917,5,2.3887472403683195e-5,7,2
63917,4,0,7,2
63917,12,3.567147993835968e-6,7,2
63917,13,2.698159585346835e-6,7,2
63917,6,1.540176768287949e-5,7,2
63920,8,6.097782483017027e-5,6,4
63920,17,0,6,4
63920,11,2.353882729562413e-5,6,4
63920,7,4.2527677849354414e-5,6,4
63920,10,3.474840574765708e-5,6,4
63920,15,5.0892638706978e-6,6,4
63920,9,4.8279648818744285e-5,6,4
63920,18,0,6,4
63920,3,4.357202873528942e-5,6,4
63920,16,6.674525302198403e-6,6,4
63920,2,2.359660575318561e-5,6,4
63920,5,3.293956720928946e-5,6,4
63920,4,2.095738577569834e-5,6,4
63920,12,1.030509420441502e-5,6,4
63920,13,1.3828067874902529e-5,6,4
63920,6,6.317867967875056e-5,6,4
64347,8,1.124413791194629e-4,6,4
64347,17,7.821743879129881e-6,6,4
64347,11,5.1357441372270834e-5,6,4
64347,7,1.425722970523439e-4,6,4
64347,10,6.227636354774905e-5,6,4
64347,15,7.270376958139714e-6,6,4
64347,9,1.1087953245660763e-4,6,4
64347,18,5.7636592319731955e-6,6,4
64347,3,4.171789985293668e-5,6,4
64347,16,4.449683534798936e-6,6,4
64347,2,5.38557825425648e-5,6,4
64347,5,4.928362727496744e-5,6,4
64347,4,1.1601409982975868e-4,6,4
64347,12,3.170798216743083e-5,6,4
64347,13,1.787530725292278e-5,6,4
64347,6,1.0969830451683554e-4,6,4
64397,8,0.01750625779521484,1,9
64397,17,0.02272465470556111,1,9
64397,11,0.02394291049753234,1,9
64397,7,0.01032063080398226,1,9
64397,10,0.02210179116749679,1,9
64397,15,0.02183875830686007,1,9
64397,9,0.01751119228638505,1,9
64397,18,0.02318399905732151,1,9
64397,3,4.20269213333288e-5,1,9
64397,16,0.02191357898800106,1,9
64397,2,5.080210415097608e-5,1,9
64397,5,4.956021906069429e-4,1,9
64397,4,8.382954310279336e-5,1,9
64397,12,0.02290663901730621,1,9
64397,13,0.0220763417273078,1,9
64397,6,0.00651714798238415,1,9
64401,8,2.59480105660299e-6,7,2
64401,17,0,7,2
64401,11,2.4965422889298324e-6,7,2
64401,7,1.464067598092529e-5,7,2
64401,10,3.1589459770597342e-06,7,2
64401,15,0,7,2
64401,9,3.682346096344903e-6,7,2
64401,18,0,7,2
64401,3,2.194052510784077e-5,7,2
64401,16,0,7,2
64401,2,2.9426355409855e-5,7,2
64401,5,9.328686591333122e-5,7,2
64401,4,9.430823599064252e-5,7,2
64401,12,0,7,2
64401,13,0,7,2
64401,6,3.0489213576312457e-5,7,2
64533,8,9.687257277984496e-5,5,7
64533,17,9.59941294256849e-6,5,7
64533,11,6.562339730901273e-5,5,7
64533,7,1.213084581276667e-4,5,7
64533,10,6.317891954119469e-5,5,7
64533,15,2.1084093178605172e-5,5,7
64533,9,8.714885761349605e-5,5,7
64533,18,5.7636592319731955e-6,5,7
64533,3,0,5,7
64533,16,7.416139224664892e-6,5,7
64533,2,8.32821379524198e-6,5,7
64533,5,7.794859415938728e-5,5,7
64533,4,3.742390317088989e-7,5,7
64533,12,3.1311632390337943e-5,5,7
64533,13,2.3608896371784806e-5,5,7
64533,6,9.05246753605978e-5,5,7
64641,8,9.687257277984496e-5,6,4
64641,17,2.8442705015017748e-6,6,4
64641,11,2.4608773990879775e-5,6,4
64641,7,1.2270280822108815e-4,6,4
64641,10,4.8286745649341654e-5,6,4
64641,15,1.8175942395349288e-6,6,4
64641,9,6.464563146916608e-5,6,4
64641,18,2.2414230346562428e-6,6,4
64641,3,1.0815751813724324e-5,6,4
64641,16,4.449683534798936e-6,6,4
64641,2,6.662571036193584e-6,6,4
64641,5,3.193377889755543e-4,6,4
64641,4,3.6675425107472096e-5,6,4
64641,12,2.4970035956851777e-5,6,4
64641,13,8.769018652377213e-6,6,4
64641,6,2.134244950341872e-4,6,4
64818,8,6.876222799997924e-5,3,1
64818,17,4.621939564940384e-6,3,1
64818,11,2.78186140766467e-5,3,1
64818,7,9.028416854903929e-5,3,1
64818,10,3.7456073727993995e-5,3,1
64818,15,1.0905565437209571e-5,3,1
64818,9,6.587308016794772e-5,3,1
64818,18,7.68487897596426e-6,3,1
64818,3,4.944343686273977e-6,3,1
64818,16,2.5956487286327124e-6,3,1
64818,2,5.55214253016132e-7,3,1
64818,5,4.727205065149938e-5,3,1
64818,4,0,3,1
64818,12,2.0213838631737152e-5,3,1
64818,13,1.0118098445050631e-5,3,1
64818,6,7.417994230937877e-5,3,1
64848,8,1.1417124649053156e-4,6,4
64848,17,2.488736688814053e-6,6,4
64848,11,2.0685636108275753e-5,6,4
64848,7,1.7220223653754984e-4,6,4
64848,10,3.068690377715171e-5,6,4
64848,15,7.270376958139714e-7,6,4
64848,9,9.41044002399253e-5,6,4
64848,18,9.606098719955323e-7,6,4
64848,3,3.2138233960780846e-5,6,4
64848,16,2.966455689865957e-6,6,4
64848,2,8.994470898861339e-5,6,4
64848,5,6.142852113915585e-4,6,4
64848,4,1.4894713462014177e-4,6,4
64848,12,6.737946210579051e-6,6,4
64848,13,9.780828496882276e-6,6,4
64848,6,3.482685427067444e-4,6,4
65055,8,9.211543750940615e-5,6,4
65055,17,2.488736688814053e-6,6,4
65055,11,2.1398933905112848e-5,6,4
65055,7,1.4222370952898854e-4,6,4
65055,10,3.113818177387452e-5,6,4
65055,15,2.1811130874419143e-6,6,4
65055,9,6.096328537282118e-5,6,4
65055,18,3.202032906651775e-6,6,4
65055,3,3.399236284313359e-6,6,4
65055,16,2.5956487286327124e-6,6,4
65055,2,1.3047534945879103e-5,6,4
65055,5,5.534350185316496e-4,6,4
65055,4,3.854662026601659e-5,6,4
65055,12,1.783573996917984e-5,6,4
65055,13,6.408129015198733e-6,6,4
65055,6,3.124358587098411e-4,6,4
65144,8,1.9461007924522423e-5,6,4
65144,17,0,6,4
65144,11,4.2797867810225695e-6,6,4
65144,7,2.544688920494158e-5,6,4
65144,10,3.6102239737825536e-6,6,4
65144,15,0,6,4
65144,9,9.819589590253076e-6,6,4
65144,18,0,6,4
65144,3,7.416515529410965e-6,6,4
65144,16,0,6,4
65144,2,0,6,4
65144,5,1.0108172532926994e-4,6,4
65144,4,0,6,4
65144,12,7.926995541857708e-7,6,4
65144,13,2.023619689010126e-6,6,4
65144,6,5.4063347784801474e-5,6,4
65242,8,3.027267899370155e-6,7,2
65242,17,0,7,2
65242,11,2.8531911873483795e-6,7,2
65242,7,5.925987897041189e-6,7,2
65242,10,5.4153359606738304e-6,7,2
65242,15,1.8175942395349288e-6,7,2
65242,9,3.2731965300843583e-6,7,2
65242,18,0,7,2
65242,3,2.0457222001958575e-4,7,2
65242,16,7.416139224664892e-7,7,2
65242,2,1.2464559980212165e-4,7,2
65242,5,1.2069459740808353e-5,7,2
65242,4,1.044126898467828e-4,7,2
65242,12,2.3780986625573123e-6,7,2
65242,13,1.686349740841772e-6,7,2
65242,6,5.972113999483883e-6,7,2
65283,8,1.0811671069179126e-5,3,1
65283,17,1.4221352507508874e-6,3,1
65283,11,1.390930703832335e-5,3,1
65283,7,1.7429376167768205e-5,3,1
65283,10,2.6625401806646332e-5,3,1
65283,15,3.9987073269768425e-6,3,1
65283,9,1.350193568659798e-5,3,1
65283,18,1.921219743991065e-6,3,1
65283,3,9.270644411763706e-7,3,1
65283,16,4.078876573565691e-6,3,1
65283,2,0,3,1
65283,5,5.883861623644072e-5,3,1
65283,4,2.2454341902533936e-5,3,1
65283,12,5.94524665639328e-6,3,1
65283,13,5.39631917069367e-6,3,1
65283,6,3.0489213576312457e-5,3,1
65291,8,1.3536212178612265e-4,6,4
65291,17,7.110676253754437e-7,6,4
65291,11,3.245504975608782e-5,6,4
65291,7,2.1577567695697035e-4,6,4
65291,10,5.64097495903524e-5,6,4
65291,15,3.635188479069857e-6,6,4
65291,9,1.09652083757826e-4,6,4
65291,18,6.40406581330355e-7,6,4
65291,3,6.242233903920896e-5,6,4
65291,16,3.708069612332446e-7,6,4
65291,2,2.9148748283346933e-5,6,4
65291,5,8.292724630247072e-4,6,4
65291,4,1.770150619983092e-4,6,4
65291,12,2.655543506522332e-5,6,4
65291,13,5.39631917069367e-6,6,4
65291,6,4.3690728733066306e-4,6,4
65301,8,4.921472670690338e-4,4,3
65301,17,2.3820765450077365e-5,4,3
65301,11,2.2183561481633652e-4,4,3
65301,7,4.1203045260604034e-4,4,3
65301,10,3.5650961741102717e-4,4,3
65301,15,6.10711664483736e-5,4,3
65301,9,3.768267505259618e-4,4,3
65301,18,2.337484021855796e-5,4,3
65301,3,6.365842496077744e-5,4,3
65301,16,3.0035363859892818e-5,4,3
65301,2,7.911803105479881e-5,4,3
65301,5,2.0819818052894408e-4,4,3
65301,4,4.116629348797888e-5,4,3
65301,12,1.438749690847174e-4,4,3
65301,13,9.376104559080252e-5,4,3
65301,6,4.403648270145748e-4,4,3
65372,8,6.097782483017027e-5,5,7
65372,17,1.7776690634386092e-6,5,7
65372,11,2.674866738139106e-5,5,7
65372,7,5.403106612008143e-5,5,7
65372,10,3.29432937607658e-5,5,7
65372,15,5.816301566511771e-6,5,7
65372,9,4.909794795126538e-5,5,7
65372,18,4.4828460693124855e-6,5,7
65372,3,1.7305202901958918e-5,5,7
65372,16,7.786946185898137e-6,5,7
65372,2,1.1381892186830706e-5,5,7
65372,5,6.009585162610825e-5,5,7
65372,4,7.484780634177978e-7,5,7
65372,12,1.4268591975343873e-5,5,7
65372,13,8.769018652377213e-6,5,7
65372,6,5.9721139994838834e-5,5,7
65427,8,1.0119724120751662e-4,6,4
65427,17,1.2799217256757986e-5,6,4
65427,11,4.1371272216551506e-5,6,4
65427,7,9.830168158621266e-5,6,4
65427,10,5.2348247619847025e-5,6,4
65427,15,7.6338958060467e-6,6,4
65427,9,9.124035327610147e-5,6,4
65427,18,7.0444723946339056e-6,6,4
65427,3,6.860276864705142e-5,6,4
65427,16,3.3372626510992015e-6,6,4
65427,2,5.885271081971e-5,6,4
65427,5,8.700068896499354e-5,6,4
65427,4,1.0778084113216288e-4,6,4
65427,12,2.9726233281966403e-5,6,4
65427,13,1.3490797926734177e-5,6,4
65427,6,1.367299784092363e-4,6,4
65429,8,1.124413791194629e-5,7,2
65429,17,7.110676253754437e-7,7,2
65429,11,2.1398933905112848e-6,7,2
65429,7,1.2549150840793106e-5,7,2
65429,10,8.574281937733564e-6,7,2
65429,15,1.8175942395349288e-6,7,2
65429,9,9.001290457731986e-6,7,2
65429,18,0,7,2
65429,3,1.365874943333186e-4,7,2
65429,16,1.112420883699734e-6,7,2
65429,2,1.748924897000816e-4,7,2
65429,5,3.2185225975488936e-5,7,2
65429,4,1.1638833886146756e-4,7,2
65429,12,2.7744484396501974e-6,7,2
65429,13,0,7,2
65429,6,2.5774386734614657e-5,7,2
65448,8,1.383893896854928e-5,7,2
65448,17,7.110676253754437e-7,7,2
65448,11,3.923137882604022e-6,7,2
65448,7,1.3943500934214563e-5,7,2
65448,10,8.123003941010746e-6,7,2
65448,15,3.635188479069857e-6,7,2
65448,9,1.2274486987816344e-5,7,2
65448,18,0,7,2
65448,3,1.4400400986272957e-4,7,2
65448,16,0,7,2
65448,2,8.467017358496014e-5,7,2
65448,5,1.408103636427641e-5,7,2
65448,4,1.9048766713982955e-4,7,2
65448,12,2.7744484396501974e-6,7,2
65448,13,3.372699481683544e-6,7,2
65448,6,1.2887193367307328e-5,7,2
65474,8,4.108435006288067e-5,6,4
65474,17,1.173261581869482e-5,6,4
65474,11,2.032898720985721e-5,6,4
65474,7,7.66892551381801e-5,6,4
65474,10,3.655351773454835e-5,6,4
65474,15,3.2716696311628713e-6,6,4
65474,9,4.705220011996265e-5,6,4
65474,18,3.202032906651775e-7,6,4
65474,3,5.90231027548956e-5,6,4
65474,16,2.5956487286327124e-6,6,4
65474,2,2.4151820006201744e-5,6,4
65474,5,4.727205065149938e-5,6,4
65474,4,2.9939122536711913e-5,6,4
65474,12,1.1494143535693677e-5,6,4
65474,13,9.106288600545569e-6,6,4
65474,6,6.915079367823444e-5,6,4
65504,8,3.628396810816514e-4,6,4
65504,17,8.177277691817603e-6,6,4
65504,11,7.489626866789496e-5,6,4
65504,7,4.611812933991467e-4,6,4
65504,10,1.1146566519053634e-4,6,4
65504,15,8.724452349767657e-6,6,4
65504,9,2.4671718845510854e-4,6,4
65504,18,7.68487897596426e-6,6,4
65504,3,4.3263007254897294e-5,6,4
65504,16,1.1495015798230584e-5,6,4
65504,2,2.77607126508066e-5,6,4
65504,5,0.0013583171149968,6,4
65504,4,2.091996187252745e-4,6,4
65504,12,4.439117503440316e-5,6,4
65504,13,2.5632516060794932e-5,6,4
65504,6,8.288665587704737e-4,6,4
65558,8,1.319023870439853e-4,4,3
65558,17,1.5999021570947482e-5,4,3
65558,11,7.06164818868724e-5,4,3
65558,7,1.4570958476254218e-4,4,3
65558,10,6.994808949203698e-5,4,3
65558,15,1.6721867003721344e-5,4,3
65558,9,8.67397080472355e-5,4,3
65558,18,9.606098719955326e-6,4,3
65558,3,4.0790835411760305e-5,4,3
65558,16,1.520308541056303e-5,4,3
65558,2,2.498464138572594e-5,4,3
65558,5,6.688492273031295e-5,4,3
65558,4,5.089650831241025e-5,4,3
65558,12,5.707436790137549e-5,4,3
65558,13,4.4519633158222776e-5,4,3
65558,6,2.4548531755773227e-4,4,3
65611,8,2.6293984040243635e-4,7,2
65611,17,5.6885410030035495e-6,7,2
65611,11,4.351116560706279e-5,7,2
65611,7,3.144259460665384e-4,7,2
65611,10,8.348642939372155e-5,7,2
65611,15,1.6721867003721344e-5,7,2
65611,9,1.6775132216682338e-4,7,2
65611,18,4.4828460693124855e-6,7,2
65611,3,7.824423883528568e-4,7,2
65611,16,1.0011787953297604e-5,7,2
65611,2,9.16936338856142e-4,7,2
65611,5,0.00128615180362989,7,2
65611,4,7.641961027495716e-4,7,2
65611,12,3.686052926963834e-5,7,2
65611,13,1.7200767356586074e-5,7,2
65611,6,6.541036438382085e-4,7,2
65643,8,2.162334213835826e-6,7,2
65643,17,1.4221352507508874e-6,7,2
65643,11,9.272871358882232e-6,7,2
65643,7,5.925987897041189e-6,7,2
65643,10,4.964057963951011e-6,7,2
65643,15,1.4540753916279428e-6,7,2
65643,9,6.137243493908172e-6,7,2
65643,18,1.921219743991065e-6,7,2
65643,3,6.056821015685621e-5,7,2
65643,16,3.708069612332446e-7,7,2
65643,2,8.633581634400852e-5,7,2
65643,5,1.508682467601044e-5,7,2
65643,4,6.137520120025942e-5,7,2
65643,12,5.94524665639328e-6,7,2
65643,13,1.011809844505063e-6,7,2
65643,6,1.7916341998451652e-5,7,2
65778,8,1.9461007924522423e-5,3,1
65778,17,2.488736688814053e-6,3,1
65778,11,1.42659559367419e-5,3,1
65778,7,3.10242895786274e-5,3,1
65778,10,1.3538339901684576e-5,3,1
65778,15,0,3,1
65778,9,1.4320234819119068e-5,3,1
65778,18,0,3,1
65778,3,0,3,1
65778,16,0,3,1
65778,2,0,3,1
65778,5,9.177818344573018e-5,3,1
65778,4,2.095738577569834e-5,3,1
65778,12,3.963497770928853e-6,3,1
65778,13,7.75720880787215e-6,3,1
65778,6,6.883647188878792e-5,3,1
66054,8,7.395183011318522e-5,4,3
66054,17,7.466210066442159e-6,4,3
66054,11,3.923137882604022e-5,4,3
66054,7,9.446721882930368e-5,4,3
66054,10,1.033426612495256e-4,4,3
66054,15,1.6358348155814357e-5,4,3
66054,9,7.773841758950351e-5,4,3
66054,18,1.024650530128568e-5,4,3
66054,3,7.076591900979629e-5,4,3
66054,16,1.1865822759463828e-5,4,3
66054,2,4.025303334366957e-5,4,3
66054,5,7.392544091245116e-5,4,3
66054,4,2.544825415620513e-5,4,3
66054,12,4.6769273696960473e-5,4,3
66054,13,2.6644325905299995e-5,4,3
66054,6,9.901136367565386e-5,4,3
66229,8,3.373241373583887e-5,5,7
66229,17,3.1998043141894965e-6,5,7
66229,11,2.425212509246123e-5,5,7
66229,7,6.936891714771745e-5,5,7
66229,10,2.3917733826309415e-5,5,7
66229,15,5.452782718604786e-6,5,7
66229,9,3.723261052970958e-5,5,7
66229,18,2.56162632532142e-6,5,7
66229,3,0,5,7
66229,16,3.708069612332446e-6,5,7
66229,2,0,5,7
66229,5,3.1430884741688416e-5,5,7
66229,4,0,5,7
66229,12,2.219558751720158e-5,5,7
66229,13,4.721779274356961e-6,5,7
66229,6,1.090696609379425e-4,5,7
66245,8,1.1676604754713456e-4,4,3
66245,17,5.6885410030035495e-6,4,3
66245,11,4.422446340389989e-5,4,3
66245,7,1.338576089684598e-4,4,3
66245,10,7.716853743960208e-5,4,3
66245,15,7.997414653953685e-6,4,3
66245,9,7.078287496307426e-5,4,3
66245,18,2.8818296159865978e-6,4,3
66245,3,3.059312655882023e-5,4,3
66245,16,6.303718340965159e-6,4,3
66245,2,9.438642301274244e-6,4,3
66245,5,8.700068896499354e-5,4,3
66245,4,2.020890771228054e-5,4,3
66245,12,2.7744484396501975e-5,4,3
66245,13,1.9561656993764552e-5,4,3
66245,6,1.213282107263568e-4,4,3
66342,8,1.1936084860373755e-4,5,7
66342,17,9.59941294256849e-6,5,7
66342,11,4.493776120073698e-5,5,7
66342,7,1.1677682032404697e-4,5,7
66342,10,7.491214745598799e-5,5,7
66342,15,1.7448904699535315e-5,5,7
66342,9,7.855671672202461e-5,5,7
66342,18,4.4828460693124855e-6,5,7
66342,3,9.888687372547952e-6,5,7
66342,16,1.7057120216729254e-5,5,7
66342,2,2.1098141614613015e-5,5,7
66342,5,1.0108172532926994e-4,5,7
66342,4,3.742390317088989e-7,5,7
66342,12,4.795832302823913e-5,5,7
66342,13,3.372699481683544e-5,5,7
66342,6,1.5244606788156228e-4,5,7
66353,8,4.324668427671651e-7,7,2
66353,17,0,7,2
66353,11,1.0699466952556424e-6,7,2
66353,7,2.4401126634875484e-6,7,2
66353,10,1.3538339901684576e-6,7,2
66353,15,7.270376958139714e-7,7,2
66353,9,1.6365982650421792e-6,7,2
66353,18,0,7,2
66353,3,2.459810983921303e-4,7,2
66353,16,0,7,2
66353,2,2.3152434350772705e-4,7,2
66353,5,1.9612872078813573e-5,7,2
66353,4,3.398090407916802e-4,7,2
66353,12,0,7,2
66353,13,0,7,2
66353,6,7.858044736163004e-6,7,2
66386,8,3.58947479496747e-5,3,1
66386,17,1.7776690634386092e-6,3,1
66386,11,9.62952025730078e-6,3,1
66386,7,6.030564154047798e-5,3,1
66386,10,2.166134384269532e-5,3,1
66386,15,2.5446319353489e-6,3,1
66386,9,3.600516183092794e-5,3,1
66386,18,0,3,1
66386,3,9.270644411763706e-7,3,1
66386,16,1.4832278449329785e-6,3,1
66386,2,1.748924897000816e-5,3,1
66386,5,9.630423084853331e-5,3,1
66386,4,8.607497729304675e-6,3,1
66386,12,6.737946210579051e-6,3,1
66386,13,8.43174870420886e-6,3,1
66386,6,6.53789322048762e-5,3,1
66390,8,3.502981426414037e-4,3,1
66390,17,1.884329207244926e-4,3,1
66390,11,2.878156610237678e-4,3,1
66390,7,5.148637719958727e-4,3,1
66390,10,2.07136600495774e-4,3,1
66390,15,2.501009673600062e-4,3,1
66390,9,3.080896233941902e-4,3,1
66390,18,2.062109191883743e-4,3,1
66390,3,2.781193323529112e-6,3,1
66390,16,2.028314077945848e-4,3,1
66390,2,8.050606668733915e-6,3,1
66390,5,0.00133870424291799,3,1
66390,4,2.5298558543521566e-4,3,1
66390,12,2.885426377236205e-4,3,1
66390,13,2.0269923884918097e-4,3,1
66390,6,8.983316742381547e-4,3,1
66494,8,2.5904763881753185e-4,4,3
66494,17,2.9864840265768637e-5,4,3
66494,11,1.2910690122751417e-4,4,3
66494,7,2.478457291056639e-4,4,3
66494,10,1.8231631067601895e-4,4,3
66494,15,3.6715403638605555e-5,4,3
66494,9,2.3321525276851057e-4,4,3
66494,18,2.9138499450531152e-5,4,3
66494,3,1.1588305514704631e-4,4,3
66494,16,2.929374993742633e-5,4,3
66494,2,1.2131431428402484e-4,4,3
66494,5,1.6645796559198184e-4,4,3
66494,4,1.908619061715385e-5,4,3
66494,12,1.0146554293577866e-4,4,3
66494,13,9.443558548713924e-5,4,3
66494,6,2.552292930305744e-4,4,3
66563,8,1.7298673710686603e-5,6,4
66563,17,0,6,4
66563,11,8.559573562045139e-6,6,4
66563,7,1.4292088457569926e-5,6,4
66563,10,1.3538339901684576e-5,6,4
66563,15,2.5446319353489e-6,6,4
66563,9,2.37306748431116e-5,6,4
66563,18,0,6,4
66563,3,1.6996181421566793e-5,6,4
66563,16,1.112420883699734e-6,6,4
66563,2,3.109199816890339e-5,6,4
66563,5,1.131511850700783e-5,6,4
66563,4,2.2454341902533936e-5,6,4
66563,12,3.170798216743083e-6,6,4
66563,13,1.3490797926734176e-6,6,4
66563,6,2.0116594524577293e-5,6,4
66727,8,3.373241373583887e-5,6,4
66727,17,0,6,4
66727,11,1.2126062546230614e-5,6,4
66727,7,6.344292925067626e-5,6,4
66727,10,8.574281937733564e-6,6,4
66727,15,1.4540753916279428e-6,6,4
66727,9,2.5776422674414324e-5,6,4
66727,18,0,6,4
66727,3,1.0784849665685112e-4,6,4
66727,16,0,6,4
66727,2,4.4694747367798625e-5,6,4
66727,5,4.958536376848765e-4,6,4
66727,4,3.454226262673137e-4,6,4
66727,12,3.963497770928853e-6,6,4
66727,13,1.011809844505063e-6,6,4
66727,6,1.5841818188104618e-4,6,4
66844,8,1.6866206867919436e-5,6,4
66844,17,0,6,4
66844,11,1.7832444920927374e-6,6,4
66844,7,2.579547672829694e-5,6,4
66844,10,1.4440895895130216e-5,6,4
66844,15,1.4540753916279428e-6,6,4
66844,9,1.513853395164016e-5,6,4
66844,18,1.6010164533258875e-6,6,4
66844,3,3.7082577647054825e-6,6,4
66844,16,0,6,4
66844,2,1.6378820463975895e-5,6,4
66844,5,1.307524805254238e-5,6,4
66844,4,1.983466868057164e-5,6,4
66844,12,4.359847548021739e-6,6,4
66844,13,2.698159585346835e-6,6,4
66844,6,2.8288961050186817e-5,6,4
66967,8,2.5948010566029903e-5,6,4
66967,17,6.399608628378993e-6,6,4
66967,11,1.7475796022508825e-5,6,4
66967,7,3.625310242895786e-5,6,4
66967,10,2.4820289819755058e-5,6,4
66967,15,0,6,4
66967,9,3.355026443336467e-5,6,4
66967,18,0,6,4
66967,3,3.491942728430996e-5,6,4
66967,16,3.3372626510992015e-6,6,4
66967,2,4.663799725335509e-5,6,4
66967,5,4.199166201489573e-5,6,4
66967,4,3.6675425107472096e-5,6,4
66967,12,1.62503408608083e-5,6,4
66967,13,8.43174870420886e-6,6,4
66967,6,7.606587304605789e-5,6,4
66972,8,2.551554372326274e-5,7,2
66972,17,3.5553381268772184e-7,7,2
66972,11,8.559573562045139e-6,7,2
66972,7,3.2070052148693495e-5,7,2
66972,10,9.928115927902022e-6,7,2
66972,15,5.452782718604786e-6,7,2
66972,9,2.6185572240674863e-5,7,2
66972,18,0,7,2
66972,3,1.2608076399998642e-4,7,2
66972,16,1.112420883699734e-6,7,2
66972,2,1.290873138262507e-4,7,2
66972,5,9.781291331613436e-5,7,2
66972,4,8.046139181741327e-5,7,2
66972,12,5.15254710220751e-6,7,2
66972,13,0,7,2
66972,6,5.8149531047606234e-5,7,2
67049,8,2.940774530816722e-5,7,2
67049,17,2.8442705015017748e-6,7,2
67049,11,1.4979253733578992e-5,7,2
67049,7,2.0218076354611116e-5,7,2
67049,10,1.3538339901684576e-5,7,2
67049,15,2.5446319353489e-6,7,2
67049,9,1.8411730481724517e-5,7,2
67049,18,1.6010164533258875e-6,7,2
67049,3,1.5574682611763026e-4,7,2
67049,16,1.854034806166223e-6,7,2
67049,2,1.42967670151654e-4,7,2
67049,5,3.1430884741688416e-5,7,2
67049,4,1.6129702266653542e-4,7,2
67049,12,7.926995541857707e-6,7,2
67049,13,3.372699481683544e-6,7,2
67049,6,3.6147005786349825e-5,7,2
67063,8,8.260116696852853e-5,3,1
67063,17,2.3820765450077365e-5,3,1
67063,11,6.0986961629571615e-5,3,1
67063,7,1.4570958476254218e-4,3,1
67063,10,5.7312305583798035e-5,3,1
67063,15,2.29016874181401e-5,3,1
67063,9,6.750967843298989e-5,3,1
67063,18,1.4088944789267813e-5,3,1
67063,3,1.3905966617645558e-5,3,1
67063,16,2.8181329053726592e-5,3,1
67063,2,3.997542621716151e-5,3,1
67063,5,1.1088816136867672e-4,3,1
67063,4,0,3,1
67063,12,5.112912124498221e-5,3,1
67063,13,2.866794559431012e-5,3,1
67063,6,1.8544985577344692e-4,3,1
67161,8,8.519596802513152e-5,6,4
67161,17,1.2088149631382544e-5,6,4
67161,11,6.704999290268692e-5,6,4
67161,7,1.3420619649181516e-4,6,4
67161,10,6.0471251560857775e-5,6,4
67161,15,1.7448904699535315e-5,6,4
67161,9,7.93750158545457e-5,6,4
67161,18,1.024650530128568e-5,6,4
67161,3,1.2268152771567305e-4,6,4
67161,16,2.1135996790294945e-5,6,4
67161,2,1.5823606210959762e-4,6,4
67161,5,9.001805390019563e-5,6,4
67161,4,1.9011342810812065e-4,6,4
67161,12,3.963497770928854e-5,6,4
67161,13,2.866794559431012e-5,6,4
67161,6,2.288262627170667e-4,6,4
67306,8,5.2760954817594134e-5,6,4
67306,17,7.110676253754437e-7,6,4
67306,11,2.78186140766467e-5,6,4
67306,7,4.0784740232577594e-5,6,4
67306,10,6.724042151170006e-5,6,4
67306,15,3.2716696311628713e-6,6,4
67306,9,4.500645228865993e-5,6,4
67306,18,4.4828460693124855e-6,6,4
67306,3,4.017279245097606e-5,6,4
67306,16,1.112420883699734e-6,6,4
67306,2,2.1098141614613015e-5,6,4
67306,5,3.746561461209259e-5,6,4
67306,4,2.544825415620513e-5,6,4
67306,12,1.3079542644065216e-5,6,4
67306,13,1.6188957512081008e-5,6,4
67306,6,5.5006313153141034e-5,6,4
67379,8,1.6303999972322122e-4,6,4
67379,17,6.044074815691271e-6,6,4
67379,11,6.205690832482726e-5,6,4
67379,7,1.725508240609052e-4,6,4
67379,10,8.032748341666182e-5,6,4
67379,15,1.1269084285116557e-5,6,4
67379,9,1.1251613072164982e-4,6,4
67379,18,8.965692138624971e-6,6,4
67379,3,7.076591900979629e-5,6,4
67379,16,7.786946185898137e-6,6,4
67379,2,8.716863772353273e-5,6,4
67379,5,1.0007593701753592e-4,6,4
67379,4,3.6675425107472096e-5,6,4
67379,12,3.686052926963834e-5,6,4
67379,13,2.2597086527279744e-5,6,4
67379,6,1.5496064219713447e-4,6,4
67574,8,9.125050382387182e-5,4,3
67574,17,3.5553381268772183e-6,4,3
67574,11,3.6734836537110386e-5,4,3
67574,7,8.43581806519981e-5,4,3
67574,10,4.2420131691945005e-5,4,3
67574,15,1.5631310460000386e-5,4,3
67574,9,6.996457583055316e-5,4,3
67574,18,3.5222361973169528e-6,4,3
67574,3,2.966606211764386e-5,4,3
67574,16,6.303718340965159e-6,4,3
67574,2,1.47131777049275e-5,4,3
67574,5,5.280388636603654e-5,4,3
67574,4,2.769368834645852e-5,4,3
67574,12,2.100653818592293e-5,4,3
67574,13,1.9898926941932907e-5,4,3
67574,6,7.63801948355044e-5,4,3
67639,8,3.2002546364770215e-5,3,1
67639,17,7.821743879129881e-6,3,1
67639,11,1.2126062546230614e-5,3,1
67639,7,4.183050280264369e-5,3,1
67639,10,1.8953675862358405e-5,3,1
67639,15,6.906858110232728e-6,3,1
67639,9,2.6594721806935413e-5,3,1
67639,18,7.364675685299083e-6,3,1
67639,3,0,3,1
67639,16,8.528560108364627e-6,3,1
67639,2,2.77607126508066e-7,3,1
67639,5,3.595693214449155e-5,3,1
67639,4,3.742390317088989e-7,3,1
67639,12,1.0701443981507905e-5,3,1
67639,13,9.780828496882276e-6,3,1
67639,6,3.8661580101921985e-5,3,1
67640,8,2.1363862032697952e-4,3,1
67640,17,7.039569491216892e-5,3,1
67640,11,1.1840743427495776e-4,3,1
67640,7,2.9037340695501826e-4,3,1
67640,10,1.245527270954981e-4,3,1
67640,15,6.10711664483736e-5,3,1
67640,9,2.3485185103355272e-4,3,1
67640,18,6.27598449703748e-5,3,1
67640,3,9.270644411763706e-7,3,1
67640,16,6.89700947893835e-5,3,1
67640,2,5.55214253016132e-7,3,1
67640,5,2.9343873994840304e-4,3,1
67640,4,4.8651074122156855e-6,3,1
67640,12,1.0186189271287154e-4,3,1
67640,13,9.780828496882276e-5,3,1
67640,6,3.4166778512836746e-4,3,1
67641,8,4.281421743394934e-5,3,1
67641,17,1.5999021570947482e-5,3,1
67641,11,1.997233831143866e-5,3,1
67641,7,4.287626537270978e-5,3,1
67641,10,1.9856231855804044e-5,3,1
67641,15,1.6358348155814357e-5,3,1
67641,9,4.050580705979393e-5,3,1
67641,18,1.0886911882616036e-5,3,1
67641,3,3.090214803921236e-7,3,1
67641,16,8.899367069597871e-6,3,1
67641,2,2.77607126508066e-7,3,1
67641,5,5.079230974256848e-5,3,1
67641,4,2.2454341902533936e-6,3,1
67641,12,1.7439390192086958e-5,3,1
67641,13,1.6188957512081008e-5,3,1
67641,6,6.192139252096448e-5,3,1
67664,8,9.860244015091364e-5,3,1
67664,17,5.333007190315828e-6,3,1
67664,11,3.281169865450637e-5,3,1
67664,7,1.2444574583786498e-4,3,1
67664,10,5.41533596067383e-5,3,1
67664,15,8.360933501860672e-6,3,1
67664,9,7.651096889072188e-5,3,1
67664,18,6.083862522638373e-6,3,1
67664,3,1.2669880696077064e-5,3,1
67664,16,2.966455689865957e-6,3,1
67664,2,3.553371219303245e-5,3,1
67664,5,1.5690297663050858e-4,3,1
67664,4,2.4699776092787328e-5,3,1
67664,12,2.4970035956851777e-5,3,1
67664,13,1.92243870455962e-5,3,1
67664,6,1.4207344882982714e-4,3,1
67674,8,0.04564471291986043,3,1
67674,17,0.01352166196413943,3,1
67674,11,0.02304558186911128,3,1
67674,7,0.05840827965085474,3,1
67674,10,0.02234051722776316,3,1
67674,15,0.01349018444582824,3,1
67674,9,0.04192391945645298,3,1
67674,18,0.01353531329970771,3,1
67674,3,5.006147982352401e-5,3,1
67674,16,0.01300271690260495,3,1
67674,2,1.413020273926056e-4,3,1
67674,5,0.06106341998199639,3,1
67674,4,6.253534219855701e-4,3,1
67674,12,0.01969422407396838,3,1
67674,13,0.01710599450115076,3,1
67674,6,0.06909893058297577,3,1
67696,8,6.716210068174073e-4,3,1
67696,17,7.892850641667425e-5,3,1
67696,11,3.0029837246841695e-4,3,1
67696,7,7.543434005410078e-4,3,1
67696,10,3.176997096928647e-4,3,1
67696,15,1.5267791612093398e-4,3,1
67696,9,5.658538501383335e-4,3,1
67696,18,9.926302010620505e-5,3,1
67696,3,8.281775674508911e-5,3,1
67696,16,1.1198370229243988e-4,3,1
67696,2,1.224247427900571e-4,3,1
67696,5,0.00106160956303526,3,1
67696,4,1.8337712553736048e-4,3,1
67696,12,2.976586825967569e-4,3,1
67696,13,2.185509264130936e-4,3,1
67696,6,0.00101494505812281,3,1
67807,8,8.303363381129569e-5,6,4
67807,17,1.0666014380631656e-6,6,4
67807,11,2.0685636108275753e-5,6,4
67807,7,6.658021696087453e-5,6,4
67807,10,3.4297127750934255e-5,6,4
67807,15,4.725745022790814e-6,6,4
67807,9,7.282862279437697e-5,6,4
67807,18,1.28081316266071e-6,6,4
67807,3,1.0444926037253776e-4,6,4
67807,16,6.674525302198403e-6,6,4
67807,2,7.717478116924235e-5,6,4
67807,5,6.235887532750982e-5,6,4
67807,4,1.4483050527134387e-4,6,4
67807,12,1.981748885464427e-5,6,4
67807,13,8.769018652377213e-6,6,4
67807,6,7.166536799380661e-5,6,4
67878,8,2.984021215093439e-5,6,4
67878,17,1.7776690634386092e-6,6,4
67878,11,1.390930703832335e-5,6,4
67878,7,4.6710728129618785e-5,6,4
67878,10,1.4440895895130216e-5,6,4
67878,15,5.0892638706978e-6,6,4
67878,9,3.805090966223067e-5,6,4
67878,18,2.56162632532142e-6,6,4
67878,3,7.292906937254115e-5,6,4
67878,16,2.224841767399468e-6,6,4
67878,2,5.024688989795995e-5,6,4
67878,5,2.4390366559550212e-5,6,4
67878,4,1.2724127078102565e-5,6,4
67878,12,1.030509420441502e-5,6,4
67878,13,5.39631917069367e-6,6,4
67878,6,3.7718614733582425e-5,6,4
67968,8,7.092456221381507e-5,3,1
67968,17,3.5553381268772183e-6,3,1
67968,11,2.353882729562413e-5,3,1
67968,7,8.819264340890711e-5,3,1
67968,10,4.918930164278729e-5,3,1
67968,15,9.451490045581628e-6,3,1
67968,9,6.178158450534226e-5,3,1
67968,18,0,3,1
67968,3,0,3,1
67968,16,3.708069612332446e-7,3,1
67968,2,2.77607126508066e-7,3,1
67968,5,8.373187695185795e-5,3,1
67968,4,8.607497729304675e-6,3,1
67968,12,2.298828707138735e-5,3,1
67968,13,1.1129908289555694e-5,3,1
67968,6,9.618246757063516e-5,3,1
68041,8,0.02101615869111315,1,9
68041,17,0.0336388316874488,1,9
68041,11,0.02536950609120653,1,9
68041,7,0.01982452104074291,1,9
68041,10,0.01768874363754434,1,9
68041,15,0.02898226718708025,1,9
68041,9,0.0238706039947727,1,9
68041,18,0.03785219159940263,1,9
68041,3,2.0395417705880153e-5,1,9
68041,16,0.03218715665592933,1,9
68041,2,9.54968515187747e-5,1,9
68041,5,6.552710850947201e-4,1,9
68041,4,6.3620635390512815e-6,1,9
68041,12,0.02389711711026133,1,9
68041,13,0.02875057673161137,1,9
68041,6,0.00561378715951485,1,9
68074,8,4.324668427671651e-7,7,2
68074,17,0,7,2
68074,11,1.7832444920927374e-6,7,2
68074,7,1.7429376167768204e-6,7,2
68074,10,4.512779967228192e-7,7,2
68074,15,0,7,2
68074,9,8.182991325210896e-7,7,2
68074,18,0,7,2
68074,3,2.0055494077448816e-4,7,2
68074,16,0,7,2
68074,2,2.3596605753185612e-4,7,2
68074,5,1.508682467601044e-5,7,2
68074,4,1.9722396971058972e-4,7,2
68074,12,7.926995541857708e-7,7,2
68074,13,6.745398963367088e-7,7,2
68074,6,2.5145743155721616e-6,7,2
68295,8,1.0552190963518828e-4,6,4
68295,17,5.6885410030035495e-6,6,4
68295,11,3.352499645134346e-5,6,4
68295,7,1.4292088457569928e-4,6,4
68295,10,3.204073776732016e-5,6,4
68295,15,9.451490045581628e-6,6,4
68295,9,8.182991325210896e-5,6,4
68295,18,2.2414230346562428e-6,6,4
68295,3,2.5957804352938377e-5,6,4
68295,16,7.045332263431648e-6,6,4
68295,2,3.136960529541146e-5,6,4
68295,5,3.6183234514631705e-4,6,4
68295,4,1.5530919815919306e-4,6,4
68295,12,1.783573996917984e-5,6,4
68295,13,1.9898926941932907e-5,6,4
68295,6,2.351126985059971e-4,6,4
68339,8,8.865570276726883e-5,3,1
68339,17,4.266405752252662e-6,3,1
68339,11,3.780478323236603e-5,3,1
68339,7,1.648818985470872e-4,3,1
68339,10,5.505591560018394e-5,3,1
68339,15,8.360933501860672e-6,3,1
68339,9,7.732926802324297e-5,3,1
68339,18,7.0444723946339056e-6,3,1
68339,3,2.4721718431369884e-6,3,1
68339,16,2.5956487286327124e-6,3,1
68339,2,1.748924897000816e-5,3,1
68339,5,3.638439217697851e-4,3,1
68339,4,5.763281088317043e-5,3,1
68339,12,1.109779375860079e-5,3,1
68339,13,1.92243870455962e-5,3,1
68339,6,2.476855700838579e-4,3,1
68348,8,4.324668427671651e-6,7,2
68348,17,0,7,2
68348,11,7.132977968370949e-7,7,2
68348,7,6.623162943751917e-6,7,2
68348,10,4.061501970505373e-6,7,2
68348,15,0,7,2
68348,9,4.091495662605448e-6,7,2
68348,18,0,7,2
68348,3,8.467188562744186e-5,7,2
68348,16,3.708069612332446e-7,7,2
68348,2,7.772999542225848e-5,7,2
68348,5,1.0057883117340292e-5,7,2
68348,4,8.270682600766666e-5,7,2
68348,12,7.926995541857708e-7,7,2
68348,13,2.360889637178481e-6,7,2
68348,6,7.858044736163004e-6,7,2
68458,8,5.492328903142997e-5,3,1
68458,17,2.133202876126331e-6,3,1
68458,11,9.272871358882232e-6,3,1
68458,7,7.1809029811205e-5,3,1
68458,10,8.123003941010746e-6,3,1
68458,15,3.635188479069857e-6,3,1
68458,9,3.477771313214631e-5,3,1
68458,18,1.6010164533258875e-6,3,1
68458,3,3.090214803921236e-7,3,1
68458,16,3.708069612332446e-7,3,1
68458,2,0,3,1
68458,5,2.8287796267519575e-4,3,1
68458,4,3.5552708012345395e-5,3,1
68458,12,7.530645764764822e-6,3,1
68458,13,0,3,1
68458,6,1.7633452387949783e-4,3,1
68531,8,1.7731140553453767e-5,5,7
68531,17,2.488736688814053e-6,5,7
68531,11,9.62952025730078e-6,5,7
68531,7,3.241863967204886e-5,5,7
68531,10,1.669728587874431e-5,5,7
68531,15,7.270376958139714e-6,5,7
68531,9,2.209407657806942e-5,5,7
68531,18,2.56162632532142e-6,5,7
68531,3,0,5,7
68531,16,2.224841767399468e-6,5,7
68531,2,2.4984641385725943e-6,5,7
68531,5,7.291965260071713e-6,5,7
68531,4,0,5,7
68531,12,1.9817488854644267e-6,5,7
68531,13,6.0708590670303785e-06,5,7
68531,6,3.9918867259708065e-5,5,7
68574,8,1.6909453552196152e-4,4,3
68574,17,1.3865818694821152e-5,4,3
68574,11,7.418297087105787e-5,4,3
68574,7,1.770824618645249e-4,4,3
68574,10,1.0966055320364506e-4,4,3
68574,15,2.1447612026512156e-5,4,3
68574,9,1.297004125045927e-4,4,3
68574,18,1.6010164533258875e-5,4,3
68574,3,3.4610405803917835e-5,4,3
68574,16,1.7057120216729254e-5,4,3
68574,2,1.665642759048396e-5,4,3
68574,5,1.7274414254031954e-4,4,3
68574,4,2.2828580934242835e-5,4,3
68574,12,5.628166834718973e-5,4,3
68574,13,3.2040645075993664e-5,4,3
68574,6,2.586868327144861e-4,4,3
68594,8,5.18960211320598e-6,7,2
68594,17,0,7,2
68594,11,0,7,2
68594,7,4.880225326975097e-6,7,2
68594,10,1.3538339901684576e-6,7,2
68594,15,0,7,2
68594,9,8.182991325210896e-7,7,2
68594,18,0,7,2
68594,3,1.6594453497057035e-4,7,2
68594,16,0,7,2
68594,2,1.8571916763389617e-4,7,2
68594,5,5.909006331437422e-5,7,2
68594,4,1.2986094400298793e-4,7,2
68594,12,3.963497770928854e-7,7,2
68594,13,0,7,2
68594,6,1.4458802314539929e-5,7,2
68597,8,3.5462281106907534e-5,6,4
68597,17,4.621939564940384e-6,6,4
68597,11,1.3552658139904805e-5,6,4
68597,7,3.7996040045734686e-5,6,4
68597,10,1.9856231855804044e-5,6,4
68597,15,2.9081507832558855e-6,6,4
68597,9,2.127577744554833e-5,6,4
68597,18,4.162642778647307e-6,6,4
68597,3,1.5760095499998302e-5,6,4
68597,16,1.112420883699734e-6,6,4
68597,2,1.0271463680798442e-5,6,4
68597,5,1.6092612987744468e-5,6,4
68597,4,0,6,4
68597,12,8.719695096043479e-6,6,4
68597,13,8.094478756040504e-6,6,4
68597,6,4.8091233785317586e-5,6,4
68623,8,8.649336855343301e-7,7,2
68623,17,0,7,2
68623,11,1.0699466952556424e-6,7,2
68623,7,2.4401126634875484e-6,7,2
68623,10,1.3538339901684576e-6,7,2
68623,15,7.270376958139714e-7,7,2
68623,9,8.182991325210896e-7,7,2
68623,18,0,7,2
68623,3,8.065460638234424e-5,7,2
68623,16,2.224841767399468e-6,7,2
68623,2,8.57806020909924e-5,7,2
68623,5,4.777494480736639e-6,7,2
68623,4,9.879910437114932e-5,7,2
68623,12,2.3780986625573123e-6,7,2
68623,13,0,7,2
68623,6,6.600757578376924e-6,7,2
68777,8,0.00534356030923109,1,9
68777,17,0.01154311629653226,1,9
68777,11,0.01457017744709291,1,9
68777,7,0.00561539641373155,1,9
68777,10,0.00760629063476311,1,9
68777,15,0.00989643711541977,1,9
68777,9,0.00677388021900958,1,9
68777,18,0.01132783181386198,1,9
68777,3,1.3905966617645558e-5,1,9
68777,16,0.01091618613174548,1,9
68777,2,5.9407925072726126e-5,1,9
68777,5,1.7400137792998707e-4,1,9
68777,4,1.9460429648862745e-5,1,9
68777,12,0.01192814654161038,1,9
68777,13,0.01383413873396956,1,9
68777,6,0.00308098218015479,1,9
68831,8,5.578822271696429e-4,6,4
68831,17,2.950930645308091e-5,6,4
68831,11,2.3931141083884537e-4,6,4
68831,7,6.853230709166458e-4,6,4
68831,10,3.118330957354681e-4,6,4
68831,15,5.707245912139675e-5,6,4
68831,9,4.52110270717902e-4,6,4
68831,18,3.9064801461151654e-5,6,4
68831,3,2.660674946176184e-4,6,4
68831,16,5.6362658107453184e-05,6,4
68831,2,3.014813393877597e-4,6,4
68831,5,3.683699691725882e-4,6,4
68831,4,3.0463057181104373e-4,6,4
68831,12,1.3951512153669566e-4,6,4
68831,13,1.1871902175526072e-4,6,4
68831,6,6.522177131015294e-4,6,4
68875,8,1.1676604754713456e-5,7,2
68875,17,2.133202876126331e-6,7,2
68875,11,2.4608773990879775e-5,7,2
68875,7,8.714688083884102e-6,7,2
68875,10,4.106629770177654e-5,7,2
68875,15,7.6338958060467e-6,7,2
68875,9,8.182991325210897e-6,7,2
68875,18,2.56162632532142e-6,7,2
68875,3,2.9202529897055676e-4,7,2
68875,16,7.786946185898137e-6,7,2
68875,2,2.8482491179727574e-4,7,2
68875,5,2.791062565061931e-5,7,2
68875,4,2.791823176548386e-4,7,2
68875,12,2.0213838631737152e-5,7,2
68875,13,9.443558548713922e-6,7,2
68875,6,1.3830158735646888e-5,7,2
68914,8,2.5948010566029903e-5,6,4
68914,17,0,6,4
68914,11,6.063031273115307e-6,6,4
68914,7,3.416157728882568e-5,6,4
68914,10,2.256389983614096e-6,6,4
68914,15,0,6,4
68914,9,1.55476835179007e-5,6,4
68914,18,0,6,4
68914,3,5.191560870587675e-5,6,4
68914,16,0,6,4
68914,2,6.384963909685518e-5,6,4
68914,5,1.5564574124084105e-4,6,4
68914,4,4.640563993190347e-5,6,4
68914,12,1.189049331278656e-6,6,4
68914,13,6.745398963367088e-7,6,4
68914,6,6.85221500993414e-5,6,4
69169,8,1.9028541081755266e-5,6,4
69169,17,2.133202876126331e-6,6,4
69169,11,6.419680171533854e-6,6,4
69169,7,2.579547672829694e-5,6,4
69169,10,1.4892173891853034e-5,6,4
69169,15,4.362226174883829e-6,6,4
69169,9,2.74130209394565e-5,6,4
69169,18,9.606098719955323e-7,6,4
69169,3,3.491942728430996e-5,6,4
69169,16,2.966455689865957e-6,6,4
69169,2,2.8315926903822738e-5,6,4
69169,5,2.0115766234680587e-5,6,4
69169,4,1.384684417322926e-5,6,4
69169,12,3.963497770928853e-6,6,4
69169,13,1.315352797856582e-5,6,4
69169,6,2.2945490629595973e-5,6,4
69203,8,5.535575587419712e-5,4,3
69203,17,3.9108719395649406e-6,4,3
69203,11,3.138510306083218e-5,4,3
69203,7,5.786552887699043e-5,4,3
69203,10,3.2492015764042984e-5,4,3
69203,15,7.997414653953685e-6,4,3
69203,9,4.091495662605448e-5,4,3
69203,18,1.6010164533258875e-6,4,3
69203,3,1.236085921568494e-5,4,3
69203,16,5.56210441849867e-6,4,3
69203,2,1.4990784831435564e-5,4,3
69203,5,3.5202590910691024e-5,4,3
69203,4,0,4,3
69203,12,1.981748885464427e-5,4,3
69203,13,1.5851687563912656e-5,4,3
69203,6,1.08755339148496e-4,4,3
69282,8,3.805708216351053e-5,6,4
69282,17,0,6,4
69282,11,6.7763290699524014e-6,6,4
69282,7,3.7996040045734686e-5,6,4
69282,10,1.2184505911516116e-5,6,4
69282,15,2.5446319353489e-6,6,4
69282,9,2.4958123541893235e-5,6,4
69282,18,0,6,4
69282,3,1.3905966617645558e-5,6,4
69282,16,7.416139224664892e-7,6,4
69282,2,0,6,4
69282,5,8.5743453575326e-5,6,4
69282,4,0,6,4
69282,12,9.116044873136364e-6,6,4
69282,13,3.709969429851898e-6,6,4
69282,6,5.8149531047606234e-5,6,4
69339,8,1.5136339496850776e-5,7,2
69339,17,7.110676253754437e-7,7,2
69339,11,8.202924663626592e-6,7,2
69339,7,2.1263838924677207e-5,7,2
69339,10,5.86661395739665e-6,7,2
69339,15,2.9081507832558855e-6,7,2
69339,9,1.2274486987816343e-6,7,2
69339,18,1.6010164533258875e-6,7,2
69339,3,9.85778522450874e-5,7,2
69339,16,0,7,2
69339,2,1.3214099221783943e-4,7,2
69339,5,2.2127342858148644e-5,7,2
69339,4,4.977379121728356e-5,7,2
69339,12,1.189049331278656e-6,7,2
69339,13,3.709969429851898e-6,7,2
69339,6,2.9860569997419417e-5,7,2
69347,8,2.551554372326274e-5,4,3
69347,17,1.4221352507508874e-6,4,3
69347,11,1.1056115850974973e-5,4,3
69347,7,2.2658189018098664e-5,4,3
69347,10,3.1589459770597342e-06,4,3
69347,15,2.1811130874419143e-6,4,3
69347,9,2.127577744554833e-5,4,3
69347,18,6.40406581330355e-7,4,3
69347,3,6.489451088234594e-6,4,3
69347,16,1.112420883699734e-6,4,3
69347,2,1.943249885556462e-6,4,3
69347,5,3.7968508767959605e-5,4,3
69347,4,4.8651074122156855e-6,4,3
69347,12,6.341596433486166e-6,4,3
69347,13,3.709969429851898e-6,4,3
69347,6,3.206082252354506e-5,4,3
69555,8,1.409841907420958e-4,3,1
69555,17,7.821743879129881e-6,3,1
69555,11,5.920371713747888e-5,3,1
69555,7,2.0252935106946653e-4,3,1
69555,10,5.8214861577243674e-5,3,1
69555,15,1.1632603133023542e-5,3,1
69555,9,1.3829255339606417e-4,3,1
69555,18,6.40406581330355e-6,3,1
69555,3,6.180429607842471e-7,3,1
69555,16,9.270174030831115e-6,3,1
69555,2,1.3325142072387168e-5,3,1
69555,5,4.3827225683810327e-4,3,1
69555,4,2.3202819965951738e-5,3,1
69555,12,2.5762735511037548e-5,3,1
69555,13,2.4957976164458225e-5,3,1
69555,6,3.4009617618113486e-4,3,1
69556,8,1.111439785911614e-4,6,4
69556,17,3.5553381268772183e-6,6,4
69556,11,3.958802772445877e-5,6,4
69556,7,1.408293594355671e-4,6,4
69556,10,3.2492015764042984e-5,6,4
69556,15,5.0892638706978e-6,6,4
69556,9,7.160117409559534e-5,6,4
69556,18,9.606098719955323e-7,6,4
69556,3,3.1520190999996604e-5,6,4
69556,16,5.56210441849867e-6,6,4
69556,2,3.331285518096792e-5,6,4
69556,5,4.29723056188364e-4,6,4
69556,4,8.420378213450226e-5,6,4
69556,12,1.4664941752436758e-5,6,4
69556,13,1.2478988082229112e-5,6,4
69556,6,2.9923434355308724e-4,6,4
69584,8,1.3406472125782115e-5,7,2
69584,17,2.133202876126331e-6,7,2
69584,11,1.0699466952556424e-5,7,2
69584,7,2.6144064251652304e-5,7,2
69584,10,9.025559934456383e-6,7,2
69584,15,1.8175942395349288e-6,7,2
69584,9,1.7593431349203425e-5,7,2
69584,18,0,7,2
69584,3,1.1928229143135968e-4,7,2
69584,16,1.112420883699734e-6,7,2
69584,2,1.1492935037433932e-4,7,2
69584,5,2.7659178572685807e-5,7,2
69584,4,8.682345535646455e-5,7,2
69584,12,5.548896879300395e-6,7,2
69584,13,3.709969429851898e-6,7,2
69584,6,3.5832683996903305e-5,7,2
69592,8,2.59480105660299e-6,7,2
69592,17,0,7,2
69592,11,3.209840085766927e-6,7,2
69592,7,2.7887001868429127e-6,7,2
69592,10,2.256389983614096e-6,7,2
69592,15,0,7,2
69592,9,2.454897397563269e-6,7,2
69592,18,0,7,2
69592,3,5.995016719607196e-5,7,2
69592,16,0,7,2
69592,2,4.219628322922603e-5,7,2
69592,5,5.783282792470669e-6,7,2
69592,4,5.875552797829713e-5,7,2
69592,12,1.189049331278656e-6,7,2
69592,13,3.372699481683544e-6,7,2
69592,6,7.543722946716484e-6,7,2
69643,8,6.962716168551357e-5,6,4
69643,17,6.399608628378993e-6,6,4
69643,11,3.958802772445877e-5,6,4
69643,7,7.146044228784964e-5,6,4
69643,10,7.53634254527108e-5,6,4
69643,15,8.360933501860672e-6,6,4
69643,9,5.7690088842736815e-5,6,4
69643,18,2.2414230346562428e-6,6,4
69643,3,6.520353236273807e-5,6,4
69643,16,1.3719857565630052e-5,6,4
69643,2,1.1076524347671832e-4,6,4
69643,5,6.663347565237945e-5,6,4
69643,4,1.1825953402001206e-4,6,4
69643,12,2.8140834173594865e-5,6,4
69643,13,1.6188957512081008e-5,6,4
69643,6,1.0058297262288648e-4,6,4
69778,8,4.021941637734635e-5,4,3
69778,17,1.0666014380631656e-6,4,3
69778,11,2.2112231701949945e-5,4,3
69778,7,5.403106612008143e-5,4,3
69778,10,2.843051379353761e-5,4,3
69778,15,4.725745022790814e-6,4,3
69778,9,3.314111486710413e-5,4,3
69778,18,2.56162632532142e-6,4,3
69778,3,1.236085921568494e-5,4,3
69778,16,3.3372626510992015e-6,4,3
69778,2,0,4,3
69778,5,2.6150496105084763e-5,4,3
69778,4,8.233258697595776e-6,4,3
69778,12,1.942113907755138e-5,4,3
69778,13,7.419938859703796e-6,4,3
69778,6,6.160707073151795e-5,4,3
69922,8,1.9461007924522423e-5,6,4
69922,17,2.133202876126331e-6,6,4
69922,11,1.3552658139904805e-5,6,4
69922,7,3.59045149056025e-5,6,4
69922,10,1.5794729885298673e-5,6,4
69922,15,3.2716696311628713e-6,6,4
69922,9,1.800258091546397e-5,6,4
69922,18,0,6,4
69922,3,4.20269213333288e-5,6,4
69922,16,1.854034806166223e-6,6,4
69922,2,1.748924897000816e-5,6,4
69922,5,2.7156284416818793e-5,6,4
69922,4,0,6,4
69922,12,9.116044873136364e-6,6,4
69922,13,0,6,4
69922,6,2.7660317471293777e-5,6,4
69988,8,1.6866206867919436e-5,4,3
69988,17,3.5553381268772184e-7,4,3
69988,11,1.4979253733578992e-5,4,3
69988,7,2.3703951588164755e-5,4,3
69988,10,3.1589459770597345e-05,4,3
69988,15,5.816301566511771e-6,4,3
69988,9,1.4320234819119068e-5,4,3
69988,18,3.202032906651775e-7,4,3
69988,3,1.2051837735292818e-5,4,3
69988,16,2.5956487286327124e-6,4,3
69988,2,0,4,3
69988,5,2.1373001624348124e-5,4,3
69988,4,1.721499545860935e-5,4,3
69988,12,8.323345318950592e-6,4,3
69988,13,8.094478756040504e-6,4,3
69988,6,3.363243147077766e-5,4,3
70062,8,4.540901849055233e-5,6,4
70062,17,7.110676253754437e-7,6,4
70062,11,6.063031273115307e-6,6,4
70062,7,6.100281658718871e-5,6,4
70062,10,1.2635783908238937e-5,6,4
70062,15,3.635188479069857e-7,6,4
70062,9,2.904961920449868e-5,6,4
70062,18,0,6,4
70062,3,1.4524009578429806e-5,6,4
70062,16,3.708069612332446e-7,6,4
70062,2,1.2214713566354905e-5,6,4
70062,5,2.6955126754471987e-4,6,4
70062,4,5.351618153437254e-5,6,4
70062,12,3.567147993835968e-6,6,4
70062,13,2.023619689010126e-6,6,4
70062,6,1.3610133483034324e-4,6,4
70165,8,3.675968163520903e-5,6,4
70165,17,3.5553381268772184e-7,6,4
70165,11,1.0342818054137877e-5,6,4
70165,7,4.3224852896065146e-5,6,4
70165,10,9.476837931179204e-6,6,4
70165,15,7.270376958139714e-7,6,4
70165,9,1.6365982650421794e-5,6,4
70165,18,0,6,4
70165,3,1.7614224382351042e-5,6,4
70165,16,0,6,4
70165,2,3.414567656049212e-5,6,4
70165,5,1.370386574737615e-4,6,4
70165,4,3.36815128538009e-5,6,4
70165,12,5.548896879300395e-6,6,4
70165,13,3.372699481683544e-6,6,4
70165,6,7.355129873048573e-5,6,4
70223,8,9.51427054087763e-5,6,4
70223,17,0,6,4
70223,11,1.2126062546230614e-5,6,4
70223,7,1.230513957444435e-4,6,4
70223,10,3.790735172471681e-5,6,4
70223,15,1.0905565437209572e-6,6,4
70223,9,6.628222973420826e-5,6,4
70223,18,3.202032906651775e-7,6,4
70223,3,1.5760095499998302e-5,6,4
70223,16,1.4832278449329785e-6,6,4
70223,2,3.0259176789379197e-5,6,4
70223,5,5.036484971008151e-4,6,4
70223,4,1.6092278363482653e-5,6,4
70223,12,1.6646690637901184e-5,6,4
70223,13,1.686349740841772e-6,6,4
70223,6,2.819466451335286e-4,6,4
70241,8,2.681294425156423e-5,6,4
70241,17,5.333007190315828e-6,6,4
70241,11,9.62952025730078e-6,6,4
70241,7,1.9520901307900387e-5,6,4
70241,10,1.3538339901684576e-5,6,4
70241,15,3.9987073269768425e-6,6,4
70241,9,1.4320234819119068e-5,6,4
70241,18,2.56162632532142e-6,6,4
70241,3,1.2669880696077064e-5,6,4
70241,16,1.4832278449329785e-6,6,4
70241,2,2.9426355409855e-5,6,4
70241,5,1.131511850700783e-5,6,4
70241,4,0,6,4
70241,12,9.116044873136364e-6,6,4
70241,13,1.787530725292278e-5,6,4
70241,6,1.8859307366791212e-5,6,4
70298,8,5.44908221886628e-5,6,4
70298,17,0,6,4
70298,11,1.569255153041609e-5,6,4
70298,7,8.993558102568393e-5,6,4
70298,10,2.0758787849249683e-5,6,4
70298,15,3.635188479069857e-7,6,4
70298,9,2.454897397563269e-5,6,4
70298,18,6.40406581330355e-7,6,4
70298,3,8.343579970587336e-6,6,4
70298,16,1.4832278449329785e-6,6,4
70298,2,2.026532023508882e-5,6,4
70298,5,2.687969263109193e-4,6,4
70298,4,1.2649279271760783e-4,6,4
70298,12,5.548896879300395e-6,6,4
70298,13,2.023619689010126e-6,6,4
70298,6,1.885930736679121e-4,6,4
70388,8,2.2099055665402136e-4,6,4
70388,17,4.977473377628106e-6,6,4
70388,11,3.923137882604022e-5,6,4
70388,7,3.747315876070164e-4,6,4
70388,10,9.16094333347323e-5,6,4
70388,15,4.362226174883829e-6,6,4
70388,9,1.6406897607047847e-4,6,4
70388,18,5.7636592319731955e-6,6,4
70388,3,6.551255384313019e-5,6,4
70388,16,6.674525302198403e-6,6,4
70388,2,3.248003380144372e-5,6,4
70388,5,0.00129168363934442,6,4
70388,4,3.6226338269421414e-4,6,4
70388,12,3.091528261324506e-5,6,4
70388,13,1.5177147667575949e-5,6,4
70388,6,7.182252888852987e-4,6,4
70417,8,1.682296018364272e-4,4,3
70417,17,1.8487758259761537e-5,4,3
70417,11,7.239972637896514e-5,4,3
70417,7,2.2379318999414373e-4,4,3
70417,10,1.2139378111843836e-4,4,3
70417,15,1.9266498939070243e-5,4,3
70417,9,1.787983604558581e-4,4,3
70417,18,6.40406581330355e-6,4,3
70417,3,2.719389027450687e-5,4,3
70417,16,1.038259491453085e-5,4,3
70417,2,1.3325142072387168e-5,4,3
70417,5,1.0988237305694272e-4,4,3
70417,4,4.6031400900194566e-5,4,3
70417,12,5.707436790137549e-5,4,3
70417,13,2.9679755438815183e-5,4,3
70417,6,1.9990865808798685e-4,4,3
70432,8,4.281421743394934e-5,6,4
70432,17,1.0666014380631656e-6,6,4
70432,11,1.0342818054137877e-5,6,4
70432,7,6.936891714771745e-5,6,4
70432,10,1.4440895895130216e-5,6,4
70432,15,3.635188479069857e-7,6,4
70432,9,3.55960122646674e-5,6,4
70432,18,0,6,4
70432,3,1.02595131490185e-4,6,4
70432,16,3.708069612332446e-7,6,4
70432,2,6.0240746452250325e-5,6,4
70432,5,2.768432328047916e-4,6,4
70432,4,1.1451714370292308e-4,6,4
70432,12,3.567147993835968e-6,6,4
70432,13,3.0354295335151892e-6,6,4
70432,6,1.2415710683137546e-4,6,4
70658,8,3.4597347421373203e-6,7,2
70658,17,0,7,2
70658,11,7.132977968370949e-7,7,2
70658,7,6.274575420396553e-6,7,2
70658,10,2.256389983614096e-6,7,2
70658,15,7.270376958139714e-7,7,2
70658,9,6.546393060168717e-6,7,2
70658,18,0,7,2
70658,3,1.4987541799017993e-4,7,2
70658,16,1.4832278449329785e-6,7,2
70658,2,2.165335586762915e-4,7,2
70658,5,8.297753571805742e-6,7,2
70658,4,1.0965203629070738e-4,7,2
70658,12,1.9817488854644267e-6,7,2
70658,13,1.686349740841772e-6,7,2
70658,6,1.1001262630628206e-5,7,2
70659,8,6.9194694842746405e-6,7,2
70659,17,0,7,2
70659,11,2.4965422889298324e-6,7,2
70659,7,7.320337990462645e-6,7,2
70659,10,2.7076679803369152e-6,7,2
70659,15,0,7,2
70659,9,2.045747831302724e-6,7,2
70659,18,6.40406581330355e-7,7,2
70659,3,1.5018443947057203e-4,7,2
70659,16,1.4832278449329785e-6,7,2
70659,2,9.910574416337957e-5,7,2
70659,5,3.243667305342245e-5,7,2
70659,4,2.013405990593876e-4,7,2
70659,12,0,7,2
70659,13,0,7,2
70659,6,1.5087445893432969e-5,7,2
70873,8,1.2541538440247786e-5,7,2
70873,17,7.110676253754437e-7,7,2
70873,11,1.7832444920927374e-6,7,2
70873,7,7.66892551381801e-6,7,2
70873,10,3.6102239737825536e-6,7,2
70873,15,1.0905565437209572e-6,7,2
70873,9,1.104703828903471e-5,7,2
70873,18,0,7,2
70873,3,9.023427227450008e-5,7,2
70873,16,0,7,2
70873,2,1.5212870532642017e-4,7,2
70873,5,1.1818012662874844e-5,7,2
70873,4,1.059096459736184e-4,7,2
70873,12,4.7561973251146245e-6,7,2
70873,13,6.745398963367088e-7,7,2
70873,6,1.1001262630628206e-5,7,2
71187,8,4.497655164778516e-5,6,4
71187,17,1.0666014380631656e-6,6,4
71187,11,1.1769413647812064e-5,6,4
71187,7,4.2527677849354414e-5,6,4
71187,10,2.3917733826309415e-5,6,4
71187,15,7.270376958139714e-7,6,4
71187,9,3.8869208794751755e-5,6,4
71187,18,4.803049359977663e-6,6,4
71187,3,8.158167082352061e-5,6,4
71187,16,5.932911379731914e-6,6,4
71187,2,8.827906622956499e-5,6,4
71187,5,2.7156284416818793e-5,6,4
71187,4,1.4295931011279938e-4,6,4
71187,12,1.030509420441502e-5,6,4
71187,13,7.419938859703796e-6,6,4
71187,6,4.1176154417494145e-5,6,4
71238,8,5.622068955973145e-6,7,2
71238,17,0,7,2
71238,11,7.132977968370949e-7,7,2
71238,7,8.017513037173374e-6,7,2
71238,10,4.512779967228192e-7,7,2
71238,15,0,7,2
71238,9,4.500645228865993e-6,7,2
71238,18,6.40406581330355e-7,7,2
71238,3,3.182921248038872e-5,7,2
71238,16,0,7,2
71238,2,3.6088926446048584e-5,7,2
71238,5,2.8413519806486327e-5,7,2
71238,4,6.025248410513273e-5,7,2
71238,12,7.926995541857708e-7,7,2
71238,13,1.3490797926734176e-6,7,2
71238,6,1.5087445893432969e-5,7,2
71254,8,1.1676604754713456e-5,7,2
71254,17,3.5553381268772184e-7,7,2
71254,11,5.349733476278212e-6,7,2
71254,7,1.4989263504280656e-5,7,2
71254,10,9.928115927902022e-6,7,2
71254,15,1.8175942395349288e-6,7,2
71254,9,1.2274486987816344e-5,7,2
71254,18,9.606098719955323e-7,7,2
71254,3,5.191560870587675e-5,7,2
71254,16,7.416139224664892e-7,7,2
71254,2,1.118756719827506e-4,7,2
71254,5,6.286176948337683e-6,7,2
71254,4,3.892085929772549e-5,7,2
71254,12,3.963497770928853e-6,7,2
71254,13,1.3490797926734176e-6,7,2
71254,6,1.665905484066557e-5,7,2
71335,8,4.627395217608666e-5,4,3
71335,17,1.4576886320196597e-5,4,3
71335,11,6.99031840900353e-5,4,3
71335,7,6.658021696087453e-5,4,3
71335,10,4.783546765261883e-5,4,3
71335,15,1.6721867003721344e-5,4,3
71335,9,4.336985402361775e-5,4,3
71335,18,9.606098719955326e-6,4,3
71335,3,4.913441538234764e-5,4,3
71335,16,1.7057120216729254e-5,4,3
71335,2,4.608278300033896e-5,4,3
71335,5,5.079230974256848e-5,4,3
71335,4,3.966933736114328e-5,4,3
71335,12,4.399482525731027e-5,4,3
71335,13,3.743696424668734e-5,4,3
71335,6,1.1849931462133812e-4,4,3
71399,8,1.816360739622093e-5,7,2
71399,17,0,7,2
71399,11,4.2797867810225695e-6,7,2
71399,7,1.708078864441284e-5,7,2
71399,10,6.3178919541194684e-06,7,2
71399,15,3.635188479069857e-7,7,2
71399,9,5.3189443613870825e-6,7,2
71399,18,0,7,2
71399,3,1.6903474977449158e-4,7,2
71399,16,7.416139224664892e-7,7,2
71399,2,1.3352902785037976e-4,7,2
71399,5,2.9670755196153865e-5,7,2
71399,4,1.706529984592579e-4,7,2
71399,12,3.170798216743083e-6,7,2
71399,13,1.011809844505063e-6,7,2
71399,6,3.174650073409854e-5,7,2
71471,8,7.78440316980897e-5,6,4
71471,17,2.488736688814053e-6,6,4
71471,11,2.389547619404268e-5,6,4
71471,7,1.5093839761287265e-4,6,4
71471,10,2.5722845813200693e-5,6,4
71471,15,6.906858110232728e-6,6,4
71471,9,6.0144986240300085e-5,6,4
71471,18,1.921219743991065e-6,6,4
71471,3,1.0197708852940076e-5,6,4
71471,16,5.191297457265425e-6,6,4
71471,2,2.8038319777314662e-5,6,4
71471,5,4.80766813008866e-4,6,4
71471,4,7.0356937961273e-5,6,4
71471,12,4.359847548021739e-6,6,4
71471,13,6.7453989633670875e-6,6,4
71471,6,2.630873377667374e-4,6,4
71554,8,5.622068955973145e-6,7,2
71554,17,0,7,2
71554,11,1.4265955936741898e-6,7,2
71554,7,1.7429376167768204e-6,7,2
71554,10,3.1589459770597342e-06,7,2
71554,15,0,7,2
71554,9,5.3189443613870825e-6,7,2
71554,18,0,7,2
71554,3,9.147035819606855e-5,7,2
71554,16,0,7,2
71554,2,9.688488715131505e-5,7,2
71554,5,1.307524805254238e-5,7,2
71554,4,5.426465959779034e-5,7,2
71554,12,1.5853991083715415e-6,7,2
71554,13,0,7,2
71554,6,5.972113999483883e-6,7,2
71565,8,8.562843486789868e-5,6,4
71565,17,3.1998043141894965e-6,6,4
71565,11,3.4238294248180556e-5,6,4
71565,7,9.481580635265902e-5,6,4
71565,10,3.068690377715171e-5,6,4
71565,15,6.906858110232728e-6,6,4
71565,9,7.282862279437697e-5,6,4
71565,18,3.84243948798213e-6,6,4
71565,3,8.096362786273636e-5,6,4
71565,16,9.270174030831115e-6,6,4
71565,2,1.0826677933814574e-4,6,4
71565,5,1.3829589286342903e-4,6,4
71565,4,6.586606958076621e-5,6,4
71565,12,2.5762735511037548e-5,6,4
71565,13,8.769018652377213e-6,6,4
71565,6,1.1881363641078464e-4,6,4
71573,8,1.1806344807543606e-4,7,2
71573,17,4.621939564940384e-6,7,2
71573,11,3.1741751959250726e-5,7,2
71573,7,1.338576089684598e-4,7,2
71573,10,6.0471251560857775e-5,7,2
71573,15,5.0892638706978e-6,7,2
71573,9,8.796715674601713e-5,7,2
71573,18,6.083862522638373e-6,7,2
71573,3,0.00125555427483319,7,2
71573,16,4.078876573565691e-6,7,2
71573,2,0.0012117551072077,7,2
71573,5,1.9386569708673416e-4,7,2
71573,4,0.00114966230540973,7,2
71573,12,2.298828707138735e-5,7,2
71573,13,2.1922546630943033e-5,7,2
71573,6,1.7790613282673044e-4,7,2
71584,8,2.4218143194961244e-5,6,4
71584,17,3.5553381268772184e-7,6,4
71584,11,9.272871358882232e-6,6,4
71584,7,2.9629939485205947e-5,6,4
71584,10,9.928115927902022e-6,6,4
71584,15,2.1811130874419143e-6,6,4
71584,9,1.5956833084161248e-5,6,4
71584,18,6.40406581330355e-7,6,4
71584,3,2.6884868794114747e-5,6,4
71584,16,7.416139224664892e-7,6,4
71584,2,3.858739058462117e-5,6,4
71584,5,6.965084058758153e-5,6,4
71584,4,7.597052343690648e-5,6,4
71584,12,3.963497770928853e-6,6,4
71584,13,1.3490797926734176e-6,6,4
71584,6,5.1863095258675833e-5,6,4
71643,8,8.649336855343301e-7,7,2
71643,17,0,7,2
71643,11,3.209840085766927e-6,7,2
71643,7,3.485875233553641e-7,7,2
71643,10,4.512779967228192e-7,7,2
71643,15,3.635188479069857e-6,7,2
71643,9,0,7,2
71643,18,0,7,2
71643,3,2.1198873554899671e-4,7,2
71643,16,0,7,2
71643,2,1.421348487721298e-4,7,2
71643,5,1.2823800974608876e-5,7,2
71643,4,1.40713875922546e-4,7,2
71643,12,3.963497770928854e-7,7,2
71643,13,1.011809844505063e-6,7,2
71643,6,2.5145743155721616e-6,7,2
71679,8,4.324668427671651e-7,7,2
71679,17,3.5553381268772184e-7,7,2
71679,11,1.0699466952556424e-6,7,2
71679,7,2.4401126634875484e-6,7,2
71679,10,0,7,2
71679,15,0,7,2
71679,9,4.500645228865993e-6,7,2
71679,18,0,7,2
71679,3,5.655093091175861e-5,7,2
71679,16,0,7,2
71679,2,5.1912532657008345e-5,7,2
71679,5,1.1566565584941336e-5,7,2
71679,4,6.287215732709501e-5,7,2
71679,12,0,7,2
71679,13,0,7,2
71679,6,9.743975472842126e-6,7,2
71695,8,3.351618031445529e-4,6,4
71695,17,1.3865818694821152e-5,6,4
71695,11,1.0877791401765698e-4,6,4
71695,7,4.859310075573775e-4,6,4
71695,10,1.3312700903323166e-4,6,4
71695,15,1.6721867003721344e-5,6,4
71695,9,2.675838163343963e-4,6,4
71695,18,1.665057111458923e-5,6,4
71695,3,9.567305032940144e-4,6,4
71695,16,2.1135996790294945e-5,6,4
71695,2,9.92167870139828e-4,6,4
71695,5,0.00168243239845309,6,4
71695,4,0.00106545852327523,6,4
71695,12,6.460501366614032e-5,6,4
71695,13,3.709969429851898e-5,6,4
71695,6,9.492518041284908e-4,6,4
71697,8,9.514270540877633e-6,7,2
71697,17,1.0666014380631656e-6,7,2
71697,11,2.1398933905112848e-6,7,2
71697,7,1.3943500934214563e-5,7,2
71697,10,4.512779967228192e-6,7,2
71697,15,0,7,2
71697,9,4.500645228865993e-6,7,2
71697,18,1.921219743991065e-6,7,2
71697,3,5.284267314705313e-5,7,2
71697,16,1.112420883699734e-6,7,2
71697,2,6.662571036193584e-5,7,2
71697,5,8.046306493872234e-6,7,2
71697,4,8.794617245159124e-5,7,2
71697,12,4.7561973251146245e-6,7,2
71697,13,3.372699481683544e-7,7,2
71697,6,1.9173629156237732e-05,7,2
71887,8,1.297400528301495e-6,7,2
71887,17,3.5553381268772184e-7,7,2
71887,11,1.4265955936741898e-6,7,2
71887,7,1.3943500934214563e-6,7,2
71887,10,9.025559934456384e-7,7,2
71887,15,1.0905565437209572e-6,7,2
71887,9,0,7,2
71887,18,0,7,2
71887,3,9.888687372547951e-5,7,2
71887,16,0,7,2
71887,2,7.745238829575041e-5,7,2
71887,5,3.017364935202088e-6,7,2
71887,4,1.2387311949564554e-4,7,2
71887,12,1.9817488854644267e-6,7,2
71887,13,0,7,2
71887,6,1.571608947232601e-6,7,2
71965,8,4.5841485333319496e-5,6,4
71965,17,0,6,4
71965,11,7.1329779683709495e-6,6,4
71965,7,4.810507822304024e-5,6,4
71965,10,1.4892173891853034e-5,6,4
71965,15,1.0905565437209572e-6,6,4
71965,9,2.4958123541893235e-5,6,4
71965,18,0,6,4
71965,3,2.472171843136988e-5,6,4
71965,16,1.4832278449329785e-6,6,4
71965,2,2.77607126508066e-5,6,4
71965,5,2.1121554546414617e-5,6,4
71965,4,5.613585475633484e-6,6,4
71965,12,3.170798216743083e-6,6,4
71965,13,4.721779274356961e-6,6,4
71965,6,6.85221500993414e-5,6,4
71997,8,2.72454110943314e-5,6,4
71997,17,1.4221352507508874e-6,6,4
71997,11,1.818909381934592e-5,6,4
71997,7,2.6841239298363032e-5,6,4
71997,10,1.3087061904961756e-5,6,4
71997,15,0,6,4
71997,9,1.513853395164016e-5,6,4
71997,18,1.28081316266071e-6,6,4
71997,3,7.787341305881513e-5,6,4
71997,16,3.3372626510992015e-6,6,4
71997,2,8.133888806686335e-5,6,4
71997,5,1.307524805254238e-5,6,4
71997,4,9.094008470526244e-5,6,4
71997,12,7.530645764764822e-6,6,4
71997,13,1.3490797926734176e-6,6,4
71997,6,5.060580810088975e-5,6,4
72162,8,1.124413791194629e-5,6,4
72162,17,0,6,4
72162,11,1.4622604835160446e-5,6,4
72162,7,1.7777963691123567e-5,6,4
72162,10,1.7599841872189947e-5,6,4
72162,15,1.4540753916279428e-6,6,4
72162,9,1.1456187855295254e-5,6,4
72162,18,0,6,4
72162,3,1.2051837735292818e-5,6,4
72162,16,7.416139224664892e-7,6,4
72162,2,0,6,4
72162,5,1.6595507143611485e-5,6,4
72162,4,3.106183963183861e-5,6,4
72162,12,5.548896879300395e-6,6,4
72162,13,5.059049222525316e-6,6,4
72162,6,4.1490476206940665e-5,6,4
72272,8,2.7980604727035577e-4,6,4
72272,17,2.0620961135887867e-5,6,4
72272,11,1.4907923953895284e-4,6,4
72272,7,3.353411974678602e-4,6,4
72272,10,1.764496967186223e-4,6,4
72272,15,2.617335704930297e-5,6,4
72272,9,2.446714406238058e-4,6,4
72272,18,2.3695043509223137e-5,6,4
72272,3,3.439409076764335e-4,6,4
72272,16,3.374343347222526e-5,6,4
72272,2,3.1480648146014686e-4,6,4
72272,5,4.2720858540902897e-4,6,4
72272,4,3.214713282379442e-4,6,4
72272,12,9.670934561066404e-5,6,4
72272,13,6.610490984099745e-5,6,4
72272,6,3.627273450212843e-4,6,4
72289,8,6.724859405029416e-4,5,7
72289,17,8.710578410849185e-5,5,7
72289,11,4.012300107208659e-4,5,7
72289,7,0.00100149195459996,5,7
72289,10,5.568770479559589e-4,5,7
72289,15,1.4140883183581744e-4,5,7
72289,9,6.018590119692615e-4,5,7
72289,18,6.40406581330355e-5,5,7
72289,3,5.191560870587675e-5,5,7
72289,16,9.30725472695444e-5,5,7
72289,2,5.63542466811374e-5,5,7
72289,5,5.348279347645701e-4,5,7
72289,4,1.4595322236647056e-5,5,7
72289,12,3.2936666476418775e-4,5,7
72289,13,1.9393022019680375e-4,5,7
72289,6,0.00161435671059732,5,7
72299,8,3.027267899370155e-6,7,2
72299,17,0,7,2
72299,11,1.0699466952556424e-6,7,2
72299,7,2.4401126634875484e-6,7,2
72299,10,2.256389983614096e-6,7,2
72299,15,0,7,2
72299,9,8.182991325210896e-7,7,2
72299,18,0,7,2
72299,3,1.038312174117535e-4,7,2
72299,16,0,7,2
72299,2,8.772385197654887e-5,7,2
72299,5,1.508682467601044e-6,7,2
72299,4,5.651009378804374e-5,7,2
72299,12,0,7,2
72299,13,0,7,2
72299,6,3.457539683911722e-6,7,2
72330,8,8.649336855343301e-6,7,2
72330,17,0,7,2
72330,11,0,7,2
72330,7,8.714688083884102e-6,7,2
72330,10,1.8051119868912768e-6,7,2
72330,15,3.635188479069857e-7,7,2
72330,9,6.137243493908172e-6,7,2
72330,18,0,7,2
72330,3,4.109985689215243e-5,7,2
72330,16,0,7,2
72330,2,2.359660575318561e-5,7,2
72330,5,5.531835714537161e-6,7,2
72330,4,6.474335248563951e-5,7,2
72330,12,2.3780986625573123e-6,7,2
72330,13,0,7,2
72330,6,6.915079367823444e-6,7,2
72364,8,1.0811671069179126e-5,7,2
72364,17,0,7,2
72364,11,2.1398933905112848e-6,7,2
72364,7,1.4989263504280656e-5,7,2
72364,10,1.8051119868912768e-6,7,2
72364,15,0,7,2
72364,9,7.364692192689806e-6,7,2
72364,18,0,7,2
72364,3,5.037050130391614e-5,7,2
72364,16,0,7,2
72364,2,5.2745354036532544e-5,7,2
72364,5,6.48733461068449e-5,7,2
72364,4,2.6196732219622924e-5,7,2
72364,12,1.9817488854644267e-6,7,2
72364,13,0,7,2
72364,6,4.0233189049154585e-5,7,2
72407,8,6.487002641507476e-6,6,4
72407,17,1.0666014380631656e-6,6,4
72407,11,4.993084577859665e-6,6,4
72407,7,1.6732201121057476e-5,6,4
72407,10,9.025559934456383e-6,6,4
72407,15,2.1811130874419143e-6,6,4
72407,9,7.77384175895035e-6,6,4
72407,18,6.40406581330355e-7,6,4
72407,3,3.244725544117297e-5,6,4
72407,16,2.966455689865957e-6,6,4
72407,2,6.801374599447617e-5,6,4
72407,5,8.297753571805742e-6,6,4
72407,4,3.779814220259879e-5,6,4
72407,12,3.567147993835968e-6,6,4
72407,13,1.3490797926734176e-6,6,4
72407,6,1.603041126177253e-5,6,4
72540,8,3.070514583646872e-5,6,4
72540,17,1.4221352507508874e-6,6,4
72540,11,1.0699466952556424e-5,6,4
72540,7,3.0327114531916675e-5,6,4
72540,10,9.476837931179204e-6,6,4
72540,15,2.5446319353489e-6,6,4
72540,9,2.8640469638238136e-5,6,4
72540,18,1.28081316266071e-6,6,4
72540,3,0,6,4
72540,16,1.854034806166223e-6,6,4
72540,2,0,6,4
72540,5,1.232090681874186e-5,6,4
72540,4,0,6,4
72540,12,6.737946210579051e-6,6,4
72540,13,1.011809844505063e-6,6,4
72540,6,2.8288961050186817e-5,6,4
72644,8,1.8596074238988095e-5,6,4
72644,17,1.0666014380631656e-6,6,4
72644,11,7.489626866789497e-6,6,4
72644,7,2.5098301681586212e-5,6,4
72644,10,7.220447947565107e-6,6,4
72644,15,3.635188479069857e-7,6,4
72644,9,1.2683636554076889e-5,6,4
72644,18,1.6010164533258875e-6,6,4
72644,3,8.034558490195212e-6,6,4
72644,16,3.708069612332446e-7,6,4
72644,2,0,6,4
72644,5,7.845148831525429e-5,6,4
72644,4,1.347260514152036e-5,6,4
72644,12,4.359847548021739e-6,6,4
72644,13,4.3845093261886066e-6,6,4
72644,6,4.7462590206424546e-5,6,4
72666,8,1.556880633961794e-5,6,4
72666,17,3.5553381268772184e-7,6,4
72666,11,2.8531911873483795e-6,6,4
72666,7,2.9629939485205947e-5,6,4
72666,10,4.512779967228192e-6,6,4
72666,15,0,6,4
72666,9,9.41044002399253e-6,6,4
72666,18,0,6,4
72666,3,6.180429607842471e-7,6,4
72666,16,3.708069612332446e-7,6,4
72666,2,0,6,4
72666,5,9.98244899396024e-5,6,4
72666,4,2.6570971251331824e-5,6,4
72666,12,2.3780986625573123e-6,6,4
72666,13,1.3490797926734176e-6,6,4
72666,6,5.029148631144323e-5,6,4
72784,8,0.00133243034256563,1,9
72784,17,0.0027390324929462,1,9
72784,11,0.00371949136160703,1,9
72784,7,0.00132707270141387,1,9
72784,10,0.0019599003397672,1,9
72784,15,0.00234106138052098,1,9
72784,9,0.00175566078882399,1,9
72784,18,0.00265608629606764,1,9
72784,3,1.05067303333322e-5,1,9
72784,16,0.00253075751041689,1,9
72784,2,2.1930962994137217e-5,1,9
72784,5,2.992220227408737e-5,1,9
72784,4,2.9564883505003017e-5,1,9
72784,12,0.00309866255731217,1,9
72784,13,0.0033986692676925,1,9
72784,6,7.128818184647077e-4,1,9
72962,8,8.216870012576136e-6,6,4
72962,17,1.0666014380631656e-6,6,4
72962,11,8.202924663626592e-6,6,4
72962,7,1.35949134108592e-5,6,4
72962,10,5.4153359606738304e-6,6,4
72962,15,3.635188479069857e-6,6,4
72962,9,1.18653374215558e-5,6,4
72962,18,6.40406581330355e-7,6,4
72962,3,2.10134606666644e-5,6,4
72962,16,3.708069612332446e-6,6,4
72962,2,3.3868069433984056e-5,6,4
72962,5,1.6344060065677978e-5,6,4
72962,4,2.9564883505003017e-5,6,4
72962,12,4.359847548021739e-6,6,4
72962,13,3.372699481683544e-6,6,4
72962,6,2.2631168840149453e-5,6,4
73120,8,1.383893896854928e-5,7,2
73120,17,1.4221352507508874e-6,7,2
73120,11,3.5664889841854747e-6,7,2
73120,7,1.4989263504280656e-5,7,2
73120,10,8.123003941010746e-6,7,2
73120,15,0,7,2
73120,9,1.022873915651362e-5,7,2
73120,18,0,7,2
73120,3,3.093305018725157e-4,7,2
73120,16,3.708069612332446e-7,7,2
73120,2,3.3063008767110665e-4,7,2
73120,5,2.866496688441984e-5,7,2
73120,4,3.0537904987446154e-4,7,2
73120,12,4.7561973251146245e-6,7,2
73120,13,0,7,2
73120,6,2.1373881682363373e-5,7,2
73324,8,8.519596802513152e-5,6,4
73324,17,6.044074815691271e-6,6,4
73324,11,3.4238294248180556e-5,6,4
73324,7,8.714688083884102e-5,6,4
73324,10,4.196885369522218e-5,6,4
73324,15,6.543339262325743e-6,6,4
73324,9,6.178158450534226e-5,6,4
73324,18,3.84243948798213e-6,6,4
73324,3,5.655093091175861e-5,6,4
73324,16,6.303718340965159e-6,6,4
73324,2,3.858739058462117e-5,6,4
73324,5,1.4458206981176672e-4,6,4
73324,4,2.8442166409876316e-5,6,4
73324,12,2.140288796301581e-5,6,4
73324,13,1.6188957512081008e-5,6,4
73324,6,1.4050183988259453e-4,6,4
73417,8,6.400509272954043e-5,3,1
73417,17,8.532811504505325e-6,3,1
73417,11,1.1769413647812064e-5,3,1
73417,7,7.843219275495692e-5,3,1
73417,10,1.3989617898407397e-5,3,1
73417,15,7.6338958060467e-6,3,1
73417,9,4.214240532483612e-5,3,1
73417,18,8.965692138624971e-6,3,1
73417,3,0,3,1
73417,16,9.270174030831115e-6,3,1
73417,2,0,3,1
73417,5,3.045024113774774e-4,3,1
73417,4,1.347260514152036e-5,3,1
73417,12,1.2683192866972332e-5,3,1
73417,13,5.39631917069367e-6,3,1
73417,6,1.964511184040751e-4,3,1
73480,8,3.58947479496747e-5,3,1
73480,17,1.7776690634386092e-6,3,1
73480,11,1.4979253733578992e-5,3,1
73480,7,5.9608466493767256e-5,3,1
73480,10,1.128194991807048e-5,3,1
73480,15,3.9987073269768425e-6,3,1
73480,9,2.8640469638238136e-5,3,1
73480,18,7.0444723946339056e-6,3,1
73480,3,0,3,1
73480,16,3.708069612332446e-6,3,1
73480,2,2.77607126508066e-7,3,1
73480,5,1.6193191818917872e-4,3,1
73480,4,7.859019665886877e-6,3,1
73480,12,1.030509420441502e-5,3,1
73480,13,1.1467178237724048e-5,3,1
73480,6,1.1755634925299856e-4,3,1
73532,8,1.7298673710686603e-5,6,4
73532,17,0,6,4
73532,11,3.923137882604022e-6,6,4
73532,7,3.3812989765470315e-5,6,4
73532,10,4.061501970505373e-6,6,4
73532,15,3.635188479069857e-7,6,4
73532,9,1.18653374215558e-5,6,4
73532,18,0,6,4
73532,3,5.871408127450347e-6,6,4
73532,16,7.416139224664892e-7,6,4
73532,2,1.526839195794363e-5,6,4
73532,5,1.1868302078461546e-4,6,4
73532,4,1.347260514152036e-5,6,4
73532,12,1.9817488854644267e-6,6,4
73532,13,6.745398963367088e-7,6,4
73532,6,6.38073232576436e-5,6,4
73599,8,1.989347476728959e-5,6,4
73599,17,7.110676253754437e-7,6,4
73599,11,1.1412764749393518e-5,6,4
73599,7,2.4401126634875484e-5,6,4
73599,10,1.5794729885298673e-5,6,4
73599,15,2.5446319353489e-6,6,4
73599,9,1.5956833084161248e-5,6,4
73599,18,0,6,4
73599,3,1.5451074019606177e-5,6,4
73599,16,0,6,4
73599,2,9.993856554290375e-6,6,4
73599,5,9.303541883539771e-6,6,4
73599,4,1.3098366109811462e-5,6,4
73599,12,5.94524665639328e-6,6,4
73599,13,2.360889637178481e-6,6,4
73599,6,3.394675326022418e-5,6,4
73858,8,0,7,2
73858,17,7.110676253754437e-7,7,2
73858,11,3.566488984185475e-7,7,2
73858,7,2.7887001868429127e-6,7,2
73858,10,1.3538339901684576e-6,7,2
73858,15,3.635188479069857e-7,7,2
73858,9,2.454897397563269e-6,7,2
73858,18,9.606098719955323e-7,7,2
73858,3,1.572919335195909e-4,7,2
73858,16,0,7,2
73858,2,1.3186338509133135e-4,7,2
73858,5,1.307524805254238e-5,7,2
73858,4,1.2200192433710104e-4,7,2
73858,12,1.189049331278656e-6,7,2
73858,13,6.745398963367088e-7,7,2
73858,6,5.972113999483883e-6,7,2
73900,8,2.188282224401855e-4,6,4
73900,17,1.7776690634386092e-6,6,4
73900,11,4.636435679441117e-5,6,4
73900,7,3.5172481106556235e-4,6,4
73900,10,1.0379393924624842e-4,6,4
73900,15,7.270376958139714e-6,6,4
73900,9,1.6120492910665465e-4,6,4
73900,18,6.40406581330355e-7,6,4
73900,3,6.860276864705142e-5,6,4
73900,16,2.5956487286327124e-6,6,4
73900,2,6.745853174146004e-5,6,4
73900,5,0.00127131642603181,6,4
73900,4,1.2387311949564554e-4,6,4
73900,12,3.051893283615217e-5,6,4
73900,13,1.55144176157443e-5,6,4
73900,6,7.185396106747452e-4,6,4
73979,8,2.3353209509426912e-5,7,2
73979,17,7.110676253754437e-7,7,2
73979,11,9.98616915571933e-6,7,2
73979,7,3.416157728882568e-5,7,2
73979,10,1.3538339901684576e-5,7,2
73979,15,1.8175942395349288e-6,7,2
73979,9,1.800258091546397e-5,7,2
73979,18,3.202032906651775e-6,7,2
73979,3,1.585280194411594e-4,7,2
73979,16,2.966455689865957e-6,7,2
73979,2,1.9460259568215428e-4,7,2
73979,5,3.6459826300358565e-5,7,2
73979,4,1.3584876851033032e-4,7,2
73979,12,3.963497770928853e-6,7,2
73979,13,7.082668911535442e-6,7,2
73979,6,3.6147005786349825e-5,7,2
74003,8,5.535575587419712e-5,6,4
74003,17,3.1998043141894965e-6,6,4
74003,11,1.3552658139904805e-5,6,4
74003,7,7.424914247469254e-5,6,4
74003,10,3.655351773454835e-5,6,4
74003,15,2.9081507832558855e-6,6,4
74003,9,5.3189443613870825e-5,6,4
74003,18,3.202032906651775e-7,6,4
74003,3,1.2669880696077065e-4,6,4
74003,16,3.708069612332446e-6,6,4
74003,2,8.550299496448433e-5,6,4
74003,5,3.183320006638203e-4,6,4
74003,4,9.91733434028582e-5,6,4
74003,12,1.704304041499407e-5,6,4
74003,13,9.106288600545569e-6,6,4
74003,6,2.118528860869546e-4,6,4
74023,8,7.775753832953628e-4,3,1
74023,17,3.981978702102485e-5,3,1
74023,11,1.9437364963810835e-4,3,1
74023,7,0.00130441451239577,3,1
74023,10,3.434225555060654e-4,3,1
74023,15,7.561192036465303e-5,3,1
74023,9,6.718235877998146e-4,3,1
74023,18,2.56162632532142e-5,3,1
74023,3,3.5228448764702084e-5,3,1
74023,16,5.487943026252021e-5,3,1
74023,2,2.9703962536363063e-5,3,1
74023,5,0.0045760853713119,3,1
74023,4,9.322294279868672e-4,3,1
74023,12,1.676559557102905e-4,3,1
74023,13,1.2478988082229112e-4,3,1
74023,6,0.0025290331178867,3,1
74135,8,1.470387265408361e-5,6,4
74135,17,0,6,4
74135,11,2.8531911873483795e-6,6,4
74135,7,1.812655121447893e-5,6,4
74135,10,6.769169950842288e-6,6,4
74135,15,0,6,4
74135,9,7.364692192689806e-6,6,4
74135,18,0,6,4
74135,3,0,6,4
74135,16,0,6,4
74135,2,8.883428048258112e-6,6,4
74135,5,1.234605152653521e-4,6,4
74135,4,5.426465959779034e-5,6,4
74135,12,7.926995541857708e-7,6,4
74135,13,1.011809844505063e-6,6,4
74135,6,4.7462590206424546e-5,6,4
74286,8,2.767787793709856e-5,6,4
74286,17,1.0666014380631656e-6,6,4
74286,11,8.202924663626592e-6,6,4
74286,7,3.451016481218104e-5,6,4
74286,10,2.301517783286378e-5,6,4
74286,15,5.816301566511771e-6,6,4
74286,9,2.904961920449868e-5,6,4
74286,18,9.606098719955323e-7,6,4
74286,3,1.418408594999847e-4,6,4
74286,16,4.82049049603218e-6,6,4
74286,2,1.2131431428402484e-4,6,4
74286,5,2.564760194921775e-5,6,4
74286,4,5.576161572462594e-5,6,4
74286,12,5.94524665639328e-6,6,4
74286,13,8.094478756040504e-6,6,4
74286,6,4.1176154417494145e-5,6,4
74438,8,0.00782851478777122,3,1
74438,17,4.277071766633294e-4,3,1
74438,11,0.00285319118734837,3,1
74438,7,0.01032795114197272,3,1
74438,10,0.00459987662059569,3,1
74438,15,7.13223979593506e-4,3,1
74438,9,0.0064936127661211,3,1
74438,18,3.3557304861710604e-4,3,1
74438,3,4.882539390195552e-5,3,1
74438,16,5.491651095864353e-4,3,1
74438,2,2.9703962536363063e-5,3,1
74438,5,0.02141122158019401,3,1
74438,4,0.00204783598151109,3,1
74438,12,0.00207687283196671,3,1
74438,13,0.0012799394532989,3,1
74438,6,0.01612439347681703,3,1
74555,8,8.9088169610036e-5,3,1
74555,17,1.3154751069445708e-5,3,1
74555,11,6.704999290268692e-5,3,1
74555,7,1.3281184639839371e-4,3,1
74555,10,7.310703546909671e-5,3,1
74555,15,2.1084093178605172e-5,3,1
74555,9,9.124035327610147e-5,3,1
74555,18,8.005082266629437e-6,3,1
74555,3,3.0902148039212352e-6,3,1
74555,16,1.8911155022895476e-5,3,1
74555,2,6.107356783177452e-6,3,1
74555,5,7.694280584765324e-5,3,1
74555,4,2.020890771228054e-5,3,1
74555,12,3.844592837800988e-5,3,1
74555,13,3.440153471317215e-5,3,1
74555,6,2.1122424250806155e-4,3,1
74592,8,0.00335291543197383,3,1
74592,17,2.1509795667607173e-4,3,1
74592,11,0.00115411583528241,3,1
74592,7,0.00489591176552608,3,1
74592,10,0.00193146982597366,3,1
74592,15,2.5955245740558777e-4,3,1
74592,9,0.00275603147833102,3,1
74592,18,1.6234306836724498e-4,3,1
74592,3,3.6464534686270576e-5,3,1
74592,16,2.4065371784037575e-4,3,1
74592,2,1.47131777049275e-5,3,1
74592,5,0.01135635582778892,3,1
74592,4,0.00103963603008732,3,1
74592,12,9.19531482855494e-4,3,1
74592,13,5.608799238039733e-4,3,1
74592,6,0.00838673398601205,3,1
74859,8,9.081803698110464e-6,7,2
74859,17,0,7,2
74859,11,1.4265955936741898e-6,7,2
74859,7,1.9520901307900387e-5,7,2
74859,10,3.1589459770597342e-06,7,2
74859,15,0,7,2
74859,9,6.546393060168717e-6,7,2
74859,18,0,7,2
74859,3,2.997508359803598e-5,7,2
74859,16,0,7,2
74859,2,2.1098141614613015e-5,7,2
74859,5,5.83357220805737e-5,7,2
74859,4,6.324639635880392e-5,7,2
74859,12,1.9817488854644267e-6,7,2
74859,13,1.011809844505063e-6,7,2
74859,6,4.1176154417494145e-5,7,2
75024,8,1.980698139873616e-4,3,1
75024,17,3.6264448894147626e-5,3,1
75024,11,1.7012152454564717e-4,3,1
75024,7,2.9699656989877016e-4,3,1
75024,10,1.7283947274483974e-4,3,1
75024,15,4.32587429009313e-5,3,1
75024,9,2.0048328746766696e-4,3,1
75024,18,3.330114222917846e-5,3,1
75024,3,8.343579970587336e-6,3,1
75024,16,4.968813280525478e-5,3,1
75024,2,4.441714024129056e-5,3,1
75024,5,2.0316923897027e-4,3,1
75024,4,3.143607866354751e-5,3,1
75024,12,1.0899618870054348e-4,3,1
75024,13,9.915736476149618e-5,3,1
75024,6,5.038578284827719e-4,3,1
75135,8,5.016615376099114e-5,6,4
75135,17,1.0666014380631656e-6,6,4
75135,11,1.7119147124090278e-5,6,4
75135,7,7.146044228784964e-5,6,4
75135,10,2.166134384269532e-5,6,4
75135,15,1.4540753916279428e-6,6,4
75135,9,3.4368563565885765e-5,6,4
75135,18,9.606098719955323e-7,6,4
75135,3,1.1124773294116448e-5,6,4
75135,16,7.416139224664892e-7,6,4
75135,2,1.110428506032264e-5,6,4
75135,5,2.670367967653848e-4,6,4
75135,4,6.77372647393107e-5,6,4
75135,12,9.116044873136364e-6,6,4
75135,13,8.43174870420886e-6,6,4
75135,6,1.511887807237762e-4,6,4
75159,8,1.1676604754713456e-5,6,4
75159,17,1.4221352507508874e-6,6,4
75159,11,5.349733476278212e-6,6,4
75159,7,2.1961013971387935e-5,6,4
75159,10,6.3178919541194684e-06,6,4
75159,15,0,6,4
75159,9,7.364692192689806e-6,6,4
75159,18,0,6,4
75159,3,4.295398577450517e-5,6,4
75159,16,3.708069612332446e-7,6,4
75159,2,4.191867610271797e-5,6,4
75159,5,9.303541883539771e-6,6,4
75159,4,2.769368834645852e-5,6,4
75159,12,2.7744484396501974e-6,6,4
75159,13,1.686349740841772e-6,6,4
75159,6,2.7974639260740297e-5,6,4
75241,8,1.556880633961794e-5,7,2
75241,17,0,7,2
75241,11,7.132977968370949e-7,7,2
75241,7,1.9172313784545024e-5,7,2
75241,10,1.8051119868912768e-6,7,2
75241,15,3.635188479069857e-7,7,2
75241,9,8.182991325210897e-6,7,2
75241,18,0,7,2
75241,3,5.469680202940587e-5,7,2
75241,16,1.854034806166223e-6,7,2
75241,2,6.940178162701651e-5,7,2
75241,5,7.56855704579857e-5,7,2
75241,4,1.5905158847628203e-4,7,2
75241,12,3.963497770928853e-6,7,2
75241,13,1.011809844505063e-6,7,2
75241,6,4.0547510838601105e-5,7,2
75311,8,6.443755957230759e-5,3,1
75311,17,4.621939564940384e-6,3,1
75311,11,3.887472992762167e-5,3,1
75311,7,9.30728687358822e-5,3,1
75311,10,3.700479573127117e-5,3,1
75311,15,1.6358348155814357e-5,3,1
75311,9,4.8279648818744285e-5,3,1
75311,18,4.4828460693124855e-6,3,1
75311,3,3.090214803921236e-7,3,1
75311,16,1.112420883699734e-5,3,1
75311,2,0,3,1
75311,5,5.12952038984355e-5,3,1
75311,4,7.859019665886877e-6,3,1
75311,12,2.5366385733944664e-5,3,1
75311,13,2.091073678643797e-5,3,1
75311,6,1.5370335503934836e-4,3,1
75318,8,4.6706419018853824e-5,7,2
75318,17,1.7776690634386092e-6,7,2
75318,11,1.676249822567173e-5,7,2
75318,7,5.5774003736858254e-5,7,2
75318,10,1.7148563875467128e-5,7,2
75318,15,3.635188479069857e-7,7,2
75318,9,3.518686269840685e-5,7,2
75318,18,1.6010164533258875e-6,7,2
75318,3,3.142748455587896e-4,7,2
75318,16,1.854034806166223e-6,7,2
75318,2,2.867681616828322e-4,7,2
75318,5,1.5187403507183842e-4,7,2
75318,4,2.3464787288147965e-4,7,2
75318,12,9.512394650229247e-6,7,2
75318,13,1.0455368393218983e-5,7,2
75318,6,1.0152593799122602e-4,7,2
75343,8,1.5136339496850776e-5,6,4
75343,17,3.5553381268772184e-7,6,4
75343,11,3.5664889841854747e-6,6,4
75343,7,3.172146462533813e-5,6,4
75343,10,5.86661395739665e-6,6,4
75343,15,0,6,4
75343,9,1.104703828903471e-5,6,4
75343,18,9.606098719955323e-7,6,4
75343,3,2.5030739911762006e-5,6,4
75343,16,3.708069612332446e-7,6,4
75343,2,1.5545999084451696e-5,6,4
75343,5,1.1239684383627778e-4,6,4
75343,4,1.4595322236647056e-5,6,4
75343,12,1.9817488854644267e-6,6,4
75343,13,1.686349740841772e-6,6,4
75343,6,5.3434704205908434e-5,6,4
75357,8,3.7192148477976197e-05,6,4
75357,17,3.1998043141894965e-6,6,4
75357,11,1.6049200428834636e-5,6,4
75357,7,5.054519088652779e-5,6,4
75357,10,2.797923579681479e-5,6,4
75357,15,4.725745022790814e-6,6,4
75357,9,4.050580705979393e-5,6,4
75357,18,3.84243948798213e-6,6,4
75357,3,3.862768504901544e-5,6,4
75357,16,7.416139224664892e-7,6,4
75357,2,6.85689602474923e-5,6,4
75357,5,2.7659178572685807e-5,6,4
75357,4,4.416020574165007e-5,6,4
75357,12,5.94524665639328e-6,6,4
75357,13,7.75720880787215e-6,6,4
75357,6,4.7776911995871066e-5,6,4
75432,8,8.649336855343301e-6,6,4
75432,17,0,6,4
75432,11,1.7832444920927374e-6,6,4
75432,7,3.172146462533813e-5,6,4
75432,10,7.220447947565107e-6,6,4
75432,15,0,6,4
75432,9,1.3092786120337432e-5,6,4
75432,18,0,6,4
75432,3,1.9777374745095907e-5,6,4
75432,16,1.112420883699734e-6,6,4
75432,2,1.5545999084451696e-5,6,4
75432,5,1.3653576331789448e-4,6,4
75432,4,7.559628440519758e-5,6,4
75432,12,7.926995541857708e-7,6,4
75432,13,1.011809844505063e-6,6,4
75432,6,6.0035461784285354e-5,6,4
75604,8,3.805708216351053e-5,6,4
75604,17,4.621939564940384e-6,6,4
75604,11,1.4979253733578992e-5,6,4
75604,7,2.6841239298363032e-5,6,4
75604,10,1.4440895895130216e-5,6,4
75604,15,7.270376958139714e-7,6,4
75604,9,2.6594721806935413e-5,6,4
75604,18,6.40406581330355e-7,6,4
75604,3,7.076591900979629e-5,6,4
75604,16,1.4832278449329785e-6,6,4
75604,2,7.606435266321009e-5,6,4
75604,5,3.847140292382662e-5,6,4
75604,4,6.811150377101961e-5,6,4
75604,12,8.323345318950592e-6,6,4
75604,13,0,6,4
75604,6,4.0547510838601105e-5,6,4
75763,8,0.00161439872404982,1,9
75763,17,0.00305261331573677,1,9
75763,11,0.00195907239901308,1,9
75763,7,0.00138633258038428,1,9
75763,10,0.00171575894354015,1,9
75763,15,0.00362682754556799,1,9
75763,9,0.00161082184236776,1,9
75763,18,0.00299902402037005,1,9
75763,3,1.0414023889214564e-4,1,9
75763,16,0.00325383108482172,1,9
75763,2,9.88281370368715e-5,1,9
75763,5,0.00169953079975257,1,9
75763,4,2.735687321792051e-4,1,9
75763,12,0.00226830977430258,1,9
75763,13,0.00256325160607949,1,9
75763,6,0.00152603228776285,1,9
75776,8,1.150361801760659e-4,4,3
75776,17,1.2443683444070264e-5,4,3
75776,11,5.670717484854905e-5,4,3
75776,7,1.0039320672634484e-4,4,3
75776,10,8.845048735767256e-5,4,3
75776,15,9.087971197674644e-6,4,3
75776,9,6.66913793004688e-5,4,3
75776,18,6.40406581330355e-6,4,3
75776,3,8.961622931371583e-6,4,3
75776,16,4.449683534798936e-6,4,3
75776,2,1.2769927819371037e-5,4,3
75776,5,7.996017078285533e-5,4,3
75776,4,2.2828580934242835e-5,4,3
75776,12,4.8354672805332014e-5,4,3
75776,13,2.2259816579111388e-5,4,3
75776,6,1.197566017791242e-4,4,3
76029,8,9.081803698110464e-6,7,2
76029,17,1.0666014380631656e-6,7,2
76029,11,6.063031273115307e-6,7,2
76029,7,7.320337990462645e-6,7,2
76029,10,3.6102239737825536e-6,7,2
76029,15,0,7,2
76029,9,5.3189443613870825e-6,7,2
76029,18,0,7,2
76029,3,3.6464534686270576e-5,7,2
76029,16,1.4832278449329785e-6,7,2
76029,2,2.8038319777314662e-5,7,2
76029,5,1.2823800974608876e-5,7,2
76029,4,6.99826989295641e-5,7,2
76029,12,2.3780986625573123e-6,7,2
76029,13,0,7,2
76029,6,1.2258549788414288e-5,7,2
76152,8,8.649336855343301e-7,7,2
76152,17,3.5553381268772184e-7,7,2
76152,11,8.916222460463686e-6,7,2
76152,7,5.228812850330461e-6,7,2
76152,10,4.061501970505373e-6,7,2
76152,15,1.4540753916279428e-6,7,2
76152,9,9.41044002399253e-6,7,2
76152,18,6.40406581330355e-7,7,2
76152,3,7.509221973528602e-5,7,2
76152,16,0,7,2
76152,2,5.774228231367773e-5,7,2
76152,5,4.526047402803132e-6,7,2
76152,4,1.1975649014684764e-4,7,2
76152,12,4.7561973251146245e-6,7,2
76152,13,1.3490797926734176e-6,7,2
76152,6,1.571608947232601e-5,7,2
76153,8,1.1287384596223008e-4,6,4
76153,17,3.9108719395649406e-6,6,4
76153,11,1.3552658139904805e-5,6,4
76153,7,1.861457374717644e-4,6,4
76153,10,6.001997356413495e-5,6,4
76153,15,3.635188479069857e-6,6,4
76153,9,8.878545587853822e-5,6,4
76153,18,2.2414230346562428e-6,6,4
76153,3,3.5846491725486333e-5,6,4
76153,16,3.708069612332446e-7,6,4
76153,2,7.495392415717783e-5,6,4
76153,5,5.62990007493123e-4,6,4
76153,4,1.1451714370292308e-4,6,4
76153,12,9.512394650229247e-6,6,4
76153,13,1.0455368393218983e-5,6,4
76153,6,3.2280847776157624e-4,6,4
76205,8,1.0292710857858528e-4,7,2
76205,17,8.532811504505325e-6,7,2
76205,11,5.56372281532934e-5,7,2
76205,7,1.366463091553027e-4,7,2
76205,10,4.2420131691945005e-5,7,2
76205,15,1.4904272764186414e-5,7,2
76205,9,9.124035327610147e-5,7,2
76205,18,6.40406581330355e-6,7,2
76205,3,2.258947021666423e-4,7,2
76205,16,6.674525302198403e-6,7,2
76205,2,2.5512094926091267e-4,7,2
76205,5,2.9343873994840304e-4,7,2
76205,4,2.885382934475611e-4,7,2
76205,12,3.170798216743083e-5,7,2
76205,13,1.6188957512081008e-5,7,2
76205,6,2.228541487175828e-4,7,2
76282,8,2.248827582389258e-5,7,2
76282,17,0,7,2
76282,11,1.0699466952556424e-6,7,2
76282,7,3.137287710198276e-5,7,2
76282,10,7.220447947565107e-6,7,2
76282,15,0,7,2
76282,9,1.800258091546397e-5,7,2
76282,18,1.921219743991065e-6,7,2
76282,3,1.3689651581371074e-4,7,2
76282,16,0,7,2
76282,2,7.939563818130688e-5,7,2
76282,5,1.164199970832139e-4,7,2
76282,4,4.715411799532127e-5,7,2
76282,12,4.359847548021739e-6,7,2
76282,13,3.372699481683544e-6,7,2
76282,6,6.789350652044836e-5,7,2
76316,8,5.31934216603613e-4,3,1
76316,17,1.0666014380631655e-5,3,1
76316,11,9.272871358882232e-5,3,1
76316,7,8.373072310995845e-4,3,1
76316,10,1.926957046006438e-4,3,1
76316,15,9.087971197674644e-6,3,1
76316,9,3.8255484445360937e-4,3,1
76316,18,1.7290977695919584e-5,3,1
76316,3,1.2051837735292818e-5,3,1
76316,16,5.932911379731914e-6,3,1
76316,2,3.886499771112924e-6,3,1
76316,5,0.00296556683714778,3,1
76316,4,3.768587049308612e-4,3,1
76316,12,5.9452466563932806e-5,3,1
76316,13,2.5632516060794932e-5,3,1
76316,6,0.00163887381017415,3,1
76424,8,1.0811671069179126e-5,7,2
76424,17,0,7,2
76424,11,3.209840085766927e-6,7,2
76424,7,8.366100560528738e-6,7,2
76424,10,2.7076679803369152e-6,7,2
76424,15,0,7,2
76424,9,1.0637888722774163e-5,7,2
76424,18,0,7,2
76424,3,6.242233903920896e-5,7,2
76424,16,0,7,2
76424,2,5.774228231367773e-5,7,2
76424,5,1.0560777273207309e-5,7,2
76424,4,3.51784689806365e-5,7,2
76424,12,1.5853991083715415e-6,7,2
76424,13,3.0354295335151892e-6,7,2
76424,6,1.0686940841181686e-5,7,2
76441,8,6.746482747167774e-5,6,4
76441,17,1.173261581869482e-5,6,4
76441,11,4.886089908334101e-5,6,4
76441,7,8.644970579213029e-5,6,4
76441,10,6.0471251560857775e-5,6,4
76441,15,9.815008893488614e-6,6,4
76441,9,5.155284534882865e-5,6,4
76441,18,1.6010164533258875e-6,6,4
76441,3,1.0444926037253776e-4,6,4
76441,16,7.045332263431648e-6,6,4
76441,2,6.051835357875839e-5,6,4
76441,5,3.09279905858214e-5,6,4
76441,4,3.892085929772549e-5,6,4
76441,12,2.4573686179758897e-5,6,4
76441,13,1.4839877719407592e-5,6,4
76441,6,1.4553098851373885e-4,6,4
76489,8,3.935448269181202e-5,7,2
76489,17,0,7,2
76489,11,1.6049200428834636e-5,7,2
76489,7,6.7974567054296e-5,7,2
76489,10,1.669728587874431e-5,7,2
76489,15,7.270376958139714e-6,7,2
76489,9,3.232281573458304e-5,7,2
76489,18,6.40406581330355e-7,7,2
76489,3,1.245356565980258e-4,7,2
76489,16,0,7,2
76489,2,1.4157963451911368e-4,7,2
76489,5,1.7299558961825305e-4,7,2
76489,4,1.736469107129291e-4,7,2
76489,12,3.567147993835968e-6,7,2
76489,13,2.698159585346835e-6,7,2
76489,6,1.1598474030576596e-4,7,2
76588,8,3.278098668175111e-4,2,8
76588,17,0.00103247019204514,2,8
76588,11,0.00108777914017656,2,8
76588,7,2.5446889204941577e-4,2,8
76588,10,3.592172853913641e-4,2,8
76588,15,0.00115889808712747,2,8
76588,9,4.70112851633366e-4,2,8
76588,18,0.00112903680288541,2,8
76588,3,6.0877231637248336e-5,2,8
76588,16,0.00108906004514203,2,8
76588,2,7.717478116924235e-5,2,8
76588,5,8.674924188706003e-5,2,8
76588,4,3.4804229948927596e-5,2,8
76588,12,0.00114901800379227,2,8
76588,13,0.00129714022065549,2,8
76588,6,1.6281868693329745e-4,2,8
76636,8,4.255473732828904e-4,3,1
76636,17,1.4576886320196597e-5,3,1
76636,11,1.2304386995439886e-4,3,1
76636,7,6.250174293761677e-4,3,1
76636,10,2.0307509852526864e-4,3,1
76636,15,1.7448904699535315e-5,3,1
76636,9,3.571875713454556e-4,3,1
76636,18,5.12325265064284e-6,3,1
76636,3,3.399236284313359e-6,3,1
76636,16,9.270174030831115e-6,3,1
76636,2,2.77607126508066e-7,3,1
76636,5,0.002026914895222,3,1
76636,4,1.8150593037881597e-4,3,1
76636,12,6.50013634432332e-5,3,1
76636,13,4.0472393780202525e-5,3,1
76636,6,0.00122176879557862,3,1
76652,8,2.940774530816722e-5,6,4
76652,17,1.0666014380631656e-6,6,4
76652,11,1.2839360343067709e-5,6,4
76652,7,2.0218076354611116e-5,6,4
76652,10,1.2635783908238937e-5,6,4
76652,15,3.2716696311628713e-6,6,4
76652,9,2.454897397563269e-5,6,4
76652,18,6.40406581330355e-7,6,4
76652,3,2.194052510784077e-5,6,4
76652,16,0,6,4
76652,2,4.4972354494306694e-5,6,4
76652,5,1.4583930520143426e-5,6,4
76652,4,4.116629348797888e-5,6,4
76652,12,1.5853991083715415e-6,6,4
76652,13,4.3845093261886066e-6,6,4
76652,6,3.6461327575796345e-5,6,4
76658,8,1.9331267871692276e-4,6,4
76658,17,6.399608628378993e-6,6,4
76658,11,2.7461965178228153e-5,6,4
76658,7,3.0501408293594353e-4,6,4
76658,10,6.543530952480878e-5,6,4
76658,15,4.362226174883829e-6,6,4
76658,9,1.288821133720716e-4,6,4
76658,18,4.803049359977663e-6,6,4
76658,3,2.3794653990193512e-5,6,4
76658,16,4.449683534798936e-6,6,4
76658,2,1.1659499313338773e-5,6,4
76658,5,0.00102188092472177,6,4
76658,4,1.40713875922546e-4,6,4
76658,12,2.100653818592293e-5,6,4
76658,13,2.2597086527279744e-5,6,4
76658,6,6.094699497368026e-4,6,4
76686,8,0.02754251581531244,3,1
76686,17,0.00589475061436242,3,1
76686,11,0.01092344246076327,3,1
76686,7,0.03646539223068128,3,1
76686,10,0.01697076034475833,3,1
76686,15,0.00592099499470898,3,1
76686,9,0.02367707624993146,3,1
76686,18,0.005732279309488,3,1
76686,3,5.747799535293498e-5,3,1
76686,16,0.00587209903808966,3,1
76686,2,1.6045691912166214e-4,3,1
76686,5,0.04493384427379569,3,1
76686,4,6.691393886955112e-4,3,1
76686,12,0.00990676267843667,3,1
76686,13,0.00745939944363949,3,1
76686,6,0.04969458923328429,3,1
76727,8,9.081803698110464e-6,7,2
76727,17,2.8442705015017748e-6,7,2
76727,11,1.7832444920927374e-6,7,2
76727,7,6.274575420396553e-6,7,2
76727,10,4.512779967228192e-6,7,2
76727,15,6.179820414418757e-6,7,2
76727,9,5.3189443613870825e-6,7,2
76727,18,1.6010164533258875e-6,7,2
76727,3,5.5623866470582234e-5,7,2
76727,16,1.112420883699734e-6,7,2
76727,2,4.24738903557341e-5,7,2
76727,5,4.777494480736639e-6,7,2
76727,4,9.580519211747812e-5,7,2
76727,12,3.963497770928853e-6,7,2
76727,13,1.3490797926734176e-6,7,2
76727,6,1.1944227998967768e-5,7,2
76904,8,1.3146992020121817e-4,7,2
76904,17,1.2088149631382544e-5,7,2
76904,11,3.6734836537110386e-5,7,2
76904,7,1.7917398700465712e-4,7,2
76904,10,6.001997356413495e-5,7,2
76904,15,6.179820414418757e-6,7,2
76904,9,9.083120370984096e-5,7,2
76904,18,2.56162632532142e-6,7,2
76904,3,4.391195236372075e-4,7,2
76904,16,1.1865822759463828e-5,7,2
76904,2,4.4139533114782495e-4,7,2
76904,5,4.267056912531619e-4,7,2
76904,4,7.361281753714042e-4,7,2
76904,12,2.140288796301581e-5,7,2
76904,13,2.428343626812151e-5,7,2
76904,6,2.6371598134563044e-4,7,2
76922,8,5.829653040501384e-4,6,4
76922,17,1.7776690634386093e-5,6,4
76922,11,1.2233057215756178e-4,6,4
76922,7,8.854123093226247e-4,6,4
76922,10,2.1029554647283377e-4,6,4
76922,15,3.380725285534967e-5,6,4
76922,9,4.418815315613884e-4,6,4
76922,18,9.926302010620505e-6,6,4
76922,3,4.3263007254897294e-5,6,4
76922,16,1.928196198412872e-5,6,4
76922,2,1.5823606210959764e-5,6,4
76922,5,0.00321097918521088,6,4
76922,4,6.885998183443741e-4,6,4
76922,12,9.19531482855494e-5,6,4
76922,13,6.306948030748227e-5,6,4
76922,6,0.00179006259089793,6,4
77238,8,2.4650610037728407e-5,6,4
77238,17,3.5553381268772184e-7,6,4
77238,11,8.559573562045139e-6,6,4
77238,7,2.3006776541454027e-5,6,4
77238,10,1.2184505911516116e-5,6,4
77238,15,3.635188479069857e-6,6,4
77238,9,1.0637888722774163e-5,6,4
77238,18,0,6,4
77238,3,2.7502911754898996e-5,6,4
77238,16,1.112420883699734e-6,6,4
77238,2,7.661956691622622e-5,6,4
77238,5,2.0115766234680587e-5,6,4
77238,4,3.0313361568420812e-5,6,4
77238,12,6.737946210579051e-6,6,4
77238,13,8.094478756040504e-6,6,4
77238,6,4.5576659469745426e-5,6,4
77405,8,2.984021215093439e-5,6,4
77405,17,0,6,4
77405,11,6.063031273115307e-6,6,4
77405,7,3.939039013915614e-5,6,4
77405,10,4.964057963951011e-6,6,4
77405,15,1.8175942395349288e-6,6,4
77405,9,2.700387137319596e-5,6,4
77405,18,0,6,4
77405,3,0,6,4
77405,16,7.416139224664892e-7,6,4
77405,2,4.719321150637123e-6,6,4
77405,5,2.0015187403507183e-4,6,4
77405,4,4.827683509044796e-5,6,4
77405,12,0,6,4
77405,13,3.372699481683544e-6,6,4
77405,6,1.0026865083343994e-4,6,4
77463,8,3.632721479244186e-5,6,4
77463,17,5.333007190315828e-6,6,4
77463,11,2.0685636108275753e-5,6,4
77463,7,6.344292925067626e-5,6,4
77463,10,3.068690377715171e-5,6,4
77463,15,7.270376958139714e-6,6,4
77463,9,4.664305055370211e-5,6,4
77463,18,1.6010164533258875e-6,6,4
77463,3,7.23110264117569e-5,6,4
77463,16,9.270174030831115e-6,6,4
77463,2,1.2186952853704098e-4,6,4
77463,5,4.4506132794230795e-5,6,4
77463,4,8.345530407108445e-5,6,4
77463,12,2.2591937294294463e-5,6,4
77463,13,1.0455368393218983e-5,6,4
77463,6,1.024689033595656e-4,6,4
77511,8,6.487002641507475e-5,7,2
77511,17,5.6885410030035495e-6,7,2
77511,11,4.315451670864424e-5,7,2
77511,7,9.132993111910538e-5,7,2
77511,10,3.5199683744379894e-5,7,2
77511,15,7.997414653953685e-6,7,2
77511,9,5.9326687107779e-5,7,2
77511,18,4.4828460693124855e-6,7,2
77511,3,7.203290707940399e-4,7,2
77511,16,1.854034806166223e-6,7,2
77511,2,8.897308404583516e-4,7,2
77511,5,1.330155042268254e-4,7,2
77511,4,8.861980270866727e-4,7,2
77511,12,2.4573686179758897e-5,7,2
77511,13,9.106288600545569e-6,7,2
77511,6,1.508744589343297e-4,7,2
77626,8,4.973368691822398e-5,5,7
77626,17,5.6885410030035495e-6,5,7
77626,11,2.032898720985721e-5,5,7
77626,7,4.705931565297415e-5,5,7
77626,10,4.873802364606447e-5,5,7
77626,15,3.635188479069857e-6,5,7
77626,9,5.646264014395518e-5,5,7
77626,18,6.40406581330355e-7,5,7
77626,3,2.4103675470585636e-5,5,7
77626,16,5.932911379731914e-6,5,7
77626,2,1.6934034716992028e-5,5,7
77626,5,4.12373207810952e-5,5,7
77626,4,3.742390317088989e-7,5,7
77626,12,1.783573996917984e-5,5,7
77626,13,1.55144176157443e-5,5,7
77626,6,5.3434704205908434e-5,5,7
77690,8,7.351936327041805e-6,7,2
77690,17,0,7,2
77690,11,4.636435679441117e-6,7,2
77690,7,3.834462756909005e-6,7,2
77690,10,3.1589459770597342e-06,7,2
77690,15,0,7,2
77690,9,4.500645228865993e-6,7,2
77690,18,0,7,2
77690,3,2.110616711078204e-4,7,2
77690,16,0,7,2
77690,2,2.5928505615853366e-4,7,2
77690,5,2.5144707793350732e-5,7,2
77690,4,2.1930407258141475e-4,7,2
77690,12,1.5853991083715415e-6,7,2
77690,13,0,7,2
77690,6,1.2572871577860808e-5,7,2
77760,8,9.298037119494047e-5,6,4
77760,17,4.266405752252662e-6,6,4
77760,11,2.710531627980961e-5,6,4
77760,7,8.052371789508909e-5,6,4
77760,10,5.3250803613292664e-5,6,4
77760,15,2.0720574330698185e-5,6,4
77760,9,5.728093927647627e-5,6,4
77760,18,1.6010164533258875e-6,6,4
77760,3,1.4091379505880834e-4,6,4
77760,16,2.5956487286327124e-6,6,4
77760,2,8.550299496448433e-5,6,4
77760,5,8.674924188706003e-5,6,4
77760,4,1.388426807640015e-4,6,4
77760,12,1.189049331278656e-5,6,4
77760,13,1.079263834138734e-5,6,4
77760,6,1.213282107263568e-4,6,4
77953,8,5.1896021132059806e-5,4,3
77953,17,4.621939564940384e-6,4,3
77953,11,2.389547619404268e-5,4,3
77953,7,5.542541621350288e-5,4,3
77953,10,2.5271567816477874e-5,4,3
77953,15,7.270376958139714e-6,4,3
77953,9,4.541560185492047e-5,4,3
77953,18,1.921219743991065e-6,4,3
77953,3,1.4524009578429806e-5,4,3
77953,16,4.449683534798936e-6,4,3
77953,2,6.94017816270165e-6,4,3
77953,5,3.696272045622558e-5,4,3
77953,4,1.4221083204938158e-5,4,3
77953,12,1.6646690637901184e-5,4,3
77953,13,9.106288600545569e-6,4,3
77953,6,9.461085862340258e-5,4,3
78065,8,1.470387265408361e-5,6,4
78065,17,2.488736688814053e-6,6,4
78065,11,1.8902391616183017e-5,6,4
78065,7,3.416157728882568e-5,6,4
78065,10,2.3917733826309415e-5,6,4
78065,15,2.5446319353489e-6,6,4
78065,9,2.1684927011808876e-5,6,4
78065,18,3.202032906651775e-6,6,4
78065,3,3.862768504901544e-5,6,4
78065,16,1.4832278449329785e-6,6,4
78065,2,3.886499771112924e-5,6,4
78065,5,2.338457824781618e-5,6,4
78065,4,2.1705863839116137e-5,6,4
78065,12,1.2286843089879449e-5,6,4
78065,13,7.419938859703796e-6,6,4
78065,6,4.8091233785317586e-5,6,4
78200,8,3.675968163520903e-4,6,4
78200,17,4.621939564940384e-6,6,4
78200,11,6.348350391850145e-5,6,4
78200,7,5.925987897041189e-4,6,4
78200,10,1.5388579688248134e-4,6,4
78200,15,6.179820414418757e-6,6,4
78200,9,2.684021154669174e-4,6,4
78200,18,3.5222361973169528e-6,6,4
78200,3,1.0444926037253776e-4,6,4
78200,16,3.708069612332446e-6,6,4
78200,2,6.690331748844391e-5,6,4
78200,5,0.00186473152995489,6,4
78200,4,3.9107978813579937e-4,6,4
78200,12,4.518387458858893e-5,6,4
78200,13,2.7318865801636706e-5,6,4
78200,6,0.00105109206390916,6,4
78255,8,2.0628668399993e-4,3,1
78255,17,2.5953968326203696e-5,3,1
78255,11,1.073513184239828e-4,3,1
78255,7,2.6144064251652305e-4,3,1
78255,10,2.567771801352841e-4,3,1
78255,15,3.889651672604747e-5,3,1
78255,9,1.6938792043186556e-4,3,1
78255,18,2.3695043509223137e-5,3,1
78255,3,3.399236284313359e-6,3,1
78255,16,2.5214873363860635e-5,3,1
78255,2,0,3,1
78255,5,1.9990042695713833e-4,3,1
78255,4,4.116629348797888e-6,3,1
78255,12,1.0146554293577866e-4,3,1
78255,13,5.9359510877630366e-5,3,1
78255,6,2.7754614008127735e-4,3,1
78460,8,5.059862060375831e-5,4,3
78460,17,5.333007190315828e-6,4,3
78460,11,2.4608773990879775e-5,4,3
78460,7,6.623162943751918e-5,4,3
78460,10,4.557907766900474e-5,4,3
78460,15,6.179820414418757e-6,4,3
78460,9,6.096328537282118e-5,4,3
78460,18,2.2414230346562428e-6,4,3
78460,3,1.2978902176469188e-5,4,3
78460,16,9.270174030831115e-6,4,3
78460,2,1.8599677476040426e-5,4,3
78460,5,3.09279905858214e-5,4,3
78460,4,1.983466868057164e-5,4,3
78460,12,1.981748885464427e-5,4,3
78460,13,6.7453989633670875e-6,4,3
78460,6,8.549552672945349e-5,4,3
78472,8,6.573496010060909e-5,5,7
78472,17,3.9108719395649406e-6,5,7
78472,11,1.4979253733578992e-5,5,7
78472,7,5.124236593323852e-5,5,7
78472,10,3.700479573127117e-5,5,7
78472,15,9.087971197674644e-6,5,7
78472,9,4.541560185492047e-5,5,7
78472,18,0,5,7
78472,3,3.5228448764702084e-5,5,7
78472,16,7.786946185898137e-6,5,7
78472,2,1.8322070349532357e-5,5,7
78472,5,3.117943766375491e-5,5,7
78472,4,1.1227170951266968e-6,5,7
78472,12,7.134295987671936e-6,5,7
78472,13,6.408129015198733e-6,5,7
78472,6,5.3434704205908434e-5,5,7
78670,8,6.573496010060909e-5,6,4
78670,17,0,6,4
78670,11,1.0342818054137877e-5,6,4
78670,7,1.0143896929641094e-4,6,4
78670,10,2.0758787849249683e-5,6,4
78670,15,1.0905565437209572e-6,6,4
78670,9,3.477771313214631e-5,6,4
78670,18,6.40406581330355e-7,6,4
78670,3,1.0228611000979288e-4,6,4
78670,16,7.416139224664892e-7,6,4
78670,2,7.689717404273429e-5,6,4
78670,5,3.293956720928946e-4,6,4
78670,4,8.906888954671794e-5,6,4
78670,12,4.359847548021739e-6,6,4
78670,13,5.059049222525316e-6,6,4
78670,6,1.8702146472067952e-4,6,4
78715,8,4.7225379230174424e-4,1,9
78715,17,7.473320742695913e-4,1,9
78715,11,5.777712154380469e-4,1,9
78715,7,4.793078446136256e-4,1,9
78715,10,5.311542021427582e-4,1,9
78715,15,9.509653061246746e-4,1,9
78715,9,4.856605351512667e-4,1,9
78715,18,7.537585462258279e-4,1,9
78715,3,2.997508359803598e-5,1,9
78715,16,8.606429570223608e-4,1,9
78715,2,8.161649519337141e-5,1,9
78715,5,4.588909172286509e-4,1,9
78715,4,7.409932827836198e-5,1,9
78715,12,6.523917330948893e-4,1,9
78715,13,6.870188844189379e-4,1,9
78715,6,4.350213565939839e-4,1,9
78720,8,1.72986737106866e-6,7,2
78720,17,0,7,2
78720,11,7.132977968370949e-7,7,2
78720,7,4.183050280264369e-6,7,2
78720,10,1.8051119868912768e-6,7,2
78720,15,7.270376958139714e-7,7,2
78720,9,2.8640469638238135e-6,7,2
78720,18,0,7,2
78720,3,3.244725544117297e-5,7,2
78720,16,1.112420883699734e-6,7,2
78720,2,5.1079711277484146e-5,7,2
78720,5,4.777494480736639e-6,7,2
78720,4,5.7258571851461535e-5,7,2
78720,12,3.170798216743083e-6,7,2
78720,13,0,7,2
78720,6,5.343470420590843e-6,7,2
78958,8,3.848954900627769e-5,6,4
78958,17,3.5553381268772184e-7,6,4
78958,11,6.419680171533854e-6,6,4
78958,7,5.925987897041189e-5,6,4
78958,10,1.3989617898407397e-5,6,4
78958,15,3.2716696311628713e-6,6,4
78958,9,2.454897397563269e-5,6,4
78958,18,0,6,4
78958,3,1.4524009578429806e-5,6,4
78958,16,0,6,4
78958,2,1.0271463680798442e-5,6,4
78958,5,1.6997822468305096e-4,6,4
78958,4,0,6,4
78958,12,1.030509420441502e-5,6,4
78958,13,2.360889637178481e-6,6,4
78958,6,8.70671356766861e-5,6,4
79110,8,4.757135270438816e-6,7,2
79110,17,7.110676253754437e-7,7,2
79110,11,7.132977968370949e-7,7,2
79110,7,5.925987897041189e-6,7,2
79110,10,1.8051119868912768e-6,7,2
79110,15,1.0905565437209572e-6,7,2
79110,9,1.2274486987816343e-6,7,2
79110,18,0,7,2
79110,3,7.045689752940417e-5,7,2
79110,16,0,7,2
79110,2,7.939563818130688e-5,7,2
79110,5,4.777494480736639e-6,7,2
79110,4,8.682345535646455e-5,7,2
79110,12,0,7,2
79110,13,1.3490797926734176e-6,7,2
79110,6,6.286435788930404e-6,7,2
79111,8,3.892201584904485e-5,6,4
79111,17,1.4221352507508874e-6,6,4
79111,11,8.916222460463686e-6,6,4
79111,7,8.296383055857665e-5,6,4
79111,10,1.7148563875467128e-5,6,4
79111,15,1.0905565437209572e-6,6,4
79111,9,2.8640469638238136e-5,6,4
79111,18,0,6,4
79111,3,2.008639622548803e-5,6,4
79111,16,2.224841767399468e-6,6,4
79111,2,1.887728460254849e-5,6,4
79111,5,3.055081996892114e-4,6,4
79111,4,8.158410891253997e-5,6,4
79111,12,7.530645764764822e-6,6,4
79111,13,9.443558548713922e-6,6,4
79111,6,1.543319986182414e-4,6,4
79130,8,7.092456221381507e-5,6,4
79130,17,3.5553381268772183e-6,6,4
79130,11,8.916222460463686e-6,6,4
79130,7,9.865026910956804e-5,6,4
79130,10,1.8502397865635582e-5,6,4
79130,15,1.8175942395349288e-6,6,4
79130,9,3.846005922849121e-5,6,4
79130,18,0,6,4
79130,3,8.127264934312849e-5,6,4
79130,16,1.112420883699734e-6,6,4
79130,2,6.829135312098424e-5,6,4
79130,5,4.1287610196681906e-4,6,4
79130,4,1.3023518303469683e-4,6,4
79130,12,7.926995541857707e-6,6,4
79130,13,8.769018652377213e-6,6,4
79130,6,1.87335786510126e-4,6,4
79174,8,3.978694953457918e-5,4,3
79174,17,2.133202876126331e-6,4,3
79174,11,1.3552658139904805e-5,4,3
79174,7,5.403106612008143e-5,4,3
79174,10,2.0758787849249683e-5,4,3
79174,15,2.1811130874419143e-6,4,3
79174,9,3.9278358361012305e-5,4,3
79174,18,0,4,3
79174,3,0,4,3
79174,16,1.854034806166223e-6,4,3
79174,2,0,4,3
79174,5,1.3578142208409397e-5,4,3
79174,4,2.3577058997660633e-5,4,3
79174,12,8.323345318950592e-6,4,3
79174,13,6.408129015198733e-6,4,3
79174,6,5.5634956732034074e-5,4,3
79202,8,3.4597347421373203e-6,7,2
79202,17,0,7,2
79202,11,2.1398933905112848e-6,7,2
79202,7,4.183050280264369e-6,7,2
79202,10,9.025559934456384e-7,7,2
79202,15,0,7,2
79202,9,1.6365982650421792e-6,7,2
79202,18,0,7,2
79202,3,2.558697857646783e-4,7,2
79202,16,0,7,2
79202,2,1.8766241751945264e-4,7,2
79202,5,8.046306493872234e-6,7,2
79202,4,6.960845989785519e-5,7,2
79202,12,1.9817488854644267e-6,7,2
79202,13,0,7,2
79202,6,5.343470420590843e-6,7,2
79215,8,3.978694953457918e-5,5,7
79215,17,1.0666014380631656e-6,5,7
79215,11,1.7119147124090278e-5,5,7
79215,7,5.786552887699043e-5,5,7
79215,10,2.4369011823032235e-5,5,7
79215,15,2.9081507832558855e-6,5,7
79215,9,3.846005922849121e-5,5,7
79215,18,1.6010164533258875e-6,5,7
79215,3,6.180429607842471e-5,5,7
79215,16,2.966455689865957e-6,5,7
79215,2,3.830978345811311e-5,5,7
79215,5,2.3887472403683195e-5,5,7
79215,4,7.484780634177978e-7,5,7
79215,12,1.0701443981507905e-5,5,7
79215,13,1.55144176157443e-5,5,7
79215,6,9.461085862340258e-5,5,7
79292,8,2.72454110943314e-4,6,4
79292,17,5.333007190315828e-6,6,4
79292,11,5.884706823906033e-5,6,4
79292,7,4.859310075573775e-4,6,4
79292,10,8.709665336750411e-5,6,4
79292,15,5.816301566511771e-6,6,4
79292,9,2.1439437272052547e-4,6,4
79292,18,2.8818296159865978e-6,6,4
79292,3,3.5228448764702084e-5,6,4
79292,16,1.854034806166223e-6,6,4
79292,2,9.216556600067792e-5,6,4
79292,5,0.00167312885656955,6,4
79292,4,3.446741482038959e-4,6,4
79292,12,3.725687904673122e-5,6,4
79292,13,2.7993405697973413e-5,6,4
79292,6,9.303924967616996e-4,6,4
79297,8,1.980698139873616e-4,6,4
79297,17,6.755142441066715e-6,6,4
79297,11,3.8161432130784575e-5,6,4
79297,7,3.067570205527204e-4,6,4
79297,10,6.678914351497725e-5,6,4
79297,15,2.1811130874419143e-6,6,4
79297,9,1.288821133720716e-4,6,4
79297,18,6.40406581330355e-6,6,4
79297,3,2.472171843136988e-5,6,4
79297,16,1.038259491453085e-5,6,4
79297,2,8.883428048258112e-6,6,4
79297,5,0.00118632731369028,6,4
79297,4,1.0104453856140273e-4,6,4
79297,12,1.8232089746272728e-5,6,4
79297,13,1.3828067874902529e-5,6,4
79297,6,6.277006135247008e-4,6,4
79405,8,4.238175059118217e-5,6,4
79405,17,3.5553381268772184e-7,6,4
79405,11,1.4622604835160446e-5,6,4
79405,7,6.169999163389944e-5,6,4
79405,10,3.5199683744379894e-5,6,4
79405,15,3.9987073269768425e-6,6,4
79405,9,4.6233900987441565e-5,6,4
79405,18,5.7636592319731955e-6,6,4
79405,3,5.871408127450347e-6,6,4
79405,16,4.82049049603218e-6,6,4
79405,2,2.1375748741121083e-5,6,4
79405,5,2.8916413962353344e-5,6,4
79405,4,3.36815128538009e-5,6,4
79405,12,9.116044873136364e-6,6,4
79405,13,8.43174870420886e-6,6,4
79405,6,5.123445167978279e-5,6,4
79475,8,4.947420681256368e-4,6,4
79475,17,9.243879129880768e-6,6,4
79475,11,1.2268722105598034e-4,6,4
79475,7,6.427953930672913e-4,6,4
79475,10,2.3917733826309416e-4,6,4
79475,15,1.7448904699535315e-5,6,4
79475,9,3.2854710170721746e-4,6,4
79475,18,6.7242691039687274e-06,6,4
79475,3,5.624190943136648e-5,6,4
79475,16,9.64098099206436e-6,6,4
79475,2,4.580517587383089e-5,6,4
79475,5,0.00197285377346629,6,4
79475,4,4.62933682223908e-4,6,4
79475,12,9.988014382740712e-5,6,4
79475,13,4.721779274356961e-5,6,4
79475,6,0.00118436450263448,6,4
79494,8,4.3679151119483666e-5,3,1
79494,17,1.4221352507508874e-6,3,1
79494,11,1.0342818054137877e-5,3,1
79494,7,8.052371789508909e-5,3,1
79494,10,2.5722845813200693e-5,3,1
79494,15,0,3,1
79494,9,3.600516183092794e-5,3,1
79494,18,0,3,1
79494,3,1.5451074019606176e-6,3,1
79494,16,2.966455689865957e-6,3,1
79494,2,0,3,1
79494,5,3.1229727079341613e-4,3,1
79494,4,2.9939122536711913e-5,3,1
79494,12,1.030509420441502e-5,3,1
79494,13,1.686349740841772e-6,3,1
79494,6,1.5307471146045533e-4,3,1
79537,8,1.9201527818862128e-4,4,3
79537,17,7.110676253754437e-6,4,3
79537,11,6.348350391850145e-5,4,3
79537,7,2.366909283582922e-4,4,3
79537,10,8.484026338389001e-5,4,3
79537,15,1.1632603133023542e-5,4,3
79537,9,1.6284152737169684e-4,4,3
79537,18,1.28081316266071e-5,4,3
79537,3,6.0877231637248336e-5,4,3
79537,16,1.2607436681930318e-5,4,3
79537,2,8.133888806686335e-5,4,3
79537,5,1.2044315033015002e-4,4,3
79537,4,1.1601409982975869e-5,4,3
79537,12,4.795832302823913e-5,4,3
79537,13,3.47388046613405e-5,4,3
79537,6,2.442280303999462e-4,4,3
79557,8,4.108435006288067e-5,7,2
79557,17,7.110676253754437e-7,7,2
79557,11,1.961568941302011e-5,7,2
79557,7,4.984801583981706e-5,7,2
79557,10,3.474840574765708e-5,7,2
79557,15,8.360933501860672e-6,7,2
79557,9,2.2503226144329965e-5,7,2
79557,18,8.005082266629437e-6,7,2
79557,3,2.8028248271565605e-4,7,2
79557,16,4.078876573565691e-6,7,2
79557,2,2.1042620189311404e-4,7,2
79557,5,1.4433062273383322e-4,7,2
79557,4,1.6878180330071342e-4,7,2
79557,12,1.3872242198250988e-5,7,2
79557,13,1.1129908289555694e-5,7,2
79557,6,8.989603178170477e-5,7,2
79587,8,9.514270540877633e-6,6,4
79587,17,0,6,4
79587,11,3.923137882604022e-6,6,4
79587,7,1.464067598092529e-5,6,4
79587,10,3.6102239737825536e-6,6,4
79587,15,0,6,4
79587,9,6.546393060168717e-6,6,4
79587,18,0,6,4
79587,3,2.873899767646749e-5,6,4
79587,16,0,6,4
79587,2,2.2763784373661412e-5,6,4
79587,5,5.556980422330512e-5,6,4
79587,4,2.6570971251331824e-5,6,4
79587,12,0,6,4
79587,13,0,6,4
79587,6,2.5145743155721617e-5,6,4
79588,8,1.1676604754713456e-5,7,2
79588,17,0,7,2
79588,11,7.1329779683709495e-6,7,2
79588,7,1.7429376167768205e-5,7,2
79588,10,4.512779967228192e-6,7,2
79588,15,0,7,2
79588,9,1.3911085252858524e-5,7,2
79588,18,1.28081316266071e-6,7,2
79588,3,6.798472568626717e-5,7,2
79588,16,1.854034806166223e-6,7,2
79588,2,6.190638921129872e-5,7,2
79588,5,2.3133131169882675e-5,7,2
79588,4,7.671900150032427e-5,7,2
79588,12,1.5853991083715415e-6,7,2
79588,13,3.709969429851898e-6,7,2
79588,6,3.8032936523028945e-5,7,2
79596,8,1.0854917753455845e-4,3,1
79596,17,6.044074815691271e-6,3,1
79596,11,5.207073916910793e-5,3,1
79596,7,1.1712540784740232e-4,3,1
79596,10,7.310703546909671e-5,3,1
79596,15,1.4904272764186414e-5,3,1
79596,9,9.655929763748856e-5,3,1
79596,18,4.162642778647307e-6,3,1
79596,3,1.5451074019606176e-6,3,1
79596,16,5.56210441849867e-6,3,1
79596,2,8.32821379524198e-7,3,1
79596,5,5.6827039612972655e-5,3,1
79596,4,0,3,1
79596,12,3.52751301612668e-5,3,1
79596,13,1.854984714925949e-5,3,1
79596,6,1.4144480525093408e-4,3,1
79620,8,1.6779713499366004e-4,3,1
79620,17,1.0310480567943934e-5,3,1
79620,11,7.168642858212804e-5,3,1
79620,7,1.087593072868736e-4,3,1
79620,10,1.0018371527246586e-4,3,1
79620,15,1.7448904699535315e-5,3,1
79620,9,1.4115660035988797e-4,3,1
79620,18,3.84243948798213e-6,3,1
79620,3,0,3,1
79620,16,1.112420883699734e-5,3,1
79620,2,2.77607126508066e-7,3,1
79620,5,7.241675844485012e-5,3,1
79620,4,0,3,1
79620,12,3.012258305905929e-5,3,1
79620,13,3.136610517965695e-5,3,1
79620,6,1.5338903324990186e-4,3,1
79802,8,1.7298673710686603e-5,6,4
79802,17,3.5553381268772184e-7,6,4
79802,11,2.1398933905112848e-6,6,4
79802,7,2.1612426448032573e-5,6,4
79802,10,2.256389983614096e-6,6,4
79802,15,0,6,4
79802,9,4.909794795126538e-6,6,4
79802,18,0,6,4
79802,3,2.719389027450687e-5,6,4
79802,16,1.4832278449329785e-6,6,4
79802,2,1.4435570578419432e-5,6,4
79802,5,7.694280584765324e-5,6,4
79802,4,2.395129802936953e-5,6,4
79802,12,3.170798216743083e-6,6,4
79802,13,1.011809844505063e-6,6,4
79802,6,4.5576659469745426e-5,6,4
79844,8,3.896526253332157e-4,4,3
79844,17,5.261900427778283e-5,4,3
79844,11,3.405996979897128e-4,4,3
79844,7,2.851445941046878e-4,4,3
79844,10,7.531829765303852e-4,4,3
79844,15,1.145084370907005e-4,4,3
79844,9,2.855863972498603e-4,4,3
79844,18,5.2833542959754286e-5,4,3
79844,3,2.639043442548735e-4,4,3
79844,16,4.82049049603218e-5,4,3
79844,2,1.8238788211579935e-4,4,3
79844,5,2.6225930228464814e-4,4,3
79844,4,1.6391669588849774e-4,4,3
79844,12,2.7427404574827666e-4,4,3
79844,13,1.4502607771239238e-4,4,3
79844,6,3.9415952396593633e-4,4,3
79909,8,2.560203709181617e-4,3,1
79909,17,2.4176299262765085e-5,3,1
79909,11,1.1484094529077229e-4,3,1
79909,7,3.2070052148693495e-4,3,1
79909,10,1.5659346486281825e-4,3,1
79909,15,3.9260035573954454e-5,3,1
79909,9,2.5162698325023505e-4,3,1
79909,18,1.7611180986584763e-5,3,1
79909,3,1.0815751813724324e-5,3,1
79909,16,2.484406640262739e-5,3,1
79909,2,2.470703425921787e-5,3,1
79909,5,1.885853084501305e-4,3,1
79909,4,3.068760060012971e-5,3,1
79909,12,8.045900474985572e-5,3,1
79909,13,5.1265032121589864e-5,3,1
79909,6,3.646132757579634e-4,3,1
80014,8,1.5741793076724808e-4,3,1
80014,17,4.266405752252662e-6,3,1
80014,11,2.425212509246123e-5,3,1
80014,7,2.3947962854513512e-4,3,1
80014,10,5.370208161001549e-5,3,1
80014,15,6.906858110232728e-6,3,1
80014,9,1.1456187855295256e-4,3,1
80014,18,6.40406581330355e-7,3,1
80014,3,2.1322482147056523e-5,3,1
80014,16,2.966455689865957e-6,3,1
80014,2,8.32821379524198e-7,3,1
80014,5,8.881110792611479e-4,3,1
80014,4,1.8936495004470285e-4,3,1
80014,12,1.3872242198250988e-5,3,1
80014,13,6.0708590670303785e-06,3,1
80014,6,4.7242564953811985e-4,3,1
80359,8,6.227522535847176e-5,5,7
80359,17,3.1998043141894965e-6,5,7
80359,11,1.7475796022508825e-5,5,7
80359,7,3.869321509244541e-5,5,7
80359,10,3.700479573127117e-5,5,7
80359,15,5.0892638706978e-6,5,7
80359,9,3.9278358361012305e-5,5,7
80359,18,6.40406581330355e-7,5,7
80359,3,1.9777374745095907e-5,5,7
80359,16,2.5956487286327124e-6,5,7
80359,2,2.359660575318561e-5,5,7
80359,5,1.0133317240720344e-4,5,7
80359,4,3.742390317088989e-7,5,7
80359,12,1.189049331278656e-5,5,7
80359,13,5.059049222525316e-6,5,7
80359,6,5.6577922100373634e-5,5,7
80380,8,4.324668427671651e-7,7,2
80380,17,0,7,2
80380,11,0,7,2
80380,7,3.485875233553641e-7,7,2
80380,10,1.8051119868912768e-6,7,2
80380,15,0,7,2
80380,9,1.2274486987816343e-6,7,2
80380,18,0,7,2
80380,3,1.4091379505880834e-4,7,2
80380,16,0,7,2
80380,2,1.8405352487484776e-4,7,2
80380,5,6.537624026271191e-6,7,2
80380,4,1.313579001298235e-4,7,2
80380,12,0,7,2
80380,13,3.372699481683544e-7,7,2
80380,6,3.143217894465202e-6,7,2
80401,8,2.8542811622632893e-5,6,4
80401,17,2.8442705015017748e-6,6,4
80401,11,6.7763290699524014e-6,6,4
80401,7,5.647117878356898e-5,6,4
80401,10,2.0758787849249683e-5,6,4
80401,15,7.6338958060467e-6,6,4
80401,9,1.882088004798506e-5,6,4
80401,18,3.202032906651775e-7,6,4
80401,3,0,6,4
80401,16,3.708069612332446e-7,6,4
80401,2,0,6,4
80401,5,6.889649935378101e-5,6,4
80401,4,0,6,4
80401,12,1.4664941752436758e-5,6,4
80401,13,0,6,4
80401,6,1.276146465152872e-4,6,4
80636,8,2.681294425156423e-5,6,4
80636,17,0,6,4
80636,11,8.202924663626592e-6,6,4
80636,7,4.810507822304024e-5,6,4
80636,10,1.8051119868912766e-5,6,4
80636,15,0,6,4
80636,9,2.0866627879287784e-5,6,4
80636,18,1.28081316266071e-6,6,4
80636,3,1.0197708852940076e-5,6,4
80636,16,0,6,4
80636,2,0,6,4
80636,5,1.6922388344925044e-4,6,4
80636,4,2.9939122536711913e-5,6,4
80636,12,2.3780986625573123e-6,6,4
80636,13,4.047239378020252e-6,6,4
80636,6,9.083899715004434e-5,6,4
80667,8,4.324668427671651e-7,7,2
80667,17,1.0666014380631656e-6,7,2
80667,11,7.132977968370949e-7,7,2
80667,7,1.0457625700660925e-6,7,2
80667,10,4.512779967228192e-7,7,2
80667,15,0,7,2
80667,9,0,7,2
80667,18,0,7,2
80667,3,5.840505979411135e-5,7,2
80667,16,0,7,2
80667,2,7.828520967527462e-5,7,2
80667,5,7.54341233800522e-7,7,2
80667,4,2.9939122536711913e-5,7,2
80667,12,3.963497770928854e-7,7,2
80667,13,3.372699481683544e-7,7,2
80667,6,3.143217894465202e-7,7,2
80690,8,8.822323592450167e-5,3,1
80690,17,2.488736688814053e-6,3,1
80690,11,2.960185856873944e-5,3,1
80690,7,1.1398812013720404e-4,3,1
80690,10,6.272764154447187e-5,3,1
80690,15,1.1269084285116557e-5,3,1
80690,9,8.182991325210896e-5,3,1
80690,18,2.56162632532142e-6,3,1
80690,3,3.090214803921236e-7,3,1
80690,16,5.932911379731914e-6,3,1
80690,2,2.77607126508066e-7,3,1
80690,5,6.713636980824646e-5,3,1
80690,4,0,3,1
80690,12,2.4573686179758897e-5,3,1
80690,13,1.4165337823070884e-5,3,1
80690,6,8.989603178170477e-5,3,1
80700,8,0.00870469261121749,1,9
80700,17,0.00709929917174843,1,9
80700,11,0.00716650296482229,1,9
80700,7,0.00450444797679801,1,9
80700,10,0.01027875893135565,1,9
80700,15,0.0074314158077625,1,9
80700,9,0.00793831988458709,1,9
80700,18,0.00734578369114983,1,9
80700,3,1.823226734313529e-4,1,9
80700,16,0.00686623250115599,1,9
80700,2,1.8599677476040423e-4,1,9
80700,5,5.446343708039769e-4,1,9
80700,4,1.5418648106406635e-4,1,9
80700,12,0.0073253365802307,1,9
80700,13,0.00632178790846763,1,9
80700,6,0.00374042929441359,1,9
80835,8,2.1493602085528103e-4,6,4
80835,17,5.6885410030035495e-6,6,4
80835,11,5.528057925487485e-5,6,4
80835,7,3.346440224211495e-4,6,4
80835,10,9.070687734128664e-5,6,4
80835,15,7.270376958139714e-6,6,4
80835,9,1.7225196739568935e-4,6,4
80835,18,3.202032906651775e-6,6,4
80835,3,2.2867589549017145e-5,6,4
80835,16,1.2607436681930318e-5,6,4
80835,2,2.304139150016948e-5,6,4
80835,5,0.0010641240338146,6,4
80835,4,1.762665839348914e-4,6,4
80835,12,3.408608082998814e-5,6,4
80835,13,1.9561656993764552e-5,6,4
80835,6,6.1512774194684e-4,6,4
80866,8,8.649336855343301e-7,7,2
80866,17,0,7,2
80866,11,0,7,2
80866,7,3.485875233553641e-6,7,2
80866,10,9.025559934456384e-7,7,2
80866,15,0,7,2
80866,9,8.182991325210896e-7,7,2
80866,18,0,7,2
80866,3,4.913441538234764e-5,7,2
80866,16,0,7,2
80866,2,3.359046230747599e-5,7,2
80866,5,2.1121554546414617e-5,7,2
80866,4,4.191477155139668e-5,7,2
80866,12,1.5853991083715415e-6,7,2
80866,13,0,7,2
80866,6,7.229401157269964e-6,7,2
80885,8,9.129375050814854e-4,6,4
80885,17,3.41312460180213e-5,6,4
80885,11,2.8531911873483796e-4,6,4
80885,7,0.00158154159346328,6,4
80885,10,3.0235625780428887e-4,6,4
80885,15,4.83480067716291e-5,6,4
80885,9,6.70596139101033e-4,6,4
80885,18,1.665057111458923e-5,6,4
80885,3,2.4968935615683584e-4,6,4
80885,16,3.040617082112606e-5,6,4
80885,2,2.867681616828322e-4,6,4
80885,5,0.0055426479388883,6,4
80885,4,0.00115153350056828,6,4
80885,12,1.8588804545656323e-4,6,4
80885,13,1.241153409259544e-4,6,4
80885,6,0.00294959567216614,6,4
80903,8,9.989984067921513e-5,7,2
80903,17,5.333007190315828e-6,7,2
80903,11,3.7091485435528933e-5,7,2
80903,7,7.424914247469254e-5,7,2
80903,10,4.873802364606447e-5,7,2
80903,15,8.724452349767657e-6,7,2
80903,9,6.423648190290553e-5,7,2
80903,18,3.84243948798213e-6,7,2
80903,3,6.65323247284242e-4,7,2
80903,16,6.303718340965159e-6,7,2
80903,2,5.915807865886887e-4,7,2
80903,5,9.93215957837354e-5,7,2
80903,4,5.235604053607496e-4,7,2
80903,12,1.862843952336561e-5,7,2
80903,13,1.55144176157443e-5,7,2
80903,6,1.1912795820023116e-4,7,2
80980,8,6.746482747167774e-5,6,4
80980,17,1.493242013288432e-5,6,4
80980,11,3.780478323236603e-5,6,4
80980,7,6.902032962436208e-5,6,4
80980,10,4.061501970505373e-5,6,4
80980,15,1.9266498939070243e-5,6,4
80980,9,4.29607044573572e-5,6,4
80980,18,4.162642778647307e-6,6,4
80980,3,1.912842963627245e-4,6,4
80980,16,1.854034806166223e-5,6,4
80980,2,2.318019506342351e-4,6,4
80980,5,5.883861623644072e-5,6,4
80980,4,1.4295931011279938e-4,6,4
80980,12,3.6464179492545456e-5,6,4
80980,13,2.1248006734606325e-5,6,4
80980,6,1.2572871577860807e-4,6,4
81054,8,3.213228641760036e-4,4,3
81054,17,5.830754528078638e-5,4,3
81054,11,2.685566205091662e-4,4,3
81054,7,4.242310159234781e-4,4,3
81054,10,2.089417124826653e-4,4,3
81054,15,8.433637271442069e-5,4,3
81054,9,2.6881126503317795e-4,4,3
81054,18,4.5468867274455206e-5,4,3
81054,3,1.7243398605880494e-4,4,3
81054,16,5.7475078991152914e-5,4,3
81054,2,2.3957495017646097e-4,4,3
81054,5,2.2152487565941996e-4,4,3
81054,4,1.6279397879337103e-4,4,3
81054,12,1.732048525895909e-4,4,3
81054,13,1.8583574144076325e-4,4,3
81054,6,6.85850144572307e-4,4,3
81087,8,3.416488057860604e-5,4,3
81087,17,6.399608628378993e-6,4,3
81087,11,2.4608773990879775e-5,4,3
81087,7,3.241863967204886e-5,4,3
81087,10,7.491214745598799e-5,4,3
81087,15,1.7448904699535315e-5,4,3
81087,9,2.8640469638238136e-5,4,3
81087,18,2.2414230346562428e-6,4,3
81087,3,8.312677822548123e-5,4,3
81087,16,1.1865822759463828e-5,4,3
81087,2,4.191867610271797e-5,4,3
81087,5,1.9361425000880063e-5,4,3
81087,4,2.9190644473294115e-5,4,3
81087,12,2.3384636848480237e-5,4,3
81087,13,2.462070621628987e-5,4,3
81087,6,4.3376406943619786e-5,4,3
81498,8,3.416488057860604e-5,6,4
81498,17,7.110676253754437e-7,6,4
81498,11,1.4622604835160446e-5,6,4
81498,7,6.100281658718871e-5,6,4
81498,10,1.8502397865635582e-5,6,4
81498,15,0,6,4
81498,9,4.787049925248374e-5,6,4
81498,18,0,6,4
81498,3,1.3040706472547617e-4,6,4
81498,16,7.416139224664892e-7,6,4
81498,2,1.0021617266941184e-4,6,4
81498,5,2.957017636498046e-4,6,4
81498,4,1.4969561268355958e-4,6,4
81498,12,4.7561973251146245e-6,6,4
81498,13,4.047239378020252e-6,6,4
81498,6,1.4521666672429233e-4,6,4
81541,8,5.016615376099114e-5,3,1
81541,17,4.977473377628106e-6,3,1
81541,11,2.960185856873944e-5,3,1
81541,7,5.403106612008143e-5,3,1
81541,10,2.9784347783706068e-5,3,1
81541,15,1.345019737255847e-5,3,1
81541,9,4.6233900987441565e-5,3,1
81541,18,1.28081316266071e-6,3,1
81541,3,2.781193323529112e-6,3,1
81541,16,1.112420883699734e-5,3,1
81541,2,1.249232069286297e-5,3,1
81541,5,5.808427500264019e-5,3,1
81541,4,0,3,1
81541,12,1.7439390192086958e-5,3,1
81541,13,8.094478756040504e-6,3,1
81541,6,6.412164504709011e-5,3,1
81547,8,1.4660625969806896e-4,6,4
81547,17,2.133202876126331e-6,6,4
81547,11,2.7461965178228153e-5,6,4
81547,7,2.328564656013832e-4,6,4
81547,10,5.686102758707522e-5,6,4
81547,15,3.2716696311628713e-6,6,4
81547,9,1.0842463505904438e-4,6,4
81547,18,9.606098719955323e-7,6,4
81547,3,4.542615761764216e-5,6,4
81547,16,1.112420883699734e-6,6,4
81547,2,2.5817462765250135e-5,6,4
81547,5,7.334711263320409e-4,6,4
81547,4,1.354745294786214e-4,6,4
81547,12,2.8140834173594865e-5,6,4
81547,13,9.106288600545569e-6,6,4
81547,6,5.277462844807074e-4,6,4
81550,8,3.2002546364770215e-5,6,4
81550,17,0,6,4
81550,11,4.993084577859665e-6,6,4
81550,7,5.5774003736858254e-5,6,4
81550,10,9.928115927902022e-6,6,4
81550,15,0,6,4
81550,9,1.9639179180506152e-5,6,4
81550,18,0,6,4
81550,3,0,6,4
81550,16,7.416139224664892e-7,6,4
81550,2,0,6,4
81550,5,1.7752163702105617e-4,6,4
81550,4,3.143607866354751e-5,6,4
81550,12,2.3780986625573123e-6,6,4
81550,13,2.360889637178481e-6,6,4
81550,6,9.33535714656165e-5,6,4
81677,8,1.037920422641196e-5,7,2
81677,17,0,7,2
81677,11,3.566488984185475e-7,7,2
81677,7,1.708078864441284e-5,7,2
81677,10,1.8051119868912768e-6,7,2
81677,15,0,7,2
81677,9,4.091495662605448e-6,7,2
81677,18,0,7,2
81677,3,5.933212423528772e-5,7,2
81677,16,0,7,2
81677,2,4.608278300033896e-5,7,2
81677,5,5.707848669090617e-5,7,2
81677,4,3.255879575867421e-5,7,2
81677,12,3.963497770928854e-7,7,2
81677,13,0,7,2
81677,6,3.5832683996903305e-5,7,2
81821,8,9.808347993959304e-4,3,1
81821,17,3.342017839264585e-5,3,1
81821,11,2.2754199719103327e-4,3,1
81821,7,0.00151042973869879,3,1
81821,10,3.524481154405218e-4,3,1
81821,15,6.543339262325743e-5,3,1
81821,9,7.008732070043133e-4,3,1
81821,18,3.1059719194522216e-5,3,1
81821,3,2.3176611029409263e-5,3,1
81821,16,4.15303796581234e-5,3,1
81821,2,1.110428506032264e-6,3,1
81821,5,0.00553937912687516,3,1
81821,4,5.808189772122111e-4,3,1
81821,12,1.648815072706403e-4,3,1
81821,13,9.24119657981291e-5,3,1
81821,6,0.00292539289437876,3,1
81885,8,1.0162970805028378e-4,3,1
81885,17,6.755142441066715e-6,3,1
81885,11,3.495159204501765e-5,3,1
81885,7,1.4013218438885635e-4,3,1
81885,10,4.964057963951011e-5,3,1
81885,15,3.2716696311628713e-6,3,1
81885,9,6.791882799925044e-5,3,1
81885,18,4.162642778647307e-6,3,1
81885,3,4.017279245097606e-6,3,1
81885,16,1.112420883699734e-6,3,1
81885,2,2.77607126508066e-7,3,1
81885,5,4.80766813008866e-4,3,1
81885,4,8.420378213450226e-5,3,1
81885,12,1.5061291529529645e-5,3,1
81885,13,4.721779274356961e-6,3,1
81885,6,2.7251699145013303e-4,3,1
82017,8,1.3276732072951966e-4,6,4
82017,17,3.9108719395649406e-6,6,4
82017,11,5.6350525950130495e-5,6,4
82017,7,1.1119941995036114e-4,6,4
82017,10,6.949681149531416e-5,6,4
82017,15,1.7448904699535315e-5,6,4
82017,9,1.0596973766148112e-4,6,4
82017,18,4.162642778647307e-6,6,4
82017,3,4.085263970783873e-4,6,4
82017,16,1.3349050604396806e-5,6,4
82017,2,3.8920519136430857e-4,6,4
82017,5,1.1390552630387882e-4,6,4
82017,4,4.505837941775143e-4,6,4
82017,12,2.6159085288130435e-5,6,4
82017,13,2.327162642361645e-5,6,4
82017,6,1.6376165230163703e-4,6,4
82061,8,2.655346414590393e-4,6,4
82061,17,2.0265427323200147e-5,6,4
82061,11,5.70638237469676e-5,6,4
82061,7,4.200479656432137e-4,6,4
82061,10,9.206071133145512e-5,6,4
82061,15,3.962355442186144e-5,6,4
82061,9,2.0866627879287785e-4,6,4
82061,18,2.081321389323654e-5,6,4
82061,3,1.313341291666525e-4,6,4
82061,16,2.5214873363860635e-5,6,4
82061,2,1.3352902785037976e-4,6,4
82061,5,0.00165527611403627,6,4
82061,4,3.0537904987446154e-4,6,4
82061,12,4.32021257031245e-5,6,4
82061,13,2.2259816579111388e-5,6,4
82061,6,8.313811330860459e-4,6,4
82089,8,6.400509272954043e-5,3,1
82089,17,2.8442705015017748e-6,3,1
82089,11,2.674866738139106e-5,3,1
82089,7,7.146044228784964e-5,3,1
82089,10,3.610223973782553e-5,3,1
82089,15,6.179820414418757e-6,3,1
82089,9,4.74613496862232e-5,3,1
82089,18,4.162642778647307e-6,3,1
82089,3,9.270644411763706e-7,3,1
82089,16,1.4832278449329785e-6,3,1
82089,2,1.5545999084451696e-5,3,1
82089,5,6.085019285990878e-5,3,1
82089,4,0,3,1
82089,12,1.8232089746272728e-5,3,1
82089,13,4.047239378020252e-6,3,1
82089,6,9.083899715004434e-5,3,1
82134,8,1.297400528301495e-6,7,2
82134,17,0,7,2
82134,11,3.566488984185475e-7,7,2
82134,7,1.3943500934214563e-6,7,2
82134,10,9.025559934456384e-7,7,2
82134,15,0,7,2
82134,9,4.091495662605448e-7,7,2
82134,18,0,7,2
82134,3,4.437548458430894e-4,7,2
82134,16,0,7,2
82134,2,3.808769775690666e-4,7,2
82134,5,3.193377889755543e-5,7,2
82134,4,4.10914456816371e-4,7,2
82134,12,0,7,2
82134,13,0,7,2
82134,6,5.029148631144323e-6,7,2
82596,8,3.762461532074336e-5,5,7
82596,17,1.7776690634386092e-6,5,7
82596,11,1.6405849327253184e-5,5,7
82596,7,6.7974567054296e-5,5,7
82596,10,2.843051379353761e-5,5,7
82596,15,5.452782718604786e-6,5,7
82596,9,3.4368563565885765e-5,5,7
82596,18,6.083862522638373e-6,5,7
82596,3,3.0902148039212352e-6,5,7
82596,16,4.078876573565691e-6,5,7
82596,2,6.107356783177452e-5,5,7
82596,5,4.199166201489573e-5,5,7
82596,4,7.484780634177978e-7,5,7
82596,12,1.030509420441502e-5,5,7
82596,13,6.408129015198733e-6,5,7
82596,6,5.3120382416461914e-5,5,7
82622,8,4.973368691822398e-5,4,3
82622,17,4.977473377628106e-6,4,3
82622,11,2.0685636108275753e-5,4,3
82622,7,5.9608466493767256e-5,4,3
82622,10,3.068690377715171e-5,4,3
82622,15,6.906858110232728e-6,4,3
82622,9,4.5824751421181015e-5,4,3
82622,18,2.8818296159865978e-6,4,3
82622,3,1.3905966617645558e-5,4,3
82622,16,1.0011787953297604e-5,4,3
82622,2,1.1659499313338773e-5,4,3
82622,5,5.003796850876796e-5,4,3
82622,4,0,4,3
82622,12,1.5061291529529645e-5,4,3
82622,13,7.419938859703796e-6,4,3
82622,6,5.4691991363694514e-5,4,3
82787,8,4.194928374841501e-5,6,4
82787,17,0,6,4
82787,11,5.706382374696759e-6,6,4
82787,7,5.9608466493767256e-5,6,4
82787,10,1.128194991807048e-5,6,4
82787,15,2.5446319353489e-6,6,4
82787,9,3.55960122646674e-5,6,4
82787,18,9.606098719955323e-7,6,4
82787,3,5.407875906862162e-5,6,4
82787,16,0,6,4
82787,2,6.218399633780678e-5,6,4
82787,5,2.514470779335073e-4,6,4
82787,4,1.2761550981273454e-4,6,4
82787,12,1.9817488854644267e-6,6,4
82787,13,1.3490797926734176e-6,6,4
82787,6,1.2289981967358938e-4,6,4
82795,8,1.063868433207226e-4,4,3
82795,17,6.044074815691271e-6,4,3
82795,11,5.064414357543374e-5,4,3
82795,7,1.1503388270727016e-4,4,3
82795,10,8.890176535439537e-5,4,3
82795,15,1.3813716220465456e-5,4,3
82795,9,9.615014807122804e-5,4,3
82795,18,3.202032906651775e-6,4,3
82795,3,3.80096420882312e-5,4,3
82795,16,1.2236629720697072e-5,4,3
82795,2,2.220857012064528e-5,4,3
82795,5,7.56855704579857e-5,4,3
82795,4,8.944312857842684e-5,4,3
82795,12,2.061018840883004e-5,4,3
82795,13,1.7200767356586074e-5,4,3
82795,6,1.5213174609211578e-4,4,3
82963,8,4.84795330741992e-4,2,8
82963,17,0.00101967097478838,2,8
82963,11,6.298419546071548e-4,2,8
82963,7,2.4017680359184583e-4,2,8
82963,10,8.023722781731725e-4,2,8
82963,15,0.00154459158475678,2,8
82963,9,5.007990691029069e-4,2,8
82963,18,0.00107684366650699,2,8
82963,3,5.0988544264700386e-5,2,8
82963,16,0.00110463393751383,2,8
82963,2,8.4114959331944e-5,2,8
82963,5,6.361611071717735e-5,2,8
82963,4,8.682345535646455e-5,2,8
82963,12,8.077608457153003e-4,2,8
82963,13,7.129886704279011e-4,2,8
82963,6,2.149961039814198e-4,2,8
82966,8,5.535575587419712e-5,4,3
82966,17,7.466210066442159e-6,4,3
82966,11,5.599387705171195e-5,4,3
82966,7,7.947795532502301e-5,4,3
82966,10,1.2996806305617194e-4,4,3
82966,15,1.8539461243256273e-5,4,3
82966,9,3.968750792727285e-5,4,3
82966,18,5.12325265064284e-6,4,3
82966,3,4.72802864999949e-5,4,3
82966,16,1.1865822759463828e-5,4,3
82966,2,6.0795960705266455e-5,4,3
82966,5,2.205190873476859e-4,4,3
82966,4,3.7423903170889894e-5,4,3
82966,12,3.884227815510276e-5,4,3
82966,13,1.315352797856582e-5,4,3
82966,6,1.1441313135853336e-4,4,3
83083,8,8.216870012576136e-6,7,2
83083,17,0,7,2
83083,11,2.4965422889298324e-6,7,2
83083,7,4.183050280264369e-6,7,2
83083,10,9.025559934456384e-7,7,2
83083,15,1.8175942395349288e-6,7,2
83083,9,4.091495662605448e-7,7,2
83083,18,3.202032906651775e-7,7,2
83083,3,6.063001445293463e-4,7,2
83083,16,0,7,2
83083,2,5.577127171547046e-4,7,2
83083,5,5.506691006743811e-5,7,2
83083,4,5.25805839551003e-4,7,2
83083,12,2.3780986625573123e-6,7,2
83083,13,2.023619689010126e-6,7,2
83083,6,1.2887193367307328e-5,7,2
83087,8,3.5462281106907534e-5,6,4
83087,17,0,6,4
83087,11,7.489626866789497e-6,6,4
83087,7,4.8453665746395605e-5,6,4
83087,10,1.2184505911516116e-5,6,4
83087,15,2.5446319353489e-6,6,4
83087,9,2.6185572240674863e-5,6,4
83087,18,6.40406581330355e-7,6,4
83087,3,2.1631503627448647e-5,6,4
83087,16,7.416139224664892e-7,6,4
83087,2,2.6372677018266272e-5,6,4
83087,5,2.2177632273735347e-4,6,4
83087,4,4.378596670994117e-5,6,4
83087,12,3.963497770928853e-6,6,4
83087,13,1.3490797926734176e-6,6,4
83087,6,1.2195685430524984e-4,6,4
83159,8,1.816360739622093e-5,6,4
83159,17,2.8442705015017748e-6,6,4
83159,11,9.62952025730078e-6,6,4
83159,7,3.869321509244541e-5,6,4
83159,10,1.8953675862358405e-5,6,4
83159,15,1.8175942395349288e-6,6,4
83159,9,3.314111486710413e-5,6,4
83159,18,3.202032906651775e-6,6,4
83159,3,2.441269695097776e-5,6,4
83159,16,2.5956487286327124e-6,6,4
83159,2,1.9154891729056556e-5,6,4
83159,5,2.2127342858148644e-5,6,4
83159,4,1.908619061715385e-5,6,4
83159,12,5.548896879300395e-6,6,4
83159,13,1.4165337823070884e-5,6,4
83159,6,6.789350652044836e-5,6,4
83169,8,7.351936327041805e-6,7,2
83169,17,0,7,2
83169,11,4.2797867810225695e-6,7,2
83169,7,6.274575420396553e-6,7,2
83169,10,3.6102239737825536e-6,7,2
83169,15,0,7,2
83169,9,9.819589590253076e-6,7,2
83169,18,0,7,2
83169,3,8.60624822892064e-4,7,2
83169,16,0,7,2
83169,2,7.462079560536815e-4,7,2
83169,5,5.054086266463497e-5,7,2
83169,4,7.619506685593182e-4,7,2
83169,12,1.5853991083715415e-6,7,2
83169,13,2.360889637178481e-6,7,2
83169,6,1.697337663011209e-5,7,2
83325,8,4.021941637734635e-5,6,4
83325,17,2.133202876126331e-6,6,4
83325,11,1.2126062546230614e-5,6,4
83325,7,6.20485791572548e-5,6,4
83325,10,3.835862972143963e-5,6,4
83325,15,4.725745022790814e-6,6,4
83325,9,3.314111486710413e-5,6,4
83325,18,3.84243948798213e-6,6,4
83325,3,7.941852046077575e-5,6,4
83325,16,4.078876573565691e-6,6,4
83325,2,7.301067427162136e-5,6,4
83325,5,1.8003610780039126e-4,6,4
83325,4,6.54918305490573e-5,6,4
83325,12,1.704304041499407e-5,6,4
83325,13,6.7453989633670875e-6,6,4
83325,6,1.012116162017795e-4,6,4
83331,8,1.2974005283014951e-5,7,2
83331,17,0,7,2
83331,11,6.063031273115307e-6,7,2
83331,7,2.2658189018098664e-5,7,2
83331,10,8.123003941010746e-6,7,2
83331,15,1.0905565437209572e-6,7,2
83331,9,9.41044002399253e-6,7,2
83331,18,0,7,2
83331,3,1.273168499215549e-4,7,2
83331,16,7.416139224664892e-7,7,2
83331,2,1.1881585014545224e-4,7,2
83331,5,2.640194318301827e-5,7,2
83331,4,1.2462159755906337e-4,7,2
83331,12,3.963497770928853e-6,7,2
83331,13,6.745398963367088e-7,7,2
83331,6,1.9173629156237732e-05,7,2
83360,8,5.838302377356728e-5,4,3
83360,17,1.0666014380631656e-6,4,3
83360,11,2.960185856873944e-5,4,3
83360,7,6.902032962436208e-5,4,3
83360,10,2.9784347783706068e-5,4,3
83360,15,5.452782718604786e-6,4,3
83360,9,5.7690088842736815e-5,4,3
83360,18,2.8818296159865978e-6,4,3
83360,3,7.725537009803089e-6,4,3
83360,16,2.5956487286327124e-6,4,3
83360,2,0,4,3
83360,5,4.174021493696222e-5,4,3
83360,4,0,4,3
83360,12,1.3079542644065216e-5,4,3
83360,13,1.92243870455962e-5,4,3
83360,6,9.555382399174212e-5,4,3
83372,8,1.7298673710686603e-5,6,4
83372,17,3.5553381268772184e-7,6,4
83372,11,6.063031273115307e-6,6,4
83372,7,2.405253911152012e-5,6,4
83372,10,4.964057963951011e-6,6,4
83372,15,1.4540753916279428e-6,6,4
83372,9,1.7184281782942882e-5,6,4
83372,18,4.162642778647307e-6,6,4
83372,3,1.8232267343135288e-5,6,4
83372,16,3.708069612332446e-7,6,4
83372,2,3.331285518096792e-6,6,4
83372,5,1.6092612987744468e-5,6,4
83372,4,7.447356731007089e-5,6,4
83372,12,8.323345318950592e-6,6,4
83372,13,9.106288600545569e-6,6,4
83372,6,3.5518362207456785e-5,6,4
83413,8,4.713888586162099e-5,6,4
83413,17,7.110676253754437e-7,6,4
83413,11,9.272871358882232e-6,6,4
83413,7,7.424914247469254e-5,6,4
83413,10,1.083067192134766e-5,6,4
83413,15,7.270376958139714e-7,6,4
83413,9,3.355026443336467e-5,6,4
83413,18,1.28081316266071e-6,6,4
83413,3,4.944343686273977e-6,6,4
83413,16,1.854034806166223e-6,6,4
83413,2,5.2745354036532545e-6,6,4
83413,5,2.3107986462089325e-4,6,4
83413,4,2.3577058997660633e-5,6,4
83413,12,1.4268591975343873e-5,6,4
83413,13,5.39631917069367e-6,6,4
83413,6,1.2698600293639415e-4,6,4
83518,8,2.002321482011974e-4,3,1
83518,17,1.13770820060071e-5,3,1
83518,11,8.381249112835865e-5,3,1
83518,7,2.1577567695697035e-4,3,1
83518,10,1.0695288522330816e-4,3,1
83518,15,2.3265206266047084e-5,3,1
83518,9,1.9352774484123768e-4,3,1
83518,18,9.606098719955326e-6,3,1
83518,3,0,3,1
83518,16,1.4090664526863296e-5,3,1
83518,2,5.55214253016132e-7,3,1
83518,5,1.4810232890283582e-4,3,1
83518,4,0,3,1
83518,12,6.143421544939724e-5,3,1
83518,13,3.338972486866708e-5,3,1
83518,6,2.5145743155721614e-4,3,1
83544,8,1.5136339496850776e-5,7,2
83544,17,0,7,2
83544,11,7.132977968370949e-7,7,2
83544,7,2.997852700856131e-5,7,2
83544,10,4.964057963951011e-6,7,2
83544,15,0,7,2
83544,9,6.137243493908172e-6,7,2
83544,18,0,7,2
83544,3,5.037050130391613e-4,7,2
83544,16,0,7,2
83544,2,5.04412148865156e-4,7,2
83544,5,1.1893446786254897e-4,7,2
83544,4,6.021506020196184e-4,7,2
83544,12,2.3780986625573123e-6,7,2
83544,13,1.686349740841772e-6,7,2
83544,6,6.412164504709011e-5,7,2
83685,8,7.91414322263912e-4,6,4
83685,17,2.310969782470192e-5,6,4
83685,11,1.8367418268555195e-4,6,4
83685,7,0.00107992414735491,6,4
83685,10,3.339457175748862e-4,6,4
83685,15,3.9260035573954454e-5,6,4
83685,9,5.814015336562342e-4,6,4
83685,18,1.921219743991065e-5,6,4
83685,3,2.218774229215447e-4,6,4
83685,16,2.892294297619308e-5,6,4
83685,2,2.4151820006201744e-4,6,4
83685,5,0.00331658695794296,6,4
83685,4,5.7782506495854e-4,6,4
83685,12,1.4228956997634586e-4,6,4
83685,13,6.745398963367088e-5,6,4
83685,6,0.00195225263425233,6,4
83708,8,3.4597347421373206e-5,4,3
83708,17,2.8442705015017748e-6,4,3
83708,11,1.925904051460156e-5,4,3
83708,7,5.43796536434368e-5,4,3
83708,10,1.8051119868912766e-5,4,3
83708,15,5.0892638706978e-6,4,3
83708,9,2.4139824409372143e-5,4,3
83708,18,3.202032906651775e-6,4,3
83708,3,1.3287923656861313e-5,4,3
83708,16,4.078876573565691e-6,4,3
83708,2,9.16103517476618e-6,4,3
83708,5,2.7156284416818793e-5,4,3
83708,4,3.2933034790383104e-5,4,3
83708,12,1.2683192866972332e-5,4,3
83708,13,8.094478756040504e-6,4,3
83708,6,6.883647188878792e-5,4,3
83720,8,1.7731140553453767e-5,6,4
83720,17,7.110676253754437e-7,6,4
83720,11,1.248271144464916e-5,6,4
83720,7,2.544688920494158e-5,6,4
83720,10,1.4440895895130216e-5,6,4
83720,15,5.816301566511771e-6,6,4
83720,9,1.4729384385379613e-5,6,4
83720,18,1.6010164533258875e-6,6,4
83720,3,0,6,4
83720,16,5.56210441849867e-6,6,4
83720,2,5.2745354036532545e-6,6,4
83720,5,1.6344060065677978e-5,6,4
83720,4,8.233258697595776e-6,6,4
83720,12,7.926995541857707e-6,6,4
83720,13,3.0354295335151892e-6,6,4
83720,6,3.8032936523028945e-5,6,4
83865,8,2.2055808981125417e-5,5,7
83865,17,3.5553381268772183e-6,5,7
83865,11,1.4979253733578992e-5,5,7
83865,7,3.625310242895786e-5,5,7
83865,10,1.2184505911516116e-5,5,7
83865,15,4.362226174883829e-6,5,7
83865,9,2.2912375710590508e-5,5,7
83865,18,4.803049359977663e-6,5,7
83865,3,0,5,7
83865,16,6.303718340965159e-6,5,7
83865,2,2.4984641385725943e-6,5,7
83865,5,1.7852742533279022e-5,5,7
83865,4,0,5,7
83865,12,8.719695096043479e-6,5,7
83865,13,7.419938859703796e-6,5,7
83865,6,6.506461041542968e-5,5,7
84037,8,3.053215909936185e-4,3,1
84037,17,1.351028488213343e-5,3,1
84037,11,1.2161727436072468e-4,3,1
84037,7,3.879779134945202e-4,3,1
84037,10,1.895367586235841e-4,3,1
84037,15,2.29016874181401e-5,3,1
84037,9,2.3894334669615817e-4,3,1
84037,18,2.4015246799888312e-5,3,1
84037,3,1.5451074019606177e-5,3,1
84037,16,2.5956487286327124e-5,3,1
84037,2,2.77607126508066e-7,3,1
84037,5,1.7249269546238603e-4,3,1
84037,4,2.5074015124496227e-5,3,1
84037,12,8.997139940008498e-5,3,1
84037,13,6.172040051480884e-5,3,1
84037,6,3.3380974039220443e-4,3,1
84100,8,9.860244015091364e-5,6,4
84100,17,3.270911076727041e-5,6,4
84100,11,5.4923930356456306e-5,6,4
84100,7,1.2723444602470789e-4,6,4
84100,10,7.626598144615644e-5,6,4
84100,15,5.2710232946512925e-5,6,4
84100,9,1.1374357942043146e-4,6,4
84100,18,2.7537482997205264e-5,6,4
84100,3,1.1742816254900694e-4,6,4
84100,16,3.930553789072393e-5,6,4
84100,2,6.523767472939551e-5,6,4
84100,5,2.8614677468833137e-4,6,4
84100,4,1.0403845081507388e-4,6,4
84100,12,9.353854739392096e-5,6,4
84100,13,6.27322103593139e-5,6,4
84100,6,1.5213174609211578e-4,6,4
84124,8,1.643374002515227e-5,6,4
84124,17,0,6,4
84124,11,5.706382374696759e-6,6,4
84124,7,1.464067598092529e-5,6,4
84124,10,6.769169950842288e-6,6,4
84124,15,2.1811130874419143e-6,6,4
84124,9,9.001290457731986e-6,6,4
84124,18,0,6,4
84124,3,4.820735094117127e-5,6,4
84124,16,3.708069612332446e-7,6,4
84124,2,6.967938875352456e-5,6,4
84124,5,2.162444870228163e-5,6,4
84124,4,9.168856276868024e-5,6,4
84124,12,3.567147993835968e-6,6,4
84124,13,6.745398963367088e-7,6,4
84124,6,2.2316847050702933e-5,6,4
84169,8,8.649336855343301e-6,7,2
84169,17,0,7,2
84169,11,0,7,2
84169,7,6.971750467107282e-6,7,2
84169,10,1.3538339901684576e-6,7,2
84169,15,0,7,2
84169,9,6.955542626429262e-6,7,2
84169,18,0,7,2
84169,3,9.641470188234256e-5,7,2
84169,16,0,7,2
84169,2,6.162878208479066e-5,7,2
84169,5,3.6459826300358565e-5,7,2
84169,4,7.147965505639969e-5,7,2
84169,12,1.9817488854644267e-6,7,2
84169,13,0,7,2
84169,6,1.5087445893432969e-5,7,2
84178,8,2.3785676352194076e-5,6,4
84178,17,3.9108719395649406e-6,6,4
84178,11,1.6405849327253184e-5,6,4
84178,7,3.5555927382247135e-5,6,4
84178,10,1.037939392462484e-5,6,4
84178,15,2.5446319353489e-6,6,4
84178,9,2.045747831302724e-5,6,4
84178,18,1.6010164533258875e-6,6,4
84178,3,6.613059680391444e-5,6,4
84178,16,2.966455689865957e-6,6,4
84178,2,3.3868069433984056e-5,6,4
84178,5,2.4893260715417226e-5,6,4
84178,4,3.892085929772549e-5,6,4
84178,12,9.116044873136364e-6,6,4
84178,13,7.75720880787215e-6,6,4
84178,6,4.2747763364726746e-5,6,4
84331,8,5.362588850312847e-5,6,4
84331,17,1.4221352507508874e-6,6,4
84331,11,1.2839360343067709e-5,6,4
84331,7,9.51643938760144e-5,6,4
84331,10,1.6246007882021492e-5,6,4
84331,15,3.2716696311628713e-6,6,4
84331,9,3.764176009597012e-5,6,4
84331,18,9.606098719955323e-7,6,4
84331,3,3.399236284313359e-6,6,4
84331,16,2.224841767399468e-6,6,4
84331,2,1.665642759048396e-6,6,4
84331,5,3.8295389969273167e-4,6,4
84331,4,6.436911345393061e-5,6,4
84331,12,5.94524665639328e-6,6,4
84331,13,4.047239378020252e-6,6,4
84331,6,1.819923160895352e-4,6,4
84351,8,2.940774530816722e-5,3,1
84351,17,7.110676253754437e-7,3,1
84351,11,6.419680171533854e-6,3,1
84351,7,3.695027747566859e-5,3,1
84351,10,2.256389983614096e-5,3,1
84351,15,5.0892638706978e-6,3,1
84351,9,2.2912375710590508e-5,3,1
84351,18,8.325285557294615e-6,3,1
84351,3,6.180429607842471e-7,3,1
84351,16,2.966455689865957e-6,3,1
84351,2,0,3,1
84351,5,1.5338271753943946e-4,3,1
84351,4,1.4221083204938158e-5,3,1
84351,12,5.548896879300395e-6,3,1
84351,13,3.709969429851898e-6,3,1
84351,6,1.090696609379425e-4,3,1
84692,8,8.216870012576136e-6,6,4
84692,17,7.110676253754437e-7,6,4
84692,11,6.419680171533854e-6,6,4
84692,7,1.6035026074346747e-5,6,4
84692,10,8.123003941010746e-6,6,4
84692,15,2.1811130874419143e-6,6,4
84692,9,1.1456187855295254e-5,6,4
84692,18,2.56162632532142e-6,6,4
84692,3,1.0197708852940076e-5,6,4
84692,16,2.5956487286327124e-6,6,4
84692,2,2.6095069891758207e-5,6,4
84692,5,3.243667305342245e-5,6,4
84692,4,1.6466517395191552e-5,6,4
84692,12,3.567147993835968e-6,6,4
84692,13,4.047239378020252e-6,6,4
84692,6,2.1059559892916853e-5,6,4
84853,8,2.4218143194961244e-5,7,2
84853,17,4.266405752252662e-6,7,2
84853,11,1.390930703832335e-5,7,2
84853,7,3.416157728882568e-5,7,2
84853,10,1.8953675862358405e-5,7,2
84853,15,2.1811130874419143e-6,7,2
84853,9,2.5776422674414324e-5,7,2
84853,18,6.40406581330355e-7,7,2
84853,3,2.1322482147056524e-4,7,2
84853,16,0,7,2
84853,2,2.467927354656707e-4,7,2
84853,5,3.872285000176013e-5,7,2
84853,4,1.714014765226757e-4,7,2
84853,12,8.323345318950592e-6,7,2
84853,13,7.75720880787215e-6,7,2
84853,6,3.8347258312475465e-5,7,2
84871,8,3.113761267923588e-5,3,1
84871,17,3.9108719395649406e-6,3,1
84871,11,1.3196009241486256e-5,3,1
84871,7,4.601355308290805e-5,3,1
84871,10,1.083067192134766e-5,3,1
84871,15,5.0892638706978e-6,3,1
84871,9,2.127577744554833e-5,3,1
84871,18,6.083862522638373e-6,3,1
84871,3,4.3263007254897294e-6,3,1
84871,16,1.854034806166223e-6,3,1
84871,2,4.719321150637123e-6,3,1
84871,5,3.595693214449155e-5,3,1
84871,4,0,3,1
84871,12,3.963497770928853e-6,3,1
84871,13,6.7453989633670875e-6,3,1
84871,6,7.135104620436008e-5,3,1
84923,8,1.556880633961794e-5,7,2
84923,17,1.0666014380631656e-6,7,2
84923,11,2.4965422889298324e-6,7,2
84923,7,2.474971415823085e-5,7,2
84923,10,9.928115927902022e-6,7,2
84923,15,5.452782718604786e-6,7,2
84923,9,1.350193568659798e-5,7,2
84923,18,0,7,2
84923,3,3.0284105078428103e-5,7,2
84923,16,1.4832278449329785e-6,7,2
84923,2,3.5256105066524385e-5,7,2
84923,5,2.8916413962353344e-5,7,2
84923,4,6.99826989295641e-5,7,2
84923,12,3.963497770928853e-6,7,2
84923,13,2.023619689010126e-6,7,2
84923,6,1.8230663787898172e-5,7,2
84962,8,4.324668427671651e-7,7,2
84962,17,7.110676253754437e-7,7,2
84962,11,1.0699466952556424e-6,7,2
84962,7,2.0915251401321845e-6,7,2
84962,10,9.025559934456384e-7,7,2
84962,15,0,7,2
84962,9,8.182991325210896e-7,7,2
84962,18,0,7,2
84962,3,1.85103866754882e-4,7,2
84962,16,0,7,2
84962,2,1.9571302418818653e-4,7,2
84962,5,9.052094805606264e-6,7,2
84962,4,2.1780711645457917e-4,7,2
84962,12,3.963497770928854e-7,7,2
84962,13,1.3490797926734176e-6,7,2
84962,6,6.600757578376924e-6,7,2
85028,8,8.216870012576136e-6,7,2
85028,17,7.110676253754437e-7,7,2
85028,11,2.4965422889298324e-6,7,2
85028,7,1.0806213224016286e-5,7,2
85028,10,7.220447947565107e-6,7,2
85028,15,3.9987073269768425e-6,7,2
85028,9,1.6365982650421794e-5,7,2
85028,18,1.6010164533258875e-6,7,2
85028,3,7.231102641175691e-4,7,2
85028,16,2.966455689865957e-6,7,2
85028,2,6.68755567757931e-4,7,2
85028,5,4.903218019703393e-5,7,2
85028,4,6.335866806831659e-4,7,2
85028,12,7.926995541857707e-6,7,2
85028,13,3.372699481683544e-6,7,2
85028,6,2.3574134208489013e-5,7,2
85114,8,1.1676604754713456e-5,6,4
85114,17,3.5553381268772184e-7,6,4
85114,11,2.1398933905112848e-6,6,4
85114,7,2.1263838924677207e-5,6,4
85114,10,3.6102239737825536e-6,6,4
85114,15,7.270376958139714e-7,6,4
85114,9,1.0637888722774163e-5,6,4
85114,18,0,6,4
85114,3,9.579665892155827e-6,6,4
85114,16,3.708069612332446e-7,6,4
85114,2,7.772999542225848e-6,6,4
85114,5,8.624634773119302e-5,6,4
85114,4,2.020890771228054e-5,6,4
85114,12,3.567147993835968e-6,6,4
85114,13,1.011809844505063e-6,6,4
85114,6,3.394675326022418e-5,6,4
85141,8,1.6866206867919436e-5,7,2
85141,17,0,7,2
85141,11,1.4265955936741898e-6,7,2
85141,7,2.5098301681586212e-5,7,2
85141,10,4.964057963951011e-6,7,2
85141,15,0,7,2
85141,9,1.18653374215558e-5,7,2
85141,18,0,7,2
85141,3,0,7,2
85141,16,3.708069612332446e-7,7,2
85141,2,0,7,2
85141,5,9.529844253679927e-5,7,2
85141,4,0,7,2
85141,12,2.3780986625573123e-6,7,2
85141,13,3.372699481683544e-7,7,2
85141,6,4.4633694101405866e-5,7,2
85156,8,3.978694953457918e-5,6,4
85156,17,1.0666014380631656e-6,6,4
85156,11,1.3196009241486256e-5,6,4
85156,7,6.867174210100672e-5,6,4
85156,10,2.211262183941814e-5,6,4
85156,15,2.9081507832558855e-6,6,4
85156,9,3.150451660206195e-5,6,4
85156,18,0,6,4
85156,3,1.7923245862743167e-5,6,4
85156,16,7.416139224664892e-7,6,4
85156,2,3.608892644604858e-6,6,4
85156,5,1.6821809513751642e-4,6,4
85156,4,7.671900150032427e-5,6,4
85156,12,3.567147993835968e-6,6,4
85156,13,8.769018652377213e-6,6,4
85156,6,1.1126991346406816e-4,6,4
85189,8,1.0811671069179126e-5,6,4
85189,17,0,6,4
85189,11,3.209840085766927e-6,6,4
85189,7,1.1851975794082378e-5,6,4
85189,10,5.4153359606738304e-6,6,4
85189,15,3.635188479069857e-7,6,4
85189,9,1.0637888722774163e-5,6,4
85189,18,6.40406581330355e-7,6,4
85189,3,6.922081160783567e-5,6,4
85189,16,3.708069612332446e-7,6,4
85189,2,3.5811319319540515e-5,6,4
85189,5,1.0560777273207309e-5,6,4
85189,4,4.715411799532127e-5,6,4
85189,12,1.189049331278656e-6,6,4
85189,13,2.023619689010126e-6,6,4
85189,6,1.1629906209521246e-5,6,4
85458,8,2.075840845282392e-5,7,2
85458,17,0,7,2
85458,11,8.916222460463686e-6,7,2
85458,7,2.405253911152012e-5,7,2
85458,10,1.7599841872189947e-5,7,2
85458,15,2.1811130874419143e-6,7,2
85458,9,1.0637888722774163e-5,7,2
85458,18,6.40406581330355e-7,7,2
85458,3,0,7,2
85458,16,0,7,2
85458,2,0,7,2
85458,5,6.411900487304436e-5,7,2
85458,4,0,7,2
85458,12,3.963497770928853e-6,7,2
85458,13,6.745398963367088e-7,7,2
85458,6,4.7462590206424546e-5,7,2
85587,8,1.037920422641196e-5,7,2
85587,17,3.5553381268772184e-7,7,2
85587,11,3.209840085766927e-6,7,2
85587,7,1.533785102763602e-5,7,2
85587,10,2.7076679803369152e-6,7,2
85587,15,0,7,2
85587,9,1.1456187855295254e-5,7,2
85587,18,0,7,2
85587,3,1.02595131490185e-4,7,2
85587,16,3.708069612332446e-7,7,2
85587,2,1.3602749198895234e-4,7,2
85587,5,8.448621818565847e-5,7,2
85587,4,1.4483050527134387e-4,7,2
85587,12,4.359847548021739e-6,7,2
85587,13,3.372699481683544e-7,7,2
85587,6,4.4319372311959346e-5,7,2
85645,8,1.816360739622093e-5,6,4
85645,17,0,6,4
85645,11,4.2797867810225695e-6,6,4
85645,7,1.6732201121057476e-5,6,4
85645,10,7.220447947565107e-6,6,4
85645,15,1.0905565437209572e-6,6,4
85645,9,1.2683636554076889e-5,6,4
85645,18,0,6,4
85645,3,1.9777374745095907e-5,6,4
85645,16,0,6,4
85645,2,8.32821379524198e-6,6,4
85645,5,6.990228766551503e-5,6,4
85645,4,2.544825415620513e-5,6,4
85645,12,3.170798216743083e-6,6,4
85645,13,7.082668911535442e-6,6,4
85645,6,3.9290223680815025e-5,6,4
85961,8,1.037920422641196e-5,7,2
85961,17,2.8442705015017748e-6,7,2
85961,11,4.2797867810225695e-6,7,2
85961,7,1.568643855099138e-5,7,2
85961,10,3.6102239737825536e-6,7,2
85961,15,2.5446319353489e-6,7,2
85961,9,1.4320234819119068e-5,7,2
85961,18,1.921219743991065e-6,7,2
85961,3,4.048181393136818e-5,7,2
85961,16,2.5956487286327124e-6,7,2
85961,2,2.6372677018266272e-5,7,2
85961,5,5.531835714537161e-6,7,2
85961,4,2.769368834645852e-5,7,2
85961,12,3.567147993835968e-6,7,2
85961,13,1.3490797926734176e-6,7,2
85961,6,3.143217894465202e-5,7,2
85964,8,4.324668427671651e-7,7,2
85964,17,0,7,2
85964,11,3.566488984185475e-7,7,2
85964,7,3.137287710198277e-6,7,2
85964,10,0,7,2
85964,15,0,7,2
85964,9,1.2274486987816343e-6,7,2
85964,18,0,7,2
85964,3,8.93072078333237e-5,7,2
85964,16,0,7,2
85964,2,6.967938875352456e-5,7,2
85964,5,4.023153246936117e-6,7,2
85964,4,2.3577058997660633e-5,7,2
85964,12,0,7,2
85964,13,3.372699481683544e-7,7,2
85964,6,2.8288961050186816e-6,7,2
86121,8,0.00111230471959714,1,9
86121,17,0.00170514016565031,1,9
86121,11,0.00129748869244667,1,9
86121,7,0.00123888005800496,1,9
86121,10,0.00109705681003317,1,9
86121,15,0.00219856199214144,1,9
86121,9,0.00112311555938519,1,9
86121,18,0.00171308760505869,1,9
86121,3,9.579665892155827e-6,1,9
86121,16,0.00195304026481549,1,9
86121,2,1.748924897000816e-5,1,9
86121,5,0.00168469542215449,1,9
86121,4,1.343518123834947e-4,1,9
86121,12,0.00145301828282251,1,9
86121,13,0.00171299406674707,1,9
86121,6,0.00139873196303701,1,9
86149,8,5.405835534589563e-5,6,4
86149,17,7.110676253754437e-6,6,4
86149,11,1.6405849327253184e-5,6,4
86149,7,7.599208009146937e-5,6,4
86149,10,3.610223973782553e-5,6,4
86149,15,0,6,4
86149,9,4.74613496862232e-5,6,4
86149,18,1.28081316266071e-6,6,4
86149,3,1.888121245195875e-4,6,4
86149,16,2.224841767399468e-6,6,4
86149,2,1.757253110796058e-4,6,4
86149,5,1.1692289123908092e-4,6,4
86149,4,2.885382934475611e-4,6,4
86149,12,1.4664941752436758e-5,6,4
86149,13,7.75720880787215e-6,6,4
86149,6,9.68111111495282e-5,6,4
86212,8,1.8596074238988095e-5,7,2
86212,17,0,7,2
86212,11,6.7763290699524014e-6,7,2
86212,7,2.649265177500767e-5,7,2
86212,10,2.211262183941814e-5,7,2
86212,15,0,7,2
86212,9,2.37306748431116e-5,7,2
86212,18,0,7,2
86212,3,2.734840101470293e-4,7,2
86212,16,2.224841767399468e-6,7,2
86212,2,3.120304101950662e-4,7,2
86212,5,3.872285000176013e-5,7,2
86212,4,3.817238123430769e-4,7,2
86212,12,1.9817488854644267e-6,7,2
86212,13,9.443558548713922e-6,7,2
86212,6,2.9860569997419417e-5,7,2
86251,8,3.892201584904485e-6,7,2
86251,17,0,7,2
86251,11,0,7,2
86251,7,2.7887001868429127e-6,7,2
86251,10,9.025559934456384e-7,7,2
86251,15,0,7,2
86251,9,1.2274486987816343e-6,7,2
86251,18,0,7,2
86251,3,2.116797140686046e-4,7,2
86251,16,7.416139224664892e-7,7,2
86251,2,1.1742781451291192e-4,7,2
86251,5,4.526047402803132e-6,7,2
86251,4,1.5493495912748416e-4,7,2
86251,12,0,7,2
86251,13,0,7,2
86251,6,5.029148631144323e-6,7,2
86691,8,2.25315225081693e-4,3,1
86691,17,2.5953968326203696e-5,3,1
86691,11,9.344201138565944e-5,3,1
86691,7,3.5242198611227306e-4,3,1
86691,10,6.182508555102622e-5,3,1
86691,15,1.7085385851628328e-5,3,1
86691,9,1.6693302303430227e-4,3,1
86691,18,7.364675685299083e-6,3,1
86691,3,6.1804296078424705e-6,3,1
86691,16,1.4090664526863296e-5,3,1
86691,2,2.77607126508066e-7,3,1
86691,5,0.00125522381304406,3,1
86691,4,1.766408229666003e-4,3,1
86691,12,8.085535452694861e-5,3,1
86691,13,4.0472393780202525e-5,3,1
86691,6,6.713913422577672e-4,3,1
86788,8,3.935448269181202e-5,3,1
86788,17,8.177277691817603e-6,3,1
86788,11,4.3867814505481337e-5,3,1
86788,7,3.939039013915614e-5,3,1
86788,10,1.8051119868912768e-4,3,1
86788,15,1.52677916120934e-5,3,1
86788,9,3.068621746954086e-5,3,1
86788,18,8.005082266629437e-6,3,1
86788,3,3.090214803921236e-7,3,1
86788,16,1.7427927177962497e-5,3,1
86788,2,5.55214253016132e-7,3,1
86788,5,5.330678052190355e-5,3,1
86788,4,0,3,1
86788,12,4.0427677263474304e-5,3,1
86788,13,1.92243870455962e-5,3,1
86788,6,7.355129873048573e-5,3,1
86830,8,2.162334213835826e-6,7,2
86830,17,7.110676253754437e-7,7,2
86830,11,0,7,2
86830,7,2.0915251401321845e-6,7,2
86830,10,0,7,2
86830,15,3.635188479069857e-7,7,2
86830,9,4.091495662605448e-7,7,2
86830,18,0,7,2
86830,3,5.757070179705262e-4,7,2
86830,16,1.112420883699734e-6,7,2
86830,2,5.807541086548741e-4,7,2
86830,5,2.9670755196153865e-5,7,2
86830,4,3.8322076846991247e-4,7,2
86830,12,0,7,2
86830,13,0,7,2
86830,6,4.400505052251283e-6,7,2
86860,8,2.032594161005676e-5,6,4
86860,17,0,6,4
86860,11,6.419680171533854e-6,6,4
86860,7,1.4989263504280656e-5,6,4
86860,10,1.3087061904961756e-5,6,4
86860,15,2.5446319353489e-6,6,4
86860,9,1.6775132216682336e-5,6,4
86860,18,1.6010164533258875e-6,6,4
86860,3,2.997508359803598e-5,6,4
86860,16,0,6,4
86860,2,3.4423283687000187e-5,6,4
86860,5,9.806436039406788e-6,6,4
86860,4,3.51784689806365e-5,6,4
86860,12,2.3780986625573123e-6,6,4
86860,13,0,6,4
86860,6,2.2631168840149453e-5,6,4
86896,8,1.470387265408361e-5,7,2
86896,17,3.5553381268772184e-7,7,2
86896,11,1.6405849327253184e-5,7,2
86896,7,1.6035026074346747e-5,7,2
86896,10,3.7456073727993995e-5,7,2
86896,15,5.452782718604786e-6,7,2
86896,9,4.500645228865993e-6,7,2
86896,18,6.40406581330355e-7,7,2
86896,3,1.2360859215684942e-4,7,2
86896,16,2.966455689865957e-6,7,2
86896,2,9.188795887416984e-5,7,2
86896,5,1.131511850700783e-5,7,2
86896,4,8.308106503937556e-5,7,2
86896,12,9.116044873136364e-6,7,2
86896,13,8.094478756040504e-6,7,2
86896,6,1.1629906209521246e-5,7,2
86928,8,4.757135270438816e-6,7,2
86928,17,0,7,2
86928,11,1.7832444920927374e-6,7,2
86928,7,5.577400373685825e-6,7,2
86928,10,4.512779967228192e-7,7,2
86928,15,0,7,2
86928,9,5.728093927647627e-6,7,2
86928,18,0,7,2
86928,3,6.798472568626717e-5,7,2
86928,16,0,7,2
86928,2,3.4700890813508255e-5,7,2
86928,5,2.338457824781618e-5,7,2
86928,4,3.0313361568420812e-5,7,2
86928,12,0,7,2
86928,13,6.745398963367088e-7,7,2
86928,6,2.2002525261256413e-5,7,2
87153,8,2.681294425156423e-5,2,8
87153,17,3.270911076727041e-5,2,8
87153,11,3.780478323236603e-5,2,8
87153,7,1.2549150840793106e-5,2,8
87153,10,2.301517783286378e-5,2,8
87153,15,4.980208216325704e-5,2,8
87153,9,2.823132007197759e-5,2,8
87153,18,3.7783988298490944e-5,2,8
87153,3,1.1742816254900694e-5,2,8
87153,16,3.188939866605904e-5,2,8
87153,2,1.110428506032264e-5,2,8
87153,5,1.7601295455345513e-6,2,8
87153,4,1.6466517395191552e-5,2,8
87153,12,2.4970035956851777e-5,2,8
87153,13,3.001702538698354e-5,2,8
87153,6,1.3830158735646888e-5,2,8
87199,8,1.669322013081257e-4,4,3
87199,17,6.399608628378993e-6,4,3
87199,11,7.311302417580223e-5,4,3
87199,7,1.4849828494938508e-4,4,3
87199,10,1.877316466366928e-4,4,3
87199,15,2.435576280976804e-5,4,3
87199,9,1.2069912204686071e-4,4,3
87199,18,6.7242691039687274e-06,4,3
87199,3,5.809603831371922e-5,4,3
87199,16,1.1865822759463828e-5,4,3
87199,2,5.4688603922089e-5,4,3
87199,5,2.325885470884943e-4,4,3
87199,4,4.490868380506787e-5,4,3
87199,12,6.619041277451185e-5,4,3
87199,13,4.4182363210054424e-5,4,3
87199,6,2.228541487175828e-4,4,3
87201,8,7.78440316980897e-6,7,2
87201,17,0,7,2
87201,11,3.5664889841854747e-6,7,2
87201,7,1.4292088457569926e-5,7,2
87201,10,9.025559934456384e-7,7,2
87201,15,1.0905565437209572e-6,7,2
87201,9,1.2274486987816343e-6,7,2
87201,18,0,7,2
87201,3,1.0568534629410624e-4,7,2
87201,16,0,7,2
87201,2,9.049992324162952e-5,7,2
87201,5,6.16045340937093e-5,7,2
87201,4,5.089650831241025e-5,7,2
87201,12,0,7,2
87201,13,6.745398963367088e-7,7,2
87201,6,3.080353536575898e-5,7,2
87301,8,3.157007952200305e-4,1,9
87301,17,6.847581232365523e-4,1,9
87301,11,4.154959666576078e-4,1,9
87301,7,2.46102791488887e-4,1,9
87301,10,2.612899601025123e-4,1,9
87301,15,8.048307292660663e-4,1,9
87301,9,3.121811190567957e-4,1,9
87301,18,7.348665520765824e-4,1,9
87301,3,1.3905966617645558e-5,1,9
87301,16,6.874761061264356e-4,1,9
87301,2,1.5823606210959764e-5,1,9
87301,5,5.556980422330512e-5,1,9
87301,4,8.233258697595776e-6,1,9
87301,12,4.914737235951779e-4,1,9
87301,13,5.689744025600138e-4,1,9
87301,6,1.4081616167204106e-4,1,9
87359,8,5.578822271696429e-5,6,4
87359,17,1.0666014380631656e-6,6,4
87359,11,1.8902391616183017e-5,6,4
87359,7,6.100281658718871e-5,6,4
87359,10,2.843051379353761e-5,6,4
87359,15,5.0892638706978e-6,6,4
87359,9,4.909794795126538e-5,6,4
87359,18,1.28081316266071e-6,6,4
87359,3,1.3349727952939738e-4,6,4
87359,16,2.5956487286327124e-6,6,4
87359,2,1.2992013520577488e-4,6,4
87359,5,6.562768734064542e-5,6,4
87359,4,1.343518123834947e-4,6,4
87359,12,1.942113907755138e-5,6,4
87359,13,3.709969429851898e-6,6,4
87359,6,9.115331893949084e-5,6,4
87533,8,7.654663116978821e-5,6,4
87533,17,1.13770820060071e-5,6,4
87533,11,3.209840085766927e-5,6,4
87533,7,9.20271061658161e-5,6,4
87533,10,3.700479573127117e-5,6,4
87533,15,1.7448904699535315e-5,6,4
87533,9,4.214240532483612e-5,6,4
87533,18,1.2167725045276746e-5,6,4
87533,3,9.70327448431268e-5,6,4
87533,16,8.528560108364627e-6,6,4
87533,2,1.0326985106100057e-4,6,4
87533,5,6.990228766551503e-5,6,4
87533,4,5.688433281975263e-5,6,4
87533,12,3.210433194452372e-5,6,4
87533,13,1.7200767356586074e-5,6,4
87533,6,1.417591270403806e-4,6,4
87617,8,9.77375064653793e-5,6,4
87617,17,1.0310480567943934e-5,6,4
87617,11,2.960185856873944e-5,6,4
87617,7,8.749546836219639e-5,6,4
87617,10,5.8214861577243674e-5,6,4
87617,15,8.724452349767657e-6,6,4
87617,9,8.387566108341169e-5,6,4
87617,18,8.325285557294615e-6,6,4
87617,3,7.200200493136478e-5,6,4
87617,16,1.8911155022895476e-5,6,4
87617,2,5.1357318403992215e-5,6,4
87617,5,7.442833506831817e-5,6,4
87617,4,1.6578789104704225e-4,6,4
87617,12,2.9726233281966403e-5,6,4
87617,13,1.5177147667575949e-5,6,4
87617,6,1.197566017791242e-4,6,4
87656,8,0.00162304806090517,1,9
87656,17,0.00284675923819058,1,9
87656,11,0.00182354581761403,1,9
87656,7,0.00135217100309545,1,9
87656,10,0.00184031167063565,1,9
87656,15,0.00339344844521171,1,9
87656,9,0.00160100225277751,1,9
87656,18,0.00281170509533092,1,9
87656,3,9.363350855881345e-5,1,9
87656,16,0.00314073496164558,1,9
87656,2,8.605820921750047e-5,1,9
87656,5,0.00165527611403627,1,9
87656,4,3.3868632369655355e-4,1,9
87656,12,0.00228099296716955,1,9
87656,13,0.00239326755220264,1,9
87656,6,0.00151094484186942,1,9
87666,8,2.8975278465400057e-5,6,4
87666,17,2.8442705015017748e-6,6,4
87666,11,9.272871358882232e-6,6,4
87666,7,3.764745252237932e-5,6,4
87666,10,1.8502397865635582e-5,6,4
87666,15,6.179820414418757e-6,6,4
87666,9,2.454897397563269e-5,6,4
87666,18,3.202032906651775e-6,6,4
87666,3,2.719389027450687e-5,6,4
87666,16,1.854034806166223e-6,6,4
87666,2,2.69278912712824e-5,6,4
87666,5,1.684695422154499e-5,6,4
87666,4,6.511759151734842e-5,6,4
87666,12,1.545764130662253e-5,6,4
87666,13,1.4165337823070884e-5,6,4
87666,6,6.632189757321576e-5,6,4
87736,8,5.622068955973145e-5,6,4
87736,17,4.266405752252662e-6,6,4
87736,11,2.2112231701949945e-5,6,4
87736,7,5.856270392370116e-5,6,4
87736,10,3.29432937607658e-5,6,4
87736,15,2.9081507832558855e-6,6,4
87736,9,4.6233900987441565e-5,6,4
87736,18,6.40406581330355e-7,6,4
87736,3,4.7589307980387024e-5,6,4
87736,16,3.708069612332446e-6,6,4
87736,2,2.9148748283346933e-5,6,4
87736,5,5.255243928810303e-5,6,4
87736,4,4.228901058310558e-5,6,4
87736,12,1.3475892421158102e-5,6,4
87736,13,2.698159585346835e-6,6,4
87736,6,6.820782830989488e-5,6,4
87764,8,2.4650610037728407e-5,6,4
87764,17,3.5553381268772184e-7,6,4
87764,11,1.1412764749393518e-5,6,4
87764,7,3.59045149056025e-5,6,4
87764,10,1.128194991807048e-5,6,4
87764,15,0,6,4
87764,9,1.882088004798506e-5,6,4
87764,18,0,6,4
87764,3,2.842997619607537e-5,6,4
87764,16,7.416139224664892e-7,6,4
87764,2,1.0826677933814574e-5,6,4
87764,5,1.8783096721632997e-4,6,4
87764,4,9.730214824431371e-5,6,4
87764,12,1.189049331278656e-6,6,4
87764,13,0,6,4
87764,6,9.115331893949084e-5,6,4
87895,8,2.508307688049557e-5,6,4
87895,17,0,6,4
87895,11,4.636435679441117e-6,6,4
87895,7,3.485875233553641e-5,6,4
87895,10,3.1589459770597342e-06,6,4
87895,15,0,6,4
87895,9,9.41044002399253e-6,6,4
87895,18,0,6,4
87895,3,0,6,4
87895,16,0,6,4
87895,2,0,6,4
87895,5,1.340212925385594e-4,6,4
87895,4,3.59269470440543e-5,6,4
87895,12,1.9817488854644267e-6,6,4
87895,13,3.372699481683544e-6,6,4
87895,6,6.129274894207144e-5,6,4
87917,8,0,7,2
87917,17,3.5553381268772184e-7,7,2
87917,11,0,7,2
87917,7,3.485875233553641e-7,7,2
87917,10,9.025559934456384e-7,7,2
87917,15,3.635188479069857e-7,7,2
87917,9,4.091495662605448e-7,7,2
87917,18,0,7,2
87917,3,1.3566042989214224e-4,7,2
87917,16,0,7,2
87917,2,1.004937797959199e-4,7,2
87917,5,3.017364935202088e-6,7,2
87917,4,9.243704083209803e-5,7,2
87917,12,0,7,2
87917,13,0,7,2
87917,6,3.143217894465202e-7,7,2
87921,8,4.324668427671651e-6,7,2
87921,17,0,7,2
87921,11,1.4265955936741898e-6,7,2
87921,7,4.5316378036197325e-6,7,2
87921,10,1.8051119868912768e-6,7,2
87921,15,2.1811130874419143e-6,7,2
87921,9,2.8640469638238135e-6,7,2
87921,18,0,7,2
87921,3,5.593288795097436e-5,7,2
87921,16,0,7,2
87921,2,9.632967289829892e-5,7,2
87921,5,1.232090681874186e-5,7,2
87921,4,2.077026625984389e-4,7,2
87921,12,0,7,2
87921,13,0,7,2
87921,6,5.029148631144323e-6,7,2
87931,8,1.7298673710686603e-5,7,2
87931,17,2.133202876126331e-6,7,2
87931,11,1.248271144464916e-5,7,2
87931,7,3.9738977662511506e-5,7,2
87931,10,2.707667980336915e-5,7,2
87931,15,5.0892638706978e-6,7,2
87931,9,1.350193568659798e-5,7,2
87931,18,9.606098719955323e-7,7,2
87931,3,4.106895474411322e-4,7,2
87931,16,4.078876573565691e-6,7,2
87931,2,3.53393872044768e-4,7,2
87931,5,8.775503019879406e-5,7,2
87931,4,2.2866004837413724e-4,7,2
87931,12,1.5853991083715415e-6,7,2
87931,13,9.780828496882276e-6,7,2
87931,6,5.6263600310927114e-5,7,2
87957,8,1.435789917986988e-4,6,4
87957,17,1.2088149631382544e-5,6,4
87957,11,7.097313078529095e-5,6,4
87957,7,1.9137455032209488e-4,6,4
87957,10,9.16094333347323e-5,6,4
87957,15,3.235317746372173e-5,6,4
87957,9,1.0637888722774164e-4,6,4
87957,18,5.12325265064284e-6,6,4
87957,3,4.2243236369603285e-4,6,4
87957,16,1.0011787953297604e-5,6,4
87957,2,4.022527263101877e-4,6,4
87957,5,1.8431070812526088e-4,6,4
87957,4,0.00039182826619921723,6,4
87957,12,5.311087013044664e-5,6,4
87957,13,1.6188957512081008e-5,6,4
87957,6,2.96091125658622e-4,6,4
88023,8,3.373241373583887e-5,6,4
88023,17,0,6,4
88023,11,4.636435679441117e-6,6,4
88023,7,5.925987897041189e-5,6,4
88023,10,1.17332279147933e-5,6,4
88023,15,0,6,4
88023,9,2.6185572240674863e-5,6,4
88023,18,0,6,4
88023,3,4.72802864999949e-5,6,4
88023,16,0,6,4
88023,2,4.4972354494306694e-5,6,4
88023,5,2.584875961156455e-4,6,4
88023,4,0,6,4
88023,12,1.9817488854644267e-6,6,4
88023,13,2.360889637178481e-6,6,4
88023,6,1.4333073598761322e-4,6,4
88041,8,7.351936327041805e-6,7,2
88041,17,0,7,2
88041,11,2.4965422889298324e-6,7,2
88041,7,1.638361359770211e-5,7,2
88041,10,4.512779967228192e-6,7,2
88041,15,3.9987073269768425e-6,7,2
88041,9,9.819589590253076e-6,7,2
88041,18,0,7,2
88041,3,1.0012295964704804e-4,7,2
88041,16,2.224841767399468e-6,7,2
88041,2,9.993856554290376e-5,7,2
88041,5,3.4196802598957e-5,7,2
88041,4,1.2050496821026546e-4,7,2
88041,12,1.9817488854644267e-6,7,2
88041,13,1.011809844505063e-6,7,2
88041,6,1.4773124103986449e-5,7,2
88098,8,9.125050382387182e-5,5,7
88098,17,2.488736688814053e-6,5,7
88098,11,4.422446340389989e-5,5,7
88098,7,1.240971583145096e-4,5,7
88098,10,5.7312305583798035e-5,5,7
88098,15,9.451490045581628e-6,5,7
88098,9,6.955542626429262e-5,5,7
88098,18,6.40406581330355e-6,5,7
88098,3,5.871408127450347e-6,5,7
88098,16,7.045332263431648e-6,5,7
88098,2,0,5,7
88098,5,5.783282792470669e-5,5,7
88098,4,3.742390317088989e-7,5,7
88098,12,2.061018840883004e-5,5,7
88098,13,1.8212577201091137e-5,5,7
88098,6,1.1849931462133812e-4,5,7
88169,8,1.6001273182385108e-5,3,1
88169,17,0,3,1
88169,11,0,3,1
88169,7,2.6144064251652304e-5,3,1
88169,10,4.964057963951011e-6,3,1
88169,15,0,3,1
88169,9,8.592140891471441e-6,3,1
88169,18,0,3,1
88169,3,3.090214803921236e-7,3,1
88169,16,0,3,1
88169,2,5.829749656669386e-6,3,1
88169,5,1.2823800974608873e-4,3,1
88169,4,2.6570971251331824e-5,3,1
88169,12,3.567147993835968e-6,3,1
88169,13,0,3,1
88169,6,5.6892243889820154e-5,3,1
88186,8,5.44908221886628e-5,3,1
88186,17,2.133202876126331e-6,3,1
88186,11,1.390930703832335e-5,3,1
88186,7,5.472824116679216e-5,3,1
88186,10,4.106629770177654e-5,3,1
88186,15,1.0905565437209571e-5,3,1
88186,9,6.66913793004688e-5,3,1
88186,18,2.56162632532142e-6,3,1
88186,3,0,3,1
88186,16,3.708069612332446e-6,3,1
88186,2,2.77607126508066e-7,3,1
88186,5,5.582125130123863e-5,3,1
88186,4,0,3,1
88186,12,1.942113907755138e-5,3,1
88186,13,1.1804448185892403e-5,3,1
88186,6,6.977943725712748e-5,3,1
88319,8,2.3353209509426912e-5,6,4
88319,17,0,6,4
88319,11,3.5664889841854747e-6,6,4
88319,7,2.4401126634875484e-5,6,4
88319,10,4.512779967228192e-6,6,4
88319,15,0,6,4
88319,9,1.3092786120337432e-5,6,4
88319,18,0,6,4
88319,3,7.725537009803089e-6,6,4
88319,16,0,6,4
88319,2,1.1381892186830706e-5,6,4
88319,5,8.901226558846159e-5,6,4
88319,4,1.758923449031825e-5,6,4
88319,12,1.9817488854644267e-6,6,4
88319,13,4.3845093261886066e-6,6,4
88319,6,6.569325399432272e-5,6,4
88375,8,4.9301220075456815e-5,6,4
88375,17,1.7776690634386092e-6,6,4
88375,11,1.997233831143866e-5,6,4
88375,7,4.984801583981706e-5,6,4
88375,10,1.8953675862358405e-5,6,4
88375,15,5.0892638706978e-6,6,4
88375,9,3.10953670358014e-5,6,4
88375,18,2.8818296159865978e-6,6,4
88375,3,1.6872572829409945e-4,6,4
88375,16,1.112420883699734e-6,6,4
88375,2,1.9321456004961395e-4,6,4
88375,5,4.350034448249677e-5,6,4
88375,4,1.9909516486913423e-4,6,4
88375,12,1.109779375860079e-5,6,4
88375,13,6.745398963367088e-7,6,4
88375,6,5.029148631144323e-5,6,4
88383,8,3.952746942891888e-4,7,2
88383,17,2.7376103576954583e-5,7,2
88383,11,1.5942205759309072e-4,7,2
88383,7,5.511168744248305e-4,7,2
88383,10,2.1480832644006195e-4,7,2
88383,15,5.634542142558278e-5,7,2
88383,9,3.391849904299916e-4,7,2
88383,18,2.7857686287870443e-5,7,2
88383,3,0.00236988573312719,7,2
88383,16,6.526202517705105e-5,7,2
88383,2,0.002701950162303,7,2
88383,5,9.736030857585404e-4,7,2
88383,4,0.00220988148224104,7,2
88383,12,1.2088668201333004e-4,7,2
88383,13,8.903926631644555e-5,7,2
88383,6,8.56212554452321e-4,7,2
88492,8,5.708562324526579e-5,6,4
88492,17,6.755142441066715e-6,6,4
88492,11,1.676249822567173e-5,6,4
88492,7,5.786552887699043e-5,6,4
88492,10,3.29432937607658e-5,6,4
88492,15,5.0892638706978e-6,6,4
88492,9,3.600516183092794e-5,6,4
88492,18,3.202032906651775e-7,6,4
88492,3,3.244725544117297e-5,6,4
88492,16,2.5956487286327124e-6,6,4
88492,2,3.109199816890339e-5,6,4
88492,5,2.6150496105084763e-5,6,4
88492,4,9.318551889551584e-5,6,4
88492,12,1.0701443981507905e-5,6,4
88492,13,1.079263834138734e-5,6,4
88492,6,5.1548773469229313e-05,6,4
88514,8,4.324668427671651e-6,7,2
88514,17,0,7,2
88514,11,3.566488984185475e-7,7,2
88514,7,6.274575420396553e-6,7,2
88514,10,1.3538339901684576e-6,7,2
88514,15,0,7,2
88514,9,7.364692192689806e-6,7,2
88514,18,0,7,2
88514,3,5.995016719607196e-5,7,2
88514,16,0,7,2
88514,2,5.413338966907287e-5,7,2
88514,5,3.77170616900261e-6,7,2
88514,4,3.255879575867421e-5,7,2
88514,12,1.9817488854644267e-6,7,2
88514,13,0,7,2
88514,6,8.801010104502566e-6,7,2
88775,8,6.703236062891058e-5,6,4
88775,17,8.177277691817603e-6,6,4
88775,11,2.6035369584553964e-5,6,4
88775,7,8.714688083884102e-5,6,4
88775,10,4.332268768539064e-5,6,4
88775,15,7.6338958060467e-6,6,4
88775,9,6.505478103542662e-5,6,4
88775,18,8.645488847959792e-6,6,4
88775,3,6.180429607842471e-5,6,4
88775,16,1.1865822759463828e-5,6,4
88775,2,8.827906622956499e-5,6,4
88775,5,4.9535074352900944e-5,6,4
88775,4,6.73630257076018e-5,6,4
88775,12,2.100653818592293e-5,6,4
88775,13,1.2141718134060755e-5,6,4
88775,6,1.40187518093148e-4,6,4
88879,8,9.860244015091364e-5,4,3
88879,17,6.399608628378993e-6,4,3
88879,11,2.9245209670320892e-5,4,3
88879,7,8.749546836219639e-5,4,3
88879,10,4.46765216755591e-5,4,3
88879,15,1.0905565437209571e-5,4,3
88879,9,6.832797756551099e-5,4,3
88879,18,7.0444723946339056e-6,4,3
88879,3,7.725537009803089e-6,4,3
88879,16,5.56210441849867e-6,4,3
88879,2,9.71624942778231e-6,4,3
88879,5,5.7329933768839675e-5,4,3
88879,4,2.395129802936953e-5,4,3
88879,12,3.091528261324506e-5,4,3
88879,13,1.787530725292278e-5,4,3
88879,6,8.989603178170477e-5,4,3
88916,8,4.108435006288067e-5,3,1
88916,17,1.4221352507508874e-6,3,1
88916,11,1.0342818054137877e-5,3,1
88916,7,3.416157728882568e-5,3,1
88916,10,1.9404953859081225e-5,3,1
88916,15,5.816301566511771e-6,3,1
88916,9,3.1913666168322495e-5,3,1
88916,18,1.28081316266071e-6,3,1
88916,3,6.180429607842471e-7,3,1
88916,16,3.3372626510992015e-6,3,1
88916,2,5.55214253016132e-7,3,1
88916,5,3.017364935202088e-5,3,1
88916,4,0,3,1
88916,12,7.134295987671936e-6,3,1
88916,13,5.733589118862024e-6,3,1
88916,6,5.1548773469229313e-05,3,1
88948,8,9.081803698110466e-5,7,2
88948,17,9.243879129880768e-6,7,2
88948,11,4.458111230231843e-5,7,2
88948,7,1.540756853230709e-4,7,2
88948,10,6.272764154447187e-5,7,2
88948,15,1.27231596767445e-5,7,2
88948,9,7.528352019194024e-5,7,2
88948,18,9.606098719955326e-6,7,2
88948,3,7.119854908234527e-4,7,2
88948,16,1.3349050604396806e-5,7,2
88948,2,7.317723854752621e-4,7,2
88948,5,5.572067247006522e-4,7,2
88948,4,7.166677457225414e-4,7,2
88948,12,3.52751301612668e-5,7,2
88948,13,1.9561656993764552e-5,7,2
88948,6,2.8571850660688683e-4,7,2
88952,8,5.103108744652548e-5,6,4
88952,17,2.488736688814053e-6,6,4
88952,11,1.0342818054137877e-5,6,4
88952,7,4.636214060626342e-5,6,4
88952,10,3.2492015764042984e-5,6,4
88952,15,6.179820414418757e-6,6,4
88952,9,4.255155489109666e-5,6,4
88952,18,1.921219743991065e-6,6,4
88952,3,1.4987541799017993e-4,6,4
88952,16,5.191297457265425e-6,6,4
88952,2,1.2853209957323455e-4,6,4
88952,5,4.903218019703393e-5,6,4
88952,4,9.767638727602262e-5,6,4
88952,12,1.783573996917984e-5,6,4
88952,13,6.7453989633670875e-6,6,4
88952,6,5.2806060627015394e-5,6,4
89053,8,7.049209537104791e-5,4,3
89053,17,9.954946755256212e-6,4,3
89053,11,3.1741751959250726e-5,4,3
89053,7,9.865026910956804e-5,4,3
89053,10,3.610223973782553e-5,4,3
89053,15,1.01785277413956e-5,4,3
89053,9,6.873712713177153e-5,4,3
89053,18,4.803049359977663e-6,4,3
89053,3,3.0902148039212355e-5,4,3
89053,16,1.112420883699734e-5,4,3
89053,2,1.38803563254033e-5,4,3
89053,5,1.1139105552454376e-4,4,3
89053,4,8.981736761013574e-6,4,3
89053,12,2.2591937294294463e-5,4,3
89053,13,1.9561656993764552e-5,4,3
89053,6,1.4867420640820404e-4,4,3
89218,8,1.816360739622093e-5,6,4
89218,17,0,6,4
89218,11,5.349733476278212e-6,6,4
89218,7,2.544688920494158e-5,6,4
89218,10,3.6102239737825536e-6,6,4
89218,15,1.8175942395349288e-6,6,4
89218,9,1.022873915651362e-5,6,4
89218,18,1.28081316266071e-6,6,4
89218,3,3.5846491725486333e-5,6,4
89218,16,3.708069612332446e-7,6,4
89218,2,2.9703962536363063e-5,6,4
89218,5,1.0083027825133644e-4,6,4
89218,4,0,6,4
89218,12,1.9817488854644267e-6,6,4
89218,13,0,6,4
89218,6,5.8149531047606234e-5,6,4
89324,8,8.519596802513152e-5,6,4
89324,17,8.177277691817603e-6,6,4
89324,11,4.351116560706279e-5,6,4
89324,7,8.993558102568393e-5,6,4
89324,10,2.752795780009197e-5,6,4
89324,15,1.1632603133023542e-5,6,4
89324,9,5.0734546216307555e-5,6,4
89324,18,9.606098719955323e-7,6,4
89324,3,2.008639622548803e-5,6,4
89324,16,7.786946185898137e-6,6,4
89324,2,1.971010598207269e-5,6,4
89324,5,3.7189022826365737e-4,6,4
89324,4,5.463889862949925e-5,6,4
89324,12,3.4482430607081025e-5,6,4
89324,13,1.854984714925949e-5,6,4
89324,6,1.9393654408850295e-4,6,4
89336,8,9.51427054087763e-5,3,1
89336,17,3.9108719395649406e-6,3,1
89336,11,3.4238294248180556e-5,3,1
89336,7,1.1468529518391478e-4,3,1
89336,10,5.64097495903524e-5,3,1
89336,15,9.087971197674644e-6,3,1
89336,9,9.41044002399253e-5,3,1
89336,18,3.84243948798213e-6,3,1
89336,3,0,3,1
89336,16,1.854034806166223e-6,3,1
89336,2,0,3,1
89336,5,2.330914412443613e-4,3,1
89336,4,4.827683509044796e-5,3,1
89336,12,2.0213838631737152e-5,3,1
89336,13,1.6188957512081008e-5,3,1
89336,6,2.0462348492968465e-4,3,1
89366,8,3.4597347421373203e-6,7,2
89366,17,0,7,2
89366,11,3.566488984185475e-7,7,2
89366,7,8.017513037173374e-6,7,2
89366,10,1.8051119868912768e-6,7,2
89366,15,0,7,2
89366,9,2.045747831302724e-6,7,2
89366,18,0,7,2
89366,3,7.314538440881564e-4,7,2
89366,16,0,7,2
89366,2,5.316176472629464e-4,7,2
89366,5,3.5705485066558044e-5,7,2
89366,4,6.335866806831659e-4,7,2
89366,12,0,7,2
89366,13,0,7,2
89366,6,1.665905484066557e-5,7,2
89447,8,3.4597347421373203e-6,7,2
89447,17,7.110676253754437e-7,7,2
89447,11,2.1398933905112848e-6,7,2
89447,7,3.485875233553641e-7,7,2
89447,10,1.3538339901684576e-6,7,2
89447,15,0,7,2
89447,9,8.182991325210896e-7,7,2
89447,18,0,7,2
89447,3,3.986377097058394e-5,7,2
89447,16,0,7,2
89447,2,4.053064047017764e-5,7,2
89447,5,9.303541883539771e-6,7,2
89447,4,7.971291375399547e-5,7,2
89447,12,0,7,2
89447,13,0,7,2
89447,6,1.571608947232601e-6,7,2
89520,8,8.865570276726883e-5,6,4
89520,17,1.7776690634386092e-6,6,4
89520,11,2.4965422889298323e-5,6,4
89520,7,1.561672104632031e-4,6,4
89520,10,4.106629770177654e-5,6,4
89520,15,4.362226174883829e-6,6,4
89520,9,7.528352019194024e-5,6,4
89520,18,6.083862522638373e-6,6,4
89520,3,2.6730358053918686e-4,6,4
89520,16,2.5956487286327124e-6,6,4
89520,2,3.903156198703408e-4,6,4
89520,5,0.00107619349355541,6,4
89520,4,4.202704326090935e-4,6,4
89520,12,1.4664941752436758e-5,6,4
89520,13,6.7453989633670875e-6,6,4
89520,6,3.96988420070955e-4,6,4
89552,8,4.757135270438816e-6,7,2
89552,17,3.5553381268772184e-7,7,2
89552,11,2.8531911873483795e-6,7,2
89552,7,6.274575420396553e-6,7,2
89552,10,2.7076679803369152e-6,7,2
89552,15,3.635188479069857e-7,7,2
89552,9,3.2731965300843583e-6,7,2
89552,18,0,7,2
89552,3,6.056821015685621e-5,7,2
89552,16,3.708069612332446e-7,7,2
89552,2,2.220857012064528e-5,7,2
89552,5,9.806436039406788e-6,7,2
89552,4,4.266324961481448e-5,7,2
89552,12,2.3780986625573123e-6,7,2
89552,13,0,7,2
89552,6,6.286435788930404e-6,7,2
89586,8,0.00145481845906874,3,1
89586,17,2.5811754801128607e-4,3,1
89586,11,7.946137456765237e-4,3,1
89586,7,0.00181927828439164,3,1
89586,10,8.6600247571109e-4,3,1
89586,15,3.729703379525673e-4,3,1
89586,9,0.00113948154203561,3,1
89586,18,1.8347648555114672e-4,3,1
89586,3,1.5142052539214051e-5,3,1
89586,16,2.57710838057105e-4,3,1
89586,2,3.858739058462117e-5,3,1
89586,5,0.00252327142706274,3,1
89586,4,2.5897340994255805e-4,3,1
89586,12,6.951975090209209e-4,3,1
89586,13,5.97642348154324e-4,3,1
89586,6,0.0027999785003896,3,1
89653,8,3.935448269181202e-5,7,2
89653,17,1.0666014380631656e-6,7,2
89653,11,8.559573562045139e-6,7,2
89653,7,2.0915251401321844e-5,7,2
89653,10,2.843051379353761e-5,7,2
89653,15,3.9987073269768425e-6,7,2
89653,9,2.1684927011808876e-5,7,2
89653,18,1.6010164533258875e-6,7,2
89653,3,7.141486411861975e-4,7,2
89653,16,0,7,2
89653,2,6.334994626914066e-4,7,2
89653,5,6.587913441857893e-5,7,2
89653,4,7.36502414403113e-4,7,2
89653,12,5.94524665639328e-6,7,2
89653,13,8.43174870420886e-6,7,2
89653,6,4.0547510838601105e-5,7,2
89793,8,7.568169748425389e-5,6,4
89793,17,1.7776690634386092e-6,6,4
89793,11,7.1329779683709495e-6,6,4
89793,7,1.066677821467414e-4,6,4
89793,10,3.113818177387452e-5,6,4
89793,15,0,6,4
89793,9,5.605349057769464e-5,6,4
89793,18,0,6,4
89793,3,4.017279245097606e-6,6,4
89793,16,3.708069612332446e-7,6,4
89793,2,0,6,4
89793,5,4.3600923313670174e-4,6,4
89793,4,2.8067927378167417e-5,6,4
89793,12,3.170798216743083e-6,6,4
89793,13,3.709969429851898e-6,6,4
89793,6,2.3605566387433665e-4,6,4
89923,8,1.0292710857858528e-4,6,4
89923,17,4.977473377628106e-6,6,4
89923,11,3.6734836537110386e-5,6,4
89923,7,1.1329094509049331e-4,6,4
89923,10,6.272764154447187e-5,6,4
89923,15,1.0542046589302586e-5,6,4
89923,9,7.814756715576405e-5,6,4
89923,18,0,6,4
89923,3,1.1897326995096756e-4,6,4
89923,16,4.82049049603218e-6,6,4
89923,2,1.257560283081539e-4,6,4
89923,5,2.6326509059638217e-4,6,4
89923,4,1.9872092583742533e-4,6,4
89923,12,1.6646690637901184e-5,6,4
89923,13,8.769018652377213e-6,6,4
89923,6,1.9519383124628903e-4,6,4
89934,8,9.64401059370778e-5,5,7
89934,17,4.977473377628106e-6,5,7
89934,11,4.850425018492246e-5,5,7
89934,7,1.164282328006916e-4,5,7
89934,10,6.994808949203698e-5,5,7
89934,15,7.6338958060467e-6,5,7
89934,9,7.569266975820078e-5,5,7
89934,18,5.7636592319731955e-6,5,7
89934,3,8.838014339214734e-5,5,7
89934,16,7.416139224664892e-6,5,7
89934,2,1.1742781451291192e-4,5,7
89934,5,1.8431070812526088e-4,5,7
89934,4,7.484780634177978e-7,5,7
89934,12,2.9726233281966403e-5,5,7
89934,13,2.2259816579111388e-5,5,7
89934,6,2.036805195613451e-4,5,7
89952,8,1.8163607396220932e-4,3,1
89952,17,1.6354555383635206e-5,3,1
89952,11,1.134143496970981e-4,3,1
89952,7,2.9734515742212554e-4,3,1
89952,10,1.620088008234921e-4,3,1
89952,15,2.1447612026512156e-5,3,1
89952,9,1.8207155698594243e-4,3,1
89952,18,2.081321389323654e-5,3,1
89952,3,1.3905966617645558e-5,3,1
89952,16,2.929374993742633e-5,3,1
89952,2,4.025303334366957e-5,3,1
89952,5,1.1365407922594532e-4,3,1
89952,4,2.4699776092787328e-5,3,1
89952,12,9.116044873136365e-5,3,1
89952,13,4.7555062691737965e-5,3,1
89952,6,3.850441920719872e-4,3,1
89992,8,7.78440316980897e-5,6,4
89992,17,0,6,4
89992,11,1.925904051460156e-5,6,4
89992,7,1.3106890878161688e-4,6,4
89992,10,3.1589459770597345e-05,6,4
89992,15,1.4540753916279428e-6,6,4
89992,9,5.973583667403954e-5,6,4
89992,18,1.28081316266071e-6,6,4
89992,3,9.116133671567644e-5,6,4
89992,16,2.5956487286327124e-6,6,4
89992,2,4.2751497482242166e-5,6,4
89992,5,4.699545886577252e-4,6,4
89992,4,7.297661118323529e-5,6,4
89992,12,1.4268591975343873e-5,6,4
89992,13,2.698159585346835e-6,6,4
89992,6,2.483142136627509e-4,6,4
90078,8,1.150361801760659e-4,3,1
90078,17,7.466210066442159e-6,3,1
90078,11,3.780478323236603e-5,3,1
90078,7,1.404807719122117e-4,3,1
90078,10,6.001997356413495e-5,3,1
90078,15,5.0892638706978e-6,3,1
90078,9,8.796715674601713e-5,3,1
90078,18,8.965692138624971e-6,3,1
90078,3,2.4721718431369884e-6,3,1
90078,16,3.3372626510992015e-6,3,1
90078,2,0,3,1
90078,5,3.590664272890485e-4,3,1
90078,4,2.133162480740724e-5,3,1
90078,12,2.8140834173594865e-5,3,1
90078,13,1.3828067874902529e-5,3,1
90078,6,2.612014070300583e-4,3,1
90084,8,1.72986737106866e-6,7,2
90084,17,0,7,2
90084,11,3.209840085766927e-6,7,2
90084,7,3.834462756909005e-6,7,2
90084,10,1.3538339901684576e-6,7,2
90084,15,0,7,2
90084,9,1.2274486987816343e-6,7,2
90084,18,0,7,2
90084,3,6.149527459803258e-5,7,2
90084,16,7.416139224664892e-7,7,2
90084,2,8.133888806686335e-5,7,2
90084,5,1.0057883117340292e-5,7,2
90084,4,8.195834794424887e-5,7,2
90084,12,0,7,2
90084,13,1.3490797926734176e-6,7,2
90084,6,1.0686940841181686e-5,7,2
90089,8,3.373241373583887e-5,4,3
90089,17,1.7776690634386092e-6,4,3
90089,11,1.925904051460156e-5,4,3
90089,7,4.880225326975097e-5,4,3
90089,10,2.0758787849249683e-5,4,3
90089,15,3.635188479069857e-7,4,3
90089,9,3.4368563565885765e-5,4,3
90089,18,1.921219743991065e-6,4,3
90089,3,8.343579970587336e-6,4,3
90089,16,3.3372626510992015e-6,4,3
90089,2,1.110428506032264e-5,4,3
90089,5,2.6653390260951776e-5,4,3
90089,4,1.2349888046393664e-5,4,3
90089,12,1.5061291529529645e-5,4,3
90089,13,7.419938859703796e-6,4,3
90089,6,4.934852094310367e-5,4,3
90368,8,2.3785676352194076e-5,6,4
90368,17,1.0666014380631656e-6,6,4
90368,11,1.3196009241486256e-5,6,4
90368,7,3.764745252237932e-5,6,4
90368,10,1.5343451888575853e-5,6,4
90368,15,1.8175942395349288e-6,6,4
90368,9,1.4729384385379613e-5,6,4
90368,18,2.8818296159865978e-6,6,4
90368,3,8.714405747057884e-5,6,4
90368,16,3.708069612332446e-7,6,4
90368,2,8.4114959331944e-5,6,4
90368,5,1.4583930520143426e-5,6,4
90368,4,3.779814220259879e-5,6,4
90368,12,3.567147993835968e-6,6,4
90368,13,4.047239378020252e-6,6,4
90368,6,3.6147005786349825e-5,6,4
90396,8,3.2435013207537376e-5,6,4
90396,17,1.7776690634386092e-6,6,4
90396,11,1.1056115850974973e-5,6,4
90396,7,4.357344041942051e-5,6,4
90396,10,1.5794729885298673e-5,6,4
90396,15,3.2716696311628713e-6,6,4
90396,9,2.045747831302724e-5,6,4
90396,18,2.8818296159865978e-6,6,4
90396,3,7.292906937254115e-5,6,4
90396,16,5.191297457265425e-6,6,4
90396,2,3.942021196414537e-5,6,4
90396,5,7.643991169178622e-5,6,4
90396,4,7.859019665886877e-6,6,4
90396,12,5.548896879300395e-6,6,4
90396,13,8.094478756040504e-6,6,4
90396,6,4.997716452199671e-5,6,4
90430,8,1.2109071597480622e-5,6,4
90430,17,4.621939564940384e-6,6,4
90430,11,8.202924663626592e-6,6,4
90430,7,1.9869488831255753e-5,6,4
90430,10,1.037939392462484e-5,6,4
90430,15,0,6,4
90430,9,1.3092786120337432e-5,6,4
90430,18,3.202032906651775e-7,6,4
90430,3,3.2138233960780846e-5,6,4
90430,16,7.416139224664892e-7,6,4
90430,2,4.108585472319377e-5,6,4
90430,5,5.280388636603654e-6,6,4
90430,4,3.106183963183861e-5,6,4
90430,12,7.530645764764822e-6,6,4
90430,13,2.698159585346835e-6,6,4
90430,6,3.9290223680815025e-5,6,4
90530,8,8.216870012576136e-6,6,4
90530,17,0,6,4
90530,11,3.566488984185475e-7,6,4
90530,7,1.638361359770211e-5,6,4
90530,10,1.3538339901684576e-6,6,4
90530,15,0,6,4
90530,9,2.454897397563269e-6,6,4
90530,18,0,6,4
90530,3,3.090214803921236e-7,6,4
90530,16,0,6,4
90530,2,0,6,4
90530,5,1.37290104551695e-4,6,4
90530,4,6.811150377101961e-5,6,4
90530,12,7.926995541857708e-7,6,4
90530,13,0,6,4
90530,6,4.4319372311959346e-5,6,4
90595,8,3.892201584904485e-6,7,2
90595,17,0,7,2
90595,11,0,7,2
90595,7,4.183050280264369e-6,7,2
90595,10,3.1589459770597342e-06,7,2
90595,15,0,7,2
90595,9,2.045747831302724e-6,7,2
90595,18,0,7,2
90595,3,1.131018618235172e-4,7,2
90595,16,0,7,2
90595,2,1.3741552762149266e-4,7,2
90595,5,1.1566565584941336e-5,7,2
90595,4,1.2948670497127905e-4,7,2
90595,12,3.963497770928854e-7,7,2
90595,13,2.023619689010126e-6,7,2
90595,6,7.858044736163004e-6,7,2
90847,8,8.649336855343301e-6,7,2
90847,17,0,7,2
90847,11,1.4265955936741898e-6,7,2
90847,7,1.0109038177305558e-5,7,2
90847,10,6.3178919541194684e-06,7,2
90847,15,1.4540753916279428e-6,7,2
90847,9,6.137243493908172e-6,7,2
90847,18,6.40406581330355e-7,7,2
90847,3,7.447417677450177e-5,7,2
90847,16,3.708069612332446e-7,7,2
90847,2,2.9426355409855e-5,7,2
90847,5,7.040518182138205e-6,7,2
90847,4,9.318551889551584e-5,7,2
90847,12,1.189049331278656e-6,7,2
90847,13,0,7,2
90847,6,1.1944227998967768e-5,7,2
90923,8,5.146355428929264e-5,4,3
90923,17,4.621939564940384e-6,4,3
90923,11,3.209840085766927e-5,4,3
90923,7,7.146044228784964e-5,4,3
90923,10,2.933306978698325e-5,4,3
90923,15,1.0542046589302586e-5,4,3
90923,9,3.395941399962522e-5,4,3
90923,18,6.083862522638373e-6,4,3
90923,3,1.2051837735292818e-5,4,3
90923,16,5.56210441849867e-6,4,3
90923,2,1.998771310858075e-5,4,3
90923,5,3.872285000176013e-5,4,3
90923,4,8.607497729304675e-6,4,3
90923,12,2.4177336402666007e-5,4,3
90923,13,1.7538037304754426e-5,4,3
90923,6,1.1787067104244508e-4,4,3
90941,8,9.081803698110464e-6,7,2
90941,17,0,7,2
90941,11,2.1398933905112848e-6,7,2
90941,7,7.320337990462645e-6,7,2
90941,10,3.6102239737825536e-6,7,2
90941,15,3.635188479069857e-7,7,2
90941,9,2.8640469638238135e-6,7,2
90941,18,3.202032906651775e-7,7,2
90941,3,3.6464534686270576e-5,7,2
90941,16,3.708069612332446e-7,7,2
90941,2,8.883428048258113e-5,7,2
90941,5,3.77170616900261e-6,7,2
90941,4,1.3098366109811462e-5,7,2
90941,12,0,7,2
90941,13,0,7,2
90941,6,8.172366525609524e-6,7,2
91114,8,1.643374002515227e-5,6,4
91114,17,0,6,4
91114,11,5.349733476278212e-6,6,4
91114,7,3.939039013915614e-5,6,4
91114,10,7.220447947565107e-6,6,4
91114,15,1.0905565437209572e-6,6,4
91114,9,2.209407657806942e-5,6,4
91114,18,0,6,4
91114,3,5.90231027548956e-5,6,4
91114,16,1.112420883699734e-6,6,4
91114,2,4.24738903557341e-5,6,4
91114,5,1.7928176656659074e-4,6,4
91114,4,4.902531315386576e-5,6,4
91114,12,5.548896879300395e-6,6,4
91114,13,6.745398963367088e-7,6,4
91114,6,8.203798704554176e-5,6,4
91131,8,3.329994689307171e-5,3,1
91131,17,7.110676253754437e-7,3,1
91131,11,1.2126062546230614e-5,3,1
91131,7,7.878078027831227e-5,3,1
91131,10,1.8502397865635582e-5,3,1
91131,15,2.5446319353489e-6,3,1
91131,9,3.764176009597012e-5,3,1
91131,18,1.921219743991065e-6,3,1
91131,3,3.090214803921236e-7,3,1
91131,16,3.708069612332446e-7,3,1
91131,2,9.993856554290375e-6,3,1
91131,5,2.992220227408737e-4,3,1
91131,4,1.5343800300064854e-5,3,1
91131,12,3.963497770928854e-7,3,1
91131,13,6.745398963367088e-7,3,1
91131,6,1.386159091459154e-4,3,1
91421,8,5.16365410263995e-4,7,2
91421,17,2.143868890506963e-4,7,2
91421,11,2.960185856873944e-4,7,2
91421,7,4.611812933991467e-4,7,2
91421,10,3.601198413848097e-4,7,2
91421,15,3.282575196600081e-4,7,2
91421,9,4.832056377537034e-4,7,2
91421,18,0.00016810672759921821,7,2
91421,3,0.00145085585044102,7,2
91421,16,2.792176418086332e-4,7,2
91421,2,0.0015612624794813601,7,2
91421,5,8.199689211411674e-4,7,2
91421,4,0.00158340534316035,7,2
91421,12,4.863211764929704e-4,7,2
91421,13,3.888722502381126e-4,7,2
91421,6,4.752545456431385e-4,7,2
91565,8,4.930122007545682e-4,4,3
91565,17,3.41312460180213e-5,4,3
91565,11,2.0257657430173496e-4,4,3
91565,7,5.797010513399704e-4,4,3
91565,10,3.14540763715805e-4,4,3
91565,15,5.0165601011164025e-5,4,3
91565,9,4.079221175617632e-4,4,3
91565,18,3.84243948798213e-5,4,3
91565,3,6.056821015685621e-5,4,3
91565,16,2.3731645518927655e-5,4,3
91565,2,1.0382506531401668e-4,4,3
91565,5,3.925088886542049e-4,4,3
91565,4,1.1863377305172096e-4,4,3
91565,12,1.3634432331995257e-4,4,3
91565,13,8.903926631644555e-5,4,3
91565,6,7.131961402541544e-4,4,3
91578,8,3.4597347421373203e-6,7,2
91578,17,0,7,2
91578,11,2.1398933905112848e-6,7,2
91578,7,2.7887001868429127e-6,7,2
91578,10,4.061501970505373e-6,7,2
91578,15,0,7,2
91578,9,1.022873915651362e-5,7,2
91578,18,0,7,2
91578,3,9.981393816665592e-5,7,2
91578,16,3.708069612332446e-7,7,2
91578,2,1.4546613429022658e-4,7,2
91578,5,1.433248344220992e-5,7,2
91578,4,1.5194104687381296e-4,7,2
91578,12,4.359847548021739e-6,7,2
91578,13,4.047239378020252e-6,7,2
91578,6,5.657792210037363e-6,7,2
91607,8,1.816360739622093e-5,6,4
91607,17,0,6,4
91607,11,4.2797867810225695e-6,6,4
91607,7,2.753841434507376e-5,6,4
91607,10,4.964057963951011e-6,6,4
91607,15,3.635188479069857e-7,6,4
91607,9,1.104703828903471e-5,6,4
91607,18,3.202032906651775e-7,6,4
91607,3,4.635322205881853e-6,6,4
91607,16,0,6,4
91607,2,0,6,4
91607,5,9.22810776015972e-5,6,4
91607,4,9.730214824431373e-6,6,4
91607,12,0,6,4
91607,13,6.0708590670303785e-06,6,4
91607,6,4.7148268416978026e-5,6,4
91665,8,2.2055808981125417e-5,6,4
91665,17,0,6,4
91665,11,3.566488984185475e-7,6,4
91665,7,4.3224852896065146e-5,6,4
91665,10,7.671725944287927e-6,6,4
91665,15,0,6,4
91665,9,1.18653374215558e-5,6,4
91665,18,1.6010164533258875e-6,6,4
91665,3,1.4214988098037685e-5,6,4
91665,16,0,6,4
91665,2,4.108585472319377e-5,6,4
91665,5,1.8028755487832477e-4,6,4
91665,4,4.490868380506787e-5,6,4
91665,12,3.170798216743083e-6,6,4
91665,13,3.372699481683544e-7,6,4
91665,6,8.298095241388133e-5,6,4
91728,8,3.373241373583887e-5,6,4
91728,17,0,6,4
91728,11,6.7763290699524014e-6,6,4
91728,7,6.553445439080844e-5,6,4
91728,10,1.2635783908238937e-5,6,4
91728,15,1.8175942395349288e-6,6,4
91728,9,1.800258091546397e-5,6,4
91728,18,9.606098719955323e-7,6,4
91728,3,0,6,4
91728,16,0,6,4
91728,2,0,6,4
91728,5,2.2755960552982413e-4,6,4
91728,4,7.110541602469079e-6,6,4
91728,12,9.116044873136364e-6,6,4
91728,13,1.3490797926734176e-6,6,4
91728,6,1.2352846325248244e-4,6,4
91862,8,2.162334213835826e-6,7,2
91862,17,0,7,2
91862,11,3.566488984185475e-7,7,2
91862,7,4.183050280264369e-6,7,2
91862,10,2.7076679803369152e-6,7,2
91862,15,0,7,2
91862,9,5.728093927647627e-6,7,2
91862,18,0,7,2
91862,3,2.5803293612742314e-4,7,2
91862,16,3.708069612332446e-7,7,2
91862,2,2.8232644765870314e-4,7,2
91862,5,1.684695422154499e-5,7,2
91862,4,1.1040051435412518e-4,7,2
91862,12,0,7,2
91862,13,0,7,2
91862,6,6.915079367823444e-6,7,2
91881,8,2.7418397831438263e-4,3,1
91881,17,1.173261581869482e-5,3,1
91881,11,6.954653519161676e-5,3,1
91881,7,4.259739535402549e-4,3,1
91881,10,1.0695288522330816e-4,3,1
91881,15,1.6358348155814357e-5,3,1
91881,9,1.9843753963636425e-4,3,1
91881,18,7.0444723946339056e-6,3,1
91881,3,3.090214803921236e-7,3,1
91881,16,1.1865822759463828e-5,3,1
91881,2,5.55214253016132e-7,3,1
91881,5,0.00136234026824374,3,1
91881,4,5.875552797829713e-5,3,1
91881,12,5.628166834718973e-5,3,1
91881,13,4.586871295089619e-5,3,1
91881,6,8.052924245619847e-4,3,1
91887,8,2.162334213835826e-6,7,2
91887,17,0,7,2
91887,11,0,7,2
91887,7,5.228812850330461e-6,7,2
91887,10,4.512779967228192e-7,7,2
91887,15,1.4540753916279428e-6,7,2
91887,9,8.182991325210896e-7,7,2
91887,18,0,7,2
91887,3,9.90413844656756e-4,7,2
91887,16,0,7,2
91887,2,9.097185535669324e-4,7,2
91887,5,7.769714708145377e-5,7,2
91887,4,9.243704083209804e-4,7,2
91887,12,0,7,2
91887,13,3.372699481683544e-7,7,2
91887,6,9.743975472842126e-6,7,2
91970,8,8.649336855343301e-7,7,2
91970,17,0,7,2
91970,11,1.4265955936741898e-6,7,2
91970,7,3.485875233553641e-6,7,2
91970,10,3.6102239737825536e-6,7,2
91970,15,0,7,2
91970,9,8.182991325210896e-7,7,2
91970,18,0,7,2
91970,3,1.02595131490185e-4,7,2
91970,16,0,7,2
91970,2,1.1826063589243612e-4,7,2
91970,5,3.5202590910691026e-6,7,2
91970,4,1.047869288784917e-5,7,2
91970,12,0,7,2
91970,13,0,7,2
91970,6,5.029148631144323e-6,7,2
92028,8,5.622068955973145e-6,7,2
92028,17,0,7,2
92028,11,3.566488984185475e-7,7,2
92028,7,1.0457625700660922e-5,7,2
92028,10,2.256389983614096e-6,7,2
92028,15,0,7,2
92028,9,9.001290457731986e-6,7,2
92028,18,0,7,2
92028,3,1.0784849665685112e-4,7,2
92028,16,0,7,2
92028,2,9.216556600067792e-5,7,2
92028,5,6.537624026271191e-5,7,2
92028,4,1.7776354006172697e-4,7,2
92028,12,0,7,2
92028,13,0,7,2
92028,6,2.5145743155721617e-5,7,2
92047,8,6.893521473708611e-4,6,4
92047,17,3.946425320833712e-5,6,4
92047,11,2.1398933905112847e-4,6,4
92047,7,9.453693633397472e-4,6,4
92047,10,3.037100917944573e-4,6,4
92047,15,6.725098686279235e-5,6,4
92047,9,5.52761064017996e-4,6,4
92047,18,2.177382376523207e-5,6,4
92047,3,6.863367079509064e-4,6,4
92047,16,3.522666131715824e-5,6,4
92047,2,8.100575951505366e-4,6,4
92047,5,0.00179834950138044,6,4
92047,4,9.172598667185112e-4,6,4
92047,12,1.839062965710988e-4,6,4
92047,13,8.769018652377213e-5,6,4
92047,6,0.00136509953156623,6,4
92067,8,3.2002546364770215e-5,6,4
92067,17,3.5553381268772184e-7,6,4
92067,11,7.1329779683709495e-6,6,4
92067,7,5.193954097994925e-5,6,4
92067,10,1.5343451888575853e-5,6,4
92067,15,0,6,4
92067,9,3.10953670358014e-5,6,4
92067,18,1.921219743991065e-6,6,4
92067,3,1.3226119360782888e-4,6,4
92067,16,2.224841767399468e-6,6,4
92067,2,1.1132045772973448e-4,6,4
92067,5,4.978652143083445e-5,6,4
92067,4,1.388426807640015e-4,6,4
92067,12,6.737946210579051e-6,6,4
92067,13,7.75720880787215e-6,6,4
92067,6,4.7776911995871066e-5,6,4
92085,8,1.383893896854928e-5,7,2
92085,17,0,7,2
92085,11,1.248271144464916e-5,7,2
92085,7,3.0327114531916675e-5,7,2
92085,10,1.6246007882021492e-5,7,2
92085,15,5.0892638706978e-6,7,2
92085,9,2.6185572240674863e-5,7,2
92085,18,4.803049359977663e-6,7,2
92085,3,4.913441538234764e-5,7,2
92085,16,0,7,2
92085,2,6.0795960705266455e-5,7,2
92085,5,2.2881684091949168e-5,7,2
92085,4,5.8007049914879334e-5,7,2
92085,12,7.530645764764822e-6,7,2
92085,13,5.39631917069367e-6,7,2
92085,6,3.9604545470261545e-5,7,2
92187,8,0.00355098524596119,1,9
92187,17,0.00377434695549285,1,9
92187,11,0.00563362599941937,1,9
92187,7,0.00449538470119077,1,9
92187,10,0.00513734871469257,1,9
92187,15,0.00361519494243497,1,9
92187,9,0.00378422433834377,1,9
92187,18,0.00354304941121018,1,9
92187,3,5.618010513528806e-4,1,9
92187,16,0.0036027604353422,1,9
92187,2,5.471636463473982e-4,1,9
92187,5,0.00454842619273921,1,9
92187,4,6.335866806831659e-4,1,9
92187,12,0.00496071381009455,1,9
92187,13,0.00451874276555961,1,9
92187,6,0.00570965530529603,1,9
92207,8,4.718213254589771e-4,6,4
92207,17,1.528795394557204e-5,6,4
92207,11,1.1234440300184244e-4,6,4
92207,7,6.804428455896706e-4,6,4
92207,10,2.053314885088827e-4,6,4
92207,15,3.635188479069857e-5,6,4
92207,9,3.453222339238998e-4,6,4
92207,18,1.6330367823924054e-5,6,4
92207,3,1.1773718402939906e-4,6,4
92207,16,2.8181329053726592e-5,6,4
92207,2,1.5101827682038792e-4,6,4
92207,5,0.00204803644976841,6,4
92207,4,4.3149760356036047e-4,6,4
92207,12,7.253200920799803e-5,6,4
92207,13,3.811150414302404e-5,6,4
92207,6,0.0011554468980054,6,4
92224,8,4.108435006288067e-5,6,4
92224,17,0,6,4
92224,11,9.272871358882232e-6,6,4
92224,7,5.3682478596726064e-5,6,4
92224,10,1.5343451888575853e-5,6,4
92224,15,2.9081507832558855e-6,6,4
92224,9,2.3321525276851057e-5,6,4
92224,18,0,6,4
92224,3,0,6,4
92224,16,3.708069612332446e-7,6,4
92224,2,0,6,4
92224,5,1.89339649683931e-4,6,4
92224,4,2.2454341902533936e-5,6,4
92224,12,1.030509420441502e-5,6,4
92224,13,0,6,4
92224,6,1.012116162017795e-4,6,4
92277,8,1.2801018545908086e-4,6,4
92277,17,8.532811504505325e-6,6,4
92277,11,5.207073916910793e-5,6,4
92277,7,1.7638528681781422e-4,6,4
92277,10,7.130192348220543e-5,6,4
92277,15,1.1996121980930527e-5,6,4
92277,9,9.737759677000968e-5,6,4
92277,18,8.645488847959792e-6,6,4
92277,3,1.2391761363724155e-4,6,4
92277,16,7.416139224664892e-6,6,4
92277,2,8.050606668733914e-5,6,4
92277,5,1.2823800974608873e-4,6,4
92277,4,1.964754916471719e-4,6,4
92277,12,3.725687904673122e-5,6,4
92277,13,2.2934356475448096e-5,6,4
92277,6,1.6093275619661834e-4,6,4
92461,8,1.3665952231442415e-4,3,1
92461,17,1.173261581869482e-5,3,1
92461,11,7.846275765208045e-5,3,1
92461,7,1.920717253688056e-4,3,1
92461,10,9.341454532162356e-5,3,1
92461,15,2.362872511395407e-5,3,1
92461,9,1.2929126293833215e-4,3,1
92461,18,5.12325265064284e-6,3,1
92461,3,3.090214803921236e-7,3,1
92461,16,1.7427927177962497e-5,3,1
92461,2,9.16103517476618e-6,3,1
92461,5,4.073442662522819e-5,3,1
92461,4,0,3,1
92461,12,7.05502603225336e-5,3,1
92461,13,4.6880522795401254e-5,3,1
92461,6,2.791177490285099e-4,3,1
92654,8,2.4650610037728407e-5,3,1
92654,17,1.4221352507508874e-6,3,1
92654,11,6.419680171533854e-6,3,1
92654,7,2.0218076354611116e-5,3,1
92654,10,1.4440895895130216e-5,3,1
92654,15,7.270376958139714e-7,3,1
92654,9,2.6185572240674863e-5,3,1
92654,18,0,3,1
92654,3,1.8541288823527413e-6,3,1
92654,16,3.708069612332446e-7,3,1
92654,2,3.830978345811311e-5,3,1
92654,5,2.087010746848111e-5,3,1
92654,4,2.395129802936953e-5,3,1
92654,12,4.359847548021739e-6,3,1
92654,13,7.082668911535442e-6,3,1
92654,6,3.363243147077766e-5,3,1
92764,8,1.5136339496850776e-5,7,2
92764,17,0,7,2
92764,11,4.2797867810225695e-6,7,2
92764,7,1.35949134108592e-5,7,2
92764,10,2.256389983614096e-6,7,2
92764,15,1.0905565437209572e-6,7,2
92764,9,8.182991325210897e-6,7,2
92764,18,0,7,2
92764,3,1.4153183801959257e-4,7,2
92764,16,3.708069612332446e-7,7,2
92764,2,1.085443864646538e-4,7,2
92764,5,1.3326695130475888e-5,7,2
92764,4,8.757193341988234e-5,7,2
92764,12,0,7,2
92764,13,1.3490797926734176e-6,7,2
92764,6,1.2887193367307328e-5,7,2
92793,8,1.989347476728959e-5,6,4
92793,17,0,6,4
92793,11,2.1398933905112848e-6,6,4
92793,7,3.520733985889177e-5,6,4
92793,10,4.512779967228192e-6,6,4
92793,15,0,6,4
92793,9,1.350193568659798e-5,6,4
92793,18,6.40406581330355e-7,6,4
92793,3,2.0395417705880153e-5,6,4
92793,16,2.966455689865957e-6,6,4
92793,2,9.71624942778231e-6,6,4
92793,5,1.408103636427641e-4,6,4
92793,4,3.106183963183861e-5,6,4
92793,12,5.15254710220751e-6,6,4
92793,13,0,6,4
92793,6,7.480858588827181e-5,6,4
92861,8,3.4597347421373203e-6,7,2
92861,17,2.133202876126331e-6,7,2
92861,11,0,7,2
92861,7,6.274575420396553e-6,7,2
92861,10,0,7,2
92861,15,0,7,2
92861,9,2.045747831302724e-6,7,2
92861,18,0,7,2
92861,3,3.430138432352571e-5,7,2
92861,16,0,7,2
92861,2,5.885271081971e-5,7,2
92861,5,1.0057883117340292e-5,7,2
92861,4,1.1189747048096078e-4,7,2
92861,12,7.926995541857708e-7,7,2
92861,13,0,7,2
92861,6,9.743975472842126e-6,7,2
92881,8,3.027267899370155e-6,7,2
92881,17,0,7,2
92881,11,3.566488984185475e-7,7,2
92881,7,1.3943500934214563e-6,7,2
92881,10,3.6102239737825536e-6,7,2
92881,15,0,7,2
92881,9,2.8640469638238135e-6,7,2
92881,18,0,7,2
92881,3,7.107494049018842e-5,7,2
92881,16,7.416139224664892e-7,7,2
92881,2,2.8315926903822738e-5,7,2
92881,5,8.800647727672756e-6,7,2
92881,4,8.195834794424887e-5,7,2
92881,12,1.9817488854644267e-6,7,2
92881,13,1.011809844505063e-6,7,2
92881,6,9.743975472842126e-6,7,2
92917,8,5.622068955973145e-5,3,1
92917,17,1.7776690634386092e-6,3,1
92917,11,1.1412764749393518e-5,3,1
92917,7,5.856270392370116e-5,3,1
92917,10,2.5271567816477874e-5,3,1
92917,15,1.4540753916279428e-6,3,1
92917,9,3.723261052970958e-5,3,1
92917,18,2.8818296159865978e-6,3,1
92917,3,1.8541288823527413e-6,3,1
92917,16,3.708069612332446e-7,3,1
92917,2,0,3,1
92917,5,1.1264829091421128e-4,3,1
92917,4,2.6570971251331824e-5,3,1
92917,12,5.94524665639328e-6,3,1
92917,13,8.094478756040504e-6,3,1
92917,6,9.618246757063516e-5,3,1
92921,8,2.7764371305651997e-4,4,3
92921,17,4.1241922271775735e-5,4,3
92921,11,1.344566347037924e-4,4,3
92921,7,2.443598538721102e-4,4,3
92921,10,2.4414139622704517e-4,4,3
92921,15,6.652394916697839e-5,4,3
92921,9,2.336244023347711e-4,4,3
92921,18,2.9138499450531152e-5,4,3
92921,3,4.6971265019602775e-5,4,3
92921,16,5.6362658107453184e-05,4,3
92921,2,2.9703962536363063e-5,4,3
92921,5,1.5841165909810965e-4,4,3
92921,4,5.3890420566081446e-5,4,3
92921,12,1.518019646265751e-4,4,3
92921,13,5.227684196609493e-5,4,3
92921,6,3.2783762639272056e-4,4,3
92994,8,2.59480105660299e-6,7,2
92994,17,7.110676253754437e-7,7,2
92994,11,4.2797867810225695e-6,7,2
92994,7,3.137287710198277e-6,7,2
92994,10,2.7076679803369152e-6,7,2
92994,15,0,7,2
92994,9,1.6365982650421792e-6,7,2
92994,18,0,7,2
92994,3,9.795980928430316e-5,7,2
92994,16,0,7,2
92994,2,1.0965481497068607e-4,7,2
92994,5,1.0560777273207309e-5,7,2
92994,4,9.094008470526244e-5,7,2
92994,12,0,7,2
92994,13,0,7,2
92994,6,7.543722946716484e-6,7,2
93140,8,5.492328903142997e-5,4,3
93140,17,5.333007190315828e-6,4,3
93140,11,3.0315156365576537e-5,4,3
93140,7,4.287626537270978e-5,4,3
93140,10,7.355831346581953e-5,4,3
93140,15,1.345019737255847e-5,4,3
93140,9,2.8640469638238136e-5,4,3
93140,18,3.5222361973169528e-6,4,3
93140,3,5.5623866470582234e-5,4,3
93140,16,4.449683534798936e-6,4,3
93140,2,1.0826677933814574e-5,4,3
93140,5,2.1373001624348124e-5,4,3
93140,4,3.0313361568420812e-5,4,3
93140,12,3.368973105289526e-5,4,3
93140,13,2.2934356475448096e-5,4,3
93140,6,4.3062085154173266e-5,4,3
93148,8,4.757135270438816e-6,7,2
93148,17,0,7,2
93148,11,2.4965422889298324e-6,7,2
93148,7,1.3246325887503836e-5,7,2
93148,10,5.4153359606738304e-6,7,2
93148,15,0,7,2
93148,9,4.500645228865993e-6,7,2
93148,18,1.28081316266071e-6,7,2
93148,3,5.9641145715679845e-5,7,2
93148,16,0,7,2
93148,2,4.080824759668571e-5,7,2
93148,5,3.394535552102349e-5,7,2
93148,4,1.8337712553736048e-5,7,2
93148,12,1.5853991083715415e-6,7,2
93148,13,0,7,2
93148,6,1.634473305121905e-5,7,2
93275,8,5.18960211320598e-6,7,2
93275,17,0,7,2
93275,11,1.7832444920927374e-6,7,2
93275,7,7.320337990462645e-6,7,2
93275,10,4.061501970505373e-6,7,2
93275,15,3.635188479069857e-7,7,2
93275,9,2.8640469638238135e-6,7,2
93275,18,0,7,2
93275,3,2.1878720811762347e-4,7,2
93275,16,0,7,2
93275,2,1.68229918663888e-4,7,2
93275,5,1.885853084501305e-5,7,2
93275,4,2.376417851351508e-4,7,2
93275,12,0,7,2
93275,13,0,7,2
93275,6,4.086183262804762e-6,7,2
93282,8,4.194928374841501e-5,3,1
93282,17,6.399608628378993e-6,3,1
93282,11,2.6035369584553964e-5,3,1
93282,7,6.448869182074235e-5,3,1
93282,10,4.512779967228192e-5,3,1
93282,15,4.725745022790814e-6,3,1
93282,9,4.459730272239939e-5,3,1
93282,18,1.28081316266071e-6,3,1
93282,3,0,3,1
93282,16,4.449683534798936e-6,3,1
93282,2,2.77607126508066e-7,3,1
93282,5,3.117943766375491e-5,3,1
93282,4,3.742390317088989e-7,3,1
93282,12,1.4664941752436758e-5,3,1
93282,13,1.4502607771239238e-5,3,1
93282,6,8.989603178170477e-5,3,1
93331,8,0,7,2
93331,17,3.5553381268772184e-7,7,2
93331,11,0,7,2
93331,7,2.4401126634875484e-6,7,2
93331,10,4.512779967228192e-7,7,2
93331,15,0,7,2
93331,9,4.091495662605448e-7,7,2
93331,18,0,7,2
93331,3,1.0970262553920384e-4,7,2
93331,16,0,7,2
93331,2,3.6644140699064714e-5,7,2
93331,5,1.03093301952738e-5,7,2
93331,4,8.120986988083106e-5,7,2
93331,12,3.963497770928854e-7,7,2
93331,13,0,7,2
93331,6,9.429653683395604e-7,7,2
93746,8,7.4384296955952393e-05,6,4
93746,17,1.0666014380631656e-6,6,4
93746,11,1.8545742717764467e-5,6,4
93746,7,1.213084581276667e-4,6,4
93746,10,2.797923579681479e-5,6,4
93746,15,0,6,4
93746,9,6.0554135806560635e-5,6,4
93746,18,6.40406581330355e-7,6,4
93746,3,4.388105021568154e-5,6,4
93746,16,3.708069612332446e-7,6,4
93746,2,2.9426355409855e-5,6,4
93746,5,5.536864656095832e-4,6,4
93746,4,9.056584567355352e-5,6,4
93746,12,8.323345318950592e-6,6,4
93746,13,6.745398963367088e-7,6,4
93746,6,2.502001443994301e-4,6,4
93834,8,4.03491564301765e-4,5,7
93834,17,2.8442705015017747e-5,5,7
93834,11,1.722614179361584e-4,5,7
93834,7,4.604841183524359e-4,5,7
93834,10,2.5271567816477876e-4,5,7
93834,15,4.289522405302431e-5,5,7
93834,9,3.179092129844433e-4,5,7
93834,18,2.3695043509223137e-5,5,7
93834,3,1.5760095499998302e-5,5,7
93834,16,2.484406640262739e-5,5,7
93834,2,2.4151820006201744e-5,5,7
93834,5,2.4893260715417226e-4,5,7
93834,4,1.1227170951266968e-6,5,7
93834,12,1.323808255490237e-4,5,7
93834,13,8.161932745674175e-5,5,7
93834,6,3.944738457553828e-4,5,7
93872,8,2.767787793709856e-5,6,4
93872,17,3.5553381268772184e-7,6,4
93872,11,1.2126062546230614e-5,6,4
93872,7,3.241863967204886e-5,6,4
93872,10,1.6246007882021492e-5,6,4
93872,15,1.0905565437209572e-6,6,4
93872,9,1.5956833084161248e-5,6,4
93872,18,6.40406581330355e-7,6,4
93872,3,1.7923245862743167e-5,6,4
93872,16,3.708069612332446e-7,6,4
93872,2,3.081439104239533e-5,6,4
93872,5,2.2881684091949168e-5,6,4
93872,4,8.233258697595776e-6,6,4
93872,12,9.116044873136364e-6,6,4
93872,13,9.780828496882276e-6,6,4
93872,6,3.7718614733582425e-5,6,4
94007,8,0.00207540837843962,1,9
94007,17,0.00487223536907254,1,9
94007,11,0.00308893610920303,1,9
94007,7,0.00168855796313338,1,9
94007,10,0.00235747625488,1,9
94007,15,0.00613147240764712,1,9
94007,9,0.00218444953426504,1,9
94007,18,0.00507137971755508,1,9
94007,3,5.624190943136648e-5,1,9
94007,16,0.00552539452933657,1,9
94007,2,1.0104899404893605e-4,1,9
94007,5,3.2260660098868993e-4,1,9
94007,4,2.432553706107843e-5,1,9
94007,12,0.0037098339135894,1,9
94007,13,0.00413223140495867,1,9
94007,6,0.00102657496433233,1,9
94018,8,2.3353209509426913e-4,3,1
94018,17,5.261900427778283e-5,3,1
94018,11,8.702233121412558e-5,3,1
94018,7,3.9146378872807384e-4,3,1
94018,10,1.2139378111843836e-4,3,1
94018,15,5.380078949023388e-5,3,1
94018,9,1.7061536913064718e-4,3,1
94018,18,4.41880541117945e-5,3,1
94018,3,5.315169462744525e-5,3,1
94018,16,4.227199358058989e-5,3,1
94018,2,3.3868069433984056e-5,3,1
94018,5,0.00168444397507656,3,1
94018,4,1.062838850053273e-4,3,1
94018,12,6.183056522649012e-5,3,1
94018,13,6.037132072213543e-5,3,1
94018,6,6.874217535195396e-4,3,1
94077,8,1.6001273182385108e-5,7,2
94077,17,3.1998043141894965e-6,7,2
94077,11,8.202924663626592e-6,7,2
94077,7,2.1961013971387935e-5,7,2
94077,10,5.86661395739665e-6,7,2
94077,15,3.2716696311628713e-6,7,2
94077,9,9.001290457731986e-6,7,2
94077,18,2.56162632532142e-6,7,2
94077,3,9.795980928430316e-5,7,2
94077,16,1.854034806166223e-6,7,2
94077,2,9.438642301274244e-5,7,2
94077,5,1.9109977922946556e-5,7,2
94077,4,1.1676257789317646e-4,7,2
94077,12,7.926995541857707e-6,7,2
94077,13,3.709969429851898e-6,7,2
94077,6,4.2747763364726746e-5,7,2
94127,8,8.649336855343301e-6,7,2
94127,17,0,7,2
94127,11,3.5664889841854747e-6,7,2
94127,7,4.183050280264369e-6,7,2
94127,10,4.061501970505373e-6,7,2
94127,15,0,7,2
94127,9,8.182991325210896e-7,7,2
94127,18,0,7,2
94127,3,1.0197708852940076e-4,7,2
94127,16,0,7,2
94127,2,1.3103056371180716e-4,7,2
94127,5,1.03093301952738e-5,7,2
94127,4,1.1788529498830315e-4,7,2
94127,12,3.170798216743083e-6,7,2
94127,13,3.372699481683544e-7,7,2
94127,6,1.571608947232601e-6,7,2
94191,8,1.3276732072951966e-4,4,3
94191,17,3.3775712205333575e-5,4,3
94191,11,7.881940655049899e-5,4,3
94191,7,1.6732201121057475e-4,4,3
94191,10,8.213259540355309e-5,4,3
94191,15,3.635188479069857e-5,4,3
94191,9,1.1538017768547364e-4,4,3
94191,18,2.9778906031861507e-5,4,3
94191,3,7.972754194116788e-5,4,3
94191,16,2.484406640262739e-5,4,3
94191,2,1.1159806485624254e-4,4,3
94191,5,1.0384764318653852e-4,4,3
94191,4,5.838128894658823e-5,4,3
94191,12,6.183056522649012e-5,4,3
94191,13,3.6762424350350626e-5,4,3
94191,6,2.7283131323957953e-4,4,3
94659,8,3.329994689307171e-5,6,4
94659,17,3.5553381268772184e-7,6,4
94659,11,4.636435679441117e-6,6,4
94659,7,4.287626537270978e-5,6,4
94659,10,8.574281937733564e-6,6,4
94659,15,7.270376958139714e-7,6,4
94659,9,2.2503226144329965e-5,6,4
94659,18,1.28081316266071e-6,6,4
94659,3,3.0902148039212352e-6,6,4
94659,16,1.112420883699734e-6,6,4
94659,2,0,6,4
94659,5,1.951229324764017e-4,6,4
94659,4,2.058314674398944e-5,6,4
94659,12,3.963497770928854e-7,6,4
94659,13,2.023619689010126e-6,6,4
94659,6,9.93256854651004e-5,6,4
94794,8,3.4597347421373206e-5,6,4
94794,17,0,6,4
94794,11,7.846275765208045e-6,6,4
94794,7,6.936891714771745e-5,6,4
94794,10,1.17332279147933e-5,6,4
94794,15,3.635188479069857e-7,6,4
94794,9,3.232281573458304e-5,6,4
94794,18,3.202032906651775e-7,6,4
94794,3,8.961622931371583e-6,6,4
94794,16,7.416139224664892e-7,6,4
94794,2,6.94017816270165e-6,6,4
94794,5,1.918541204632661e-4,6,4
94794,4,3.6675425107472096e-5,6,4
94794,12,6.341596433486166e-6,6,4
94794,13,3.709969429851898e-6,6,4
94794,6,1.1881363641078464e-4,6,4
94965,8,4.540901849055233e-5,3,1
94965,17,3.1998043141894965e-6,3,1
94965,11,1.961568941302011e-5,3,1
94965,7,5.298530355001534e-5,3,1
94965,10,2.5271567816477874e-5,3,1
94965,15,7.270376958139714e-6,3,1
94965,9,4.664305055370211e-5,3,1
94965,18,8.645488847959792e-6,3,1
94965,3,4.635322205881853e-6,3,1
94965,16,3.3372626510992015e-6,3,1
94965,2,2.77607126508066e-7,3,1
94965,5,3.5202590910691024e-5,3,1
94965,4,5.613585475633484e-6,3,1
94965,12,8.719695096043479e-6,3,1
94965,13,1.854984714925949e-5,3,1
94965,6,4.903419915365715e-5,3,1
95051,8,1.708244028930302e-4,4,3
95051,17,1.6354555383635206e-5,4,3
95051,11,7.774945985524334e-5,4,3
95051,7,1.7812822443459103e-4,4,3
95051,10,9.296326732490077e-5,4,3
95051,15,1.1632603133023542e-5,4,3
95051,9,1.4811214298631722e-4,4,3
95051,18,1.2487928335941925e-5,4,3
95051,3,3.4610405803917835e-5,4,3
95051,16,1.3349050604396806e-5,4,3
95051,2,1.5545999084451696e-5,4,3
95051,5,1.0611066688794008e-4,4,3
95051,4,7.297661118323529e-5,4,3
95051,12,3.9238627932195654e-5,4,3
95051,13,2.866794559431012e-5,4,3
95051,6,1.5370335503934836e-4,4,3
95082,8,0.00415643882583522,3,1
95082,17,3.1002548466369347e-4,3,1
95082,11,0.0016248923811949,3,1
95082,7,0.00515526088290247,3,1
95082,10,0.00260793554306117,3,1
95082,15,5.325551121837341e-4,3,1
95082,9,0.00335707219116777,3,1
95082,18,2.3566962192957065e-4,3,1
95082,3,2.3485632509801387e-5,3,1
95082,16,3.4930015748171645e-4,3,1
95082,2,5.413338966907287e-5,3,1
95082,5,0.00749387726365231,3,1
95082,4,6.246049439221523e-4,3,1
95082,12,0.00127030103558269,3,1
95082,13,7.527865243117669e-4,3,1
95082,6,0.00737776104188872,3,1
95326,8,6.18427585157046e-5,6,4
95326,17,5.6885410030035495e-6,6,4
95326,11,2.2112231701949945e-5,6,4
95326,7,7.006609219442817e-5,6,4
95326,10,3.2492015764042984e-5,6,4
95326,15,1.4540753916279428e-6,6,4
95326,9,5.237114448134973e-5,6,4
95326,18,7.0444723946339056e-6,6,4
95326,3,3.9554749490191814e-5,6,4
95326,16,3.708069612332446e-6,6,4
95326,2,3.081439104239533e-5,6,4
95326,5,4.8026391885299904e-5,6,4
95326,4,1.6466517395191552e-5,6,4
95326,12,1.981748885464427e-5,6,4
95326,13,7.75720880787215e-6,6,4
95326,6,7.669451662495093e-5,6,4
95361,8,1.2541538440247787e-4,3,1
95361,17,6.044074815691271e-6,3,1
95361,11,4.600770789599262e-5,3,1
95361,7,1.9555760060235925e-4,3,1
95361,10,6.272764154447187e-5,3,1
95361,15,1.3086678524651484e-5,3,1
95361,9,1.2724551510702944e-4,3,1
95361,18,5.12325265064284e-6,3,1
95361,3,3.7082577647054825e-6,3,1
95361,16,1.1495015798230584e-5,3,1
95361,2,1.1381892186830706e-5,3,1
95361,5,2.0694094513927657e-4,3,1
95361,4,2.2828580934242835e-5,3,1
95361,12,3.567147993835968e-5,3,1
95361,13,1.315352797856582e-5,3,1
95361,6,2.4517099576828577e-4,3,1
95371,8,3.935448269181202e-5,3,1
95371,17,8.532811504505325e-6,3,1
95371,11,2.2825529498787036e-5,3,1
95371,7,5.298530355001534e-5,3,1
95371,10,1.7148563875467128e-5,3,1
95371,15,7.270376958139714e-6,3,1
95371,9,3.355026443336467e-5,3,1
95371,18,6.083862522638373e-6,3,1
95371,3,9.270644411763706e-7,3,1
95371,16,9.270174030831115e-6,3,1
95371,2,5.55214253016132e-7,3,1
95371,5,3.042509642995439e-5,3,1
95371,4,1.3098366109811462e-5,3,1
95371,12,1.2683192866972332e-5,3,1
95371,13,1.079263834138734e-5,3,1
95371,6,9.3667893255063e-5,3,1
95377,8,2.452086998489826e-4,6,4
95377,17,1.2799217256757986e-5,6,4
95377,11,1.073513184239828e-4,6,4
95377,7,3.695027747566859e-4,6,4
95377,10,1.5117812890214443e-4,6,4
95377,15,3.0172064376279815e-5,6,4
95377,9,1.898453987448928e-4,6,4
95377,18,1.825158756791512e-5,6,4
95377,3,1.443130313431217e-4,6,4
95377,16,1.8911155022895476e-5,6,4
95377,2,1.5185109819991212e-4,6,4
95377,5,6.399328133407762e-4,6,4
95377,4,1.017930166248205e-4,6,4
95377,12,7.609915720183399e-5,6,4
95377,13,7.75720880787215e-5,6,4
95377,6,6.154420637362865e-4,6,4
95444,8,6.054535798740311e-6,7,2
95444,17,2.488736688814053e-6,7,2
95444,11,4.636435679441117e-6,7,2
95444,7,8.366100560528738e-6,7,2
95444,10,4.061501970505373e-6,7,2
95444,15,0,7,2
95444,9,9.001290457731986e-6,7,2
95444,18,1.921219743991065e-6,7,2
95444,3,5.037050130391614e-5,7,2
95444,16,0,7,2
95444,2,5.857510369320193e-5,7,2
95444,5,9.303541883539771e-6,7,2
95444,4,6.69887866758929e-5,7,2
95444,12,4.7561973251146245e-6,7,2
95444,13,3.372699481683544e-6,7,2
95444,6,1.4458802314539929e-5,7,2
95660,8,4.151681690564784e-5,6,4
95660,17,6.044074815691271e-6,6,4
95660,11,1.7475796022508825e-5,6,4
95660,7,4.3224852896065146e-5,6,4
95660,10,2.166134384269532e-5,6,4
95660,15,6.179820414418757e-6,6,4
95660,9,3.355026443336467e-5,6,4
95660,18,7.364675685299083e-6,6,4
95660,3,4.573517909803428e-5,6,4
95660,16,6.674525302198403e-6,6,4
95660,2,3.747696207858891e-5,6,4
95660,5,2.6150496105084763e-5,6,4
95660,4,7.559628440519758e-5,6,4
95660,12,2.219558751720158e-5,6,4
95660,13,1.686349740841772e-5,6,4
95660,6,7.920909094052309e-5,6,4
95683,8,1.0422450910688676e-4,3,1
95683,17,1.3154751069445708e-5,3,1
95683,11,7.596621536315061e-5,3,1
95683,7,1.47452522379319e-4,3,1
95683,10,7.581470344943362e-5,3,1
95683,15,2.3992243961861055e-5,3,1
95683,9,1.0801548549278383e-4,3,1
95683,18,1.1207115173281212e-5,3,1
95683,3,1.6069116980390423e-5,3,1
95683,16,1.7427927177962497e-5,3,1
95683,2,1.7766856096516223e-5,3,1
95683,5,8.121740617252287e-5,3,1
95683,4,3.068760060012971e-5,3,1
95683,12,5.073277146788933e-5,3,1
95683,13,3.9123313987529104e-5,3,1
95683,6,2.649732685034165e-4,3,1
95689,8,2.075840845282392e-4,5,7
95689,17,1.528795394557204e-5,5,7
95689,11,6.776329069952402e-5,5,7
95689,7,1.6000167322011212e-4,5,7
95689,10,1.1236822118398198e-4,5,7
95689,15,2.362872511395407e-5,5,7
95689,9,1.3461020729971923e-4,5,7
95689,18,1.1527318463946393e-5,5,7
95689,3,1.5142052539214051e-5,5,7
95689,16,1.2978243643163562e-5,5,7
95689,2,7.495392415717782e-6,5,7
95689,5,1.1968880909634949e-4,5,7
95689,4,3.742390317088989e-7,5,7
95689,12,5.984881634102569e-5,5,7
95689,13,3.6762424350350626e-5,5,7
95689,6,1.9425086587794948e-4,5,7
95721,8,0,7,2
95721,17,0,7,2
95721,11,0,7,2
95721,7,2.0915251401321845e-6,7,2
95721,10,4.512779967228192e-7,7,2
95721,15,3.635188479069857e-7,7,2
95721,9,4.091495662605448e-7,7,2
95721,18,0,7,2
95721,3,1.05067303333322e-4,7,2
95721,16,0,7,2
95721,2,8.800145910305692e-5,7,2
95721,5,7.291965260071713e-6,7,2
95721,4,6.474335248563951e-5,7,2
95721,12,3.963497770928854e-7,7,2
95721,13,0,7,2
95721,6,1.571608947232601e-6,7,2
95873,8,3.892201584904485e-5,3,1
95873,17,4.266405752252662e-6,3,1
95873,11,1.1412764749393518e-5,3,1
95873,7,6.20485791572548e-5,3,1
95873,10,1.5794729885298673e-5,3,1
95873,15,6.543339262325743e-6,3,1
95873,9,3.314111486710413e-5,3,1
95873,18,4.803049359977663e-6,3,1
95873,3,3.0902148039212352e-6,3,1
95873,16,2.966455689865957e-6,3,1
95873,2,0,3,1
95873,5,3.545403798862454e-5,3,1
95873,4,5.987824507342382e-6,3,1
95873,12,9.908744427322134e-6,3,1
95873,13,9.443558548713922e-6,3,1
95873,6,5.4063347784801474e-5,3,1
95920,8,4.0651883220113515e-5,6,4
95920,17,0,6,4
95920,11,9.272871358882232e-6,6,4
95920,7,8.052371789508909e-5,6,4
95920,10,1.2184505911516116e-5,6,4
95920,15,3.635188479069857e-7,6,4
95920,9,3.600516183092794e-5,6,4
95920,18,3.202032906651775e-7,6,4
95920,3,5.0988544264700386e-5,6,4
95920,16,1.854034806166223e-6,6,4
95920,2,6.662571036193584e-5,6,4
95920,5,3.017364935202088e-4,6,4
95920,4,1.380942027005837e-4,6,4
95920,12,9.908744427322134e-6,6,4
95920,13,6.0708590670303785e-06,6,4
95920,6,1.5747521651270663e-4,6,4
95921,8,6.18427585157046e-5,5,7
95921,17,4.266405752252662e-6,5,7
95921,11,2.532207178771687e-5,5,7
95921,7,6.379151677403162e-5,5,7
95921,10,2.9784347783706068e-5,5,7
95921,15,1.0905565437209572e-6,5,7
95921,9,5.4826041878913e-5,5,7
95921,18,3.5222361973169528e-6,5,7
95921,3,0,5,7
95921,16,2.966455689865957e-6,5,7
95921,2,1.110428506032264e-6,5,7
95921,5,3.9225744157627146e-5,5,7
95921,4,0,5,7
95921,12,1.6646690637901184e-5,5,7
95921,13,1.0455368393218983e-5,5,7
95921,6,8.298095241388133e-5,5,7
96024,8,2.2055808981125417e-5,7,2
96024,17,7.110676253754437e-7,7,2
96024,11,8.202924663626592e-6,7,2
96024,7,1.568643855099138e-5,7,2
96024,10,1.8051119868912766e-5,7,2
96024,15,6.179820414418757e-6,7,2
96024,9,1.18653374215558e-5,7,2
96024,18,1.6010164533258875e-6,7,2
96024,3,1.1217479738234083e-4,7,2
96024,16,2.966455689865957e-6,7,2
96024,2,4.885885426541962e-5,7,2
96024,5,2.06186603905476e-5,7,2
96024,4,2.9190644473294115e-5,7,2
96024,12,9.116044873136364e-6,7,2
96024,13,3.709969429851898e-6,7,2
96024,6,2.0430916314023813e-5,7,2
96060,8,2.032594161005676e-5,7,2
96060,17,0,7,2
96060,11,8.202924663626592e-6,7,2
96060,7,4.1481915279288326e-5,7,2
96060,10,6.769169950842288e-6,7,2
96060,15,0,7,2
96060,9,1.2274486987816344e-5,7,2
96060,18,0,7,2
96060,3,1.2237250623528092e-4,7,2
96060,16,0,7,2
96060,2,1.5185109819991212e-4,7,2
96060,5,1.066135610438071e-4,7,2
96060,4,1.2948670497127905e-4,7,2
96060,12,3.567147993835968e-6,7,2
96060,13,1.686349740841772e-6,7,2
96060,6,6.160707073151795e-5,7,2
96086,8,1.643374002515227e-5,7,2
96086,17,0,7,2
96086,11,9.272871358882232e-6,7,2
96086,7,2.71898268217184e-5,7,2
96086,10,9.476837931179204e-6,7,2
96086,15,1.4540753916279428e-6,7,2
96086,9,1.0637888722774163e-5,7,2
96086,18,0,7,2
96086,3,8.467188562744186e-5,7,2
96086,16,0,7,2
96086,2,1.421348487721298e-4,7,2
96086,5,2.6904837338885283e-5,7,2
96086,4,4.041781542456108e-5,7,2
96086,12,2.7744484396501974e-6,7,2
96086,13,1.011809844505063e-6,7,2
96086,6,1.603041126177253e-5,7,2
96136,8,9.514270540877633e-6,7,2
96136,17,0,7,2
96136,11,9.98616915571933e-6,7,2
96136,7,1.0457625700660922e-5,7,2
96136,10,2.6625401806646332e-5,7,2
96136,15,5.816301566511771e-6,7,2
96136,9,7.77384175895035e-6,7,2
96136,18,0,7,2
96136,3,1.3380630100978948e-4,7,2
96136,16,1.4832278449329785e-6,7,2
96136,2,1.7378206119404932e-4,7,2
96136,5,8.800647727672756e-6,7,2
96136,4,2.0732842356673e-4,7,2
96136,12,9.116044873136364e-6,7,2
96136,13,5.059049222525316e-6,7,2
96136,6,8.172366525609524e-6,7,2
96427,8,5.18960211320598e-6,7,2
96427,17,7.110676253754437e-7,7,2
96427,11,1.4265955936741898e-6,7,2
96427,7,3.137287710198277e-6,7,2
96427,10,1.8051119868912768e-6,7,2
96427,15,0,7,2
96427,9,2.045747831302724e-6,7,2
96427,18,3.202032906651775e-7,7,2
96427,3,1.5543780463723813e-4,7,2
96427,16,0,7,2
96427,2,1.1381892186830706e-4,7,2
96427,5,6.537624026271191e-6,7,2
96427,4,7.147965505639969e-5,7,2
96427,12,0,7,2
96427,13,6.745398963367088e-7,7,2
96427,6,2.8288961050186816e-6,7,2
96491,8,1.470387265408361e-5,6,4
96491,17,3.5553381268772184e-7,6,4
96491,11,1.4622604835160446e-5,6,4
96491,7,2.579547672829694e-5,6,4
96491,10,4.512779967228192e-6,6,4
96491,15,2.9081507832558855e-6,6,4
96491,9,1.2274486987816344e-5,6,4
96491,18,1.28081316266071e-6,6,4
96491,3,1.1742816254900694e-5,6,4
96491,16,7.416139224664892e-7,6,4
96491,2,1.47131777049275e-5,6,4
96491,5,9.680712500440031e-5,6,4
96491,4,1.908619061715385e-5,6,4
96491,12,5.15254710220751e-6,6,4
96491,13,7.082668911535442e-6,6,4
96491,6,5.123445167978279e-5,6,4
96569,8,3.1224106047789314e-4,3,1
96569,17,2.879823882770547e-5,3,1
96569,11,1.4301620826583753e-4,3,1
96569,7,2.8793329429153074e-4,3,1
96569,10,1.7960864269568204e-4,3,1
96569,15,4.507633714046623e-5,3,1
96569,9,2.4057994496120031e-4,3,1
96569,18,1.536975795192852e-5,3,1
96569,3,5.871408127450347e-6,3,1
96569,16,2.5956487286327124e-5,3,1
96569,2,2.77607126508066e-7,3,1
96569,5,1.7450427208585409e-4,3,1
96569,4,0,3,1
96569,12,7.372105853927668e-5,3,1
96569,13,5.699862124045189e-5,3,1
96569,6,3.7592886017803816e-4,3,1
96689,8,1.8596074238988095e-5,6,4
96689,17,2.488736688814053e-6,6,4
96689,11,1.0342818054137877e-5,6,4
96689,7,2.4401126634875484e-5,6,4
96689,10,1.17332279147933e-5,6,4
96689,15,3.635188479069857e-7,6,4
96689,9,2.986791833701977e-5,6,4
96689,18,3.5222361973169528e-6,6,4
96689,3,3.986377097058394e-5,6,4
96689,16,4.82049049603218e-6,6,4
96689,2,5.1079711277484146e-5,6,4
96689,5,1.1818012662874844e-5,6,4
96689,4,2.020890771228054e-5,6,4
96689,12,1.1494143535693677e-5,6,4
96689,13,6.408129015198733e-6,6,4
96689,6,5.4063347784801474e-5,6,4
96816,8,1.470387265408361e-5,6,4
96816,17,3.5553381268772184e-7,6,4
96816,11,8.559573562045139e-6,6,4
96816,7,1.464067598092529e-5,6,4
96816,10,6.769169950842288e-6,6,4
96816,15,2.9081507832558855e-6,6,4
96816,9,1.6365982650421794e-5,6,4
96816,18,6.40406581330355e-7,6,4
96816,3,5.531484499019011e-5,6,4
96816,16,1.112420883699734e-6,6,4
96816,2,4.774842575938735e-5,6,4
96816,5,1.6092612987744468e-5,6,4
96816,4,5.351618153437254e-5,6,4
96816,12,4.359847548021739e-6,6,4
96816,13,3.0354295335151892e-6,6,4
96816,6,1.571608947232601e-5,6,4
96850,8,8.692583539620017e-5,4,3
96850,17,1.528795394557204e-5,4,3
96850,11,5.9560366035897426e-5,4,3
96850,7,1.1363953261384868e-4,4,3
96850,10,4.69329116591732e-5,4,3
96850,15,2.03570554827912e-5,4,3
96850,9,8.428481064967223e-5,4,3
96850,18,4.4828460693124855e-6,4,3
96850,3,0,4,3
96850,16,1.3719857565630052e-5,4,3
96850,2,0,4,3
96850,5,8.901226558846159e-5,4,3
96850,4,0,4,3
96850,12,3.7653228823824106e-5,4,3
96850,13,2.833067564614177e-5,4,3
96850,6,1.9676544019352164e-4,4,3
96971,8,1.5612053023894657e-4,1,9
96971,17,3.6691089469372896e-4,1,9
96971,11,2.111361478637801e-4,1,9
96971,7,7.529490504475863e-5,1,9
96971,10,1.4440895895130213e-4,1,9
96971,15,4.736650588228024e-4,1,9
96971,9,1.288821133720716e-4,1,9
96971,18,3.5958829541699435e-4,1,9
96971,3,1.3596945137253436e-5,1,9
96971,16,3.5931194543501404e-4,1,9
96971,2,2.9981569662871128e-5,1,9
96971,5,2.4893260715417226e-5,1,9
96971,4,2.2454341902533936e-6,1,9
96971,12,1.9658948943807115e-4,1,9
96971,13,2.2259816579111387e-4,1,9
96971,6,6.317867967875056e-5,1,9
96987,8,2.72454110943314e-5,6,4
96987,17,0,6,4
96987,11,3.209840085766927e-6,6,4
96987,7,4.6710728129618785e-5,6,4
96987,10,7.671725944287927e-6,6,4
96987,15,3.635188479069857e-7,6,4
96987,9,2.3321525276851057e-5,6,4
96987,18,9.606098719955323e-7,6,4
96987,3,4.3263007254897294e-6,6,4
96987,16,0,6,4
96987,2,9.438642301274244e-6,6,4
96987,5,1.717383542285855e-4,6,4
96987,4,2.2454341902533936e-5,6,4
96987,12,1.9817488854644267e-6,6,4
96987,13,3.372699481683544e-7,6,4
96987,6,9.586814578118866e-5,6,4
97032,8,1.608776655093854e-4,6,4
97032,17,2.133202876126331e-6,6,4
97032,11,2.85319118734838e-5,6,4
97032,7,2.708525056471179e-4,6,4
97032,10,3.0235625780428887e-5,6,4
97032,15,4.725745022790814e-6,6,4
97032,9,1.2315401944442398e-4,6,4
97032,18,9.606098719955323e-7,6,4
97032,3,0,6,4
97032,16,1.854034806166223e-6,6,4
97032,2,0,6,4
97032,5,9.56504684459062e-4,6,4
97032,4,1.2649279271760783e-4,6,4
97032,12,1.4664941752436758e-5,6,4
97032,13,1.5177147667575949e-5,6,4
97032,6,5.324611113224052e-4,6,4
97168,8,2.940774530816722e-5,6,4
97168,17,0,6,4
97168,11,4.636435679441117e-6,6,4
97168,7,2.753841434507376e-5,6,4
97168,10,8.574281937733564e-6,6,4
97168,15,3.635188479069857e-6,6,4
97168,9,1.513853395164016e-5,6,4
97168,18,9.606098719955323e-7,6,4
97168,3,3.553747024509421e-5,6,4
97168,16,7.416139224664892e-7,6,4
97168,2,2.720549839779047e-5,6,4
97168,5,1.584116590981096e-5,6,4
97168,4,1.5718039331773753e-5,6,4
97168,12,8.323345318950592e-6,6,4
97168,13,3.709969429851898e-6,6,4
97168,6,2.7660317471293777e-5,6,4
97215,8,6.054535798740311e-6,7,2
97215,17,2.8442705015017748e-6,7,2
97215,11,2.1398933905112848e-6,7,2
97215,7,3.834462756909005e-6,7,2
97215,10,1.8051119868912768e-6,7,2
97215,15,3.635188479069857e-7,7,2
97215,9,4.909794795126538e-6,7,2
97215,18,0,7,2
97215,3,3.924572800979969e-5,7,2
97215,16,1.4832278449329785e-6,7,2
97215,2,4.941406851843575e-5,7,2
97215,5,1.2572353896675366e-5,7,2
97215,4,5.351618153437254e-5,7,2
97215,12,1.189049331278656e-6,7,2
97215,13,6.745398963367088e-7,7,2
97215,6,6.600757578376924e-6,7,2
97266,8,1.9115034450308696e-4,6,4
97266,17,1.0666014380631656e-6,6,4
97266,11,4.886089908334101e-5,6,4
97266,7,3.1895758387015814e-4,6,4
97266,10,5.460463760346112e-5,6,4
97266,15,5.452782718604786e-6,6,4
97266,9,1.1947167334807909e-4,6,4
97266,18,8.325285557294615e-6,6,4
97266,3,4.2644964294113045e-5,6,4
97266,16,4.078876573565691e-6,6,4
97266,2,6.496006760288744e-5,6,4
97266,5,0.00117048614778047,6,4
97266,4,1.6503941298362442e-4,6,4
97266,12,1.981748885464427e-5,6,4
97266,13,1.1467178237724048e-5,6,4
97266,6,6.415307722603478e-4,6,4
97616,8,3.5937994633951413e-4,6,4
97616,17,1.493242013288432e-5,6,4
97616,11,1.3909307038323352e-4,6,4
97616,7,4.597869433057252e-4,6,4
97616,10,1.7374202873828538e-4,6,4
97616,15,2.9808545528372828e-5,6,4
97616,9,2.6881126503317795e-4,6,4
97616,18,1.9532400730575827e-5,6,4
97616,3,6.983885456861992e-5,6,4
97616,16,2.1877610712761433e-5,6,4
97616,2,5.71870680606616e-5,6,4
97616,5,0.00114332986336365,6,4
97616,4,1.044126898467828e-4,6,4
97616,12,9.710569538775693e-5,6,4
97616,13,5.1265032121589864e-5,6,4
97616,6,6.651049064688368e-4,6,4
97618,8,7.351936327041805e-6,7,2
97618,17,0,7,2
97618,11,4.2797867810225695e-6,7,2
97618,7,1.0109038177305558e-5,7,2
97618,10,4.512779967228192e-6,7,2
97618,15,0,7,2
97618,9,7.77384175895035e-6,7,2
97618,18,9.606098719955323e-7,7,2
97618,3,2.0426319853919365e-4,7,2
97618,16,1.4832278449329785e-6,7,2
97618,2,1.5240631245292823e-4,7,2
97618,5,2.162444870228163e-5,7,2
97618,4,2.1818135548628807e-4,7,2
97618,12,0,7,2
97618,13,7.082668911535442e-6,7,2
97618,6,1.3515836946200368e-5,7,2
97733,8,7.870896538362404e-5,4,3
97733,17,1.4576886320196597e-5,4,3
97733,11,4.779095238808536e-5,4,3
97733,7,8.644970579213029e-5,4,3
97733,10,5.550719359690676e-5,4,3
97733,15,1.7085385851628328e-5,4,3
97733,9,7.732926802324297e-5,4,3
97733,18,9.285895429290148e-6,4,3
97733,3,5.77870168333271e-5,4,3
97733,16,1.7057120216729254e-5,4,3
97733,2,3.0259176789379197e-5,4,3
97733,5,7.015373474344854e-5,4,3
97733,4,7.634476246861538e-5,4,3
97733,12,4.9940071913703555e-5,4,3
97733,13,3.6762424350350626e-5,4,3
97733,6,1.1284152241130075e-4,4,3
97798,8,9.553192556726677e-4,6,4
97798,17,7.892850641667425e-5,6,4
97798,11,4.711331948109012e-4,6,4
97798,7,0.00126676705987339,6,4
97798,10,8.03726112163341e-4,6,4
97798,15,1.501332841855851e-4,6,4
97798,9,7.896586628828515e-4,6,4
97798,18,4.9311306762437334e-5,6,4
97798,3,3.121116951960448e-4,6,4
97798,16,8.788124981227897e-5,6,4
97798,2,2.9870526812267903e-4,6,4
97798,5,0.0023691343682895,6,4
97798,4,4.838910679996063e-4,6,4
97798,12,3.301593643183735e-4,6,4
97798,13,1.7942761242556451e-4,6,4
97798,6,0.0019459661984634,6,4
97806,8,2.075840845282392e-5,6,4
97806,17,0,6,4
97806,11,9.62952025730078e-6,6,4
97806,7,2.3703951588164755e-5,6,4
97806,10,9.928115927902022e-6,6,4
97806,15,0,6,4
97806,9,1.882088004798506e-5,6,4
97806,18,6.40406581330355e-7,6,4
97806,3,1.1650109810783058e-4,6,4
97806,16,1.854034806166223e-6,6,4
97806,2,5.2467746910024475e-5,6,4
97806,5,2.7659178572685807e-5,6,4
97806,4,5.463889862949925e-5,6,4
97806,12,5.15254710220751e-6,6,4
97806,13,6.745398963367088e-7,6,4
97806,6,5.092012989033627e-5,6,4
97862,8,4.324668427671651e-7,7,2
97862,17,3.5553381268772184e-7,7,2
97862,11,0,7,2
97862,7,1.0457625700660925e-6,7,2
97862,10,4.512779967228192e-7,7,2
97862,15,0,7,2
97862,9,0,7,2
97862,18,0,7,2
97862,3,3.090214803921235e-4,7,2
97862,16,1.112420883699734e-6,7,2
97862,2,3.125856244480823e-4,7,2
97862,5,2.338457824781618e-5,7,2
97862,4,2.810535128133831e-4,7,2
97862,12,0,7,2
97862,13,0,7,2
97862,6,2.8288961050186816e-6,7,2
97936,8,1.9115034450308696e-4,6,4
97936,17,2.7376103576954583e-5,6,4
97936,11,1.180507853765392e-4,6,4
97936,7,2.1961013971387935e-4,6,4
97936,10,2.256389983614096e-4,6,4
97936,15,4.653041253209417e-5,6,4
97936,9,1.616140786729152e-4,6,4
97936,18,1.5049554661263345e-5,6,4
97936,3,1.2422663511763366e-4,6,4
97936,16,1.594469933302952e-5,6,4
97936,2,1.8072223935675097e-4,6,4
97936,5,2.05180815593742e-4,6,4
97936,4,1.4557898333476167e-4,6,4
97936,12,8.204440385822727e-5,6,4
97936,13,4.65432528472329e-5,6,4
97936,6,3.143217894465202e-4,6,4
97973,8,1.297400528301495e-6,7,2
97973,17,0,7,2
97973,11,7.132977968370949e-7,7,2
97973,7,3.485875233553641e-6,7,2
97973,10,3.1589459770597342e-06,7,2
97973,15,0,7,2
97973,9,8.182991325210896e-7,7,2
97973,18,0,7,2
97973,3,2.6328630129408923e-4,7,2
97973,16,3.708069612332446e-7,7,2
97973,2,2.2930348649566253e-4,7,2
97973,5,1.508682467601044e-5,7,2
97973,4,1.1227170951266968e-4,7,2
97973,12,0,7,2
97973,13,3.709969429851898e-6,7,2
97973,6,9.429653683395606e-6,7,2
98018,8,1.4271405811316448e-5,7,2
98018,17,0,7,2
98018,11,1.0699466952556424e-6,7,2
98018,7,1.6732201121057476e-5,7,2
98018,10,5.4153359606738304e-6,7,2
98018,15,1.0905565437209572e-6,7,2
98018,9,1.3092786120337432e-5,7,2
98018,18,0,7,2
98018,3,3.0902148039212355e-5,7,2
98018,16,1.854034806166223e-6,7,2
98018,2,4.885885426541962e-5,7,2
98018,5,6.286176948337683e-6,7,2
98018,4,2.3202819965951738e-5,7,2
98018,12,3.170798216743083e-6,7,2
98018,13,6.745398963367088e-7,7,2
98018,6,6.915079367823444e-6,7,2
98084,8,9.514270540877633e-6,7,2
98084,17,1.0666014380631656e-6,7,2
98084,11,5.349733476278212e-6,7,2
98084,7,1.3943500934214563e-5,7,2
98084,10,9.928115927902022e-6,7,2
98084,15,1.8175942395349288e-6,7,2
98084,9,1.022873915651362e-5,7,2
98084,18,3.202032906651775e-7,7,2
98084,3,7.540124121567815e-5,7,2
98084,16,7.416139224664892e-7,7,2
98084,2,5.71870680606616e-5,7,2
98084,5,1.0812224351140815e-5,7,2
98084,4,7.746747956374208e-5,7,2
98084,12,3.963497770928853e-6,7,2
98084,13,4.3845093261886066e-6,7,2
98084,6,2.2631168840149453e-5,7,2
98238,8,3.329994689307171e-5,7,2
98238,17,3.5553381268772184e-7,7,2
98238,11,1.1412764749393518e-5,7,2
98238,7,3.520733985889177e-5,7,2
98238,10,2.34664558295866e-5,7,2
98238,15,2.1811130874419143e-6,7,2
98238,9,3.0277067903280317e-5,7,2
98238,18,0,7,2
98238,3,6.495631517842436e-4,7,2
98238,16,4.449683534798936e-6,7,2
98238,2,5.982433576248822e-4,7,2
98238,5,6.311321656131034e-5,7,2
98238,4,5.4040116178765e-4,7,2
98238,12,1.0701443981507905e-5,7,2
98238,13,5.39631917069367e-6,7,2
98238,6,6.349300146819707e-5,7,2
98245,8,3.152683283772633e-4,4,3
98245,17,2.915377264039319e-5,4,3
98245,11,1.6049200428834635e-4,4,3
98245,7,4.350372291474944e-4,4,3
98245,10,2.143570484433391e-4,4,3
98245,15,3.6715403638605555e-5,4,3
98245,9,3.048164268641059e-4,4,3
98245,18,2.337484021855796e-5,4,3
98245,3,1.1341088330390932e-4,4,3
98245,16,2.7810522092493343e-5,4,3
98245,2,1.013266011754441e-4,4,3
98245,5,3.0022781105260775e-4,4,3
98245,4,6.0626723136841625e-5,4,3
98245,12,1.109779375860079e-4,4,3
98245,13,8.735291657560379e-5,4,3
98245,6,5.2931789342794e-4,4,3
98250,8,1.72986737106866e-6,7,2
98250,17,0,7,2
98250,11,0,7,2
98250,7,4.183050280264369e-6,7,2
98250,10,4.512779967228192e-7,7,2
98250,15,0,7,2
98250,9,4.091495662605448e-7,7,2
98250,18,0,7,2
98250,3,1.1928229143135968e-4,7,2
98250,16,0,7,2
98250,2,8.355974507892787e-5,7,2
98250,5,6.286176948337683e-6,7,2
98250,4,7.110541602469079e-5,7,2
98250,12,1.189049331278656e-6,7,2
98250,13,0,7,2
98250,6,1.885930736679121e-6,7,2
98290,8,1.4401145864146597e-4,4,3
98290,17,1.0310480567943934e-5,4,3
98290,11,5.314068586436357e-5,4,3
98290,7,1.687163613039962e-4,4,3
98290,10,1.0198882725935714e-4,4,3
98290,15,1.7085385851628328e-5,4,3
98290,9,1.3829255339606417e-4,4,3
98290,18,5.443455941308017e-6,4,3
98290,3,6.273136051960108e-5,4,3
98290,16,1.4832278449329784e-5,4,3
98290,2,5.1357318403992215e-5,4,3
98290,5,2.0140910942473937e-4,4,3
98290,4,2.133162480740724e-5,4,3
98290,12,4.439117503440316e-5,4,3
98290,13,3.10288352314886e-5,4,3
98290,6,2.612014070300583e-4,4,3
98313,8,0,7,2
98313,17,0,7,2
98313,11,2.1398933905112848e-6,7,2
98313,7,2.0915251401321845e-6,7,2
98313,10,0,7,2
98313,15,0,7,2
98313,9,2.045747831302724e-6,7,2
98313,18,1.6010164533258875e-6,7,2
98313,3,9.919589520587166e-5,7,2
98313,16,0,7,2
98313,2,1.7128359705547672e-4,7,2
98313,5,1.70984012994785e-5,7,2
98313,4,1.0965203629070738e-4,7,2
98313,12,0,7,2
98313,13,1.686349740841772e-6,7,2
98313,6,3.771861473358242e-6,7,2
98400,8,7.654663116978821e-5,4,3
98400,17,3.9108719395649406e-6,4,3
98400,11,2.85319118734838e-5,4,3
98400,7,9.830168158621266e-5,4,3
98400,10,4.106629770177654e-5,4,3
98400,15,1.01785277413956e-5,4,3
98400,9,8.264821238463005e-5,4,3
98400,18,7.364675685299083e-6,4,3
98400,3,4.109985689215243e-5,4,3
98400,16,8.157753147131381e-6,4,3
98400,2,1.7211641843500093e-5,4,3
98400,5,6.587913441857893e-5,4,3
98400,4,1.908619061715385e-5,4,3
98400,12,2.378098662557312e-5,4,3
98400,13,1.6526227460249363e-5,4,3
98400,6,8.958170999225826e-5,4,3
98417,8,1.643374002515227e-5,7,2
98417,17,0,7,2
98417,11,7.132977968370949e-7,7,2
98417,7,2.056666387796648e-5,7,2
98417,10,3.6102239737825536e-6,7,2
98417,15,0,7,2
98417,9,1.1456187855295254e-5,7,2
98417,18,0,7,2
98417,3,4.975245834313189e-5,7,2
98417,16,3.708069612332446e-7,7,2
98417,2,6.634810323542778e-5,7,2
98417,5,8.825792435466107e-5,7,2
98417,4,8.046139181741327e-5,7,2
98417,12,3.963497770928854e-7,7,2
98417,13,0,7,2
98417,6,4.5576659469745426e-5,7,2
98555,8,6.564846673205565e-4,3,1
98555,17,4.088638845908801e-5,3,1
98555,11,2.0471646769224623e-4,3,1
98555,7,9.523411138068548e-4,3,1
98555,10,2.251877203646868e-4,3,1
98555,15,6.10711664483736e-5,3,1
98555,9,4.7625009512727417e-4,3,1
98555,18,3.073951590385704e-5,3,1
98555,3,2.904801915685961e-5,3,1
98555,16,3.893473092949069e-5,3,1
98555,2,1.1659499313338773e-5,3,1
98555,5,0.00326629754235626,3,1
98555,4,3.742390317088989e-4,3,1
98555,12,1.5536911262041105e-4,3,1
98555,13,1.035418740876848e-4,3,1
98555,6,0.00186864303825956,3,1
98588,8,1.0941411122009277e-4,4,3
98588,17,6.399608628378993e-6,4,3
98588,11,3.352499645134346e-5,4,3
98588,7,7.07632672411389e-5,4,3
98588,10,5.8214861577243674e-5,4,3
98588,15,1.0542046589302586e-5,4,3
98588,9,8.878545587853822e-5,4,3
98588,18,2.56162632532142e-6,4,3
98588,3,1.6378138460782548e-5,4,3
98588,16,7.786946185898137e-6,4,3
98588,2,1.7211641843500093e-5,4,3
98588,5,4.5763368183898336e-5,4,3
98588,4,4.378596670994117e-5,4,3
98588,12,2.4177336402666007e-5,4,3
98588,13,2.394616631995316e-5,4,3
98588,6,1.0718373020126338e-4,4,3
98681,8,2.767787793709856e-5,3,1
98681,17,0,3,1
98681,11,1.4622604835160446e-5,3,1
98681,7,2.7887001868429127e-5,3,1
98681,10,1.7148563875467128e-5,3,1
98681,15,6.179820414418757e-6,3,1
98681,9,3.805090966223067e-5,3,1
98681,18,6.40406581330355e-7,3,1
98681,3,3.090214803921236e-7,3,1
98681,16,2.5956487286327124e-6,3,1
98681,2,1.0271463680798442e-5,3,1
98681,5,2.263023701401566e-5,3,1
98681,4,0,3,1
98681,12,1.1494143535693677e-5,3,1
98681,13,4.721779274356961e-6,3,1
98681,6,4.4948015890852386e-5,3,1
98689,8,7.30868964276509e-5,3,1
98689,17,7.821743879129881e-6,3,1
98689,11,2.4965422889298323e-5,3,1
98689,7,7.006609219442817e-5,3,1
98689,10,3.610223973782553e-5,3,1
98689,15,6.179820414418757e-6,3,1
98689,9,6.791882799925044e-5,3,1
98689,18,4.4828460693124855e-6,3,1
98689,3,0,3,1
98689,16,2.966455689865957e-6,3,1
98689,2,2.77607126508066e-7,3,1
98689,5,2.1875895780215137e-5,3,1
98689,4,0,3,1
98689,12,2.7744484396501975e-5,3,1
98689,13,1.4839877719407592e-5,3,1
98689,6,5.5949278521480594e-5,3,1
98817,8,2.8975278465400057e-5,6,4
98817,17,3.5553381268772184e-7,6,4
98817,11,7.1329779683709495e-6,6,4
98817,7,5.681976630692434e-5,6,4
98817,10,6.769169950842288e-6,6,4
98817,15,7.270376958139714e-7,6,4
98817,9,2.7822170505717048e-5,6,4
98817,18,9.606098719955323e-7,6,4
98817,3,1.05067303333322e-4,6,4
98817,16,0,6,4
98817,2,6.579288898241165e-5,6,4
98817,5,2.2102198150355295e-4,6,4
98817,4,9.056584567355352e-5,6,4
98817,12,1.9817488854644267e-6,6,4
98817,13,2.023619689010126e-6,6,4
98817,6,1.2667168114694765e-4,6,4
98976,8,1.9201527818862128e-4,1,9
98976,17,2.2931930918358056e-4,1,9
98976,11,2.8959890551586055e-4,1,9
98976,7,1.502412225661619e-4,1,9
98976,10,1.5930113284315516e-4,1,9
98976,15,3.151708411353566e-4,1,9
98976,9,2.3403355190103163e-4,1,9
98976,18,1.943633974337627e-4,1,9
98976,3,9.270644411763706e-6,1,9
98976,16,2.4473259441394146e-4,1,9
98976,2,1.0271463680798442e-5,1,9
98976,5,4.5009026950097816e-5,1,9
98976,4,2.4699776092787328e-5,1,9
98976,12,3.59489247823247e-4,1,9
98976,13,3.763932621558834e-4,1,9
98976,6,3.394675326022418e-5,1,9
98987,8,6.582145346916252e-4,3,1
98987,17,1.742115682169837e-5,3,1
98987,11,1.722614179361584e-4,3,1
98987,7,8.99007222733484e-4,3,1
98987,10,2.4594650821393646e-4,3,1
98987,15,3.05355832241868e-5,3,1
98987,9,4.905703299463932e-4,3,1
98987,18,1.7290977695919584e-5,3,1
98987,3,1.4524009578429806e-5,3,1
98987,16,2.558568032509388e-5,3,1
98987,2,4.16410689762099e-6,3,1
98987,5,0.002987442732928,3,1
98987,4,4.752835702703016e-4,3,1
98987,12,9.789839494194268e-5,3,1
98987,13,7.487392849337467e-5,3,1
98987,6,0.00173159873806087,3,1
99351,8,1.2844265230184802e-4,3,1
99351,17,3.697551651952307e-5,3,1
99351,11,5.064414357543374e-5,3,1
99351,7,1.6383613597702111e-4,3,1
99351,10,7.175320147892826e-5,3,1
99351,15,5.998060990465264e-5,3,1
99351,9,1.157893272517342e-4,3,1
99351,18,4.0665817914477545e-5,3,1
99351,3,7.1074940490188414e-6,3,1
99351,16,4.3013607503056374e-5,3,1
99351,2,5.2745354036532545e-6,3,1
99351,5,4.7397774190466134e-4,3,1
99351,4,5.8007049914879334e-5,3,1
99351,12,5.7470717678468375e-5,3,1
99351,13,4.991595232891645e-5,3,1
99351,6,3.218655123932367e-4,3,1
99353,8,1.124413791194629e-4,3,1
99353,17,3.1998043141894965e-6,3,1
99353,11,2.9958507467157987e-5,3,1
99353,7,1.47452522379319e-4,3,1
99353,10,3.790735172471681e-5,3,1
99353,15,5.0892638706978e-6,3,1
99353,9,6.423648190290553e-5,3,1
99353,18,1.6010164533258875e-6,3,1
99353,3,6.180429607842471e-7,3,1
99353,16,3.708069612332446e-6,3,1
99353,2,2.77607126508066e-7,3,1
99353,5,4.2393977339589336e-4,3,1
99353,4,1.684075642690045e-5,3,1
99353,12,2.7744484396501975e-5,3,1
99353,13,1.1129908289555694e-5,3,1
99353,6,2.461139611366253e-4,3,1
99447,8,8.649336855343301e-6,7,2
99447,17,3.5553381268772184e-7,7,2
99447,11,2.1398933905112848e-6,7,2
99447,7,8.366100560528738e-6,7,2
99447,10,1.3538339901684576e-6,7,2
99447,15,3.635188479069857e-7,7,2
99447,9,2.454897397563269e-6,7,2
99447,18,3.202032906651775e-7,7,2
99447,3,6.396744644116957e-5,7,2
99447,16,1.112420883699734e-6,7,2
99447,2,8.661342347051659e-5,7,2
99447,5,1.3326695130475888e-5,7,2
99447,4,8.869465051500905e-5,7,2
99447,12,2.7744484396501974e-6,7,2
99447,13,1.011809844505063e-6,7,2
99447,6,8.486688315056044e-6,7,2
99448,8,1.556880633961794e-5,6,4
99448,17,0,6,4
99448,11,2.8531911873483795e-6,6,4
99448,7,2.3355364064809393e-5,6,4
99448,10,6.769169950842288e-6,6,4
99448,15,0,6,4
99448,9,9.41044002399253e-6,6,4
99448,18,0,6,4
99448,3,3.0902148039212352e-6,6,4
99448,16,0,6,4
99448,2,5.5521425301613205e-6,6,4
99448,5,1.0837369058934168e-4,6,4
99448,4,5.239346443924585e-5,6,4
99448,12,4.359847548021739e-6,6,4
99448,13,3.372699481683544e-7,6,4
99448,6,5.2806060627015394e-5,6,4
99493,8,3.2002546364770215e-5,2,8
99493,17,3.768658414489851e-5,2,8
99493,11,3.281169865450637e-5,2,8
99493,7,1.568643855099138e-5,2,8
99493,10,2.34664558295866e-5,2,8
99493,15,5.0892638706978e-5,2,8
99493,9,2.8640469638238136e-5,2,8
99493,18,4.41880541117945e-5,2,8
99493,3,1.483303105882193e-5,2,8
99493,16,4.3755221425522866e-5,2,8
99493,2,1.3325142072387168e-5,2,8
99493,5,3.77170616900261e-6,2,8
99493,4,1.1601409982975869e-5,2,8
99493,12,2.6159085288130435e-5,2,8
99493,13,3.47388046613405e-5,2,8
99493,6,1.4144480525093408e-5,2,8
99516,8,0.00246808827167221,1,9
99516,17,0.00280551731591881,1,9
99516,11,0.00257714493997242,1,9
99516,7,0.00239409911040464,1,9
99516,10,0.00194591072186879,1,9
99516,15,0.00261370051645122,1,9
99516,9,0.00269997798775333,1,9
99516,18,0.00315688424266798,1,9
99516,3,6.996246316077676e-4,1,9
99516,16,0.00274434232008724,1,9
99516,2,7.037340656979473e-4,1,9
99516,5,7.603759636709261e-4,1,9
99516,4,7.234040482933016e-4,1,9
99516,12,0.0024173372904895,1,9
99516,13,0.00289411342523264,1,9
99516,6,0.00106586518801315,1,9
99549,8,1.7168933657856451e-4,3,1
99549,17,5.759647765541094e-5,3,1
99549,11,8.167259773784736e-5,3,1
99549,7,2.3738810340500293e-4,3,1
99549,10,1.033426612495256e-4,3,1
99549,15,6.216172299209455e-5,3,1
99549,9,1.6938792043186556e-4,3,1
99549,18,5.475476270374535e-5,3,1
99549,3,8.343579970587336e-6,3,1
99549,16,6.526202517705105e-5,3,1
99549,2,6.94017816270165e-6,3,1
99549,5,6.520022730815845e-4,3,1
99549,4,7.110541602469079e-5,3,1
99549,12,8.878235006880632e-5,3,1
99549,13,7.116395906352277e-5,3,1
99549,6,4.5073744606631e-4,3,1
99553,8,1.9028541081755266e-5,6,4
99553,17,3.5553381268772184e-7,6,4
99553,11,1.1412764749393518e-5,6,4
99553,7,4.566496555955269e-5,6,4
99553,10,1.4440895895130216e-5,6,4
99553,15,3.635188479069857e-7,6,4
99553,9,2.2912375710590508e-5,6,4
99553,18,1.28081316266071e-6,6,4
99553,3,8.528992858822609e-5,6,4
99553,16,0,6,4
99553,2,8.716863772353273e-5,6,4
99553,5,3.09279905858214e-5,6,4
99553,4,5.651009378804374e-5,6,4
99553,12,9.116044873136364e-6,6,4
99553,13,8.769018652377213e-6,6,4
99553,6,3.26894661024381e-5,6,4
99574,8,2.080165513710064e-4,1,9
99574,17,1.8025564303267495e-4,1,9
99574,11,2.903122033126976e-4,1,9
99574,7,1.5198416018293877e-4,1,9
99574,10,1.6336263481366055e-4,1,9
99574,15,2.875434086944257e-4,1,9
99574,9,2.3607929973233432e-4,1,9
99574,18,1.3736721169536114e-4,1,9
99574,3,0,1,9
99574,16,2.161804583989816e-4,1,9
99574,2,2.77607126508066e-7,1,9
99574,5,8.448621818565847e-5,1,9
99574,4,3.742390317088989e-7,1,9
99574,12,3.3412286208930235e-4,1,9
99574,13,3.517725559395936e-4,1,9
99574,6,7.449426409882528e-5,1,9
99951,8,4.4544084805018e-5,6,4
99951,17,1.7776690634386092e-6,6,4
99951,11,1.2126062546230614e-5,6,4
99951,7,5.33338910733707e-5,6,4
99951,10,7.220447947565107e-6,6,4
99951,15,1.0905565437209572e-6,6,4
99951,9,3.4368563565885765e-5,6,4
99951,18,0,6,4
99951,3,0,6,4
99951,16,2.5956487286327124e-6,6,4
99951,2,0,6,4
99951,5,1.5640008247464157e-4,6,4
99951,4,2.2828580934242835e-5,6,4
99951,12,5.15254710220751e-6,6,4
99951,13,6.745398963367088e-7,6,4
99951,6,9.398221504450954e-5,6,4
99961,8,1.3406472125782115e-5,6,4
99961,17,0,6,4
99961,11,1.7832444920927374e-6,6,4
99961,7,2.753841434507376e-5,6,4
99961,10,9.025559934456384e-7,6,4
99961,15,0,6,4
99961,9,1.18653374215558e-5,6,4
99961,18,0,6,4
99961,3,0,6,4
99961,16,0,6,4
99961,2,0,6,4
99961,5,1.2471775065501963e-4,6,4
99961,4,1.4221083204938158e-5,6,4
99961,12,3.963497770928854e-7,6,4
99961,13,1.011809844505063e-6,6,4
99961,6,5.5634956732034074e-5,6,4
100040,8,1.2757771861631367e-4,2,8
100040,17,4.515279421134068e-4,2,8
100040,11,4.7755287498243504e-4,2,8
100040,7,1.4780110990267437e-4,2,8
100040,10,2.0126998653837737e-4,2,8
100040,15,5.07835830526059e-4,2,8
100040,9,1.4483894645623286e-4,2,8
100040,18,4.114612285047531e-4,2,8
100040,3,5.685995239215073e-5,2,8
100040,16,4.672167711538882e-4,2,8
100040,2,6.051835357875839e-5,2,8
100040,5,4.0985873703161694e-5,2,8
100040,4,8.757193341988234e-5,2,8
100040,12,4.744306831801838e-4,2,8
100040,13,5.33898327950505e-4,2,8
100040,6,1.8010638535285607e-4,2,8
100080,8,4.757135270438816e-6,7,2
100080,17,0,7,2
100080,11,2.1398933905112848e-6,7,2
100080,7,6.274575420396553e-6,7,2
100080,10,4.512779967228192e-7,7,2
100080,15,0,7,2
100080,9,6.137243493908172e-6,7,2
100080,18,0,7,2
100080,3,2.3485632509801387e-5,7,2
100080,16,0,7,2
100080,2,2.7483105524298536e-5,7,2
100080,5,3.595693214449155e-5,7,2
100080,4,7.409932827836198e-5,7,2
100080,12,7.926995541857708e-7,7,2
100080,13,0,7,2
100080,6,2.4831421366275097e-5,7,2
100169,8,2.162334213835826e-6,7,2
100169,17,0,7,2
100169,11,1.0699466952556424e-6,7,2
100169,7,2.4401126634875484e-6,7,2
100169,10,9.025559934456384e-7,7,2
100169,15,0,7,2
100169,9,8.182991325210896e-7,7,2
100169,18,0,7,2
100169,3,1.313341291666525e-4,7,2
100169,16,0,7,2
100169,2,1.0743395795862157e-4,7,2
100169,5,2.363602532574969e-5,7,2
100169,4,9.430823599064252e-5,7,2
100169,12,0,7,2
100169,13,6.745398963367088e-7,7,2
100169,6,4.400505052251283e-6,7,2
100191,8,9.047206350689092e-4,1,9
100191,17,0.00122943592427414,1,9
100191,11,0.00104355467677267,1,9
100191,7,8.878524219861122e-4,1,9
100191,10,5.257388661820844e-4,1,9
100191,15,0.00103130297151211,1,9
100191,9,0.00103637585133796,1,9
100191,18,0.00139800756704416,1,9
100191,3,2.3485632509801387e-5,1,9
100191,16,0.00112651154822659,1,9
100191,2,2.0542927361596885e-5,1,9
100191,5,4.2997450326629755e-5,1,9
100191,4,3.068760060012971e-5,1,9
100191,12,8.898052495735277e-4,1,9
100191,13,0.0011605458916473,1,9
100191,6,2.3291244597987144e-4,1,9
100208,8,7.395183011318522e-5,3,1
100208,17,7.821743879129881e-6,3,1
100208,11,2.353882729562413e-5,3,1
100208,7,9.51643938760144e-5,3,1
100208,10,2.301517783286378e-5,3,1
100208,15,6.543339262325743e-6,3,1
100208,9,5.278029404761028e-5,3,1
100208,18,4.4828460693124855e-6,3,1
100208,3,3.090214803921236e-7,3,1
100208,16,5.191297457265425e-6,3,1
100208,2,0,3,1
100208,5,1.5866310617604313e-4,3,1
100208,4,1.4595322236647056e-5,3,1
100208,12,1.6646690637901184e-5,3,1
100208,13,1.3828067874902529e-5,3,1
100208,6,1.6219004335440442e-4,3,1
100259,8,4.4111617962250834e-5,4,3
100259,17,6.044074815691271e-6,4,3
100259,11,2.7461965178228153e-5,4,3
100259,7,5.925987897041189e-5,4,3
100259,10,1.9404953859081225e-5,4,3
100259,15,9.087971197674644e-6,4,3
100259,9,3.314111486710413e-5,4,3
100259,18,5.7636592319731955e-6,4,3
100259,3,2.533976139215413e-5,4,3
100259,16,5.932911379731914e-6,4,3
100259,2,2.026532023508882e-5,4,3
100259,5,3.017364935202088e-5,4,3
100259,4,2.2828580934242835e-5,4,3
100259,12,1.783573996917984e-5,4,3
100259,13,1.1804448185892403e-5,4,3
100259,6,6.0978427152624915e-5,4,3
100261,8,2.5948010566029903e-5,6,4
100261,17,2.133202876126331e-6,6,4
100261,11,8.202924663626592e-6,6,4
100261,7,3.2070052148693495e-5,6,4
100261,10,1.2184505911516116e-5,6,4
100261,15,4.725745022790814e-6,6,4
100261,9,1.882088004798506e-5,6,4
100261,18,3.202032906651775e-6,6,4
100261,3,0,6,4
100261,16,2.224841767399468e-6,6,4
100261,2,0,6,4
100261,5,4.12373207810952e-5,6,4
100261,4,0,6,4
100261,12,3.963497770928853e-6,6,4
100261,13,2.698159585346835e-6,6,4
100261,6,4.1804797996387185e-5,6,4
100269,8,1.4660625969806896e-4,7,2
100269,17,3.1998043141894965e-6,7,2
100269,11,2.5678720686135417e-5,7,2
100269,7,2.056666387796648e-4,7,2
100269,10,4.106629770177654e-5,7,2
100269,15,8.360933501860672e-6,7,2
100269,9,1.022873915651362e-4,7,2
100269,18,0,7,2
100269,3,5.312079247940604e-4,7,2
100269,16,3.3372626510992015e-6,7,2
100269,2,5.371697897931078e-4,7,2
100269,5,9.11495657508964e-4,7,2
100269,4,6.096353826537963e-4,7,2
100269,12,1.030509420441502e-5,7,2
100269,13,3.372699481683544e-6,7,2
100269,6,4.2119119785833704e-4,7,2
100331,8,1.5136339496850776e-5,6,4
100331,17,7.110676253754437e-7,6,4
100331,11,3.209840085766927e-6,6,4
100331,7,2.3703951588164755e-5,6,4
100331,10,3.6102239737825536e-6,6,4
100331,15,0,6,4
100331,9,7.77384175895035e-6,6,4
100331,18,1.28081316266071e-6,6,4
100331,3,9.270644411763706e-6,6,4
100331,16,0,6,4
100331,2,6.662571036193584e-6,6,4
100331,5,1.1440842045974584e-4,6,4
100331,4,6.100096216855052e-5,6,4
100331,12,0,6,4
100331,13,0,6,4
100331,6,3.8032936523028945e-5,6,4
100830,8,0.07239840921396556,1,9
100830,17,0.07220465095112405,1,9
100830,11,0.07284090106630887,1,9
100830,7,0.0383840179592292,1,9
100830,10,0.05954613166757599,1,9
100830,15,0.06947826684391846,1,9
100830,9,0.07207046864809619,1,9
100830,18,0.0745471685063413,1,9
100830,3,3.67735561666627e-5,1,9
100830,16,0.06969650562643942,1,9
100830,2,2.3263477201375933e-4,1,9
100830,5,0.0014933441958471,1,9
100830,4,4.303748864652338e-5,1,9
100830,12,0.06763233326357578,1,9
100830,13,0.07229920970905745,1,9
100830,6,0.02102309856534105,1,9
100869,8,1.076842438490241e-4,3,1
100869,17,6.755142441066715e-6,3,1
100869,11,5.456728145803776e-5,3,1
100869,7,1.143367076605594e-4,3,1
100869,10,7.53634254527108e-5,3,1
100869,15,1.2359640828837516e-5,3,1
100869,9,9.124035327610147e-5,3,1
100869,18,8.005082266629437e-6,3,1
100869,3,1.8541288823527413e-6,3,1
100869,16,1.112420883699734e-5,3,1
100869,2,0,3,1
100869,5,6.86450522758475e-5,3,1
100869,4,3.742390317088989e-7,3,1
100869,12,4.637292391986759e-5,3,1
100869,13,3.575061450584556e-5,3,1
100869,6,1.1441313135853336e-4,3,1
100914,8,5.924795745910161e-5,6,4
100914,17,6.399608628378993e-6,6,4
100914,11,2.5678720686135417e-5,6,4
100914,7,7.912936780166764e-5,6,4
100914,10,2.6174123809923513e-5,6,4
100914,15,9.087971197674644e-6,6,4
100914,9,6.21907340716028e-5,6,4
100914,18,2.8818296159865978e-6,6,4
100914,3,2.5030739911762006e-5,6,4
100914,16,4.449683534798936e-6,6,4
100914,2,1.1659499313338773e-5,6,4
100914,5,9.077239513399617e-5,6,4
100914,4,2.7319449314749625e-5,6,4
100914,12,1.3872242198250988e-5,6,4
100914,13,8.769018652377213e-6,6,4
100914,6,1.0152593799122602e-4,6,4
100947,8,1.2974005283014951e-5,7,2
100947,17,7.110676253754437e-7,7,2
100947,11,1.7832444920927374e-6,7,2
100947,7,1.6732201121057476e-5,7,2
100947,10,1.3538339901684576e-6,7,2
100947,15,3.635188479069857e-7,7,2
100947,9,5.728093927647627e-6,7,2
100947,18,3.202032906651775e-7,7,2
100947,3,6.674863976469869e-5,7,2
100947,16,1.112420883699734e-6,7,2
100947,2,8.522538783797626e-5,7,2
100947,5,1.408103636427641e-5,7,2
100947,4,6.436911345393061e-5,7,2
100947,12,1.9817488854644267e-6,7,2
100947,13,2.698159585346835e-6,7,2
100947,6,2.1059559892916853e-5,7,2
101067,8,5.103108744652548e-5,6,4
101067,17,0,6,4
101067,11,1.2839360343067709e-5,6,4
101067,7,8.43581806519981e-5,6,4
101067,10,1.3538339901684576e-5,6,4
101067,15,2.1811130874419143e-6,6,4
101067,9,4.1324106192315025e-5,6,4
101067,18,1.921219743991065e-6,6,4
101067,3,8.343579970587336e-6,6,4
101067,16,7.416139224664892e-7,6,4
101067,2,2.77607126508066e-6,6,4
101067,5,2.8287796267519575e-4,6,4
101067,4,3.59269470440543e-5,6,4
101067,12,7.134295987671936e-6,6,4
101067,13,5.39631917069367e-6,6,4
101067,6,1.357870130408967e-4,6,4
101179,8,4.4111617962250834e-5,4,3
101179,17,1.0666014380631656e-6,4,3
101179,11,3.138510306083218e-5,4,3
101179,7,4.915084079310633e-5,4,3
101179,10,3.204073776732016e-5,4,3
101179,15,6.179820414418757e-6,4,3
101179,9,3.55960122646674e-5,4,3
101179,18,2.8818296159865978e-6,4,3
101179,3,0,4,3
101179,16,2.224841767399468e-6,4,3
101179,2,3.331285518096792e-6,4,3
101179,5,3.696272045622558e-5,4,3
101179,4,0,4,3
101179,12,2.061018840883004e-5,4,3
101179,13,1.4502607771239238e-5,4,3
101179,6,4.966284273255019e-5,4,3
101235,8,2.936449862389051e-4,1,9
101235,17,2.5633987894784746e-4,1,9
101235,11,2.7105316279809607e-4,1,9
101235,7,2.5551465461948e-4,1,9
101235,10,3.127356517289137e-4,1,9
101235,15,2.4828337312047123e-4,1,9
101235,9,2.794491537559521e-4,1,9
101235,18,2.0396949615371807e-4,1,9
101235,3,1.7676028678429467e-4,1,9
101235,16,2.9961202467646166e-4,1,9
101235,2,1.782237752181784e-4,1,9
101235,5,1.9260846169706663e-4,1,9
101235,4,1.631682178250799e-4,1,9
101235,12,3.024148799218715e-4,1,9
101235,13,2.822949466169126e-4,1,9
101235,6,2.1562474756031284e-4,1,9
101236,8,2.170983550691169e-4,7,2
101236,17,1.0594907618094112e-4,7,2
101236,11,1.433728571642561e-4,7,2
101236,7,2.5481747957277115e-4,7,2
101236,10,2.139057704466163e-4,7,2
101236,15,9.778657008697916e-5,7,2
101236,9,1.8043495872090024e-4,7,2
101236,18,8.197204241028544e-5,7,2
101236,3,0.00311061022162711,7,2
101236,16,1.3015324339286886e-4,7,2
101236,2,0.00297400514628091,7,2
101236,5,6.542652967829861e-4,7,2
101236,4,0.00282513045037047,7,2
101236,12,1.5536911262041105e-4,7,2
101236,13,1.2951166009664806e-4,7,2
101236,6,5.019718977460928e-4,7,2
