time,window,effector_j,target_i,strength
2,1,C1,C1,-0.031845980592892134
2,1,C2,C1,-0.06359546528994142
2,1,C3,C1,-0.055944471439037045
2,1,C4,C1,0.08344133930762533
2,1,C5,C1,-0.06290490907571436
2,1,C6,C1,-0.07978736335187045
2,1,C7,C1,-0.1035608484288316
2,1,C8,C1,-0.1205325495759488
2,1,Enterobacteriaceae,C1,-4.258086759176358e-5
2,1,Muribaculaceae,C1,0.007080114751706726
2,1,Paenibacillaceae,C1,-0.08456551949281021
2,1,Ruminococcaceae,C1,0.00835455785154849
2,1,C1,C2,-0.06189286639998504
2,1,C2,C2,-0.12359819241093646
2,1,C3,C2,-0.10872843706269562
2,1,C4,C2,0.16216877514380412
2,1,C5,C2,-0.12225609200413112
2,1,C6,C2,-0.1550672495682729
2,1,C7,C2,-0.20127116944564688
2,1,C8,C2,-0.23425577887272944
2,1,Enterobacteriaceae,C2,-8.27561877507611e-5
2,1,Muribaculaceae,C2,0.013760248177810974
2,1,Paenibacillaceae,C2,-0.1643536265038746
2,1,Ruminococcaceae,C2,0.01623713647091301
2,1,C1,C3,-0.05576766160460356
2,1,C2,C3,-0.11136634268590684
2,1,C3,C3,-0.09796816721533048
2,1,C4,C3,0.14611980186225304
2,1,C5,C3,-0.11015706275302369
2,1,C6,C3,-0.13972107615752855
2,1,C7,C3,-0.18135244207093906
2,1,C8,C3,-0.21107274173846263
2,1,Enterobacteriaceae,C3,-7.456625201919229e-5
2,1,Muribaculaceae,C3,0.012398470269842123
2,1,Paenibacillaceae,C3,-0.14808843020978094
2,1,Ruminococcaceae,C3,0.01463023422256401
2,1,C1,C4,0.08921565754419628
2,1,C2,C4,0.17816098443323108
2,1,C3,C4,0.15672693107494362
2,1,C4,C4,-0.23375866637184695
2,1,C5,C4,0.17622640978435852
2,1,C6,C4,0.22352215107308065
2,1,C7,C4,0.29012292968850245
2,1,C8,C4,0.3376686936842765
2,1,Enterobacteriaceae,C4,1.1928915455815596e-4
2,1,Muribaculaceae,C4,-0.01983475092623972
2,1,Paenibacillaceae,C4,0.23690802690501925
2,1,Ruminococcaceae,C4,-0.023405068970722354
2,1,C1,C5,-0.0595869256821877
2,1,C2,C5,-0.11899329816214467
2,1,C3,C5,-0.10467754485510196
2,1,C4,C5,0.15612685781939484
2,1,C5,C5,-0.11770120035104115
2,1,C6,C5,-0.14928991357505075
2,1,C7,C5,-0.19377241535750986
2,1,C8,C5,-0.22552811815346296
2,1,Enterobacteriaceae,C5,-7.967294287806591e-5
2,1,Muribaculaceae,C5,0.01324758301289273
2,1,Paenibacillaceae,C5,-0.15823030823608417
2,1,Ruminococcaceae,C5,0.01563218995111958
2,1,C1,C6,-0.07669412536105547
2,1,C2,C6,-0.15315586132179046
2,1,C3,C6,-0.13473010489622472
2,1,C4,C6,0.20095033715437574
2,1,C5,C6,-0.1514928067109173
2,1,C6,C6,-0.19215052993225193
2,1,C7,C6,-0.2494038036834954
2,1,C8,C6,-0.29027645860365486
2,1,Enterobacteriaceae,C6,-1.0254676842308031e-4
2,1,Muribaculaceae,C6,0.017050918145043687
2,1,Paenibacillaceae,C6,-0.20365768088962338
2,1,Ruminococcaceae,C6,0.020120137463936698
2,1,C1,C7,-0.10114171370813413
2,1,C2,C7,-0.2019769598467463
2,1,C3,C7,-0.17767767261350653
2,1,C4,C7,0.26500675735382295
2,1,C5,C7,-0.1997837776109223
2,1,C6,C7,-0.25340185830116657
2,1,C7,C7,-0.3289056103205117
2,1,C8,C7,-0.38280713593234555
2,1,Enterobacteriaceae,C7,-1.3523533705761764e-4
2,1,Muribaculaceae,C7,0.02248619530333092
2,1,Paenibacillaceae,C7,-0.26857711406225176
2,1,Ruminococcaceae,C7,0.02653378174098241
2,1,C1,C8,-0.11767528603554074
2,1,C2,C8,-0.23499400644072063
2,1,C3,C8,-0.20672253000635124
2,1,C4,C8,0.30832724530407357
2,1,C5,C8,-0.23244230608419506
2,1,C6,C8,-0.2948253007021097
2,1,C7,C8,-0.38267160357643426
2,1,C8,C8,-0.44538437767899985
2,1,Enterobacteriaceae,C8,-1.573421725509885e-4
2,1,Muribaculaceae,C8,0.026161999507011452
2,1,Paenibacillaceae,C8,-0.31248124597807525
2,1,Ruminococcaceae,C8,0.030871242353921104
2,1,C1,Enterobacteriaceae,-3.714191908358389e-5
2,1,C2,Enterobacteriaceae,-7.417129514953832e-5
2,1,C3,Enterobacteriaceae,-6.524795257290202e-5
2,1,C4,Enterobacteriaceae,9.731750805253608e-5
2,1,C5,Enterobacteriaceae,-7.336590047950536e-5
2,1,C6,Enterobacteriaceae,-9.305588141220898e-5
2,1,C7,Enterobacteriaceae,-1.207828611636304e-4
2,1,C8,Enterobacteriaceae,-1.4057693058718866e-4
2,1,Enterobacteriaceae,Enterobacteriaceae,-4.9662001582550525e-8
2,1,Muribaculaceae,Enterobacteriaceae,8.257527145170504e-6
2,1,Paenibacillaceae,Enterobacteriaceae,-9.862863770520015e-5
2,1,Ruminococcaceae,Enterobacteriaceae,9.743908208327962e-6
2,1,C1,Muribaculaceae,0.006147274480420008
2,1,C2,Muribaculaceae,0.012275922222176723
2,1,C3,Muribaculaceae,0.010799040104751446
2,1,C4,Muribaculaceae,-0.01610679923143321
2,1,C5,Muribaculaceae,0.012142623183680132
2,1,C6,Muribaculaceae,0.015401467107042804
2,1,C7,Muribaculaceae,0.019990496410064718
2,1,C8,Muribaculaceae,0.023266567782609437
2,1,Enterobacteriaceae,Muribaculaceae,8.21944483503875e-6
2,1,Muribaculaceae,Muribaculaceae,-0.0013666845209761322
2,1,Paenibacillaceae,Muribaculaceae,0.016323801315687555
2,1,Ruminococcaceae,Muribaculaceae,-0.0016126920672519488
2,1,C1,Paenibacillaceae,-0.08171154188472424
2,1,C2,Paenibacillaceae,-0.1631754911914191
2,1,C3,Paenibacillaceae,-0.14354430091657872
2,1,C4,Paenibacillaceae,0.21409673575177285
2,1,C5,Paenibacillaceae,-0.16140363766478705
2,1,C6,Paenibacillaceae,-0.2047212351769505
2,1,C7,Paenibacillaceae,-0.26572008292621874
2,1,C8,Paenibacillaceae,-0.3092666732123164
2,1,Enterobacteriaceae,Paenibacillaceae,-1.0925549412941799e-4
2,1,Muribaculaceae,Paenibacillaceae,0.018166408517245103
2,1,Paenibacillaceae,Paenibacillaceae,-0.21698119697976886
2,1,Ruminococcaceae,Paenibacillaceae,0.02143641963932878
2,1,C1,Ruminococcaceae,0.004816771364686387
2,1,C2,Ruminococcaceae,0.0096189475227171
2,1,C3,Ruminococcaceae,0.008461718654071339
2,1,C4,Ruminococcaceae,-0.012620677596523949
2,1,C5,Ruminococcaceae,0.009514499446807071
2,1,C6,Ruminococcaceae,0.012068006068649533
2,1,C7,Ruminococcaceae,0.015663795553714527
2,1,C8,Ruminococcaceae,0.018230800951993757
2,1,Enterobacteriaceae,Ruminococcaceae,6.440445540725071e-6
2,1,Muribaculaceae,Ruminococcaceae,-0.0010708822074182362
2,1,Paenibacillaceae,Ruminococcaceae,0.012790712207609379
2,1,Ruminococcaceae,Ruminococcaceae,-0.0012636443995364527
3,2,C1,C1,-0.05864013149046019
3,2,C2,C1,-0.14664555668376578
3,2,C3,C1,-0.10608224301545376
3,2,C4,C1,0.05345189863607478
3,2,C5,C1,-0.1734036499333681
3,2,C6,C1,-0.20059072693519192
3,2,C7,C1,-0.2326695982663788
3,2,C8,C1,-0.27152300336816454
3,2,Enterobacteriaceae,C1,-1.7278197614511908e-4
3,2,Muribaculaceae,C1,0.029223448905250356
3,2,Paenibacillaceae,C1,-0.20523749165241487
3,2,Ruminococcaceae,C1,0.07677040048264677
3,2,C1,C2,-0.08883231524847501
3,2,C2,C2,-0.21935686786507586
3,2,C3,C2,-0.16041107334029514
3,2,C4,C2,0.09044327210362259
3,2,C5,C2,-0.2572425697291237
3,2,C6,C2,-0.29879612688208207
3,2,C7,C2,-0.3484971205995199
3,2,C8,C2,-0.40663649495956394
3,2,Enterobacteriaceae,C2,-2.528222154065933e-4
3,2,Muribaculaceae,C2,0.04273984279839677
3,2,Paenibacillaceae,C2,-0.3062277936753279
3,2,Ruminococcaceae,C2,0.1104950302875765
3,2,C1,C3,-0.09865812949807985
3,2,C2,C3,-0.24179429841381836
3,2,C3,C3,-0.17796466697788021
3,2,C4,C3,0.10663946116611411
3,2,C5,C3,-0.28213828414434655
3,2,C6,C3,-0.32852912331445205
3,2,C7,C3,-0.3844504699322165
3,2,C8,C3,-0.44855085284229934
3,2,Enterobacteriaceae,C3,-2.7495453886829265e-4
3,2,Muribaculaceae,C3,0.04646698470573037
3,2,Paenibacillaceae,C3,-0.33703938760826657
3,2,Ruminococcaceae,C3,0.11892317117627015
3,2,C1,C4,0.24491919327950393
3,2,C2,C4,0.6069241526722807
3,2,C3,C4,0.44249052467744504
3,2,C4,C4,-0.24211562533280773
3,2,C5,C4,0.7134055068670028
3,2,C6,C4,0.8276906484138793
3,2,C7,C4,0.9638752356189696
3,2,C8,C4,1.1247207812297702
3,2,Enterobacteriaceae,C4,7.038793761360301e-4
3,2,Muribaculaceae,C4,-0.11900828598371563
3,2,Paenibacillaceae,C4,0.8478802610223495
3,2,Ruminococcaceae,C4,-0.3090842892092853
3,2,C1,C5,-0.06285266365832116
3,2,C2,C5,-0.1586400890960638
3,2,C3,C5,-0.11385448676678334
3,2,C4,C5,0.0523403325521569
3,2,C5,C5,-0.18870557189182338
3,2,C6,C5,-0.21765297162334005
3,2,C7,C5,-0.2514582599847862
3,2,C8,C5,-0.29347846671527433
3,2,Enterobacteriaceae,C5,-1.8985793461155618e-4
3,2,Muribaculaceae,C5,0.03212267083172018
3,2,Paenibacillaceae,C5,-0.22242838387900335
3,2,Ruminococcaceae,C5,0.08531895583121228
3,2,C1,C6,-0.09815930410445861
3,2,C2,C6,-0.2488961495708101
3,2,C3,C6,-0.17792932266751446
3,2,C4,C6,0.07786834600102513
3,2,C5,C6,-0.296934128763626
3,2,C6,C6,-0.3419915805811345
3,2,C7,C6,-0.3943343413711947
3,2,C8,C6,-0.46025273626335766
3,2,Enterobacteriaceae,C6,-3.0015657878488795e-4
3,2,Muribaculaceae,C6,0.05079290802357958
3,2,Paenibacillaceae,C6,-0.3492890185178257
3,2,Ruminococcaceae,C6,0.1356189143308887
3,2,C1,C7,-0.15109913381446705
3,2,C2,C7,-0.37576867102903266
3,2,C3,C7,-0.27312648563595526
3,2,C4,C7,0.14483803731574496
3,2,C5,C7,-0.4427284026727477
3,2,C6,C7,-0.5130584929377167
3,2,C7,C7,-0.5965464698050624
3,2,C8,C7,-0.6961214860598521
3,2,Enterobacteriaceae,C7,-4.385158601848503e-4
3,2,Muribaculaceae,C7,0.07415239348143245
3,2,Paenibacillaceae,C7,-0.5253264012945275
3,2,Ruminococcaceae,C7,0.19346113227417727
3,2,C1,C8,-0.17675774808071756
3,2,C2,C8,-0.4447085095723382
3,2,C3,C8,-0.32003961636019174
3,2,C4,C8,0.1520372446969
3,2,C5,C8,-0.5279055231752943
3,2,C6,C8,-0.6095014983348843
3,2,C7,C8,-0.7051359689552635
3,2,C8,C8,-0.8229400719481222
3,2,Enterobacteriaceae,C8,-5.293674313562908e-4
3,2,Muribaculaceae,C8,0.08955479430695287
3,2,Paenibacillaceae,C8,-0.623131842701918
3,2,Ruminococcaceae,C8,0.2369715987023141
3,2,C1,Enterobacteriaceae,8.863446271574267e-6
3,2,C2,Enterobacteriaceae,2.1164897423808297e-5
3,2,C3,Enterobacteriaceae,1.5930409052960654e-5
3,2,C4,Enterobacteriaceae,-1.1472599181398999e-5
3,2,C5,Enterobacteriaceae,2.42600770550768e-5
3,2,C6,Enterobacteriaceae,2.8501473860032427e-5
3,2,C7,Enterobacteriaceae,3.374633559085129e-5
3,2,C8,Enterobacteriaceae,3.936154929146373e-5
3,2,Enterobacteriaceae,Enterobacteriaceae,2.2919698339414502e-8
3,2,Muribaculaceae,Enterobacteriaceae,-3.868923758949315e-6
3,2,Paenibacillaceae,Enterobacteriaceae,2.9344436071888033e-5
3,2,Ruminococcaceae,Enterobacteriaceae,-9.524807069927911e-6
3,2,C1,Muribaculaceae,-0.0019839143151500036
3,2,C2,Muribaculaceae,-0.004963226980405461
3,2,C3,Muribaculaceae,-0.0035891754097885976
3,2,C4,Muribaculaceae,0.0018019046606176277
3,2,C5,Muribaculaceae,-0.005870320571539501
3,2,C6,Muribaculaceae,-0.006789862143701263
3,2,C7,Muribaculaceae,-0.00787439864687283
3,2,C8,Muribaculaceae,-0.009189379733625479
3,2,Enterobacteriaceae,Muribaculaceae,-5.851668713055984e-6
3,2,Muribaculaceae,Muribaculaceae,9.89735457404474e-4
3,2,Paenibacillaceae,Muribaculaceae,-0.006946803045704106
3,2,Ruminococcaceae,Muribaculaceae,0.002601268903638967
3,2,C1,Paenibacillaceae,-0.10964471762379922
3,2,C2,Paenibacillaceae,-0.2738136835658562
3,2,C3,Paenibacillaceae,-0.19831175224176312
3,2,C4,Paenibacillaceae,0.10124165256999688
3,2,C5,Paenibacillaceae,-0.32348261752764124
3,2,C6,Paenibacillaceae,-0.3743672497473793
3,2,C7,Paenibacillaceae,-0.4344995069070064
3,2,C8,Paenibacillaceae,-0.5070487319383704
3,2,Enterobacteriaceae,Paenibacillaceae,-3.218435087033294e-4
3,2,Muribaculaceae,Paenibacillaceae,0.05443203982986395
3,2,Paenibacillaceae,Paenibacillaceae,-0.3831094991753513
3,2,Ruminococcaceae,Paenibacillaceae,0.14274935374680484
3,2,C1,Ruminococcaceae,-0.042011753683269086
3,2,C2,Ruminococcaceae,-0.10646819807814263
3,2,C3,Ruminococcaceae,-0.07614692252031877
3,2,C4,Ruminococcaceae,0.033524924794665005
3,2,C5,Ruminococcaceae,-0.12697296070641823
3,2,C6,Ruminococcaceae,-0.14626504479337538
3,2,C7,Ruminococcaceae,-0.1686905875472133
3,2,C8,Ruminococcaceae,-0.19688837888227315
3,2,Enterobacteriaceae,Ruminococcaceae,-1.282795701525366e-4
3,2,Muribaculaceae,Ruminococcaceae,0.02170721863079393
3,2,Paenibacillaceae,Ruminococcaceae,-0.14939650450633285
3,2,Ruminococcaceae,Ruminococcaceae,0.05792323083388327
4,3,C1,C1,-0.03295038635159268
4,3,C2,C1,-0.21214473912940096
4,3,C3,C1,-0.1839767510617739
4,3,C4,C1,-0.05047433511696087
4,3,C5,C1,-0.18522490269265354
4,3,C6,C1,-0.145264529744254
4,3,C7,C1,-0.27031851265733386
4,3,C8,C1,-0.19419671116697215
4,3,Enterobacteriaceae,C1,-2.7429705861916834e-4
4,3,Muribaculaceae,C1,0.05096387236357686
4,3,Paenibacillaceae,C1,-0.23001887018683806
4,3,Ruminococcaceae,C1,0.20760208650890988
4,3,C1,C2,-0.060573009562319216
4,3,C2,C2,-0.014520627087649009
4,3,C3,C2,0.011385378511223924
4,3,C4,C2,0.17365801831371497
4,3,C5,C2,-0.07108890079257639
4,3,C6,C2,-0.1539342257493272
4,3,C7,C2,-0.08883091281701956
4,3,C8,C2,-0.22014315899262915
4,3,Enterobacteriaceae,C2,3.066709705399188e-5
4,3,Muribaculaceae,C2,-0.009678038529032353
4,3,Paenibacillaceae,C2,-0.0813640950117628
4,3,Ruminococcaceae,C2,-0.10409286857327589
4,3,C1,C3,-0.0785288102798906
4,3,C2,C3,0.18997703956445997
4,3,C3,C3,0.21957993328003267
4,3,C4,C3,0.3395703580946215
4,3,C5,C3,0.042171621266082156
4,3,C6,C3,-0.15573146972713112
4,3,C7,C3,0.10758417430113848
4,3,C8,C3,-0.22582356941410908
4,3,Enterobacteriaceae,C3,3.149622987424625e-4
4,3,Muribaculaceae,C3,-0.0666003433359625
4,3,Paenibacillaceae,C3,0.07477297619883679
4,3,Ruminococcaceae,C3,-0.3952040813112765
4,3,C1,C4,0.16419486839699218
4,3,C2,C4,0.3123140982989817
4,3,C3,C4,0.20660602938441394
4,3,C4,C4,-0.22297974081458768
4,3,C5,C4,0.41337174883175165
4,3,C6,C4,0.5300414951438086
4,3,C7,C4,0.5441993792218439
4,3,C8,C4,0.7227062225148563
4,3,Enterobacteriaceae,C4,3.414079192060183e-4
4,3,Muribaculaceae,C4,-0.054403822699885675
4,3,Paenibacillaceae,C4,0.48425517467536977
4,3,Ruminococcaceae,C4,-0.08675366360765642
4,3,C1,C5,-0.025563141106323368
4,3,C2,C5,-0.38175467962850446
4,3,C3,C5,-0.35603968707711064
4,3,C4,C5,-0.1572717220106508
4,3,C5,C5,-0.2829999262062407
4,3,C6,C5,-0.1577749847607194
4,3,C7,C5,-0.4412776084768682
4,3,C8,C5,-0.21217957352410932
4,3,Enterobacteriaceae,C5,-4.984377208682759e-4
4,3,Muribaculaceae,C5,0.09566585011846317
4,3,Paenibacillaceae,C5,-0.3656717647042584
4,3,Ruminococcaceae,C5,0.43147998137812504
4,3,C1,C6,-0.03437348244443245
4,3,C2,C6,-0.7403341828876141
4,3,C3,C6,-0.6939824535959767
4,3,C4,C6,-0.36002148373152415
4,3,C5,C6,-0.537662080126595
4,3,C6,C6,-0.27344622038067606
4,3,C7,C6,-0.8385381426429144
4,3,C8,C6,-0.36190102788847545
4,3,Enterobacteriaceae,C6,-9.85351059976451e-4
4,3,Muribaculaceae,C6,0.18985656713795107
4,3,Paenibacillaceae,C6,-0.6945734232415142
4,3,Ruminococcaceae,C6,0.8701932807691919
4,3,C1,C7,-0.08950863243650224
4,3,C2,C7,-0.3292950686027847
4,3,C3,C7,-0.27731604582297886
4,3,C4,C7,0.0625303979695577
4,3,C5,C7,-0.3147451779328808
4,3,C6,C7,-0.3064309931572331
4,3,C7,C7,-0.46282237164584483
4,3,C8,C7,-0.42556873914446375
4,3,Enterobacteriaceae,C7,-3.771629132316407e-4
4,3,Muribaculaceae,C7,0.0679689862609783
4,3,Paenibacillaceae,C7,-0.3932381987217061
4,3,Ruminococcaceae,C7,0.23729629056771367
4,3,C1,C8,-0.07973104331847294
4,3,C2,C8,-0.9589545555620115
4,3,C3,C8,-0.8817215099183641
4,3,C4,C8,-0.3682215727331821
4,3,C5,C8,-0.7357420003553553
4,3,C6,C8,-0.44610332927168805
4,3,C7,C8,-1.129713414890201
4,3,C8,C8,-0.5979648453225423
4,3,Enterobacteriaceae,C8,-0.0012522909281570823
4,3,Muribaculaceae,C8,0.23886804078833762
4,3,Paenibacillaceae,C8,-0.9418154558946286
4,3,Ruminococcaceae,C8,1.0583167653367378
4,3,C1,Enterobacteriaceae,1.432587992689533e-5
4,3,C2,Enterobacteriaceae,-6.603856918370449e-5
4,3,C3,Enterobacteriaceae,-8.237228562398122e-5
4,3,C4,Enterobacteriaceae,-4.1760596765866764e-5
4,3,C5,Enterobacteriaceae,-1.0718931575601527e-5
4,3,C6,Enterobacteriaceae,4.2948726150507084e-5
4,3,C7,Enterobacteriaceae,-4.8448473795100234e-5
4,3,C8,Enterobacteriaceae,5.0555806450324536e-5
4,3,Enterobacteriaceae,Enterobacteriaceae,-7.414722270652022e-8
4,3,Muribaculaceae,Enterobacteriaceae,1.6473602539263417e-5
4,3,Paenibacillaceae,Enterobacteriaceae,-3.0043016989139923e-5
4,3,Ruminococcaceae,Enterobacteriaceae,1.0027876073518644e-4
4,3,C1,Muribaculaceae,-0.001524521235038621
4,3,C2,Muribaculaceae,-0.012015800747267366
4,3,C3,Muribaculaceae,-0.009117319913896919
4,3,C4,Muribaculaceae,-0.008576808500885689
4,3,C5,Muribaculaceae,-0.012297336247913319
4,3,C6,Muribaculaceae,-0.010028551436543137
4,3,C7,Muribaculaceae,-0.015481321607184174
4,3,C8,Muribaculaceae,-0.012079443621234708
4,3,Enterobacteriaceae,Muribaculaceae,-1.8914336972641162e-5
4,3,Muribaculaceae,Muribaculaceae,0.0034394312746654286
4,3,Paenibacillaceae,Muribaculaceae,-0.013981660960158127
4,3,Ruminococcaceae,Muribaculaceae,0.013820320301075596
4,3,C1,Paenibacillaceae,-0.05807372240181183
4,3,C2,Paenibacillaceae,-0.366293364812235
4,3,C3,Paenibacillaceae,-0.3288587866365521
4,3,C4,Paenibacillaceae,-0.04567719449435783
4,3,C5,Paenibacillaceae,-0.30360214491131177
4,3,C6,Paenibacillaceae,-0.23232254609991834
4,3,C7,Paenibacillaceae,-0.46344393687601904
4,3,C8,Paenibacillaceae,-0.3209340415345473
4,3,Enterobacteriaceae,Paenibacillaceae,-4.476030044345445e-4
4,3,Muribaculaceae,Paenibacillaceae,0.08387769561796338
4,3,Paenibacillaceae,Paenibacillaceae,-0.38765193957991245
4,3,Ruminococcaceae,Paenibacillaceae,0.3449758374945805
4,3,C1,Ruminococcaceae,-0.01843720634803922
4,3,C2,Ruminococcaceae,-0.3263185854167005
4,3,C3,Ruminococcaceae,-0.29409417395696014
4,3,C4,Ruminococcaceae,-0.18256087585677605
4,3,C5,Ruminococcaceae,-0.2558205418932135
4,3,C6,Ruminococcaceae,-0.14777302759478914
4,3,C7,Ruminococcaceae,-0.37778281851842743
4,3,C8,Ruminococcaceae,-0.18775586590629886
4,3,Enterobacteriaceae,Ruminococcaceae,-4.538706847221276e-4
4,3,Muribaculaceae,Ruminococcaceae,0.08638259871728687
4,3,Paenibacillaceae,Ruminococcaceae,-0.31952560878089853
4,3,Ruminococcaceae,Ruminococcaceae,0.3867896563838641
5,4,C1,C1,0.07177448069613859
5,4,C2,C1,0.28203178831214604
5,4,C3,C1,0.4597003302348253
5,4,C4,C1,0.09632174220053016
5,4,C5,C1,0.15510217105401164
5,4,C6,C1,-0.1398302467981481
5,4,C7,C1,0.1366865076588072
5,4,C8,C1,-0.25662223112778343
5,4,Enterobacteriaceae,C1,2.17789786223699e-4
5,4,Muribaculaceae,C1,-0.08553991625847858
5,4,Paenibacillaceae,C1,0.02574482285310846
5,4,Ruminococcaceae,C1,-0.38795256557626917
5,4,C1,C2,-0.10827050529689201
5,4,C2,C2,-0.20761200551258785
5,4,C3,C2,-0.2609639154938069
5,4,C4,C2,0.06188109306884676
5,4,C5,C2,-0.21464561089935388
5,4,C6,C2,-0.13185284512461504
5,4,C7,C2,-0.21703792580621903
5,4,C8,C2,-0.13687863746422713
5,4,Enterobacteriaceae,C2,-1.6990562780934312e-4
5,4,Muribaculaceae,C2,0.051984209246414864
5,4,Paenibacillaceae,C2,-0.14890000928685798
5,4,Ruminococcaceae,C2,0.16096135065267442
5,4,C1,C3,-0.11365120276273691
5,4,C2,C3,-0.0061721081296902585
5,4,C3,C3,-0.03952763567396021
5,4,C4,C3,0.1992454317147693
5,4,C5,C3,-0.10187862549724573
5,4,C6,C3,-0.14121806028580206
5,4,C7,C3,-0.03305016802166747
5,4,C8,C3,-0.15700047939056253
5,4,Enterobacteriaceae,C3,8.828861895757471e-5
5,4,Muribaculaceae,C3,-0.0036465944654206954
5,4,Paenibacillaceae,C3,-0.010750319127531174
5,4,Ruminococcaceae,C3,-0.11700864190123872
5,4,C1,C4,0.17306618295059678
5,4,C2,C4,0.4444564298841689
5,4,C3,C4,0.44203718426631927
5,4,C4,C4,-0.09956632222398466
5,4,C5,C4,0.4555762288452751
5,4,C6,C4,0.3858675433192714
5,4,C7,C4,0.5675877957087251
5,4,C8,C4,0.4884874205970136
5,4,Enterobacteriaceae,C4,4.5827918909007153e-4
5,4,Muribaculaceae,C4,-0.1009027875300922
5,4,Paenibacillaceae,C4,0.45512290533319527
5,4,Ruminococcaceae,C4,-0.32524286717888784
5,4,C1,C5,0.09450500688788707
5,4,C2,C5,0.29668223271766964
5,4,C3,C5,0.5210226654121789
5,4,C4,C5,0.05480169060115784
5,4,C5,C5,0.15541193648919674
5,4,C6,C5,-0.1806378508169317
5,4,C7,C5,0.11775262472059342
5,4,C8,C5,-0.32169334858434645
5,4,Enterobacteriaceae,C5,1.8345058712334304e-4
5,4,Muribaculaceae,C5,-0.08915514169848585
5,4,Paenibacillaceae,C5,-0.012359546084062952
5,4,Ruminococcaceae,C5,-0.39800037050906856
5,4,C1,C6,0.11472488012002134
5,4,C2,C6,0.1076409420667583
5,4,C3,C6,0.3761821030507362
5,4,C4,C6,-0.06877566550129957
5,4,C5,C6,0.03264370831799998
5,4,C6,C6,-0.2569005785966117
5,4,C7,C6,-0.11813337047473134
5,4,C8,C6,-0.4414562873652736
5,4,Enterobacteriaceae,C6,-1.0227443978096063e-4
5,4,Muribaculaceae,C6,-0.042808487660618996
5,4,Paenibacillaceae,C6,-0.22204572564258931
5,4,Ruminococcaceae,C6,-0.1653560300347625
5,4,C1,C7,-0.13963727511730692
5,4,C2,C7,-0.48066375133298145
5,4,C3,C7,-0.5286840520637309
5,4,C4,C7,-0.03309870262727174
5,4,C5,C7,-0.4237937286418445
5,4,C6,C7,-0.2444924890580256
5,4,C7,C7,-0.525062901136593
5,4,C8,C7,-0.2812103105797525
5,4,Enterobacteriaceae,C7,-5.108131244168417e-4
5,4,Muribaculaceae,C7,0.12092218014682904
5,4,Paenibacillaceae,C7,-0.3982739645235175
5,4,Ruminococcaceae,C7,0.4626109664317277
5,4,C1,C8,0.027019875778458703
5,4,C2,C8,-0.29062256785975443
5,4,C3,C8,-0.08340640783526732
5,4,C4,C8,-0.14747940656072628
5,4,C5,C8,-0.2752193261307217
5,4,C6,C8,-0.371971129072864
5,4,C7,C8,-0.5156172269981402
5,4,C8,C8,-0.5596107317593934
5,4,Enterobacteriaceae,C8,-5.272745900136209e-4
5,4,Muribaculaceae,C8,0.060256536798690766
5,4,Paenibacillaceae,C8,-0.511397877010931
5,4,Ruminococcaceae,C8,0.2646753053030047
5,4,C1,Enterobacteriaceae,-3.0674955330330805e-5
5,4,C2,Enterobacteriaceae,-1.5020125333276634e-4
5,4,C3,Enterobacteriaceae,-2.007346877024311e-4
5,4,C4,Enterobacteriaceae,-6.882313897955364e-5
5,4,C5,Enterobacteriaceae,-1.0457472256730321e-4
5,4,C6,Enterobacteriaceae,9.109805329089926e-6
5,4,C7,Enterobacteriaceae,-1.1351731881978594e-4
5,4,C8,Enterobacteriaceae,4.1085721806390907e-5
5,4,Enterobacteriaceae,Enterobacteriaceae,-1.558627000157066e-7
5,4,Muribaculaceae,Enterobacteriaceae,4.437903440764151e-5
5,4,Paenibacillaceae,Enterobacteriaceae,-6.789210823326193e-5
5,4,Ruminococcaceae,Enterobacteriaceae,1.950964916312746e-4
5,4,C1,Muribaculaceae,-0.008972187261526711
5,4,C2,Muribaculaceae,-0.06187716261468931
5,4,C3,Muribaculaceae,-0.07812740719065783
5,4,C4,Muribaculaceae,-0.021123342428595197
5,4,C5,Muribaculaceae,-0.03867261814178637
5,4,C6,Muribaculaceae,0.002262875355269454
5,4,C7,Muribaculaceae,-0.052191047614921195
5,4,C8,Muribaculaceae,0.008886123829723584
5,4,Enterobacteriaceae,Muribaculaceae,-6.409888517049287e-5
5,4,Muribaculaceae,Muribaculaceae,0.01668350762397524
5,4,Paenibacillaceae,Muribaculaceae,-0.03402446403637463
5,4,Ruminococcaceae,Muribaculaceae,0.0763721113351444
5,4,C1,Paenibacillaceae,-0.09498279950285318
5,4,C2,Paenibacillaceae,-0.4423519415765629
5,4,C3,Paenibacillaceae,-0.47688522391421784
5,4,C4,Paenibacillaceae,-0.09102109558257102
5,4,C5,Paenibacillaceae,-0.3611967447122937
5,4,C6,Paenibacillaceae,-0.18336135927599106
5,4,C7,Paenibacillaceae,-0.47503036775807345
5,4,C8,Paenibacillaceae,-0.21221914314709556
5,4,Enterobacteriaceae,Paenibacillaceae,-4.987150524841799e-4
5,4,Muribaculaceae,Paenibacillaceae,0.11293307222706589
5,4,Paenibacillaceae,Paenibacillaceae,-0.3645535830877392
5,4,Ruminococcaceae,Paenibacillaceae,0.46298990130254347
5,4,C1,Ruminococcaceae,0.07054606024651223
5,4,C2,Ruminococcaceae,0.03533372451108173
5,4,C3,Ruminococcaceae,0.16123643740807403
5,4,C4,Ruminococcaceae,-0.04260885156800075
5,4,C5,Ruminococcaceae,0.03057558524632006
5,4,C6,Ruminococcaceae,-0.09324968221905647
5,4,C7,Ruminococcaceae,-0.06762957398389104
5,4,C8,Ruminococcaceae,-0.18335679012288733
5,4,Enterobacteriaceae,Ruminococcaceae,-6.630405787832639e-5
5,4,Muribaculaceae,Ruminococcaceae,-0.01836614028633451
5,4,Paenibacillaceae,Ruminococcaceae,-0.11282509713261663
5,4,Ruminococcaceae,Ruminococcaceae,-0.05014032617033774
6,5,C1,C1,0.22900878615460563
6,5,C2,C1,0.36544405175103
6,5,C3,C1,0.5682454359641619
6,5,C4,C1,0.20100288116549692
6,5,C5,C1,0.3638115325998604
6,5,C6,C1,0.04507530777747411
6,5,C7,C1,0.2132652460286703
6,5,C8,C1,-0.11752888450239604
6,5,Enterobacteriaceae,C1,3.332213378766084e-4
6,5,Muribaculaceae,C1,-0.13611903715934492
6,5,Paenibacillaceae,C1,0.0955051648777947
6,5,Ruminococcaceae,C1,-0.41888182459058465
6,5,C1,C2,-0.3314483555188463
6,5,C2,C2,-0.34923842136500705
6,5,C3,C2,-0.4715940202570941
6,5,C4,C2,-0.13430284785963978
6,5,C5,C2,-0.4852991825668378
6,5,C6,C2,-0.3169785441479834
6,5,C7,C2,-0.3076984032911191
6,5,C8,C2,-0.22775110993594658
6,5,Enterobacteriaceae,C2,-3.466375488116221e-4
6,5,Muribaculaceae,C2,0.13467467129507413
6,5,Paenibacillaceae,C2,-0.22113527522660723
6,5,Ruminococcaceae,C2,0.25216093738694617
6,5,C1,C3,-0.3981675258982173
6,5,C2,C3,-0.23611588879384557
6,5,C3,C3,-0.36305912425434383
6,5,C4,C3,-0.07156579041815038
6,5,C5,C3,-0.4762080766810725
6,5,C6,C3,-0.37864656509199
6,5,C7,C3,-0.1959168705468223
6,5,C8,C3,-0.27411614185862127
6,5,Enterobacteriaceae,C3,-1.9531151513083273e-4
6,5,Muribaculaceae,C3,0.11422877433212211
6,5,Paenibacillaceae,C3,-0.13739811372543723
6,5,Ruminococcaceae,C3,0.06320872436308346
6,5,C1,C4,0.4183037958033236
6,5,C2,C4,0.5765947097867965
6,5,C3,C4,0.6716161581456916
6,5,C4,C4,0.12629622599963417
6,5,C5,C4,0.7428746625385328
6,5,C6,C4,0.557661350762062
6,5,C7,C4,0.6163100853677304
6,5,C8,C4,0.5282587655919722
6,5,Enterobacteriaceae,C4,6.186413325215799e-4
6,5,Muribaculaceae,C4,-0.1897625499972258
6,5,Paenibacillaceae,C4,0.4828149416949543
6,5,Ruminococcaceae,C4,-0.424606412115846
6,5,C1,C5,-0.23929914931979224
6,5,C2,C5,5.275413432783162e-5
6,5,C3,C5,0.0760995687228488
6,5,C4,C5,-0.1917065797569407
6,5,C5,C5,-0.27977434744221213
6,5,C6,C5,-0.4157587496298677
6,5,C7,C5,-0.0794480772113397
6,5,C8,C5,-0.4084298471745031
6,5,Enterobacteriaceae,C5,-1.2521542741109482e-4
6,5,Muribaculaceae,C5,0.048710015930164025
6,5,Paenibacillaceae,C5,-0.14146833258720787
6,5,Ruminococcaceae,C5,-0.1574336539051413
6,5,C1,C6,0.0029361786379879765
6,5,C2,C6,0.02415556019619607
6,5,C3,C6,0.21125347707632455
6,5,C4,C6,-0.12258228354674157
6,5,C5,C6,-0.07937843843810148
6,5,C6,C6,-0.27778030862136627
6,5,C7,C6,-0.1387171289634164
6,5,C8,C6,-0.39279473286172595
6,5,Enterobacteriaceae,C6,-1.5291535814884426e-4
6,5,Muribaculaceae,C6,-0.0015093116934241134
6,5,Paenibacillaceae,C6,-0.21247588006034593
6,5,Ruminococcaceae,C6,-0.09611826808020625
6,5,C1,C7,-0.3764362715796284
6,5,C2,C7,-0.5817577594594754
6,5,C3,C7,-0.7064690527248516
6,5,C4,C7,-0.22482178343986808
6,5,C5,C7,-0.6777206142592523
6,5,C6,C7,-0.4240509637425005
6,5,C7,C7,-0.5640196255166527
6,5,C8,C7,-0.35237553892638374
6,5,Enterobacteriaceae,C7,-6.353978296750481e-4
6,5,Muribaculaceae,C7,0.1971980141274274
6,5,Paenibacillaceae,C7,-0.428038406043728
6,5,Ruminococcaceae,C7,0.5027076629034632
6,5,C1,C8,-0.06955116695953016
6,5,C2,C8,-0.2956084864438138
6,5,C3,C8,-0.15853844952059654
6,5,C4,C8,-0.18695683387586667
6,5,C5,C8,-0.32912557531385794
6,5,C6,C8,-0.37218131162994755
6,5,C7,C8,-0.4571887524109131
6,5,C8,C8,-0.4883558101857913
6,5,Enterobacteriaceae,C8,-4.942401096316118e-4
6,5,Muribaculaceae,C8,0.0817112889806084
6,5,Paenibacillaceae,C8,-0.4440961009799408
6,5,Ruminococcaceae,C8,0.24898585784008198
6,5,C1,Enterobacteriaceae,-2.3936192704054305e-4
6,5,C2,Enterobacteriaceae,-0.00027980759997266657
6,5,C3,Enterobacteriaceae,-3.8959848941176237e-4
6,5,C4,Enterobacteriaceae,-2.159892100944892e-4
6,5,C5,Enterobacteriaceae,-3.571708338300905e-4
6,5,C6,Enterobacteriaceae,-1.7792894609555479e-4
6,5,C7,Enterobacteriaceae,-2.0780621523638454e-4
6,5,C8,Enterobacteriaceae,-7.113212373830427e-5
6,5,Enterobacteriaceae,Enterobacteriaceae,-3.0835943390306063e-7
6,5,Muribaculaceae,Enterobacteriaceae,1.1686797508320814e-4
6,5,Paenibacillaceae,Enterobacteriaceae,-1.4371675433888444e-4
6,5,Ruminococcaceae,Enterobacteriaceae,2.6209153295837404e-4
6,5,C1,Muribaculaceae,0.0017017221048988502
6,5,C2,Muribaculaceae,-0.045040383964308296
6,5,C3,Muribaculaceae,-0.05618349474975776
6,5,C4,Muribaculaceae,-0.00932950206505122
6,5,C5,Muribaculaceae,-0.02347402121931665
6,5,C6,Muribaculaceae,0.007877299341536909
6,5,C7,Muribaculaceae,-0.038670171007668834
6,5,C8,Muribaculaceae,0.010657645308350932
6,5,Enterobacteriaceae,Muribaculaceae,-4.5760031585333e-5
6,5,Muribaculaceae,Muribaculaceae,0.010449992302233676
6,5,Paenibacillaceae,Muribaculaceae,-0.024005420361423203
6,5,Ruminococcaceae,Muribaculaceae,0.0609846167593245
6,5,C1,Paenibacillaceae,-0.17489847357822194
6,5,C2,Paenibacillaceae,-0.423520081727944
6,5,C3,Paenibacillaceae,-0.481980884236954
6,5,C4,Paenibacillaceae,-0.1478456604547776
6,5,C5,Paenibacillaceae,-0.40972686114154305
6,5,C6,Paenibacillaceae,-0.22981261107416318
6,5,C7,Paenibacillaceae,-0.43021363403467533
6,5,C8,Paenibacillaceae,-0.21613084158550996
6,5,Enterobacteriaceae,Paenibacillaceae,-4.795536325813295e-4
6,5,Muribaculaceae,Paenibacillaceae,0.12698573200819024
6,5,Paenibacillaceae,Paenibacillaceae,-0.33091719809359343
6,5,Ruminococcaceae,Paenibacillaceae,0.4128534527788893
6,5,C1,Ruminococcaceae,0.5831487550968992
6,5,C2,Ruminococcaceae,0.4380978532815476
6,5,C3,Ruminococcaceae,0.7165404516284861
6,5,C4,Ruminococcaceae,0.3552536311255313
6,5,C5,Ruminococcaceae,0.7243204363681007
6,5,C6,Ruminococcaceae,0.390828584500927
6,5,C7,Ruminococcaceae,0.24818481941146445
6,5,C8,Ruminococcaceae,0.11354903808740202
6,5,Enterobacteriaceae,Ruminococcaceae,4.1573195519193593e-4
6,5,Muribaculaceae,Ruminococcaceae,-0.2183124747038107
6,5,Paenibacillaceae,Ruminococcaceae,0.13446845593217024
6,5,Ruminococcaceae,Ruminococcaceae,-0.3346376952839217
7,6,C1,C1,0.07286703700793767
7,6,C2,C1,0.25380893792895726
7,6,C3,C1,0.40399129601667416
7,6,C4,C1,0.07099204251909827
7,6,C5,C1,0.21736928047924492
7,6,C6,C1,-0.034476224839972106
7,6,C7,C1,0.14856913976590297
7,6,C8,C1,-0.13830518030093233
7,6,Enterobacteriaceae,C1,2.023835705752107e-4
7,6,Muribaculaceae,C1,-0.07508142085011792
7,6,Paenibacillaceae,C1,0.03574350423787487
7,6,Ruminococcaceae,C1,-0.31543623086723754
7,6,C1,C2,-0.46232105652483996
7,6,C2,C2,-0.36986746401540593
7,6,C3,C2,-0.5011876325344653
7,6,C4,C2,-0.264983771007436
7,6,C5,C2,-0.5394384646769715
7,6,C6,C2,-0.3788808124308132
7,6,C7,C2,-0.30211367835106895
7,6,C8,C2,-0.2548443605412094
7,6,Enterobacteriaceae,C2,-4.056777184597946e-4
7,6,Muribaculaceae,C2,0.1722826407775559
7,6,Paenibacillaceae,C2,-0.25272789838424436
7,6,Ruminococcaceae,C2,0.25638156518970207
7,6,C1,C3,-0.5870140936176913
7,6,C2,C3,-0.30564399142074405
7,6,C3,C3,-0.4519415239209997
7,6,C4,C3,-0.26984580727339735
7,6,C5,C3,-0.5827397834132391
7,6,C6,C3,-0.4731888022993944
7,6,C7,C3,-0.22681020816053957
7,6,C8,C3,-0.3179034939532363
7,6,Enterobacteriaceae,C3,-3.234254938002483e-4
7,6,Muribaculaceae,C3,0.17766099630767798
7,6,Paenibacillaceae,C3,-0.2086608919644465
7,6,Ruminococcaceae,C3,0.1155616559458618
7,6,C1,C4,0.25440529525654226
7,6,C2,C4,0.4392908187972015
7,6,C3,C4,0.5035534126771715
7,6,C4,C4,0.02868976956787877
7,6,C5,C4,0.549379964687873
7,6,C6,C4,0.4058364883381121
7,6,C7,C4,0.4888938951370308
7,6,C8,C4,0.40621213331673267
7,6,Enterobacteriaceae,C4,4.550806769232359e-4
7,6,Muribaculaceae,C4,-0.12753447638047286
7,6,Paenibacillaceae,C4,0.3665656052466643
7,6,Ruminococcaceae,C4,-0.3284019504056026
7,6,C1,C5,-0.46139432191833274
7,6,C2,C5,-0.11215706926601964
7,6,C3,C5,-0.09082740827316962
7,6,C4,C5,-0.3747732315046948
7,6,C5,C5,-0.42411705591335547
7,6,C6,C5,-0.5078449922811236
7,6,C7,C5,-0.13157672791753874
7,6,C8,C5,-0.43161133474901403
7,6,Enterobacteriaceae,C5,-2.6924798265047213e-4
7,6,Muribaculaceae,C5,0.12529673220058077
7,6,Paenibacillaceae,C5,-0.21440546238488883
7,6,Ruminococcaceae,C5,-0.06573820701200431
7,6,C1,C6,-0.20631414263898062
7,6,C2,C6,-0.06911459853631217
7,6,C3,C6,0.05302691389488892
7,6,C4,C6,-0.27312875308665524
7,6,C5,C6,-0.218335132730603
7,6,C6,C6,-0.35989502702939624
7,6,C7,C6,-0.16734050189994956
7,6,C8,C6,-0.3996637843863368
7,6,Enterobacteriaceae,C6,-2.5833830769722625e-4
7,6,Muribaculaceae,C6,0.06617768350955969
7,6,Paenibacillaceae,C6,-0.2534884780418923
7,6,Ruminococcaceae,C6,-0.02816396034383674
7,6,C1,C7,-0.5470930067982939
7,6,C2,C7,-0.5833884272599624
7,6,C3,C7,-0.7243796999279373
7,6,C4,C7,-0.3791993403046195
7,6,C5,C7,-0.7341898688668136
7,6,C6,C7,-0.49740956386368157
7,6,C7,C7,-0.5271127443096343
7,6,C8,C7,-0.37524390311222755
7,6,Enterobacteriaceae,C7,-6.751210661344012e-4
7,6,Muribaculaceae,C7,0.23949746283005596
7,6,Paenibacillaceae,C7,-0.44194953128951353
7,6,Ruminococcaceae,C7,0.4749166837321291
7,6,C1,C8,-0.25027715509394677
7,6,C2,C8,-0.32772396027704404
7,6,C3,C8,-0.24452368781121703
7,6,C4,C8,-0.3132487117055796
7,6,C5,C8,-0.41385384404500675
7,6,C6,C8,-0.4282119836905075
7,6,C7,C8,-0.427741949335979
7,6,C8,C8,-0.47328676618635956
7,6,Enterobacteriaceae,C8,-5.316210009403397e-4
7,6,Muribaculaceae,C8,0.13005108595219236
7,6,Paenibacillaceae,C8,-0.43987316192322684
7,6,Ruminococcaceae,C8,0.2545947906337084
7,6,C1,Enterobacteriaceae,-2.93814148712533e-4
7,6,C2,Enterobacteriaceae,-2.7211323504457705e-4
7,6,C3,Enterobacteriaceae,-3.775381203169083e-4
7,6,C4,Enterobacteriaceae,-2.5666097469553893e-4
7,6,C5,Enterobacteriaceae,-3.6422235600292786e-4
7,6,C6,Enterobacteriaceae,-2.0515803104427193e-4
7,6,C7,Enterobacteriaceae,-1.9479068773346734e-4
7,6,C8,Enterobacteriaceae,-9.132670641595523e-5
7,6,Enterobacteriaceae,Enterobacteriaceae,-3.1697753989406894e-7
7,6,Muribaculaceae,Enterobacteriaceae,1.2789126445860254e-4
7,6,Paenibacillaceae,Enterobacteriaceae,-1.5499343863097526e-4
7,6,Ruminococcaceae,Enterobacteriaceae,2.4810492402223614e-4
7,6,C1,Muribaculaceae,0.04224301966766061
7,6,C2,Muribaculaceae,-0.020106692475243965
7,6,C3,Muribaculaceae,-0.023005668595938934
7,6,C4,Muribaculaceae,0.025644466388658794
7,6,C5,Muribaculaceae,0.010019663445201063
7,6,C6,Muribaculaceae,0.03157684920466526
7,6,C7,Muribaculaceae,-0.02217059328193086
7,6,C8,Muribaculaceae,0.023021449290345122
7,6,Enterobacteriaceae,Muribaculaceae,-1.2134202981878348e-5
7,6,Muribaculaceae,Muribaculaceae,-0.00453266845146244
7,6,Paenibacillaceae,Muribaculaceae,-0.004776620789991556
7,6,Ruminococcaceae,Muribaculaceae,0.039401878055086915
7,6,C1,Paenibacillaceae,-0.23541955863460473
7,6,C2,Paenibacillaceae,-0.3900096435010611
7,6,C3,Paenibacillaceae,-0.4526684143249676
7,6,C4,Paenibacillaceae,-0.19658540429707638
7,6,C5,Paenibacillaceae,-0.40560404974258024
7,6,C6,Paenibacillaceae,-0.2462603454128453
7,6,C7,Paenibacillaceae,-0.3793813095854575
7,6,C8,Paenibacillaceae,-0.2108857929332037
7,6,Enterobacteriaceae,Paenibacillaceae,-4.5531382850992727e-4
7,6,Muribaculaceae,Paenibacillaceae,0.1346267552286248
7,6,Paenibacillaceae,Paenibacillaceae,-0.3082615234149604
7,6,Ruminococcaceae,Paenibacillaceae,0.36715648615128776
7,6,C1,Ruminococcaceae,0.17765373809111093
7,6,C2,Ruminococcaceae,0.2309818828297846
7,6,C3,Ruminococcaceae,0.411468889886079
7,6,C4,Ruminococcaceae,0.04184494226703214
7,6,C5,Ruminococcaceae,0.37379897356657954
7,6,C6,Ruminococcaceae,0.13172183654116754
7,6,C7,Ruminococcaceae,0.12623453119141304
7,6,C8,Ruminococcaceae,-0.016138982526598657
7,6,Enterobacteriaceae,Ruminococcaceae,1.54704069134491e-4
7,6,Muribaculaceae,Ruminococcaceae,-0.08255173521145522
7,6,Paenibacillaceae,Ruminococcaceae,-2.3047251631459607e-4
7,6,Ruminococcaceae,Ruminococcaceae,-0.21699375551313826
8,7,C1,C1,-0.050684403441630804
8,7,C2,C1,0.1726446612663345
8,7,C3,C1,0.29189566162884484
8,7,C4,C1,-0.02206304815020639
8,7,C5,C1,0.11813749657599593
8,7,C6,C1,-0.08907614835463591
8,7,C7,C1,0.11203460859358791
8,7,C8,C1,-0.14458859153577747
8,7,Enterobacteriaceae,C1,1.2347537089327546e-4
8,7,Muribaculaceae,C1,-0.020623417638122456
8,7,Paenibacillaceae,C1,-0.0382202916511975
8,7,Ruminococcaceae,C1,-0.19322814229214552
8,7,C1,C2,-0.4784830080137096
8,7,C2,C2,-0.34896062316666643
8,7,C3,C2,-0.4679544372790464
8,7,C4,C2,-0.2874212216557411
8,7,C5,C2,-0.5110730730487268
8,7,C6,C2,-0.3678280438335468
8,7,C7,C2,-0.2693310083964373
8,7,C8,C2,-0.2372080335022036
8,7,Enterobacteriaceae,C2,-3.8292898944836725e-4
8,7,Muribaculaceae,C2,0.1794816592864774
8,7,Paenibacillaceae,C2,-0.2670811689995362
8,7,Ruminococcaceae,C2,0.27553536275047635
8,7,C1,C3,-0.619066640541947
8,7,C2,C3,-0.3073566205486602
8,7,C3,C3,-0.44194787289691667
8,7,C4,C3,-0.31652413817324365
8,7,C5,C3,-0.5684884236239186
8,7,C6,C3,-0.4663878105410633
8,7,C7,C3,-0.20948608154428258
8,7,C8,C3,-0.29911193185451856
8,7,Enterobacteriaceae,C3,-3.278890679550362e-4
8,7,Muribaculaceae,C3,0.19709640912502474
8,7,Paenibacillaceae,C3,-0.24976542135680155
8,7,Ruminococcaceae,C3,0.17810748313227123
8,7,C1,C4,0.11819654052106787
8,7,C2,C4,0.3367122291051106
8,7,C3,C4,0.3834687217126075
8,7,C4,C4,-0.04849050135331091
8,7,C5,C4,0.41009362340171307
8,7,C6,C4,0.2945996257801408
8,7,C7,C4,0.4047158791692447
8,7,C8,C4,0.3239294641904613
8,7,Enterobacteriaceae,C4,3.4407229443910917e-4
8,7,Muribaculaceae,C4,-0.07104878902494434
8,7,Paenibacillaceae,C4,0.2541330734456133
8,7,Ruminococcaceae,C4,-0.21358851065570383
8,7,C1,C5,-0.5332002021607963
8,7,C2,C5,-0.15033823439849014
8,7,C3,C5,-0.14339081823252764
8,7,C4,C5,-0.42211770602530096
8,7,C5,C5,-0.445812555104533
8,7,C6,C5,-0.5073950352317216
8,7,C7,C5,-0.13096221200816568
8,7,C8,C5,-0.4014533305806571
8,7,Enterobacteriaceae,C5,-2.9152897870613804e-4
8,7,Muribaculaceae,C5,0.16052373557043625
8,7,Paenibacillaceae,C5,-0.26738872385186496
8,7,Ruminococcaceae,C5,0.037659375783182535
8,7,C1,C6,-0.2778689619802577
8,7,C2,C6,-0.09895897305296655
8,7,C3,C6,-0.0027343621260686644
8,7,C4,C6,-0.3078331458871501
8,7,C5,C6,-0.24749340516604318
8,7,C6,C6,-0.36124573061916404
8,7,C7,C6,-0.15654460865877784
8,7,C8,C6,-0.36535209714189987
8,7,Enterobacteriaceae,C6,-2.6525204978371193e-4
8,7,Muribaculaceae,C6,0.09574851307834749
8,7,Paenibacillaceae,C6,-0.27864066141912075
8,7,Ruminococcaceae,C6,0.044604541921746635
8,7,C1,C7,-0.582759946530176
8,7,C2,C7,-0.5439565845550784
8,7,C3,C7,-0.6738843059613656
8,7,C4,C7,-0.40853400592585537
8,7,C5,C7,-0.6967324800345198
8,7,C6,C7,-0.4859621704695159
8,7,C7,C7,-0.4660278469080488
8,7,C8,C7,-0.3477344441254275
8,7,Enterobacteriaceae,C7,-6.282059563821002e-4
8,7,Muribaculaceae,C7,0.24901912208155552
8,7,Paenibacillaceae,C7,-0.4474900928951032
8,7,Ruminococcaceae,C7,0.48390058786365336
8,7,C1,C8,-0.3398345178866244
8,7,C2,C8,-0.32955732305410596
8,7,C3,C8,-0.2687422342968886
8,7,C4,C8,-0.360249860327435
8,7,C5,C8,-0.4294073170241952
8,7,C6,C8,-0.4325421508793874
8,7,C7,C8,-0.38257723280732453
8,7,C8,C8,-0.43424991980089755
8,7,Enterobacteriaceae,C8,-5.110947946441147e-4
8,7,Muribaculaceae,C8,0.1594553898760011
8,7,Paenibacillaceae,C8,-0.4516823037875984
8,7,Ruminococcaceae,C8,0.30285318793598587
8,7,C1,Enterobacteriaceae,-7.493958975374279e-4
8,7,C2,Enterobacteriaceae,-4.3169864124317715e-4
8,7,C3,Enterobacteriaceae,-5.579496506268009e-4
8,7,C4,Enterobacteriaceae,-5.761511505908272e-4
8,7,C5,Enterobacteriaceae,-6.061782305986322e-4
8,7,C6,Enterobacteriaceae,-4.3739419002993045e-4
8,7,C7,Enterobacteriaceae,-2.2841742751389683e-4
8,7,C8,Enterobacteriaceae,-1.856799468810907e-4
8,7,Enterobacteriaceae,Enterobacteriaceae,-4.425871958751153e-7
8,7,Muribaculaceae,Enterobacteriaceae,3.1137806779634657e-4
8,7,Paenibacillaceae,Enterobacteriaceae,-4.731332599130063e-4
8,7,Ruminococcaceae,Enterobacteriaceae,5.503946980079638e-4
8,7,C1,Muribaculaceae,0.027757318795982446
8,7,C2,Muribaculaceae,-0.020531818656135837
8,7,C3,Muribaculaceae,-0.023619616549801922
8,7,C4,Muribaculaceae,0.015934199468473704
8,7,C5,Muribaculaceae,0.0036166847497421314
8,7,C6,Muribaculaceae,0.022601857439888105
8,7,C7,Muribaculaceae,-0.019998761518081304
8,7,C8,Muribaculaceae,0.01787319780746082
8,7,Enterobacteriaceae,Muribaculaceae,-1.3286341005480485e-5
8,7,Muribaculaceae,Muribaculaceae,-4.905228092326352e-4
8,7,Paenibacillaceae,Muribaculaceae,-0.009778307212174183
8,7,Ruminococcaceae,Muribaculaceae,0.03936954130986515
8,7,C1,Paenibacillaceae,-0.12055726651679094
8,7,C2,Paenibacillaceae,-0.30213721907435764
8,7,C3,Paenibacillaceae,-0.34869662369999566
8,7,C4,Paenibacillaceae,-0.10805547423989247
8,7,C5,Paenibacillaceae,-0.29800086749950255
8,7,C6,Paenibacillaceae,-0.16789737515923975
8,7,C7,Paenibacillaceae,-0.31321094120741333
8,7,C8,Paenibacillaceae,-0.16058550787154882
8,7,Enterobacteriaceae,Paenibacillaceae,-3.4878106181902044e-4
8,7,Muribaculaceae,Paenibacillaceae,0.08505263209378962
8,7,Paenibacillaceae,Paenibacillaceae,-0.21849636124805416
8,7,Ruminococcaceae,Paenibacillaceae,0.25939243731337686
8,7,C1,Ruminococcaceae,0.24947399397355535
8,7,C2,Ruminococcaceae,0.23585033292059282
8,7,C3,Ruminococcaceae,0.3980663765848261
8,7,C4,Ruminococcaceae,0.10719528636918195
8,7,C5,Ruminococcaceae,0.3780836689008497
8,7,C6,Ruminococcaceae,0.16408787204229042
8,7,C7,Ruminococcaceae,0.12086655835498836
8,7,C8,Ruminococcaceae,0.00887850793536408
8,7,Enterobacteriaceae,Ruminococcaceae,1.7478653224812002e-4
8,7,Muribaculaceae,Ruminococcaceae,-0.10828040297185482
8,7,Paenibacillaceae,Ruminococcaceae,0.05944047453333737
8,7,Ruminococcaceae,Ruminococcaceae,-0.25160296468952703
9,8,C1,C1,-0.1035450944426343
9,8,C2,C1,0.12041122054630386
9,8,C3,C1,0.22798987247472713
9,8,C4,C1,-0.05742378611206263
9,8,C5,C1,0.07073545593819566
9,8,C6,C1,-0.10564051073325914
9,8,C7,C1,0.09256072193805381
9,8,C8,C1,-0.13554762679261076
9,8,Enterobacteriaceae,C1,0.0010176871162029554
9,8,Muribaculaceae,C1,0.05164069655609476
9,8,Paenibacillaceae,C1,-0.1153767879234268
9,8,Ruminococcaceae,C1,-0.12892071346728584
9,8,C1,C2,-0.4291269556595958
9,8,C2,C2,-0.3112200715888468
9,8,C3,C2,-0.41373377454292676
9,8,C4,C2,-0.2580919193886746
9,8,C5,C2,-0.45236486750613747
9,8,C6,C2,-0.3261518026182615
9,8,C7,C2,-0.23617552192971425
9,8,C8,C2,-0.2088759721577732
9,8,Enterobacteriaceae,C2,-4.8100118469408834e-5
9,8,Muribaculaceae,C2,0.17519489291065043
9,8,Paenibacillaceae,C2,-0.2522735555906878
9,8,Ruminococcaceae,C2,0.24809878632295249
9,8,C1,C3,-0.6136141294768961
9,8,C2,C3,-0.30564018105164337
9,8,C3,C3,-0.4191842335302485
9,8,C4,C3,-0.3234291312044018
9,8,C5,C3,-0.5364785328970023
9,8,C6,C3,-0.4416933418541993
9,8,C7,C3,-0.18949497152046846
9,8,C8,C3,-0.272656100883764
9,8,Enterobacteriaceae,C3,8.031098722760424e-4
9,8,Muribaculaceae,C3,0.2564589432783671
9,8,Paenibacillaceae,C3,-0.3180982510678549
9,8,Ruminococcaceae,C3,0.20460045301206325
9,8,C1,C4,0.06585522924059409
9,8,C2,C4,0.27505168054017737
9,8,C3,C4,0.31791468414996155
9,8,C4,C4,-0.06644031619823804
9,8,C5,C4,0.3376949728875503
9,8,C6,C4,0.23968674714835886
9,8,C7,C4,0.35013763832427136
9,8,C8,C4,0.2770755668214775
9,8,Enterobacteriaceae,C4,8.544873054879841e-4
9,8,Muribaculaceae,C4,-0.019041824547530374
9,8,Paenibacillaceae,C4,0.1708629489634892
9,8,Ruminococcaceae,C4,-0.16140720773223316
9,8,C1,C5,-0.5457431395822661
9,8,C2,C5,-0.17210662342317773
9,8,C3,C5,-0.16166533136557246
9,8,C4,C5,-0.4202535610891086
9,8,C5,C5,-0.43324179011553327
9,8,C6,C5,-0.4808807318188013
9,8,C7,C5,-0.12155110422884936
9,8,C8,C5,-0.3631599227950893
9,8,Enterobacteriaceae,C5,9.370513099117274e-4
9,8,Muribaculaceae,C5,0.23255831441991823
9,8,Paenibacillaceae,C5,-0.3431282641828936
9,8,Ruminococcaceae,C5,0.08672719275363446
9,8,C1,C6,-0.3285365552724096
9,8,C2,C6,-0.1301795000483324
9,8,C3,C6,-0.041456309814484386
9,8,C4,C6,-0.32417758337657826
9,8,C5,C6,-0.26320942332757263
9,8,C6,C6,-0.35597198572575917
9,8,C7,C6,-0.14441588574348593
9,8,C8,C6,-0.3325375258765873
9,8,Enterobacteriaceae,C6,0.0010447108009375968
9,8,Muribaculaceae,C6,0.1826012302828066
9,8,Paenibacillaceae,C6,-0.3608507817870921
9,8,Ruminococcaceae,C6,0.09669874826961132
9,8,C1,C7,-0.5727171309019201
9,8,C2,C7,-0.5076060521660354
9,8,C3,C7,-0.6175812325117996
9,8,C4,C7,-0.3978739914752356
9,8,C5,C7,-0.6434555336096232
9,8,C6,C7,-0.45446267738409796
9,8,C7,C7,-0.41274078314331336
9,8,C8,C7,-0.313686680568889
9,8,Enterobacteriaceae,C7,4.036786521838425e-4
9,8,Muribaculaceae,C7,0.29119297710908076
9,8,Paenibacillaceae,C7,-0.47820600499320864
9,8,Ruminococcaceae,C7,0.4655070531117414
9,8,C1,C8,-0.3505532163660809
9,8,C2,C8,-0.315229025839969
9,8,C3,C8,-0.2591802248175977
9,8,C4,C8,-0.34927204967151404
9,8,C5,C8,-0.4045007592353385
9,8,C6,C8,-0.403112179486412
9,8,C7,C8,-0.3389615313255184
9,8,C8,C8,-0.3876900216640668
9,8,Enterobacteriaceae,C8,3.530337226262161e-4
9,8,Muribaculaceae,C8,0.20124690708145265
9,8,Paenibacillaceae,C8,-0.4680625629610661
9,8,Ruminococcaceae,C8,0.3006619990409714
9,8,C1,Enterobacteriaceae,-0.009362671777076694
9,8,C2,Enterobacteriaceae,-0.004744405730287755
9,8,C3,Enterobacteriaceae,-0.004459283135869675
9,8,C4,Enterobacteriaceae,-0.006131003717878376
9,8,C5,Enterobacteriaceae,-0.005317557049792232
9,8,C6,Enterobacteriaceae,-0.004525079632487124
9,8,C7,Enterobacteriaceae,-9.858955788533002e-4
9,8,C8,Enterobacteriaceae,-0.0015307477506547827
9,8,Enterobacteriaceae,Enterobacteriaceae,1.1733770629882819e-4
9,8,Muribaculaceae,Enterobacteriaceae,0.00977116947671097
9,8,Paenibacillaceae,Enterobacteriaceae,-0.011971798995125047
9,8,Ruminococcaceae,Enterobacteriaceae,0.006348024909258069
9,8,C1,Muribaculaceae,-0.329480765582117
9,8,C2,Muribaculaceae,-0.19300842592375353
9,8,C3,Muribaculaceae,-0.18225749602978972
9,8,C4,Muribaculaceae,-0.2152368005521213
9,8,C5,Muribaculaceae,-0.19185165473469287
9,8,C6,Muribaculaceae,-0.14984341504956875
9,8,C7,Muribaculaceae,-0.04962737114557851
9,8,C8,Muribaculaceae,-0.04017536088820548
9,8,Enterobacteriaceae,Muribaculaceae,0.004382698357402954
9,8,Muribaculaceae,Muribaculaceae,0.3675909257833116
9,8,Paenibacillaceae,Muribaculaceae,-0.4662032134198131
9,8,Ruminococcaceae,Muribaculaceae,0.2730397106136826
9,8,C1,Paenibacillaceae,0.07723659515545676
9,8,C2,Paenibacillaceae,-0.17427605471221558
9,8,C3,Paenibacillaceae,-0.221062798159055
9,8,C4,Paenibacillaceae,0.02404681322246789
9,8,C5,Paenibacillaceae,-0.15948528472997092
9,8,C6,Paenibacillaceae,-0.05872825390073925
9,8,C7,Paenibacillaceae,-0.2569003801340367
9,8,C8,Paenibacillaceae,-0.11140974368904402
9,8,Enterobacteriaceae,Paenibacillaceae,-0.0024507887983937185
9,8,Muribaculaceae,Paenibacillaceae,-0.11003507548854677
9,8,Paenibacillaceae,Paenibacillaceae,0.04161921567025804
9,8,Ruminococcaceae,Paenibacillaceae,0.10330335997554997
9,8,C1,Ruminococcaceae,0.2822305690786468
9,8,C2,Ruminococcaceae,0.2388048931816932
9,8,C3,Ruminococcaceae,0.37695607037446627
9,8,C4,Ruminococcaceae,0.13507501607207373
9,8,C5,Ruminococcaceae,0.36547863870237834
9,8,C6,Ruminococcaceae,0.17362406301026467
9,8,C7,Ruminococcaceae,0.11132621267697063
9,8,C8,Ruminococcaceae,0.01782016290745595
9,8,Enterobacteriaceae,Ruminococcaceae,-8.075874720002305e-4
9,8,Muribaculaceae,Ruminococcaceae,-0.16891863732687593
9,8,Paenibacillaceae,Ruminococcaceae,0.14007637635421027
9,8,Ruminococcaceae,Ruminococcaceae,-0.26302638360511416
10,9,C1,C1,-0.14679238615045048
10,9,C2,C1,0.06993663592525771
10,9,C3,C1,0.17965862242186306
10,9,C4,C1,-0.08216206761203634
10,9,C5,C1,0.03745637797478368
10,9,C6,C1,-0.09788051160499278
10,9,C7,C1,0.08159981575847691
10,9,C8,C1,-0.12722175213590817
10,9,Enterobacteriaceae,C1,0.005518383306380135
10,9,Muribaculaceae,C1,0.16143414657214156
10,9,Paenibacillaceae,C1,-0.22204775327793416
10,9,Ruminococcaceae,C1,-0.07794093080239807
10,9,C1,C2,-0.4179722132701161
10,9,C2,C2,-0.3012948539372272
10,9,C3,C2,-0.3825282618988816
10,9,C4,C2,-0.25005229536202417
10,9,C5,C2,-0.4185131743666853
10,9,C6,C2,-0.29156043120211805
10,9,C7,C2,-0.20986872731329434
10,9,C8,C2,-0.1900241625441127
10,9,Enterobacteriaceae,C2,0.003181335606557422
10,9,Muribaculaceae,C2,0.23363551149920847
10,9,Paenibacillaceae,C2,-0.30514977674971544
10,9,Ruminococcaceae,C2,0.2448872075678295
10,9,C1,C3,-0.6073521019688801
10,9,C2,C3,-0.313460878003379
10,9,C3,C3,-0.39804976952688503
10,9,C4,C3,-0.322751612631926
10,9,C5,C3,-0.505180870420616
10,9,C6,C3,-0.39702671792833066
10,9,C7,C3,-0.16889933953479397
10,9,C8,C3,-0.24992300669386092
10,9,Enterobacteriaceae,C3,0.0059440125848788505
10,9,Muribaculaceae,C3,0.359648410762266
10,9,Paenibacillaceae,C3,-0.418837893267408
10,9,Ruminococcaceae,C3,0.22328646708243727
10,9,C1,C4,0.013342912151054286
10,9,C2,C4,0.21383376746750657
10,9,C3,C4,0.26348830852858257
10,9,C4,C4,-0.08467525800754575
10,9,C5,C4,0.27885176806983675
10,9,C6,C4,0.2089493463537286
10,9,C7,C4,0.31024682011978166
10,9,C8,C4,0.2402414457991746
10,9,Enterobacteriaceae,C4,0.004488195448844032
10,9,Muribaculaceae,C4,0.07808036215349741
10,9,Paenibacillaceae,C4,0.053581310864108764
10,9,Ruminococcaceae,C4,-0.11328494794858134
10,9,C1,C5,-0.5628102229446379
10,9,C2,C5,-0.20543681379492526
10,9,C3,C5,-0.1760049047191175
10,9,C4,C5,-0.41769327984131643
10,9,C5,C5,-0.4208824214857955
10,9,C6,C5,-0.43348747674313687
10,9,C7,C5,-0.10885356979424793
10,9,C8,C5,-0.33226463281130775
10,9,Enterobacteriaceae,C5,0.007308726646028947
10,9,Muribaculaceae,C5,0.3714645996863561
10,9,Paenibacillaceae,C5,-0.47498639355259037
10,9,Ruminococcaceae,C5,0.12908559836034472
10,9,C1,C6,-0.46526115479842056
10,9,C2,C6,-0.23162940747059577
10,9,C3,C6,-0.10916325125942461
10,9,C4,C6,-0.3873315226641442
10,9,C5,C6,-0.31490936215381254
10,9,C6,C6,-0.33520954820519594
10,9,C7,C6,-0.13125218813006298
10,9,C8,C6,-0.3174073681016049
10,9,Enterobacteriaceae,C6,0.01459912201657771
10,9,Muribaculaceae,C6,0.5272698311345054
10,9,Paenibacillaceae,C6,-0.6950809007359101
10,9,Ruminococcaceae,C6,0.2011250959265264
10,9,C1,C7,-0.5777711924643348
10,9,C2,C7,-0.49718947635558636
10,9,C3,C7,-0.5769788942051236
10,9,C4,C7,-0.39272735445710194
10,9,C5,C7,-0.603335678236602
10,9,C6,C7,-0.4093921617037293
10,9,C7,C7,-0.3672391098271993
10,9,C8,C7,-0.28722189138445114
10,9,Enterobacteriaceae,C7,0.006075925022804794
10,9,Muribaculaceae,C7,0.4045896549874138
10,9,Paenibacillaceae,C7,-0.5752905546721088
10,9,Ruminococcaceae,C7,0.4593323059457753
10,9,C1,C8,-0.3566415007836873
10,9,C2,C8,-0.3104585666641402
10,9,C3,C8,-0.24885926776541645
10,9,C4,C8,-0.33583489560881274
10,9,C5,C8,-0.3799931519623782
10,9,C6,C8,-0.3609578468251971
10,9,C7,C8,-0.3012856324629265
10,9,C8,C8,-0.349833696388778
10,9,Enterobacteriaceae,C8,0.004177230222193574
10,9,Muribaculaceae,C8,0.2744438558643939
10,9,Paenibacillaceae,C8,-0.5147631876967078
10,9,Ruminococcaceae,C8,0.2971272400671425
10,9,C1,Enterobacteriaceae,-0.027083041883090925
10,9,C2,Enterobacteriaceae,-0.01673784963697883
10,9,C3,Enterobacteriaceae,-0.01179566551935107
10,9,C4,Enterobacteriaceae,-0.016232707558877565
10,9,C5,Enterobacteriaceae,-0.013538259755845553
10,9,C6,Enterobacteriaceae,-0.00627011993285702
10,9,C7,Enterobacteriaceae,-0.0012422231949000162
10,9,C8,Enterobacteriaceae,-0.003773340484196289
10,9,Enterobacteriaceae,Enterobacteriaceae,0.0015562724434518378
10,9,Muribaculaceae,Enterobacteriaceae,0.04813881179549741
10,9,Paenibacillaceae,Enterobacteriaceae,-0.051039872897128934
10,9,Ruminococcaceae,Enterobacteriaceae,0.018094277222616955
10,9,C1,Muribaculaceae,-0.23024532291436786
10,9,C2,Muribaculaceae,-0.12939201034741074
10,9,C3,Muribaculaceae,-0.13605897088933297
10,9,C4,Muribaculaceae,-0.1557475523788429
10,9,C5,Muribaculaceae,-0.14164576247216096
10,9,C6,Muribaculaceae,-0.12871608718576855
10,9,C7,Muribaculaceae,-0.04349155932264265
10,9,C8,Muribaculaceae,-0.02785750241895389
10,9,Enterobacteriaceae,Muribaculaceae,-0.0013963515111538739
10,9,Muribaculaceae,Muribaculaceae,0.19521407096593107
10,9,Paenibacillaceae,Muribaculaceae,-0.2779794949184427
10,9,Ruminococcaceae,Muribaculaceae,0.2009800509275936
10,9,C1,Paenibacillaceae,0.05306705091713979
10,9,C2,Paenibacillaceae,-0.16558536403635232
10,9,C3,Paenibacillaceae,-0.20235202750523373
10,9,C4,Paenibacillaceae,0.013050032173851665
10,9,C5,Paenibacillaceae,-0.14807408031880376
10,9,C6,Paenibacillaceae,-0.04974720712444761
10,9,C7,Paenibacillaceae,-0.22746107354554193
10,9,C8,Paenibacillaceae,-0.10061918688277771
10,9,Enterobacteriaceae,Paenibacillaceae,-3.442836838780154e-4
10,9,Muribaculaceae,Paenibacillaceae,-0.06473241267849825
10,9,Paenibacillaceae,Paenibacillaceae,0.001050933749552179
10,9,Ruminococcaceae,Paenibacillaceae,0.10209534321786115
10,9,C1,Ruminococcaceae,0.2954344501803278
10,9,C2,Ruminococcaceae,0.24224360425168276
10,9,C3,Ruminococcaceae,0.35316969422874434
10,9,C4,Ruminococcaceae,0.14538615026166948
10,9,C5,Ruminococcaceae,0.3450966729027286
10,9,C6,Ruminococcaceae,0.15721354961976
10,9,C7,Ruminococcaceae,0.09922171752544438
10,9,C8,Ruminococcaceae,0.02145170167867918
10,9,Enterobacteriaceae,Ruminococcaceae,-0.004533428912878713
10,9,Muribaculaceae,Ruminococcaceae,-0.24456607566677915
10,9,Paenibacillaceae,Ruminococcaceae,0.22240585289331205
10,9,Ruminococcaceae,Ruminococcaceae,-0.26334721214959145
11,10,C1,C1,-0.16214775818808702
11,10,C2,C1,0.038097070838397674
11,10,C3,C1,0.15087660226524358
11,10,C4,C1,-0.0821561502294597
11,10,C5,C1,0.024755138008644973
11,10,C6,C1,-0.0802504444670901
11,10,C7,C1,0.0792275791196668
11,10,C8,C1,-0.11066634404663778
11,10,Enterobacteriaceae,C1,0.010297943093879295
11,10,Muribaculaceae,C1,0.2088769579548087
11,10,Paenibacillaceae,C1,-0.27389519086731323
11,10,Ruminococcaceae,C1,-0.04994205971071239
11,10,C1,C2,-0.38696218795685366
11,10,C2,C2,-0.2803622677225245
11,10,C3,C2,-0.3477574788248585
11,10,C4,C2,-0.2270795332027854
11,10,C5,C2,-0.37927206144634285
11,10,C6,C2,-0.2597705367627102
11,10,C7,C2,-0.1861177777856313
11,10,C8,C2,-0.1686795984381456
11,10,Enterobacteriaceae,C2,0.004915533207703009
11,10,Muribaculaceae,C2,0.23358207208069745
11,10,Paenibacillaceae,C2,-0.3018822549350246
11,10,Ruminococcaceae,C2,0.22758477929274373
11,10,C1,C3,-0.5850542847219923
11,10,C2,C3,-0.31374718300610455
11,10,C3,C3,-0.37163045497383473
11,10,C4,C3,-0.3011595764666218
11,10,C5,C3,-0.46578836703675414
11,10,C6,C3,-0.34671647722617793
11,10,C7,C3,-0.1443745921769056
11,10,C8,C3,-0.2201570340845412
11,10,Enterobacteriaceae,C3,0.012222816110697029
11,10,Muribaculaceae,C3,0.40584507436716694
11,10,Paenibacillaceae,C3,-0.4726409099674108
11,10,Ruminococcaceae,C3,0.22678586950046456
11,10,C1,C4,-0.06008826758427417
11,10,C2,C4,0.1339833519943443
11,10,C3,C4,0.211227371793257
11,10,C4,C4,-0.09835906702993055
11,10,C5,C4,0.22853435360565755
11,10,C6,C4,0.20797561742873236
11,10,C7,C4,0.2917905174241868
11,10,C8,C4,0.22245464775965276
11,10,Enterobacteriaceae,C4,0.016556009661239886
11,10,Muribaculaceae,C4,0.2228360876962474
11,10,Paenibacillaceae,C4,-0.12930923833136468
11,10,Ruminococcaceae,C4,-0.053651790753690316
11,10,C1,C5,-0.5602998115700899
11,10,C2,C5,-0.22897166434846816
11,10,C3,C5,-0.17745835943736377
11,10,C4,C5,-0.39127371957754586
11,10,C5,C5,-0.39471909502981345
11,10,C6,C5,-0.3751932195426859
11,10,C7,C5,-0.08768362108710882
11,10,C8,C5,-0.2928520823390316
11,10,Enterobacteriaceae,C5,0.016101023222389915
11,10,Muribaculaceae,C5,0.4488493317869168
11,10,Paenibacillaceae,C5,-0.5607610595395031
11,10,Ruminococcaceae,C5,0.15232332091463724
11,10,C1,C6,-0.39510335035597716
11,10,C2,C6,-0.18972055195005527
11,10,C3,C6,-0.08984070035954868
11,10,C4,C6,-0.34051857004303726
11,10,C5,C6,-0.2757922461770435
11,10,C6,C6,-0.3081855129588378
11,10,C7,C6,-0.1218792192479603
11,10,C8,C6,-0.2868988056841975
11,10,Enterobacteriaceae,C6,0.009151419886731843
11,10,Muribaculaceae,C6,0.4248750010440165
11,10,Paenibacillaceae,C6,-0.5678236367601558
11,10,Ruminococcaceae,C6,0.16529712358400658
11,10,C1,C7,-0.5755457530330603
11,10,C2,C7,-0.4925822174718682
11,10,C3,C7,-0.5386023835897392
11,10,C4,C7,-0.3697111877753255
11,10,C5,C7,-0.5594095993200605
11,10,C6,C7,-0.35280917235432097
11,10,C7,C7,-0.3198018775469362
11,10,C8,C7,-0.25251664021669074
11,10,Enterobacteriaceae,C7,0.015274476483289655
11,10,Muribaculaceae,C7,0.4824852320348885
11,10,Paenibacillaceae,C7,-0.6553679748630918
11,10,Ruminococcaceae,C7,0.450429394286414
11,10,C1,C8,-0.404623863866161
11,10,C2,C8,-0.34717924564750524
11,10,C3,C8,-0.2535576794988993
11,10,C4,C8,-0.32731409008708606
11,10,C5,C8,-0.36724443104187454
11,10,C6,C8,-0.3013813252124567
11,10,C7,C8,-0.25560005401591696
11,10,C8,C8,-0.30644521671460684
11,10,Enterobacteriaceae,C8,0.018395025762787478
11,10,Muribaculaceae,C8,0.42453012669510454
11,10,Paenibacillaceae,C8,-0.6695830492133263
11,10,Ruminococcaceae,C8,0.3232494448560429
11,10,C1,Enterobacteriaceae,-0.028488114220485042
11,10,C2,Enterobacteriaceae,-0.018367361664693577
11,10,C3,Enterobacteriaceae,-0.012084392157662804
11,10,C4,Enterobacteriaceae,-0.015939129396937757
11,10,C5,Enterobacteriaceae,-0.01346728407194269
11,10,C6,Enterobacteriaceae,-0.004433938279674379
11,10,C7,Enterobacteriaceae,-4.0893180994794955e-4
11,10,C8,Enterobacteriaceae,-0.0030869015422228113
11,10,Enterobacteriaceae,Enterobacteriaceae,0.0021119814855731526
11,10,Muribaculaceae,Enterobacteriaceae,0.0520558271316794
11,10,Paenibacillaceae,Enterobacteriaceae,-0.0560818609484551
11,10,Ruminococcaceae,Enterobacteriaceae,0.019038322321183767
11,10,C1,Muribaculaceae,-0.16237065289889058
11,10,C2,Muribaculaceae,-0.07977015368970435
11,10,C3,Muribaculaceae,-0.10657560826804773
11,10,C4,Muribaculaceae,-0.1275657540544873
11,10,C5,Muribaculaceae,-0.1140887392828964
11,10,C6,Muribaculaceae,-0.12728905802062676
11,10,C7,Muribaculaceae,-0.04768695830128142
11,10,C8,Muribaculaceae,-0.030334762353380312
11,10,Enterobacteriaceae,Muribaculaceae,-0.009127046545458718
11,10,Muribaculaceae,Muribaculaceae,0.08122775413370568
11,10,Paenibacillaceae,Muribaculaceae,-0.1400952053477557
11,10,Ruminococcaceae,Muribaculaceae,0.15091812573551266
11,10,C1,Paenibacillaceae,-0.009127541300473543
11,10,C2,Paenibacillaceae,-0.19552598159652326
11,10,C3,Paenibacillaceae,-0.2019335432037075
11,10,C4,Paenibacillaceae,-0.003845512700948309
11,10,C5,Paenibacillaceae,-0.14989559386423237
11,10,C6,Paenibacillaceae,-0.030168135209970342
11,10,C7,Paenibacillaceae,-0.193413509150328
11,10,C8,Paenibacillaceae,-0.08344178726400824
11,10,Enterobacteriaceae,Paenibacillaceae,0.009743588090894916
11,10,Muribaculaceae,Paenibacillaceae,0.06183962047433997
11,10,Paenibacillaceae,Paenibacillaceae,-0.13891622407714016
11,10,Ruminococcaceae,Paenibacillaceae,0.12967797911537784
11,10,C1,Ruminococcaceae,0.3013747206310477
11,10,C2,Ruminococcaceae,0.24745622380922822
11,10,C3,Ruminococcaceae,0.33001966768602103
11,10,C4,Ruminococcaceae,0.13971052807861292
11,10,C5,Ruminococcaceae,0.3205221032283256
11,10,C6,Ruminococcaceae,0.13270834367779583
11,10,C7,Ruminococcaceae,0.08185553001674796
11,10,C8,Ruminococcaceae,0.014092242058272664
11,10,Enterobacteriaceae,Ruminococcaceae,-0.010478527428562753
11,10,Muribaculaceae,Ruminococcaceae,-0.29530425674114646
11,10,Paenibacillaceae,Ruminococcaceae,0.28796591809193894
11,10,Ruminococcaceae,Ruminococcaceae,-0.2605639396338486
12,11,C1,C1,-0.16977732810191154
12,11,C2,C1,0.01355517192577789
12,11,C3,C1,0.13071724344081265
12,11,C4,C1,-0.07859184422079808
12,11,C5,C1,0.01906670885149892
12,11,C6,C1,-0.07301436031497112
12,11,C7,C1,0.07838547516383795
12,11,C8,C1,-0.09209254207487685
12,11,Enterobacteriaceae,C1,0.01424218688532671
12,11,Muribaculaceae,C1,0.23512331579454945
12,11,Paenibacillaceae,C1,-0.30308721178733555
12,11,Ruminococcaceae,C1,-0.052755756706334665
12,11,C1,C2,-0.37690523029361067
12,11,C2,C2,-0.27843559436180304
12,11,C3,C2,-0.3229971543556
12,11,C4,C2,-0.2107310971454788
12,11,C5,C2,-0.34834171182665824
12,11,C6,C2,-0.23607844800805217
12,11,C7,C2,-0.16177552963574635
12,11,C8,C2,-0.1436829812072871
12,11,Enterobacteriaceae,C2,0.009991402886539952
12,11,Muribaculaceae,C2,0.2634931002099419
12,11,Paenibacillaceae,C2,-0.33560090387244657
12,11,Ruminococcaceae,C2,0.1983823361679908
12,11,C1,C3,-0.5655401060223987
12,11,C2,C3,-0.31689280985240503
12,11,C3,C3,-0.347219159830126
12,11,C4,C3,-0.27915425941560706
12,11,C5,C3,-0.4283400981449205
12,11,C6,C3,-0.3149425555828424
12,11,C7,C3,-0.1212836560826727
12,11,C8,C3,-0.18712405408617705
12,11,Enterobacteriaceae,C3,0.018490975230479642
12,11,Muribaculaceae,C3,0.43764379914666196
12,11,Paenibacillaceae,C3,-0.5118113325316961
12,11,Ruminococcaceae,C3,0.19691293188924208
12,11,C1,C4,-0.019880172661999335
12,11,C2,C4,0.15408168237635017
12,11,C3,C4,0.20190738725790536
12,11,C4,C4,-0.08458971926724686
12,11,C5,C4,0.21316723003314522
12,11,C6,C4,0.18855780796586658
12,11,C7,C4,0.25480469877934137
12,11,C8,C4,0.18888344216166758
12,11,Enterobacteriaceae,C4,0.007606507015144814
12,11,Muribaculaceae,C4,0.13202602934516874
12,11,Paenibacillaceae,C4,-0.03342905327410441
12,11,Ruminococcaceae,C4,-0.04465367804772166
12,11,C1,C5,-0.5428880375294233
12,11,C2,C5,-0.23973809727673484
12,11,C3,C5,-0.17080826130129376
12,11,C4,C5,-0.36099466569664734
12,11,C5,C5,-0.3637597212300733
12,11,C6,C5,-0.3408148309710695
12,11,C7,C5,-0.06984708394410655
12,11,C8,C5,-0.2532159954176859
12,11,Enterobacteriaceae,C5,0.021978552824046246
12,11,Muribaculaceae,C5,0.476356302275271
12,11,Paenibacillaceae,C5,-0.5914353476711763
12,11,Ruminococcaceae,C5,0.12921301892176584
12,11,C1,C6,-0.3606767836607055
12,11,C2,C6,-0.17403960963392293
12,11,C3,C6,-0.08198897641478774
12,11,C4,C6,-0.31012131978651963
12,11,C5,C6,-0.25064162340739776
12,11,C6,C6,-0.2801230558110125
12,11,C7,C6,-0.11029423504304452
12,11,C8,C6,-0.2599645109036373
12,11,Enterobacteriaceae,C6,0.008747783644428278
12,11,Muribaculaceae,C6,0.389434137740067
12,11,Paenibacillaceae,C6,-0.5200220629884201
12,11,Ruminococcaceae,C6,0.14676436033305898
12,11,C1,C7,-0.5340656470911058
12,11,C2,C7,-0.457986533549571
12,11,C3,C7,-0.4923279082572418
12,11,C4,C7,-0.3379627249916248
12,11,C5,C7,-0.5097657257491933
12,11,C6,C7,-0.32057100203573535
12,11,C7,C7,-0.287267498789741
12,11,C8,C7,-0.22513591521002768
12,11,Enterobacteriaceae,C7,0.01634597288402272
12,11,Muribaculaceae,C7,0.4610205808324293
12,11,Paenibacillaceae,C7,-0.62253608950623
12,11,Ruminococcaceae,C7,0.4044755012211218
12,11,C1,C8,-0.3782698264368212
12,11,C2,C8,-0.32539936630384764
12,11,C3,C8,-0.23330702912333412
12,11,C4,C8,-0.29923346464493983
12,11,C5,C8,-0.33517586917529146
12,11,C6,C8,-0.2738103960799626
12,11,C7,C8,-0.22908646318990417
12,11,C8,C8,-0.274308314088429
12,11,Enterobacteriaceae,C8,0.019050139417365136
12,11,Muribaculaceae,C8,0.4072954152603811
12,11,Paenibacillaceae,C8,-0.6341325468234517
12,11,Ruminococcaceae,C8,0.2898035633102068
12,11,C1,Enterobacteriaceae,-0.02769315354917171
12,11,C2,Enterobacteriaceae,-0.01837844839171993
12,11,C3,Enterobacteriaceae,-0.011512302972065366
12,11,C4,Enterobacteriaceae,-0.014685302272349116
12,11,C5,Enterobacteriaceae,-0.012534919082765434
12,11,C6,Enterobacteriaceae,-0.003993925476487457
12,11,C7,Enterobacteriaceae,1.730925552400295e-4
12,11,C8,Enterobacteriaceae,-0.002108490798680524
12,11,Enterobacteriaceae,Enterobacteriaceae,0.0023046020768104965
12,11,Muribaculaceae,Enterobacteriaceae,0.050979007323321765
12,11,Paenibacillaceae,Enterobacteriaceae,-0.05534867817607676
12,11,Ruminococcaceae,Enterobacteriaceae,0.017291914057113167
12,11,C1,Muribaculaceae,-0.11042442223756929
12,11,C2,Muribaculaceae,-0.0377927777475644
12,11,C3,Muribaculaceae,-0.08645849135991095
12,11,C4,Muribaculaceae,-0.10906013251838922
12,11,C5,Muribaculaceae,-0.09805895164395681
12,11,C6,Muribaculaceae,-0.11530213131115098
12,11,C7,Muribaculaceae,-0.05383303725027027
12,11,C8,Muribaculaceae,-0.041380498597414876
12,11,Enterobacteriaceae,Muribaculaceae,-0.01635848135514085
12,11,Muribaculaceae,Muribaculaceae,-9.112031453686642e-4
12,11,Paenibacillaceae,Muribaculaceae,-0.03786996149313097
12,11,Ruminococcaceae,Muribaculaceae,0.15063798458813757
12,11,C1,Paenibacillaceae,-0.055981056508699514
12,11,C2,Paenibacillaceae,-0.22217902066339798
12,11,C3,Paenibacillaceae,-0.1968429991699756
12,11,C4,Paenibacillaceae,-0.011703274816912405
12,11,C5,Paenibacillaceae,-0.1434352873912569
12,11,C6,Paenibacillaceae,-0.027587711674346
12,11,C7,Paenibacillaceae,-0.16200429013297746
12,11,C8,Paenibacillaceae,-0.05791471457623551
12,11,Enterobacteriaceae,Paenibacillaceae,0.019193773521653357
12,11,Muribaculaceae,Paenibacillaceae,0.1524468429497773
12,11,Paenibacillaceae,Paenibacillaceae,-0.241321463941818
12,11,Ruminococcaceae,Paenibacillaceae,0.10321619804098421
12,11,C1,Ruminococcaceae,0.5119015119638138
12,11,C2,Ruminococcaceae,0.44721479335487546
12,11,C3,Ruminococcaceae,0.3681752592252455
12,11,C4,Ruminococcaceae,0.1621382102778114
12,11,C5,Ruminococcaceae,0.32891415430677867
12,11,C6,Ruminococcaceae,0.11924606035022665
12,11,C7,Ruminococcaceae,0.004812226785146446
12,11,C8,Ruminococcaceae,-0.07720916085805485
12,11,Enterobacteriaceae,Ruminococcaceae,-0.06073251997749159
12,11,Muribaculaceae,Ruminococcaceae,-0.7505617191757954
12,11,Paenibacillaceae,Ruminococcaceae,0.8377717711592452
12,11,Ruminococcaceae,Ruminococcaceae,-0.19450978843084724
13,12,C1,C1,-0.18241290509773656
13,12,C2,C1,-0.013864793628643542
13,12,C3,C1,0.11440689315330625
13,12,C4,C1,-0.07884956375591463
13,12,C5,C1,0.01788608740067777
13,12,C6,C1,-0.06340632242423057
13,12,C7,C1,0.08073560843487008
13,12,C8,C1,-0.07327979907277672
13,12,Enterobacteriaceae,C1,0.01985812080383582
13,12,Muribaculaceae,C1,0.2486424630052882
13,12,Paenibacillaceae,C1,-0.3434021744574712
13,12,Ruminococcaceae,C1,-0.10249122686117741
13,12,C1,C2,-0.36873120207794524
13,12,C2,C2,-0.27799375245244695
13,12,C3,C2,-0.30050594512659007
13,12,C4,C2,-0.19901441097198222
13,12,C5,C2,-0.3186993818954191
13,12,C6,C2,-0.21320374963014074
13,12,C7,C2,-0.1403732149346484
13,12,C8,C2,-0.12193510091794475
13,12,Enterobacteriaceae,C2,0.015101982599021353
13,12,Muribaculaceae,C2,0.27045900219890007
13,12,Paenibacillaceae,C2,-0.3648604687068549
13,12,Ruminococcaceae,C2,0.13442075271299345
13,12,C1,C3,-0.5451112292688957
13,12,C2,C3,-0.31673242413948394
13,12,C3,C3,-0.3234050537303205
13,12,C4,C3,-0.262607539237293
13,12,C5,C3,-0.39192075681011856
13,12,C6,C3,-0.28498003651585657
13,12,C7,C3,-0.1020907417853644
13,12,C8,C3,-0.160246214233682
13,12,Enterobacteriaceae,C3,0.02379896214118226
13,12,Muribaculaceae,C3,0.434367299664599
13,12,Paenibacillaceae,C3,-0.5350582728640436
13,12,Ruminococcaceae,C3,0.12579900499012128
13,12,C1,C4,-0.05576310929290993
13,12,C2,C4,0.10444867432337444
13,12,C3,C4,0.1775054714433399
13,12,C4,C4,-0.0870633324988099
13,12,C5,C4,0.19584000809916785
13,12,C6,C4,0.1775548350923964
13,12,C7,C4,0.24586583978828883
13,12,C8,C4,0.1884675204405509
13,12,Enterobacteriaceae,C4,0.01647994616601433
13,12,Muribaculaceae,C4,0.16721005863623414
13,12,Paenibacillaceae,C4,-0.12245000741733132
13,12,Ruminococcaceae,C4,-0.11662014702906322
13,12,C1,C5,-0.5389644023810577
13,12,C2,C5,-0.26032385276965797
13,12,C3,C5,-0.1647108577447507
13,12,C4,C5,-0.34130251427157626
13,12,C5,C5,-0.3325444734270609
13,12,C6,C5,-0.3068050192493753
13,12,C7,C5,-0.05013085705150889
13,12,C8,C5,-0.21477720616603316
13,12,Enterobacteriaceae,C5,0.030691959580060938
13,12,Muribaculaceae,C5,0.4878165528635073
13,12,Paenibacillaceae,C5,-0.6436941235863268
13,12,Ruminococcaceae,C5,0.03434743287152405
13,12,C1,C6,-0.3882080994700252
13,12,C2,C6,-0.21591144372149582
13,12,C3,C6,-0.08655578232772466
13,12,C4,C6,-0.29884277903075823
13,12,C5,C6,-0.22869599744898486
13,12,C6,C6,-0.24916215628718374
13,12,C7,C6,-0.08183043656499725
13,12,C8,C6,-0.21432343545579907
13,12,Enterobacteriaceae,C6,0.02266079390929911
13,12,Muribaculaceae,C6,0.4281178130693521
13,12,Paenibacillaceae,C6,-0.617747462280122
13,12,Ruminococcaceae,C6,0.017900281918320774
13,12,C1,C7,-0.5216640431233334
13,12,C2,C7,-0.4512267949567618
13,12,C3,C7,-0.4573859884932637
13,12,C4,C7,-0.3178500966407634
13,12,C5,C7,-0.4664220422898781
13,12,C6,C7,-0.2894455846710943
13,12,C7,C7,-0.25234041409453734
13,12,C8,C7,-0.1928497136759461
13,12,Enterobacteriaceae,C7,0.023198070592739053
13,12,Muribaculaceae,C7,0.4623759330430197
13,12,Paenibacillaceae,C7,-0.6496392816736196
13,12,Ruminococcaceae,C7,0.30504596454757443
13,12,C1,C8,-0.368661728434379
13,12,C2,C8,-0.3197223159298015
13,12,C3,C8,-0.21809138662883681
13,12,C4,C8,-0.2797420494594553
13,12,C5,C8,-0.3066597701813125
13,12,C6,C8,-0.2479336711974427
13,12,C7,C8,-0.20246539016675985
13,12,C8,C8,-0.24212614273666344
13,12,Enterobacteriaceae,C8,0.023067225417438462
13,12,Muribaculaceae,C8,0.40043331115565056
13,12,Paenibacillaceae,C8,-0.6350811693653339
13,12,Ruminococcaceae,C8,0.22074743047417372
13,12,C1,Enterobacteriaceae,-0.025427483874539882
13,12,C2,Enterobacteriaceae,-0.016881473575965072
13,12,C3,Enterobacteriaceae,-0.010569294036757082
13,12,C4,Enterobacteriaceae,-0.01352164359312941
13,12,C5,Enterobacteriaceae,-0.011524832457647289
13,12,C6,Enterobacteriaceae,-0.0037351453805607978
13,12,C7,Enterobacteriaceae,1.4194087573265684e-4
13,12,C8,Enterobacteriaceae,-0.0019315758548903727
13,12,Enterobacteriaceae,Enterobacteriaceae,0.0021197549589763343
13,12,Muribaculaceae,Enterobacteriaceae,0.047014759511885516
13,12,Paenibacillaceae,Enterobacteriaceae,-0.0508192158861179
13,12,Ruminococcaceae,Enterobacteriaceae,0.015892041521707475
13,12,C1,Muribaculaceae,0.0622578623473005
13,12,C2,Muribaculaceae,0.12425970970233526
13,12,C3,Muribaculaceae,-0.04611857754792835
13,12,C4,Muribaculaceae,-0.05496681918775713
13,12,C5,Muribaculaceae,-0.08975303653065002
13,12,C6,Muribaculaceae,-0.12166926548175257
13,12,C7,Muribaculaceae,-0.10139334676114019
13,12,C8,Muribaculaceae,-0.10364557344991848
13,12,Enterobacteriaceae,Muribaculaceae,-0.0559585697359975
13,12,Muribaculaceae,Muribaculaceae,-0.21767426825503933
13,12,Paenibacillaceae,Muribaculaceae,0.36317347044949316
13,12,Ruminococcaceae,Muribaculaceae,0.4563291874419739
13,12,C1,Paenibacillaceae,-0.08968921937446592
13,12,C2,Paenibacillaceae,-0.24104618705425243
13,12,C3,Paenibacillaceae,-0.1878932965843541
13,12,C4,Paenibacillaceae,-0.020461803499361306
13,12,C5,Paenibacillaceae,-0.13073469155377307
13,12,C6,Paenibacillaceae,-0.020224793076569703
13,12,C7,Paenibacillaceae,-0.1355918639386743
13,12,C8,Paenibacillaceae,-0.037210123513228
13,12,Enterobacteriaceae,Paenibacillaceae,0.02731422736925865
13,12,Muribaculaceae,Paenibacillaceae,0.18696466973797837
13,12,Paenibacillaceae,Paenibacillaceae,-0.3150001495519946
13,12,Ruminococcaceae,Paenibacillaceae,0.01705596749999919
13,12,C1,Ruminococcaceae,0.5554312736068225
13,12,C2,Ruminococcaceae,0.49374013371289777
13,12,C3,Ruminococcaceae,0.3547957180239358
13,12,C4,Ruminococcaceae,0.17249556679239134
13,12,C5,Ruminococcaceae,0.3014593596582167
13,12,C6,Ruminococcaceae,0.10100910995673573
13,12,C7,Ruminococcaceae,-0.02305279993967479
13,12,C8,Ruminococcaceae,-0.10545470977455072
13,12,Enterobacteriaceae,Ruminococcaceae,-0.07730856601135766
13,12,Muribaculaceae,Ruminococcaceae,-0.8031541640259227
13,12,Paenibacillaceae,Ruminococcaceae,0.9780015234344442
13,12,Ruminococcaceae,Ruminococcaceae,-0.010143606360059787
14,13,C1,C1,-0.1841411382681765
14,13,C2,C1,-0.02951492761093033
14,13,C3,C1,0.10348740642768543
14,13,C4,C1,-0.07136865529812562
14,13,C5,C1,0.020683376289162596
14,13,C6,C1,-0.04946464326189374
14,13,C7,C1,0.08314824854670817
14,13,C8,C1,-0.05847301459501051
14,13,Enterobacteriaceae,C1,0.022813254481442734
14,13,Muribaculaceae,C1,0.23077032430479683
14,13,Paenibacillaceae,C1,-0.35783768006547656
14,13,Ruminococcaceae,C1,-0.1426628985727063
14,13,C1,C2,-0.35621676917427825
14,13,C2,C2,-0.2733800750695323
14,13,C3,C2,-0.2792876634714325
14,13,C4,C2,-0.18220172919046726
14,13,C5,C2,-0.28975763457246806
14,13,C6,C2,-0.1875361566893227
14,13,C7,C2,-0.12071105398227502
14,13,C8,C2,-0.10324153581651108
14,13,Enterobacteriaceae,C2,0.018482623640191872
14,13,Muribaculaceae,C2,0.250914262791871
14,13,Paenibacillaceae,C2,-0.37815147220613476
14,13,Ruminococcaceae,C2,0.07527738349891948
14,13,C1,C3,-0.5182792353460103
14,13,C2,C3,-0.30843767113948894
14,13,C3,C3,-0.30032746922231796
14,13,C4,C3,-0.24091410390256834
14,13,C5,C3,-0.35746981280240325
14,13,C6,C3,-0.25411208108076266
14,13,C7,C3,-0.0857453657813066
14,13,C8,C3,-0.1389501322454622
14,13,Enterobacteriaceae,C3,0.02632283667101593
14,13,Muribaculaceae,C3,0.40205002315337723
14,13,Paenibacillaceae,C3,-0.5334883483694525
14,13,Ruminococcaceae,C3,0.06925904436133824
14,13,C1,C4,-0.06833702283137218
14,13,C2,C4,0.078520681650045
14,13,C3,C4,0.16157539414164143
14,13,C4,C4,-0.0787470020525802
14,13,C5,C4,0.18516211919935285
14,13,C6,C4,0.17344407875696874
14,13,C7,C4,0.23608958262555324
14,13,C8,C4,0.18363193720091878
14,13,Enterobacteriaceae,C4,0.019988044705096932
14,13,Muribaculaceae,C4,0.15558242896258817
14,13,Paenibacillaceae,C4,-0.15668131283018635
14,13,Ruminococcaceae,C4,-0.1591409301767393
14,13,C1,C5,-0.5142200491217174
14,13,C2,C5,-0.25808073488349886
14,13,C3,C5,-0.1541545506253585
14,13,C4,C5,-0.3134619600398988
14,13,C5,C5,-0.3023116299857518
14,13,C6,C5,-0.27336162204022413
14,13,C7,C5,-0.03697463635985006
14,13,C8,C5,-0.18837518762736796
14,13,Enterobacteriaceae,C5,0.033137925359602256
14,13,Muribaculaceae,C5,0.4516320540408079
14,13,Paenibacillaceae,C5,-0.6378648232338227
14,13,Ruminococcaceae,C5,-0.01971362928522497
14,13,C1,C6,-0.3672480485327739
14,13,C2,C6,-0.2086930103000175
14,13,C3,C6,-0.08108919403280458
14,13,C4,C6,-0.27540538415599003
14,13,C5,C6,-0.20878442790428603
14,13,C6,C6,-0.2248375605082732
14,13,C7,C6,-0.07072958139175935
14,13,C8,C6,-0.19272432941252776
14,13,Enterobacteriaceae,C6,0.023491604838242156
14,13,Muribaculaceae,C6,0.39648616546303717
14,13,Paenibacillaceae,C6,-0.5934545344241996
14,13,Ruminococcaceae,C6,-0.009642764841586516
14,13,C1,C7,-0.49634885914520943
14,13,C2,C7,-0.4321871463036993
14,13,C3,C7,-0.42388447377095917
14,13,C4,C7,-0.29190965777478656
14,13,C5,C7,-0.42627891089534153
14,13,C6,C7,-0.25840498049302174
14,13,C7,C7,-0.22451621878970665
14,13,C8,C7,-0.16920414605729875
14,13,Enterobacteriaceae,C7,0.025683372323502925
14,13,Muribaculaceae,C7,0.4278747565413279
14,13,Paenibacillaceae,C7,-0.6384085004203746
14,13,Ruminococcaceae,C7,0.23555117452352117
14,13,C1,C8,-0.3543437468175886
14,13,C2,C8,-0.30999567959644225
14,13,C3,C8,-0.20301132186017523
14,13,C4,C8,-0.2566914303535711
14,13,C5,C8,-0.2790683306001265
14,13,C6,C8,-0.22055165153066933
14,13,C7,C8,-0.1789164269808977
14,13,C8,C8,-0.2150853120336074
14,13,Enterobacteriaceae,C8,0.02531799206359765
14,13,Muribaculaceae,C8,0.3704565988298389
14,13,Paenibacillaceae,C8,-0.6227548994368263
14,13,Ruminococcaceae,C8,0.15999201872246566
14,13,C1,Enterobacteriaceae,-0.021551865414166912
14,13,C2,Enterobacteriaceae,-0.01356425831388386
14,13,C3,Enterobacteriaceae,-0.009504725547933985
14,13,C4,Enterobacteriaceae,-0.012643964744316633
14,13,C5,Enterobacteriaceae,-0.011136694059517085
14,13,C6,Enterobacteriaceae,-0.0045324762691578944
14,13,C7,Enterobacteriaceae,-9.128249682231843e-4
14,13,C8,Enterobacteriaceae,-0.0028803223257478673
14,13,Enterobacteriaceae,Enterobacteriaceae,0.0014159829863548863
14,13,Muribaculaceae,Enterobacteriaceae,0.04321057732182608
14,13,Paenibacillaceae,Enterobacteriaceae,-0.041951586309619114
14,13,Ruminococcaceae,Enterobacteriaceae,0.020453220851355057
14,13,C1,Muribaculaceae,0.08424163381150487
14,13,C2,Muribaculaceae,0.14287256439473242
14,13,C3,Muribaculaceae,-0.039083180920785596
14,13,C4,Muribaculaceae,-0.05295350617892458
14,13,C5,Muribaculaceae,-0.08987964188978113
14,13,C6,Muribaculaceae,-0.12760438577907818
14,13,C7,Muribaculaceae,-0.10818094467511628
14,13,C8,Muribaculaceae,-0.11099072816765311
14,13,Enterobacteriaceae,Muribaculaceae,-0.05921893920442797
14,13,Muribaculaceae,Muribaculaceae,-0.20330337453401712
14,13,Paenibacillaceae,Muribaculaceae,0.4044204241514419
14,13,Ruminococcaceae,Muribaculaceae,0.5020260973261996
14,13,C1,Paenibacillaceae,-0.11329705844198705
14,13,C2,Paenibacillaceae,-0.25459487541941384
14,13,C3,Paenibacillaceae,-0.1772622455042461
14,13,C4,Paenibacillaceae,-0.016119638250511336
14,13,C5,Paenibacillaceae,-0.11248909093122195
14,13,C6,Paenibacillaceae,-0.001225797021861869
14,13,C7,Paenibacillaceae,-0.10832630959753582
14,13,C8,Paenibacillaceae,-0.016687892270135552
14,13,Enterobacteriaceae,Paenibacillaceae,0.033852542298217096
14,13,Muribaculaceae,Paenibacillaceae,0.17499899878867897
14,13,Paenibacillaceae,Paenibacillaceae,-0.36965767118624165
14,13,Ruminococcaceae,Paenibacillaceae,-0.0772885230218106
14,13,C1,Ruminococcaceae,0.5407305194748844
14,13,C2,Ruminococcaceae,0.4853074023944556
14,13,C3,Ruminococcaceae,0.3309610547807064
14,13,C4,Ruminococcaceae,0.15691285328345728
14,13,C5,Ruminococcaceae,0.2706299286649537
14,13,C6,Ruminococcaceae,0.07685729105022654
14,13,C7,Ruminococcaceae,-0.03670738347450519
14,13,C8,Ruminococcaceae,-0.11345527120824872
14,13,Enterobacteriaceae,Ruminococcaceae,-0.07935658364281238
14,13,Muribaculaceae,Ruminococcaceae,-0.7438182763089481
14,13,Paenibacillaceae,Ruminococcaceae,0.9756156521654525
14,13,Ruminococcaceae,Ruminococcaceae,0.07586918249851059
15,14,C1,C1,-0.1817591549408058
15,14,C2,C1,-0.039412225382303004
15,14,C3,C1,0.0947616133990345
15,14,C4,C1,-0.06243610841133297
15,14,C5,C1,0.022540052531880395
15,14,C6,C1,-0.041155001720059814
15,14,C7,C1,0.08390438460930714
15,14,C8,C1,-0.046473468692589705
15,14,Enterobacteriaceae,C1,0.024176589317803577
15,14,Muribaculaceae,C1,0.2122463727283027
15,14,Paenibacillaceae,C1,-0.3597259144559434
15,14,Ruminococcaceae,C1,-0.1700220374247474
15,14,C1,C2,-0.3416750425914988
15,14,C2,C2,-0.2659771361926437
15,14,C3,C2,-0.260501736930432
15,14,C4,C2,-0.1652143905397908
15,14,C5,C2,-0.2654997683819026
15,14,C6,C2,-0.1692028854555806
15,14,C7,C2,-0.10515199717645723
15,14,C8,C2,-0.08786121261320093
15,14,Enterobacteriaceae,C2,0.02021806231612914
15,14,Muribaculaceae,C2,0.23089819942563652
15,14,Paenibacillaceae,C2,-0.37913547775580975
15,14,Ruminococcaceae,C2,0.03147429080621846
15,14,C1,C3,-0.49147030098380673
15,14,C2,C3,-0.29783726421006385
15,14,C3,C3,-0.2799557473551189
15,14,C4,C3,-0.2199289796978226
15,14,C5,C3,-0.3285265986812963
15,14,C6,C3,-0.23123723629724863
15,14,C7,C3,-0.07308036322512025
15,14,C8,C3,-0.12144434899643293
15,14,Enterobacteriaceae,C3,0.0273268207809513
15,14,Muribaculaceae,C3,0.37128104243527943
15,14,Paenibacillaceae,C3,-0.5217562985203724
15,14,Ruminococcaceae,C3,0.02800595552744717
15,14,C1,C4,-0.07682375959620845
15,14,C2,C4,0.05804643454155997
15,14,C3,C4,0.1483722263791513
15,14,C4,C4,-0.06841001718197136
15,14,C5,C4,0.1759686784412067
15,14,C6,C4,0.16684634624731626
15,14,C7,C4,0.2274153489689667
15,14,C8,C4,0.18002650834631376
15,14,Enterobacteriaceae,C4,0.02225710111832327
15,14,Muribaculaceae,C4,0.1420323379465831
15,14,Paenibacillaceae,C4,-0.17950036467933805
15,14,Ruminococcaceae,C4,-0.19408860517898488
15,14,C1,C5,-0.48589814493265326
15,14,C2,C5,-0.24909608513895226
15,14,C3,C5,-0.14408456503254022
15,14,C4,C5,-0.28794047180231747
15,14,C5,C5,-0.2778886615611698
15,14,C6,C5,-0.24982551750873616
15,14,C7,C5,-0.028943860318223436
15,14,C8,C5,-0.16863661714886358
15,14,Enterobacteriaceae,C5,0.033155174406574006
15,14,Muribaculaceae,C5,0.4176623423658036
15,14,Paenibacillaceae,C5,-0.6140538809180448
15,14,Ruminococcaceae,C5,-0.048272075804067005
15,14,C1,C6,-0.33172891548857564
15,14,C2,C6,-0.1835650018840296
15,14,C3,C6,-0.07417580182596234
15,14,C4,C6,-0.259020430300964
15,14,C5,C6,-0.19654802991051545
15,14,C6,C6,-0.21232882062361974
15,14,C7,C6,-0.07131331069902752
15,14,C8,C6,-0.1855203618650826
15,14,Enterobacteriaceae,C6,0.019298383435822856
15,14,Muribaculaceae,C6,0.36979510428366674
15,14,Paenibacillaceae,C6,-0.5277191398090347
15,14,Ruminococcaceae,C6,0.02276335738058297
15,14,C1,C7,-0.4700691777452832
15,14,C2,C7,-0.41151800966038943
15,14,C3,C7,-0.3944991723724731
15,14,C4,C7,-0.2676527067855912
15,14,C5,C7,-0.39270575773337296
15,14,C6,C7,-0.23564037840816013
15,14,C7,C7,-0.20252131116493965
15,14,C8,C7,-0.1502904024588896
15,14,Enterobacteriaceae,C7,0.02644504042821686
15,14,Muribaculaceae,C7,0.3954613309824516
15,14,Paenibacillaceae,C7,-0.6164741544582916
15,14,Ruminococcaceae,C7,0.18599097557738187
15,14,C1,C8,-0.34143970896493553
15,14,C2,C8,-0.3016222669119714
15,14,C3,C8,-0.18988992739618646
15,14,C4,C8,-0.23381437405126032
15,14,C5,C8,-0.25511639603325353
15,14,C6,C8,-0.19919015247651495
15,14,C7,C8,-0.15823667173323272
15,14,C8,C8,-0.19057775655738493
15,14,Enterobacteriaceae,C8,0.02697709678444403
15,14,Muribaculaceae,C8,0.3415709386066995
15,14,Paenibacillaceae,C8,-0.609962310694238
15,14,Ruminococcaceae,C8,0.10488665568151213
15,14,C1,Enterobacteriaceae,-0.018466564928932998
15,14,C2,Enterobacteriaceae,-0.010889964922435571
15,14,C3,Enterobacteriaceae,-0.008640035833411056
15,14,C4,Enterobacteriaceae,-0.012273308693695098
15,14,C5,Enterobacteriaceae,-0.010807994550903291
15,14,C6,Enterobacteriaceae,-0.004875087899615265
15,14,C7,Enterobacteriaceae,-0.0017993891899927919
15,14,C8,Enterobacteriaceae,-0.0037752491907798507
15,14,Enterobacteriaceae,Enterobacteriaceae,8.898052989397125e-4
15,14,Muribaculaceae,Enterobacteriaceae,0.040375221951608226
15,14,Paenibacillaceae,Enterobacteriaceae,-0.035031116077451505
15,14,Ruminococcaceae,Enterobacteriaceae,0.024297919499662163
15,14,C1,Muribaculaceae,0.09434789815775844
15,14,C2,Muribaculaceae,0.15047030596918312
15,14,C3,Muribaculaceae,-0.03437216913894077
15,14,C4,Muribaculaceae,-0.05475049488475947
15,14,C5,Muribaculaceae,-0.08840740892504087
15,14,C6,Muribaculaceae,-0.12559613489168503
15,14,C7,Muribaculaceae,-0.11042889325945408
15,14,C8,Muribaculaceae,-0.11457725850074015
15,14,Enterobacteriaceae,Muribaculaceae,-0.05943317934263051
15,14,Muribaculaceae,Muribaculaceae,-0.18588292453451793
15,14,Paenibacillaceae,Muribaculaceae,0.41647074673819595
15,14,Ruminococcaceae,Muribaculaceae,0.5218316201251904
15,14,C1,Paenibacillaceae,-0.12979882616728128
15,14,C2,Paenibacillaceae,-0.2635628715059146
15,14,C3,Paenibacillaceae,-0.16741656953087442
15,14,C4,Paenibacillaceae,-0.006287276193635129
15,14,C5,Paenibacillaceae,-0.09681060983101308
15,14,C6,Paenibacillaceae,0.00957496442799964
15,14,C7,Paenibacillaceae,-0.08523805884969918
15,14,C8,Paenibacillaceae,0.0022239491374930614
15,14,Enterobacteriaceae,Paenibacillaceae,0.038231373665106254
15,14,Muribaculaceae,Paenibacillaceae,0.1580003618042344
15,14,Paenibacillaceae,Paenibacillaceae,-0.4057361683010864
15,14,Ruminococcaceae,Paenibacillaceae,-0.15713473668169756
15,14,C1,Ruminococcaceae,0.5092171511274615
15,14,C2,Ruminococcaceae,0.45854627771748213
15,14,C3,Ruminococcaceae,0.3080117795055656
15,14,C4,Ruminococcaceae,0.14314322007902347
15,14,C5,Ruminococcaceae,0.24885870042028888
15,14,C6,Ruminococcaceae,0.06790343976493107
15,14,C7,Ruminococcaceae,-0.03865096200443901
15,14,C8,Ruminococcaceae,-0.11053756064073744
15,14,Enterobacteriaceae,Ruminococcaceae,-0.07569824729361208
15,14,Muribaculaceae,Ruminococcaceae,-0.6891261990331167
15,14,Paenibacillaceae,Ruminococcaceae,0.9242762592809682
15,14,Ruminococcaceae,Ruminococcaceae,0.09588128946476643
16,15,C1,C1,-0.17833888304420598
16,15,C2,C1,-0.04688933083842452
16,15,C3,C1,0.08716977088726084
16,15,C4,C1,-0.05324955605683293
16,15,C5,C1,0.023237765388474718
16,15,C6,C1,-0.038173085026158626
16,15,C7,C1,0.08364415058822454
16,15,C8,C1,-0.03608113721725451
16,15,Enterobacteriaceae,C1,0.024846693707806136
16,15,Muribaculaceae,C1,0.1949503657596279
16,15,Paenibacillaceae,C1,-0.3568224709012541
16,15,Ruminococcaceae,C1,-0.18978758397668985
16,15,C1,C2,-0.3279754440462181
16,15,C2,C2,-0.25877249567027266
16,15,C3,C2,-0.2443150931254216
16,15,C4,C2,-0.14886694611119425
16,15,C5,C2,-0.24535894576770834
16,15,C6,C2,-0.1576295275045817
16,15,C7,C2,-0.09244794895501976
16,15,C8,C2,-0.07431352113973957
16,15,Enterobacteriaceae,C2,0.021271708563482976
16,15,Muribaculaceae,C2,0.2121878184501235
16,15,Paenibacillaceae,C2,-0.3760219610883264
16,15,Ruminococcaceae,C2,-0.003425903173079201
16,15,C1,C3,-0.46626789958301107
16,15,C2,C3,-0.2868183779308877
16,15,C3,C3,-0.26225611494440365
16,15,C4,C3,-0.2007527247385421
16,15,C5,C3,-0.30451140465545445
16,15,C6,C3,-0.21548667026383905
16,15,C7,C3,-0.06341046248090326
16,15,C8,C3,-0.10685130204913573
16,15,Enterobacteriaceae,C3,0.027526703972439063
16,15,Muribaculaceae,C3,0.34367113327045257
16,15,Paenibacillaceae,C3,-0.5055791264696488
16,15,Ruminococcaceae,C3,-0.0015080738093723746
16,15,C1,C4,-0.07936989626390908
16,15,C2,C4,0.04528910277294307
16,15,C3,C4,0.1373500337690184
16,15,C4,C4,-0.05951222756245653
16,15,C5,C4,0.16613775152241214
16,15,C6,C4,0.15605295315041443
16,15,C7,C4,0.21688684832542887
16,15,C8,C4,0.17429391400274863
16,15,Enterobacteriaceae,C4,0.022782929017121558
16,15,Muribaculaceae,C4,0.12990035140686804
16,15,Paenibacillaceae,C4,-0.1861524274127333
16,15,Ruminococcaceae,C4,-0.20839224842841203
16,15,C1,C5,-0.4584280826782901
16,15,C2,C5,-0.2383016644253738
16,15,C3,C5,-0.13513254549087123
16,15,C4,C5,-0.2657062558688533
16,15,C5,C5,-0.25793588864331857
16,15,C6,C5,-0.23288613325782867
16,15,C7,C5,-0.023851843441594515
16,15,C8,C5,-0.15306646856388859
16,15,Enterobacteriaceae,C5,0.032274235938362955
16,15,Muribaculaceae,C5,0.38786022944747506
16,15,Paenibacillaceae,C5,-0.5852930211609008
16,15,Ruminococcaceae,C5,-0.06328450176742735
16,15,C1,C6,-0.29807622614883317
16,15,C2,C6,-0.15812033017304472
16,15,C3,C6,-0.06760610644256101
16,15,C4,C6,-0.24808972404867002
16,15,C5,C6,-0.1862410002599107
16,15,C6,C6,-0.19844780378284835
16,15,C7,C6,-0.07350515806414176
16,15,C8,C6,-0.18249460020191755
16,15,Enterobacteriaceae,C6,0.015025447592121308
16,15,Muribaculaceae,C6,0.34890305068769106
16,15,Paenibacillaceae,C6,-0.46472054013589975
16,15,Ruminococcaceae,C6,0.061672254013242445
16,15,C1,C7,-0.44382328202353627
16,15,C2,C7,-0.3900032001673803
16,15,C3,C7,-0.3687582320574792
16,15,C4,C7,-0.2467121464905415
16,15,C5,C7,-0.3649938476357251
16,15,C6,C7,-0.21958224531823797
16,15,C7,C7,-0.18567379963309946
16,15,C8,C7,-0.13582736480551905
16,15,Enterobacteriaceae,C7,0.02605923262132396
16,15,Muribaculaceae,C7,0.36711760053195935
16,15,Paenibacillaceae,C7,-0.5879625191815808
16,15,Ruminococcaceae,C7,0.15468939481859909
16,15,C1,C8,-0.3264260805598484
16,15,C2,C8,-0.2904736263706709
16,15,C3,C8,-0.17824015656194836
16,15,C4,C8,-0.21369162342190182
16,15,C5,C8,-0.2359703385116687
16,15,C6,C8,-0.1854402651799745
16,15,C7,C8,-0.14276309886905328
16,15,C8,C8,-0.17126778503879259
16,15,Enterobacteriaceae,C8,0.027237249567865156
16,15,Muribaculaceae,C8,0.3159675679494185
16,15,Paenibacillaceae,C8,-0.5881990540490896
16,15,Ruminococcaceae,C8,0.06980527706702806
16,15,C1,Enterobacteriaceae,-0.01593015484714347
16,15,C2,Enterobacteriaceae,-0.00866379416280968
16,15,C3,Enterobacteriaceae,-0.007878450621942142
16,15,C4,Enterobacteriaceae,-0.01218677464128514
16,15,C5,Enterobacteriaceae,-0.010409953939281454
16,15,C6,Enterobacteriaceae,-0.0045838659642113404
16,15,C7,Enterobacteriaceae,-0.0024727042069051983
16,15,C8,Enterobacteriaceae,-0.004596220559336073
16,15,Enterobacteriaceae,Enterobacteriaceae,4.911937266670398e-4
16,15,Muribaculaceae,Enterobacteriaceae,0.03811481813478596
16,15,Paenibacillaceae,Enterobacteriaceae,-0.02954076511220072
16,15,Ruminococcaceae,Enterobacteriaceae,0.027272973902952895
16,15,C1,Muribaculaceae,0.09947155218269671
16,15,C2,Muribaculaceae,0.15357117098788725
16,15,C3,Muribaculaceae,-0.030468410134808173
16,15,C4,Muribaculaceae,-0.057564706670778315
16,15,C5,Muribaculaceae,-0.08538296498911331
16,15,C6,Muribaculaceae,-0.11756753512271276
16,15,C7,Muribaculaceae,-0.11004436381400401
16,15,C8,Muribaculaceae,-0.11637079270181228
16,15,Enterobacteriaceae,Muribaculaceae,-0.05844082259352954
16,15,Muribaculaceae,Muribaculaceae,-0.16947708627745878
16,15,Paenibacillaceae,Muribaculaceae,0.4162717706902623
16,15,Ruminococcaceae,Muribaculaceae,0.5274689419279396
16,15,C1,Paenibacillaceae,-0.14194168948120647
16,15,C2,Paenibacillaceae,-0.26991813268701254
16,15,C3,Paenibacillaceae,-0.15910474238427288
16,15,C4,Paenibacillaceae,0.005993962612308062
16,15,C5,Paenibacillaceae,-0.08505591961332709
16,15,C6,Paenibacillaceae,0.009485073735124961
16,15,C7,Paenibacillaceae,-0.06675412028210802
16,15,C8,Paenibacillaceae,0.01934990095200086
16,15,Enterobacteriaceae,Paenibacillaceae,0.04111330838425263
16,15,Muribaculaceae,Paenibacillaceae,0.14015980224194774
16,15,Paenibacillaceae,Paenibacillaceae,-0.4289716876329646
16,15,Ruminococcaceae,Paenibacillaceae,-0.2206479767258561
16,15,C1,Ruminococcaceae,0.47731718563071474
16,15,C2,Ruminococcaceae,0.43038398309523795
16,15,C3,Ruminococcaceae,0.2876465232339599
16,15,C4,Ruminococcaceae,0.13227631433689563
16,15,C5,Ruminococcaceae,0.23155545256822185
16,15,C6,Ruminococcaceae,0.06315785192995838
16,15,C7,Ruminococcaceae,-0.03747029205530055
16,15,C8,Ruminococcaceae,-0.1049955546934219
16,15,Enterobacteriaceae,Ruminococcaceae,-0.07121736837373503
16,15,Muribaculaceae,Ruminococcaceae,-0.6421453512633314
16,15,Paenibacillaceae,Ruminococcaceae,0.8677906042867505
16,15,Ruminococcaceae,Ruminococcaceae,0.09749768811093902
17,16,C1,C1,-0.17548107749737338
17,16,C2,C1,-0.05389045082307313
17,16,C3,C1,0.08015437244023142
17,16,C4,C1,-0.0444023661488179
17,16,C5,C1,0.023162526226145307
17,16,C6,C1,-0.03877495166287867
17,16,C7,C1,0.0828574080324025
17,16,C8,C1,-0.02686127366909281
17,16,Enterobacteriaceae,C1,0.02534838031096399
17,16,Muribaculaceae,C1,0.17876215691577055
17,16,Paenibacillaceae,C1,-0.35365413716163047
17,16,Ruminococcaceae,C1,-0.20770010345646003
17,16,C1,C2,-0.3165255338143866
17,16,C2,C2,-0.2534235598289556
17,16,C3,C2,-0.23063404763736656
17,16,C4,C2,-0.1334671645363843
17,16,C5,C2,-0.22840782397244352
17,16,C6,C2,-0.1510210650733611
17,16,C7,C2,-0.08172442287824337
17,16,C8,C2,-0.06201007904689231
17,16,Enterobacteriaceae,C2,0.02220016931297018
17,16,Muribaculaceae,C2,0.19452679967721745
17,16,Paenibacillaceae,C2,-0.37353203462443146
17,16,Ruminococcaceae,C2,-0.03598586741601717
17,16,C1,C3,-0.44324609988625685
17,16,C2,C3,-0.27627972943676543
17,16,C3,C3,-0.24691316954122466
17,16,C4,C3,-0.18398068968974524
17,16,C5,C3,-0.2843065182611023
17,16,C6,C3,-0.20417063336569596
17,16,C7,C3,-0.056038024241935366
17,16,C8,C3,-0.09488227593093893
17,16,Enterobacteriaceae,C3,0.027353368851057446
17,16,Muribaculaceae,C3,0.3191082069699404
17,16,Paenibacillaceae,C3,-0.4883243789120204
17,16,Ruminococcaceae,C3,-0.023916014712020046
17,16,C1,C4,-0.07451893864595559
17,16,C2,C4,0.04229541337921295
17,16,C3,C4,0.12871944256517037
17,16,C4,C4,-0.055678123036288524
17,16,C5,C4,0.15576583151534348
17,16,C6,C4,0.146378252965048
17,16,C7,C4,0.20339348668532928
17,16,C8,C4,0.16349853907720657
17,16,Enterobacteriaceae,C4,0.021392629122205315
17,16,Muribaculaceae,C4,0.12175434081752555
17,16,Paenibacillaceae,C4,-0.17482740966692137
17,16,Ruminococcaceae,C4,-0.19574393676365945
17,16,C1,C5,-0.43416916954389007
17,16,C2,C5,-0.2287591136989226
17,16,C3,C5,-0.1274740776235611
17,16,C4,C5,-0.24598715299096133
17,16,C5,C5,-0.24095772581625832
17,16,C6,C5,-0.2198913165773854
17,16,C7,C5,-0.01990765557374117
17,16,C8,C5,-0.13963950578102577
17,16,Enterobacteriaceae,C5,0.031373469783216
17,16,Muribaculaceae,C5,0.3613131945692361
17,16,Paenibacillaceae,C5,-0.5590240120220733
17,16,Ruminococcaceae,C5,-0.07563764162790794
17,16,C1,C6,-0.27640742318616995
17,16,C2,C6,-0.14473112214081166
17,16,C3,C6,-0.062869027809448
17,16,C4,C6,-0.23440708201182744
17,16,C5,C6,-0.1750931712565372
17,16,C6,C6,-0.18520379214373112
17,16,C7,C6,-0.07055491363257772
17,16,C8,C6,-0.17352183374855049
17,16,Enterobacteriaceae,C6,0.013347048661477979
17,16,Muribaculaceae,C6,0.32819563587399514
17,16,Paenibacillaceae,C6,-0.42866831432655605
17,16,Ruminococcaceae,C6,0.06815863652432548
17,16,C1,C7,-0.41783665264511266
17,16,C2,C7,-0.3677596964450613
17,16,C3,C7,-0.34590621194823806
17,16,C4,C7,-0.229928721600263
17,16,C5,C7,-0.34169787135707586
17,16,C6,C7,-0.20639027288736217
17,16,C7,C7,-0.17293690569158782
17,16,C8,C7,-0.12566325401725847
17,16,Enterobacteriaceae,C7,0.024899187906220577
17,16,Muribaculaceae,C7,0.34315803214506274
17,16,Paenibacillaceae,C7,-0.5554490569302869
17,16,Ruminococcaceae,C7,0.13809715963920077
17,16,C1,C8,-0.30672767018816105
17,16,C2,C8,-0.2731728974347393
17,16,C3,C8,-0.1671497649630358
17,16,C4,C8,-0.1997060266309959
17,16,C5,C8,-0.22093922751789732
17,16,C6,C8,-0.1738905372391361
17,16,C7,C8,-0.13326889765154856
17,16,C8,C8,-0.159756260957385
17,16,Enterobacteriaceae,C8,0.025737185356053707
17,16,Muribaculaceae,C8,0.2957926235790987
17,16,Paenibacillaceae,C8,-0.5531791484895631
17,16,Ruminococcaceae,C8,0.062489624864103914
17,16,C1,Enterobacteriaceae,-0.013832461197338516
17,16,C2,Enterobacteriaceae,-0.006815282175552231
17,16,C3,Enterobacteriaceae,-0.007183290908376094
17,16,C4,Enterobacteriaceae,-0.012141546465068877
17,16,C5,Enterobacteriaceae,-0.009938954042423077
17,16,C6,Enterobacteriaceae,-0.003908521516991752
17,16,C7,Enterobacteriaceae,-0.002906626543099501
17,16,C8,Enterobacteriaceae,-0.0052207166360204536
17,16,Enterobacteriaceae,Enterobacteriaceae,1.893811810558137e-4
17,16,Muribaculaceae,Enterobacteriaceae,0.03622887316461071
17,16,Paenibacillaceae,Enterobacteriaceae,-0.02515409529334077
17,16,Ruminococcaceae,Enterobacteriaceae,0.02946865801555191
17,16,C1,Muribaculaceae,0.10185407439987212
17,16,C2,Muribaculaceae,0.15418702529045233
17,16,C3,Muribaculaceae,-0.026982858217064247
17,16,C4,Muribaculaceae,-0.05963822485171906
17,16,C5,Muribaculaceae,-0.08146654711981088
17,16,C6,Muribaculaceae,-0.10713360369579636
17,16,C7,Muribaculaceae,-0.1077816395705681
17,16,C8,Muribaculaceae,-0.11626768354248201
17,16,Enterobacteriaceae,Muribaculaceae,-0.05690177146921506
17,16,Muribaculaceae,Muribaculaceae,-0.1548046012419255
17,16,Paenibacillaceae,Muribaculaceae,0.41003039586036455
17,16,Ruminococcaceae,Muribaculaceae,0.5251097587087254
17,16,C1,Paenibacillaceae,-0.15085022722821625
17,16,C2,Paenibacillaceae,-0.27416497030146836
17,16,C3,Paenibacillaceae,-0.15235536414794076
17,16,C4,Paenibacillaceae,0.01735018050920111
17,16,C5,Paenibacillaceae,-0.07672648152088253
17,16,C6,Paenibacillaceae,0.002557886448267658
17,16,C7,Paenibacillaceae,-0.052978860235403304
17,16,C8,Paenibacillaceae,0.032986358379340115
17,16,Enterobacteriaceae,Paenibacillaceae,0.042935790086788606
17,16,Muribaculaceae,Paenibacillaceae,0.12300286249318092
17,16,Paenibacillaceae,Paenibacillaceae,-0.44314198800736815
17,16,Ruminococcaceae,Paenibacillaceae,-0.270443028494772
17,16,C1,Ruminococcaceae,0.4473150478905361
17,16,C2,Ruminococcaceae,0.40332849427112966
17,16,C3,Ruminococcaceae,0.2695442679232827
17,16,C4,Ruminococcaceae,0.12392957460335778
17,16,C5,Ruminococcaceae,0.216970423849391
17,16,C6,Ruminococcaceae,0.05913933385376993
17,16,C7,Ruminococcaceae,-0.035157241614812054
17,16,C8,Ruminococcaceae,-0.09844183802614752
17,16,Enterobacteriaceae,Ruminococcaceae,-0.0667452389303345
17,16,Muribaculaceae,Ruminococcaceae,-0.6017947246915784
17,16,Paenibacillaceae,Ruminococcaceae,0.8132704752099862
17,16,Ruminococcaceae,Ruminococcaceae,0.09139241770483948
18.9,17,C1,C1,-0.1697394812823816
18.9,17,C2,C1,-0.06449481440352876
18.9,17,C3,C1,0.06762181942759402
18.9,17,C4,C1,-0.03401163805645663
18.9,17,C5,C1,0.021190839345966567
18.9,17,C6,C1,-0.042671745438391785
18.9,17,C7,C1,0.0770303477669575
18.9,17,C8,C1,-0.01808973253514345
18.9,17,Enterobacteriaceae,C1,0.026041786397834547
18.9,17,Muribaculaceae,C1,0.1520399136860382
18.9,17,Paenibacillaceae,C1,-0.34547164143454595
18.9,17,Ruminococcaceae,C1,-0.22865031196881627
18.9,17,C1,C2,-0.29563345584834644
18.9,17,C2,C2,-0.24261043169504515
18.9,17,C3,C2,-0.20996494681851643
18.9,17,C4,C2,-0.11361417107308272
18.9,17,C5,C2,-0.2035316041047007
18.9,17,C6,C2,-0.1428799703370892
18.9,17,C7,C2,-0.0700097238375128
18.9,17,C8,C2,-0.04953506676538728
18.9,17,Enterobacteriaceae,C2,0.02320461085730511
18.9,17,Muribaculaceae,C2,0.16617929952000066
18.9,17,Paenibacillaceae,C2,-0.36301037070977765
18.9,17,Ruminococcaceae,C2,-0.0749292167147326
18.9,17,C1,C3,-0.4021066082992816
18.9,17,C2,C3,-0.25456418207060616
18.9,17,C3,C3,-0.22244985465796385
18.9,17,C4,C3,-0.16166216453361515
18.9,17,C5,C3,-0.2537237017716298
18.9,17,C6,C3,-0.18620009713638927
18.9,17,C7,C3,-0.04862910740560742
18.9,17,C8,C3,-0.08195713376858796
18.9,17,Enterobacteriaceae,C3,0.026048891173443944
18.9,17,Muribaculaceae,C3,0.28141733141918335
18.9,17,Paenibacillaceae,C3,-0.450250420848546
18.9,17,Ruminococcaceae,C3,-0.04182191082583318
18.9,17,C1,C4,-0.05476940480144227
18.9,17,C2,C4,0.05263044224531162
18.9,17,C3,C4,0.11858504446597876
18.9,17,C4,C4,-0.05487885905722029
18.9,17,C5,C4,0.13867899282415558
18.9,17,C6,C4,0.13804169784378104
18.9,17,C7,C4,0.17892843652336687
18.9,17,C8,C4,0.14066557172722297
18.9,17,Enterobacteriaceae,C4,0.01602213725954959
18.9,17,Muribaculaceae,C4,0.11570217347524146
18.9,17,Paenibacillaceae,C4,-0.12931459282848606
18.9,17,Ruminococcaceae,C4,-0.13561816936292423
18.9,17,C1,C5,-0.3928154597790708
18.9,17,C2,C5,-0.21062607717228113
18.9,17,C3,C5,-0.11539744628404135
18.9,17,C4,C5,-0.21756419651269857
18.9,17,C5,C5,-0.21504742152801526
18.9,17,C6,C5,-0.19951048676117042
18.9,17,C7,C5,-0.016629599775748686
18.9,17,C8,C5,-0.12247392799037732
18.9,17,Enterobacteriaceae,C5,0.029330297980475938
18.9,17,Muribaculaceae,C5,0.31981301362602405
18.9,17,Paenibacillaceae,C5,-0.510710559841371
18.9,17,Ruminococcaceae,C5,-0.08409816337888254
18.9,17,C1,C6,-0.24734373460228223
18.9,17,C2,C6,-0.12983924289753976
18.9,17,C3,C6,-0.05629735160492316
18.9,17,C4,C6,-0.20920341062514053
18.9,17,C5,C6,-0.15639043652330137
18.9,17,C6,C6,-0.1657137178709078
18.9,17,C7,C6,-0.06293207949594724
18.9,17,C8,C6,-0.15481369162920647
18.9,17,Enterobacteriaceae,C6,0.012037341639004131
18.9,17,Muribaculaceae,C6,0.29290854952588063
18.9,17,Paenibacillaceae,C6,-0.3839121893800039
18.9,17,Ruminococcaceae,C6,0.05947605396403107
18.9,17,C1,C7,-0.3668124680788688
18.9,17,C2,C7,-0.3204193615282247
18.9,17,C3,C7,-0.30702385762776707
18.9,17,C4,C7,-0.20819487720987392
18.9,17,C5,C7,-0.30547854109242956
18.9,17,C6,C7,-0.18039633292712312
18.9,17,C7,C7,-0.1559866661972474
18.9,17,C8,C7,-0.11519237464790708
18.9,17,Enterobacteriaceae,C7,0.020559990804493545
18.9,17,Muribaculaceae,C7,0.31031410724157465
18.9,17,Paenibacillaceae,C7,-0.4815346271912731
18.9,17,Ruminococcaceae,C7,0.14476962248314157
18.9,17,C1,C8,-0.2598722074636028
18.9,17,C2,C8,-0.2262451832149568
18.9,17,C3,C8,-0.14499577102992364
18.9,17,C4,C8,-0.18454915624066828
18.9,17,C5,C8,-0.1979084983740612
18.9,17,C6,C8,-0.14661112437272333
18.9,17,C7,C8,-0.12234520898842238
18.9,17,C8,C8,-0.1491498899448814
18.9,17,Enterobacteriaceae,C8,0.019295724645562024
18.9,17,Muribaculaceae,C8,0.2725310468021263
18.9,17,Paenibacillaceae,C8,-0.46199895188480744
18.9,17,Ruminococcaceae,C8,0.10279445512915576
18.9,17,C1,Enterobacteriaceae,-0.012313013423005791
18.9,17,C2,Enterobacteriaceae,-0.006035792067365666
18.9,17,C3,Enterobacteriaceae,-0.006407181747265925
18.9,17,C4,Enterobacteriaceae,-0.010872280867099187
18.9,17,C5,Enterobacteriaceae,-0.008883283682298643
18.9,17,C6,Enterobacteriaceae,-0.003470500094309051
18.9,17,C7,Enterobacteriaceae,-0.002615920035683916
18.9,17,C8,Enterobacteriaceae,-0.004695649505703606
18.9,17,Enterobacteriaceae,Enterobacteriaceae,1.5819263234298476e-4
18.9,17,Muribaculaceae,Enterobacteriaceae,0.03238652874583637
18.9,17,Paenibacillaceae,Enterobacteriaceae,-0.02237082265650298
18.9,17,Ruminococcaceae,Enterobacteriaceae,0.026477068846928097
18.9,17,C1,Muribaculaceae,0.10079582077020414
18.9,17,C2,Muribaculaceae,0.15008054525348583
18.9,17,C3,Muribaculaceae,-0.021109350879910966
18.9,17,C4,Muribaculaceae,-0.05756563382536496
18.9,17,C5,Muribaculaceae,-0.07315951341614942
18.9,17,C6,Muribaculaceae,-0.08964383900521032
18.9,17,C7,Muribaculaceae,-0.09858467788839985
18.9,17,C8,Muribaculaceae,-0.10835527475282428
18.9,17,Enterobacteriaceae,Muribaculaceae,-0.05339308993697175
18.9,17,Muribaculaceae,Muribaculaceae,-0.13251702016445654
18.9,17,Paenibacillaceae,Muribaculaceae,0.38860005931601516
18.9,17,Ruminococcaceae,Muribaculaceae,0.5016719050744803
18.9,17,C1,Paenibacillaceae,-0.15842995712021024
18.9,17,C2,Paenibacillaceae,-0.2747209169215564
18.9,17,C3,Paenibacillaceae,-0.14334320988572757
18.9,17,C4,Paenibacillaceae,0.025800326780999285
18.9,17,C5,Paenibacillaceae,-0.0676240089327102
18.9,17,C6,Paenibacillaceae,-0.01236583263405207
18.9,17,C7,Paenibacillaceae,-0.04182374291734124
18.9,17,C8,Paenibacillaceae,0.040228649404682126
18.9,17,Enterobacteriaceae,Paenibacillaceae,0.04455049006029049
18.9,17,Muribaculaceae,Paenibacillaceae,0.09594034920956651
18.9,17,Paenibacillaceae,Paenibacillaceae,-0.4497461444447834
18.9,17,Ruminococcaceae,Paenibacillaceae,-0.3201942276988334
18.9,17,C1,Ruminococcaceae,0.3724668474910534
18.9,17,C2,Ruminococcaceae,0.32592942199835456
18.9,17,C3,Ruminococcaceae,0.23207003657090605
18.9,17,C4,Ruminococcaceae,0.12163048770144252
18.9,17,C5,Ruminococcaceae,0.19447341326762263
18.9,17,C6,Ruminococcaceae,0.03544668647799338
18.9,17,C7,Ruminococcaceae,-0.026132658629413743
18.9,17,C8,Ruminococcaceae,-0.0769703077474124
18.9,17,Enterobacteriaceae,Ruminococcaceae,-0.052463453360550846
18.9,17,Muribaculaceae,Ruminococcaceae,-0.5536861322428261
18.9,17,Paenibacillaceae,Ruminococcaceae,0.6647770344611731
18.9,17,Ruminococcaceae,Ruminococcaceae,-0.00713002405364062
