time,window,effector_j,target_i,strength
2,1,C1,C1,-4.907048121473665e-4
2,1,C2,C1,-1.8285329366553985e-4
2,1,C3,C1,-0.0026349476920986777
2,1,C4,C1,-0.00302989016569623
2,1,C5,C1,0.0012425478137890595
2,1,C6,C1,2.632674728228946e-4
2,1,C7,C1,-0.002196972187492777
2,1,C8,C1,0.0028890711580195566
2,1,C9,C1,-5.283904678163206e-4
2,1,C10,C1,0.0016809625190054754
2,1,C11,C1,-0.0010366481878265723
2,1,C12,C1,-0.001883517180809576
2,1,C13,C1,-0.003345001012675749
2,1,C14,C1,-0.0020001596319321794
2,1,Enterobacteriaceae,C1,-3.9885609420851745e-6
2,1,Paenibacillaceae,C1,0.0049339424426109845
2,1,Ruminococcaceae,C1,1.9563171111653438e-17
2,1,C1,C2,-9.575890639770265e-5
2,1,C2,C2,-3.56830236818013e-5
2,1,C3,C2,-5.141985632998884e-4
2,1,C4,C2,-5.91269866505996e-4
2,1,C5,C2,2.4247779286004382e-4
2,1,C6,C2,5.137550043025932e-5
2,1,C7,C2,-4.287295515604087e-4
2,1,C8,C2,5.637896506179197e-4
2,1,C9,C2,-1.0311309792874958e-4
2,1,C10,C2,3.2803251268534634e-4
2,1,C11,C2,-2.0229737782889387e-4
2,1,C12,C2,-3.6756017253289445e-4
2,1,C13,C2,-6.527623755538791e-4
2,1,C14,C2,-3.9032243873152623e-4
2,1,Enterobacteriaceae,C2,-7.783502921914728e-7
2,1,Paenibacillaceae,C2,9.628373735852921e-4
2,1,Ruminococcaceae,C2,5.35849073659175e-18
2,1,C1,C3,-0.003101186398306414
2,1,C2,C3,-0.0011556074714645594
2,1,C3,C3,-0.016652504195396576
2,1,C4,C3,-0.01914848588727041
2,1,C5,C3,0.00785272995898556
2,1,C6,C3,0.0016638139378785499
2,1,C7,C3,-0.013884559712171686
2,1,C8,C3,0.018258529277065498
2,1,C9,C3,-0.0033393545186889964
2,1,C10,C3,0.010623450129193206
2,1,C11,C3,-0.006551472861756437
2,1,C12,C3,-0.011903567516572306
2,1,C13,C3,-0.021139942764033682
2,1,C14,C3,-0.012640731640363098
2,1,Enterobacteriaceae,C3,-2.520715231685171e-5
2,1,Paenibacillaceae,C3,0.03118183236494687
2,1,Ruminococcaceae,C3,1.1538810651258964e-16
2,1,C1,C4,-0.003283351764660389
2,1,C2,C4,-0.0012234884793638798
2,1,C3,C4,-0.0176306812985601
2,1,C4,C4,-0.020273278304999136
2,1,C5,C4,0.008314003564028661
2,1,C6,C4,0.0017615472684851903
2,1,C7,C4,-0.014700146259311396
2,1,C8,C4,0.01933104516216605
2,1,C9,C4,-0.003535510009250598
2,1,C10,C4,0.011247477335614757
2,1,C11,C4,-0.006936309921106281
2,1,C12,C4,-0.012602789510696825
2,1,C13,C4,-0.022381714435809125
2,1,C14,C4,-0.013383255053824003
2,1,Enterobacteriaceae,C4,-2.668783407756347e-5
2,1,Paenibacillaceae,C4,0.03301347006316803
2,1,Ruminococcaceae,C4,1.264149116672873e-16
2,1,C1,C5,0.0014607543301230037
2,1,C2,C5,5.443267192150121e-4
2,1,C3,C5,0.007843842480445952
2,1,C4,C5,0.009019526749635179
2,1,C5,C5,-0.003698877725356709
2,1,C6,C5,-7.837076209293237e-4
2,1,C7,C5,0.006540055358324266
2,1,C8,C5,-0.008600329769831461
2,1,C9,C5,0.0015729388519357228
2,1,C10,C5,-0.005003972281556315
2,1,C11,C5,0.0030859455454597556
2,1,C12,C5,0.0056069470068746494
2,1,C13,C5,0.009957564288292588
2,1,C14,C5,0.0059541740185843585
2,1,Enterobacteriaceae,C5,1.1873345283927392e-5
2,1,Paenibacillaceae,C5,-0.014687603645217998
2,1,Ruminococcaceae,C5,-5.43762319051393e-17
2,1,C1,C6,2.67618714584718e-4
2,1,C2,C6,9.972383028853987e-5
2,1,C3,C6,0.0014370376994502479
2,1,C4,C6,0.0016524299159165175
2,1,C5,C6,-6.776559766779216e-4
2,1,C6,C6,-1.4357980791040496e-4
2,1,C7,C6,0.001198176293039128
2,1,C8,C6,-0.001575630583832101
2,1,C9,C6,2.881715734088924e-4
2,1,C10,C6,-9.167569126390301e-4
2,1,C11,C6,5.653632257826911e-4
2,1,C12,C6,0.001027225399768674
2,1,C13,C6,0.0018242838650378381
2,1,C14,C6,0.0010908394138616669
2,1,Enterobacteriaceae,C6,2.175266119141063e-6
2,1,Paenibacillaceae,C6,-0.0026908546678975583
2,1,Ruminococcaceae,C6,-1.0592307842638306e-17
2,1,C1,C7,-0.0022764970611645944
2,1,C2,C7,-8.483001905611199e-4
2,1,C3,C7,-0.012224152950804245
2,1,C4,C7,-0.014056385605176283
2,1,C5,C7,0.0057644766801222954
2,1,C6,C7,0.0012213608127436939
2,1,C7,C7,-0.010192279766732058
2,1,C8,C7,0.013403092527145924
2,1,C9,C7,-0.0024513298369081334
2,1,C10,C7,0.007798387420938063
2,1,C11,C7,-0.004809259038487014
2,1,C12,C7,-0.0087380869733112
2,1,C13,C7,-0.015518260238014673
2,1,C14,C7,-0.009279219219448409
2,1,Enterobacteriaceae,C7,-1.8503888770110397e-5
2,1,Paenibacillaceae,C7,0.022889739803868048
2,1,Ruminococcaceae,C7,8.935132503276254e-17
2,1,C1,C8,0.0033765939930933625
2,1,C2,C8,0.001258233703285931
2,1,C3,C8,0.01813136600458622
2,1,C4,C8,0.02084900877261034
2,1,C5,C8,-0.008550108701423195
2,1,C6,C8,-0.0018115725489231407
2,1,C7,C8,0.015117608198742256
2,1,C8,C8,-0.019880017632389713
2,1,C9,C8,0.003635913150777448
2,1,C10,C8,-0.011566888695162023
2,1,C11,C8,0.007133290640963022
2,1,C12,C8,0.012960689687917295
2,1,C13,C8,0.023017321303342306
2,1,C14,C8,0.013763319273057758
2,1,Enterobacteriaceae,C8,2.7445728235668974e-5
2,1,Paenibacillaceae,C8,-0.03395100272419056
2,1,Ruminococcaceae,C8,-1.2599137072346377e-16
2,1,C1,C9,-0.0010353692465230671
2,1,C2,C9,-3.8581377683719373e-4
2,1,C3,C9,-0.005559643474163875
2,1,C4,C9,-0.006392957680966167
2,1,C5,C9,0.002621730543260521
2,1,C6,C9,5.554847603345129e-4
2,1,C7,C9,-0.004635531142322321
2,1,C8,C9,0.006095834713623961
2,1,C9,C9,-0.0011148846047359846
2,1,C10,C9,0.003546769572362666
2,1,C11,C9,-0.0021872898462980046
2,1,C12,C9,-0.0039741525170175285
2,1,C13,C9,-0.007057830068870232
2,1,C14,C9,-0.0042202638322967135
2,1,Enterobacteriaceae,C9,-8.415718034731397e-6
2,1,Paenibacillaceae,C9,0.01041043850138601
2,1,Ruminococcaceae,C9,3.2308404178383765e-17
2,1,C1,C10,0.001971462998440574
2,1,C2,C10,7.346341296859859e-4
2,1,C3,C10,0.010586205289217514
2,1,C4,C10,0.012172932082873523
2,1,C5,C10,-0.004992078695863077
2,1,C6,C10,-0.0010577073395551403
2,1,C7,C10,0.008826588346038718
2,1,C8,C10,-0.011607175529770253
2,1,C9,C10,0.0021228694527571606
2,1,C10,C10,-0.006753460177988884
2,1,C11,C10,0.004164853276569873
2,1,C12,C10,0.007567246819209976
2,1,C13,C10,0.013438926138462343
2,1,C14,C10,0.008035871276812741
2,1,Enterobacteriaceae,C10,1.6024502144039973e-5
2,1,Paenibacillaceae,C10,-0.019822681011577022
2,1,Ruminococcaceae,C10,-7.345792398717491e-17
2,1,C1,C11,-9.774479572429039e-4
2,1,C2,C11,-3.642303355175621e-4
2,1,C3,C11,-0.005248622339391862
2,1,C4,C11,-0.006035318749311018
2,1,C5,C11,0.0024750640146565554
2,1,C6,C11,5.244094762249034e-4
2,1,C7,C11,-0.004376207291277554
2,1,C8,C11,0.005754817625239709
2,1,C9,C11,-0.0010525150163772565
2,1,C10,C11,0.0033483539181400008
2,1,C11,C11,-0.0020649270773124995
2,1,C12,C11,-0.003751827932474684
2,1,C13,C11,-0.006662996420408959
2,1,C14,C11,-0.003984171130982699
2,1,Enterobacteriaceae,C11,-7.944920548301387e-6
2,1,Paenibacillaceae,C11,0.009828051085498307
2,1,Ruminococcaceae,C11,4.0015736448648283e-17
2,1,C1,C12,-0.002422683188311996
2,1,C2,C12,-9.027741108802327e-4
2,1,C3,C12,-0.013009131595415991
2,1,C4,C12,-0.014959021768589577
2,1,C5,C12,0.0061346447489831054
2,1,C6,C12,0.0012997909632193824
2,1,C7,C12,-0.01084678089977512
2,1,C8,C12,0.01426377722635631
2,1,C9,C12,-0.0026087429174394914
2,1,C10,C12,0.00829916384385106
2,1,C11,C12,-0.005118087442124578
2,1,C12,C12,-0.009299206561426143
2,1,C13,C12,-0.016514771238604505
2,1,C14,C12,-0.00987508782116274
2,1,Enterobacteriaceae,C12,-1.9692123045750083e-5
2,1,Paenibacillaceae,C12,0.024359613176613566
2,1,Ruminococcaceae,C12,8.704769662400614e-17
2,1,C1,C13,-0.0036483053155353163
2,1,C2,C13,-0.0013594825783831788
2,1,C3,C13,-0.01959037986436979
2,1,C4,C13,-0.022526708773497946
2,1,C5,C13,0.0092381278553511
2,1,C6,C13,0.0019573480771549233
2,1,C7,C13,-0.01633410782062202
2,1,C8,C13,0.02147974383344162
2,1,C9,C13,-0.003928491640374522
2,1,C10,C13,0.012497665279592927
2,1,C11,C13,-0.007707299786683039
2,1,C12,C13,-0.014003624118905133
2,1,C13,C13,-0.024869503361118515
2,1,C14,C13,-0.014870840547016834
2,1,Enterobacteriaceae,C13,-2.965426000749276e-5
2,1,Paenibacillaceae,C13,0.0366830077764086
2,1,Ruminococcaceae,C13,1.4008290707932308e-16
2,1,C1,C14,-0.001691932127659119
2,1,C2,C14,-6.30471425065418e-4
2,1,C3,C14,-0.009085202640368927
2,1,C4,C14,-0.010446949750067512
2,1,C5,C14,0.004284259119250192
2,1,C6,C14,9.077365544622162e-4
2,1,C7,C14,-0.00757507922395561
2,1,C8,C14,0.009961410995657078
2,1,C9,C14,-0.0018218708810599094
2,1,C10,C14,0.0057958968832000045
2,1,C11,C14,-0.0035743247888440194
2,1,C12,C14,-0.006494297900328323
2,1,C13,C14,-0.01153344035007901
2,1,C14,C14,-0.006896476777767115
2,1,Enterobacteriaceae,C14,-1.3752411294906102e-5
2,1,Paenibacillaceae,C14,0.017012051905795078
2,1,Ruminococcaceae,C14,7.290607509325718e-17
2,1,C1,Enterobacteriaceae,-4.224039548259701e-6
2,1,C2,Enterobacteriaceae,-1.574020724583463e-6
2,1,C3,Enterobacteriaceae,-2.2681911779739978e-5
2,1,C4,Enterobacteriaceae,-2.6081618867312963e-5
2,1,C5,Enterobacteriaceae,1.069598458405252e-5
2,1,C6,Enterobacteriaceae,2.266234586345009e-6
2,1,C7,Enterobacteriaceae,-1.891177175496938e-5
2,1,C8,Enterobacteriaceae,2.486943377589323e-5
2,1,C9,Enterobacteriaceae,-4.548441706150007e-6
2,1,C10,Enterobacteriaceae,1.4469905294690686e-5
2,1,C11,Enterobacteriaceae,-8.923578564165693e-6
2,1,C12,Enterobacteriaceae,-1.6213517505055443e-5
2,1,C13,Enterobacteriaceae,-2.87941267677396e-5
2,1,C14,Enterobacteriaceae,-1.7217588209786703e-5
2,1,Enterobacteriaceae,Enterobacteriaceae,-3.433395952708138e-8
2,1,Paenibacillaceae,Enterobacteriaceae,4.247190467772902e-5
2,1,Ruminococcaceae,Enterobacteriaceae,1.6423592077785746e-19
2,1,C1,Paenibacillaceae,0.005251212647886453
2,1,C2,Paenibacillaceae,0.0019567803384732676
2,1,C3,Paenibacillaceae,0.028197544235845872
2,1,C4,Paenibacillaceae,0.03242396888301275
2,1,C5,Paenibacillaceae,-0.013296961093206574
2,1,C6,Paenibacillaceae,-0.0028173220413610046
2,1,C7,Paenibacillaceae,0.02351060729877695
2,1,C8,Paenibacillaceae,-0.03091701289670689
2,1,C9,Paenibacillaceae,0.005654500707823552
2,1,C10,Paenibacillaceae,-0.017988598077521418
2,1,C11,Paenibacillaceae,0.011093553477703928
2,1,C12,Paenibacillaceae,0.020156210001479127
2,1,C13,Paenibacillaceae,0.03579608593624461
2,1,C14,Paenibacillaceae,0.021404443765348443
2,1,Enterobacteriaceae,Paenibacillaceae,4.268305740530119e-5
2,1,Paenibacillaceae,Paenibacillaceae,-0.052799932499544455
2,1,Ruminococcaceae,Paenibacillaceae,-2.0373972879324586e-16
2,1,C1,Ruminococcaceae,2.378838016363764e-17
2,1,C2,Ruminococcaceae,8.864359093716363e-18
2,1,C3,Ruminococcaceae,1.2773695276524148e-16
2,1,C4,Ruminococcaceae,1.4688296778717258e-16
2,1,C5,Ruminococcaceae,-6.023621336942477e-17
2,1,C6,Ruminococcaceae,-1.2762676405852786e-17
2,1,C7,Ruminococcaceae,1.0650478314307546e-16
2,1,C8,Ruminococcaceae,-1.4005634614835115e-16
2,1,C9,Ruminococcaceae,2.5615304786296575e-17
2,1,C10,Ruminococcaceae,-8.148967455187985e-17
2,1,C11,Ruminococcaceae,5.0254614541173936e-17
2,1,C12,Ruminococcaceae,9.130911626028009e-17
2,1,C13,Ruminococcaceae,1.6215890646980269e-16
2,1,C14,Ruminococcaceae,9.696370717081315e-17
2,1,Enterobacteriaceae,Ruminococcaceae,1.933573946033944e-19
2,1,Paenibacillaceae,Ruminococcaceae,-2.3918758411338753e-16
2,1,Ruminococcaceae,Ruminococcaceae,-2.3665827156630347e-30
3,2,C1,C1,-3.148400550445264e-4
3,2,C2,C1,-3.6265498317212505e-5
3,2,C3,C1,-0.0021245093138788926
3,2,C4,C1,-0.002179885956344314
3,2,C5,C1,0.0010003028584361232
3,2,C6,C1,1.729639688120015e-4
3,2,C7,C1,-0.0014836046036852243
3,2,C8,C1,0.0023073650497619372
3,2,C9,C1,-8.108405314948804e-4
3,2,C10,C1,0.0013488737278582218
3,2,C11,C1,-6.100267633947248e-4
3,2,C12,C1,-0.0017102555806941227
3,2,C13,C1,-0.00242844978315749
3,2,C14,C1,-9.964654076613118e-4
3,2,Enterobacteriaceae,C1,-2.778240726253132e-6
3,2,Paenibacillaceae,C1,0.0034609244652456946
3,2,Ruminococcaceae,C1,1.1560303746114351e-17
3,2,C1,C2,0.0025931659636533374
3,2,C2,C2,0.0040864523874156915
3,2,C3,C2,-0.002778394018698885
3,2,C4,C2,0.006931434403363888
3,2,C5,C2,0.0012508978023635547
3,2,C6,C2,-0.0012353735352829578
3,2,C7,C2,0.00876108914095661
3,2,C8,C2,0.0021979622139546295
3,2,C9,C2,-0.015370162236135012
3,2,C10,C2,0.0015239891791142654
3,2,C11,C2,0.007599088513481426
3,2,C12,C2,-0.009361999962912534
3,2,C13,C2,0.006811049504807778
3,2,C14,C2,0.021612221605962097
3,2,Enterobacteriaceae,C2,1.26418407169381e-5
3,2,Paenibacillaceae,C2,-0.014707600785113899
3,2,Ruminococcaceae,C2,-3.2075476889479625e-17
3,2,C1,C3,-0.015271134314222024
3,2,C2,C3,-0.01987640816027777
3,2,C3,C3,-0.006061134118925253
3,2,C4,C3,-0.05300903196836472
3,2,C5,C3,0.003127798743859118
3,2,C6,C3,0.0074843718673680525
3,2,C7,C3,-0.055418619797488626
3,2,C8,C3,0.010502921868327948
3,2,C9,C3,0.06613235682004956
3,2,C10,C3,0.004996439142080625
3,2,C11,C3,-0.0419038242016796
3,2,C12,C3,0.02920233750626193
3,2,C13,C3,-0.054697198855519595
3,2,C14,C3,-0.11245045075928226
3,2,Enterobacteriaceae,C3,-8.577270462460713e-5
3,2,Paenibacillaceae,C3,0.10187159814396439
3,2,Ruminococcaceae,C3,2.5023011290901906e-16
3,2,C1,C4,-0.010696878831535628
3,2,C2,C4,-0.014264676535228397
3,2,C3,C4,-0.0024149551591160423
3,2,C4,C4,-0.03613571749217078
3,2,C5,C4,0.0013341389831996865
3,2,C6,C4,0.005225447749500861
3,2,C7,C4,-0.03850649614097514
3,2,C8,C4,0.005442696776341013
3,2,C9,C4,0.04831394436066735
3,2,C10,C4,0.002359197460898395
3,2,C11,C4,-0.029584562773138867
3,2,C12,C4,0.02257217841489248
3,2,C13,C4,-0.03712251393991095
3,2,C14,C4,-0.07997771698669455
3,2,Enterobacteriaceae,C4,-5.9156097410157144e-5
3,2,Paenibacillaceae,C4,0.07011164324028663
3,2,Ruminococcaceae,C4,1.8341703981356224e-16
3,2,C1,C5,0.007210586318171271
3,2,C2,C5,0.009443293780697137
3,2,C3,C5,0.002550166892383719
3,2,C4,C5,0.02485986303766044
3,2,C5,C5,-0.0013309640674507217
3,2,C6,C5,-0.0035309939154810816
3,2,C7,C5,0.026113893621369472
3,2,C8,C5,-0.004633219673181184
3,2,C9,C5,-0.03156474242097109
3,2,C10,C5,-0.002164946464094633
3,2,C11,C5,0.019825350319608994
3,2,C12,C5,-0.014148979548686817
3,2,C13,C5,0.025623641872433444
3,2,C14,C5,0.05330191778077827
3,2,Enterobacteriaceae,C5,4.034194150311686e-5
3,2,Paenibacillaceae,C5,-0.04788868626592139
3,2,Ruminococcaceae,C5,-1.1774071726697235e-16
3,2,C1,C6,5.010840265691122e-4
3,2,C2,C6,7.041091285480737e-4
3,2,C3,C6,-7.903116329385528e-5
3,2,C4,C6,0.0015882771206678246
3,2,C5,C6,2.743603463470505e-5
3,2,C6,C6,-2.4298726269483695e-4
3,2,C7,C6,0.0017710206198186637
3,2,C8,C6,-5.4028092224224905e-5
3,2,C9,C6,-0.002472163802052835
3,2,C10,C6,9.213727616386484e-6
3,2,C11,C6,0.0014102566777489764
3,2,C12,C6,-0.001279583631936156
3,2,C13,C6,0.0016139602209763898
3,2,C14,C6,0.0038735058717274855
3,2,Enterobacteriaceae,C6,2.674054152122015e-6
3,2,Paenibacillaceae,C6,-0.0031535452959925232
3,2,Ruminococcaceae,C6,-9.42016845216097e-18
3,2,C1,C7,-0.004870691174808887
3,2,C2,C7,-0.006310978861727969
3,2,C3,C7,-0.002086036709719752
3,2,C4,C7,-0.01699019731692803
3,2,C5,C7,0.0010691411073864092
3,2,C6,C7,0.0023885487377839163
3,2,C7,C7,-0.01770170570377994
3,2,C8,C7,0.003509711952329425
3,2,C9,C7,0.020926545453260195
3,2,C10,C7,0.0016888404312767262
3,2,C11,C7,-0.013345714554173759
3,2,C12,C7,0.00913725321601195
3,2,C13,C7,-0.01754497458334458
3,2,C14,C7,-0.03576474799533479
3,2,Enterobacteriaceae,C7,-2.7434195498807716e-5
3,2,Paenibacillaceae,C7,0.03259571319639383
3,2,Ruminococcaceae,C7,9.199709977890944e-17
3,2,C1,C8,0.016451529361102474
3,2,C2,C8,0.02176276804418699
3,2,C3,C8,0.00465601379681905
3,2,C4,C8,0.05608785180025623
3,2,C5,C8,-0.002492682716538901
3,2,C6,C8,-0.008045396782036791
3,2,C7,C8,0.05938267056420514
3,2,C8,C8,-0.009355601109774625
3,2,C9,C8,-0.07328145067721649
3,2,C10,C8,-0.004215241661568684
3,2,C11,C8,0.04538071646503716
3,2,C12,C8,-0.03362624193406663
3,2,C13,C8,0.05770620971880468
3,2,C14,C8,0.1223810410107412
3,2,Enterobacteriaceae,C8,9.145628604320114e-5
3,2,Paenibacillaceae,C8,-0.10847087030231883
3,2,Ruminococcaceae,C8,-2.676344040116354e-16
3,2,C1,C9,-0.012732395656597036
3,2,C2,C9,-0.015651524079081967
3,2,C3,C9,-0.009981420007580096
3,2,C4,C9,-0.046875548805622266
3,2,C5,C9,0.0049141560976573235
3,2,C6,C9,0.006286128383902726
3,2,C7,C9,-0.047046130468656785
3,2,C8,C9,0.013909748787488584
3,2,C9,C9,0.04977971373645276
3,2,C10,C9,0.007236257503853702
3,2,C11,C9,-0.03431183587538301
3,2,C12,C9,0.018648895480143746
3,2,C13,C9,-0.04880988057674231
3,2,C14,C9,-0.09049839332643292
3,2,Enterobacteriaceae,C9,-7.40023770189523e-5
3,2,Paenibacillaceae,C9,0.08828941878842358
3,2,Ruminococcaceae,C9,2.0014960258699273e-16
3,2,C1,C10,0.00906299235047347
3,2,C2,C10,0.01122364980966034
3,2,C3,C10,0.0066615551271267765
3,2,C4,C10,0.03312530595480461
3,2,C5,C10,-0.0032904644493242058
3,2,C6,C10,-0.004470365337034955
3,2,C7,C10,0.03341209749314323
3,2,C8,C10,-0.009437526204353373
3,2,C9,C10,-0.035915496748159685
3,2,C10,C10,-0.004874616001949234
3,2,C11,C10,0.024479646512541905
3,2,C12,C10,-0.013787003571949326
3,2,C13,C10,0.03445478641335564
3,2,C14,C10,0.0647103237370018
3,2,Enterobacteriaceae,C10,5.245143541631427e-5
3,2,Paenibacillaceae,C10,-0.06254327034636564
3,2,Ruminococcaceae,C10,-1.5343896334319678e-16
3,2,C1,C11,1.0425348361244397e-4
3,2,C2,C11,9.351341787175167e-5
3,2,C3,C11,2.6717609325551013e-4
3,2,C4,C11,4.846343570558423e-4
3,2,C5,C11,-1.2702959742877398e-4
3,2,C6,C11,-5.320184768266075e-5
3,2,C7,C11,4.1684727493193955e-4
3,2,C8,C11,-3.0780726413448685e-4
3,2,C9,C11,-2.0594654089779683e-4
3,2,C10,C11,-1.7479820189375488e-4
3,2,C11,C11,2.573999491199852e-4
3,2,C12,C11,6.175669360156271e-5
3,2,C13,C11,5.202978342259118e-4
3,2,C14,C11,6.184069663671733e-4
3,2,Enterobacteriaceae,C11,6.995973793108742e-7
3,2,Paenibacillaceae,C11,-8.491132165623587e-4
3,2,Ruminococcaceae,C11,7.327744151347172e-18
3,2,C1,C12,-0.016442398826981924
3,2,C2,C12,-0.021751212088523146
3,2,C3,C12,-0.004650633747446972
3,2,C4,C12,-0.056055203282878274
3,2,C5,C12,0.002489990727992001
3,2,C6,C12,0.00804090552455359
3,2,C7,C12,-0.0593492365139477
3,2,C8,C12,0.009347485169440669
3,2,C9,C12,0.07324382005373581
3,2,C10,C12,0.0042111601209783266
3,2,C11,C12,-0.04535588536279082
3,2,C12,C12,0.03361081281866187
3,2,C13,C12,-0.05767236411816842
3,2,C14,C12,-0.12231496841906211
3,2,Enterobacteriaceae,C12,-9.140411602580419e-5
3,2,Paenibacillaceae,C12,0.10840876676271248
3,2,Ruminococcaceae,C12,2.5860712328357973e-16
3,2,C1,C13,-0.012523291940676336
3,2,C2,C13,-0.016812498779312197
3,2,C3,C13,-0.0022264733401410395
3,2,C4,C13,-0.04197900175503346
3,2,C5,C13,0.0012807419711807256
3,2,C6,C13,0.006112047165726495
3,2,C7,C13,-0.04497871657751556
3,2,C8,C13,0.00574375174076637
3,2,C9,C13,0.05721651096761569
3,2,C10,C13,0.0023876601454112995
3,2,C11,C13,-0.034712196769653925
3,2,C12,C13,0.027121006489826013
3,2,C13,C13,-0.04307005671093776
3,2,C14,C13,-0.09403051862874418
3,2,Enterobacteriaceae,C13,-6.895311538373146e-5
3,2,Paenibacillaceae,C13,0.08167383922116835
3,2,Ruminococcaceae,C13,2.1218215022582335e-16
3,2,C1,C14,0.0049720403734793365
3,2,C2,C14,0.0062239606794793415
3,2,C3,C14,0.003298256312871179
3,2,C4,C14,0.017979131507881184
3,2,C5,C14,-0.0016384094927215228
3,2,C6,C14,-0.0024491577138891743
3,2,C7,C14,0.018269403112876628
3,2,C8,C14,-0.004804912512442203
3,2,C9,C14,-0.020091039729927238
3,2,C10,C14,-0.0024522371759984887
3,2,C11,C14,0.013475002782718074
3,2,C12,C14,-0.007975746110386832
3,2,C13,C14,0.018670403194977505
3,2,C14,C14,0.03573624455335444
3,2,Enterobacteriaceae,C14,2.859536654746941e-5
3,2,Paenibacillaceae,C14,-0.03406932824308357
3,2,Ruminococcaceae,C14,-5.789036288543453e-17
3,2,C1,Enterobacteriaceae,-1.1427049589826785e-5
3,2,C2,Enterobacteriaceae,-1.513443315944299e-5
3,2,C3,Enterobacteriaceae,-3.1362855184135445e-6
3,2,C4,Enterobacteriaceae,-3.890486998108922e-5
3,2,C5,Enterobacteriaceae,1.6856506865195146e-6
3,2,C6,Enterobacteriaceae,5.587331176408072e-6
3,2,C7,Enterobacteriaceae,-4.122987400045392e-5
3,2,C8,Enterobacteriaceae,6.396105232061402e-6
3,2,C9,Enterobacteriaceae,5.100675143336964e-5
3,2,C10,Enterobacteriaceae,2.866967204384779e-6
3,2,C11,Enterobacteriaceae,-3.153335084705917e-5
3,2,C12,Enterobacteriaceae,2.3469430715711888e-5
3,2,C13,Enterobacteriaceae,-4.001851571163885e-5
3,2,C14,Enterobacteriaceae,-8.506912063474715e-5
3,2,Enterobacteriaceae,Enterobacteriaceae,-6.34751610971434e-8
3,2,Paenibacillaceae,Enterobacteriaceae,7.527615773745492e-5
3,2,Ruminococcaceae,Enterobacteriaceae,2.03291586268409e-19
3,2,C1,Paenibacillaceae,0.014735073809117222
3,2,C2,Paenibacillaceae,0.01943508049053683
3,2,C3,Paenibacillaceae,0.004475843196428715
3,2,C4,Paenibacillaceae,0.05040211527455383
3,2,C5,Paenibacillaceae,-0.0023756410376463296
3,2,C6,Paenibacillaceae,-0.00720883968337328
3,2,C7,Paenibacillaceae,0.053239159932845996
3,2,C8,Paenibacillaceae,-0.00869905461786071
3,2,C9,Paenibacillaceae,-0.06530338153759843
3,2,C10,Paenibacillaceae,-0.003965865630354195
3,2,C11,Paenibacillaceae,0.04060715553626963
3,2,C12,Paenibacillaceae,-0.02976446530773394
3,2,C13,Paenibacillaceae,0.051884294196809
3,2,C14,Paenibacillaceae,0.10941048777853335
3,2,Enterobacteriaceae,Paenibacillaceae,8.206862816838001e-5
3,2,Paenibacillaceae,Paenibacillaceae,-0.09736162385339335
3,2,Ruminococcaceae,Paenibacillaceae,-2.608416926095653e-16
3,2,C1,Ruminococcaceae,3.9428159944035427e-17
3,2,C2,Ruminococcaceae,4.736653306557302e-17
3,2,C3,Ruminococcaceae,3.68044603930047e-17
3,2,C4,Ruminococcaceae,1.4836339957768648e-16
3,2,C5,Ruminococcaceae,-1.7976607050572145e-17
3,2,C6,Ruminococcaceae,-1.9521148253393184e-17
3,2,C7,Ruminococcaceae,1.466923541783178e-16
3,2,C8,Ruminococcaceae,-4.9238358838135484e-17
3,2,C9,Ruminococcaceae,-1.4774154689494603e-16
3,2,C10,Ruminococcaceae,-2.6081508753486857e-17
3,2,C11,Ruminococcaceae,1.0550425261191557e-16
3,2,C12,Ruminococcaceae,-5.093237229014282e-17
3,2,C13,Ruminococcaceae,1.5498362553521345e-16
3,2,C14,Ruminococcaceae,2.76347324683451e-16
3,2,Enterobacteriaceae,Ruminococcaceae,2.3213913685779796e-19
3,2,Paenibacillaceae,Ruminococcaceae,-2.774157242955318e-16
3,2,Ruminococcaceae,Ruminococcaceae,-1.4946838204187586e-30
4,3,C1,C1,0.07087504067083
4,3,C2,C1,0.13512144629061265
4,3,C3,C1,-0.04784748519419213
4,3,C4,C1,-0.021613253255222235
4,3,C5,C1,0.03053619593307733
4,3,C6,C1,-9.135481519476557e-5
4,3,C7,C1,0.05514563929903561
4,3,C8,C1,0.09634702346533729
4,3,C9,C1,0.0025976062977060765
4,3,C10,C1,-0.05467678917936919
4,3,C11,C1,0.046367082941917555
4,3,C12,C1,-0.14561545947500448
4,3,C13,C1,-0.050384160931337615
4,3,C14,C1,0.1223584139858539
4,3,Enterobacteriaceae,C1,2.783688045211254e-5
4,3,Paenibacillaceae,C1,-0.036520322324235154
4,3,Ruminococcaceae,C1,-3.936669032489891e-17
4,3,C1,C2,0.12607311139113742
4,3,C2,C2,0.2394387927527263
4,3,C3,C2,-0.0857883477717349
4,3,C4,C2,-0.030584496306410254
4,3,C5,C2,0.05428961664432543
4,3,C6,C2,-0.0013900650198670661
4,3,C7,C2,0.1048536536032457
4,3,C8,C2,0.16970376373490462
4,3,C9,C2,-0.010373500234736367
4,3,C10,C2,-0.09397166336341813
4,3,C11,C2,0.08830021253373471
4,3,C12,C2,-0.26263268143013957
4,3,C13,C2,-0.08079913063833903
4,3,C14,C2,0.23445293453974844
4,3,Enterobacteriaceae,C2,6.12413263014016e-5
4,3,Paenibacillaceae,C2,-0.07848509002583577
4,3,Ruminococcaceae,C2,-1.0441739497767567e-16
4,3,C1,C3,0.020766978703238303
4,3,C2,C3,0.04527412597856995
4,3,C3,C3,-0.022153636388173525
4,3,C4,C3,-0.04360717229636932
4,3,C5,C3,0.014132221469939718
4,3,C6,C3,0.00497495790504649
4,3,C7,C3,-0.012677500982001873
4,3,C8,C3,0.046264414942901566
4,3,C9,C3,0.0488369748469591
4,3,C10,C3,-0.022394761220807784
4,3,C11,C3,-0.008280632425970545
4,3,C12,C3,-0.040783065881588455
4,3,C13,C3,-0.057041303098818844
4,3,C14,C3,-0.024055350519861168
4,3,Enterobacteriaceae,C3,-4.412360020437908e-5
4,3,Paenibacillaceae,C3,0.0506564258743777
4,3,Ruminococcaceae,C3,1.4346457266612448e-16
4,3,C1,C4,-0.040997296877158
4,3,C2,C4,-0.07426148887701854
4,3,C3,C4,0.023326245798267285
4,3,C4,C4,-0.014217000891327389
4,3,C5,C4,-0.01460565481012782
4,3,C6,C4,0.0037449963830724913
4,3,C7,C4,-0.052988444085450934
4,3,C8,C4,-0.044118232437054046
4,3,C9,C4,0.035962023074011785
4,3,C10,C4,0.025856346018803385
4,3,C11,C4,-0.04324384322696613
4,3,C12,C4,0.08756820566977995
4,3,C13,C4,-0.001104660525961548
4,3,C14,C4,-0.1162973171286892
4,3,Enterobacteriaceae,C4,-5.4009799408783084e-5
4,3,Paenibacillaceae,C4,0.06546713480663237
4,3,Ruminococcaceae,C4,1.4542789522381186e-16
4,3,C1,C5,0.0034961195524180963
4,3,C2,C5,0.0037763097085020585
4,3,C3,C5,0.0031700682649304424
4,3,C4,C5,0.01658613399754631
4,3,C5,C5,-0.0016963177717459438
4,3,C6,C5,-0.0022520785565752852
4,3,C7,C5,0.01590011417145781
4,3,C8,C5,-0.005278098978995782
4,3,C9,C5,-0.019233878665950464
4,3,C10,C5,-0.0010419313827177402
4,3,C11,C5,0.011793677880730238
4,3,C12,C5,-0.005820610538806577
4,3,C13,C5,0.01760130536982255
4,3,C14,C5,0.03148398033587464
4,3,Enterobacteriaceae,C5,2.5641615582979784e-5
4,3,Paenibacillaceae,C5,-0.03045064141831533
4,3,Ruminococcaceae,C5,-7.564270777067757e-17
4,3,C1,C6,0.008052887389423408
4,3,C2,C6,0.015157481848162168
4,3,C3,C6,-0.005188355293230366
4,3,C4,C6,-0.0011466294528764773
4,3,C5,C6,0.003304172482901177
4,3,C6,C6,-1.8875240898259997e-4
4,3,C7,C6,0.007289066630698482
4,3,C8,C6,0.010347019103208639
4,3,C9,C6,-0.0014694928404891641
4,3,C10,C6,-0.005958066353268191
4,3,C11,C6,0.006055228285077519
4,3,C12,C6,-0.016661544924852126
4,3,C13,C6,-0.0042413086267877416
4,3,C14,C6,0.016071830114375935
4,3,Enterobacteriaceae,C6,5.009913641069068e-6
4,3,Paenibacillaceae,C6,-0.006313493637407824
4,3,Ruminococcaceae,C6,-1.1628309168393295e-17
4,3,C1,C7,0.011216995074164389
4,3,C2,C7,0.023630841067448543
4,3,C3,C7,-0.014200169461066593
4,3,C4,C7,-0.014977301616679057
4,3,C5,C7,0.008268249194921444
4,3,C6,C7,0.0012399554292502756
4,3,C7,C7,9.518010000140509e-4
4,3,C8,C7,0.024485410512545512
4,3,C9,C7,0.006985067165335567
4,3,C10,C7,-0.007294067037776983
4,3,C11,C7,0.0026357592083924635
4,3,C12,C7,-0.027976745784583482
4,3,C13,C7,-0.02124020121076901
4,3,C14,C7,0.007940761506192271
4,3,Enterobacteriaceae,C7,-1.0604382152233712e-5
4,3,Paenibacillaceae,C7,0.012244927308387952
4,3,Ruminococcaceae,C7,5.0899320950309324e-17
4,3,C1,C8,0.04261428776095115
4,3,C2,C8,0.07495225497378873
4,3,C3,C8,-0.01927639759766112
4,3,C4,C8,0.027816124545024298
4,3,C5,C8,0.012422160391163884
4,3,C6,C8,-0.005488931931487016
4,3,C7,C8,0.06456232595563875
4,3,C8,C8,0.03766348902569896
4,3,C9,C8,-0.049885605806044175
4,3,C10,C8,-0.02637265375810412
4,3,C11,C8,0.051523396151758535
4,3,C12,C8,-0.08882693857417359
4,3,C13,C8,0.016018771072022268
4,3,C14,C8,0.13813969917057903
4,3,Enterobacteriaceae,C8,7.380679215864696e-5
4,3,Paenibacillaceae,C8,-0.08899492460881706
4,3,Ruminococcaceae,C8,-1.9661715723707345e-16
4,3,C1,C9,0.18404836551198506
4,3,C2,C9,0.355033530092734
4,3,C3,C9,-0.12769033448415373
4,3,C4,C9,-0.08567471310486047
4,3,C5,C9,0.08206743227302932
4,3,C6,C9,0.003945043685473077
4,3,C7,C9,0.11948939167013875
4,3,C8,C9,0.26181926475920064
4,3,C9,C9,0.050962459155791236
4,3,C10,C9,-0.14948170530567598
4,3,C11,C9,0.10154934606792208
4,3,C12,C9,-0.37260040686289636
4,3,C13,C9,-0.16423820602016745
4,3,C14,C9,0.2650099497933744
4,3,Enterobacteriaceae,C9,2.9962939184979067e-5
4,3,Paenibacillaceae,C9,-0.04546306399835943
4,3,Ruminococcaceae,C9,1.2398486984660145e-18
4,3,C1,C10,-0.10929644429766296
4,3,C2,C10,-0.21220083221754865
4,3,C3,C10,0.08392355509099327
4,3,C4,C10,0.05412060789536711
4,3,C5,C10,-0.05247551212495948
4,3,C6,C10,-0.002244707040473069
4,3,C7,C10,-0.07054488513823104
4,3,C8,C10,-0.16360927224764876
4,3,C9,C10,-0.019455448206723305
4,3,C10,C10,0.08332208370433229
4,3,C11,C10,-0.06213957671311784
4,3,C12,C10,0.23102656984050185
4,3,C13,C10,0.10149494477190246
4,3,C14,C10,-0.16502752566274498
4,3,Enterobacteriaceae,C10,-1.5402493705286938e-5
4,3,Paenibacillaceae,C10,0.023456673206369728
4,3,Ruminococcaceae,C10,-2.1176512166926023e-17
4,3,C1,C11,-0.0064603981983407666
4,3,C2,C11,-0.012139673139570793
4,3,C3,C11,0.0024941225644656015
4,3,C4,C11,0.0023115440685729126
4,3,C5,C11,-0.0019664283886216545
4,3,C6,C11,-1.7764519053363096e-4
4,3,C7,C11,-0.0042117212245012395
4,3,C8,C11,-0.007223170795657167
4,3,C9,C11,-0.004617595950297988
4,3,C10,C11,0.006619809166469965
4,3,C11,C11,-0.0030437842207837883
4,3,C12,C11,0.010647614404920104
4,3,C13,C11,0.0049051724565337684
4,3,C14,C11,-0.007223004401140631
4,3,Enterobacteriaceae,C11,-1.4913329586913414e-6
4,3,Paenibacillaceae,C11,0.0022945215536423376
4,3,Ruminococcaceae,C11,9.897929074477837e-18
4,3,C1,C12,-0.03489142567304412
4,3,C2,C12,-0.06108992784384626
4,3,C3,C12,0.02174702294200326
4,3,C4,C12,-0.030526169342196846
4,3,C5,C12,-0.012501044283705423
4,3,C6,C12,0.0060868375454279176
4,3,C7,C12,-0.06102953727877154
4,3,C8,C12,-0.03388558468454532
4,3,C9,C12,0.06637727658222725
4,3,C10,C12,0.014048384738083505
4,3,C11,C12,-0.050605979926789765
4,3,C12,C12,0.0834038230521274
4,3,C13,C12,-0.021612740703388738
4,3,C14,C12,-0.13889382216647161
4,3,Enterobacteriaceae,C12,-7.353841717422599e-5
4,3,Paenibacillaceae,C12,0.08748775636364305
4,3,Ruminococcaceae,C12,1.874237889523585e-16
4,3,C1,C13,-0.07999389833801314
4,3,C2,C13,-0.14714152373536032
4,3,C3,C13,0.04211163180372452
4,3,C4,C13,-0.0068767485842572305
4,3,C5,C13,-0.027858865427971568
4,3,C6,C13,0.003933433828828381
4,3,C7,C13,-0.08499450313934552
4,3,C8,C13,-0.08911345453146725
4,3,C9,C13,0.027116157389971633
4,3,C10,C13,0.06048156701701687
4,3,C11,C13,-0.0681134111617376
4,3,C12,C13,0.15912295648065655
4,3,C13,C13,0.021202740454568225
4,3,C14,C13,-0.17953406535235925
4,3,Enterobacteriaceae,C13,-7.379779643886513e-5
4,3,Paenibacillaceae,C13,0.09146111440830357
4,3,Ruminococcaceae,C13,1.8674238105178316e-16
4,3,C1,C14,-0.04917097128339404
4,3,C2,C14,-0.09490948045023163
4,3,C3,C14,0.030048853822238746
4,3,C4,C14,0.027126178774131274
4,3,C5,C14,-0.02029321456990112
4,3,C6,C14,-0.001982688123831382
4,3,C7,C14,-0.02723005840088612
4,3,C8,C14,-0.06756753867911967
4,3,C9,C14,-0.029206110069492017
4,3,C10,C14,0.0447144358251565
4,3,C11,C14,-0.022120224715360185
4,3,C12,C14,0.09262843595344891
4,3,C13,C14,0.04849222455224732
4,3,C14,C14,-0.05530170926396891
4,3,Enterobacteriaceae,C14,-6.04820080968996e-7
4,3,Paenibacillaceae,C14,0.003957753965013694
4,3,Ruminococcaceae,C14,-1.1273372521271146e-18
4,3,C1,Enterobacteriaceae,-3.391482649855345e-5
4,3,C2,Enterobacteriaceae,-5.9636314600469336e-5
4,3,C3,Enterobacteriaceae,1.0378062159281756e-5
4,3,C4,Enterobacteriaceae,-1.7636576848327946e-5
4,3,C5,Enterobacteriaceae,-7.865396744989155e-6
4,3,C6,Enterobacteriaceae,3.335291264340392e-6
4,3,C7,Enterobacteriaceae,-4.6213933457038926e-5
4,3,C8,Enterobacteriaceae,-2.6873047410912393e-5
4,3,C9,Enterobacteriaceae,2.183152263808574e-5
4,3,C10,Enterobacteriaceae,2.658861037347814e-5
4,3,C11,Enterobacteriaceae,-3.53569067296216e-5
4,3,C12,Enterobacteriaceae,6.24799581226298e-5
4,3,C13,Enterobacteriaceae,-7.872153849142356e-6
4,3,C14,Enterobacteriaceae,-9.235189210479483e-5
4,3,Enterobacteriaceae,Enterobacteriaceae,-5.069002914554441e-8
4,3,Paenibacillaceae,Enterobacteriaceae,6.1971829584144e-5
4,3,Ruminococcaceae,Enterobacteriaceae,1.5119204145487683e-19
4,3,C1,Paenibacillaceae,0.029541680070545015
4,3,C2,Paenibacillaceae,0.049885248652085726
4,3,C3,Paenibacillaceae,-0.003998988291154347
4,3,C4,Paenibacillaceae,0.026938339681048622
4,3,C5,Paenibacillaceae,0.004121365004456622
4,3,C6,Paenibacillaceae,-0.004277045015920114
4,3,C7,Paenibacillaceae,0.0484967836153757
4,3,C8,Paenibacillaceae,0.01557420572865472
4,3,C9,Paenibacillaceae,-0.028843655944796463
4,3,C10,Paenibacillaceae,-0.023223684997149607
4,3,C11,Paenibacillaceae,0.03631644525285991
4,3,C12,Paenibacillaceae,-0.05163044641670918
4,3,C13,Paenibacillaceae,0.020083827124668222
4,3,C14,Paenibacillaceae,0.09466914007056224
4,3,Enterobacteriaceae,Paenibacillaceae,5.965539398897934e-5
4,3,Paenibacillaceae,Paenibacillaceae,-0.07242427358520744
4,3,Ruminococcaceae,Paenibacillaceae,-1.8436753661428362e-16
4,3,C1,Ruminococcaceae,0.007386340159446555
4,3,C2,Ruminococcaceae,0.01354589491092477
4,3,C3,Ruminococcaceae,-2.541756859196403e-4
4,3,C4,Ruminococcaceae,-0.0024263569028671497
4,3,C5,Ruminococcaceae,0.0010827880375122215
4,3,C6,Ruminococcaceae,3.581225558122258e-4
4,3,C7,Ruminococcaceae,0.004259524354581068
4,3,C8,Ruminococcaceae,0.005889206496848814
4,3,C9,Ruminococcaceae,0.010175213433734983
4,3,C10,Ruminococcaceae,-0.009603369855103497
4,3,C11,Ruminococcaceae,0.0023168932751777556
4,3,C12,Ruminococcaceae,-0.008759148366113393
4,3,C13,Ruminococcaceae,-0.00526450400902916
4,3,C14,Ruminococcaceae,0.00416531286952806
4,3,Enterobacteriaceae,Ruminococcaceae,1.2638915748143917e-6
4,3,Paenibacillaceae,Ruminococcaceae,-0.0023594574758768524
4,3,Ruminococcaceae,Ruminococcaceae,-2.864681593647674e-18
5,4,C1,C1,0.17159548051953302
5,4,C2,C1,0.2727175614369562
5,4,C3,C1,-0.025073053206458102
5,4,C4,C1,0.029704251677996483
5,4,C5,C1,0.056383634187979745
5,4,C6,C1,-0.0031832327460103063
5,4,C7,C1,0.09555828560896129
5,4,C8,C1,0.14422478373976574
5,4,C9,C1,0.13258109922650788
5,4,C10,C1,-0.10067895086392893
5,4,C11,C1,0.07857666392140196
5,4,C12,C1,-0.14267222694955903
5,4,C13,C1,-0.12792312947980988
5,4,C14,C1,0.16916989378644093
5,4,Enterobacteriaceae,C1,3.144989384229186e-5
5,4,Paenibacillaceae,C1,-0.04528589790845187
5,4,Ruminococcaceae,C1,0.07210434469568827
5,4,C1,C2,0.04065464913821125
5,4,C2,C2,0.11159932964964198
5,4,C3,C2,-0.07156718057398002
5,4,C4,C2,-0.06264916018121881
5,4,C5,C2,0.021490050295802848
5,4,C6,C2,0.0024148410551027583
5,4,C7,C2,0.056729393945373005
5,4,C8,C2,0.09864345022788364
5,4,C9,C2,-0.05789549408049055
5,4,C10,C2,-0.06496941574291326
5,4,C11,C2,0.04426131462388173
5,4,C12,C2,-0.2040105047554288
5,4,C13,C2,-0.018387527792320547
5,4,C14,C2,0.13637616285986756
5,4,Enterobacteriaceae,C2,4.283283299087885e-5
5,4,Paenibacillaceae,C2,-0.05471939004005596
5,4,Ruminococcaceae,C2,-0.04872758159465951
5,4,C1,C3,0.09303746411216646
5,4,C2,C3,0.14096334695459228
5,4,C3,C3,-0.008109647928294406
5,4,C4,C3,0.006959807533798612
5,4,C5,C3,0.03436425912524278
5,4,C6,C3,6.609826807961131e-4
5,4,C7,C3,0.024651413945232566
5,4,C8,C3,0.07939521300226915
5,4,C9,C3,0.117595886511864
5,4,C10,C3,-0.04512782513108233
5,4,C11,C3,0.023456638935868558
5,4,C12,C3,-0.041009070205096435
5,4,C13,C3,-0.10208737644407058
5,4,C14,C3,0.03462868022954154
5,4,Enterobacteriaceae,C3,-2.6817097709200476e-5
5,4,Paenibacillaceae,C3,0.02801165093498378
5,4,Ruminococcaceae,C3,0.05513434145869512
5,4,C1,C4,0.40594561904229803
5,4,C2,C4,0.5636521703326784
5,4,C3,C4,0.059854547347865224
5,4,C4,C4,0.18235581894502856
5,4,C5,C4,0.1176726161635905
5,4,C6,C4,-0.011282042582385885
5,4,C7,C4,0.15685560918301694
5,4,C8,C4,0.22740422555357376
5,4,C9,C4,0.4958894450517244
5,4,C10,C4,-0.17309624449746563
5,4,C11,C4,0.13190136533540125
5,4,C12,C4,-0.030343092019654277
5,4,C13,C4,-0.33453420699356995
5,4,C14,C4,0.20442000478122174
5,4,Enterobacteriaceae,C4,-3.377444736316221e-6
5,4,Paenibacillaceae,C4,-0.012172365541642043
5,4,Ruminococcaceae,C4,0.2858185762318416
5,4,C1,C5,0.12250231122114405
5,4,C2,C5,0.1729282891080124
5,4,C3,C5,0.01400814648296377
5,4,C4,C5,0.06516114780706428
5,4,C5,C5,0.0340164410273134
5,4,C6,C5,-0.005520656054418558
5,4,C7,C5,0.06577004376220581
5,4,C8,C5,0.06760795225480114
5,4,C9,C5,0.11466295697125752
5,4,C10,C5,-0.053810422634567236
5,4,C11,C5,0.05382638381185912
5,4,C12,C5,-0.030771404523124924
5,4,C13,C5,-0.07858254624941981
5,4,C14,C5,0.10330322499626489
5,4,Enterobacteriaceae,C5,2.919153385312249e-5
5,4,Paenibacillaceae,C5,-0.03940149300796674
5,4,Ruminococcaceae,C5,0.07837482292044755
5,4,C1,C6,-0.03898737922846628
5,4,C2,C6,-0.05204355022994018
5,4,C3,C6,-0.008374831738510797
5,4,C4,C6,-0.021593325107500592
5,4,C5,C6,-0.010958240072975035
5,4,C6,C6,0.001400054115976498
5,4,C7,C6,-0.014667031114854782
5,4,C8,C6,-0.018906758357547515
5,4,C9,C6,-0.04907969243937961
5,4,C10,C6,0.014422818852954072
5,4,C11,C6,-0.012479198577485091
5,4,C12,C6,-0.0036146779872609997
5,4,C13,C6,0.03129360769500425
5,4,C14,C6,-0.01816141179736309
5,4,Enterobacteriaceae,C6,2.711229526555423e-8
5,4,Paenibacillaceae,C6,0.0013798585323568184
5,4,Ruminococcaceae,C6,-0.030183820471336685
5,4,C1,C7,-0.02455838928113218
5,4,C2,C7,-0.02495721888451531
5,4,C3,C7,-0.014978241958136433
5,4,C4,C7,-0.033346043501179666
5,4,C5,C7,-0.005053404288902388
5,4,C6,C7,0.002792601792884611
5,4,C7,C7,-0.012857225116274336
5,4,C8,C7,5.07729418647653e-4
5,4,C9,C7,-0.026958149066155068
5,4,C10,C7,4.5121779762434224e-4
5,4,C11,C7,-0.011078761820971594
5,4,C12,C7,-0.023089555779413417
5,4,C13,C7,0.009873959999149421
5,4,C14,C7,-0.017223776252288357
5,4,Enterobacteriaceae,C7,-9.833075387346797e-6
5,4,Paenibacillaceae,C7,0.011938223639426402
5,4,Ruminococcaceae,C7,-0.028055076247721935
5,4,C1,C8,0.010315135327591034
5,4,C2,C8,0.028793339691100817
5,4,C3,C8,-0.017407155800415325
5,4,C4,C8,0.004977417913471301
5,4,C5,C8,0.0017078023058363712
5,4,C6,C8,-0.0027311825606167314
5,4,C7,C8,0.03940069311914753
5,4,C8,C8,0.01682766663068791
5,4,C9,C8,-0.057445535071125035
5,4,C10,C8,-0.01723209465882442
5,4,C11,C8,0.029729882934589637
5,4,C12,C8,-0.06911768813979545
5,4,C13,C8,0.02867151087195693
5,4,C14,C8,0.08749413624447955
5,4,Enterobacteriaceae,C8,5.375426340877076e-5
5,4,Paenibacillaceae,C8,-0.06462789284740282
5,4,Ruminococcaceae,C8,-0.01931124020128963
5,4,C1,C9,0.11741504858375641
5,4,C2,C9,0.24181702681395045
5,4,C3,C9,-0.09842962105750261
5,4,C4,C9,-0.08231494536653207
5,4,C5,C9,0.053323081996358664
5,4,C6,C9,0.004618491017127433
5,4,C7,C9,0.08171449413746908
5,4,C8,C9,0.18559747966444937
5,4,C9,C9,0.021193997820658964
5,4,C10,C9,-0.11384983355440892
5,4,C11,C9,0.06732549709351716
5,4,C12,C9,-0.2851962881510657
5,4,C13,C9,-0.10659148328406286
5,4,C14,C9,0.18253282364840176
5,4,Enterobacteriaceae,C9,2.171936947943591e-5
5,4,Paenibacillaceae,C9,-0.03338666836995879
5,4,Ruminococcaceae,C9,-0.021235496594048935
5,4,C1,C10,0.3254984009594199
5,4,C2,C10,0.4130043694347147
5,4,C3,C10,0.10379785714142295
5,4,C4,C10,0.23124717612351464
5,4,C5,C10,0.08298497602068922
5,4,C6,C10,-0.01596237707456383
5,4,C7,C10,0.1286685458952702
5,4,C8,C10,0.11807131823137754
5,4,C9,C10,0.41810748538914605
5,4,C10,C10,-0.10471000482836132
5,4,C11,C10,0.10768133061827007
5,4,C12,C10,0.09665758387080343
5,4,C13,C10,-0.2363094789657011
5,4,C14,C10,0.1501659529136114
5,4,Enterobacteriaceae,C10,2.16264795642026e-5
5,4,Paenibacillaceae,C10,-0.03671496727065071
5,4,Ruminococcaceae,C10,0.27589404657748534
5,4,C1,C11,0.059969780140266514
5,4,C2,C11,0.08550053011829246
5,4,C3,C11,0.0073752587230954845
5,4,C4,C11,0.025376656262480507
5,4,C5,C11,0.016632546787915245
5,4,C6,C11,-0.0016939412447522656
5,4,C7,C11,0.02679408447174801
5,4,C8,C11,0.034492101490833024
5,4,C9,C11,0.06828175086259011
5,4,C10,C11,-0.029218576515794823
5,4,C11,C11,0.02164951915697521
5,4,C12,C11,-0.01240503279002166
5,4,C13,C11,-0.045548901735328294
5,4,C14,C11,0.03702428423549456
5,4,Enterobacteriaceae,C11,4.8859407968828526e-6
5,4,Paenibacillaceae,C11,-0.008464113954341908
5,4,Ruminococcaceae,C11,0.03819502336716476
5,4,C1,C12,0.45599253133766793
5,4,C2,C12,0.6321408957855046
5,4,C3,C12,0.06483175521704954
5,4,C4,C12,0.20119378675307306
5,4,C5,C12,0.13478018835991518
5,4,C6,C12,-0.012154027229226467
5,4,C7,C12,0.1696002276642436
5,4,C8,C12,0.25943378268835365
5,4,C9,C12,0.5628763488888956
5,4,C10,C12,-0.18972686414016565
5,4,C11,C12,0.14448373939888098
5,4,C12,C12,-0.029973630142116674
5,4,C13,C12,-0.3853044451949141
5,4,C14,C12,0.21964745724595547
5,4,Enterobacteriaceae,C12,-1.5230964097625586e-5
5,4,Paenibacillaceae,C12,3.3943120350995e-4
5,4,Ruminococcaceae,C12,0.32483311896624334
5,4,C1,C13,-0.19783642979344288
5,4,C2,C13,-0.30940353258238457
5,4,C3,C13,0.018957445872850056
5,4,C4,C13,-0.059207749452009024
5,4,C5,C13,-0.06006802167290379
5,4,C6,C13,0.006637386772669351
5,4,C7,C13,-0.12655015600089722
5,4,C8,C13,-0.15051959376988625
5,4,C9,C13,-0.1315243951705625
5,4,C10,C13,0.11389028581007732
5,4,C11,C13,-0.10203736601277565
5,4,C12,C13,0.15732389528996996
5,4,C13,C13,0.12108527521890827
5,4,C14,C13,-0.22461167403182186
5,4,Enterobacteriaceae,C13,-6.729668796905075e-5
5,4,Paenibacillaceae,C13,0.08891769281956552
5,4,Ruminococcaceae,C13,-0.0846077749947109
5,4,C1,C14,0.06653176899723327
5,4,C2,C14,0.08091413752451104
5,4,C3,C14,0.030825456585012748
5,4,C4,C14,0.05589802599449976
5,4,C5,C14,0.01332991619240596
5,4,C6,C14,-0.0037565128890392698
5,4,C7,C14,0.027691532179892904
5,4,C8,C14,0.013685927582498586
5,4,C9,C14,0.09323365491212851
5,4,C10,C14,-0.023257601150138987
5,4,C11,C14,0.021442864048731938
5,4,C12,C14,0.03414848736069012
5,4,C13,C14,-0.0421146914648965
5,4,C14,C14,0.026053546401369736
5,4,Enterobacteriaceae,C14,9.299203975142254e-6
5,4,Paenibacillaceae,C14,-0.013685209721195388
5,4,Ruminococcaceae,C14,0.05915559557771756
5,4,C1,Enterobacteriaceae,-9.330563521532208e-5
5,4,C2,Enterobacteriaceae,-1.381377245702406e-4
5,4,C3,Enterobacteriaceae,2.7312996205048277e-7
5,4,C4,Enterobacteriaceae,-4.833756250179621e-5
5,4,C5,Enterobacteriaceae,-2.6912034343433936e-5
5,4,C6,Enterobacteriaceae,5.216275675109866e-6
5,4,C7,Enterobacteriaceae,-6.416011718699795e-5
5,4,C8,Enterobacteriaceae,-5.9296645521600375e-5
5,4,C9,Enterobacteriaceae,-5.480916474111125e-5
5,4,C10,Enterobacteriaceae,4.4010331040954415e-5
5,4,C11,Enterobacteriaceae,-5.2334361425821425e-5
5,4,C12,Enterobacteriaceae,5.501246051130626e-5
5,4,C13,Enterobacteriaceae,4.655058379054493e-5
5,4,C14,Enterobacteriaceae,-1.14856570937941e-4
5,4,Enterobacteriaceae,Enterobacteriaceae,-4.287955364147302e-8
5,4,Paenibacillaceae,Enterobacteriaceae,5.440243317814559e-5
5,4,Ruminococcaceae,Enterobacteriaceae,-4.8941916025543014e-5
5,4,C1,Paenibacillaceae,0.13891068197139697
5,4,C2,Paenibacillaceae,0.19926966001552848
5,4,C3,Paenibacillaceae,0.00949354936071254
5,4,C4,Paenibacillaceae,0.07852097344110627
5,4,C5,Paenibacillaceae,0.03884617444676073
5,4,C6,Paenibacillaceae,-0.007667696485000347
5,4,C7,Paenibacillaceae,0.08756023193700929
5,4,C8,Paenibacillaceae,0.0796073562706681
5,4,C9,Paenibacillaceae,0.1014148122802697
5,4,C10,Paenibacillaceae,-0.06116049198927443
5,4,C11,Paenibacillaceae,0.07155971732336172
5,4,C12,Paenibacillaceae,-0.05556634729685307
5,4,C13,Paenibacillaceae,-0.07493952347613456
5,4,C14,Paenibacillaceae,0.14940585880931173
5,4,Enterobacteriaceae,Paenibacillaceae,5.348425279501871e-5
5,4,Paenibacillaceae,Paenibacillaceae,-0.06860507059869778
5,4,Ruminococcaceae,Paenibacillaceae,0.0823556716336044
5,4,C1,Ruminococcaceae,0.4283939388827936
5,4,C2,Ruminococcaceae,0.6101778213554581
5,4,C3,Ruminococcaceae,0.04087950137850564
5,4,C4,Ruminococcaceae,0.18436560997863236
5,4,C5,Ruminococcaceae,0.12520059810281214
5,4,C6,Ruminococcaceae,-0.0132823087436782
5,4,C7,Ruminococcaceae,0.19346527517201578
5,4,C8,Ruminococcaceae,0.2567169628218128
5,4,C9,Ruminococcaceae,0.4624968114932551
5,4,C10,Ruminococcaceae,-0.19437565924675312
5,4,C11,Ruminococcaceae,0.1606260590466812
5,4,C12,Ruminococcaceae,-0.09997294836475211
5,4,C13,Ruminococcaceae,-0.3272305264562005
5,4,C14,Ruminococcaceae,0.28485541957053834
5,4,Enterobacteriaceae,Ruminococcaceae,3.666683881257989e-5
5,4,Paenibacillaceae,Ruminococcaceae,-0.06089888023166286
5,4,Ruminococcaceae,Ruminococcaceae,0.2762985555355615
6,5,C1,C1,0.13366764079990567
6,5,C2,C1,0.2183223417054139
6,5,C3,C1,-0.02908167954262731
6,5,C4,C1,0.02511980421097757
6,5,C5,C1,0.04420936686675721
6,5,C6,C1,-0.001351797093622975
6,5,C7,C1,0.07686178508403066
6,5,C8,C1,0.11611597821953668
6,5,C9,C1,0.1072669120918503
6,5,C10,C1,-0.07908734042214285
6,5,C11,C1,0.06393880598706868
6,5,C12,C1,-0.11318518431219592
6,5,C13,C1,-0.10888006499192127
6,5,C14,C1,0.13638460140943479
6,5,Enterobacteriaceae,C1,2.450134720999755e-5
6,5,Paenibacillaceae,C1,-0.03484269780778518
6,5,Ruminococcaceae,C1,0.0599573997867582
6,5,C1,C2,-0.17326227049532794
6,5,C2,C2,-0.08235768763275372
6,5,C3,C2,-0.18124851836348
6,5,C4,C2,-0.2434613932837436
6,5,C5,C2,-0.06709157874621646
6,5,C6,C2,0.03248891166916918
6,5,C7,C2,-0.006606601941300015
6,5,C8,C2,0.017134152750201477
6,5,C9,C2,-0.16691240265911622
6,5,C10,C2,-0.1083373810415965
6,5,C11,C2,-0.029737955412650018
6,5,C12,C2,-0.2793673208157886
6,5,C13,C2,0.0631422310321127
6,5,C14,C2,-0.013816946965650495
6,5,Enterobacteriaceae,C2,2.793224626269891e-5
6,5,Paenibacillaceae,C2,-0.036835994187225586
6,5,Ruminococcaceae,C2,-0.2404924159889738
6,5,C1,C3,0.44834536194611546
6,5,C2,C3,0.4326054612746122
6,5,C3,C3,0.20217419480105517
6,5,C4,C3,0.36802910777842984
6,5,C5,C3,0.18186647283213836
6,5,C6,C3,-0.053323879096828584
6,5,C7,C3,0.11751301955563406
6,5,C8,C3,0.180162613283157
6,5,C9,C3,0.3218039585505714
6,5,C10,C3,0.0715742769399475
6,5,C11,C3,0.1424688143289197
6,5,C12,C3,0.1851639629959128
6,5,C13,C3,-0.24234993426185186
6,5,C14,C3,0.2585940996968054
6,5,Enterobacteriaceae,C3,-1.1191763338346778e-5
6,5,Paenibacillaceae,C3,0.012713903506438634
6,5,Ruminococcaceae,C3,0.42401910970159956
6,5,C1,C4,0.11694705897741114
6,5,C2,C4,0.27663834002261134
6,5,C3,C4,-0.07625347998125549
6,5,C4,C4,-0.04936842845655007
6,5,C5,C4,0.009192994812038545
6,5,C6,C4,0.021593640292417362
6,5,C7,C4,0.07280228181269732
6,5,C8,C4,0.11924518462964695
6,5,C9,C4,0.27320684102665754
6,5,C10,C4,-0.19472350984676395
6,5,C11,C4,0.03962298268697809
6,5,C12,C4,-0.14164196612699892
6,5,C13,C4,-0.18749002664087738
6,5,C14,C4,0.03968636417934231
6,5,Enterobacteriaceae,C4,-8.820257280768273e-6
6,5,Paenibacillaceae,C4,-0.0030621329190361345
6,5,Ruminococcaceae,C4,0.024729891245321305
6,5,C1,C5,0.07940916207414084
6,5,C2,C5,0.123566459059595
6,5,C3,C5,-0.0017715205394441948
6,5,C4,C5,0.03596385774618
6,5,C5,C5,0.01980686572400539
6,5,C6,C5,-0.0015024921141609997
6,5,C7,C5,0.04820743301910166
6,5,C8,C5,0.0490004746748925
6,5,C9,C5,0.08156022208967385
6,5,C10,C5,-0.04731411478168476
6,5,C11,C5,0.037749166276042155
6,5,C12,C5,-0.03424019425886368
6,5,C13,C5,-0.05790084991448447
6,5,C14,C5,0.07238901842985658
6,5,Enterobacteriaceae,C5,2.2572763795841976e-5
6,5,Paenibacillaceae,C5,-0.03047141648729873
6,5,Ruminococcaceae,C5,0.04609182841676554
6,5,C1,C6,-0.06982165219957946
6,5,C2,C6,-0.07489023086771285
6,5,C3,C6,-0.027764377528958457
6,5,C4,C6,-0.05505319498920428
6,5,C5,C6,-0.024772553312575996
6,5,C6,C6,0.0066419853259807055
6,5,C7,C6,-0.02192818559835447
6,5,C8,C6,-0.027326397021932593
6,5,C9,C6,-0.06295923966410392
6,5,C10,C6,2.081574369074459e-4
6,5,C11,C6,-0.022927106566257394
6,5,C12,C6,-0.025593306474519
6,5,C13,C6,0.04218227971717766
6,5,C14,C6,-0.038644865444359223
6,5,Enterobacteriaceae,C6,-9.991397087276546e-7
6,5,Paenibacillaceae,C6,0.002012687039977067
6,5,Ruminococcaceae,C6,-0.06380497415723321
6,5,C1,C7,-0.12062514338521788
6,5,C2,C7,-0.10418802743903705
6,5,C3,C7,-0.072668924859417
6,5,C4,C7,-0.12190945978632264
6,5,C5,C7,-0.04543593564069964
6,5,C6,C7,0.017213204644385045
6,5,C7,C7,-0.035749685650057414
6,5,C8,C7,-0.029872082665615883
6,5,C9,C7,-0.08101896193992594
6,5,C10,C7,-0.02756512415553663
6,5,C11,C7,-0.040863840533677614
6,5,C12,C7,-0.07598416907721517
6,5,C13,C7,0.0464797925678961
6,5,C14,C7,-0.07402361998522189
6,5,Enterobacteriaceae,C7,-1.0833043793701936e-5
6,5,Paenibacillaceae,C7,0.012750918667629594
6,5,Ruminococcaceae,C7,-0.12174288331024144
6,5,C1,C8,-0.10223815482622257
6,5,C2,C8,-0.06982675030915539
6,5,C3,C8,-0.07902605035313627
6,5,C4,C8,-0.10093804363778275
6,5,C5,C8,-0.04397919037329605
6,5,C6,C8,0.014083483595008606
6,5,C7,C8,0.0032262480685486972
6,5,C8,C8,-0.020048484818274682
6,5,C9,C8,-0.11137118290166793
6,5,C10,C8,-0.04453045095762148
6,5,C11,C8,-0.011733623925594933
6,5,C12,C8,-0.11829043777385735
6,5,C13,C8,0.066358598628244
6,5,C14,C8,0.0031639065210873956
6,5,Enterobacteriaceae,C8,3.957117211456827e-5
6,5,Paenibacillaceae,C8,-0.04806951989869081
6,5,Ruminococcaceae,C8,-0.12488682218580385
6,5,C1,C9,-0.07381047163166611
6,5,C2,C9,0.05225418372709776
6,5,C3,C9,-0.17751677856531453
6,5,C4,C9,-0.22410248945391953
6,5,C5,C9,-0.026185948381527015
6,5,C6,C9,0.02834477517796443
6,5,C7,C9,0.022532506342667655
6,5,C8,C9,0.09721837022022917
6,5,C9,C9,-0.08232640458328555
6,5,C10,C9,-0.13716173868610146
6,5,C11,C9,1.3207005163525366e-4
6,5,C12,C9,-0.322690454092945
6,5,C13,C9,-0.019434043045412693
6,5,C14,C9,0.04483780502259222
6,5,Enterobacteriaceae,C9,1.2392508748439946e-5
6,5,Paenibacillaceae,C9,-0.021399108074466558
6,5,Ruminococcaceae,C9,-0.1824018698213063
6,5,C1,C10,0.19915799050626096
6,5,C2,C10,0.27781738902260117
6,5,C3,C10,0.04844666545873274
6,5,C4,C10,0.12647395518027246
6,5,C5,C10,0.04137147218233646
6,5,C6,C10,-0.0040064896655588765
6,5,C7,C10,0.08690171554650031
6,5,C8,C10,0.07548226995409417
6,5,C9,C10,0.29661347593681214
6,5,C10,C10,-0.10035278114853875
6,5,C11,C10,0.06613266524025069
6,5,C12,C10,0.04228100222548247
6,5,C13,C10,-0.16315386800522544
6,5,C14,C10,0.08290350811606849
6,5,Enterobacteriaceae,C10,1.5541328326456655e-5
6,5,Paenibacillaceae,C10,-0.02757237927674241
6,5,Ruminococcaceae,C10,0.15931105455026984
6,5,C1,C11,-0.08095743066962185
6,5,C2,C11,-0.03981385887960907
6,5,C3,C11,-0.07045450811676066
6,5,C4,C11,-0.10180257076596742
6,5,C5,C11,-0.0395601476169045
6,5,C6,C11,0.017633606471344373
6,5,C7,C11,-0.011372342190309064
6,5,C8,C11,-0.01139574092756194
6,5,C9,C11,-0.021961497793375105
6,5,C10,C11,-0.05906199052929582
6,5,C11,C11,-0.023887803485264092
6,5,C12,C11,-0.08349483490391406
6,5,C13,C11,0.014043026096783186
6,5,C14,C11,-0.04780026998599994
6,5,Enterobacteriaceae,C11,1.2191050151506557e-7
6,5,Paenibacillaceae,C11,-0.0027527511786664236
6,5,Ruminococcaceae,C11,-0.09691582279811453
6,5,C1,C12,0.29864769970168487
6,5,C2,C12,0.44955458965064043
6,5,C3,C12,0.012863054466581912
6,5,C4,C12,0.09953904206666306
6,5,C5,C12,0.08094250641740755
6,5,C6,C12,-1.2931014006922124e-4
6,5,C7,C12,0.1187812110890365
6,5,C8,C12,0.18726334733927452
6,5,C9,C12,0.41017063064607945
6,5,C10,C12,-0.16874089788198307
6,5,C11,C12,0.09464861687354034
6,5,C12,C12,-0.06046567415935634
6,5,C13,C12,-0.28222232278741627
6,5,C14,C12,0.13651016260671842
6,5,Enterobacteriaceae,C12,-1.404103754041793e-5
6,5,Paenibacillaceae,C12,0.0023519843741762214
6,5,Ruminococcaceae,C12,0.19539035845661318
6,5,C1,C13,0.2347181916341708
6,5,C2,C13,0.08631262096700706
6,5,C3,C13,0.2399831599727608
6,5,C4,C13,0.32908243799749537
6,5,C5,C13,0.11364177442820521
6,5,C6,C13,-0.051780769666026426
6,5,C7,C13,5.32559109344937e-4
6,5,C8,C13,8.840229318357228e-4
6,5,C9,C13,0.13147823013263765
6,5,C10,C13,0.20169834294483738
6,5,C11,C13,0.046520861900632184
6,5,C12,C13,0.3516972352561237
6,5,C13,C13,-0.06544283086817977
6,5,C14,C13,0.060333556817422355
6,5,Enterobacteriaceae,C13,-4.254640798680486e-5
6,5,Paenibacillaceae,C13,0.059786895773773
6,5,Ruminococcaceae,C13,0.32632614958330985
6,5,C1,C14,-0.1530845955364327
6,5,C2,C14,-0.10777382093482493
6,5,C3,C14,-0.09871503756295354
6,5,C4,C14,-0.15023973531252144
6,5,C5,C14,-0.0738493753345344
6,5,C6,C14,0.027507974105738364
6,5,C7,C14,-0.030092893881406277
6,5,C8,C14,-0.0509940217193039
6,5,C9,C14,-0.04747636306654349
6,5,C10,C14,-0.07557664623692124
6,5,C11,C14,-0.04843753963782644
6,5,C12,C14,-0.0904048799117615
6,5,C13,C14,0.04584523503227795
6,5,C14,C14,-0.10248136655564781
6,5,Enterobacteriaceae,C14,1.3072739290271293e-6
6,5,Paenibacillaceae,C14,-0.004356182723562166
6,5,Ruminococcaceae,C14,-0.15598601589018843
6,5,C1,Enterobacteriaceae,-8.471903631510313e-5
6,5,C2,Enterobacteriaceae,-1.1784740985520002e-4
6,5,C3,Enterobacteriaceae,-7.70921863240259e-6
6,5,C4,Enterobacteriaceae,-4.7397319204771624e-5
6,5,C5,Enterobacteriaceae,-2.55868029664704e-5
6,5,C6,Enterobacteriaceae,5.86944871646729e-6
6,5,C7,Enterobacteriaceae,-5.3362756533652586e-5
6,5,C8,Enterobacteriaceae,-4.983795210837002e-5
6,5,C9,Enterobacteriaceae,-4.901476650481788e-5
6,5,C10,Enterobacteriaceae,3.2551834257926136e-5
6,5,C11,Enterobacteriaceae,-4.44519316620535e-5
6,5,C12,Enterobacteriaceae,3.827829451274456e-5
6,5,C13,Enterobacteriaceae,3.922476528943139e-5
6,5,C14,Enterobacteriaceae,-9.68814995700312e-5
6,5,Enterobacteriaceae,Enterobacteriaceae,-3.453844280556733e-8
6,5,Paenibacillaceae,Enterobacteriaceae,4.388265709985646e-5
6,5,Ruminococcaceae,Enterobacteriaceae,-4.8027909570182417e-5
6,5,C1,Paenibacillaceae,0.09668311698505874
6,5,C2,Paenibacillaceae,0.145498674779259
6,5,C3,Paenibacillaceae,0.002267637635516333
6,5,C4,Paenibacillaceae,0.04765517818675706
6,5,C5,Paenibacillaceae,0.025015242393390747
6,5,C6,Paenibacillaceae,-0.00435510478229532
6,5,C7,Paenibacillaceae,0.06555042046670649
6,5,C8,Paenibacillaceae,0.0582953909699617
6,5,C9,Paenibacillaceae,0.07110951687652131
6,5,C10,Paenibacillaceae,-0.05327757831703367
6,5,C11,Paenibacillaceae,0.051595694518735385
6,5,C12,Paenibacillaceae,-0.05297484413715628
6,5,C13,Paenibacillaceae,-0.05096072265399361
6,5,C14,Paenibacillaceae,0.10919586144057693
6,5,Enterobacteriaceae,Paenibacillaceae,4.233983443389862e-5
6,5,Paenibacillaceae,Paenibacillaceae,-0.054616216289697345
6,5,Ruminococcaceae,Paenibacillaceae,0.049652589854350865
6,5,C1,Ruminococcaceae,0.09196073492304718
6,5,C2,Ruminococcaceae,0.27631459074772946
6,5,C3,Ruminococcaceae,-0.11390103129065746
6,5,C4,Ruminococcaceae,-0.09003795954978541
6,5,C5,Ruminococcaceae,-0.0026012216467201643
6,5,C6,Ruminococcaceae,0.02603049710382109
6,5,C7,Ruminococcaceae,0.09045296587239969
6,5,C8,Ruminococcaceae,0.12878449856889543
6,5,C9,Ruminococcaceae,0.21987298719372747
6,5,C10,Ruminococcaceae,-0.22430306747270526
6,5,C11,Ruminococcaceae,0.047889839327958476
6,5,C12,Ruminococcaceae,-0.22236679872415496
6,5,C13,Ruminococcaceae,-0.16174675351374615
6,5,C14,Ruminococcaceae,0.07662367034058165
6,5,Enterobacteriaceae,Ruminococcaceae,2.197001429434328e-5
6,5,Paenibacillaceae,Ruminococcaceae,-0.04094887210910991
6,5,Ruminococcaceae,Ruminococcaceae,-0.027356250414138618
7,6,C1,C1,0.033232665476532856
7,6,C2,C1,0.13881553926602774
7,6,C3,C1,-0.11129623204040855
7,6,C4,C1,-0.02843261611465042
7,6,C5,C1,0.008588917609685172
7,6,C6,C1,0.015350350754809967
7,6,C7,C1,0.05461263942398823
7,6,C8,C1,0.08720435889326462
7,6,C9,C1,0.0633067015372787
7,6,C10,C1,-0.07912949831022285
7,6,C11,C1,0.04339053886423143
7,6,C12,C1,-0.12712984697785612
7,6,C13,C1,-0.10642100005235802
7,6,C14,C1,0.08654032603407624
7,6,Enterobacteriaceae,C1,1.592028262924138e-5
7,6,Paenibacillaceae,C1,-0.022195081523584622
7,6,Ruminococcaceae,C1,-0.010114529768383408
7,6,C1,C2,-0.2550130905176302
7,6,C2,C2,-0.12962150825422414
7,6,C3,C2,-0.27455251876811226
7,6,C4,C2,-0.2730084058122816
7,6,C5,C2,-0.09604274679956455
7,6,C6,C2,0.05036728726116589
7,6,C7,C2,-0.0190008672282358
7,6,C8,C2,6.538641283194113e-4
7,6,C9,C2,-0.17580861761640537
7,6,C10,C2,-0.1090503349668577
7,6,C11,C2,-0.03899229482168371
7,6,C12,C2,-0.27948624301680275
7,6,C13,C2,0.03022665193393491
7,6,C14,C2,-0.04996146917247209
7,6,Enterobacteriaceae,C2,1.6861627299142145e-5
7,6,Paenibacillaceae,C2,-0.020809564616367203
7,6,Ruminococcaceae,C2,-0.2840670725673201
7,6,C1,C3,0.35328685660975484
7,6,C2,C3,0.3493983076798807
7,6,C3,C3,0.14604148439246128
7,6,C4,C3,0.29398046935610594
7,6,C5,C3,0.14429478986562047
7,6,C6,C3,-0.040088902969119856
7,6,C7,C3,0.0956971333941493
7,6,C8,C3,0.1477781468891674
7,6,C9,C3,0.2613223593726746
7,6,C10,C3,0.05600240216422649
7,6,C11,C3,0.11638995402262871
7,6,C12,C3,0.1458092330475568
7,6,C13,C3,-0.20587490338730266
7,6,C14,C3,0.20853407588191572
7,6,Enterobacteriaceae,C3,-1.0369804769815231e-5
7,6,Paenibacillaceae,C3,0.012050596875374912
7,6,Ruminococcaceae,C3,0.33612907221515737
7,6,C1,C4,0.005962466144482711
7,6,C2,C4,0.17959147742614387
7,6,C3,C4,-0.16514640974190162
7,6,C4,C4,-0.09904262850900929
7,6,C5,C4,-0.025427418069370447
7,6,C6,C4,0.03713982045237548
7,6,C7,C4,0.04942270938638439
7,6,C8,C4,0.08794970997187944
7,6,C9,C4,0.19644148766119526
7,6,C10,C4,-0.1773879512164108
7,6,C11,C4,0.021237826322284173
7,6,C12,C4,-0.15656018571664798
7,6,C13,C4,-0.17402471347559365
7,6,C14,C4,0.0014265672222981754
7,6,Enterobacteriaceae,C4,-1.2522387582972445e-5
7,6,Paenibacillaceae,C4,0.005462174862062527
7,6,Ruminococcaceae,C4,-0.04882601909663503
7,6,C1,C5,0.030159402231942595
7,6,C2,C5,0.08297733702002523
7,6,C3,C5,-0.04148854357346621
7,6,C4,C5,0.007117263814278847
7,6,C5,C5,0.003482507169224197
7,6,C6,C5,0.006306332463699586
7,6,C7,C5,0.03573393341476023
7,6,C8,C5,0.03637976123220451
7,6,C9,C5,0.05581151195484115
7,6,C10,C5,-0.045458775206358944
7,6,C11,C5,0.026808812288426416
7,6,C12,C5,-0.04370569964866514
7,6,C13,C5,-0.055336055444604085
7,6,C14,C5,0.047767843652032654
7,6,Enterobacteriaceae,C5,1.6707426622816163e-5
7,6,Paenibacillaceae,C5,-0.022177968415169724
7,6,Ruminococcaceae,C5,0.010930624880079908
7,6,C1,C6,-0.05823787479129692
7,6,C2,C6,-0.06246311134036757
7,6,C3,C6,-0.02321776375901126
7,6,C4,C6,-0.04598078601785197
7,6,C5,C6,-0.02070025260300828
7,6,C6,C6,0.005530951116053451
7,6,C7,C6,-0.018328716650958202
7,6,C8,C6,-0.022824624896182054
7,6,C9,C6,-0.052463249791604806
7,6,C10,C6,1.6439134313888477e-4
7,6,C11,C6,-0.019180867591023797
7,6,C12,C6,-0.02139845868860809
7,6,C13,C6,0.03514544304417582
7,6,C14,C6,-0.03225868063645351
7,6,Enterobacteriaceae,C6,-8.466228391766177e-7
7,6,Paenibacillaceae,C6,0.001732193604129489
7,6,Ruminococcaceae,C6,-0.052860973018949715
7,6,C1,C7,-0.16050415615144656
7,6,C2,C7,-0.11983846231566711
7,6,C3,C7,-0.1276149904040626
7,6,C4,C7,-0.1397454754846043
7,6,C5,C7,-0.059645605877990227
7,6,C6,C7,0.026969593930161833
7,6,C7,C7,-0.03707602919375768
7,6,C8,C7,-0.032235453385608015
7,6,C9,C7,-0.08752653109039395
7,6,C10,C7,-0.033229214613751466
7,6,C11,C7,-0.04175892956544018
7,6,C12,C7,-0.08889626687768805
7,6,C13,C7,0.026634526556015968
7,6,C14,C7,-0.08241451683245114
7,6,Enterobacteriaceae,C7,-1.2438282673132274e-5
7,6,Paenibacillaceae,C7,0.01592264232791799
7,6,Ruminococcaceae,C7,-0.14671253502914436
7,6,C1,C8,-0.13499069199520214
7,6,C2,C8,-0.08570750250662972
7,6,C3,C8,-0.12141508923436017
7,6,C4,C8,-0.11583964945286443
7,6,C5,C8,-0.05473264583500315
7,6,C6,C8,0.022199883904799964
7,6,C7,C8,-0.0034942437725847945
7,6,C8,C8,-0.02286407385420151
7,6,C9,C8,-0.10934198885116286
7,6,C10,C8,-0.04554724221208134
7,6,C11,C8,-0.01629023322145877
7,6,C12,C8,-0.11967024957005655
7,6,C13,C8,0.045255138598903004
7,6,C14,C8,-0.014791938703229623
7,6,Enterobacteriaceae,C8,3.000594273252203e-5
7,6,Paenibacillaceae,C8,-0.03547601801116334
7,6,Ruminococcaceae,C8,-0.14142483915869797
7,6,C1,C9,-0.12415581019538968
7,6,C2,C9,0.008737028403314686
7,6,C3,C9,-0.2175587934514094
7,6,C4,C9,-0.22619715308444516
7,6,C5,C9,-0.044564868769091846
7,6,C6,C9,0.036760215861303826
7,6,C7,C9,0.011049544979110912
7,6,C8,C9,0.07303881983904215
7,6,C9,C9,-0.08942843922117936
7,6,C10,C9,-0.12469651364341107
7,6,C11,C9,-0.008000447797491038
7,6,C12,C9,-0.2948571374515767
7,6,C13,C9,-0.028669158093607282
7,6,C14,C9,0.015450370093870769
7,6,Enterobacteriaceae,C9,6.70724272302224e-6
7,6,Paenibacillaceae,C9,-0.012229533374442898
7,6,Ruminococcaceae,C9,-0.1991209697201394
7,6,C1,C10,0.18072720371755574
7,6,C2,C10,0.23932126072156096
7,6,C3,C10,0.05720134603582851
7,6,C4,C10,0.11491810725503554
7,6,C5,C10,0.03996154608326923
7,6,C6,C10,-0.0065087316757661785
7,6,C7,C10,0.0741365342571869
7,6,C8,C10,0.06467560355258105
7,6,C9,C10,0.2515739771089714
7,6,C10,C10,-0.08075290070349961
7,6,C11,C10,0.057019317267370105
7,6,C12,C10,0.04170308828222052
7,6,C13,C10,-0.1326250095211359
7,6,C14,C10,0.07424891647187465
7,6,Enterobacteriaceae,C10,1.3784029027317871e-5
7,6,Paenibacillaceae,C10,-0.024292889942249794
7,6,Ruminococcaceae,C10,0.14357136280535765
7,6,C1,C11,-0.12914691384536875
7,6,C2,C11,-0.06731485411089135
7,6,C3,C11,-0.12748618359452277
7,6,C4,C11,-0.12410836974814446
7,6,C5,C11,-0.05535975581042762
7,6,C6,C11,0.027633436900258625
7,6,C7,C11,-0.01706758842390371
7,6,C8,C11,-0.01713509663695207
7,6,C9,C11,-0.03905639301910195
7,6,C10,C11,-0.05964253316472959
7,6,C11,C11,-0.02791905953815341
7,6,C12,C11,-0.09583029240491936
7,6,C13,C11,-5.389522196694782e-4
7,6,C14,C11,-0.06122472860724414
7,6,Enterobacteriaceae,C11,-3.4319020387265176e-6
7,6,Paenibacillaceae,C11,0.003206085027648916
7,6,Ruminococcaceae,C11,-0.12713541288280925
7,6,C1,C12,0.22282902746113123
7,6,C2,C12,0.359562437559187
7,6,C3,C12,-0.017527557881040306
7,6,C4,C12,0.06667682474179065
7,6,C5,C12,0.05810313447397129
7,6,C6,C12,0.005222274144822482
7,6,C7,C12,0.09564369308123705
7,6,C8,C12,0.15251320705144988
7,6,C9,C12,0.33227951469855066
7,6,C10,C12,-0.14449060854449036
7,6,C11,C12,0.07543864399605502
7,6,C12,C12,-0.06095804842143267
7,6,C13,C12,-0.23953800354576474
7,6,C14,C12,0.10469757793210771
7,6,Enterobacteriaceae,C12,-1.309646923985577e-5
7,6,Paenibacillaceae,C12,0.0041454571407874685
7,6,Ruminococcaceae,C12,0.1429264258397245
7,6,C1,C13,0.24688512957413342
7,6,C2,C13,0.10069796413924932
7,6,C3,C13,0.2569243955877671
7,6,C4,C13,0.30671442422664824
7,6,C5,C13,0.11334082842955322
7,6,C6,C13,-0.053821302137364316
7,6,C7,C13,0.007025381313457649
7,6,C8,C13,0.0073845602102293444
7,6,C9,C13,0.12685813061473453
7,6,C10,C13,0.17632482569976893
7,6,C11,C13,0.04564752053800609
7,6,C12,C13,0.31439053748139667
7,6,C13,C13,-0.04446290060060121
7,6,C14,C13,0.06833621260119366
7,6,Enterobacteriaceae,C13,-3.2364987708747945e-5
7,6,Paenibacillaceae,C13,0.044961811398479185
7,6,Ruminococcaceae,C13,0.3094687560013441
7,6,C1,C14,-0.21265356597004506
7,6,C2,C14,-0.13657476266652385
7,6,C3,C14,-0.17747831023007804
7,6,C4,C14,-0.1792338120476458
7,6,C5,C14,-0.09235105285225254
7,6,C6,C14,0.040857158176980636
7,6,C7,C14,-0.03535951148559355
7,6,C8,C14,-0.05276112366724935
7,6,C9,C14,-0.06801310547334513
7,6,C10,C14,-0.07746049859772465
7,6,C11,C14,-0.05118770941084096
7,6,C12,C14,-0.11160043556624204
7,6,C13,C14,0.02091702182204967
7,6,C14,C14,-0.1147010902600393
7,6,Enterobacteriaceae,C14,-3.789746667900569e-6
7,6,Paenibacillaceae,C14,0.00389635425344811
7,6,Ruminococcaceae,C14,-0.19457501527216925
7,6,C1,Enterobacteriaceae,-9.785778447179027e-5
7,6,C2,Enterobacteriaceae,-1.1292446824298528e-4
7,6,C3,Enterobacteriaceae,-3.718779201153167e-5
7,6,C4,Enterobacteriaceae,-5.681059302182379e-5
7,6,C5,Enterobacteriaceae,-3.1200994257316194e-5
7,6,C6,Enterobacteriaceae,1.0691101880793224e-5
7,6,C7,Enterobacteriaceae,-4.7595226886272866e-5
7,6,C8,Enterobacteriaceae,-4.4673527730496154e-5
7,6,C9,Enterobacteriaceae,-4.98388072185936e-5
7,6,C10,Enterobacteriaceae,2.228731426706028e-5
7,6,C11,Enterobacteriaceae,-4.037177441274101e-5
7,6,C12,Enterobacteriaceae,2.007129287502234e-5
7,6,C13,Enterobacteriaceae,2.6953114954316514e-5
7,6,C14,Enterobacteriaceae,-8.99252434863745e-5
7,6,Enterobacteriaceae,Enterobacteriaceae,-3.0250528516740244e-8
7,6,Paenibacillaceae,Enterobacteriaceae,3.8835961101881345e-5
7,6,Ruminococcaceae,Enterobacteriaceae,-6.100599357956959e-5
7,6,C1,Paenibacillaceae,0.12753965094361538
7,6,C2,Paenibacillaceae,0.1467647705909763
7,6,C3,Paenibacillaceae,0.054711045140636
7,6,C4,Paenibacillaceae,0.0696052140012411
7,6,C5,Paenibacillaceae,0.03789065257985315
7,6,C6,Paenibacillaceae,-0.01359001828727858
7,6,C7,Paenibacillaceae,0.060116186089194355
7,6,C8,Paenibacillaceae,0.05410719735252681
7,6,C9,Paenibacillaceae,0.0747941578504319
7,6,C10,Paenibacillaceae,-0.03610957080301281
7,6,C11,Paenibacillaceae,0.04884186497645338
7,6,C12,Paenibacillaceae,-0.023842599917637194
7,6,C13,Paenibacillaceae,-0.032747982311401
7,6,C14,Paenibacillaceae,0.10698929681809877
7,6,Enterobacteriaceae,Paenibacillaceae,3.7855548892033614e-5
7,6,Paenibacillaceae,Paenibacillaceae,-0.04948763430705408
7,6,Ruminococcaceae,Paenibacillaceae,0.07735088808296314
7,6,C1,Ruminococcaceae,0.12819725542210517
7,6,C2,Ruminococcaceae,0.2588735813281651
7,6,C3,Ruminococcaceae,-0.03754028194893578
7,6,C4,Ruminococcaceae,-0.04110370832280618
7,6,C5,Ruminococcaceae,0.01687817911400379
7,6,C6,Ruminococcaceae,0.010960715644765664
7,6,C7,Ruminococcaceae,0.0819921519054431
7,6,C8,Ruminococcaceae,0.11393766082702109
7,6,C9,Ruminococcaceae,0.200546736792351
7,6,C10,Ruminococcaceae,-0.17761503856875102
7,6,C11,Ruminococcaceae,0.047143175448791874
7,6,C12,Ruminococcaceae,-0.16230290588303253
7,6,C13,Ruminococcaceae,-0.12503719812812658
7,6,C14,Ruminococcaceae,0.08209026923745363
7,6,Enterobacteriaceae,Ruminococcaceae,2.1218124078344752e-5
7,6,Paenibacillaceae,Ruminococcaceae,-0.03882358161634524
7,6,Ruminococcaceae,Ruminococcaceae,0.014521391110052885
8,7,C1,C1,-0.04481667229158827
8,7,C2,C1,0.08588129419368352
8,7,C3,C1,-0.1783513494137296
8,7,C4,C1,-0.06414793737488318
8,7,C5,C1,-0.01555735644781581
8,7,C6,C1,0.031600818301033604
8,7,C7,C1,0.04393958309550271
8,7,C8,C1,0.0714692690426739
8,7,C9,C1,0.035694450642850005
8,7,C10,C1,-0.07703606317114937
8,7,C11,C1,0.032529074846875845
8,7,C12,C1,-0.13493879919151372
8,7,C13,C1,-0.10972519136710344
8,7,C14,C1,0.05546503133464159
8,7,Enterobacteriaceae,C1,1.554743364068825e-5
8,7,Paenibacillaceae,C1,-0.026076050201386508
8,7,Ruminococcaceae,C1,-0.08158113314019688
8,7,C1,C2,-0.2927480968802634
8,7,C2,C2,-0.14439719222257766
8,7,C3,C2,-0.31971826851353813
8,7,C4,C2,-0.27417813503515637
8,7,C5,C2,-0.10556252178701327
8,7,C6,C2,0.06185514412743469
8,7,C7,C2,-0.019158745462877352
8,7,C8,C2,-0.002670491187525093
8,7,C9,C2,-0.16922371045282683
8,7,C10,C2,-0.10296644633630882
8,7,C11,C2,-0.03803007161797642
8,7,C12,C2,-0.2658662742134547
8,7,C13,C2,0.006668127274827046
8,7,C14,C2,-0.061758986155748326
8,7,Enterobacteriaceae,C2,1.617986094767836e-5
8,7,Paenibacillaceae,C2,-0.024609594329480736
8,7,Ruminococcaceae,C2,-0.31710849976142275
8,7,C1,C3,0.21170128168765137
8,7,C2,C3,0.2581282393458032
8,7,C3,C3,0.02204734676667586
8,7,C4,C3,0.2020565894803282
8,7,C5,C3,0.09500104050019503
8,7,C6,C3,-0.011557554306115027
8,7,C7,C3,0.07828214093670141
8,7,C8,C3,0.12243669469153232
8,7,C9,C3,0.2005651618620205
8,7,C10,C3,0.03608715349840617
8,7,C11,C3,0.09384235733740977
8,7,C12,C3,0.09211481314990824
8,7,C13,C3,-0.19926219412393884
8,7,C14,C3,0.155242930145966
8,7,Enterobacteriaceae,C3,-6.783213223933093e-6
8,7,Paenibacillaceae,C3,0.0021533735726296014
8,7,Ruminococcaceae,C3,0.19765483207360912
8,7,C1,C4,-0.06844241510462677
8,7,C2,C4,0.12049319425821432
8,7,C3,C4,-0.2248904070180299
8,7,C4,C4,-0.12482759955753699
8,7,C5,C4,-0.044843617540322955
8,7,C6,C4,0.050238083256223094
8,7,C7,C4,0.03936402899973397
8,7,C8,C4,0.07200249079138464
8,7,C9,C4,0.14934205400645761
8,7,C10,C4,-0.1612973208673379
8,7,C11,C4,0.013536071582749274
8,7,C12,C4,-0.1603789253485804
8,7,C13,C4,-0.16770849448323935
8,7,C14,C4,-0.017564986154816456
8,7,Enterobacteriaceae,C4,-9.03555703308315e-6
8,7,Paenibacillaceae,C4,-0.0019142983225037082
8,7,Ruminococcaceae,C4,-0.11476269829173545
8,7,C1,C5,-0.015621166478086534
8,7,C2,C5,0.05233548953894153
8,7,C3,C5,-0.08258702734118918
8,7,C4,C5,-0.016509626675952637
8,7,C5,C5,-0.010025446893349188
8,7,C6,C5,0.015801945669544713
8,7,C7,C5,0.028930218885094526
8,7,C8,C5,0.029309144547639436
8,7,C9,C5,0.03723809123701559
8,7,C10,C5,-0.04427681050294663
8,7,C11,C5,0.02032133381697469
8,7,C12,C5,-0.0522905646281068
8,7,C13,C5,-0.05795678505147668
8,7,C14,C5,0.030275511129026052
8,7,Enterobacteriaceae,C5,1.523994865750751e-5
8,7,Paenibacillaceae,C5,-0.022696496798149703
8,7,Ruminococcaceae,C5,-0.031776317739904254
8,7,C1,C6,-0.04945475908851113
8,7,C2,C6,-0.05327600574883736
8,7,C3,C6,-0.019487037449601795
8,7,C4,C6,-0.03915268049074061
8,7,C5,C6,-0.017610017136480537
8,7,C6,C6,0.0046310534231199215
8,7,C7,C6,-0.015680197385980487
8,7,C8,C6,-0.019517173536516167
8,7,C9,C6,-0.04479242292136898
8,7,C10,C6,1.509838543417046e-4
8,7,C11,C6,-0.016384815600044858
8,7,C12,C6,-0.018201491062377454
8,7,C13,C6,0.030123389818964345
8,7,C14,C6,-0.027525277837245718
8,7,Enterobacteriaceae,C6,-7.774245860829758e-7
8,7,Paenibacillaceae,C6,0.00160350935052145
8,7,Ruminococcaceae,C6,-0.044821395138654546
8,7,C1,C7,-0.18165171448060946
8,7,C2,C7,-0.12242021681380122
8,7,C3,C7,-0.15962538200132848
8,7,C4,C7,-0.14370720838578324
8,7,C5,C7,-0.06493316531747438
8,7,C6,C7,0.03423371913804623
8,7,C7,C7,-0.033429132837758176
8,7,C8,C7,-0.02948043493411818
8,7,C9,C7,-0.0860710788869479
8,7,C10,C7,-0.03418518281633793
8,7,C11,C7,-0.03849349094423555
8,7,C12,C7,-0.09199131751480819
8,7,C13,C7,0.011375890581154997
8,7,C14,C7,-0.08178319839013723
8,7,Enterobacteriaceae,C7,-9.57805545159029e-6
8,7,Paenibacillaceae,C7,0.00954253475070325
8,7,Ruminococcaceae,C7,-0.16958015881905206
8,7,C1,C8,-0.14386703498489348
8,7,C2,C8,-0.08606526351670159
8,7,C3,C8,-0.13616686574748538
8,7,C4,C8,-0.11456233928620471
8,7,C5,C8,-0.0557252848837172
8,7,C6,C8,0.02613581130346392
8,7,C7,C8,-0.004096808558927137
8,7,C8,C8,-0.020780388304054594
8,7,C9,C8,-0.10068993483574973
8,7,C10,C8,-0.042647927631561625
8,7,C11,C8,-0.01571473388199808
8,7,C12,C8,-0.11256400972065429
8,7,C13,C8,0.03139400748342801
8,7,C14,C8,-0.019897670689470633
8,7,Enterobacteriaceae,C8,2.6327387076461433e-5
8,7,Paenibacillaceae,C8,-0.032928289871254686
8,7,Ruminococcaceae,C8,-0.14918422136064
8,7,C1,C9,-0.1532451467651145
8,7,C2,C9,-0.013701582534618777
8,7,C3,C9,-0.23960136840455473
8,7,C4,C9,-0.219112698591066
8,7,C5,C9,-0.0528960330714403
8,7,C6,C9,0.043264835018748234
8,7,C7,C9,0.007594449060440034
8,7,C8,C9,0.06040445205908791
8,7,C9,C9,-0.08839470433002893
8,7,C10,C9,-0.11278153138626801
8,7,C11,C9,-0.00980116671436364
8,7,C12,C9,-0.2690953255916022
8,7,C13,C9,-0.03661729172355687
8,7,C14,C9,0.001185118070952619
8,7,Enterobacteriaceae,C9,6.806431758485151e-6
8,7,Paenibacillaceae,C9,-0.014674547311766697
8,7,Ruminococcaceae,C9,-0.21700851518871292
8,7,C1,C10,0.11763023560734293
8,7,C2,C10,0.18792770098382985
8,7,C3,C10,0.006779299860703562
8,7,C4,C10,0.07798833453520759
8,7,C5,C10,0.022476163098728606
8,7,C6,C10,0.0036385580559687735
8,7,C7,C10,0.061815773700954785
8,7,C8,C10,0.05360720991679974
8,7,C9,C10,0.20565319009991348
8,7,C10,C10,-0.07407472965347175
8,7,C11,C10,0.04640447623235189
8,7,C12,C10,0.022195740907332305
8,7,C13,C10,-0.12298696451681351
8,7,C14,C10,0.053892119553567736
8,7,Enterobacteriaceae,C10,1.2361532526541578e-5
8,7,Paenibacillaceae,C10,-0.0235474778125088
8,7,Ruminococcaceae,C10,0.08634461919188278
8,7,C1,C11,-0.13753501877700655
8,7,C2,C11,-0.06955226898496625
8,7,C3,C11,-0.13961019916975678
8,7,C4,C11,-0.12068817243422256
8,7,C5,C11,-0.05567722901547592
8,7,C6,C11,0.03056087311167212
8,7,C7,C11,-0.01544957897124176
8,7,C8,C11,-0.015678606510825623
8,7,C9,C11,-0.040069710496470505
8,7,C10,C11,-0.05420151139405434
8,7,C11,C11,-0.0255239651121749
8,7,C12,C11,-0.09143554094207702
8,7,C13,C11,-0.007263221211470172
8,7,C14,C11,-0.05898357135483017
8,7,Enterobacteriaceae,C11,-1.8641222781263716e-6
8,7,Paenibacillaceae,C11,-5.963286060672503e-4
8,7,Ruminococcaceae,C11,-0.1359999052102735
8,7,C1,C12,0.14545356320752614
8,7,C2,C12,0.2870812746633534
8,7,C3,C12,-0.0664039558966866
8,7,C4,C12,0.03229383149059239
8,7,C5,C12,0.0354338905221775
8,7,C6,C12,0.015733920865837466
8,7,C7,C12,0.07990092210333982
8,7,C8,C12,0.12837107380587393
8,7,C9,C12,0.2726063285060828
8,7,C10,C12,-0.129617069972464
8,7,C11,C12,0.061644476735570004
8,7,C12,C12,-0.06851223245501639
8,7,C13,C12,-0.2164940417382894
8,7,C14,C12,0.07786265316346036
8,7,Enterobacteriaceae,C12,-1.040096657861481e-5
8,7,Paenibacillaceae,C12,-3.572017839028748e-5
8,7,Ruminococcaceae,C12,0.07764467270713071
8,7,C1,C13,0.18560816202052244
8,7,C2,C13,0.07457295325022131
8,7,C3,C13,0.19059697119802094
8,7,C4,C13,0.24827064288401582
8,7,C5,C13,0.08884713777179509
8,7,C6,C13,-0.03965429387344285
8,7,C7,C13,0.004932190993472833
8,7,C8,C13,0.005153347579197716
8,7,C9,C13,0.10194942830473862
8,7,C10,C13,0.1473214079009894
8,7,C11,C13,0.03741108497545534
8,7,C12,C13,0.259543464470248
8,7,C13,C13,-0.044628689452682654
8,7,C14,C13,0.05182202557577116
8,7,Enterobacteriaceae,C13,-2.7246937832059047e-5
8,7,Paenibacillaceae,C13,0.03646788231863704
8,7,Ruminococcaceae,C13,0.23943185736471953
8,7,C1,C14,-0.2567695278499979
8,7,C2,C14,-0.15051511286104421
8,7,C3,C14,-0.23706642134819866
8,7,C4,C14,-0.19420006463646064
8,7,C5,C14,-0.10253836210983498
8,7,C6,C14,0.053744826827556956
8,7,C7,C14,-0.033224951869305554
8,7,C8,C14,-0.048404406762953975
8,7,C9,C14,-0.07717465393381889
8,7,C10,C14,-0.07609765910798315
8,7,C11,C14,-0.04849049143117259
8,7,C12,C14,-0.12248886046347951
8,7,C13,C14,-0.0014082230968395569
8,7,C14,C14,-0.1172726163067199
8,7,Enterobacteriaceae,C14,-1.6206897895870291e-6
8,7,Paenibacillaceae,C14,-0.003209843129647229
8,7,Ruminococcaceae,C14,-0.24070312996803375
8,7,C1,Enterobacteriaceae,-5.425024111771803e-4
8,7,C2,Enterobacteriaceae,-2.8396832088645153e-4
8,7,C3,Enterobacteriaceae,-5.305545529417225e-4
8,7,C4,Enterobacteriaceae,-2.7700338180828166e-4
8,7,C5,Enterobacteriaceae,-1.5399817513377375e-4
8,7,C6,Enterobacteriaceae,1.3612200462082623e-4
8,7,C7,Enterobacteriaceae,-3.82845443122007e-5
8,7,C8,Enterobacteriaceae,-4.338571685753918e-5
8,7,C9,Enterobacteriaceae,-1.402152754854976e-4
8,7,C10,Enterobacteriaceae,-7.878920356549896e-6
8,7,C11,Enterobacteriaceae,-5.8238725555945864e-5
8,7,C12,Enterobacteriaceae,-1.214789886723637e-4
8,7,C13,Enterobacteriaceae,-7.891052732957831e-5
8,7,C14,Enterobacteriaceae,-1.6590146617827912e-4
8,7,Enterobacteriaceae,Enterobacteriaceae,2.8478050340609128e-8
8,7,Paenibacillaceae,Enterobacteriaceae,-9.593972958446709e-5
8,7,Ruminococcaceae,Enterobacteriaceae,-5.443841965567971e-4
8,7,C1,Paenibacillaceae,0.23039570671504359
8,7,C2,Paenibacillaceae,0.18010435605091882
8,7,C3,Paenibacillaceae,0.18490333079048235
8,7,C4,Paenibacillaceae,0.12579730874328607
8,7,C5,Paenibacillaceae,0.07055525935545082
8,7,C6,Paenibacillaceae,-0.04208586685781154
8,7,C7,Paenibacillaceae,0.056230069687740185
8,7,C8,Paenibacillaceae,0.05158166758984809
8,7,C9,Paenibacillaceae,0.09473656809710147
8,7,C10,Paenibacillaceae,-0.014929583458652185
8,7,C11,Paenibacillaceae,0.04940453294090133
8,7,C12,Paenibacillaceae,0.023414121460914605
8,7,C13,Paenibacillaceae,0.003227948878508289
8,7,C14,Paenibacillaceae,0.1225441945727303
8,7,Enterobacteriaceae,Paenibacillaceae,2.9713655533657394e-5
8,7,Paenibacillaceae,Paenibacillaceae,-0.031657570004000955
8,7,Ruminococcaceae,Paenibacillaceae,0.1865235756267582
8,7,C1,Ruminococcaceae,0.08910264557527033
8,7,C2,Ruminococcaceae,0.21236856814439506
8,7,C3,Ruminococcaceae,-0.055149112598093644
8,7,C4,Ruminococcaceae,-0.04606673612947734
8,7,C5,Ruminococcaceae,0.008199457516667823
8,7,C6,Ruminococcaceae,0.01467485865834093
8,7,C7,Ruminococcaceae,0.06955944560175051
8,7,C8,Ruminococcaceae,0.09671831947530006
8,7,C9,Ruminococcaceae,0.16651976525265574
8,7,C10,Ruminococcaceae,-0.15414002476275535
8,7,C11,Ruminococcaceae,0.0390856001734684
8,7,C12,Ruminococcaceae,-0.14583866146642502
8,7,C13,Ruminococcaceae,-0.11198812256538385
8,7,C14,Ruminococcaceae,0.06530807124507532
8,7,Enterobacteriaceae,Ruminococcaceae,1.9162820311299618e-5
8,7,Paenibacillaceae,Ruminococcaceae,-0.036143641733907286
8,7,Ruminococcaceae,Ruminococcaceae,-0.00841349898187368
9,8,C1,C1,-0.09010708555238492
9,8,C2,C1,0.05903397577196342
9,8,C3,C1,-0.2096543071633089
9,8,C4,C1,-0.07796066864421133
9,8,C5,C1,-0.020922263226639957
9,8,C6,C1,0.05011817045065612
9,8,C7,C1,0.051255855230095244
9,8,C8,C1,0.07093321303845394
9,8,C9,C1,0.02701314757352347
9,8,C10,C1,-0.0654499763126676
9,8,C11,C1,0.054800264354992245
9,8,C12,C1,-0.13412577384359964
9,8,C13,C1,-0.10855723103660926
9,8,C14,C1,0.04256712024710674
9,8,Enterobacteriaceae,C1,0.0028783742113376557
9,8,Paenibacillaceae,C1,-0.08605196594493271
9,8,Ruminococcaceae,C1,-0.1297526844733414
9,8,C1,C2,-0.3229271918763638
9,8,C2,C2,-0.14756926426754338
9,8,C3,C2,-0.3504084615068523
9,8,C4,C2,-0.26865367467680806
9,8,C5,C2,-0.10242223606637295
9,8,C6,C2,0.08303744504719943
9,8,C7,C2,-7.786283937221675e-4
9,8,C8,C2,0.008149724705615976
9,8,C9,C2,-0.15382615407908085
9,8,C10,C2,-0.08785241641510753
9,8,C11,C2,-8.775386667932229e-4
9,8,C12,C2,-0.2535405467730551
9,8,C13,C2,-0.01080388634812851
9,8,C14,C2,-0.06197592449184173
9,8,Enterobacteriaceae,C2,0.0035487324265816643
9,8,Paenibacillaceae,C2,-0.10097707596502963
9,8,Ruminococcaceae,C2,-0.35389832962203327
9,8,C1,C3,0.13380054243149603
9,8,C2,C3,0.2094056794427097
9,8,C3,C3,-0.03477612355259358
9,8,C4,C3,0.15446846816967263
9,8,C5,C3,0.07558022296922674
9,8,C6,C3,0.012432325163903319
9,8,C7,C3,0.08120869095800551
9,8,C8,C3,0.11541629129020131
9,8,C9,C3,0.17096280562077626
9,8,C10,C3,0.03333328831880705
9,8,C11,C3,0.10823847942518114
9,8,C12,C3,0.06415234985774404
9,8,C13,C3,-0.1867836328120818
9,8,C14,C3,0.1296776605485452
9,8,Enterobacteriaceae,C3,0.002848302683413969
9,8,Paenibacillaceae,C3,-0.06126863531502884
9,8,Ruminococcaceae,C3,0.11399513439725509
9,8,C1,C4,-0.11393774466039666
9,8,C2,C4,0.08811002802240649
9,8,C3,C4,-0.2537128326061328
9,8,C4,C4,-0.1324354090642925
9,8,C5,C4,-0.0471851852720782
9,8,C6,C4,0.06752316130627425
9,8,C7,C4,0.04764249347213925
9,8,C8,C4,0.07162672131907562
9,8,C9,C4,0.125796257585912
9,8,C10,C4,-0.1390697019453152
9,8,C11,C4,0.03885082857198691
9,8,C12,C4,-0.15731077430875454
9,8,C13,C4,-0.15993488518342144
9,8,C14,C4,-0.021702312399381484
9,8,Enterobacteriaceae,C4,0.002936110915390012
9,8,Paenibacillaceae,C4,-0.0672769317117463
9,8,Ruminococcaceae,C4,-0.16230099382538699
9,8,C1,C5,-0.07507313506745845
9,8,C2,C5,0.02587876878751344
9,8,C3,C5,-0.13719765045730697
9,8,C4,C5,-0.04123579714943114
9,8,C5,C5,-0.018438797816910293
9,8,C6,C5,0.03987153274317664
9,8,C7,C5,0.03919479407261043
9,8,C8,C5,0.03470738622736181
9,8,C9,C5,0.02668782475985688
9,8,C10,C5,-0.03698524903959635
9,8,C11,C5,0.04573914016856337
9,8,C12,C5,-0.06507372779012947
9,8,C13,C5,-0.06571491598999846
9,8,C14,C5,0.018925942334904675
9,8,Enterobacteriaceae,C5,0.0030887832802772492
9,8,Paenibacillaceae,C5,-0.0899300144020751
9,8,Ruminococcaceae,C5,-0.09788564968468728
9,8,C1,C6,-0.09270064997995453
9,8,C2,C6,-0.06275893351997512
9,8,C3,C6,-0.06950739082067571
9,8,C4,C6,-0.05596870973108724
9,8,C5,C6,-0.023541561057595313
9,8,C6,C6,0.024599363951838645
9,8,C7,C6,-0.003149805099561245
9,8,C8,C6,-0.010194757691015835
9,8,C9,C6,-0.04417387404734296
9,8,C10,C6,0.0012685755876777403
9,8,C11,C6,0.00662508005972978
9,8,C12,C6,-0.03144612813758153
9,8,C13,C6,0.014247320761805102
9,8,C14,C6,-0.03028322131459033
9,8,Enterobacteriaceae,C6,0.0023174695621365044
9,8,Paenibacillaceae,C6,-0.05248028754935315
9,8,Ruminococcaceae,C6,-0.09550565256450563
9,8,C1,C7,-0.26188271802561314
9,8,C2,C7,-0.14018509728104106
9,8,C3,C7,-0.24873979578881358
9,8,C4,C7,-0.1705352380923502
9,8,C5,C7,-0.07288982710941426
9,8,C6,C7,0.07382745371359792
9,8,C7,C7,-0.005617124941986812
9,8,C8,C7,-0.010314825426671052
9,8,C9,C7,-0.08489222970489206
9,8,C10,C7,-0.026964682981232307
9,8,C11,C7,0.013839916062821823
9,8,C12,C7,-0.1129731030565297
9,8,C13,C7,-0.015455290590834326
9,8,C14,C7,-0.08401430466329497
9,8,Enterobacteriaceae,C7,0.005201810552980303
9,8,Paenibacillaceae,C7,-0.11016013357967311
9,8,Ruminococcaceae,C7,-0.26600490387243214
9,8,C1,C8,-0.1959830497804225
9,8,C2,C8,-0.09806814491885721
9,8,C3,C8,-0.19346002471195223
9,8,C4,C8,-0.1308880226567767
9,8,C5,C8,-0.060038568189333494
9,8,C6,C8,0.05231406931573645
9,8,C7,C8,0.01183046154630108
9,8,C8,C8,-0.008108001509479991
9,8,C9,C8,-0.09490079069508889
9,8,C10,C8,-0.03549406488171064
9,8,C11,C8,0.01703892574749436
9,8,C12,C8,-0.12045873568444272
9,8,C13,C8,0.01021953806440181
9,8,C14,C8,-0.026130286040052794
9,8,Enterobacteriaceae,C8,0.003417334701798282
9,8,Paenibacillaceae,C8,-0.10695454268579185
9,8,Ruminococcaceae,C8,-0.2104626151194424
9,8,C1,C9,-0.19586079782066299
9,8,C2,C9,-0.03198756970767939
9,8,C3,C9,-0.274955723199934
9,8,C4,C9,-0.21844784559993122
9,8,C5,C9,-0.055974417887825666
9,8,C6,C9,0.06410668060206447
9,8,C7,C9,0.020693064229947312
9,8,C8,C9,0.06195381968146963
9,8,C9,C9,-0.08309719846451782
9,8,C10,C9,-0.09680217039542152
9,8,C11,C9,0.01969785369602429
9,8,C12,C9,-0.2546195460451507
9,8,C13,C9,-0.04722035465073511
9,8,C14,C9,-0.006553421203314217
9,8,Enterobacteriaceae,C9,0.003110869359772094
9,8,Paenibacillaceae,C9,-0.08359362957124794
9,8,Ruminococcaceae,C9,-0.2603381601119032
9,8,C1,C10,0.07338194275092973
9,8,C2,C10,0.1548246353312532
9,8,C3,C10,-0.025140271422928046
9,8,C4,C10,0.05540821860187057
9,8,C5,C10,0.015242991016461769
9,8,C6,C10,0.0159419626262529
9,8,C7,C10,0.06110054815313576
9,8,C8,C10,0.05150144108067202
9,8,C9,C10,0.17706439681123878
9,8,C10,C10,-0.06374287886701746
9,8,C11,C10,0.05499274311930485
9,8,C12,C10,0.010054751609450626
9,8,C13,C10,-0.11470097357456875
9,8,C14,C10,0.043600844657933055
9,8,Enterobacteriaceae,C10,0.0015879683544281632
9,8,Paenibacillaceae,C10,-0.055824402627839546
9,8,Ruminococcaceae,C10,0.04178952141720728
9,8,C1,C11,-0.3439893034983707
9,8,C2,C11,-0.1338103942337125
9,8,C3,C11,-0.35921599512274005
9,8,C4,C11,-0.2036561487415109
9,8,C5,C11,-0.08507118435065097
9,8,C6,C11,0.12022506783744441
9,8,C7,C11,0.03506543420587557
9,8,C8,C11,0.017918861339276542
9,8,C9,C11,-0.057392066784161075
9,8,C10,C11,-0.04191361560918213
9,8,C11,C11,0.07446554211845428
9,8,C12,C11,-0.15028443413989942
9,8,C13,C11,-0.061022938599738376
9,8,C14,C11,-0.07950711676371544
9,8,Enterobacteriaceae,C11,0.010687423020685356
9,8,Paenibacillaceae,C11,-0.24753826981774762
9,8,Ruminococcaceae,C11,-0.3738400599634169
9,8,C1,C12,0.12896632659083468
9,8,C2,C12,0.25153407534846767
9,8,C3,C12,-0.05592394709681871
9,8,C4,C12,0.029158859646290863
9,8,C5,C12,0.031502238586497054
9,8,C6,C12,0.013244111376755208
9,8,C7,C12,0.06982505838996933
9,8,C8,C12,0.11217810074558895
9,8,C9,C12,0.23852540259590807
9,8,C10,C12,-0.11310677211077919
9,8,C11,C12,0.05409931043326748
9,8,C12,C12,-0.059293270700638064
9,8,C13,C12,-0.1886879608774467
9,8,C14,C12,0.06837093476985703
9,8,Enterobacteriaceae,C12,6.8136281460603305e-6
9,8,Paenibacillaceae,C12,3.327837082776699e-4
9,8,Ruminococcaceae,C12,0.06990055605456354
9,8,C1,C13,0.1700899034261318
9,8,C2,C13,0.06787809080048698
9,8,C3,C13,0.17495493873485282
9,8,C4,C13,0.2204378506899624
9,8,C5,C13,0.07910638149722832
9,8,C6,C13,-0.037703571380270515
9,8,C7,C13,0.002970588251747446
9,8,C8,C13,0.0036577564710144903
9,8,C9,C13,0.09004388023320682
9,8,C10,C13,0.12860888283541244
9,8,C11,C13,0.030167700996431297
9,8,C12,C13,0.22914828389723252
9,8,C13,C13,-0.037090141043672
9,8,C14,C13,0.04636623030148958
9,8,Enterobacteriaceae,C13,-3.117005646328629e-4
9,8,Paenibacillaceae,C13,0.03913565305260562
9,8,Ruminococcaceae,C13,0.21811833495429728
9,8,C1,C14,-0.27585336574094754
9,8,C2,C14,-0.14789985589960303
9,8,C3,C14,-0.2616515303896549
9,8,C4,C14,-0.19199386339717048
9,8,C5,C14,-0.09737196555628004
9,8,C6,C14,0.06923880611769237
9,8,C7,C14,-0.016721649459019175
9,8,C8,C14,-0.03419433714820003
9,8,C9,C14,-0.07199810096883058
9,8,C10,C14,-0.06485045677384556
9,8,C11,C14,-0.017406290393308224
9,8,C12,C14,-0.12335518347645476
9,8,C13,C14,-0.013996102490395724
9,8,C14,C14,-0.10857716129389462
9,8,Enterobacteriaceae,C14,0.002723796241109726
9,8,Paenibacillaceae,C14,-0.06400339706109044
9,8,Ruminococcaceae,C14,-0.2692719997593275
9,8,C1,Enterobacteriaceae,-0.022004676048287854
9,8,C2,Enterobacteriaceae,-0.0072264926479703095
9,8,C3,Enterobacteriaceae,-0.023274186283544482
9,8,C4,Enterobacteriaceae,-0.009658964366229336
9,8,C5,Enterobacteriaceae,-0.0035683111524924516
9,8,C6,Enterobacteriaceae,0.009205205099107367
9,8,C7,Enterobacteriaceae,0.004771702051125616
9,8,C8,Enterobacteriaceae,0.003099690017642414
9,8,C9,Enterobacteriaceae,-0.0022072090600810954
9,8,C10,Enterobacteriaceae,5.593629202411497e-4
9,8,C11,Enterobacteriaceae,0.00957757353131846
9,8,C12,Enterobacteriaceae,-0.0068966966653513356
9,8,C13,Enterobacteriaceae,-0.005348075603230902
9,8,C14,Enterobacteriaceae,-0.0028003314815628036
9,8,Enterobacteriaceae,Enterobacteriaceae,0.001059965294896976
9,8,Paenibacillaceae,Enterobacteriaceae,-0.024362029796470768
9,8,Ruminococcaceae,Enterobacteriaceae,-0.025038348755081173
9,8,C1,Paenibacillaceae,0.5517429847816345
9,8,C2,Paenibacillaceae,0.2715175481245308
9,8,C3,Paenibacillaceae,0.5329733247036239
9,8,C4,Paenibacillaceae,0.26357723124644167
9,8,C5,Paenibacillaceae,0.11841149849064977
9,8,C6,Paenibacillaceae,-0.18355052461493135
9,8,C7,Paenibacillaceae,-0.02743204723810271
9,8,C8,Paenibacillaceae,-0.0048148147299229855
9,8,C9,Paenibacillaceae,0.11754516389111594
9,8,C10,Paenibacillaceae,-0.021705590993271982
9,8,C11,Paenibacillaceae,-0.10957519482893699
9,8,C12,Paenibacillaceae,0.1307804313919538
9,8,C13,Paenibacillaceae,0.08850929114819775
9,8,C14,Paenibacillaceae,0.15071757936304675
9,8,Enterobacteriaceae,Paenibacillaceae,-0.016831696667832963
9,8,Paenibacillaceae,Paenibacillaceae,0.36109576458758624
9,8,Ruminococcaceae,Paenibacillaceae,0.5623841467744691
9,8,C1,Ruminococcaceae,0.055329644376783636
9,8,C2,Ruminococcaceae,0.1784380707624793
9,8,C3,Ruminococcaceae,-0.0719486413369755
9,8,C4,Ruminococcaceae,-0.049914044999094874
9,8,C5,Ruminococcaceae,0.0039290671277828326
9,8,C6,Ruminococcaceae,0.02276196748833554
9,8,C7,Ruminococcaceae,0.06644750370023743
9,8,C8,Ruminococcaceae,0.08823831973212003
9,8,C9,Ruminococcaceae,0.14360838977709797
9,8,C10,Ruminococcaceae,-0.1338159245362479
9,8,C11,Ruminococcaceae,0.04580671592808622
9,8,C12,Ruminococcaceae,-0.1345595002997436
9,8,C13,Ruminococcaceae,-0.10342865789418544
9,8,C14,Ruminococcaceae,0.054449638022193624
9,8,Enterobacteriaceae,Ruminococcaceae,0.001283294462697664
9,8,Paenibacillaceae,Ruminococcaceae,-0.05953173093440185
9,8,Ruminococcaceae,Ruminococcaceae,-0.03317052689804466
10,9,C1,C1,-0.10397181423046142
10,9,C2,C1,0.04880613882392701
10,9,C3,C1,-0.207880024477694
10,9,C4,C1,-0.07258005055129382
10,9,C5,C1,-0.01694942791794059
10,9,C6,C1,0.06257288665743209
10,9,C7,C1,0.06946115096850625
10,9,C8,C1,0.0707104312763589
10,9,C9,C1,0.02580920589780564
10,9,C10,C1,-0.04257167065714368
10,9,C11,C1,0.07104551435590209
10,9,C12,C1,-0.12558271344865435
10,9,C13,C1,-0.09988087872115074
10,9,C14,C1,0.03846320876135902
10,9,Enterobacteriaceae,C1,0.007513480842557543
10,9,Paenibacillaceae,C1,-0.13707638062459507
10,9,Ruminococcaceae,C1,-0.1564958197372753
10,9,C1,C2,-0.3169267178709217
10,9,C2,C2,-0.13565611544376788
10,9,C3,C2,-0.33891404176248113
10,9,C4,C2,-0.24337633244426723
10,9,C5,C2,-0.0889699037979896
10,9,C6,C2,0.09627573655555453
10,9,C7,C2,0.028305273796892107
10,9,C8,C2,0.017280983459107096
10,9,C9,C2,-0.13418491984052996
10,9,C10,C2,-0.059919493128357086
10,9,C11,C2,0.028699724496945394
10,9,C12,C2,-0.23357116875474215
10,9,C13,C2,-0.014505759520257377
10,9,C14,C2,-0.05431523582364376
10,9,Enterobacteriaceae,C2,0.00919245397577163
10,9,Paenibacillaceae,C2,-0.16629117089283466
10,9,Ruminococcaceae,C2,-0.3647810913325708
10,9,C1,C3,0.06824428525191678
10,9,C2,C3,0.1780754639745745
10,9,C3,C3,-0.07741890024273092
10,9,C4,C3,0.12885251192319536
10,9,C5,C3,0.0703202039715829
10,9,C6,C3,0.04865752965857987
10,9,C7,C3,0.1203205425137232
10,9,C8,C3,0.11923920698443836
10,9,C9,C3,0.15569143818293435
10,9,C10,C3,0.05955112969294129
10,9,C11,C3,0.1453890886726005
10,9,C12,C3,0.04270216394105191
10,9,C13,C3,-0.17404986547293566
10,9,C14,C3,0.11625244261887263
10,9,Enterobacteriaceae,C3,0.012585008393116725
10,9,Paenibacillaceae,C3,-0.18228214824814157
10,9,Ruminococcaceae,C3,0.016859787298434036
10,9,C1,C4,-0.17216447047813058
10,9,C2,C4,0.06708190483504806
10,9,C3,C4,-0.2911188133284109
10,9,C4,C4,-0.12996163701158578
10,9,C5,C4,-0.0374671845957456
10,9,C6,C4,0.11250357157213313
10,9,C7,C4,0.10855292325333954
10,9,C8,C4,0.08751478021401453
10,9,C9,C4,0.11725453230087292
10,9,C10,C4,-0.08321635427873252
10,9,C11,C4,0.10529263836614904
10,9,C12,C4,-0.16000200016107388
10,9,C13,C4,-0.15414923482343862
10,9,C14,C4,-0.017851254949694084
10,9,Enterobacteriaceae,C4,0.01647664141294353
10,9,Paenibacillaceae,C4,-0.23957842416109174
10,9,Ruminococcaceae,C4,-0.26074395268111916
10,9,C1,C5,-0.08340484328231945
10,9,C2,C5,0.020476666257578713
10,9,C3,C5,-0.13695350678912369
10,9,C4,C5,-0.03887418397986581
10,9,C5,C5,-0.015218842891618487
10,9,C6,C5,0.04806941725167737
10,9,C7,C5,0.051716481142025754
10,9,C8,C5,0.036185103627167384
10,9,C9,C5,0.024962717646078984
10,9,C10,C5,-0.02176379773383265
10,9,C11,C5,0.05609002124976811
10,9,C12,C5,-0.06228519309906699
10,9,C13,C5,-0.06072625544413954
10,9,C14,C5,0.01729636333159703
10,9,Enterobacteriaceae,C5,0.006237848372773814
10,9,Paenibacillaceae,C5,-0.1222403943663312
10,9,Ruminococcaceae,C5,-0.1159815106580529
10,9,C1,C6,-0.09872647698398919
10,9,C2,C6,-0.058390648380020595
10,9,C3,C6,-0.07726937529748187
10,9,C4,C6,-0.053084316802318364
10,9,C5,C6,-0.019959787090125965
10,9,C6,C6,0.033785717318448656
10,9,C7,C6,0.011502720071232096
10,9,C8,C6,-0.0032875288994417373
10,9,C9,C6,-0.037878114872097815
10,9,C10,C6,0.009165988550831556
10,9,C11,C6,0.023263095728841547
10,9,C12,C6,-0.03285785564454565
10,9,C13,C6,0.009436134543696484
10,9,C14,C6,-0.026686079082759464
10,9,Enterobacteriaceae,C6,0.0050880044375298155
10,9,Paenibacillaceae,C6,-0.0882521026421565
10,9,Ruminococcaceae,C6,-0.11052653325529907
10,9,C1,C7,-0.34457369487561806
10,9,C2,C7,-0.14224894480396005
10,9,C3,C7,-0.3255636928875131
10,9,C4,C7,-0.1721954510484681
10,9,C5,C7,-0.057928151407434944
10,9,C6,C7,0.14800087066753512
10,9,C7,C7,0.09718962232860553
10,9,C8,C7,0.029140341319810924
10,9,C9,C7,-0.06643799680660203
10,9,C10,C7,0.03660458813008802
10,9,C11,C7,0.12635833895793305
10,9,C12,C7,-0.13296359689549275
10,9,C13,C7,-0.03385838855030629
10,9,C14,C7,-0.07265282033795363
10,9,Enterobacteriaceae,C7,0.02609312869286102
10,9,Paenibacillaceae,C7,-0.38176592968566847
10,9,Ruminococcaceae,C7,-0.41736679598193643
10,9,C1,C8,-0.15472981710432973
10,9,C2,C8,-0.08397489634382464
10,9,C3,C8,-0.15369638928882165
10,9,C4,C8,-0.112518848914875
10,9,C5,C8,-0.05443969715327246
10,9,C6,C8,0.03232639934350316
10,9,C7,C8,-0.006848723462955127
10,9,C8,C8,-0.01380416014513041
10,9,C9,C8,-0.08577367207960558
10,9,C10,C8,-0.041673939311082014
10,9,C11,C8,-0.004613384174468358
10,9,C12,C8,-0.10127796909372055
10,9,C13,C8,0.01259264575768412
10,9,C14,C8,-0.02350133541235666
10,9,Enterobacteriaceae,C8,-6.199547513096851e-4
10,9,Paenibacillaceae,C8,-0.04621604913225521
10,9,Ruminococcaceae,C8,-0.1559375982665638
10,9,C1,C9,-0.1785291301340534
10,9,C2,C9,-0.02905729621564523
10,9,C3,C9,-0.2481993325689071
10,9,C4,C9,-0.19437946037378587
10,9,C5,C9,-0.04933974166295908
10,9,C6,C9,0.06050297106947367
10,9,C7,C9,0.023394287675276872
10,9,C8,C9,0.056426885321276515
10,9,C9,C9,-0.07341649217044348
10,9,C10,C9,-0.08246471287032626
10,9,C11,C9,0.021511026482111777
10,9,C12,C9,-0.22720376821901475
10,9,C13,C9,-0.04246746297885574
10,9,C14,C9,-0.005639437298266179
10,9,Enterobacteriaceae,C9,0.0037892168736098635
10,9,Paenibacillaceae,C9,-0.08601755532741684
10,9,Ruminococcaceae,C9,-0.23956998482438652
10,9,C1,C10,-0.06033606860615524
10,9,C2,C10,0.11741557607750448
10,9,C3,C10,-0.13979124163702264
10,9,C4,C10,0.025505287402058572
10,9,C5,C10,0.021048500565073014
10,9,C6,C10,0.10629061939173895
10,9,C7,C10,0.1678504529813218
10,9,C8,C10,0.08872918406032594
10,9,C9,C10,0.16717413125017222
10,9,C10,C10,0.01027455740162829
10,9,C11,C10,0.17717662597063502
10,9,C12,C10,-0.027815419517139495
10,9,C13,C10,-0.12462703251589331
10,9,C14,C10,0.04075911892599959
10,9,Enterobacteriaceae,C10,0.025317106773950365
10,9,Paenibacillaceae,C10,-0.36739182748256716
10,9,Ruminococcaceae,C10,-0.1648631366377456
10,9,C1,C11,-0.2060190962359283
10,9,C2,C11,-0.10308943043604592
10,9,C3,C11,-0.22632045325034886
10,9,C4,C11,-0.16280242808180942
10,9,C5,C11,-0.0815877769213808
10,9,C6,C11,0.03346649364678806
10,9,C7,C11,-0.06031438643814522
10,9,C8,C11,-0.017822931908782536
10,9,C9,C11,-0.05880803252778383
10,9,C10,C11,-0.09196661100713081
10,9,C11,C11,-0.03407178042909332
10,9,C12,C11,-0.10465012094363571
10,9,C13,C11,-0.036672577951036206
10,9,C14,C11,-0.07239401704313123
10,9,Enterobacteriaceae,C11,-0.009698161292346132
10,9,Paenibacillaceae,C11,0.031815346600300616
10,9,Ruminococcaceae,C11,-0.1701531991996738
10,9,C1,C12,0.08590784750869739
10,9,C2,C12,0.2188734956140076
10,9,C3,C12,-0.07592400052040969
10,9,C4,C12,0.021276556190763542
10,9,C5,C12,0.02980065355866326
10,9,C6,C12,0.03305579584214648
10,9,C7,C12,0.08938087530989537
10,9,C8,C12,0.10904148580393386
10,9,C9,C12,0.21394691181378322
10,9,C10,C12,-0.08330129710994093
10,9,C11,C12,0.0757839869761126
10,9,C12,C12,-0.06065630191488384
10,9,C13,C12,-0.17210652778390026
10,9,C14,C12,0.061352479437750976
10,9,Enterobacteriaceae,C12,0.0057144189818827355
10,9,Paenibacillaceae,C12,-0.07201997744883476
10,9,Ruminococcaceae,C12,0.014211615502053167
10,9,C1,C13,0.10730126997074442
10,9,C2,C13,0.053494108633325724
10,9,C3,C13,0.11501648212462924
10,9,C4,C13,0.18846556689493638
10,9,C5,C13,0.07300209998082219
10,9,C6,C13,-9.682220467380474e-4
10,9,C7,C13,0.04421453620317096
10,9,C8,C13,0.01778908542050002
10,9,C9,C13,0.08333547764457895
10,9,C10,C13,0.13991116348374466
10,9,C11,C13,0.06952687047866289
10,9,C12,C13,0.19106147776575375
10,9,C13,C13,-0.04010392714389395
10,9,C14,C13,0.042130964406669975
10,9,Enterobacteriaceae,C13,0.008396192145951933
10,9,Paenibacillaceae,C13,-0.07583502758546963
10,9,Ruminococcaceae,C13,0.12085792477030899
10,9,C1,C14,-0.274499664503766
10,9,C2,C14,-0.1359069667167443
10,9,C3,C14,-0.2597036263709304
10,9,C4,C14,-0.1755056415832694
10,9,C5,C14,-0.0845733227562454
10,9,C6,C14,0.083434245690874
10,9,C7,C14,0.012991922705088477
10,9,C8,C14,-0.020402262735589573
10,9,C9,C14,-0.06158116481490763
10,9,C10,C14,-0.040553614863679026
10,9,C11,C14,0.013924181386359504
10,9,C12,C14,-0.11795384683641756
10,9,C13,C14,-0.01743993076471813
10,9,C14,C14,-0.09576477764114243
10,9,Enterobacteriaceae,C14,0.008237539103071581
10,9,Paenibacillaceae,C14,-0.13186377614890327
10,9,Ruminococcaceae,C14,-0.2879283997682563
10,9,C1,Enterobacteriaceae,-0.03731103835736109
10,9,C2,Enterobacteriaceae,-0.009250208957090122
10,9,C3,Enterobacteriaceae,-0.03730460484687052
10,9,C4,Enterobacteriaceae,-0.01192836572612926
10,9,C5,Enterobacteriaceae,-0.0021020479785596943
10,9,C6,Enterobacteriaceae,0.021226723567877106
10,9,C7,Enterobacteriaceae,0.020334691018482565
10,9,C8,Enterobacteriaceae,0.008846203952923322
10,9,C9,Enterobacteriaceae,-5.416294493047928e-4
10,9,C10,Enterobacteriaceae,0.009970158122437005
10,9,C11,Enterobacteriaceae,0.026689249831137834
10,9,C12,Enterobacteriaceae,-0.011327585726449194
10,9,C13,Enterobacteriaceae,-0.00797956595776087
10,9,C14,Enterobacteriaceae,-0.002194122534629771
10,9,Enterobacteriaceae,Enterobacteriaceae,0.004328523249560391
10,9,Paenibacillaceae,Enterobacteriaceae,-0.06666082436577586
10,9,Ruminococcaceae,Enterobacteriaceae,-0.050841867723275674
10,9,C1,Paenibacillaceae,0.4842981516243947
10,9,C2,Paenibacillaceae,0.2403416890401929
10,9,C3,Paenibacillaceae,0.46857401575925167
10,9,C4,Paenibacillaceae,0.23393087414256283
10,9,C5,Paenibacillaceae,0.10559394064599736
10,9,C6,Paenibacillaceae,-0.15851546445316267
10,9,C7,Paenibacillaceae,-0.017464631638638917
10,9,C8,Paenibacillaceae,-0.0028193741111046766
10,9,C9,Paenibacillaceae,0.1047016256691236
10,9,C10,Paenibacillaceae,-0.013978499195203857
10,9,C11,Paenibacillaceae,-0.09354591200339349
10,9,C12,Paenibacillaceae,0.11492191843304252
10,9,C13,Paenibacillaceae,0.0783040038863636
10,9,C14,Paenibacillaceae,0.13412063682420117
10,9,Enterobacteriaceae,Paenibacillaceae,-0.01356487212049555
10,9,Paenibacillaceae,Paenibacillaceae,0.3067792634663819
10,9,Ruminococcaceae,Paenibacillaceae,0.48806522355845605
10,9,C1,Ruminococcaceae,0.1585826715471512
10,9,C2,Ruminococcaceae,0.17591158327575354
10,9,C3,Ruminococcaceae,0.038810260984273044
10,9,C4,Ruminococcaceae,-0.02333986638364346
10,9,C5,Ruminococcaceae,-0.003022118832298815
10,9,C6,Ruminococcaceae,-0.060057556031833124
10,9,C7,Ruminococcaceae,-0.03954050457827372
10,9,C8,Ruminococcaceae,0.04066753307125836
10,9,C9,Ruminococcaceae,0.11872210185065644
10,9,C10,Ruminococcaceae,-0.1763720857643691
10,9,C11,Ruminococcaceae,-0.07190608420532497
10,9,C12,Ruminococcaceae,-0.08725238969731837
10,9,C13,Ruminococcaceae,-0.07167748383868049
10,9,C14,Ruminococcaceae,0.04661357296000482
10,9,Enterobacteriaceae,Ruminococcaceae,-0.019615096090756803
10,9,Paenibacillaceae,Ruminococcaceae,0.22447928334346035
10,9,Ruminococcaceae,Ruminococcaceae,0.1460276370051337
11,10,C1,C1,-0.11946180644929642
11,10,C2,C1,0.04213069354354152
11,10,C3,C1,-0.20296130933124354
11,10,C4,C1,-0.06177228727473256
11,10,C5,C1,0.004130588015484956
11,10,C6,C1,0.07851284949427016
11,10,C7,C1,0.09437541895995828
11,10,C8,C1,0.07437018508416902
11,10,C9,C1,0.029510033935309623
11,10,C10,C1,-0.020118718302072847
11,10,C11,C1,0.0804156071537888
11,10,C12,C1,-0.10680957039285209
11,10,C13,C1,-0.07211239733067641
11,10,C14,C1,0.03365020408276075
11,10,Enterobacteriaceae,C1,0.013382215011688946
11,10,Paenibacillaceae,C1,-0.1870120198326594
11,10,Ruminococcaceae,C1,-0.2022676940364867
11,10,C1,C2,-0.3085574193320834
11,10,C2,C2,-0.12360545267293248
11,10,C3,C2,-0.3195772542866055
11,10,C4,C2,-0.2157116181525188
11,10,C5,C2,-0.06348708309437444
11,10,C6,C2,0.10678400581151969
11,10,C7,C2,0.054870428318099414
11,10,C8,C2,0.025033365876665943
11,10,C9,C2,-0.11521266597948795
11,10,C10,C2,-0.03648936788779481
11,10,C11,C2,0.040627601390165254
11,10,C12,C2,-0.20515352810081405
11,10,C13,C2,0.0018863851864539963
11,10,C14,C2,-0.049461355045934734
11,10,Enterobacteriaceae,C2,0.014343149647250981
11,10,Paenibacillaceae,C2,-0.2076197660958255
11,10,Ruminococcaceae,C2,-0.3837612163485737
11,10,C1,C3,0.007253154339021767
11,10,C2,C3,0.15622738466803124
11,10,C3,C3,-0.10402487172675239
11,10,C4,C3,0.12278506991871863
11,10,C5,C3,0.09954766148981066
11,10,C6,C3,0.09001717057665144
11,10,C7,C3,0.1759689409230641
11,10,C8,C3,0.12851328077457544
11,10,C9,C3,0.15195962532646323
11,10,C10,C3,0.09438687956553732
11,10,C11,C3,0.16434533600493023
11,10,C12,C3,0.04852920723852384
11,10,C13,C3,-0.1237704153272034
11,10,C14,C3,0.10332897163632278
11,10,Enterobacteriaceae,C3,0.02528697737491319
11,10,Paenibacillaceae,C3,-0.29700015260285356
11,10,Ruminococcaceae,C3,-0.11234075753081596
11,10,C1,C4,-0.17606344376071625
11,10,C2,C4,0.05878342969142431
11,10,C3,C4,-0.2752743024581063
11,10,C4,C4,-0.11410400986614508
11,10,C5,C4,-0.019441681424201863
11,10,C6,C4,0.11934939351474716
11,10,C7,C4,0.1242894258066129
11,10,C8,C4,0.0870479517732785
11,10,C9,C4,0.11011486746801143
11,10,C10,C4,-0.058690924796099324
11,10,C11,C4,0.10788502869416117
11,10,C12,C4,-0.13988542445489968
11,10,C13,C4,-0.12576859058841333
11,10,C14,C4,-0.01650215871557034
11,10,Enterobacteriaceae,C4,0.020313793636345372
11,10,Paenibacillaceae,C4,-0.2677753237877713
11,10,Ruminococcaceae,C4,-0.28457135919180526
11,10,C1,C5,-0.22346378676643314
11,10,C2,C5,0.007471797534965204
11,10,C3,C5,-0.21904415043941453
11,10,C4,C5,-0.016306790421773184
11,10,C5,C5,0.08009075599275362
11,10,C6,C5,0.17014083361633348
11,10,C7,C5,0.2345991322482431
11,10,C8,C5,0.08930426994005831
11,10,C9,C5,0.053669442023496584
11,10,C10,C5,0.09714427001421053
11,10,C11,C5,0.1415733561131001
11,10,C12,C5,-0.03194107921441445
11,10,C13,C5,0.029035842603621912
11,10,C14,C5,0.013428982795340903
11,10,Enterobacteriaceae,C5,0.044227648571686186
11,10,Paenibacillaceae,C5,-0.4758684166527356
11,10,Ruminococcaceae,C5,-0.45321386192456153
11,10,C1,C6,-0.07950273129624114
11,10,C2,C6,-0.05189468197139463
11,10,C3,C6,-0.06383984670781068
11,10,C4,C6,-0.04898914571212123
11,10,C5,C6,-0.025245723925118015
11,10,C6,C6,0.022444097781653134
11,10,C7,C6,-8.861784347610866e-4
11,10,C8,C6,-0.0069197653961933486
11,10,C9,C6,-0.03641354549100246
11,10,C10,C6,0.0020940337738766103
11,10,C11,C6,0.014942237779405586
11,10,C12,C6,-0.03196548968784015
11,10,C13,C6,0.001769804577207939
11,10,C14,C6,-0.023583273727531252
11,10,Enterobacteriaceae,C6,0.0022334496987054457
11,10,Paenibacillaceae,C6,-0.056675071961357446
11,10,Ruminococcaceae,C6,-0.07737570096702133
11,10,C1,C7,-0.2515006668423502
11,10,C2,C7,-0.12374236996163585
11,10,C3,C7,-0.25568422945518027
11,10,C4,C7,-0.16231105075588134
11,10,C5,C7,-0.09156155495669716
11,10,C6,C7,0.08320491255062952
11,10,C7,C7,0.014463906006889583
11,10,C8,C7,0.0031316966585631686
11,10,C9,C7,-0.07274704006287305
11,10,C10,C7,-0.010819730183898467
11,10,C11,C7,0.07728895536763092
11,10,C12,C7,-0.1306799449070973
11,10,C13,C7,-0.06602174890557162
11,10,C14,C7,-0.06397562549873162
11,10,Enterobacteriaceae,C7,0.008423140705629575
11,10,Paenibacillaceae,C7,-0.19984560104723054
11,10,Ruminococcaceae,C7,-0.23782410341784022
11,10,C1,C8,-0.18213758205380745
11,10,C2,C8,-0.0786724969883205
11,10,C3,C8,-0.16601686833752832
11,10,C4,C8,-0.09576309367800372
11,10,C5,C8,-0.021936840097652392
11,10,C6,C8,0.06584757446202348
11,10,C7,C8,0.04842380109563867
11,10,C8,C8,0.003994531133133983
11,10,C9,C8,-0.0681083422978138
11,10,C10,C8,-0.003501614946093198
11,10,C11,C8,0.022236476343201476
11,10,C12,C8,-0.08418788680212508
11,10,C13,C8,0.035379139265301215
11,10,C14,C8,-0.021708943426917517
11,10,Enterobacteriaceae,C8,0.01064427964699918
11,10,Paenibacillaceae,C8,-0.14764020628354307
11,10,Ruminococcaceae,C8,-0.24129710235322815
11,10,C1,C9,-0.20780199358129406
11,10,C2,C9,-0.02956346592356814
11,10,C3,C9,-0.253508048657323
11,10,C4,C9,-0.16875193939531638
11,10,C5,C9,-0.013727657426379356
11,10,C6,C9,0.09484045398783332
11,10,C7,C9,0.08070660560448771
11,10,C8,C9,0.06903541235275935
11,10,C9,C9,-0.05583704690031201
11,10,C10,C9,-0.03753248639221859
11,10,C11,C9,0.048528384098326056
11,10,C12,C9,-0.1961121294335355
11,10,C13,C9,-0.010759180399281601
11,10,C14,C9,-0.005887235116906242
11,10,Enterobacteriaceae,C9,0.015676706124788376
11,10,Paenibacillaceae,C9,-0.19385472169357593
11,10,Ruminococcaceae,C9,-0.3266703088606748
11,10,C1,C10,0.07182288226262849
11,10,C2,C10,0.11470278369261984
11,10,C3,C10,-0.04481145218683403
11,10,C4,C10,0.006928660244182443
11,10,C5,C10,-0.06310167488145488
11,10,C6,C10,-0.012242368200459187
11,10,C7,C10,-0.00799452879475346
11,10,C8,C10,0.03085958583248598
11,10,C9,C10,0.1230880771477661
11,10,C10,C10,-0.08799244067791091
11,10,C11,C10,0.08141129944760447
11,10,C12,C10,-0.04695925679399125
11,10,C13,C10,-0.18552121066676777
11,10,C14,C10,0.038896528379200025
11,10,Enterobacteriaceae,C10,-0.009920549028421558
11,10,Paenibacillaceae,C10,-0.019794629905369863
11,10,Ruminococcaceae,C10,0.14845518294626367
11,10,C1,C11,-0.21292691110283668
11,10,C2,C11,-0.09475242857007783
11,10,C3,C11,-0.22151184001786406
11,10,C4,C11,-0.14292164099537832
11,10,C5,C11,-0.05644542994271612
11,10,C6,C11,0.053771267314636544
11,10,C7,C11,-0.018903787725791935
11,10,C8,C11,-0.00560100635402478
11,10,C9,C11,-0.04721032839784726
11,10,C10,C11,-0.06042509332568142
11,10,C11,C11,-0.013735904109612184
11,10,C12,C11,-0.08997318201182306
11,10,C13,C11,-0.017978608927966582
11,10,C14,C11,-0.06536350861058435
11,10,Enterobacteriaceae,C11,-0.0014821396767380382
11,10,Paenibacillaceae,C11,-0.03977366664818436
11,10,Ruminococcaceae,C11,-0.21800358680081053
11,10,C1,C12,-0.020946679608880674
11,10,C2,C12,0.18966549836881427
11,10,C3,C12,-0.13112466425083386
11,10,C4,C12,0.03161886566099018
11,10,C5,C12,0.09109368722785037
11,10,C6,C12,0.11367309221833863
11,10,C7,C12,0.20395053813468586
11,10,C8,C12,0.13623931417080418
11,10,C9,C12,0.21363970888185346
11,10,C10,C12,5.064127034475108e-4
11,10,C11,C12,0.12885679704262537
11,10,C12,C12,-0.03716269937603844
11,10,C13,C12,-0.09705811708642878
11,10,C14,C12,0.05331953910257792
11,10,Enterobacteriaceae,C12,0.030569093260605234
11,10,Paenibacillaceae,C12,-0.3065069558794465
11,10,Ruminococcaceae,C12,-0.2183335336869594
11,10,C1,C13,-0.05303831587698806
11,10,C2,C13,0.037055105260919145
11,10,C3,C13,0.0067154067802483244
11,10,C4,C13,0.18816662669614745
11,10,C5,C13,0.15962163182986122
11,10,C6,C13,0.12692022125203917
11,10,C7,C13,0.22928621284033254
11,10,C8,C13,0.07303218179418469
11,10,C9,C13,0.10623988861661161
11,10,C10,C13,0.2436130793943275
11,10,C11,C13,0.15419320414293305
11,10,C12,C13,0.19571190501900676
11,10,C13,C13,0.0477142816072496
11,10,C14,C13,0.03581994527945963
11,10,Enterobacteriaceae,C13,0.04645154428452058
11,10,Paenibacillaceae,C13,-0.43669842158613903
11,10,Ruminococcaceae,C13,-0.24261779527309385
11,10,C1,C14,-0.2314105204511775
11,10,C2,C14,-0.12097090744699238
11,10,C3,C14,-0.22322366969857463
11,10,C4,C14,-0.1596095703247877
11,10,C5,C14,-0.08439285302116863
11,10,C6,C14,0.06189382310730104
11,10,C7,C14,-0.00823408504884372
11,10,C8,C14,-0.023823435107795717
11,10,C9,C14,-0.058210125715363846
11,10,C10,C14,-0.04956473466980439
11,10,C11,C14,0.003355450066889961
11,10,C12,C14,-0.1076762497713211
11,10,C13,C14,-0.022951512420307022
11,10,C14,C14,-0.0861246722573826
11,10,Enterobacteriaceae,C14,0.0033496918442851697
11,10,Paenibacillaceae,C14,-0.08055274234922799
11,10,Ruminococcaceae,C14,-0.22296802723276063
11,10,C1,Enterobacteriaceae,-0.024169758692362032
11,10,C2,Enterobacteriaceae,-0.0076481952039965054
11,10,C3,Enterobacteriaceae,-0.027577233623492042
11,10,C4,Enterobacteriaceae,-0.011928754099289363
11,10,C5,Enterobacteriaceae,-0.008205227444161278
11,10,C6,Enterobacteriaceae,0.011065202986960015
11,10,C7,Enterobacteriaceae,0.006541092270574025
11,10,C8,Enterobacteriaceae,0.004253003468863704
11,10,C9,Enterobacteriaceae,-0.002571037591495777
11,10,C10,Enterobacteriaceae,0.0019019555363279253
11,10,C11,Enterobacteriaceae,0.018160612928999044
11,10,C12,Enterobacteriaceae,-0.011953705565038336
11,10,C13,Enterobacteriaceae,-0.01286046209217891
11,10,C14,Enterobacteriaceae,-0.0017639202979563503
11,10,Enterobacteriaceae,Enterobacteriaceae,0.001471385931787182
11,10,Paenibacillaceae,Enterobacteriaceae,-0.03686448425871399
11,10,Ruminococcaceae,Enterobacteriaceae,-0.02361369808567672
11,10,C1,Paenibacillaceae,0.4011039667700666
11,10,C2,Paenibacillaceae,0.21371023372043052
11,10,C3,Paenibacillaceae,0.3998176375148839
11,10,C4,Paenibacillaceae,0.2148191717851782
11,10,C5,Paenibacillaceae,0.1195459738933465
11,10,C6,Paenibacillaceae,-0.11316260801254553
11,10,C7,Paenibacillaceae,0.026716844043917966
11,10,C8,Paenibacillaceae,0.01144031917100821
11,10,C9,Paenibacillaceae,0.10218100860508685
11,10,C10,Paenibacillaceae,0.01208199089676916
11,10,C11,Paenibacillaceae,-0.06246195305978473
11,10,C12,Paenibacillaceae,0.11075559496814201
11,10,C13,Paenibacillaceae,0.09275883145739713
11,10,C14,Paenibacillaceae,0.11952337737058098
11,10,Enterobacteriaceae,Paenibacillaceae,-0.003413508669771692
11,10,Paenibacillaceae,Paenibacillaceae,0.19159604718059803
11,10,Ruminococcaceae,Paenibacillaceae,0.35771732877332835
11,10,C1,Ruminococcaceae,0.1335500261291435
11,10,C2,Ruminococcaceae,0.15768747657416352
11,10,C3,Ruminococcaceae,0.029946691659862534
11,10,C4,Ruminococcaceae,-0.01958705668275539
11,10,C5,Ruminococcaceae,0.006624078354574104
11,10,C6,Ruminococcaceae,-0.04623398898614805
11,10,C7,Ruminococcaceae,-0.025359402489249033
11,10,C8,Ruminococcaceae,0.04107356417292742
11,10,C9,Ruminococcaceae,0.10966511809250773
11,10,C10,Ruminococcaceae,-0.1542849190388504
11,10,C11,Ruminococcaceae,-0.0583795927086374
11,10,C12,Ruminococcaceae,-0.07465925486231571
11,10,C13,Ruminococcaceae,-0.05560438379526075
11,10,C14,Ruminococcaceae,0.04108869362050592
11,10,Enterobacteriaceae,Ruminococcaceae,-0.015453252863291975
11,10,Paenibacillaceae,Ruminococcaceae,0.17993596956971056
11,10,Ruminococcaceae,Ruminococcaceae,0.10948065577655668
12,11,C1,C1,-0.12608803150167788
12,11,C2,C1,0.03678012516304623
12,11,C3,C1,-0.19438895543706897
12,11,C4,C1,-0.05581791693749738
12,11,C5,C1,0.018232817336611872
12,11,C6,C1,0.08581073244446778
12,11,C7,C1,0.095842849386588
12,11,C8,C1,0.07460249963417419
12,11,C9,C1,0.03316836407633909
12,11,C10,C1,-0.013730861618332132
12,11,C11,C1,0.08240995530882814
12,11,C12,C1,-0.07849167340142647
12,11,C13,C1,-0.05274569367115274
12,11,C14,C1,0.02993038639562738
12,11,Enterobacteriaceae,C1,0.016216542954334615
12,11,Paenibacillaceae,C1,-0.2106473292244619
12,11,Ruminococcaceae,C1,-0.22864500431277865
12,11,C1,C2,-0.28009693316991574
12,11,C2,C2,-0.11236685240960519
12,11,C3,C2,-0.2904396526962323
12,11,C4,C2,-0.1962377727386008
12,11,C5,C2,-0.059109777587867306
12,11,C6,C2,0.09678443212170267
12,11,C7,C2,0.04908481869337216
12,11,C8,C2,0.022222777209106176
12,11,C9,C2,-0.10490245289252736
12,11,C10,C2,-0.032835136172419496
12,11,C11,C2,0.03634308436144827
12,11,C12,C2,-0.18596943071007782
12,11,C13,C2,1.786730267458776e-4
12,11,C14,C2,-0.0446433059515492
12,11,Enterobacteriaceae,C2,0.013015150662604887
12,11,Paenibacillaceae,C2,-0.18812008104649128
12,11,Ruminococcaceae,C2,-0.348248606797179
12,11,C1,C3,0.021758549256322746
12,11,C2,C3,0.1428069860048402
12,11,C3,C3,-0.0866807115196074
12,11,C4,C3,0.11025923757998586
12,11,C5,C3,0.07365319451869048
12,11,C6,C3,0.06900008233726858
12,11,C7,C3,0.14894554027210477
12,11,C8,C3,0.10917414693682138
12,11,C9,C3,0.1318661357831849
12,11,C10,C3,0.08292677215067318
12,11,C11,C3,0.13964548343683517
12,11,C12,C3,0.029791600244582977
12,11,C13,C3,-0.12801527213082742
12,11,C14,C3,0.09528276326709285
12,11,Enterobacteriaceae,C3,0.019537514405368706
12,11,Paenibacillaceae,C3,-0.23424466885024475
12,11,Ruminococcaceae,C3,-0.06354401500466478
12,11,C1,C4,-0.13651604537978107
12,11,C2,C4,0.055011000794735684
12,11,C3,C4,-0.23748851710574828
12,11,C4,C4,-0.10499402135389249
12,11,C5,C4,-0.041035078847572765
12,11,C6,C4,0.08886918821699237
12,11,C7,C4,0.09735071952180863
12,11,C8,C4,0.06826729483586724
12,11,C9,C4,0.09090773253700794
12,11,C10,C4,-0.05827227568428304
12,11,C11,C4,0.08403871838365551
12,11,C12,C4,-0.15005949035789026
12,11,C13,C4,-0.13562421188831164
12,11,C14,C4,-0.013291404252085645
12,11,Enterobacteriaceae,C4,0.013118260175600138
12,11,Paenibacillaceae,C4,-0.18863643500408803
12,11,Ruminococcaceae,C4,-0.198950615812536
12,11,C1,C5,-0.0656942140170824
12,11,C2,C5,0.01684190263203919
12,11,C3,C5,-0.12413543339399749
12,11,C4,C5,-0.021277830893776984
12,11,C5,C5,-0.05809128526818129
12,11,C6,C5,0.040305134283688454
12,11,C7,C5,0.12509854222319783
12,11,C8,C5,0.01994269832256915
12,11,C9,C5,-0.0036970951975539997
12,11,C10,C5,0.057438073978482995
12,11,C11,C5,0.04902148992147803
12,11,C12,C5,-0.16651307204998944
12,11,C13,C5,-0.09233629360554219
12,11,C14,C5,0.020836621683591506
12,11,Enterobacteriaceae,C5,0.008774734746954206
12,11,Paenibacillaceae,C5,-0.11247995826107082
12,11,Ruminococcaceae,C5,-0.062037752008413605
12,11,C1,C6,-0.05791182113774661
12,11,C2,C6,-0.04600520056088354
12,11,C3,C6,-0.05000008278374293
12,11,C4,C6,-0.04494537547533611
12,11,C5,C6,-0.03561740196482789
12,11,C6,C6,0.00854265982176062
12,11,C7,C6,-0.009496419346006904
12,11,C8,C6,-0.01233414560410878
12,11,C9,C6,-0.038389625100031674
12,11,C10,C6,-0.001551230218114059
12,11,C11,C6,0.00562272609730988
12,11,C12,C6,-0.043726134362040515
12,11,C13,C6,-0.00974458896668905
12,11,C14,C6,-0.020715101202925322
12,11,Enterobacteriaceae,C6,-0.001257828912733329
12,11,Paenibacillaceae,C6,-0.018244072844582387
12,11,Ruminococcaceae,C6,-0.033805025828618065
12,11,C1,C7,-0.16048669550471792
12,11,C2,C7,-0.10741765419454725
12,11,C3,C7,-0.1952097732871053
12,11,C4,C7,-0.15063411114813618
12,11,C5,C7,-0.1479727057582786
12,11,C6,C7,0.01903218661672463
12,11,C7,C7,-0.030435128927731925
12,11,C8,C7,-0.027449721135751646
12,11,C9,C7,-0.092037923324548
12,11,C10,C7,-0.025053954772207017
12,11,C11,C7,0.030798619558689733
12,11,C12,C7,-0.18672543423065804
12,11,C13,C7,-0.11877857735237574
12,11,C14,C7,-0.05381863537096373
12,11,Enterobacteriaceae,C7,-0.007887678211151368
12,11,Paenibacillaceae,C7,-0.023257275622666072
12,11,Ruminococcaceae,C7,-0.04297704869723407
12,11,C1,C8,-0.12043266294208786
12,11,C2,C8,-0.06828917142994971
12,11,C3,C8,-0.12656976136372747
12,11,C4,C8,-0.08945559527661226
12,11,C5,C8,-0.06431964940996927
12,11,C6,C8,0.022276219404528477
12,11,C7,C8,0.014385009485342182
12,11,C8,C8,-0.01693938800797412
12,11,C9,C8,-0.07928364132207759
12,11,C10,C8,-0.012879173539761613
12,11,C11,C8,-0.006427155422136065
12,11,C12,C8,-0.12093847471759926
12,11,C13,C8,-0.00840425835185496
12,11,C14,C8,-0.016571462407505348
12,11,Enterobacteriaceae,C8,-5.969219912219164e-4
12,11,Paenibacillaceae,C8,-0.029178668331355056
12,11,Ruminococcaceae,C8,-0.10466212217664717
12,11,C1,C9,-0.17056623424502565
12,11,C2,C9,-0.02550571974145401
12,11,C3,C9,-0.22031306135269407
12,11,C4,C9,-0.15408677536499185
12,11,C5,C9,-0.02962173177878306
12,11,C6,C9,0.0710280815682285
12,11,C7,C9,0.06173942657535575
12,11,C8,C9,0.05466141499565033
12,11,C9,C9,-0.0576309515686572
12,11,C10,C9,-0.03820907122915277
12,11,C11,C9,0.03360358350401384
12,11,C12,C9,-0.19638830282734457
12,11,C13,C9,-0.025307497414253994
12,11,C14,C9,-0.004237964614551675
12,11,Enterobacteriaceae,C9,0.010079508941173522
12,11,Paenibacillaceae,C9,-0.13375680052847042
12,11,Ruminococcaceae,C9,-0.25041087994124994
12,11,C1,C10,0.03264875595540261
12,11,C2,C10,0.10182548999499755
12,11,C3,C10,-0.058382119819075894
12,11,C4,C10,0.007918529178893723
12,11,C5,C10,-0.02587428461278807
12,11,C6,C10,0.016018183799882676
12,11,C7,C10,0.013814360298405126
12,11,C8,C10,0.04267908909169312
12,11,C9,C10,0.12430341987206421
12,11,C10,C10,-0.07270951439546054
12,11,C11,C10,0.09296632062770274
12,11,C12,C10,-0.01016134808906853
12,11,C13,C10,-0.1399116322641121
12,11,C14,C10,0.03319798872749735
12,11,Enterobacteriaceae,C10,-0.0015644104194573994
12,11,Paenibacillaceae,C10,-0.09390491384167761
12,11,Ruminococcaceae,C10,0.05187214655621997
12,11,C1,C11,-0.14491082004756925
12,11,C2,C11,-0.082546211417912907
12,11,C3,C11,-0.17485638302916004
12,11,C4,C11,-0.13219851682592176
12,11,C5,C11,-0.09791778966923878
12,11,C6,C11,0.008468929199466515
12,11,C7,C11,-0.048464054636917185
12,11,C8,C11,-0.02684247628732227
12,11,C9,C11,-0.061469623206137455
12,11,C10,C11,-0.06564189744567468
12,11,C11,C11,-0.04073568099374484
12,11,C12,C11,-0.13010805524454971
12,11,C13,C11,-0.058731533333206756
12,11,C14,C11,-0.05622357543764319
12,11,Enterobacteriaceae,C11,-0.01242689412930422
12,11,Paenibacillaceae,C11,0.07683323084347948
12,11,Ruminococcaceae,C11,-0.0745580737050964
12,11,C1,C12,-0.07098201784159058
12,11,C2,C12,0.16859139728456798
12,11,C3,C12,-0.1471005910093963
12,11,C4,C12,0.031529843117260106
12,11,C5,C12,0.13379146438982603
12,11,C6,C12,0.14656942062301978
12,11,C7,C12,0.2193098249022571
12,11,C8,C12,0.14741830673285533
12,11,C9,C12,0.2141270155062007
12,11,C10,C12,0.011714300739939175
12,11,C11,C12,0.14770260423634493
12,11,C12,C12,0.017685360909163794
12,11,C13,C12,-0.041569615492736786
12,11,C14,C12,0.04483883474250858
12,11,Enterobacteriaceae,C12,0.03962114778489236
12,11,Paenibacillaceae,C12,-0.3995215727559155
12,11,Ruminococcaceae,C12,-0.33052996235723076
12,11,C1,C13,0.10239851006826192
12,11,C2,C13,0.044699503436917074
12,11,C3,C13,0.08819494523242423
12,11,C4,C13,0.16384794158737778
12,11,C5,C13,0.0016246174993935782
12,11,C6,C13,-0.010010552387108846
12,11,C7,C13,0.11182779245937972
12,11,C8,C13,-7.093574099252141e-4
12,11,C9,C13,0.03899301775456344
12,11,C10,C13,0.18744313300614712
12,11,C11,C13,0.05283090070560353
12,11,C12,C13,0.026865463399960928
12,11,C13,C13,-0.08670246805090279
12,11,C14,C13,0.04197725131557626
12,11,Enterobacteriaceae,C13,0.007749287929147931
12,11,Paenibacillaceae,C13,-0.04593049971221772
12,11,Ruminococcaceae,C13,0.16312712036019444
12,11,C1,C14,-0.24940440268642267
12,11,C2,C14,-0.11287642136083051
12,11,C3,C14,-0.2244286378583427
12,11,C4,C14,-0.14347665312086333
12,11,C5,C14,-0.040773392592726505
12,11,C6,C14,0.0887674440675847
12,11,C7,C14,0.016903050934977484
12,11,C8,C14,-0.004675850268344879
12,11,C9,C14,-0.03811783552430868
12,11,C10,C14,-0.03582328574347609
12,11,C11,C14,0.025239431800533604
12,11,C12,C14,-0.05790933379146734
12,11,C13,C14,0.011449199088061197
12,11,C14,C14,-0.08037837553383101
12,11,Enterobacteriaceae,C14,0.012039920512635369
12,11,Paenibacillaceae,C14,-0.16441290359190175
12,11,Ruminococcaceae,C14,-0.3025053544352491
12,11,C1,Enterobacteriaceae,-0.023160470351605983
12,11,C2,Enterobacteriaceae,-0.007015341102525352
12,11,C3,Enterobacteriaceae,-0.02565937571244394
12,11,C4,Enterobacteriaceae,-0.010723389031627253
12,11,C5,Enterobacteriaceae,-0.0060731900094644345
12,11,C6,Enterobacteriaceae,0.011068669416322646
12,11,C7,Enterobacteriaceae,0.00682970302383589
12,11,C8,Enterobacteriaceae,0.004479205416431406
12,11,C9,Enterobacteriaceae,-0.0018383507377410409
12,11,C10,Enterobacteriaceae,0.0019388636752930518
12,11,C11,Enterobacteriaceae,0.017276779242089837
12,11,C12,Enterobacteriaceae,-0.009737026447649734
12,11,C13,Enterobacteriaceae,-0.010390404977741812
12,11,C14,Enterobacteriaceae,-0.0017254946319654907
12,11,Enterobacteriaceae,Enterobacteriaceae,0.0016087302533845545
12,11,Paenibacillaceae,Enterobacteriaceae,-0.036313372281033526
12,11,Ruminococcaceae,Enterobacteriaceae,-0.024509616064880377
12,11,C1,Paenibacillaceae,0.34586345394149054
12,11,C2,Paenibacillaceae,0.19257326169488154
12,11,C3,Paenibacillaceae,0.3526638994297067
12,11,C4,Paenibacillaceae,0.19548668379997838
12,11,C5,Paenibacillaceae,0.12407844138108787
12,11,C6,Paenibacillaceae,-0.08755569314645369
12,11,C7,Paenibacillaceae,0.035042029246221656
12,11,C8,Paenibacillaceae,0.017896976631585532
12,11,C9,Paenibacillaceae,0.09953070800976985
12,11,C10,Paenibacillaceae,0.01565454501255272
12,11,C11,Paenibacillaceae,-0.046790346470864774
12,11,C12,Paenibacillaceae,0.11989045244858225
12,11,C13,Paenibacillaceae,0.09795866018964149
12,11,C14,Paenibacillaceae,0.10782920782693382
12,11,Enterobacteriaceae,Paenibacillaceae,0.0011539343306928352
12,11,Paenibacillaceae,Paenibacillaceae,0.1312172144300801
12,11,Ruminococcaceae,Paenibacillaceae,0.27779823730426195
12,11,C1,Ruminococcaceae,0.10896398866864132
12,11,C2,Ruminococcaceae,0.14203294432729727
12,11,C3,Ruminococcaceae,0.019808954645648354
12,11,C4,Ruminococcaceae,-0.017989777423612973
12,11,C5,Ruminococcaceae,0.014482744998747391
12,11,C6,Ruminococcaceae,-0.031920963682285156
12,11,C7,Ruminococcaceae,-0.016780060714919262
12,11,C8,Ruminococcaceae,0.04167455921632419
12,11,C9,Ruminococcaceae,0.10380703073092615
12,11,C10,Ruminococcaceae,-0.1365024554116424
12,11,C11,Ruminococcaceae,-0.0470593310791457
12,11,C12,Ruminococcaceae,-0.05415283130993554
12,11,C13,Ruminococcaceae,-0.043381198079371026
12,11,C14,Ruminococcaceae,0.03722677508329801
12,11,Enterobacteriaceae,Ruminococcaceae,-0.011157112549947243
12,11,Paenibacillaceae,Ruminococcaceae,0.13494458773060014
12,11,Ruminococcaceae,Ruminococcaceae,0.06781474521801073
13,12,C1,C1,-0.13474319020300435
13,12,C2,C1,0.03145452096364947
13,12,C3,C1,-0.1861585497679362
13,12,C4,C1,-0.053613908825809596
13,12,C5,C1,0.017500897470142798
13,12,C6,C1,0.0946606986684375
13,12,C7,C1,0.09177676296613856
13,12,C8,C1,0.0836599233790844
13,12,C9,C1,0.031959566206472806
13,12,C10,C1,-0.0016730657587389873
13,12,C11,C1,0.08480135208883144
13,12,C12,C1,-0.05041018534626366
13,12,C13,C1,-0.050523982155254554
13,12,C14,C1,0.03492057822088578
13,12,Enterobacteriaceae,C1,0.019808453221803097
13,12,Paenibacillaceae,C1,-0.23659255935158333
13,12,Ruminococcaceae,C1,-0.2617531713120688
13,12,C1,C2,-0.2743280024012555
13,12,C2,C2,-0.10498722192650146
13,12,C3,C2,-0.2735151923609848
13,12,C4,C2,-0.1820425929467723
13,12,C5,C2,-0.05340429611381713
13,12,C6,C2,0.10347540118962566
13,12,C7,C2,0.04864064887016852
13,12,C8,C2,0.03449877629507147
13,12,C9,C2,-0.09462954404797477
13,12,C10,C2,-0.020011822236334978
13,12,C11,C2,0.04188717986419887
13,12,C12,C2,-0.15050918922649797
13,12,C13,C2,-0.001877236972458151
13,12,C14,C2,-0.03396536059999473
13,12,Enterobacteriaceae,C2,0.01649535510808344
13,12,Paenibacillaceae,C2,-0.21259812142054557
13,12,Ruminococcaceae,C2,-0.36728463139691225
13,12,C1,C3,-0.051210936613155476
13,12,C2,C3,0.12253563865611646
13,12,C3,C3,-0.10943825862732119
13,12,C4,C3,0.09178811474245367
13,12,C5,C3,0.07039835485822477
13,12,C6,C3,0.12253808189908506
13,12,C7,C3,0.15114832164349915
13,12,C8,C3,0.1564470765471537
13,12,C9,C3,0.12665871586838476
13,12,C10,C3,0.1162307542747656
13,12,C11,C3,0.16226716670422275
13,12,C12,C3,0.10676510544847817
13,12,C13,C3,-0.12545259203120313
13,12,C14,C3,0.11494339620552085
13,12,Enterobacteriaceae,C3,0.03620881201142832
13,12,Paenibacillaceae,C3,-0.37585493449462576
13,12,Ruminococcaceae,C3,-0.25159024588326967
13,12,C1,C4,-0.14412836558365597
13,12,C2,C4,0.04817222609035443
13,12,C3,C4,-0.2255699511224761
13,12,C4,C4,-0.09863674512402874
13,12,C5,C4,-0.03679437518655523
13,12,C6,C4,0.09732250611774818
13,12,C7,C4,0.09312266740294683
13,12,C8,C4,0.07771652004457497
13,12,C9,C4,0.08483492123952437
13,12,C10,C4,-0.042566778453540385
13,12,C11,C4,0.08620961934683528
13,12,C12,C4,-0.11614654417159907
13,12,C13,C4,-0.12641984737383044
13,12,C14,C4,-0.004736900177281975
13,12,Enterobacteriaceae,C4,0.016928654979493005
13,12,Paenibacillaceae,C4,-0.21605400026753163
13,12,Ruminococcaceae,C4,-0.23411078324754106
13,12,C1,C5,-0.0764503137558779
13,12,C2,C5,0.01353518441827303
13,12,C3,C5,-0.12057066935920381
13,12,C4,C5,-0.02159477207349915
13,12,C5,C5,-0.05253661620251446
13,12,C6,C5,0.05049513660057226
13,12,C7,C5,0.11795503763152121
13,12,C8,C5,0.03119550700978023
13,12,C9,C5,-0.00204547447429027
13,12,C10,C5,0.061827115125088955
13,12,C11,C5,0.05276788330926923
13,12,C12,C5,-0.13434214953913728
13,12,C13,C5,-0.08645005159155282
13,12,C14,C5,0.02542076558591273
13,12,Enterobacteriaceae,C5,0.012227632100998656
13,12,Paenibacillaceae,C5,-0.1399313556958287
13,12,Ruminococcaceae,C5,-0.10107330530012935
13,12,C1,C6,-0.05451597092706346
13,12,C2,C6,-0.042311682151091
13,12,C3,C6,-0.046430680063490735
13,12,C4,C6,-0.041360815413969736
13,12,C5,C6,-0.03256651169999824
13,12,C6,C6,0.009049366416405932
13,12,C7,C6,-0.008396366578443918
13,12,C8,C6,-0.010154563468070008
13,12,C9,C6,-0.03503713576749673
13,12,C10,C6,-5.911503181395487e-4
13,12,C11,C6,0.005851435939399106
13,12,C12,C6,-0.03839903007979244
13,12,C13,C6,-0.00909827061263142
13,12,C14,C6,-0.018410856802389824
13,12,Enterobacteriaceae,C6,-7.729143225553506e-4
13,12,Paenibacillaceae,C6,-0.020045331647943546
13,12,Ruminococcaceae,C6,-0.034968027224015354
13,12,C1,C7,-0.15931542153942285
13,12,C2,C7,-0.099821240392539215
13,12,C3,C7,-0.1839950609943925
13,12,C4,C7,-0.13956734069440993
13,12,C5,C7,-0.13502728236746292
13,12,C6,C7,0.027706390296191912
13,12,C7,C7,-0.02532736279261386
13,12,C8,C7,-0.015348413955278362
13,12,C9,C7,-0.08329176542232261
13,12,C10,C7,-0.015974360684528423
13,12,C11,C7,0.0341666692005775
13,12,C12,C7,-0.1572855755907946
13,12,C13,C7,-0.11021271853937044
13,12,C14,C7,-0.04449834405222024
13,12,Enterobacteriaceae,C7,-0.004054221620222432
13,12,Paenibacillaceae,C7,-0.04922454944526782
13,12,Ruminococcaceae,C7,-0.0728467651169528
13,12,C1,C8,-0.23222166089164303
13,12,C2,C8,-0.07672985638983874
13,12,C3,C8,-0.16746121266383018
13,12,C4,C8,-0.09772203120477715
13,12,C5,C8,-0.0538979133856814
13,12,C6,C8,0.12207601886981041
13,12,C7,C8,0.03838997459915481
13,12,C8,C8,0.08111340612444728
13,12,C9,C8,-0.06253445395593907
13,12,C10,C8,0.05720356319039892
13,12,C11,C8,0.05294935524632271
13,12,C12,C8,0.025459081509508246
13,12,C13,C8,-0.021754283603889563
13,12,C14,C8,0.03219735273530052
13,12,Enterobacteriaceae,C8,0.030836107940810986
13,12,Paenibacillaceae,C8,-0.30312524333593405
13,12,Ruminococcaceae,C8,-0.4272682541540323
13,12,C1,C9,-0.132333264055819
13,12,C2,C9,-0.020577136115094374
13,12,C3,C9,-0.1916561979148273
13,12,C4,C9,-0.13803641311335288
13,12,C5,C9,-0.028105558565908205
13,12,C6,C9,0.04513479659540009
13,12,C7,C9,0.051616529223313765
13,12,C8,C9,0.031212273932631065
13,12,C9,C9,-0.05478406139646776
13,12,C10,C9,-0.048514961739524354
13,12,C11,C9,0.019278552298316997
13,12,C12,C9,-0.2066286463008849
13,12,C13,C9,-0.020413568717242373
13,12,C14,C9,-0.013138371539295014
13,12,Enterobacteriaceae,C9,0.00308113568703431
13,12,Paenibacillaceae,C9,-0.06833169501557075
13,12,Ruminococcaceae,C9,-0.16440891144626782
13,12,C1,C10,0.021295319969352227
13,12,C2,C10,0.09226844793470483
13,12,C3,C10,-0.05710662144845208
13,12,C4,C10,0.006139949947194025
13,12,C5,C10,-0.02334350876135849
13,12,C6,C10,0.021854261152204398
13,12,C7,C10,0.014435930706870664
13,12,C8,C10,0.04593521849735946
13,12,C9,C10,0.1145662815171505
13,12,C10,C10,-0.06172416349584801
13,12,C11,C10,0.08931623708930823
13,12,C12,C10,3.0677458212308254e-4
13,12,C13,C10,-0.12914467898737172
13,12,C14,C10,0.03376065961736883
13,12,Enterobacteriaceae,C10,7.843500285075494e-4
13,12,Paenibacillaceae,C10,-0.10553489965321892
13,12,Ruminococcaceae,C10,0.02409957117595572
13,12,C1,C11,-0.17857416493114517
13,12,C2,C11,-0.08094062243653083
13,12,C3,C11,-0.17953309314623614
13,12,C4,C11,-0.1270235171363197
13,12,C5,C11,-0.08780173484150958
13,12,C6,C11,0.04598909027945612
13,12,C7,C11,-0.03490947501465687
13,12,C8,C11,0.011758679066176836
13,12,C9,C11,-0.052513533035860746
13,12,C10,C11,-0.03417875677689948
13,12,C11,C11,-0.015184634073241629
13,12,C12,C11,-0.06795155042347328
13,12,C13,C11,-0.059080184082795494
13,12,C14,C11,-0.033680553993934874
13,12,Enterobacteriaceae,C11,4.1825302752910665e-4
13,12,Paenibacillaceae,C11,-0.03355572929690091
13,12,Ruminococcaceae,C11,-0.19290899606234777
13,12,C1,C12,-0.006384137109613745
13,12,C2,C12,0.1612410420420091
13,12,C3,C12,-0.10997648951085502
13,12,C4,C12,0.03646792713519493
13,12,C5,C12,0.1201306797626074
13,12,C6,C12,0.08534941410782268
13,12,C7,C12,0.18874975002908
13,12,C8,C12,0.08851389658950941
13,12,C9,C12,0.19129076427010544
13,12,C10,C12,-0.022461220054923552
13,12,C11,C12,0.10697701548426682
13,12,C12,C12,-0.0493067061761104
13,12,C13,C12,-0.03132145746410518
13,12,C14,C12,0.018270059907820737
13,12,Enterobacteriaceae,C12,0.021198183519999487
13,12,Paenibacillaceae,C12,-0.23301251888275243
13,12,Ruminococcaceae,C12,-0.14336790499115323
13,12,C1,C13,0.07700262645209639
13,12,C2,C13,0.038993813733717166
13,12,C3,C13,0.07371325091920167
13,12,C4,C13,0.14791014927401785
13,12,C5,C13,0.0021857960854404037
13,12,C6,C13,0.004839173075092071
13,12,C7,C13,0.10590862958809809
13,12,C8,C13,0.012715925461991741
13,12,C9,C13,0.03709358499950684
13,12,C10,C13,0.18120197522328568
13,12,C11,C13,0.056516537287702256
13,12,C12,C13,0.04334903299736474
13,12,C13,C13,-0.08134509415035183
13,12,C14,C13,0.044995201939659765
13,12,Enterobacteriaceae,C13,0.01142133186001714
13,12,Paenibacillaceae,C13,-0.08014097444113498
13,12,Ruminococcaceae,C13,0.10376653523528896
13,12,C1,C14,-0.2785658566143448
13,12,C2,C14,-0.10922093327825269
13,12,C3,C14,-0.22675702528702166
13,12,C4,C14,-0.13790953102125955
13,12,C5,C14,-0.03528550920412905
13,12,C6,C14,0.12310694252480206
13,12,C7,C14,0.02584785465790432
13,12,C8,C14,0.035435710244160604
13,12,C9,C14,-0.030766097371125387
13,12,C10,C14,-0.004446164558711917
13,12,C11,C14,0.047304484895400525
13,12,C12,C14,0.0029694658855377604
13,12,C13,C14,0.0047071736133743255
13,12,C14,C14,-0.05414923177514133
13,12,Enterobacteriaceae,C14,0.023929529736558146
13,12,Paenibacillaceae,C14,-0.2642302209120208
13,12,Ruminococcaceae,C14,-0.41332338016578596
13,12,C1,Enterobacteriaceae,-0.020689953630993956
13,12,C2,Enterobacteriaceae,-0.006375934228752297
13,12,C3,Enterobacteriaceae,-0.023365522359537632
13,12,C4,Enterobacteriaceae,-0.009769747228328197
13,12,C5,Enterobacteriaceae,-0.005605586501455671
13,12,C6,Enterobacteriaceae,0.009685793275219876
13,12,C7,Enterobacteriaceae,0.006130503787030073
13,12,C8,Enterobacteriaceae,0.0035091900957213294
13,12,C9,Enterobacteriaceae,-0.00168955772615652
13,12,C10,Enterobacteriaceae,0.0014580835713607172
13,12,C11,Enterobacteriaceae,0.015504357597746616
13,12,C12,Enterobacteriaceae,-0.00943274678762154
13,12,C13,Enterobacteriaceae,-0.009480298875550979
13,12,C14,Enterobacteriaceae,-0.0018476720866394312
13,12,Enterobacteriaceae,Enterobacteriaceae,0.0013360576461910615
13,12,Paenibacillaceae,Enterobacteriaceae,-0.03207025675892885
13,12,Ruminococcaceae,Enterobacteriaceae,-0.02100070027707728
13,12,C1,Paenibacillaceae,0.30034318749660793
13,12,C2,Paenibacillaceae,0.17448452635867337
13,12,C3,Paenibacillaceae,0.3161325661502974
13,12,C4,Paenibacillaceae,0.17693958282123323
13,12,C5,Paenibacillaceae,0.11434395042544457
13,12,C6,Paenibacillaceae,-0.06646272427205893
13,12,C7,Paenibacillaceae,0.03551283600385431
13,12,C8,Paenibacillaceae,0.029563482022974576
13,12,C9,Paenibacillaceae,0.0925015118050312
13,12,C10,Paenibacillaceae,0.02366820153476434
13,12,C11,Paenibacillaceae,-0.034868148052290784
13,12,C12,Paenibacillaceae,0.1281542452779211
13,12,C13,Paenibacillaceae,0.08784615960096427
13,12,C14,Paenibacillaceae,0.10520825877072983
13,12,Enterobacteriaceae,Paenibacillaceae,0.0052932741594583
13,12,Paenibacillaceae,Paenibacillaceae,0.08287903173410598
13,12,Ruminococcaceae,Paenibacillaceae,0.20971853067068405
13,12,C1,Ruminococcaceae,0.08588838109778357
13,12,C2,Ruminococcaceae,0.12858599743227384
13,12,C3,Ruminococcaceae,0.013075067614861463
13,12,C4,Ruminococcaceae,-0.018131288255829263
13,12,C5,Ruminococcaceae,0.014043687233891404
13,12,C6,Ruminococcaceae,-0.017479913414151657
13,12,C7,Ruminococcaceae,-0.012327952140199045
13,12,C8,Ruminococcaceae,0.050930707284589455
13,12,C9,Ruminococcaceae,0.09587018917499499
13,12,C10,Ruminococcaceae,-0.1169488766464523
13,12,C11,Ruminococcaceae,-0.035732322069052594
13,12,C12,Ruminococcaceae,-0.03474442818795482
13,12,C13,Ruminococcaceae,-0.04111300734687836
13,12,C14,Ruminococcaceae,0.04012242341061823
13,12,Enterobacteriaceae,Ruminococcaceae,-0.006612885604866208
13,12,Paenibacillaceae,Ruminococcaceae,0.09201874973692487
13,12,Ruminococcaceae,Ruminococcaceae,0.02405362017752363
14,13,C1,C1,-0.13846556367420984
14,13,C2,C1,0.028796228964372984
14,13,C3,C1,-0.16867164787945388
14,13,C4,C1,-0.04934668876070594
14,13,C5,C1,0.019210096936850548
14,13,C6,C1,0.10087810965518536
14,13,C7,C1,0.08971682749547948
14,13,C8,C1,0.1073188913370787
14,13,C9,C1,0.027546424286691434
14,13,C10,C1,0.00914161900010476
14,13,C11,C1,0.09236837150537268
14,13,C12,C1,-0.03846559877586994
14,13,C13,C1,-0.04512457698651047
14,13,C14,C1,0.04409259692178167
14,13,Enterobacteriaceae,C1,0.022227373934950223
14,13,Paenibacillaceae,C1,-0.2506356253949582
14,13,Ruminococcaceae,C1,-0.282824885725593
14,13,C1,C2,-0.2646854566323997
14,13,C2,C2,-0.09701316654554067
14,13,C3,C2,-0.24976327345271412
14,13,C4,C2,-0.16781893083403657
14,13,C5,C2,-0.04672954854175592
14,13,C6,C2,0.10658591248158411
14,13,C7,C2,0.04903911203087344
14,13,C8,C2,0.056632439787835095
14,13,C9,C2,-0.08885839002273482
14,13,C10,C2,-0.009666470740399589
14,13,C11,C2,0.050276264990390035
14,13,C12,C2,-0.132286761237078
14,13,C13,C2,-4.771973358159341e-4
14,13,C14,C2,-0.021575358596376586
14,13,Enterobacteriaceae,C2,0.018464332856241363
14,13,Paenibacillaceae,C2,-0.22268468390817867
14,13,Ruminococcaceae,C2,-0.37277634802701914
14,13,C1,C3,-0.061544966455510955
14,13,C2,C3,0.11263873916882733
14,13,C3,C3,-0.0983210298414147
14,13,C4,C3,0.08455721613634132
14,13,C5,C3,0.06782175500621432
14,13,C6,C3,0.12660674817358428
14,13,C7,C3,0.14428942868841801
14,13,C8,C3,0.17392593914445242
14,13,C9,C3,0.11461522439198045
14,13,C10,C3,0.11770022221911497
14,13,C11,C3,0.16358879911025276
14,13,C12,C3,0.10701703623667398
14,13,C13,C3,-0.11464991843630701
14,13,C14,C3,0.11791236336695776
14,13,Enterobacteriaceae,C3,0.03735680890668903
14,13,Paenibacillaceae,C3,-0.37942222041032836
14,13,Ruminococcaceae,C3,-0.2735269996906777
14,13,C1,C4,-0.1443313090498339
14,13,C2,C4,0.04427641510062479
14,13,C3,C4,-0.20558989649736206
14,13,C4,C4,-0.09088172788466217
14,13,C5,C4,-0.03146179038526046
14,13,C6,C4,0.10067265076423858
14,13,C7,C4,0.08998339145933511
14,13,C8,C4,0.09597028209903626
14,13,C9,C4,0.07672608769598332
14,13,C10,C4,-0.030661176660771925
14,13,C11,C4,0.09091430800415072
14,13,C12,C4,-0.10072659902125294
14,13,C13,C4,-0.11539337907390648
14,13,C14,C4,0.005179711380495981
14,13,Enterobacteriaceae,C4,0.018794773209956324
14,13,Paenibacillaceae,C4,-0.22530699563318218
14,13,Ruminococcaceae,C4,-0.24920187017091883
14,13,C1,C5,-0.07579080050765229
14,13,C2,C5,0.01239175101048251
14,13,C3,C5,-0.1101187911360559
14,13,C4,C5,-0.019895513935467356
14,13,C5,C5,-0.0473392675937709
14,13,C6,C5,0.051611914518395946
14,13,C7,C5,0.11067300649985386
14,13,C8,C5,0.03992763456686536
14,13,C9,C5,-0.0026267283848715687
14,13,C10,C5,0.06098479110707791
14,13,C11,C5,0.05390857169837898
14,13,C12,C5,-0.12091197777827557
14,13,C13,C5,-0.07922693245590441
14,13,C14,C5,0.027859339143880404
14,13,Enterobacteriaceae,C5,0.01274719261899347
14,13,Paenibacillaceae,C5,-0.14112335850579721
14,13,Ruminococcaceae,C5,-0.10859235375197189
14,13,C1,C6,-0.04555547018404971
14,13,C2,C6,-0.03897822297881629
14,13,C3,C6,-0.04390354169329837
14,13,C4,C6,-0.03821758042381201
14,13,C5,C6,-0.031090871832217617
14,13,C6,C6,0.003804603174898704
14,13,C7,C6,-0.009462469448220073
14,13,C8,C6,-0.019533873598098255
14,13,C9,C6,-0.03170553522751829
14,13,C10,C6,-0.0041510337833304215
14,13,C11,C6,6.299229153953861e-4
14,13,C12,C6,-0.03806135529534285
14,13,C13,C6,-0.00893625316330913
14,13,C14,C6,-0.02096580250400481
14,13,Enterobacteriaceae,C6,-0.0020387594771016115
14,13,Paenibacillaceae,C6,-0.00767060264964502
14,13,Ruminococcaceae,C6,-0.018398485484396526
14,13,C1,C7,-0.1528941365805843
14,13,C2,C7,-0.09216071504905689
14,13,C3,C7,-0.16841421007686516
14,13,C4,C7,-0.1286828874693931
14,13,C5,C7,-0.12325916561906507
14,13,C6,C7,0.031241157110225702
14,13,C7,C7,-0.021228580660030954
14,13,C8,C7,-0.0014722659134749538
14,13,C9,C7,-0.07762433959896221
14,13,C10,C7,-0.010239221422867931
14,13,C11,C7,0.037467882650351496
14,13,C12,C7,-0.14176512387710336
14,13,C13,C7,-0.10101412279105229
14,13,C14,C7,-0.036066805125609724
14,13,Enterobacteriaceae,C7,-0.0020820004461587507
14,13,Paenibacillaceae,C7,-0.05895974749574453
14,13,Ruminococcaceae,C7,-0.08453537894696204
14,13,C1,C8,-0.21973233225851202
14,13,C2,C8,-0.07128071115771713
14,13,C3,C8,-0.15435310730709095
14,13,C4,C8,-0.0906384247935685
14,13,C5,C8,-0.04903148079087051
14,13,C6,C8,0.11760931741765279
14,13,C7,C8,0.036804730449815144
14,13,C8,C8,0.0846071785942902
14,13,C9,C8,-0.05907480555763819
14,13,C10,C8,0.056202505219534814
14,13,C11,C8,0.05346172576989047
14,13,C12,C8,0.027586377235683676
14,13,C13,C8,-0.02047621126084451
14,13,C14,C8,0.034054399218108246
14,13,Enterobacteriaceae,C8,0.02989593942884164
14,13,Paenibacillaceae,C8,-0.2922463058039156
14,13,Ruminococcaceae,C8,-0.4094867293922121
14,13,C1,C9,-0.13513631166309337
14,13,C2,C9,-0.018954614461480678
14,13,C3,C9,-0.17338595347886165
14,13,C4,C9,-0.12693548349761397
14,13,C5,C9,-0.022818778968797155
14,13,C6,C9,0.05428828460695167
14,13,C7,C9,0.052595983772941494
14,13,C8,C9,0.05767698883012966
14,13,C9,C9,-0.05197225520121407
14,13,C10,C9,-0.034500013336526754
14,13,C11,C9,0.031316890870291776
14,13,C12,C9,-0.18374728451293307
14,13,C13,C9,-0.016915624300496732
14,13,C14,C9,-0.0010144113842743255
14,13,Enterobacteriaceae,C9,0.0065372413992928
14,13,Paenibacillaceae,C9,-0.09287936124495703
14,13,Ruminococcaceae,C9,-0.19021708805261836
14,13,C1,C10,0.017281582347667336
14,13,C2,C10,0.08509600506411534
14,13,C3,C10,-0.05212415159415122
14,13,C4,C10,0.005704356524620695
14,13,C5,C10,-0.02100167805012696
14,13,C6,C10,0.022432668325987483
14,13,C7,C10,0.014183414750921738
14,13,C8,C10,0.04748721666816178
14,13,C9,C10,0.1053856101814404
14,13,C10,C10,-0.05512766593719712
14,13,C11,C10,0.0847890936172512
14,13,C12,C10,0.0015816008143448097
14,13,C13,C10,-0.1188461662143594
14,13,C14,C10,0.03313839212788868
14,13,Enterobacteriaceae,C10,0.0013867049975413758
14,13,Paenibacillaceae,C10,-0.10275434657919397
14,13,Ruminococcaceae,C10,0.015301886957892004
14,13,C1,C11,-0.16837145817503651
14,13,C2,C11,-0.07485981722890869
14,13,C3,C11,-0.16518208207733726
14,13,C4,C11,-0.11732567568610917
14,13,C5,C11,-0.08037492966392121
14,13,C6,C11,0.04581504407074786
14,13,C7,C11,-0.031095653582650918
14,13,C8,C11,0.01794878490546072
14,13,C9,C11,-0.049151724595059475
14,13,C10,C11,-0.029024011896712124
14,13,C11,C11,-0.010666992800637648
14,13,C12,C11,-0.06029667642932758
14,13,C13,C11,-0.05444629684170021
14,13,C14,C11,-0.02810564632967955
14,13,Enterobacteriaceae,C11,0.0013725778145611347
14,13,Paenibacillaceae,C11,-0.03928167428772586
14,13,Ruminococcaceae,C11,-0.18833269431812213
14,13,C1,C12,0.004857185776086699
14,13,C2,C12,0.14905194493264834
14,13,C3,C12,-0.10339942454770945
14,13,C4,C12,0.03374226820414158
14,13,C5,C12,0.1086678973490135
14,13,C6,C12,0.06854755435099279
14,13,C7,C12,0.1704837972695488
14,13,C8,C12,0.05946552816608524
14,13,C9,C12,0.17814919733144843
14,13,C10,C12,-0.028573667225193812
14,13,C11,C12,0.08826611236197653
14,13,C12,C12,-0.05191944630925399
14,13,C13,C12,-0.029676516273299168
14,13,C14,C12,0.007937845068106747
14,13,Enterobacteriaceae,C12,0.016586029862682292
14,13,Paenibacillaceae,C12,-0.19037924918486873
14,13,Ruminococcaceae,C12,-0.10114101535734386
14,13,C1,C13,0.061151115754850265
14,13,C2,C13,0.035861501581137156
14,13,C3,C13,0.07024554158711051
14,13,C4,C13,0.13657859171024725
14,13,C5,C13,0.004208744087758483
14,13,C6,C13,0.013949153922914816
14,13,C7,C13,0.10128556271076537
14,13,C8,C13,0.03296803455332669
14,13,C9,C13,0.032933362948589284
14,13,C10,C13,0.17468536721975136
14,13,C11,C13,0.06209459597662486
14,13,C12,C13,0.04548950216316819
14,13,C13,C13,-0.0739004518625212
14,13,C14,C13,0.049823778722799104
14,13,Enterobacteriaceae,C13,0.0133037075381276
14,13,Paenibacillaceae,C13,-0.09651507674042481
14,13,Ruminococcaceae,C13,0.06679079943153554
14,13,C1,C14,-0.25918408583634683
14,13,C2,C14,-0.10098711092226112
14,13,C3,C14,-0.20921531785652367
14,13,C4,C14,-0.12745858999764362
14,13,C5,C14,-0.03231426564716673
14,13,C6,C14,0.11554681435387269
14,13,C7,C14,0.024356728612061625
14,13,C8,C14,0.03645364557703145
14,13,C9,C14,-0.028985263202823554
14,13,C10,C14,-0.0027808177858488436
14,13,C11,C14,0.04541809069285364
14,13,C12,C14,0.004464819802950466
14,13,C13,C14,0.004100691372669032
14,13,C14,C14,-0.048228942138875006
14,13,Enterobacteriaceae,C14,0.02264959983145319
14,13,Paenibacillaceae,C14,-0.24881352926918363
14,13,Ruminococcaceae,C14,-0.3873800771406774
14,13,C1,Enterobacteriaceae,-0.01808827215450539
14,13,C2,Enterobacteriaceae,-0.005869350488856468
14,13,C3,Enterobacteriaceae,-0.021770193361775294
14,13,C4,Enterobacteriaceae,-0.009024182261982499
14,13,C5,Enterobacteriaceae,-0.0053898046158029084
14,13,C6,Enterobacteriaceae,0.007979216857162415
14,13,C7,Enterobacteriaceae,0.005295068803290057
14,13,C8,Enterobacteriaceae,0.0011160399647035801
14,13,C9,Enterobacteriaceae,-0.0014344134726366983
14,13,C10,Enterobacteriaceae,5.87238047345996e-4
14,13,C11,Enterobacteriaceae,0.013305649406955982
14,13,C12,Enterobacteriaceae,-0.009266143264728598
14,13,C13,Enterobacteriaceae,-0.008857780491107038
14,13,C14,Enterobacteriaceae,-0.002535683027250444
14,13,Enterobacteriaceae,Enterobacteriaceae,9.533215388088671e-4
14,13,Paenibacillaceae,Enterobacteriaceae,-0.027303996147602694
14,13,Ruminococcaceae,Enterobacteriaceae,-0.01645410009807793
14,13,C1,Paenibacillaceae,0.2639197641069274
14,13,C2,Paenibacillaceae,0.16076010848163874
14,13,C3,Paenibacillaceae,0.2944738806065324
14,13,C4,Paenibacillaceae,0.16333352998208886
14,13,C5,Paenibacillaceae,0.10833039107139399
14,13,C6,Paenibacillaceae,-0.048733787713522964
14,13,C7,Paenibacillaceae,0.03745587714126208
14,13,C8,Paenibacillaceae,0.055255355599457455
14,13,C9,Paenibacillaceae,0.08354501175808537
14,13,C10,Paenibacillaceae,0.03175387220328521
14,13,C11,Paenibacillaceae,-0.01903806367181745
14,13,C12,Paenibacillaceae,0.12566212530919332
14,13,C13,Paenibacillaceae,0.08242500239119564
14,13,C14,Paenibacillaceae,0.10807338850987001
14,13,Enterobacteriaceae,Paenibacillaceae,0.0085520447377860891
14,13,Paenibacillaceae,Paenibacillaceae,0.04641754099427186
14,13,Ruminococcaceae,Paenibacillaceae,0.15508569146532478
14,13,C1,Ruminococcaceae,0.06217379128383722
14,13,C2,Ruminococcaceae,0.11838469864809675
14,13,C3,Ruminococcaceae,0.01575672420535598
14,13,C4,Ruminococcaceae,-0.01655258685393598
14,13,C5,Ruminococcaceae,0.016675426451625248
14,13,C6,Ruminococcaceae,2.0638490090894954e-4
14,13,C7,Ruminococcaceae,-0.005244986764591821
14,13,C8,Ruminococcaceae,0.08327496095578267
14,13,C9,Ruminococcaceae,0.08621988978190959
14,13,C10,Ruminococcaceae,-0.09496651279898662
14,13,C11,Ruminococcaceae,-0.015922098306508484
14,13,C12,Ruminococcaceae,-0.022396651924766746
14,13,C13,Ruminococcaceae,-0.03606231425799852
14,13,C14,Ruminococcaceae,0.05126900302267644
14,13,Enterobacteriaceae,Ruminococcaceae,-0.0013328974838517742
14,13,Paenibacillaceae,Ruminococcaceae,0.0459033908966302
14,13,Ruminococcaceae,Ruminococcaceae,-0.02766296288138346
15,14,C1,C1,-0.13941694571322025
15,14,C2,C1,0.027580671631306345
15,14,C3,C1,-0.15436504566105108
15,14,C4,C1,-0.04444889549248974
15,14,C5,C1,0.02103793392813159
15,14,C6,C1,0.10433099558624023
15,14,C7,C1,0.08849804923051467
15,14,C8,C1,0.12125910659912889
15,14,C9,C1,0.028388441125468133
15,14,C10,C1,0.018365714043840388
15,14,C11,C1,0.09655470787786671
15,14,C12,C1,-0.029706128261639788
15,14,C13,C1,-0.03812199086084299
15,14,C14,C1,0.0479915707680201
15,14,Enterobacteriaceae,C1,0.023817037511309182
15,14,Paenibacillaceae,C1,-0.25733769968727677
15,14,Ruminococcaceae,C1,-0.29536345936672886
15,14,C1,C2,-0.2555841107244765
15,14,C2,C2,-0.08925431615295748
15,14,C3,C2,-0.2298146203745427
15,14,C4,C2,-0.1545184033377633
15,14,C5,C2,-0.04044385755507591
15,14,C6,C2,0.1086742029834466
15,14,C7,C2,0.05027996911144416
15,14,C8,C2,0.07229357112423292
15,14,C9,C2,-0.07989645319200513
15,14,C10,C2,2.998840129176853e-5
15,14,C11,C2,0.05652719152171221
15,14,C12,C2,-0.1173123870110561
15,14,C13,C2,0.0029776924798570015
15,14,C14,C2,-0.013579879312420088
15,14,Enterobacteriaceae,C2,0.020040575162038013
15,14,Paenibacillaceae,C2,-0.22919443471507114
15,14,Ruminococcaceae,C2,-0.37591357952423865
15,14,C1,C3,-0.05157134565427069
15,14,C2,C3,0.10400311792539124
15,14,C3,C3,-0.0921542067402088
15,14,C4,C3,0.0776746630428374
15,14,C5,C3,0.06125767413917265
15,14,C6,C3,0.11205739128695352
15,14,C7,C3,0.13112759969737894
15,14,C8,C3,0.15096044388672444
15,14,C9,C3,0.1043536681634342
15,14,C10,C3,0.10406712717899712
15,14,C11,C3,0.1464668260588842
15,14,C12,C3,0.09615613350760448
15,14,C13,C3,-0.10856989207756113
15,14,C14,C3,0.1062016398447452
15,14,Enterobacteriaceae,C3,0.03303439489216974
15,14,Paenibacillaceae,C3,-0.33958562744797577
15,14,Ruminococcaceae,C3,-0.23705557356669002
15,14,C1,C4,-0.14337455318589007
15,14,C2,C4,0.041825466059186314
15,14,C3,C4,-0.18891140466852258
15,14,C4,C4,-0.08318532046121122
15,14,C5,C4,-0.02642824131668761
15,14,C6,C4,0.10268208034546548
15,14,C7,C4,0.08802613240168226
15,14,C8,C4,0.10780930500516626
15,14,C9,C4,0.07361361226931451
15,14,C10,C4,-0.019926717225014944
15,14,C11,C4,0.09373925786985088
15,14,C12,C4,-0.08831095379489447
15,14,C13,C4,-0.10386079948753082
15,14,C14,C4,0.010935611370626642
15,14,Enterobacteriaceae,C4,0.02019634164404748
15,14,Paenibacillaceae,C4,-0.23046464948653536
15,14,Ruminococcaceae,C4,-0.25967645702494857
15,14,C1,C5,-0.07265706879799398
15,14,C2,C5,0.011665205191652745
15,14,C3,C5,-0.10169964202203854
15,14,C4,C5,-0.018197786466580185
15,14,C5,C5,-0.0432607279701306
15,14,C6,C5,0.05017511734539083
15,14,C7,C5,0.10380239826625308
15,14,C8,C5,0.041757036847360485
15,14,C9,C5,-0.0019401747345030522
15,14,C10,C5,0.05867214365940805
15,14,C11,C5,0.0523591037457678
15,14,C12,C5,-0.11096105853243615
15,14,C13,C5,-0.07277441539677654
15,14,C14,C5,0.0274223322897081
15,14,Enterobacteriaceae,C5,0.012505156109438018
15,14,Paenibacillaceae,C5,-0.1362312901095224
15,14,Ruminococcaceae,C5,-0.10775340971148324
15,14,C1,C6,-0.03649046322313217
15,14,C2,C6,-0.03664366750755507
15,14,C3,C6,-0.041864782570860466
15,14,C4,C6,-0.03620121946866186
15,14,C5,C6,-0.030564996787210506
15,14,C6,C6,-0.0021488909789387335
15,14,C7,C6,-0.011577787382773302
15,14,C8,C6,-0.029526177608153875
15,14,C9,C6,-0.031015890612309586
15,14,C10,C6,-0.009116180927611137
15,14,C11,C6,-0.005135145114664638
15,14,C12,C6,-0.03852008462297921
15,14,C13,C6,-0.010327156810747078
15,14,C14,C6,-0.023148461137041196
15,14,Enterobacteriaceae,C6,-0.0035855508942299608
15,14,Paenibacillaceae,C6,0.005993766147620671
15,14,Ruminococcaceae,C6,3.7901203111639047e-4
15,14,C1,C7,-0.14701929183314233
15,14,C2,C7,-0.08513476656132982
15,14,C3,C7,-0.1552638642187459
15,14,C4,C7,-0.11879969253153815
15,14,C5,C7,-0.11288753276798386
15,14,C6,C7,0.034023518919349696
15,14,C7,C7,-0.01725048839805048
15,14,C8,C7,0.008845116411750113
15,14,C9,C7,-0.07075308248566703
15,14,C10,C7,-0.004871330723734556
15,14,C11,C7,0.039869917642042264
15,14,C12,C7,-0.1287608102739148
15,14,C13,C7,-0.09200007441034737
15,14,C14,C7,-0.030126369802653503
15,14,Enterobacteriaceae,C7,-4.3575002276030427e-4
15,14,Paenibacillaceae,C7,-0.06633488676709763
15,14,Ruminococcaceae,C7,-0.09389135816864348
15,14,C1,C8,-0.16982372394306175
15,14,C2,C8,-0.06904567402848855
15,14,C3,C8,-0.14959369749435206
15,14,C4,C8,-0.08858581406509114
15,14,C5,C8,-0.05565459861911883
15,14,C6,C8,0.07568518073137302
15,14,C7,C8,0.017525867081404668
15,14,C8,C8,0.012079057599415318
15,14,C9,C8,-0.06495184611674011
15,14,C10,C8,0.020958321097890475
15,14,C11,C8,0.016108910300749422
15,14,C12,C8,0.006616292281720512
15,14,C13,C8,-0.03132256384984764
15,14,C14,C8,0.010329151597410095
15,14,Enterobacteriaceae,C8,0.01774878101445762
15,14,Paenibacillaceae,C8,-0.19400092547957098
15,14,Ruminococcaceae,C8,-0.27708540313724794
15,14,C1,C9,-0.15476480218041652
15,14,C2,C9,-0.015203835009313698
15,14,C3,C9,-0.15523851237915742
15,14,C4,C9,-0.114078936275667
15,14,C5,C9,-0.012496814440798192
15,14,C6,C9,0.07918711275195957
15,14,C7,C9,0.0629988142551768
15,14,C8,C9,0.11131021679519017
15,14,C9,C9,-0.04013598581748996
15,14,C10,C9,-0.0053151822363443416
15,14,C11,C9,0.05806670426808087
15,14,C12,C9,-0.15431303685024894
15,14,C13,C9,-0.005370547291504336
15,14,C14,C9,0.017761022729310873
15,14,Enterobacteriaceae,C9,0.014655550200435751
15,14,Paenibacillaceae,C9,-0.1526928824925581
15,14,Ruminococcaceae,C9,-0.2650488138267787
15,14,C1,C10,0.013977984272248018
15,14,C2,C10,0.07912098277328587
15,14,C3,C10,-0.04793214913445693
15,14,C4,C10,0.0055312346948570325
15,14,C5,C10,-0.018892475251564265
15,14,C6,C10,0.022841535247613315
15,14,C7,C10,0.014133425096589963
15,14,C8,C10,0.048249272654572746
15,14,C9,C10,0.09824730792759052
15,14,C10,C10,-0.04931740252239504
15,14,C11,C10,0.08075886591591838
15,14,C12,C10,0.002579997349734504
15,14,C13,C10,-0.1096262181925441
15,14,C14,C10,0.032146436371414074
15,14,Enterobacteriaceae,C10,0.00188673506796063
15,14,Paenibacillaceae,C10,-0.10003606651815818
15,14,Ruminococcaceae,C10,0.008004914845595259
15,14,C1,C11,-0.1458249962622758
15,14,C2,C11,-0.07037415417815228
15,14,C3,C11,-0.1552089879539107
15,14,C4,C11,-0.1102694352575256
15,14,C5,C11,-0.07770624936775934
15,14,C6,C11,0.03228107602638392
15,14,C7,C11,-0.03396530103230193
15,14,C8,C11,-0.0035844707969143966
15,14,C9,C11,-0.04880328395408078
15,14,C10,C11,-0.03650392557515652
15,14,C11,C11,-0.020127515912736444
15,14,C12,C11,-0.061785898236020674
15,14,C13,C11,-0.054338094253201234
15,14,C14,C11,-0.0325366699613396
15,14,Enterobacteriaceae,C11,-0.0017868711162710102
15,14,Paenibacillaceae,C11,-0.01283377727194438
15,14,Ruminococcaceae,C11,-0.14327502028417574
15,14,C1,C12,1.3415473678794198e-4
15,14,C2,C12,0.13873591447643902
15,14,C3,C12,-0.09521880835979904
15,14,C4,C12,0.03193042068833242
15,14,C5,C12,0.10217206022949983
15,14,C6,C12,0.06790737571973005
15,14,C7,C12,0.16039668235356513
15,14,C8,C12,0.06350544710048427
15,14,C9,C12,0.16684628744086485
15,14,C10,C12,-0.022462790938997553
15,14,C11,C12,0.08615819406179541
15,14,C12,C12,-0.04570675081643138
15,14,C13,C12,-0.02586518513872004
15,14,C14,C12,0.009960614421317763
15,14,Enterobacteriaceae,C12,0.016680183391688246
15,14,Paenibacillaceae,C12,-0.1865760008947159
15,14,Ruminococcaceae,C12,-0.10709740144179146
15,14,C1,C13,0.04608355817105267
15,14,C2,C13,0.03412351735098197
15,14,C3,C13,0.06730667137246
15,14,C4,C13,0.1280762854065399
15,14,C5,C13,0.007046917851884772
15,14,C6,C13,0.02341591670905815
15,14,C7,C13,0.09912346464103061
15,14,C8,C13,0.05174658217883432
15,14,C9,C13,0.033353139102364544
15,14,C10,C13,0.17178593305657586
15,14,C11,C13,0.06820959111405513
15,14,C12,C13,0.04807952643672614
15,14,C13,C13,-0.06489850936652587
15,14,C14,C13,0.05313432092106701
15,14,Enterobacteriaceae,C13,0.015464546366276848
15,14,Paenibacillaceae,C13,-0.11374883219688048
15,14,Ruminococcaceae,C13,0.029833610421484285
15,14,C1,C14,-0.22542562182278392
15,14,C2,C14,-0.09498350372108423
15,14,C3,C14,-0.19702008554640896
15,14,C4,C14,-0.12024501739611605
15,14,C5,C14,-0.03447701096922754
15,14,C6,C14,0.09240361994429312
15,14,C7,C14,0.015259439999814993
15,14,C8,C14,0.00426346252276811
15,14,C9,C14,-0.03126296324724912
15,14,C10,C14,-0.016377907493769675
15,14,C11,C14,0.02726742834119458
15,14,C12,C14,-0.0042436371834158725
15,14,C13,C14,-0.0015989974038196158
15,14,C14,C14,-0.0542671006604841
15,14,Enterobacteriaceae,C14,0.016593205338709578
15,14,Paenibacillaceae,C14,-0.19668560837434973
15,14,Ruminococcaceae,C14,-0.31390837472209737
15,14,C1,Enterobacteriaceae,-0.016006031239974846
15,14,C2,Enterobacteriaceae,-0.005511183450565678
15,14,C3,Enterobacteriaceae,-0.02035053777323097
15,14,C4,Enterobacteriaceae,-0.008474609534687772
15,14,C5,Enterobacteriaceae,-0.005232802406264065
15,14,C6,Enterobacteriaceae,0.006639307805349948
15,14,C7,Enterobacteriaceae,0.004536106830254576
15,14,C8,Enterobacteriaceae,-4.910325375318827e-4
15,14,C9,Enterobacteriaceae,-0.001553111732042009
15,14,C10,Enterobacteriaceae,-1.65965758843553e-4
15,14,C11,Enterobacteriaceae,0.011580333635721312
15,14,C12,Enterobacteriaceae,-0.00903382050324391
15,14,C13,Enterobacteriaceae,-0.00849712419654705
15,14,C14,Enterobacteriaceae,-0.002845927030821184
15,14,Enterobacteriaceae,Enterobacteriaceae,6.560246236443816e-4
15,14,Paenibacillaceae,Enterobacteriaceae,-0.02357076846181304
15,14,Ruminococcaceae,Enterobacteriaceae,-0.012914064435381232
15,14,C1,Paenibacillaceae,0.2343783261077247
15,14,C2,Paenibacillaceae,0.15002498084242807
15,14,C3,Paenibacillaceae,0.2753841151137798
15,14,C4,Paenibacillaceae,0.15288908014212443
15,14,C5,Paenibacillaceae,0.10364248093404663
15,14,C6,Paenibacillaceae,-0.03486943920735414
15,14,C7,Paenibacillaceae,0.039827782179223774
15,14,C8,Paenibacillaceae,0.07221511099469637
15,14,C9,Paenibacillaceae,0.0802800757192363
15,14,C10,Paenibacillaceae,0.03902998223387938
15,14,C11,Paenibacillaceae,-0.007196745307897517
15,14,C12,Paenibacillaceae,0.12242008427880294
15,14,C13,Paenibacillaceae,0.0801342928165783
15,14,C14,Paenibacillaceae,0.1071278837471245
15,14,Enterobacteriaceae,Paenibacillaceae,0.011021146145010801
15,14,Paenibacillaceae,Paenibacillaceae,0.019158050454974183
15,14,Ruminococcaceae,Paenibacillaceae,0.11212112296248011
15,14,C1,Ruminococcaceae,0.042813110937984816
15,14,C2,Ruminococcaceae,0.11105703515392983
15,14,C3,Ruminococcaceae,0.017521791640118457
15,14,C4,Ruminococcaceae,-0.013498938533095918
15,14,C5,Ruminococcaceae,0.01986310244273983
15,14,C6,Ruminococcaceae,0.014799019160318191
15,14,C7,Ruminococcaceae,0.0023004308065660644
15,14,C8,Ruminococcaceae,0.10666484677349189
15,14,C9,Ruminococcaceae,0.08401633996188348
15,14,C10,Ruminococcaceae,-0.07462432737012285
15,14,C11,Ruminococcaceae,-5.0777537819210416e-5
15,14,C12,Ruminococcaceae,-0.012570881291443993
15,14,C13,Ruminococcaceae,-0.028284993800475264
15,14,C14,Ruminococcaceae,0.05712884330267964
15,14,Enterobacteriaceae,Ruminococcaceae,0.0031170553809200417
15,14,Paenibacillaceae,Ruminococcaceae,0.008866387993877305
15,14,Ruminococcaceae,Ruminococcaceae,-0.07055843784200846
16,15,C1,C1,-0.13903751819962964
16,15,C2,C1,0.02729824749271661
16,15,C3,C1,-0.14500536329919986
16,15,C4,C1,-0.039396034492561564
16,15,C5,C1,0.022558456715618184
16,15,C6,C1,0.10594291463168225
16,15,C7,C1,0.08786938807818709
16,15,C8,C1,0.12366305383729155
16,15,C9,C1,0.034885513265198606
16,15,C10,C1,0.026347870868631013
16,15,C11,C1,0.0967378101231725
16,15,C12,C1,-0.021185645017518854
16,15,C13,C1,-0.03005706727151671
16,15,C14,C1,0.04658527880531405
16,15,Enterobacteriaceae,C1,0.02495219731591035
16,15,Paenibacillaceae,C1,-0.2600958096668326
16,15,Ruminococcaceae,C1,-0.30308082828856336
16,15,C1,C2,-0.24561875105814446
16,15,C2,C2,-0.08202164734460568
16,15,C3,C2,-0.21513135842418854
16,15,C4,C2,-0.14250458506232253
16,15,C5,C2,-0.035382694453550474
16,15,C6,C2,0.10828387019567988
16,15,C7,C2,0.05114354249724643
16,15,C8,C2,0.07603425525908078
16,15,C9,C2,-0.06791558549690552
16,15,C10,C2,0.0073936416275685235
16,15,C11,C2,0.05811907837742314
16,15,C12,C2,-0.10424468735014265
16,15,C13,C2,0.0071466620751922776
16,15,C14,C2,-0.011143602623203727
16,15,Enterobacteriaceae,C2,0.020881601334291566
16,15,Paenibacillaceae,C2,-0.22985459212609774
16,15,Ruminococcaceae,C2,-0.3727246528637461
16,15,C1,C3,-0.039246942249037645
16,15,C2,C3,0.09548275722976546
16,15,C3,C3,-0.08502190229099671
16,15,C4,C3,0.07042642382767865
16,15,C5,C3,0.054251310922047574
16,15,C6,C3,0.09602784561685389
16,15,C7,C3,0.11709226233732169
16,15,C8,C3,0.13032049052244324
16,15,C9,C3,0.08912410968169168
16,15,C10,C3,0.08799173858277161
16,15,C11,C3,0.13002425814371588
16,15,C12,C3,0.08327878521095619
16,15,C13,C3,-0.10669437382544028
16,15,C14,C3,0.09723696040042196
16,15,Enterobacteriaceae,C3,0.028120425659374906
16,15,Paenibacillaceae,C3,-0.2970166811576494
16,15,Ruminococcaceae,C3,-0.1939636718877007
16,15,C1,C4,-0.1398525242819756
16,15,C2,C4,0.0400649162360696
16,15,C3,C4,-0.17682587580870196
16,15,C4,C4,-0.07621567510280969
16,15,C5,C4,-0.022663478934356707
16,15,C6,C4,0.1016531285758366
16,15,C7,C4,0.08570687753168724
16,15,C8,C4,0.10795533183454403
16,15,C9,C4,0.07422653129654175
16,15,C10,C4,-0.012345373955215566
16,15,C11,C4,0.09204846637632867
16,15,C12,C4,-0.07799400113528168
16,15,C13,C4,-0.09320593640683443
16,15,C14,C4,0.011538115897149304
16,15,Enterobacteriaceae,C4,0.020694604769699077
16,15,Paenibacillaceae,C4,-0.2286157268322252
16,15,Ruminococcaceae,C4,-0.26094791723047955
16,15,C1,C5,-0.06786247216485998
16,15,C2,C5,0.010883120627595486
16,15,C3,C5,-0.09482346651767161
16,15,C4,C5,-0.016971326896514396
16,15,C5,C5,-0.04033185913639111
16,15,C6,C5,0.04689222874085658
16,15,C7,C5,0.09686999223745911
16,15,C8,C5,0.03920085952385951
16,15,C9,C5,-0.0018416165258064992
16,15,C10,C5,0.05480584147589566
16,15,C11,C5,0.048955693772977316
16,15,C12,C5,-0.1034858492630929
16,15,C13,C5,-0.06787988963328717
16,15,C14,C5,0.025670033446740185
16,15,Enterobacteriaceae,C5,0.011688131161345356
16,15,Paenibacillaceae,C5,-0.12727619342706234
16,15,Ruminococcaceae,C5,-0.10076201929926237
16,15,C1,C6,-0.028105404961594083
16,15,C2,C6,-0.03522694184782945
16,15,C3,C6,-0.03836995557120312
16,15,C4,C6,-0.03514564028993283
16,15,C5,C6,-0.03045320337729584
16,15,C6,C6,-0.007697999326460219
16,15,C7,C6,-0.014318036043262924
16,15,C8,C6,-0.034455732214907026
16,15,C9,C6,-0.03453306778576784
16,15,C10,C6,-0.014602395555473982
16,15,C11,C6,-0.009176678755940639
16,15,C12,C6,-0.040262920608352216
16,15,C13,C6,-0.013290834964509588
16,15,C14,C6,-0.02276621605656626
16,15,Enterobacteriaceae,C6,-0.005153455980915845
16,15,Paenibacillaceae,C6,0.01883287245862356
16,15,Ruminococcaceae,C6,0.018567796373086212
16,15,C1,C7,-0.13956321438474104
16,15,C2,C7,-0.07902037917524728
16,15,C3,C7,-0.1450199723136486
16,15,C4,C7,-0.11029165655934665
16,15,C5,C7,-0.10452539407411754
16,15,C6,C7,0.034063004628431086
16,15,C7,C7,-0.014688060285381435
16,15,C8,C7,0.011314268842874012
16,15,C9,C7,-0.06391408217132521
16,15,C10,C7,-0.00208852212055832
16,15,C11,C7,0.03906068095425437
16,15,C12,C7,-0.1184142545129648
16,15,C13,C7,-0.084407818513907
16,15,C14,C7,-0.02750724959585257
16,15,Enterobacteriaceae,C7,3.235447378391488e-4
16,15,Paenibacillaceae,C7,-0.06727056849866626
16,15,Ruminococcaceae,C7,-0.09497014415068254
16,15,C1,C8,-0.12178499376147009
16,15,C2,C8,-0.0707803563084819
16,15,C3,C8,-0.13562759714426217
16,15,C4,C8,-0.09105443329001792
16,15,C5,C8,-0.06388682858426648
16,15,C6,C8,0.03543080054768584
16,15,C7,C8,-0.0052918394242902475
16,15,C8,C8,-0.03215156803131927
16,15,C9,C8,-0.09461080840593877
16,15,C10,C8,-0.01802991648138088
16,15,C11,C8,-0.012300409109012977
16,15,C12,C8,-0.020387551099561807
16,15,C13,C8,-0.05159379675101104
16,15,C14,C8,0.002048182897746125
16,15,Enterobacteriaceae,C8,0.005407726951978659
16,15,Paenibacillaceae,C8,-0.09921800051083847
16,15,Ruminococcaceae,C8,-0.14611299167807712
16,15,C1,C9,-0.16777496179353885
16,15,C2,C9,-0.010165109809663326
16,15,C3,C9,-0.14711210238227984
16,15,C4,C9,-0.10109910366828087
16,15,C5,C9,-0.004020713031185636
16,15,C6,C9,0.09635543068387063
16,15,C7,C9,0.07253903566601592
16,15,C8,C9,0.13210536783770208
16,15,C9,C9,-0.01610839646037461
16,15,C10,C9,0.018994517859560717
16,15,C11,C9,0.07179943035137698
16,15,C12,C9,-0.12710900084386162
16,15,C13,C9,0.009133518052500301
16,15,C14,C9,0.021671189643106322
16,15,Enterobacteriaceae,C9,0.020782174655743148
16,15,Paenibacillaceae,C9,-0.19467448563542877
16,15,Ruminococcaceae,C9,-0.3189804881813262
16,15,C1,C10,0.014534514026906056
16,15,C2,C10,0.0735156322408697
16,15,C3,C10,-0.04439662657649075
16,15,C4,C10,0.004780835092297103
16,15,C5,C10,-0.01811567170809962
16,15,C6,C10,0.019890150032718035
16,15,C7,C10,0.012264999832413118
16,15,C8,C10,0.043637960337594255
16,15,C9,C10,0.08998052585133368
16,15,C10,C10,-0.04757285143437269
16,15,C11,C10,0.0743566050141537
16,15,C12,C10,0.001241045850802904
16,15,C13,C10,-0.10328629098483995
16,15,C14,C10,0.029868212766475957
16,15,Enterobacteriaceae,C10,0.0012982393992028618
16,15,Paenibacillaceae,C10,-0.09000185452686131
16,15,Ruminococcaceae,C10,0.012079362684127178
16,15,C1,C11,-0.12322994068525482
16,15,C2,C11,-0.06789054549913698
16,15,C3,C11,-0.143360446523132
16,15,C4,C11,-0.10582346412711527
16,15,C5,C11,-0.07667549393885652
16,15,C6,C11,0.017825133487248592
16,15,C7,C11,-0.0392645901843446
16,15,C8,C11,-0.018372395036524915
16,15,C9,C11,-0.05752618844495924
16,15,C10,C11,-0.04720305864468269
16,15,C11,C11,-0.028279740190450743
16,15,C12,C11,-0.0669542432089889
16,15,C13,C11,-0.0585513619188383
16,15,C14,C11,-0.03293451323691403
16,15,Enterobacteriaceae,C11,-0.005567085569479359
16,15,Paenibacillaceae,C11,0.01660264204947012
16,15,Ruminococcaceae,C11,-0.09436715367961163
16,15,C1,C12,-0.004712214692246202
16,15,C2,C12,0.13024225858233854
16,15,C3,C12,-0.08924134765507358
16,15,C4,C12,0.030874720216908763
16,15,C5,C12,0.09689311348427222
16,15,C6,C12,0.06800465676725209
16,15,C7,C12,0.15246465677034318
16,15,C8,C12,0.06523986151610375
16,15,C9,C12,0.15995116401938111
16,15,C10,C12,-0.016014517049963435
16,15,C11,C12,0.08407187089055297
16,15,C12,C12,-0.039187085680979096
16,15,C13,C12,-0.021244710607619552
16,15,C14,C12,0.01041833485945902
16,15,Enterobacteriaceae,C12,0.0170279617638967
16,15,Paenibacillaceae,C12,-0.18485823302217916
16,15,Ruminococcaceae,C12,-0.11472674269652158
16,15,C1,C13,0.03602304871498097
16,15,C2,C13,0.03302210865976661
16,15,C3,C13,0.062141620992322795
16,15,C4,C13,0.12105783467198532
16,15,C5,C13,0.008847600066883374
16,15,C6,C13,0.028543347399220587
16,15,C7,C13,0.09656276069102904
16,15,C8,C13,0.056778784047050494
16,15,C9,C13,0.03740465555595363
16,15,C10,C13,0.1673824590242492
16,15,C11,C13,0.0689109863206326
16,15,C12,C13,0.049851587178581853
16,15,C13,C13,-0.056354226571447806
16,15,C14,C13,0.05112963206005842
16,15,Enterobacteriaceae,C13,0.016542566188498635
16,15,Paenibacillaceae,C13,-0.12167192656185755
16,15,Ruminococcaceae,C13,0.006478951124144068
16,15,C1,C14,-0.19803877472067336
16,15,C2,C14,-0.090694645506245
16,15,C3,C14,-0.18268365786931892
16,15,C4,C14,-0.11494436124831994
16,15,C5,C14,-0.0361629164857876
16,15,C6,C14,0.0744141883207089
16,15,C7,C14,0.007042242183960315
16,15,C8,C14,-0.011050022888926115
16,15,C9,C14,-0.04018528647671546
16,15,C10,C14,-0.027810346037088308
16,15,C11,C14,0.01612802799665324
16,15,C12,C14,-0.012740106439195412
16,15,C13,C14,-0.008844120750854495
16,15,C14,C14,-0.053401200594283556
16,15,Enterobacteriaceae,C14,0.011758501109242833
16,15,Paenibacillaceae,C14,-0.15611434534029622
16,15,Ruminococcaceae,C14,-0.25528244399718664
16,15,C1,Enterobacteriaceae,-0.01430918061552485
16,15,C2,Enterobacteriaceae,-0.005251590289604
16,15,C3,Enterobacteriaceae,-0.018906894155990547
16,15,C4,Enterobacteriaceae,-0.008050706533933956
16,15,C5,Enterobacteriaceae,-0.0050846863438885875
16,15,C6,Enterobacteriaceae,0.0055973734647634275
16,15,C7,Enterobacteriaceae,0.0038620088150457302
16,15,C8,Enterobacteriaceae,-0.0011684392600678768
16,15,C9,Enterobacteriaceae,-0.0020449304542671212
16,15,C10,Enterobacteriaceae,-7.945423857406608e-4
16,15,C11,Enterobacteriaceae,0.010348339473896136
16,15,C12,Enterobacteriaceae,-0.008883900683911053
16,15,C13,Enterobacteriaceae,-0.008313473681878396
16,15,C14,Enterobacteriaceae,-0.0027722706941206475
16,15,Enterobacteriaceae,Enterobacteriaceae,4.219048033553512e-4
16,15,Paenibacillaceae,Enterobacteriaceae,-0.020600416767356834
16,15,Ruminococcaceae,Enterobacteriaceae,-0.010135080062738768
16,15,C1,Paenibacillaceae,0.20996986617764857
16,15,C2,Paenibacillaceae,0.14147136422375287
16,15,C3,Paenibacillaceae,0.25594006905977995
16,15,C4,Paenibacillaceae,0.14462759669490097
16,15,C5,Paenibacillaceae,0.09952124327421145
16,15,C6,Paenibacillaceae,-0.024201632238252082
16,15,C7,Paenibacillaceae,0.042287392191812094
16,15,C8,Paenibacillaceae,0.0775724857644275
16,15,C9,Paenibacillaceae,0.08300506821727795
16,15,C10,Paenibacillaceae,0.04531714768614208
16,15,C11,Paenibacillaceae,-2.6811769140399716e-4
16,15,C12,Paenibacillaceae,0.12051057722005645
16,15,C13,Paenibacillaceae,0.08007560910011699
16,15,C14,Paenibacillaceae,0.10169860553015193
16,15,Enterobacteriaceae,Paenibacillaceae,0.01292381666870808
16,15,Paenibacillaceae,Paenibacillaceae,-0.0014901365647300388
16,15,Ruminococcaceae,Paenibacillaceae,0.07797400211684807
16,15,C1,Ruminococcaceae,0.027000094811644854
16,15,C2,Ruminococcaceae,0.10587128006895447
16,15,C3,Ruminococcaceae,0.014863982145149881
16,15,C4,Ruminococcaceae,-0.009603952990417148
16,15,C5,Ruminococcaceae,0.022755004019243175
16,15,C6,Ruminococcaceae,0.026216436633708585
16,15,C7,Ruminococcaceae,0.009806667060100261
16,15,C8,Ruminococcaceae,0.11460328689479937
16,15,C9,Ruminococcaceae,0.09055001588806542
16,15,C10,Ruminococcaceae,-0.056331992701733155
16,15,C11,Ruminococcaceae,0.009521967448761522
16,15,C12,Ruminococcaceae,-0.0023026884389914584
16,15,C13,Ruminococcaceae,-0.018428211766957827
16,15,C14,Ruminococcaceae,0.05587111012598025
16,15,Enterobacteriaceae,Ruminococcaceae,0.006850434859239349
16,15,Paenibacillaceae,Ruminococcaceae,-0.020594607346362752
16,15,Ruminococcaceae,Ruminococcaceae,-0.10552952880362018
17,16,C1,C1,-0.1381227434907835
17,16,C2,C1,0.027383215482588718
17,16,C3,C1,-0.13928924357540112
17,16,C4,C1,-0.034773132063783685
17,16,C5,C1,0.02355385068070829
17,16,C6,C1,0.106439159383241
17,16,C7,C1,0.08731398613045106
17,16,C8,C1,0.1188811222146703
17,16,C9,C1,0.04384405712375339
17,16,C10,C1,0.03273864413310569
17,16,C11,C1,0.094187825667183
17,16,C12,C1,-0.013326417066840814
17,16,C13,C1,-0.021930792923530458
17,16,C14,C1,0.04300751544303009
17,16,Enterobacteriaceae,C1,0.025883426299349744
17,16,Paenibacillaceae,C1,-0.26100354534710796
17,16,Ruminococcaceae,C1,-0.3084618099854815
17,16,C1,C2,-0.23391525619634349
17,16,C2,C2,-0.0760067675984477
17,16,C3,C2,-0.20316685248720773
17,16,C4,C2,-0.13251413721632288
17,16,C5,C2,-0.031990620548532724
17,16,C6,C2,0.10491025118556045
17,16,C7,C2,0.05030708701356915
17,16,C8,C2,0.07282981018070138
17,16,C9,C2,-0.05837227924466868
17,16,C10,C2,0.010801405160871917
17,16,C11,C2,0.05621815549453693
17,16,C12,C2,-0.09456049936516148
17,16,C13,C2,0.009652335584084308
17,16,C14,C2,-0.010737424776144268
17,16,Enterobacteriaceae,C2,0.020758328523492475
17,16,Paenibacillaceae,C2,-0.22365813364374612
17,16,Ruminococcaceae,C2,-0.36094882310419035
17,16,C1,C3,-0.03511173985845121
17,16,C2,C3,0.0891112811423415
17,16,C3,C3,-0.07915259359471397
17,16,C4,C3,0.06553313785544607
17,16,C5,C3,0.05028470824968377
17,16,C6,C3,0.08842128978815846
17,16,C7,C3,0.10865944065601904
17,16,C8,C3,0.12101215225994436
17,16,C9,C3,0.0813437648258114
17,16,C10,C3,0.08066380036538089
17,16,C11,C3,0.1208833368214759
17,16,C12,C3,0.07662796194436883
17,16,C13,C3,-0.10122388248881138
17,16,C14,C3,0.0912119626880734
17,16,Enterobacteriaceae,C3,0.025838524446495453
17,16,Paenibacillaceae,C3,-0.27465062991633976
17,16,Ruminococcaceae,C3,-0.17663640629639488
17,16,C1,C4,-0.13295634761369443
17,16,C2,C4,0.0379751850371913
17,16,C3,C4,-0.16644879973869445
17,16,C4,C4,-0.07089904412223447
17,16,C5,C4,-0.020636167141744616
17,16,C6,C4,0.09701402655247418
17,16,C7,C4,0.081526468362249
17,16,C8,C4,0.10208394411752086
17,16,C9,C4,0.07218301883481745
17,16,C10,C4,-0.009584377645212947
17,16,C11,C4,0.08720160515238294
17,16,C12,C4,-0.07149623095455876
17,16,C13,C4,-0.08586652249741888
17,16,C14,C4,0.010675137609494447
17,16,Enterobacteriaceae,C4,0.019992134834895814
17,16,Paenibacillaceae,C4,-0.21843039657650037
17,16,Ruminococcaceae,C4,-0.25043622592820936
17,16,C1,C5,-0.061908802605669846
17,16,C2,C5,0.009807756602931985
17,16,C3,C5,-0.08809265829917864
17,16,C4,C5,-0.01636464942175674
17,16,C5,C5,-0.03830821062941068
17,16,C6,C5,0.042408987345484345
17,16,C7,C5,0.08970899319758459
17,16,C8,C5,0.03617091529894929
17,16,C9,C5,-0.004160842847815648
17,16,C10,C5,0.04963972909545429
17,16,C11,C5,0.045151497845495964
17,16,C12,C5,-0.09837874420551285
17,16,C13,C5,-0.0649681121346377
17,16,C14,C5,0.024203559338635924
17,16,Enterobacteriaceae,C5,0.010411548858791373
17,16,Paenibacillaceae,C5,-0.11555610051790136
17,16,Ruminococcaceae,C5,-0.08915029219573296
17,16,C1,C6,-0.020864882697600135
17,16,C2,C6,-0.03427080866464966
17,16,C3,C6,-0.0335786072928747
17,16,C4,C6,-0.034434745891680926
17,16,C5,C6,-0.030225620119938935
17,16,C6,C6,-0.01221836510283218
17,16,C7,C6,-0.016892281423517435
17,16,C8,C6,-0.034384957069172106
17,16,C9,C6,-0.04015584827053896
17,16,C10,C6,-0.01930988178415622
17,16,C11,C6,-0.01107095579005054
17,16,C12,C6,-0.042293057355945775
17,16,C13,C6,-0.01681333935988311
17,16,C14,C6,-0.02088159360543721
17,16,Enterobacteriaceae,C6,-0.006577074954411495
17,16,Paenibacillaceae,C6,0.029717166156551254
17,16,Ruminococcaceae,C6,0.03448466447950302
17,16,C1,C7,-0.12929258199957014
17,16,C2,C7,-0.07440153181388412
17,16,C3,C7,-0.13516475289834592
17,16,C4,C7,-0.10376126874080348
17,16,C5,C7,-0.09839487402512632
17,16,C6,C7,0.03057346433479834
17,16,C7,C7,-0.014708090760816462
17,16,C8,C7,0.010231523412109957
17,16,C9,C7,-0.0621056138019082
17,16,C10,C7,-0.0034583511805817433
17,16,C11,C7,0.03601883429627144
17,16,C12,C7,-0.11220201800580545
17,16,C13,C7,-0.08032537877849773
17,16,C14,C7,-0.025632920058955518
17,16,Enterobacteriaceae,C7,-1.8156414219304588e-4
17,16,Paenibacillaceae,C7,-0.05975150436595821
17,16,Ruminococcaceae,C7,-0.08430485898390679
17,16,C1,C8,-0.09858185994050442
17,16,C2,C8,-0.06986095422331383
17,16,C3,C8,-0.12086424733533381
17,16,C4,C8,-0.08960499884977283
17,16,C5,C8,-0.06476633170163117
17,16,C6,C8,0.018878674629836157
17,16,C7,C8,-0.01485386986385255
17,16,C8,C8,-0.03730299125128732
17,16,C9,C8,-0.11028526255478312
17,16,C10,C8,-0.03308067106525174
17,16,C11,C8,-0.019088061017145407
17,16,C12,C8,-0.032123193531595186
17,16,C13,C8,-0.06050167279527848
17,16,C14,C8,0.0030823175043744053
17,16,Enterobacteriaceae,C8,1.52570454398887e-4
17,16,Paenibacillaceae,C8,-0.05867512432118105
17,16,Ruminococcaceae,C8,-0.08859363865069653
17,16,C1,C9,-0.16055731767766118
17,16,C2,C9,-0.008798742913885957
17,16,C3,C9,-0.13884156590314425
17,16,C4,C9,-0.09381096766504793
17,16,C5,C9,-0.0026465102603501463
17,16,C6,C9,0.09344296619781504
17,16,C7,C9,0.07011676328480929
17,16,C8,C9,0.12616789243741525
17,16,C9,C9,-0.010807657788448104
17,16,C10,C9,0.02141156605354192
17,16,C11,C9,0.06927508642129399
17,16,C12,C9,-0.11628240606683249
17,16,C13,C9,0.011011801527739193
17,16,C14,C9,0.02014416600559386
17,16,Enterobacteriaceae,C9,0.020496350990009064
17,16,Paenibacillaceae,C9,-0.18980677581531272
17,16,Ruminococcaceae,C9,-0.30915524472136036
17,16,C1,C10,0.020683284240612075
17,16,C2,C10,0.06725497831685084
17,16,C3,C10,-0.03839877867688021
17,16,C4,C10,0.0025497302848180472
17,16,C5,C10,-0.019127103327273177
17,16,C6,C10,0.012209629040863167
17,16,C7,C10,0.007016123851324645
17,16,C8,C10,0.03850801408275639
17,16,C9,C10,0.0741274185781269
17,16,C10,C10,-0.05178724132917284
17,16,C11,C10,0.0666326883243737
17,16,C12,C10,-0.004709368248547961
17,16,C13,C10,-0.10247413739151255
17,16,C14,C10,0.02860661198330955
17,16,Enterobacteriaceae,C10,-0.00105162492304491
17,16,Paenibacillaceae,C10,-0.06877317197578467
17,16,Ruminococcaceae,C10,0.03341806326999256
17,16,C1,C11,-0.10777303798973606
17,16,C2,C11,-0.06538315685334324
17,16,C3,C11,-0.13112309851952442
17,16,C4,C11,-0.10128396477256836
17,16,C5,C11,-0.07425524459130874
17,16,C6,C11,0.009629932590604417
17,16,C7,C11,-0.04169446826782679
17,16,C8,C11,-0.020467978102594507
17,16,C9,C11,-0.0647583394166862
17,16,C10,C11,-0.05220700659145666
17,16,C11,C11,-0.0301142450544092
17,16,C12,C11,-0.06918252853128794
17,16,C13,C11,-0.060950781599520255
17,16,C14,C11,-0.03025573496108556
17,16,Enterobacteriaceae,C11,-0.0076660345806862625
17,16,Paenibacillaceae,C11,0.03255930692030968
17,16,Ruminococcaceae,C11,-0.06442189346922679
17,16,C1,C12,-4.045879589434998e-4
17,16,C2,C12,0.12110729434420972
17,16,C3,C12,-0.08164424177807666
17,16,C4,C12,0.027842677129579968
17,16,C5,C12,0.08961076962570957
17,16,C6,C12,0.06011090506941435
17,16,C7,C12,0.1403413268433307
17,16,C8,C12,0.06016552194316034
17,16,C9,C12,0.14394144326054478
17,16,C10,C12,-0.019034297915642005
17,16,C11,C12,0.07722444291411619
17,16,C12,C12,-0.04003770557291412
17,16,C13,C12,-0.023207416122001043
17,16,C14,C12,0.010150803220101517
17,16,Enterobacteriaceae,C12,0.014653398700651602
17,16,Paenibacillaceae,C12,-0.1643983208096093
17,16,Ruminococcaceae,C12,-0.09489969633864424
17,16,C1,C13,0.033307062064096254
17,16,C2,C13,0.031036684814317542
17,16,C3,C13,0.058178213482780385
17,16,C4,C13,0.11357217910314307
17,16,C5,C13,0.008457876897197333
17,16,C6,C13,0.027189628763805096
17,16,C7,C13,0.09078227212092556
17,16,C8,C13,0.05370970412833426
17,16,C9,C13,0.035554154047853226
17,16,C10,C13,0.15737313778735482
17,16,C11,C13,0.06492632769511067
17,16,C12,C13,0.04710694023288001
17,16,C13,C13,-0.05251235899395249
17,16,C14,C13,0.04791122736560337
17,16,Enterobacteriaceae,C13,0.015632944126273113
17,16,Paenibacillaceae,C13,-0.11501985408318255
17,16,Ruminococcaceae,C13,0.004716960886965999
17,16,C1,C14,-0.18897983919223138
17,16,C2,C14,-0.08417543163870003
17,16,C3,C14,-0.1730620221907262
17,16,C4,C14,-0.10679849639459481
17,16,C5,C14,-0.03291965140802332
17,16,C6,C14,0.07275668092551343
17,16,C7,C14,0.008735976249610379
17,16,C8,C14,-0.009972355996340557
17,16,C9,C14,-0.03243469799444188
17,16,C10,C14,-0.022725537225726063
17,16,C11,C14,0.01623931988415731
17,16,C12,C14,-0.009152917541121257
17,16,C13,C14,-0.0054133301767325835
17,16,C14,C14,-0.0504160212736557
17,16,Enterobacteriaceae,C14,0.01214022650222184
17,16,Paenibacillaceae,C14,-0.15376585917867486
17,16,Ruminococcaceae,C14,-0.24997416564054836
17,16,C1,Enterobacteriaceae,-0.012880856368948018
17,16,C2,Enterobacteriaceae,-0.005042654995203708
17,16,C3,Enterobacteriaceae,-0.017483723114039552
17,16,C4,Enterobacteriaceae,-0.007687639984967237
17,16,C5,Enterobacteriaceae,-0.00492577252347588
17,16,C6,Enterobacteriaceae,0.004763735490717661
17,16,C7,Enterobacteriaceae,0.0032853352729984766
17,16,C8,Enterobacteriaceae,-0.0012876775114934384
17,16,C9,Enterobacteriaceae,-0.0026691079262854823
17,16,C10,Enterobacteriaceae,-0.0012825570413827405
17,16,C11,Enterobacteriaceae,0.009464814797828427
17,16,C12,Enterobacteriaceae,-0.008761007146852923
17,16,C13,Enterobacteriaceae,-0.008212529116086246
17,16,C14,Enterobacteriaceae,-0.0025587279453289273
17,16,Enterobacteriaceae,Enterobacteriaceae,2.257631793995793e-4
17,16,Paenibacillaceae,Enterobacteriaceae,-0.018139602453978967
17,16,Ruminococcaceae,Enterobacteriaceae,-0.007844395913249367
17,16,C1,Paenibacillaceae,0.18954005362944787
17,16,C2,Paenibacillaceae,0.13423543688234615
17,16,C3,Paenibacillaceae,0.23671101183581328
17,16,C4,Paenibacillaceae,0.13751078223361302
17,16,C5,Paenibacillaceae,0.09549090106651205
17,16,C6,Paenibacillaceae,-0.01607228787457345
17,16,C7,Paenibacillaceae,0.044214423290872086
17,16,C8,Paenibacillaceae,0.07547717759553672
17,16,C9,Paenibacillaceae,0.08806564429286595
17,16,C10,Paenibacillaceae,0.04989500537178601
17,16,C11,Paenibacillaceae,0.003017895347484682
17,16,C12,Paenibacillaceae,0.1189533742560431
17,16,C13,Paenibacillaceae,0.08078925815104553
17,16,C14,Paenibacillaceae,0.0947078453346544
17,16,Enterobacteriaceae,Paenibacillaceae,0.014417464062867095
17,16,Paenibacillaceae,Paenibacillaceae,-0.017327466445660196
17,16,Ruminococcaceae,Paenibacillaceae,0.050520382924202883
17,16,C1,Ruminococcaceae,0.014028312721572333
17,16,C2,Ruminococcaceae,0.10180478063083602
17,16,C3,Ruminococcaceae,0.009024927810158623
17,16,C4,Ruminococcaceae,-0.005916996373682675
17,16,C5,Ruminococcaceae,0.024794321418850972
17,16,C6,Ruminococcaceae,0.034872701636473616
17,16,C7,Ruminococcaceae,0.0163410377095037
17,16,C8,Ruminococcaceae,0.11170426954379564
17,16,C9,Ruminococcaceae,0.10089904133650753
17,16,C10,Ruminococcaceae,-0.041216954671911034
17,16,C11,Ruminococcaceae,0.014002914590564849
17,16,C12,Ruminococcaceae,0.00722205636790913
17,16,C13,Ruminococcaceae,-0.008292338844029672
17,16,C14,Ruminococcaceae,0.05144708173367522
17,16,Enterobacteriaceae,Ruminococcaceae,0.010022288424953858
17,16,Paenibacillaceae,Ruminococcaceae,-0.044160692455298974
17,16,Ruminococcaceae,Ruminococcaceae,-0.13409694501333766
18.9,17,C1,C1,-0.13506049275103632
18.9,17,C2,C1,0.02644709896389915
18.9,17,C3,C1,-0.1310810850528582
18.9,17,C4,C1,-0.029830073586824563
18.9,17,C5,C1,0.02264309774887202
18.9,17,C6,C1,0.10453039974565674
18.9,17,C7,C1,0.08324687616682112
18.9,17,C8,C1,0.10804879563144532
18.9,17,C9,C1,0.051501199089305366
18.9,17,C10,C1,0.03566341990531928
18.9,17,C11,C1,0.0858503963972299
18.9,17,C12,C1,-0.008581612492798417
18.9,17,C13,C1,-0.01056727803755002
18.9,17,C14,C1,0.045315265077712615
18.9,17,Enterobacteriaceae,C1,0.02647783355568662
18.9,17,Paenibacillaceae,C1,-0.2587112156745805
18.9,17,Ruminococcaceae,C1,-0.31146982063607115
18.9,17,C1,C2,-0.21053831165066725
18.9,17,C2,C2,-0.06762395305742663
18.9,17,C3,C2,-0.18238859297998394
18.9,17,C4,C2,-0.11820398150698866
18.9,17,C5,C2,-0.028359637953854124
18.9,17,C6,C2,0.09499863122855433
18.9,17,C7,C2,0.045650332151583484
18.9,17,C8,C2,0.06530857180412186
18.9,17,C9,C2,-0.050467127445002195
18.9,17,C10,C2,0.01051668591681823
18.9,17,C11,C2,0.050448099219605066
18.9,17,C12,C2,-0.08402206353405985
18.9,17,C13,C2,0.009850465680688496
18.9,17,C14,C2,-0.008641423212539813
18.9,17,Enterobacteriaceae,C2,0.01900076946030198
18.9,17,Paenibacillaceae,C2,-0.20326834996350301
18.9,17,Ruminococcaceae,C2,-0.327314645303632
18.9,17,C1,C3,-0.036003897388332866
18.9,17,C2,C3,0.08038795029045415
18.9,17,C3,C3,-0.0733496293426761
18.9,17,C4,C3,0.05902551302376455
18.9,17,C5,C3,0.04555264661772296
18.9,17,C6,C3,0.08273705099374616
18.9,17,C7,C3,0.09914576990675712
18.9,17,C8,C3,0.10883264593637788
18.9,17,C9,C3,0.07755715314535537
18.9,17,C10,C3,0.07459917403972707
18.9,17,C11,C3,0.10865971502071768
18.9,17,C12,C3,0.06976297523041117
18.9,17,C13,C3,-0.08683570087117627
18.9,17,C14,C3,0.08422288834004157
18.9,17,Enterobacteriaceae,C3,0.024414601934059973
18.9,17,Paenibacillaceae,C3,-0.255490243319432
18.9,17,Ruminococcaceae,C3,-0.17205441654829345
18.9,17,C1,C4,-0.11468889179935947
18.9,17,C2,C4,0.033226209710049415
18.9,17,C3,C4,-0.1463598890176561
18.9,17,C4,C4,-0.06376632499688936
18.9,17,C5,C4,-0.01899802007618697
18.9,17,C6,C4,0.08335768609843498
18.9,17,C7,C4,0.07098542320280159
18.9,17,C8,C4,0.0905386342025305
18.9,17,C9,C4,0.060158539712299876
18.9,17,C10,C4,-0.01081592084374653
18.9,17,C11,C4,0.07728753262708234
18.9,17,C12,C4,-0.06504189287760767
18.9,17,C13,C4,-0.07985095593824176
18.9,17,C14,C4,0.007152161961140895
18.9,17,Enterobacteriaceae,C4,0.016688693752019732
18.9,17,Paenibacillaceae,C4,-0.18619514518862632
18.9,17,Ruminococcaceae,C4,-0.211162973887893
18.9,17,C1,C5,-0.048067763116190224
18.9,17,C2,C5,0.007528590136396322
18.9,17,C3,C5,-0.07456739036051419
18.9,17,C4,C5,-0.015385366823681704
18.9,17,C5,C5,-0.03521667955328778
18.9,17,C6,C5,0.03202654025731061
18.9,17,C7,C5,0.07687522642796739
18.9,17,C8,C5,0.03115933565673759
18.9,17,C9,C5,-0.011369591413536457
18.9,17,C10,C5,0.04035267106489499
18.9,17,C11,C5,0.03926261659980968
18.9,17,C12,C5,-0.08995139971140037
18.9,17,C13,C5,-0.06362182095063966
18.9,17,C14,C5,0.017370010302580747
18.9,17,Enterobacteriaceae,C5,0.007223168064420255
18.9,17,Paenibacillaceae,C5,-0.08739108295795055
18.9,17,Ruminococcaceae,C5,-0.05738078258289645
18.9,17,C1,C6,-0.008573291864614006
18.9,17,C2,C6,-0.032325709176380626
18.9,17,C3,C6,-0.024257210518947542
18.9,17,C4,C6,-0.0318229666919566
18.9,17,C5,C6,-0.028383524117533317
18.9,17,C6,C6,-0.019060112769485084
18.9,17,C7,C6,-0.019618273838412564
18.9,17,C8,C6,-0.03231522044582944
18.9,17,C9,C6,-0.046507195573831525
18.9,17,C10,C6,-0.022787490625196777
18.9,17,C11,C6,-0.011371824859060756
18.9,17,C12,C6,-0.04065072952683997
18.9,17,C13,C6,-0.022793544758016246
18.9,17,C14,C6,-0.02458396482577089
18.9,17,Enterobacteriaceae,C6,-0.008766619065979689
18.9,17,Paenibacillaceae,C6,0.04857361961383485
18.9,17,Ruminococcaceae,C6,0.06176624335473625
18.9,17,C1,C7,-0.10588788720230118
18.9,17,C2,C7,-0.06809572797527215
18.9,17,C3,C7,-0.11526343717789435
18.9,17,C4,C7,-0.09370401160295412
18.9,17,C5,C7,-0.08921593735493347
18.9,17,C6,C7,0.019535181555321114
18.9,17,C7,C7,-0.017463470075921382
18.9,17,C8,C7,0.007611655884241545
18.9,17,C9,C7,-0.0656359894004626
18.9,17,C10,C7,-0.008383162728767192
18.9,17,C11,C7,0.03075518053415096
18.9,17,C12,C7,-0.10297660813117027
18.9,17,C13,C7,-0.0791715493971996
18.9,17,C14,C7,-0.028543080629880993
18.9,17,Enterobacteriaceae,C7,-0.0029203411172559683
18.9,17,Paenibacillaceae,C7,-0.03235366136354691
18.9,17,Ruminococcaceae,C7,-0.0457581364071698
18.9,17,C1,C8,-0.0855082861309776
18.9,17,C2,C8,-0.0628380360885073
18.9,17,C3,C8,-0.10650894115153894
18.9,17,C4,C8,-0.08031002646860423
18.9,17,C5,C8,-0.05820388177033057
18.9,17,C6,C8,0.014798986718286996
18.9,17,C7,C8,-0.014416204982893572
18.9,17,C8,C8,-0.033726866007794724
18.9,17,C9,C8,-0.10120925386774608
18.9,17,C10,C8,-0.03095331537986143
18.9,17,C11,C8,-0.01742630476162142
18.9,17,C12,C8,-0.029422170970139768
18.9,17,C13,C8,-0.05601413513251385
18.9,17,C14,C8,0.0012499586535704788
18.9,17,Enterobacteriaceae,C8,-5.965837213811035e-4
18.9,17,Paenibacillaceae,C8,-0.04682901140297201
18.9,17,Ruminococcaceae,C8,-0.07128970456982422
18.9,17,C1,C9,-0.11971242577622615
18.9,17,C2,C9,-0.011897895971896581
18.9,17,C3,C9,-0.11050996820596648
18.9,17,C4,C9,-0.08631150096798021
18.9,17,C5,C9,-0.005632193480138683
18.9,17,C6,C9,0.06427664498250883
18.9,17,C7,C9,0.05195515562394022
18.9,17,C8,C9,0.10892931985072217
18.9,17,C9,C9,-0.03473339190939222
18.9,17,C10,C9,0.006057488689956051
18.9,17,C11,C9,0.05837764939658289
18.9,17,C12,C9,-0.11066221212326108
18.9,17,C13,C9,-0.008480345041282034
18.9,17,C14,C9,0.004057163456312636
18.9,17,Enterobacteriaceae,C9,0.011500163136158809
18.9,17,Paenibacillaceae,C9,-0.1176594788797019
18.9,17,Ruminococcaceae,C9,-0.20321711726249314
18.9,17,C1,C10,0.04414936655835685
18.9,17,C2,C10,0.05570335112997933
18.9,17,C3,C10,-0.01966695764382659
18.9,17,C4,C10,-4.433657048891888e-4
18.9,17,C5,C10,-0.020623187816380607
18.9,17,C6,C10,-0.009877291192647821
18.9,17,C7,C10,-0.005294080530483058
18.9,17,C8,C10,0.0303137030889177
18.9,17,C9,C10,0.03905934503683531
18.9,17,C10,C10,-0.060407677367947436
18.9,17,C11,C10,0.05572890457038368
18.9,17,C12,C10,-0.011556555254161405
18.9,17,C13,C10,-0.11137183137656435
18.9,17,C14,C10,0.010452601297095295
18.9,17,Enterobacteriaceae,C10,-0.00831326612567122
18.9,17,Paenibacillaceae,C10,-0.005239578986849815
18.9,17,Ruminococcaceae,C10,0.1088401974965347
18.9,17,C1,C11,-0.08526945774040211
18.9,17,C2,C11,-0.060277837898213386
18.9,17,C3,C11,-0.11085765168353927
18.9,17,C4,C11,-0.09163932378027011
18.9,17,C5,C11,-0.06784558831263411
18.9,17,C6,C11,-3.029629193999752e-4
18.9,17,C7,C11,-0.0421981467609526
18.9,17,C8,C11,-0.02003301126909282
18.9,17,C9,C11,-0.06948270827731008
18.9,17,C10,C11,-0.05269822513023846
18.9,17,C11,C11,-0.02852520527161077
18.9,17,C12,C11,-0.06494950617963766
18.9,17,C13,C11,-0.0629436192725754
18.9,17,C14,C11,-0.03349245281964152
18.9,17,Enterobacteriaceae,C11,-0.010006751765076632
18.9,17,Paenibacillaceae,C11,0.053158972911459226
18.9,17,Ruminococcaceae,C11,-0.023702590366571977
18.9,17,C1,C12,0.02734175117765302
18.9,17,C2,C12,0.10346095521303593
18.9,17,C3,C12,-0.05714029669109417
18.9,17,C4,C12,0.02193272894705032
18.9,17,C5,C12,0.07622636725341175
18.9,17,C6,C12,0.0312671145742112
18.9,17,C7,C12,0.11288379708115144
18.9,17,C8,C12,0.04933639482142068
18.9,17,C9,C12,0.09926947791256464
18.9,17,C10,C12,-0.03227444701239306
18.9,17,C11,C12,0.06488783974836616
18.9,17,C12,C12,-0.04370128912296869
18.9,17,C13,C12,-0.04213475728688275
18.9,17,C14,C12,-0.007218480790546285
18.9,17,Enterobacteriaceae,C12,0.005133198736185963
18.9,17,Paenibacillaceae,C12,-0.08621624174094247
18.9,17,Ruminococcaceae,C12,4.642378807657549e-4
18.9,17,C1,C13,0.03594847184087901
18.9,17,C2,C13,0.02666894383686397
18.9,17,C3,C13,0.05550044364479889
18.9,17,C4,C13,0.1007939753721229
18.9,17,C5,C13,0.006702495754622972
18.9,17,C6,C13,0.01927174343247556
18.9,17,C7,C13,0.078303113384915607
18.9,17,C8,C13,0.04699113599113616
18.9,17,C9,C13,0.02520857469625813
18.9,17,C10,C13,0.13716379015127653
18.9,17,C11,C13,0.05708273080233575
18.9,17,C12,C13,0.040309258738767687
18.9,17,C13,C13,-0.051694211613802984
18.9,17,C14,C13,0.039146583540607495
18.9,17,Enterobacteriaceae,C13,0.012184021276717609
18.9,17,Paenibacillaceae,C13,-0.08917958122907733
18.9,17,Ruminococcaceae,C13,0.023277287989757485
18.9,17,C1,C14,-0.20470224640852297
18.9,17,C2,C14,-0.069076089312541
18.9,17,C3,C14,-0.175046878458649
18.9,17,C4,C14,-0.09159244772615013
18.9,17,C5,C14,-0.02445772108613635
18.9,17,C6,C14,0.09404907424616643
18.9,17,C7,C14,0.023969525806918312
18.9,17,C8,C14,-0.0031979382019029987
18.9,17,C9,C14,0.008999192624218352
18.9,17,C10,C14,-5.135440332059506e-4
18.9,17,C11,C14,0.019809223892260443
18.9,17,C12,C14,0.0021067122090467744
18.9,17,C13,C14,0.02289774950005257
18.9,17,C14,C14,-0.02393142851853305
18.9,17,Enterobacteriaceae,C14,0.021153039556336354
18.9,17,Paenibacillaceae,C14,-0.21591487909142615
18.9,17,Ruminococcaceae,C14,-0.33372738124445195
18.9,17,C1,Enterobacteriaceae,-0.007639813450825599
18.9,17,C2,Enterobacteriaceae,-0.005164050675470553
18.9,17,C3,Enterobacteriaceae,-0.01341481511850514
18.9,17,C4,Enterobacteriaceae,-0.007279699857056059
18.9,17,C5,Enterobacteriaceae,-0.004935433312619429
18.9,17,C6,Enterobacteriaceae,0.00112399003190664
18.9,17,C7,Enterobacteriaceae,0.001190498560551077
18.9,17,C8,Enterobacteriaceae,-0.001765592489188328
18.9,17,C9,Enterobacteriaceae,-0.006481436264541368
18.9,17,C10,Enterobacteriaceae,-0.0032840213101964937
18.9,17,C11,Enterobacteriaceae,0.007879818867709158
18.9,17,C12,Enterobacteriaceae,-0.008942153609269343
18.9,17,C13,Enterobacteriaceae,-0.01032399656577682
18.9,17,C14,Enterobacteriaceae,-0.004547287999832146
18.9,17,Enterobacteriaceae,Enterobacteriaceae,-9.123408285385204e-4
18.9,17,Paenibacillaceae,Enterobacteriaceae,-0.007739975209682731
18.9,17,Ruminococcaceae,Enterobacteriaceae,0.00489093856184415
18.9,17,C1,Paenibacillaceae,0.15735189896133084
18.9,17,C2,Paenibacillaceae,0.12193703019867325
18.9,17,C3,Paenibacillaceae,0.20462486078289988
18.9,17,C4,Paenibacillaceae,0.1240843389564987
18.9,17,C5,Paenibacillaceae,0.0869312016010647
18.9,17,C6,Paenibacillaceae,-0.004685859826541587
18.9,17,C7,Paenibacillaceae,0.044862112937473116
18.9,17,C8,Paenibacillaceae,0.06932046304422043
18.9,17,C9,Paenibacillaceae,0.0912694395293959
18.9,17,C10,Paenibacillaceae,0.05111646214301714
18.9,17,C11,Paenibacillaceae,0.004441277112913583
18.9,17,C12,Paenibacillaceae,0.10962843890713679
18.9,17,C13,Paenibacillaceae,0.08139763068825924
18.9,17,C14,Paenibacillaceae,0.09169582630029632
18.9,17,Enterobacteriaceae,Paenibacillaceae,0.016314104601494267
18.9,17,Paenibacillaceae,Paenibacillaceae,-0.041647901347108704
18.9,17,Ruminococcaceae,Paenibacillaceae,0.008350448744497228
18.9,17,C1,Ruminococcaceae,-0.01359314502581632
18.9,17,C2,Ruminococcaceae,0.09534556790490645
18.9,17,C3,Ruminococcaceae,-0.006858657875783519
18.9,17,C4,Ruminococcaceae,-0.002619595744226042
18.9,17,C5,Ruminococcaceae,0.025651904331456813
18.9,17,C6,Ruminococcaceae,0.052244391754538856
18.9,17,C7,Ruminococcaceae,0.026248414337941086
18.9,17,C8,Ruminococcaceae,0.10392271856902653
18.9,17,C9,Ruminococcaceae,0.11747921779307795
18.9,17,C10,Ruminococcaceae,-0.022697231521708636
18.9,17,C11,Ruminococcaceae,0.016232387069490303
18.9,17,C12,Ruminococcaceae,0.013594125616183266
18.9,17,C13,Ruminococcaceae,0.012738783253825775
18.9,17,C14,Ruminococcaceae,0.06175241145077712
18.9,17,Enterobacteriaceae,Ruminococcaceae,0.016444523046023053
18.9,17,Paenibacillaceae,Ruminococcaceae,-0.09662346944034435
18.9,17,Ruminococcaceae,Ruminococcaceae,-0.20010670615848306
