time,window,target_i,C1,C2,C3,C4,C5,C6,C7,C8,C9,C10,C11,C12,C13,C14,Enterobacteriaceae,Paenibacillaceae,Ruminococcaceae
2,1,C1,-4.907048121473665e-4,-1.8285329366553985e-4,-0.0026349476920986777,-0.00302989016569623,0.0012425478137890595,2.632674728228946e-4,-0.002196972187492777,0.0028890711580195566,-5.283904678163206e-4,0.0016809625190054754,-0.0010366481878265723,-0.001883517180809576,-0.003345001012675749,-0.0020001596319321794,-3.9885609420851745e-6,0.0049339424426109845,1.9563171111653438e-17
2,1,C2,-9.575890639770265e-5,-3.56830236818013e-5,-5.141985632998884e-4,-5.91269866505996e-4,2.4247779286004382e-4,5.137550043025932e-5,-4.287295515604087e-4,5.637896506179197e-4,-1.0311309792874958e-4,3.2803251268534634e-4,-2.0229737782889387e-4,-3.6756017253289445e-4,-6.527623755538791e-4,-3.9032243873152623e-4,-7.783502921914728e-7,9.628373735852921e-4,5.35849073659175e-18
2,1,C3,-0.003101186398306414,-0.0011556074714645594,-0.016652504195396576,-0.01914848588727041,0.00785272995898556,0.0016638139378785499,-0.013884559712171686,0.018258529277065498,-0.0033393545186889964,0.010623450129193206,-0.006551472861756437,-0.011903567516572306,-0.021139942764033682,-0.012640731640363098,-2.520715231685171e-5,0.03118183236494687,1.1538810651258964e-16
2,1,C4,-0.003283351764660389,-0.0012234884793638798,-0.0176306812985601,-0.020273278304999136,0.008314003564028661,0.0017615472684851903,-0.014700146259311396,0.01933104516216605,-0.003535510009250598,0.011247477335614757,-0.006936309921106281,-0.012602789510696825,-0.022381714435809125,-0.013383255053824003,-2.668783407756347e-5,0.03301347006316803,1.264149116672873e-16
2,1,C5,0.0014607543301230037,5.443267192150121e-4,0.007843842480445952,0.009019526749635179,-0.003698877725356709,-7.837076209293237e-4,0.006540055358324266,-0.008600329769831461,0.0015729388519357228,-0.005003972281556315,0.0030859455454597556,0.0056069470068746494,0.009957564288292588,0.0059541740185843585,1.1873345283927392e-5,-0.014687603645217998,-5.43762319051393e-17
2,1,C6,2.67618714584718e-4,9.972383028853987e-5,0.0014370376994502479,0.0016524299159165175,-6.776559766779216e-4,-1.4357980791040496e-4,0.001198176293039128,-0.001575630583832101,2.881715734088924e-4,-9.167569126390301e-4,5.653632257826911e-4,0.001027225399768674,0.0018242838650378381,0.0010908394138616669,2.175266119141063e-6,-0.0026908546678975583,-1.0592307842638306e-17
2,1,C7,-0.0022764970611645944,-8.483001905611199e-4,-0.012224152950804245,-0.014056385605176283,0.0057644766801222954,0.0012213608127436939,-0.010192279766732058,0.013403092527145924,-0.0024513298369081334,0.007798387420938063,-0.004809259038487014,-0.0087380869733112,-0.015518260238014673,-0.009279219219448409,-1.8503888770110397e-5,0.022889739803868048,8.935132503276254e-17
2,1,C8,0.0033765939930933625,0.001258233703285931,0.01813136600458622,0.02084900877261034,-0.008550108701423195,-0.0018115725489231407,0.015117608198742256,-0.019880017632389713,0.003635913150777448,-0.011566888695162023,0.007133290640963022,0.012960689687917295,0.023017321303342306,0.013763319273057758,2.7445728235668974e-5,-0.03395100272419056,-1.2599137072346377e-16
2,1,C9,-0.0010353692465230671,-3.8581377683719373e-4,-0.005559643474163875,-0.006392957680966167,0.002621730543260521,5.554847603345129e-4,-0.004635531142322321,0.006095834713623961,-0.0011148846047359846,0.003546769572362666,-0.0021872898462980046,-0.0039741525170175285,-0.007057830068870232,-0.0042202638322967135,-8.415718034731397e-6,0.01041043850138601,3.2308404178383765e-17
2,1,C10,0.001971462998440574,7.346341296859859e-4,0.010586205289217514,0.012172932082873523,-0.004992078695863077,-0.0010577073395551403,0.008826588346038718,-0.011607175529770253,0.0021228694527571606,-0.006753460177988884,0.004164853276569873,0.007567246819209976,0.013438926138462343,0.008035871276812741,1.6024502144039973e-5,-0.019822681011577022,-7.345792398717491e-17
2,1,C11,-9.774479572429039e-4,-3.642303355175621e-4,-0.005248622339391862,-0.006035318749311018,0.0024750640146565554,5.244094762249034e-4,-0.004376207291277554,0.005754817625239709,-0.0010525150163772565,0.0033483539181400008,-0.0020649270773124995,-0.003751827932474684,-0.006662996420408959,-0.003984171130982699,-7.944920548301387e-6,0.009828051085498307,4.0015736448648283e-17
2,1,C12,-0.002422683188311996,-9.027741108802327e-4,-0.013009131595415991,-0.014959021768589577,0.0061346447489831054,0.0012997909632193824,-0.01084678089977512,0.01426377722635631,-0.0026087429174394914,0.00829916384385106,-0.005118087442124578,-0.009299206561426143,-0.016514771238604505,-0.00987508782116274,-1.9692123045750083e-5,0.024359613176613566,8.704769662400614e-17
2,1,C13,-0.0036483053155353163,-0.0013594825783831788,-0.01959037986436979,-0.022526708773497946,0.0092381278553511,0.0019573480771549233,-0.01633410782062202,0.02147974383344162,-0.003928491640374522,0.012497665279592927,-0.007707299786683039,-0.014003624118905133,-0.024869503361118515,-0.014870840547016834,-2.965426000749276e-5,0.0366830077764086,1.4008290707932308e-16
2,1,C14,-0.001691932127659119,-6.30471425065418e-4,-0.009085202640368927,-0.010446949750067512,0.004284259119250192,9.077365544622162e-4,-0.00757507922395561,0.009961410995657078,-0.0018218708810599094,0.0057958968832000045,-0.0035743247888440194,-0.006494297900328323,-0.01153344035007901,-0.006896476777767115,-1.3752411294906102e-5,0.017012051905795078,7.290607509325718e-17
2,1,Enterobacteriaceae,-4.224039548259701e-6,-1.574020724583463e-6,-2.2681911779739978e-5,-2.6081618867312963e-5,1.069598458405252e-5,2.266234586345009e-6,-1.891177175496938e-5,2.486943377589323e-5,-4.548441706150007e-6,1.4469905294690686e-5,-8.923578564165693e-6,-1.6213517505055443e-5,-2.87941267677396e-5,-1.7217588209786703e-5,-3.433395952708138e-8,4.247190467772902e-5,1.6423592077785746e-19
2,1,Paenibacillaceae,0.005251212647886453,0.0019567803384732676,0.028197544235845872,0.03242396888301275,-0.013296961093206574,-0.0028173220413610046,0.02351060729877695,-0.03091701289670689,0.005654500707823552,-0.017988598077521418,0.011093553477703928,0.020156210001479127,0.03579608593624461,0.021404443765348443,4.268305740530119e-5,-0.052799932499544455,-2.0373972879324586e-16
2,1,Ruminococcaceae,2.378838016363764e-17,8.864359093716363e-18,1.2773695276524148e-16,1.4688296778717258e-16,-6.023621336942477e-17,-1.2762676405852786e-17,1.0650478314307546e-16,-1.4005634614835115e-16,2.5615304786296575e-17,-8.148967455187985e-17,5.0254614541173936e-17,9.130911626028009e-17,1.6215890646980269e-16,9.696370717081315e-17,1.933573946033944e-19,-2.3918758411338753e-16,-2.3665827156630347e-30
3,2,C1,-3.148400550445264e-4,-3.6265498317212505e-5,-0.0021245093138788926,-0.002179885956344314,0.0010003028584361232,1.729639688120015e-4,-0.0014836046036852243,0.0023073650497619372,-8.108405314948804e-4,0.0013488737278582218,-6.100267633947248e-4,-0.0017102555806941227,-0.00242844978315749,-9.964654076613118e-4,-2.778240726253132e-6,0.0034609244652456946,1.1560303746114351e-17
3,2,C2,0.0025931659636533374,0.0040864523874156915,-0.002778394018698885,0.006931434403363888,0.0012508978023635547,-0.0012353735352829578,0.00876108914095661,0.0021979622139546295,-0.015370162236135012,0.0015239891791142654,0.007599088513481426,-0.009361999962912534,0.006811049504807778,0.021612221605962097,1.26418407169381e-5,-0.014707600785113899,-3.2075476889479625e-17
3,2,C3,-0.015271134314222024,-0.01987640816027777,-0.006061134118925253,-0.05300903196836472,0.003127798743859118,0.0074843718673680525,-0.055418619797488626,0.010502921868327948,0.06613235682004956,0.004996439142080625,-0.0419038242016796,0.02920233750626193,-0.054697198855519595,-0.11245045075928226,-8.577270462460713e-5,0.10187159814396439,2.5023011290901906e-16
3,2,C4,-0.010696878831535628,-0.014264676535228397,-0.0024149551591160423,-0.03613571749217078,0.0013341389831996865,0.005225447749500861,-0.03850649614097514,0.005442696776341013,0.04831394436066735,0.002359197460898395,-0.029584562773138867,0.02257217841489248,-0.03712251393991095,-0.07997771698669455,-5.9156097410157144e-5,0.07011164324028663,1.8341703981356224e-16
3,2,C5,0.007210586318171271,0.009443293780697137,0.002550166892383719,0.02485986303766044,-0.0013309640674507217,-0.0035309939154810816,0.026113893621369472,-0.004633219673181184,-0.03156474242097109,-0.002164946464094633,0.019825350319608994,-0.014148979548686817,0.025623641872433444,0.05330191778077827,4.034194150311686e-5,-0.04788868626592139,-1.1774071726697235e-16
3,2,C6,5.010840265691122e-4,7.041091285480737e-4,-7.903116329385528e-5,0.0015882771206678246,2.743603463470505e-5,-2.4298726269483695e-4,0.0017710206198186637,-5.4028092224224905e-5,-0.002472163802052835,9.213727616386484e-6,0.0014102566777489764,-0.001279583631936156,0.0016139602209763898,0.0038735058717274855,2.674054152122015e-6,-0.0031535452959925232,-9.42016845216097e-18
3,2,C7,-0.004870691174808887,-0.006310978861727969,-0.002086036709719752,-0.01699019731692803,0.0010691411073864092,0.0023885487377839163,-0.01770170570377994,0.003509711952329425,0.020926545453260195,0.0016888404312767262,-0.013345714554173759,0.00913725321601195,-0.01754497458334458,-0.03576474799533479,-2.7434195498807716e-5,0.03259571319639383,9.199709977890944e-17
3,2,C8,0.016451529361102474,0.02176276804418699,0.00465601379681905,0.05608785180025623,-0.002492682716538901,-0.008045396782036791,0.05938267056420514,-0.009355601109774625,-0.07328145067721649,-0.004215241661568684,0.04538071646503716,-0.03362624193406663,0.05770620971880468,0.1223810410107412,9.145628604320114e-5,-0.10847087030231883,-2.676344040116354e-16
3,2,C9,-0.012732395656597036,-0.015651524079081967,-0.009981420007580096,-0.046875548805622266,0.0049141560976573235,0.006286128383902726,-0.047046130468656785,0.013909748787488584,0.04977971373645276,0.007236257503853702,-0.03431183587538301,0.018648895480143746,-0.04880988057674231,-0.09049839332643292,-7.40023770189523e-5,0.08828941878842358,2.0014960258699273e-16
3,2,C10,0.00906299235047347,0.01122364980966034,0.0066615551271267765,0.03312530595480461,-0.0032904644493242058,-0.004470365337034955,0.03341209749314323,-0.009437526204353373,-0.035915496748159685,-0.004874616001949234,0.024479646512541905,-0.013787003571949326,0.03445478641335564,0.0647103237370018,5.245143541631427e-5,-0.06254327034636564,-1.5343896334319678e-16
3,2,C11,1.0425348361244397e-4,9.351341787175167e-5,2.6717609325551013e-4,4.846343570558423e-4,-1.2702959742877398e-4,-5.320184768266075e-5,4.1684727493193955e-4,-3.0780726413448685e-4,-2.0594654089779683e-4,-1.7479820189375488e-4,2.573999491199852e-4,6.175669360156271e-5,5.202978342259118e-4,6.184069663671733e-4,6.995973793108742e-7,-8.491132165623587e-4,7.327744151347172e-18
3,2,C12,-0.016442398826981924,-0.021751212088523146,-0.004650633747446972,-0.056055203282878274,0.002489990727992001,0.00804090552455359,-0.0593492365139477,0.009347485169440669,0.07324382005373581,0.0042111601209783266,-0.04535588536279082,0.03361081281866187,-0.05767236411816842,-0.12231496841906211,-9.140411602580419e-5,0.10840876676271248,2.5860712328357973e-16
3,2,C13,-0.012523291940676336,-0.016812498779312197,-0.0022264733401410395,-0.04197900175503346,0.0012807419711807256,0.006112047165726495,-0.04497871657751556,0.00574375174076637,0.05721651096761569,0.0023876601454112995,-0.034712196769653925,0.027121006489826013,-0.04307005671093776,-0.09403051862874418,-6.895311538373146e-5,0.08167383922116835,2.1218215022582335e-16
3,2,C14,0.0049720403734793365,0.0062239606794793415,0.003298256312871179,0.017979131507881184,-0.0016384094927215228,-0.0024491577138891743,0.018269403112876628,-0.004804912512442203,-0.020091039729927238,-0.0024522371759984887,0.013475002782718074,-0.007975746110386832,0.018670403194977505,0.03573624455335444,2.859536654746941e-5,-0.03406932824308357,-5.789036288543453e-17
3,2,Enterobacteriaceae,-1.1427049589826785e-5,-1.513443315944299e-5,-3.1362855184135445e-6,-3.890486998108922e-5,1.6856506865195146e-6,5.587331176408072e-6,-4.122987400045392e-5,6.396105232061402e-6,5.100675143336964e-5,2.866967204384779e-6,-3.153335084705917e-5,2.3469430715711888e-5,-4.001851571163885e-5,-8.506912063474715e-5,-6.34751610971434e-8,7.527615773745492e-5,2.03291586268409e-19
3,2,Paenibacillaceae,0.014735073809117222,0.01943508049053683,0.004475843196428715,0.05040211527455383,-0.0023756410376463296,-0.00720883968337328,0.053239159932845996,-0.00869905461786071,-0.06530338153759843,-0.003965865630354195,0.04060715553626963,-0.02976446530773394,0.051884294196809,0.10941048777853335,8.206862816838001e-5,-0.09736162385339335,-2.608416926095653e-16
3,2,Ruminococcaceae,3.9428159944035427e-17,4.736653306557302e-17,3.68044603930047e-17,1.4836339957768648e-16,-1.7976607050572145e-17,-1.9521148253393184e-17,1.466923541783178e-16,-4.9238358838135484e-17,-1.4774154689494603e-16,-2.6081508753486857e-17,1.0550425261191557e-16,-5.093237229014282e-17,1.5498362553521345e-16,2.76347324683451e-16,2.3213913685779796e-19,-2.774157242955318e-16,-1.4946838204187586e-30
4,3,C1,0.07087504067083,0.13512144629061265,-0.04784748519419213,-0.021613253255222235,0.03053619593307733,-9.135481519476557e-5,0.05514563929903561,0.09634702346533729,0.0025976062977060765,-0.05467678917936919,0.046367082941917555,-0.14561545947500448,-0.050384160931337615,0.1223584139858539,2.783688045211254e-5,-0.036520322324235154,-3.936669032489891e-17
4,3,C2,0.12607311139113742,0.2394387927527263,-0.0857883477717349,-0.030584496306410254,0.05428961664432543,-0.0013900650198670661,0.1048536536032457,0.16970376373490462,-0.010373500234736367,-0.09397166336341813,0.08830021253373471,-0.26263268143013957,-0.08079913063833903,0.23445293453974844,6.12413263014016e-5,-0.07848509002583577,-1.0441739497767567e-16
4,3,C3,0.020766978703238303,0.04527412597856995,-0.022153636388173525,-0.04360717229636932,0.014132221469939718,0.00497495790504649,-0.012677500982001873,0.046264414942901566,0.0488369748469591,-0.022394761220807784,-0.008280632425970545,-0.040783065881588455,-0.057041303098818844,-0.024055350519861168,-4.412360020437908e-5,0.0506564258743777,1.4346457266612448e-16
4,3,C4,-0.040997296877158,-0.07426148887701854,0.023326245798267285,-0.014217000891327389,-0.01460565481012782,0.0037449963830724913,-0.052988444085450934,-0.044118232437054046,0.035962023074011785,0.025856346018803385,-0.04324384322696613,0.08756820566977995,-0.001104660525961548,-0.1162973171286892,-5.4009799408783084e-5,0.06546713480663237,1.4542789522381186e-16
4,3,C5,0.0034961195524180963,0.0037763097085020585,0.0031700682649304424,0.01658613399754631,-0.0016963177717459438,-0.0022520785565752852,0.01590011417145781,-0.005278098978995782,-0.019233878665950464,-0.0010419313827177402,0.011793677880730238,-0.005820610538806577,0.01760130536982255,0.03148398033587464,2.5641615582979784e-5,-0.03045064141831533,-7.564270777067757e-17
4,3,C6,0.008052887389423408,0.015157481848162168,-0.005188355293230366,-0.0011466294528764773,0.003304172482901177,-1.8875240898259997e-4,0.007289066630698482,0.010347019103208639,-0.0014694928404891641,-0.005958066353268191,0.006055228285077519,-0.016661544924852126,-0.0042413086267877416,0.016071830114375935,5.009913641069068e-6,-0.006313493637407824,-1.1628309168393295e-17
4,3,C7,0.011216995074164389,0.023630841067448543,-0.014200169461066593,-0.014977301616679057,0.008268249194921444,0.0012399554292502756,9.518010000140509e-4,0.024485410512545512,0.006985067165335567,-0.007294067037776983,0.0026357592083924635,-0.027976745784583482,-0.02124020121076901,0.007940761506192271,-1.0604382152233712e-5,0.012244927308387952,5.0899320950309324e-17
4,3,C8,0.04261428776095115,0.07495225497378873,-0.01927639759766112,0.027816124545024298,0.012422160391163884,-0.005488931931487016,0.06456232595563875,0.03766348902569896,-0.049885605806044175,-0.02637265375810412,0.051523396151758535,-0.08882693857417359,0.016018771072022268,0.13813969917057903,7.380679215864696e-5,-0.08899492460881706,-1.9661715723707345e-16
4,3,C9,0.18404836551198506,0.355033530092734,-0.12769033448415373,-0.08567471310486047,0.08206743227302932,0.003945043685473077,0.11948939167013875,0.26181926475920064,0.050962459155791236,-0.14948170530567598,0.10154934606792208,-0.37260040686289636,-0.16423820602016745,0.2650099497933744,2.9962939184979067e-5,-0.04546306399835943,1.2398486984660145e-18
4,3,C10,-0.10929644429766296,-0.21220083221754865,0.08392355509099327,0.05412060789536711,-0.05247551212495948,-0.002244707040473069,-0.07054488513823104,-0.16360927224764876,-0.019455448206723305,0.08332208370433229,-0.06213957671311784,0.23102656984050185,0.10149494477190246,-0.16502752566274498,-1.5402493705286938e-5,0.023456673206369728,-2.1176512166926023e-17
4,3,C11,-0.0064603981983407666,-0.012139673139570793,0.0024941225644656015,0.0023115440685729126,-0.0019664283886216545,-1.7764519053363096e-4,-0.0042117212245012395,-0.007223170795657167,-0.004617595950297988,0.006619809166469965,-0.0030437842207837883,0.010647614404920104,0.0049051724565337684,-0.007223004401140631,-1.4913329586913414e-6,0.0022945215536423376,9.897929074477837e-18
4,3,C12,-0.03489142567304412,-0.06108992784384626,0.02174702294200326,-0.030526169342196846,-0.012501044283705423,0.0060868375454279176,-0.06102953727877154,-0.03388558468454532,0.06637727658222725,0.014048384738083505,-0.050605979926789765,0.0834038230521274,-0.021612740703388738,-0.13889382216647161,-7.353841717422599e-5,0.08748775636364305,1.874237889523585e-16
4,3,C13,-0.07999389833801314,-0.14714152373536032,0.04211163180372452,-0.0068767485842572305,-0.027858865427971568,0.003933433828828381,-0.08499450313934552,-0.08911345453146725,0.027116157389971633,0.06048156701701687,-0.0681134111617376,0.15912295648065655,0.021202740454568225,-0.17953406535235925,-7.379779643886513e-5,0.09146111440830357,1.8674238105178316e-16
4,3,C14,-0.04917097128339404,-0.09490948045023163,0.030048853822238746,0.027126178774131274,-0.02029321456990112,-0.001982688123831382,-0.02723005840088612,-0.06756753867911967,-0.029206110069492017,0.0447144358251565,-0.022120224715360185,0.09262843595344891,0.04849222455224732,-0.05530170926396891,-6.04820080968996e-7,0.003957753965013694,-1.1273372521271146e-18
4,3,Enterobacteriaceae,-3.391482649855345e-5,-5.9636314600469336e-5,1.0378062159281756e-5,-1.7636576848327946e-5,-7.865396744989155e-6,3.335291264340392e-6,-4.6213933457038926e-5,-2.6873047410912393e-5,2.183152263808574e-5,2.658861037347814e-5,-3.53569067296216e-5,6.24799581226298e-5,-7.872153849142356e-6,-9.235189210479483e-5,-5.069002914554441e-8,6.1971829584144e-5,1.5119204145487683e-19
4,3,Paenibacillaceae,0.029541680070545015,0.049885248652085726,-0.003998988291154347,0.026938339681048622,0.004121365004456622,-0.004277045015920114,0.0484967836153757,0.01557420572865472,-0.028843655944796463,-0.023223684997149607,0.03631644525285991,-0.05163044641670918,0.020083827124668222,0.09466914007056224,5.965539398897934e-5,-0.07242427358520744,-1.8436753661428362e-16
4,3,Ruminococcaceae,0.007386340159446555,0.01354589491092477,-2.541756859196403e-4,-0.0024263569028671497,0.0010827880375122215,3.581225558122258e-4,0.004259524354581068,0.005889206496848814,0.010175213433734983,-0.009603369855103497,0.0023168932751777556,-0.008759148366113393,-0.00526450400902916,0.00416531286952806,1.2638915748143917e-6,-0.0023594574758768524,-2.864681593647674e-18
5,4,C1,0.17159548051953302,0.2727175614369562,-0.025073053206458102,0.029704251677996483,0.056383634187979745,-0.0031832327460103063,0.09555828560896129,0.14422478373976574,0.13258109922650788,-0.10067895086392893,0.07857666392140196,-0.14267222694955903,-0.12792312947980988,0.16916989378644093,3.144989384229186e-5,-0.04528589790845187,0.07210434469568827
5,4,C2,0.04065464913821125,0.11159932964964198,-0.07156718057398002,-0.06264916018121881,0.021490050295802848,0.0024148410551027583,0.056729393945373005,0.09864345022788364,-0.05789549408049055,-0.06496941574291326,0.04426131462388173,-0.2040105047554288,-0.018387527792320547,0.13637616285986756,4.283283299087885e-5,-0.05471939004005596,-0.04872758159465951
5,4,C3,0.09303746411216646,0.14096334695459228,-0.008109647928294406,0.006959807533798612,0.03436425912524278,6.609826807961131e-4,0.024651413945232566,0.07939521300226915,0.117595886511864,-0.04512782513108233,0.023456638935868558,-0.041009070205096435,-0.10208737644407058,0.03462868022954154,-2.6817097709200476e-5,0.02801165093498378,0.05513434145869512
5,4,C4,0.40594561904229803,0.5636521703326784,0.059854547347865224,0.18235581894502856,0.1176726161635905,-0.011282042582385885,0.15685560918301694,0.22740422555357376,0.4958894450517244,-0.17309624449746563,0.13190136533540125,-0.030343092019654277,-0.33453420699356995,0.20442000478122174,-3.377444736316221e-6,-0.012172365541642043,0.2858185762318416
5,4,C5,0.12250231122114405,0.1729282891080124,0.01400814648296377,0.06516114780706428,0.0340164410273134,-0.005520656054418558,0.06577004376220581,0.06760795225480114,0.11466295697125752,-0.053810422634567236,0.05382638381185912,-0.030771404523124924,-0.07858254624941981,0.10330322499626489,2.919153385312249e-5,-0.03940149300796674,0.07837482292044755
5,4,C6,-0.03898737922846628,-0.05204355022994018,-0.008374831738510797,-0.021593325107500592,-0.010958240072975035,0.001400054115976498,-0.014667031114854782,-0.018906758357547515,-0.04907969243937961,0.014422818852954072,-0.012479198577485091,-0.0036146779872609997,0.03129360769500425,-0.01816141179736309,2.711229526555423e-8,0.0013798585323568184,-0.030183820471336685
5,4,C7,-0.02455838928113218,-0.02495721888451531,-0.014978241958136433,-0.033346043501179666,-0.005053404288902388,0.002792601792884611,-0.012857225116274336,5.07729418647653e-4,-0.026958149066155068,4.5121779762434224e-4,-0.011078761820971594,-0.023089555779413417,0.009873959999149421,-0.017223776252288357,-9.833075387346797e-6,0.011938223639426402,-0.028055076247721935
5,4,C8,0.010315135327591034,0.028793339691100817,-0.017407155800415325,0.004977417913471301,0.0017078023058363712,-0.0027311825606167314,0.03940069311914753,0.01682766663068791,-0.057445535071125035,-0.01723209465882442,0.029729882934589637,-0.06911768813979545,0.02867151087195693,0.08749413624447955,5.375426340877076e-5,-0.06462789284740282,-0.01931124020128963
5,4,C9,0.11741504858375641,0.24181702681395045,-0.09842962105750261,-0.08231494536653207,0.053323081996358664,0.004618491017127433,0.08171449413746908,0.18559747966444937,0.021193997820658964,-0.11384983355440892,0.06732549709351716,-0.2851962881510657,-0.10659148328406286,0.18253282364840176,2.171936947943591e-5,-0.03338666836995879,-0.021235496594048935
5,4,C10,0.3254984009594199,0.4130043694347147,0.10379785714142295,0.23124717612351464,0.08298497602068922,-0.01596237707456383,0.1286685458952702,0.11807131823137754,0.41810748538914605,-0.10471000482836132,0.10768133061827007,0.09665758387080343,-0.2363094789657011,0.1501659529136114,2.16264795642026e-5,-0.03671496727065071,0.27589404657748534
5,4,C11,0.059969780140266514,0.08550053011829246,0.0073752587230954845,0.025376656262480507,0.016632546787915245,-0.0016939412447522656,0.02679408447174801,0.034492101490833024,0.06828175086259011,-0.029218576515794823,0.02164951915697521,-0.01240503279002166,-0.045548901735328294,0.03702428423549456,4.8859407968828526e-6,-0.008464113954341908,0.03819502336716476
5,4,C12,0.45599253133766793,0.6321408957855046,0.06483175521704954,0.20119378675307306,0.13478018835991518,-0.012154027229226467,0.1696002276642436,0.25943378268835365,0.5628763488888956,-0.18972686414016565,0.14448373939888098,-0.029973630142116674,-0.3853044451949141,0.21964745724595547,-1.5230964097625586e-5,3.3943120350995e-4,0.32483311896624334
5,4,C13,-0.19783642979344288,-0.30940353258238457,0.018957445872850056,-0.059207749452009024,-0.06006802167290379,0.006637386772669351,-0.12655015600089722,-0.15051959376988625,-0.1315243951705625,0.11389028581007732,-0.10203736601277565,0.15732389528996996,0.12108527521890827,-0.22461167403182186,-6.729668796905075e-5,0.08891769281956552,-0.0846077749947109
5,4,C14,0.06653176899723327,0.08091413752451104,0.030825456585012748,0.05589802599449976,0.01332991619240596,-0.0037565128890392698,0.027691532179892904,0.013685927582498586,0.09323365491212851,-0.023257601150138987,0.021442864048731938,0.03414848736069012,-0.0421146914648965,0.026053546401369736,9.299203975142254e-6,-0.013685209721195388,0.05915559557771756
5,4,Enterobacteriaceae,-9.330563521532208e-5,-1.381377245702406e-4,2.7312996205048277e-7,-4.833756250179621e-5,-2.6912034343433936e-5,5.216275675109866e-6,-6.416011718699795e-5,-5.9296645521600375e-5,-5.480916474111125e-5,4.4010331040954415e-5,-5.2334361425821425e-5,5.501246051130626e-5,4.655058379054493e-5,-1.14856570937941e-4,-4.287955364147302e-8,5.440243317814559e-5,-4.8941916025543014e-5
5,4,Paenibacillaceae,0.13891068197139697,0.19926966001552848,0.00949354936071254,0.07852097344110627,0.03884617444676073,-0.007667696485000347,0.08756023193700929,0.0796073562706681,0.1014148122802697,-0.06116049198927443,0.07155971732336172,-0.05556634729685307,-0.07493952347613456,0.14940585880931173,5.348425279501871e-5,-0.06860507059869778,0.0823556716336044
5,4,Ruminococcaceae,0.4283939388827936,0.6101778213554581,0.04087950137850564,0.18436560997863236,0.12520059810281214,-0.0132823087436782,0.19346527517201578,0.2567169628218128,0.4624968114932551,-0.19437565924675312,0.1606260590466812,-0.09997294836475211,-0.3272305264562005,0.28485541957053834,3.666683881257989e-5,-0.06089888023166286,0.2762985555355615
6,5,C1,0.13366764079990567,0.2183223417054139,-0.02908167954262731,0.02511980421097757,0.04420936686675721,-0.001351797093622975,0.07686178508403066,0.11611597821953668,0.1072669120918503,-0.07908734042214285,0.06393880598706868,-0.11318518431219592,-0.10888006499192127,0.13638460140943479,2.450134720999755e-5,-0.03484269780778518,0.0599573997867582
6,5,C2,-0.17326227049532794,-0.08235768763275372,-0.18124851836348,-0.2434613932837436,-0.06709157874621646,0.03248891166916918,-0.006606601941300015,0.017134152750201477,-0.16691240265911622,-0.1083373810415965,-0.029737955412650018,-0.2793673208157886,0.0631422310321127,-0.013816946965650495,2.793224626269891e-5,-0.036835994187225586,-0.2404924159889738
6,5,C3,0.44834536194611546,0.4326054612746122,0.20217419480105517,0.36802910777842984,0.18186647283213836,-0.053323879096828584,0.11751301955563406,0.180162613283157,0.3218039585505714,0.0715742769399475,0.1424688143289197,0.1851639629959128,-0.24234993426185186,0.2585940996968054,-1.1191763338346778e-5,0.012713903506438634,0.42401910970159956
6,5,C4,0.11694705897741114,0.27663834002261134,-0.07625347998125549,-0.04936842845655007,0.009192994812038545,0.021593640292417362,0.07280228181269732,0.11924518462964695,0.27320684102665754,-0.19472350984676395,0.03962298268697809,-0.14164196612699892,-0.18749002664087738,0.03968636417934231,-8.820257280768273e-6,-0.0030621329190361345,0.024729891245321305
6,5,C5,0.07940916207414084,0.123566459059595,-0.0017715205394441948,0.03596385774618,0.01980686572400539,-0.0015024921141609997,0.04820743301910166,0.0490004746748925,0.08156022208967385,-0.04731411478168476,0.037749166276042155,-0.03424019425886368,-0.05790084991448447,0.07238901842985658,2.2572763795841976e-5,-0.03047141648729873,0.04609182841676554
6,5,C6,-0.06982165219957946,-0.07489023086771285,-0.027764377528958457,-0.05505319498920428,-0.024772553312575996,0.0066419853259807055,-0.02192818559835447,-0.027326397021932593,-0.06295923966410392,2.081574369074459e-4,-0.022927106566257394,-0.025593306474519,0.04218227971717766,-0.038644865444359223,-9.991397087276546e-7,0.002012687039977067,-0.06380497415723321
6,5,C7,-0.12062514338521788,-0.10418802743903705,-0.072668924859417,-0.12190945978632264,-0.04543593564069964,0.017213204644385045,-0.035749685650057414,-0.029872082665615883,-0.08101896193992594,-0.02756512415553663,-0.040863840533677614,-0.07598416907721517,0.0464797925678961,-0.07402361998522189,-1.0833043793701936e-5,0.012750918667629594,-0.12174288331024144
6,5,C8,-0.10223815482622257,-0.06982675030915539,-0.07902605035313627,-0.10093804363778275,-0.04397919037329605,0.014083483595008606,0.0032262480685486972,-0.020048484818274682,-0.11137118290166793,-0.04453045095762148,-0.011733623925594933,-0.11829043777385735,0.066358598628244,0.0031639065210873956,3.957117211456827e-5,-0.04806951989869081,-0.12488682218580385
6,5,C9,-0.07381047163166611,0.05225418372709776,-0.17751677856531453,-0.22410248945391953,-0.026185948381527015,0.02834477517796443,0.022532506342667655,0.09721837022022917,-0.08232640458328555,-0.13716173868610146,1.3207005163525366e-4,-0.322690454092945,-0.019434043045412693,0.04483780502259222,1.2392508748439946e-5,-0.021399108074466558,-0.1824018698213063
6,5,C10,0.19915799050626096,0.27781738902260117,0.04844666545873274,0.12647395518027246,0.04137147218233646,-0.0040064896655588765,0.08690171554650031,0.07548226995409417,0.29661347593681214,-0.10035278114853875,0.06613266524025069,0.04228100222548247,-0.16315386800522544,0.08290350811606849,1.5541328326456655e-5,-0.02757237927674241,0.15931105455026984
6,5,C11,-0.08095743066962185,-0.03981385887960907,-0.07045450811676066,-0.10180257076596742,-0.0395601476169045,0.017633606471344373,-0.011372342190309064,-0.01139574092756194,-0.021961497793375105,-0.05906199052929582,-0.023887803485264092,-0.08349483490391406,0.014043026096783186,-0.04780026998599994,1.2191050151506557e-7,-0.0027527511786664236,-0.09691582279811453
6,5,C12,0.29864769970168487,0.44955458965064043,0.012863054466581912,0.09953904206666306,0.08094250641740755,-1.2931014006922124e-4,0.1187812110890365,0.18726334733927452,0.41017063064607945,-0.16874089788198307,0.09464861687354034,-0.06046567415935634,-0.28222232278741627,0.13651016260671842,-1.404103754041793e-5,0.0023519843741762214,0.19539035845661318
6,5,C13,0.2347181916341708,0.08631262096700706,0.2399831599727608,0.32908243799749537,0.11364177442820521,-0.051780769666026426,5.32559109344937e-4,8.840229318357228e-4,0.13147823013263765,0.20169834294483738,0.046520861900632184,0.3516972352561237,-0.06544283086817977,0.060333556817422355,-4.254640798680486e-5,0.059786895773773,0.32632614958330985
6,5,C14,-0.1530845955364327,-0.10777382093482493,-0.09871503756295354,-0.15023973531252144,-0.0738493753345344,0.027507974105738364,-0.030092893881406277,-0.0509940217193039,-0.04747636306654349,-0.07557664623692124,-0.04843753963782644,-0.0904048799117615,0.04584523503227795,-0.10248136655564781,1.3072739290271293e-6,-0.004356182723562166,-0.15598601589018843
6,5,Enterobacteriaceae,-8.471903631510313e-5,-1.1784740985520002e-4,-7.70921863240259e-6,-4.7397319204771624e-5,-2.55868029664704e-5,5.86944871646729e-6,-5.3362756533652586e-5,-4.983795210837002e-5,-4.901476650481788e-5,3.2551834257926136e-5,-4.44519316620535e-5,3.827829451274456e-5,3.922476528943139e-5,-9.68814995700312e-5,-3.453844280556733e-8,4.388265709985646e-5,-4.8027909570182417e-5
6,5,Paenibacillaceae,0.09668311698505874,0.145498674779259,0.002267637635516333,0.04765517818675706,0.025015242393390747,-0.00435510478229532,0.06555042046670649,0.0582953909699617,0.07110951687652131,-0.05327757831703367,0.051595694518735385,-0.05297484413715628,-0.05096072265399361,0.10919586144057693,4.233983443389862e-5,-0.054616216289697345,0.049652589854350865
6,5,Ruminococcaceae,0.09196073492304718,0.27631459074772946,-0.11390103129065746,-0.09003795954978541,-0.0026012216467201643,0.02603049710382109,0.09045296587239969,0.12878449856889543,0.21987298719372747,-0.22430306747270526,0.047889839327958476,-0.22236679872415496,-0.16174675351374615,0.07662367034058165,2.197001429434328e-5,-0.04094887210910991,-0.027356250414138618
7,6,C1,0.033232665476532856,0.13881553926602774,-0.11129623204040855,-0.02843261611465042,0.008588917609685172,0.015350350754809967,0.05461263942398823,0.08720435889326462,0.0633067015372787,-0.07912949831022285,0.04339053886423143,-0.12712984697785612,-0.10642100005235802,0.08654032603407624,1.592028262924138e-5,-0.022195081523584622,-0.010114529768383408
7,6,C2,-0.2550130905176302,-0.12962150825422414,-0.27455251876811226,-0.2730084058122816,-0.09604274679956455,0.05036728726116589,-0.0190008672282358,6.538641283194113e-4,-0.17580861761640537,-0.1090503349668577,-0.03899229482168371,-0.27948624301680275,0.03022665193393491,-0.04996146917247209,1.6861627299142145e-5,-0.020809564616367203,-0.2840670725673201
7,6,C3,0.35328685660975484,0.3493983076798807,0.14604148439246128,0.29398046935610594,0.14429478986562047,-0.040088902969119856,0.0956971333941493,0.1477781468891674,0.2613223593726746,0.05600240216422649,0.11638995402262871,0.1458092330475568,-0.20587490338730266,0.20853407588191572,-1.0369804769815231e-5,0.012050596875374912,0.33612907221515737
7,6,C4,0.005962466144482711,0.17959147742614387,-0.16514640974190162,-0.09904262850900929,-0.025427418069370447,0.03713982045237548,0.04942270938638439,0.08794970997187944,0.19644148766119526,-0.1773879512164108,0.021237826322284173,-0.15656018571664798,-0.17402471347559365,0.0014265672222981754,-1.2522387582972445e-5,0.005462174862062527,-0.04882601909663503
7,6,C5,0.030159402231942595,0.08297733702002523,-0.04148854357346621,0.007117263814278847,0.003482507169224197,0.006306332463699586,0.03573393341476023,0.03637976123220451,0.05581151195484115,-0.045458775206358944,0.026808812288426416,-0.04370569964866514,-0.055336055444604085,0.047767843652032654,1.6707426622816163e-5,-0.022177968415169724,0.010930624880079908
7,6,C6,-0.05823787479129692,-0.06246311134036757,-0.02321776375901126,-0.04598078601785197,-0.02070025260300828,0.005530951116053451,-0.018328716650958202,-0.022824624896182054,-0.052463249791604806,1.6439134313888477e-4,-0.019180867591023797,-0.02139845868860809,0.03514544304417582,-0.03225868063645351,-8.466228391766177e-7,0.001732193604129489,-0.052860973018949715
7,6,C7,-0.16050415615144656,-0.11983846231566711,-0.1276149904040626,-0.1397454754846043,-0.059645605877990227,0.026969593930161833,-0.03707602919375768,-0.032235453385608015,-0.08752653109039395,-0.033229214613751466,-0.04175892956544018,-0.08889626687768805,0.026634526556015968,-0.08241451683245114,-1.2438282673132274e-5,0.01592264232791799,-0.14671253502914436
7,6,C8,-0.13499069199520214,-0.08570750250662972,-0.12141508923436017,-0.11583964945286443,-0.05473264583500315,0.022199883904799964,-0.0034942437725847945,-0.02286407385420151,-0.10934198885116286,-0.04554724221208134,-0.01629023322145877,-0.11967024957005655,0.045255138598903004,-0.014791938703229623,3.000594273252203e-5,-0.03547601801116334,-0.14142483915869797
7,6,C9,-0.12415581019538968,0.008737028403314686,-0.2175587934514094,-0.22619715308444516,-0.044564868769091846,0.036760215861303826,0.011049544979110912,0.07303881983904215,-0.08942843922117936,-0.12469651364341107,-0.008000447797491038,-0.2948571374515767,-0.028669158093607282,0.015450370093870769,6.70724272302224e-6,-0.012229533374442898,-0.1991209697201394
7,6,C10,0.18072720371755574,0.23932126072156096,0.05720134603582851,0.11491810725503554,0.03996154608326923,-0.0065087316757661785,0.0741365342571869,0.06467560355258105,0.2515739771089714,-0.08075290070349961,0.057019317267370105,0.04170308828222052,-0.1326250095211359,0.07424891647187465,1.3784029027317871e-5,-0.024292889942249794,0.14357136280535765
7,6,C11,-0.12914691384536875,-0.06731485411089135,-0.12748618359452277,-0.12410836974814446,-0.05535975581042762,0.027633436900258625,-0.01706758842390371,-0.01713509663695207,-0.03905639301910195,-0.05964253316472959,-0.02791905953815341,-0.09583029240491936,-5.389522196694782e-4,-0.06122472860724414,-3.4319020387265176e-6,0.003206085027648916,-0.12713541288280925
7,6,C12,0.22282902746113123,0.359562437559187,-0.017527557881040306,0.06667682474179065,0.05810313447397129,0.005222274144822482,0.09564369308123705,0.15251320705144988,0.33227951469855066,-0.14449060854449036,0.07543864399605502,-0.06095804842143267,-0.23953800354576474,0.10469757793210771,-1.309646923985577e-5,0.0041454571407874685,0.1429264258397245
7,6,C13,0.24688512957413342,0.10069796413924932,0.2569243955877671,0.30671442422664824,0.11334082842955322,-0.053821302137364316,0.007025381313457649,0.0073845602102293444,0.12685813061473453,0.17632482569976893,0.04564752053800609,0.31439053748139667,-0.04446290060060121,0.06833621260119366,-3.2364987708747945e-5,0.044961811398479185,0.3094687560013441
7,6,C14,-0.21265356597004506,-0.13657476266652385,-0.17747831023007804,-0.1792338120476458,-0.09235105285225254,0.040857158176980636,-0.03535951148559355,-0.05276112366724935,-0.06801310547334513,-0.07746049859772465,-0.05118770941084096,-0.11160043556624204,0.02091702182204967,-0.1147010902600393,-3.789746667900569e-6,0.00389635425344811,-0.19457501527216925
7,6,Enterobacteriaceae,-9.785778447179027e-5,-1.1292446824298528e-4,-3.718779201153167e-5,-5.681059302182379e-5,-3.1200994257316194e-5,1.0691101880793224e-5,-4.7595226886272866e-5,-4.4673527730496154e-5,-4.98388072185936e-5,2.228731426706028e-5,-4.037177441274101e-5,2.007129287502234e-5,2.6953114954316514e-5,-8.99252434863745e-5,-3.0250528516740244e-8,3.8835961101881345e-5,-6.100599357956959e-5
7,6,Paenibacillaceae,0.12753965094361538,0.1467647705909763,0.054711045140636,0.0696052140012411,0.03789065257985315,-0.01359001828727858,0.060116186089194355,0.05410719735252681,0.0747941578504319,-0.03610957080301281,0.04884186497645338,-0.023842599917637194,-0.032747982311401,0.10698929681809877,3.7855548892033614e-5,-0.04948763430705408,0.07735088808296314
7,6,Ruminococcaceae,0.12819725542210517,0.2588735813281651,-0.03754028194893578,-0.04110370832280618,0.01687817911400379,0.010960715644765664,0.0819921519054431,0.11393766082702109,0.200546736792351,-0.17761503856875102,0.047143175448791874,-0.16230290588303253,-0.12503719812812658,0.08209026923745363,2.1218124078344752e-5,-0.03882358161634524,0.014521391110052885
8,7,C1,-0.04481667229158827,0.08588129419368352,-0.1783513494137296,-0.06414793737488318,-0.01555735644781581,0.031600818301033604,0.04393958309550271,0.0714692690426739,0.035694450642850005,-0.07703606317114937,0.032529074846875845,-0.13493879919151372,-0.10972519136710344,0.05546503133464159,1.554743364068825e-5,-0.026076050201386508,-0.08158113314019688
8,7,C2,-0.2927480968802634,-0.14439719222257766,-0.31971826851353813,-0.27417813503515637,-0.10556252178701327,0.06185514412743469,-0.019158745462877352,-0.002670491187525093,-0.16922371045282683,-0.10296644633630882,-0.03803007161797642,-0.2658662742134547,0.006668127274827046,-0.061758986155748326,1.617986094767836e-5,-0.024609594329480736,-0.31710849976142275
8,7,C3,0.21170128168765137,0.2581282393458032,0.02204734676667586,0.2020565894803282,0.09500104050019503,-0.011557554306115027,0.07828214093670141,0.12243669469153232,0.2005651618620205,0.03608715349840617,0.09384235733740977,0.09211481314990824,-0.19926219412393884,0.155242930145966,-6.783213223933093e-6,0.0021533735726296014,0.19765483207360912
8,7,C4,-0.06844241510462677,0.12049319425821432,-0.2248904070180299,-0.12482759955753699,-0.044843617540322955,0.050238083256223094,0.03936402899973397,0.07200249079138464,0.14934205400645761,-0.1612973208673379,0.013536071582749274,-0.1603789253485804,-0.16770849448323935,-0.017564986154816456,-9.03555703308315e-6,-0.0019142983225037082,-0.11476269829173545
8,7,C5,-0.015621166478086534,0.05233548953894153,-0.08258702734118918,-0.016509626675952637,-0.010025446893349188,0.015801945669544713,0.028930218885094526,0.029309144547639436,0.03723809123701559,-0.04427681050294663,0.02032133381697469,-0.0522905646281068,-0.05795678505147668,0.030275511129026052,1.523994865750751e-5,-0.022696496798149703,-0.031776317739904254
8,7,C6,-0.04945475908851113,-0.05327600574883736,-0.019487037449601795,-0.03915268049074061,-0.017610017136480537,0.0046310534231199215,-0.015680197385980487,-0.019517173536516167,-0.04479242292136898,1.509838543417046e-4,-0.016384815600044858,-0.018201491062377454,0.030123389818964345,-0.027525277837245718,-7.774245860829758e-7,0.00160350935052145,-0.044821395138654546
8,7,C7,-0.18165171448060946,-0.12242021681380122,-0.15962538200132848,-0.14370720838578324,-0.06493316531747438,0.03423371913804623,-0.033429132837758176,-0.02948043493411818,-0.0860710788869479,-0.03418518281633793,-0.03849349094423555,-0.09199131751480819,0.011375890581154997,-0.08178319839013723,-9.57805545159029e-6,0.00954253475070325,-0.16958015881905206
8,7,C8,-0.14386703498489348,-0.08606526351670159,-0.13616686574748538,-0.11456233928620471,-0.0557252848837172,0.02613581130346392,-0.004096808558927137,-0.020780388304054594,-0.10068993483574973,-0.042647927631561625,-0.01571473388199808,-0.11256400972065429,0.03139400748342801,-0.019897670689470633,2.6327387076461433e-5,-0.032928289871254686,-0.14918422136064
8,7,C9,-0.1532451467651145,-0.013701582534618777,-0.23960136840455473,-0.219112698591066,-0.0528960330714403,0.043264835018748234,0.007594449060440034,0.06040445205908791,-0.08839470433002893,-0.11278153138626801,-0.00980116671436364,-0.2690953255916022,-0.03661729172355687,0.001185118070952619,6.806431758485151e-6,-0.014674547311766697,-0.21700851518871292
8,7,C10,0.11763023560734293,0.18792770098382985,0.006779299860703562,0.07798833453520759,0.022476163098728606,0.0036385580559687735,0.061815773700954785,0.05360720991679974,0.20565319009991348,-0.07407472965347175,0.04640447623235189,0.022195740907332305,-0.12298696451681351,0.053892119553567736,1.2361532526541578e-5,-0.0235474778125088,0.08634461919188278
8,7,C11,-0.13753501877700655,-0.06955226898496625,-0.13961019916975678,-0.12068817243422256,-0.05567722901547592,0.03056087311167212,-0.01544957897124176,-0.015678606510825623,-0.040069710496470505,-0.05420151139405434,-0.0255239651121749,-0.09143554094207702,-0.007263221211470172,-0.05898357135483017,-1.8641222781263716e-6,-5.963286060672503e-4,-0.1359999052102735
8,7,C12,0.14545356320752614,0.2870812746633534,-0.0664039558966866,0.03229383149059239,0.0354338905221775,0.015733920865837466,0.07990092210333982,0.12837107380587393,0.2726063285060828,-0.129617069972464,0.061644476735570004,-0.06851223245501639,-0.2164940417382894,0.07786265316346036,-1.040096657861481e-5,-3.572017839028748e-5,0.07764467270713071
8,7,C13,0.18560816202052244,0.07457295325022131,0.19059697119802094,0.24827064288401582,0.08884713777179509,-0.03965429387344285,0.004932190993472833,0.005153347579197716,0.10194942830473862,0.1473214079009894,0.03741108497545534,0.259543464470248,-0.044628689452682654,0.05182202557577116,-2.7246937832059047e-5,0.03646788231863704,0.23943185736471953
8,7,C14,-0.2567695278499979,-0.15051511286104421,-0.23706642134819866,-0.19420006463646064,-0.10253836210983498,0.053744826827556956,-0.033224951869305554,-0.048404406762953975,-0.07717465393381889,-0.07609765910798315,-0.04849049143117259,-0.12248886046347951,-0.0014082230968395569,-0.1172726163067199,-1.6206897895870291e-6,-0.003209843129647229,-0.24070312996803375
8,7,Enterobacteriaceae,-5.425024111771803e-4,-2.8396832088645153e-4,-5.305545529417225e-4,-2.7700338180828166e-4,-1.5399817513377375e-4,1.3612200462082623e-4,-3.82845443122007e-5,-4.338571685753918e-5,-1.402152754854976e-4,-7.878920356549896e-6,-5.8238725555945864e-5,-1.214789886723637e-4,-7.891052732957831e-5,-1.6590146617827912e-4,2.8478050340609128e-8,-9.593972958446709e-5,-5.443841965567971e-4
8,7,Paenibacillaceae,0.23039570671504359,0.18010435605091882,0.18490333079048235,0.12579730874328607,0.07055525935545082,-0.04208586685781154,0.056230069687740185,0.05158166758984809,0.09473656809710147,-0.014929583458652185,0.04940453294090133,0.023414121460914605,0.003227948878508289,0.1225441945727303,2.9713655533657394e-5,-0.031657570004000955,0.1865235756267582
8,7,Ruminococcaceae,0.08910264557527033,0.21236856814439506,-0.055149112598093644,-0.04606673612947734,0.008199457516667823,0.01467485865834093,0.06955944560175051,0.09671831947530006,0.16651976525265574,-0.15414002476275535,0.0390856001734684,-0.14583866146642502,-0.11198812256538385,0.06530807124507532,1.9162820311299618e-5,-0.036143641733907286,-0.00841349898187368
9,8,C1,-0.09010708555238492,0.05903397577196342,-0.2096543071633089,-0.07796066864421133,-0.020922263226639957,0.05011817045065612,0.051255855230095244,0.07093321303845394,0.02701314757352347,-0.0654499763126676,0.054800264354992245,-0.13412577384359964,-0.10855723103660926,0.04256712024710674,0.0028783742113376557,-0.08605196594493271,-0.1297526844733414
9,8,C2,-0.3229271918763638,-0.14756926426754338,-0.3504084615068523,-0.26865367467680806,-0.10242223606637295,0.08303744504719943,-7.786283937221675e-4,0.008149724705615976,-0.15382615407908085,-0.08785241641510753,-8.775386667932229e-4,-0.2535405467730551,-0.01080388634812851,-0.06197592449184173,0.0035487324265816643,-0.10097707596502963,-0.35389832962203327
9,8,C3,0.13380054243149603,0.2094056794427097,-0.03477612355259358,0.15446846816967263,0.07558022296922674,0.012432325163903319,0.08120869095800551,0.11541629129020131,0.17096280562077626,0.03333328831880705,0.10823847942518114,0.06415234985774404,-0.1867836328120818,0.1296776605485452,0.002848302683413969,-0.06126863531502884,0.11399513439725509
9,8,C4,-0.11393774466039666,0.08811002802240649,-0.2537128326061328,-0.1324354090642925,-0.0471851852720782,0.06752316130627425,0.04764249347213925,0.07162672131907562,0.125796257585912,-0.1390697019453152,0.03885082857198691,-0.15731077430875454,-0.15993488518342144,-0.021702312399381484,0.002936110915390012,-0.0672769317117463,-0.16230099382538699
9,8,C5,-0.07507313506745845,0.02587876878751344,-0.13719765045730697,-0.04123579714943114,-0.018438797816910293,0.03987153274317664,0.03919479407261043,0.03470738622736181,0.02668782475985688,-0.03698524903959635,0.04573914016856337,-0.06507372779012947,-0.06571491598999846,0.018925942334904675,0.0030887832802772492,-0.0899300144020751,-0.09788564968468728
9,8,C6,-0.09270064997995453,-0.06275893351997512,-0.06950739082067571,-0.05596870973108724,-0.023541561057595313,0.024599363951838645,-0.003149805099561245,-0.010194757691015835,-0.04417387404734296,0.0012685755876777403,0.00662508005972978,-0.03144612813758153,0.014247320761805102,-0.03028322131459033,0.0023174695621365044,-0.05248028754935315,-0.09550565256450563
9,8,C7,-0.26188271802561314,-0.14018509728104106,-0.24873979578881358,-0.1705352380923502,-0.07288982710941426,0.07382745371359792,-0.005617124941986812,-0.010314825426671052,-0.08489222970489206,-0.026964682981232307,0.013839916062821823,-0.1129731030565297,-0.015455290590834326,-0.08401430466329497,0.005201810552980303,-0.11016013357967311,-0.26600490387243214
9,8,C8,-0.1959830497804225,-0.09806814491885721,-0.19346002471195223,-0.1308880226567767,-0.060038568189333494,0.05231406931573645,0.01183046154630108,-0.008108001509479991,-0.09490079069508889,-0.03549406488171064,0.01703892574749436,-0.12045873568444272,0.01021953806440181,-0.026130286040052794,0.003417334701798282,-0.10695454268579185,-0.2104626151194424
9,8,C9,-0.19586079782066299,-0.03198756970767939,-0.274955723199934,-0.21844784559993122,-0.055974417887825666,0.06410668060206447,0.020693064229947312,0.06195381968146963,-0.08309719846451782,-0.09680217039542152,0.01969785369602429,-0.2546195460451507,-0.04722035465073511,-0.006553421203314217,0.003110869359772094,-0.08359362957124794,-0.2603381601119032
9,8,C10,0.07338194275092973,0.1548246353312532,-0.025140271422928046,0.05540821860187057,0.015242991016461769,0.0159419626262529,0.06110054815313576,0.05150144108067202,0.17706439681123878,-0.06374287886701746,0.05499274311930485,0.010054751609450626,-0.11470097357456875,0.043600844657933055,0.0015879683544281632,-0.055824402627839546,0.04178952141720728
9,8,C11,-0.3439893034983707,-0.1338103942337125,-0.35921599512274005,-0.2036561487415109,-0.08507118435065097,0.12022506783744441,0.03506543420587557,0.017918861339276542,-0.057392066784161075,-0.04191361560918213,0.07446554211845428,-0.15028443413989942,-0.061022938599738376,-0.07950711676371544,0.010687423020685356,-0.24753826981774762,-0.3738400599634169
9,8,C12,0.12896632659083468,0.25153407534846767,-0.05592394709681871,0.029158859646290863,0.031502238586497054,0.013244111376755208,0.06982505838996933,0.11217810074558895,0.23852540259590807,-0.11310677211077919,0.05409931043326748,-0.059293270700638064,-0.1886879608774467,0.06837093476985703,6.8136281460603305e-6,3.327837082776699e-4,0.06990055605456354
9,8,C13,0.1700899034261318,0.06787809080048698,0.17495493873485282,0.2204378506899624,0.07910638149722832,-0.037703571380270515,0.002970588251747446,0.0036577564710144903,0.09004388023320682,0.12860888283541244,0.030167700996431297,0.22914828389723252,-0.037090141043672,0.04636623030148958,-3.117005646328629e-4,0.03913565305260562,0.21811833495429728
9,8,C14,-0.27585336574094754,-0.14789985589960303,-0.2616515303896549,-0.19199386339717048,-0.09737196555628004,0.06923880611769237,-0.016721649459019175,-0.03419433714820003,-0.07199810096883058,-0.06485045677384556,-0.017406290393308224,-0.12335518347645476,-0.013996102490395724,-0.10857716129389462,0.002723796241109726,-0.06400339706109044,-0.2692719997593275
9,8,Enterobacteriaceae,-0.022004676048287854,-0.0072264926479703095,-0.023274186283544482,-0.009658964366229336,-0.0035683111524924516,0.009205205099107367,0.004771702051125616,0.003099690017642414,-0.0022072090600810954,5.593629202411497e-4,0.00957757353131846,-0.0068966966653513356,-0.005348075603230902,-0.0028003314815628036,0.001059965294896976,-0.024362029796470768,-0.025038348755081173
9,8,Paenibacillaceae,0.5517429847816345,0.2715175481245308,0.5329733247036239,0.26357723124644167,0.11841149849064977,-0.18355052461493135,-0.02743204723810271,-0.0048148147299229855,0.11754516389111594,-0.021705590993271982,-0.10957519482893699,0.1307804313919538,0.08850929114819775,0.15071757936304675,-0.016831696667832963,0.36109576458758624,0.5623841467744691
9,8,Ruminococcaceae,0.055329644376783636,0.1784380707624793,-0.0719486413369755,-0.049914044999094874,0.0039290671277828326,0.02276196748833554,0.06644750370023743,0.08823831973212003,0.14360838977709797,-0.1338159245362479,0.04580671592808622,-0.1345595002997436,-0.10342865789418544,0.054449638022193624,0.001283294462697664,-0.05953173093440185,-0.03317052689804466
10,9,C1,-0.10397181423046142,0.04880613882392701,-0.207880024477694,-0.07258005055129382,-0.01694942791794059,0.06257288665743209,0.06946115096850625,0.0707104312763589,0.02580920589780564,-0.04257167065714368,0.07104551435590209,-0.12558271344865435,-0.09988087872115074,0.03846320876135902,0.007513480842557543,-0.13707638062459507,-0.1564958197372753
10,9,C2,-0.3169267178709217,-0.13565611544376788,-0.33891404176248113,-0.24337633244426723,-0.0889699037979896,0.09627573655555453,0.028305273796892107,0.017280983459107096,-0.13418491984052996,-0.059919493128357086,0.028699724496945394,-0.23357116875474215,-0.014505759520257377,-0.05431523582364376,0.00919245397577163,-0.16629117089283466,-0.3647810913325708
10,9,C3,0.06824428525191678,0.1780754639745745,-0.07741890024273092,0.12885251192319536,0.0703202039715829,0.04865752965857987,0.1203205425137232,0.11923920698443836,0.15569143818293435,0.05955112969294129,0.1453890886726005,0.04270216394105191,-0.17404986547293566,0.11625244261887263,0.012585008393116725,-0.18228214824814157,0.016859787298434036
10,9,C4,-0.17216447047813058,0.06708190483504806,-0.2911188133284109,-0.12996163701158578,-0.0374671845957456,0.11250357157213313,0.10855292325333954,0.08751478021401453,0.11725453230087292,-0.08321635427873252,0.10529263836614904,-0.16000200016107388,-0.15414923482343862,-0.017851254949694084,0.01647664141294353,-0.23957842416109174,-0.26074395268111916
10,9,C5,-0.08340484328231945,0.020476666257578713,-0.13695350678912369,-0.03887418397986581,-0.015218842891618487,0.04806941725167737,0.051716481142025754,0.036185103627167384,0.024962717646078984,-0.02176379773383265,0.05609002124976811,-0.06228519309906699,-0.06072625544413954,0.01729636333159703,0.006237848372773814,-0.1222403943663312,-0.1159815106580529
10,9,C6,-0.09872647698398919,-0.058390648380020595,-0.07726937529748187,-0.053084316802318364,-0.019959787090125965,0.033785717318448656,0.011502720071232096,-0.0032875288994417373,-0.037878114872097815,0.009165988550831556,0.023263095728841547,-0.03285785564454565,0.009436134543696484,-0.026686079082759464,0.0050880044375298155,-0.0882521026421565,-0.11052653325529907
10,9,C7,-0.34457369487561806,-0.14224894480396005,-0.3255636928875131,-0.1721954510484681,-0.057928151407434944,0.14800087066753512,0.09718962232860553,0.029140341319810924,-0.06643799680660203,0.03660458813008802,0.12635833895793305,-0.13296359689549275,-0.03385838855030629,-0.07265282033795363,0.02609312869286102,-0.38176592968566847,-0.41736679598193643
10,9,C8,-0.15472981710432973,-0.08397489634382464,-0.15369638928882165,-0.112518848914875,-0.05443969715327246,0.03232639934350316,-0.006848723462955127,-0.01380416014513041,-0.08577367207960558,-0.041673939311082014,-0.004613384174468358,-0.10127796909372055,0.01259264575768412,-0.02350133541235666,-6.199547513096851e-4,-0.04621604913225521,-0.1559375982665638
10,9,C9,-0.1785291301340534,-0.02905729621564523,-0.2481993325689071,-0.19437946037378587,-0.04933974166295908,0.06050297106947367,0.023394287675276872,0.056426885321276515,-0.07341649217044348,-0.08246471287032626,0.021511026482111777,-0.22720376821901475,-0.04246746297885574,-0.005639437298266179,0.0037892168736098635,-0.08601755532741684,-0.23956998482438652
10,9,C10,-0.06033606860615524,0.11741557607750448,-0.13979124163702264,0.025505287402058572,0.021048500565073014,0.10629061939173895,0.1678504529813218,0.08872918406032594,0.16717413125017222,0.01027455740162829,0.17717662597063502,-0.027815419517139495,-0.12462703251589331,0.04075911892599959,0.025317106773950365,-0.36739182748256716,-0.1648631366377456
10,9,C11,-0.2060190962359283,-0.10308943043604592,-0.22632045325034886,-0.16280242808180942,-0.0815877769213808,0.03346649364678806,-0.06031438643814522,-0.017822931908782536,-0.05880803252778383,-0.09196661100713081,-0.03407178042909332,-0.10465012094363571,-0.036672577951036206,-0.07239401704313123,-0.009698161292346132,0.031815346600300616,-0.1701531991996738
10,9,C12,0.08590784750869739,0.2188734956140076,-0.07592400052040969,0.021276556190763542,0.02980065355866326,0.03305579584214648,0.08938087530989537,0.10904148580393386,0.21394691181378322,-0.08330129710994093,0.0757839869761126,-0.06065630191488384,-0.17210652778390026,0.061352479437750976,0.0057144189818827355,-0.07201997744883476,0.014211615502053167
10,9,C13,0.10730126997074442,0.053494108633325724,0.11501648212462924,0.18846556689493638,0.07300209998082219,-9.682220467380474e-4,0.04421453620317096,0.01778908542050002,0.08333547764457895,0.13991116348374466,0.06952687047866289,0.19106147776575375,-0.04010392714389395,0.042130964406669975,0.008396192145951933,-0.07583502758546963,0.12085792477030899
10,9,C14,-0.274499664503766,-0.1359069667167443,-0.2597036263709304,-0.1755056415832694,-0.0845733227562454,0.083434245690874,0.012991922705088477,-0.020402262735589573,-0.06158116481490763,-0.040553614863679026,0.013924181386359504,-0.11795384683641756,-0.01743993076471813,-0.09576477764114243,0.008237539103071581,-0.13186377614890327,-0.2879283997682563
10,9,Enterobacteriaceae,-0.03731103835736109,-0.009250208957090122,-0.03730460484687052,-0.01192836572612926,-0.0021020479785596943,0.021226723567877106,0.020334691018482565,0.008846203952923322,-5.416294493047928e-4,0.009970158122437005,0.026689249831137834,-0.011327585726449194,-0.00797956595776087,-0.002194122534629771,0.004328523249560391,-0.06666082436577586,-0.050841867723275674
10,9,Paenibacillaceae,0.4842981516243947,0.2403416890401929,0.46857401575925167,0.23393087414256283,0.10559394064599736,-0.15851546445316267,-0.017464631638638917,-0.0028193741111046766,0.1047016256691236,-0.013978499195203857,-0.09354591200339349,0.11492191843304252,0.0783040038863636,0.13412063682420117,-0.01356487212049555,0.3067792634663819,0.48806522355845605
10,9,Ruminococcaceae,0.1585826715471512,0.17591158327575354,0.038810260984273044,-0.02333986638364346,-0.003022118832298815,-0.060057556031833124,-0.03954050457827372,0.04066753307125836,0.11872210185065644,-0.1763720857643691,-0.07190608420532497,-0.08725238969731837,-0.07167748383868049,0.04661357296000482,-0.019615096090756803,0.22447928334346035,0.1460276370051337
11,10,C1,-0.11946180644929642,0.04213069354354152,-0.20296130933124354,-0.06177228727473256,0.004130588015484956,0.07851284949427016,0.09437541895995828,0.07437018508416902,0.029510033935309623,-0.020118718302072847,0.0804156071537888,-0.10680957039285209,-0.07211239733067641,0.03365020408276075,0.013382215011688946,-0.1870120198326594,-0.2022676940364867
11,10,C2,-0.3085574193320834,-0.12360545267293248,-0.3195772542866055,-0.2157116181525188,-0.06348708309437444,0.10678400581151969,0.054870428318099414,0.025033365876665943,-0.11521266597948795,-0.03648936788779481,0.040627601390165254,-0.20515352810081405,0.0018863851864539963,-0.049461355045934734,0.014343149647250981,-0.2076197660958255,-0.3837612163485737
11,10,C3,0.007253154339021767,0.15622738466803124,-0.10402487172675239,0.12278506991871863,0.09954766148981066,0.09001717057665144,0.1759689409230641,0.12851328077457544,0.15195962532646323,0.09438687956553732,0.16434533600493023,0.04852920723852384,-0.1237704153272034,0.10332897163632278,0.02528697737491319,-0.29700015260285356,-0.11234075753081596
11,10,C4,-0.17606344376071625,0.05878342969142431,-0.2752743024581063,-0.11410400986614508,-0.019441681424201863,0.11934939351474716,0.1242894258066129,0.0870479517732785,0.11011486746801143,-0.058690924796099324,0.10788502869416117,-0.13988542445489968,-0.12576859058841333,-0.01650215871557034,0.020313793636345372,-0.2677753237877713,-0.28457135919180526
11,10,C5,-0.22346378676643314,0.007471797534965204,-0.21904415043941453,-0.016306790421773184,0.08009075599275362,0.17014083361633348,0.2345991322482431,0.08930426994005831,0.053669442023496584,0.09714427001421053,0.1415733561131001,-0.03194107921441445,0.029035842603621912,0.013428982795340903,0.044227648571686186,-0.4758684166527356,-0.45321386192456153
11,10,C6,-0.07950273129624114,-0.05189468197139463,-0.06383984670781068,-0.04898914571212123,-0.025245723925118015,0.022444097781653134,-8.861784347610866e-4,-0.0069197653961933486,-0.03641354549100246,0.0020940337738766103,0.014942237779405586,-0.03196548968784015,0.001769804577207939,-0.023583273727531252,0.0022334496987054457,-0.056675071961357446,-0.07737570096702133
11,10,C7,-0.2515006668423502,-0.12374236996163585,-0.25568422945518027,-0.16231105075588134,-0.09156155495669716,0.08320491255062952,0.014463906006889583,0.0031316966585631686,-0.07274704006287305,-0.010819730183898467,0.07728895536763092,-0.1306799449070973,-0.06602174890557162,-0.06397562549873162,0.008423140705629575,-0.19984560104723054,-0.23782410341784022
11,10,C8,-0.18213758205380745,-0.0786724969883205,-0.16601686833752832,-0.09576309367800372,-0.021936840097652392,0.06584757446202348,0.04842380109563867,0.003994531133133983,-0.0681083422978138,-0.003501614946093198,0.022236476343201476,-0.08418788680212508,0.035379139265301215,-0.021708943426917517,0.01064427964699918,-0.14764020628354307,-0.24129710235322815
11,10,C9,-0.20780199358129406,-0.02956346592356814,-0.253508048657323,-0.16875193939531638,-0.013727657426379356,0.09484045398783332,0.08070660560448771,0.06903541235275935,-0.05583704690031201,-0.03753248639221859,0.048528384098326056,-0.1961121294335355,-0.010759180399281601,-0.005887235116906242,0.015676706124788376,-0.19385472169357593,-0.3266703088606748
11,10,C10,0.07182288226262849,0.11470278369261984,-0.04481145218683403,0.006928660244182443,-0.06310167488145488,-0.012242368200459187,-0.00799452879475346,0.03085958583248598,0.1230880771477661,-0.08799244067791091,0.08141129944760447,-0.04695925679399125,-0.18552121066676777,0.038896528379200025,-0.009920549028421558,-0.019794629905369863,0.14845518294626367
11,10,C11,-0.21292691110283668,-0.09475242857007783,-0.22151184001786406,-0.14292164099537832,-0.05644542994271612,0.053771267314636544,-0.018903787725791935,-0.00560100635402478,-0.04721032839784726,-0.06042509332568142,-0.013735904109612184,-0.08997318201182306,-0.017978608927966582,-0.06536350861058435,-0.0014821396767380382,-0.03977366664818436,-0.21800358680081053
11,10,C12,-0.020946679608880674,0.18966549836881427,-0.13112466425083386,0.03161886566099018,0.09109368722785037,0.11367309221833863,0.20395053813468586,0.13623931417080418,0.21363970888185346,5.064127034475108e-4,0.12885679704262537,-0.03716269937603844,-0.09705811708642878,0.05331953910257792,0.030569093260605234,-0.3065069558794465,-0.2183335336869594
11,10,C13,-0.05303831587698806,0.037055105260919145,0.0067154067802483244,0.18816662669614745,0.15962163182986122,0.12692022125203917,0.22928621284033254,0.07303218179418469,0.10623988861661161,0.2436130793943275,0.15419320414293305,0.19571190501900676,0.0477142816072496,0.03581994527945963,0.04645154428452058,-0.43669842158613903,-0.24261779527309385
11,10,C14,-0.2314105204511775,-0.12097090744699238,-0.22322366969857463,-0.1596095703247877,-0.08439285302116863,0.06189382310730104,-0.00823408504884372,-0.023823435107795717,-0.058210125715363846,-0.04956473466980439,0.003355450066889961,-0.1076762497713211,-0.022951512420307022,-0.0861246722573826,0.0033496918442851697,-0.08055274234922799,-0.22296802723276063
11,10,Enterobacteriaceae,-0.024169758692362032,-0.0076481952039965054,-0.027577233623492042,-0.011928754099289363,-0.008205227444161278,0.011065202986960015,0.006541092270574025,0.004253003468863704,-0.002571037591495777,0.0019019555363279253,0.018160612928999044,-0.011953705565038336,-0.01286046209217891,-0.0017639202979563503,0.001471385931787182,-0.03686448425871399,-0.02361369808567672
11,10,Paenibacillaceae,0.4011039667700666,0.21371023372043052,0.3998176375148839,0.2148191717851782,0.1195459738933465,-0.11316260801254553,0.026716844043917966,0.01144031917100821,0.10218100860508685,0.01208199089676916,-0.06246195305978473,0.11075559496814201,0.09275883145739713,0.11952337737058098,-0.003413508669771692,0.19159604718059803,0.35771732877332835
11,10,Ruminococcaceae,0.1335500261291435,0.15768747657416352,0.029946691659862534,-0.01958705668275539,0.006624078354574104,-0.04623398898614805,-0.025359402489249033,0.04107356417292742,0.10966511809250773,-0.1542849190388504,-0.0583795927086374,-0.07465925486231571,-0.05560438379526075,0.04108869362050592,-0.015453252863291975,0.17993596956971056,0.10948065577655668
12,11,C1,-0.12608803150167788,0.03678012516304623,-0.19438895543706897,-0.05581791693749738,0.018232817336611872,0.08581073244446778,0.095842849386588,0.07460249963417419,0.03316836407633909,-0.013730861618332132,0.08240995530882814,-0.07849167340142647,-0.05274569367115274,0.02993038639562738,0.016216542954334615,-0.2106473292244619,-0.22864500431277865
12,11,C2,-0.28009693316991574,-0.11236685240960519,-0.2904396526962323,-0.1962377727386008,-0.059109777587867306,0.09678443212170267,0.04908481869337216,0.022222777209106176,-0.10490245289252736,-0.032835136172419496,0.03634308436144827,-0.18596943071007782,1.786730267458776e-4,-0.0446433059515492,0.013015150662604887,-0.18812008104649128,-0.348248606797179
12,11,C3,0.021758549256322746,0.1428069860048402,-0.0866807115196074,0.11025923757998586,0.07365319451869048,0.06900008233726858,0.14894554027210477,0.10917414693682138,0.1318661357831849,0.08292677215067318,0.13964548343683517,0.029791600244582977,-0.12801527213082742,0.09528276326709285,0.019537514405368706,-0.23424466885024475,-0.06354401500466478
12,11,C4,-0.13651604537978107,0.055011000794735684,-0.23748851710574828,-0.10499402135389249,-0.041035078847572765,0.08886918821699237,0.09735071952180863,0.06826729483586724,0.09090773253700794,-0.05827227568428304,0.08403871838365551,-0.15005949035789026,-0.13562421188831164,-0.013291404252085645,0.013118260175600138,-0.18863643500408803,-0.198950615812536
12,11,C5,-0.0656942140170824,0.01684190263203919,-0.12413543339399749,-0.021277830893776984,-0.05809128526818129,0.040305134283688454,0.12509854222319783,0.01994269832256915,-0.0036970951975539997,0.057438073978482995,0.04902148992147803,-0.16651307204998944,-0.09233629360554219,0.020836621683591506,0.008774734746954206,-0.11247995826107082,-0.062037752008413605
12,11,C6,-0.05791182113774661,-0.04600520056088354,-0.05000008278374293,-0.04494537547533611,-0.03561740196482789,0.00854265982176062,-0.009496419346006904,-0.01233414560410878,-0.038389625100031674,-0.001551230218114059,0.00562272609730988,-0.043726134362040515,-0.00974458896668905,-0.020715101202925322,-0.001257828912733329,-0.018244072844582387,-0.033805025828618065
12,11,C7,-0.16048669550471792,-0.10741765419454725,-0.1952097732871053,-0.15063411114813618,-0.1479727057582786,0.01903218661672463,-0.030435128927731925,-0.027449721135751646,-0.092037923324548,-0.025053954772207017,0.030798619558689733,-0.18672543423065804,-0.11877857735237574,-0.05381863537096373,-0.007887678211151368,-0.023257275622666072,-0.04297704869723407
12,11,C8,-0.12043266294208786,-0.06828917142994971,-0.12656976136372747,-0.08945559527661226,-0.06431964940996927,0.022276219404528477,0.014385009485342182,-0.01693938800797412,-0.07928364132207759,-0.012879173539761613,-0.006427155422136065,-0.12093847471759926,-0.00840425835185496,-0.016571462407505348,-5.969219912219164e-4,-0.029178668331355056,-0.10466212217664717
12,11,C9,-0.17056623424502565,-0.02550571974145401,-0.22031306135269407,-0.15408677536499185,-0.02962173177878306,0.0710280815682285,0.06173942657535575,0.05466141499565033,-0.0576309515686572,-0.03820907122915277,0.03360358350401384,-0.19638830282734457,-0.025307497414253994,-0.004237964614551675,0.010079508941173522,-0.13375680052847042,-0.25041087994124994
12,11,C10,0.03264875595540261,0.10182548999499755,-0.058382119819075894,0.007918529178893723,-0.02587428461278807,0.016018183799882676,0.013814360298405126,0.04267908909169312,0.12430341987206421,-0.07270951439546054,0.09296632062770274,-0.01016134808906853,-0.1399116322641121,0.03319798872749735,-0.0015644104194573994,-0.09390491384167761,0.05187214655621997
12,11,C11,-0.14491082004756925,-0.082546211417912907,-0.17485638302916004,-0.13219851682592176,-0.09791778966923878,0.008468929199466515,-0.048464054636917185,-0.02684247628732227,-0.061469623206137455,-0.06564189744567468,-0.04073568099374484,-0.13010805524454971,-0.058731533333206756,-0.05622357543764319,-0.01242689412930422,0.07683323084347948,-0.0745580737050964
12,11,C12,-0.07098201784159058,0.16859139728456798,-0.1471005910093963,0.031529843117260106,0.13379146438982603,0.14656942062301978,0.2193098249022571,0.14741830673285533,0.2141270155062007,0.011714300739939175,0.14770260423634493,0.017685360909163794,-0.041569615492736786,0.04483883474250858,0.03962114778489236,-0.3995215727559155,-0.33052996235723076
12,11,C13,0.10239851006826192,0.044699503436917074,0.08819494523242423,0.16384794158737778,0.0016246174993935782,-0.010010552387108846,0.11182779245937972,-7.093574099252141e-4,0.03899301775456344,0.18744313300614712,0.05283090070560353,0.026865463399960928,-0.08670246805090279,0.04197725131557626,0.007749287929147931,-0.04593049971221772,0.16312712036019444
12,11,C14,-0.24940440268642267,-0.11287642136083051,-0.2244286378583427,-0.14347665312086333,-0.040773392592726505,0.0887674440675847,0.016903050934977484,-0.004675850268344879,-0.03811783552430868,-0.03582328574347609,0.025239431800533604,-0.05790933379146734,0.011449199088061197,-0.08037837553383101,0.012039920512635369,-0.16441290359190175,-0.3025053544352491
12,11,Enterobacteriaceae,-0.023160470351605983,-0.007015341102525352,-0.02565937571244394,-0.010723389031627253,-0.0060731900094644345,0.011068669416322646,0.00682970302383589,0.004479205416431406,-0.0018383507377410409,0.0019388636752930518,0.017276779242089837,-0.009737026447649734,-0.010390404977741812,-0.0017254946319654907,0.0016087302533845545,-0.036313372281033526,-0.024509616064880377
12,11,Paenibacillaceae,0.34586345394149054,0.19257326169488154,0.3526638994297067,0.19548668379997838,0.12407844138108787,-0.08755569314645369,0.035042029246221656,0.017896976631585532,0.09953070800976985,0.01565454501255272,-0.046790346470864774,0.11989045244858225,0.09795866018964149,0.10782920782693382,0.0011539343306928352,0.1312172144300801,0.27779823730426195
12,11,Ruminococcaceae,0.10896398866864132,0.14203294432729727,0.019808954645648354,-0.017989777423612973,0.014482744998747391,-0.031920963682285156,-0.016780060714919262,0.04167455921632419,0.10380703073092615,-0.1365024554116424,-0.0470593310791457,-0.05415283130993554,-0.043381198079371026,0.03722677508329801,-0.011157112549947243,0.13494458773060014,0.06781474521801073
13,12,C1,-0.13474319020300435,0.03145452096364947,-0.1861585497679362,-0.053613908825809596,0.017500897470142798,0.0946606986684375,0.09177676296613856,0.0836599233790844,0.031959566206472806,-0.0016730657587389873,0.08480135208883144,-0.05041018534626366,-0.050523982155254554,0.03492057822088578,0.019808453221803097,-0.23659255935158333,-0.2617531713120688
13,12,C2,-0.2743280024012555,-0.10498722192650146,-0.2735151923609848,-0.1820425929467723,-0.05340429611381713,0.10347540118962566,0.04864064887016852,0.03449877629507147,-0.09462954404797477,-0.020011822236334978,0.04188717986419887,-0.15050918922649797,-0.001877236972458151,-0.03396536059999473,0.01649535510808344,-0.21259812142054557,-0.36728463139691225
13,12,C3,-0.051210936613155476,0.12253563865611646,-0.10943825862732119,0.09178811474245367,0.07039835485822477,0.12253808189908506,0.15114832164349915,0.1564470765471537,0.12665871586838476,0.1162307542747656,0.16226716670422275,0.10676510544847817,-0.12545259203120313,0.11494339620552085,0.03620881201142832,-0.37585493449462576,-0.25159024588326967
13,12,C4,-0.14412836558365597,0.04817222609035443,-0.2255699511224761,-0.09863674512402874,-0.03679437518655523,0.09732250611774818,0.09312266740294683,0.07771652004457497,0.08483492123952437,-0.042566778453540385,0.08620961934683528,-0.11614654417159907,-0.12641984737383044,-0.004736900177281975,0.016928654979493005,-0.21605400026753163,-0.23411078324754106
13,12,C5,-0.0764503137558779,0.01353518441827303,-0.12057066935920381,-0.02159477207349915,-0.05253661620251446,0.05049513660057226,0.11795503763152121,0.03119550700978023,-0.00204547447429027,0.061827115125088955,0.05276788330926923,-0.13434214953913728,-0.08645005159155282,0.02542076558591273,0.012227632100998656,-0.1399313556958287,-0.10107330530012935
13,12,C6,-0.05451597092706346,-0.042311682151091,-0.046430680063490735,-0.041360815413969736,-0.03256651169999824,0.009049366416405932,-0.008396366578443918,-0.010154563468070008,-0.03503713576749673,-5.911503181395487e-4,0.005851435939399106,-0.03839903007979244,-0.00909827061263142,-0.018410856802389824,-7.729143225553506e-4,-0.020045331647943546,-0.034968027224015354
13,12,C7,-0.15931542153942285,-0.099821240392539215,-0.1839950609943925,-0.13956734069440993,-0.13502728236746292,0.027706390296191912,-0.02532736279261386,-0.015348413955278362,-0.08329176542232261,-0.015974360684528423,0.0341666692005775,-0.1572855755907946,-0.11021271853937044,-0.04449834405222024,-0.004054221620222432,-0.04922454944526782,-0.0728467651169528
13,12,C8,-0.23222166089164303,-0.07672985638983874,-0.16746121266383018,-0.09772203120477715,-0.0538979133856814,0.12207601886981041,0.03838997459915481,0.08111340612444728,-0.06253445395593907,0.05720356319039892,0.05294935524632271,0.025459081509508246,-0.021754283603889563,0.03219735273530052,0.030836107940810986,-0.30312524333593405,-0.4272682541540323
13,12,C9,-0.132333264055819,-0.020577136115094374,-0.1916561979148273,-0.13803641311335288,-0.028105558565908205,0.04513479659540009,0.051616529223313765,0.031212273932631065,-0.05478406139646776,-0.048514961739524354,0.019278552298316997,-0.2066286463008849,-0.020413568717242373,-0.013138371539295014,0.00308113568703431,-0.06833169501557075,-0.16440891144626782
13,12,C10,0.021295319969352227,0.09226844793470483,-0.05710662144845208,0.006139949947194025,-0.02334350876135849,0.021854261152204398,0.014435930706870664,0.04593521849735946,0.1145662815171505,-0.06172416349584801,0.08931623708930823,3.0677458212308254e-4,-0.12914467898737172,0.03376065961736883,7.843500285075494e-4,-0.10553489965321892,0.02409957117595572
13,12,C11,-0.17857416493114517,-0.08094062243653083,-0.17953309314623614,-0.1270235171363197,-0.08780173484150958,0.04598909027945612,-0.03490947501465687,0.011758679066176836,-0.052513533035860746,-0.03417875677689948,-0.015184634073241629,-0.06795155042347328,-0.059080184082795494,-0.033680553993934874,4.1825302752910665e-4,-0.03355572929690091,-0.19290899606234777
13,12,C12,-0.006384137109613745,0.1612410420420091,-0.10997648951085502,0.03646792713519493,0.1201306797626074,0.08534941410782268,0.18874975002908,0.08851389658950941,0.19129076427010544,-0.022461220054923552,0.10697701548426682,-0.0493067061761104,-0.03132145746410518,0.018270059907820737,0.021198183519999487,-0.23301251888275243,-0.14336790499115323
13,12,C13,0.07700262645209639,0.038993813733717166,0.07371325091920167,0.14791014927401785,0.0021857960854404037,0.004839173075092071,0.10590862958809809,0.012715925461991741,0.03709358499950684,0.18120197522328568,0.056516537287702256,0.04334903299736474,-0.08134509415035183,0.044995201939659765,0.01142133186001714,-0.08014097444113498,0.10376653523528896
13,12,C14,-0.2785658566143448,-0.10922093327825269,-0.22675702528702166,-0.13790953102125955,-0.03528550920412905,0.12310694252480206,0.02584785465790432,0.035435710244160604,-0.030766097371125387,-0.004446164558711917,0.047304484895400525,0.0029694658855377604,0.0047071736133743255,-0.05414923177514133,0.023929529736558146,-0.2642302209120208,-0.41332338016578596
13,12,Enterobacteriaceae,-0.020689953630993956,-0.006375934228752297,-0.023365522359537632,-0.009769747228328197,-0.005605586501455671,0.009685793275219876,0.006130503787030073,0.0035091900957213294,-0.00168955772615652,0.0014580835713607172,0.015504357597746616,-0.00943274678762154,-0.009480298875550979,-0.0018476720866394312,0.0013360576461910615,-0.03207025675892885,-0.02100070027707728
13,12,Paenibacillaceae,0.30034318749660793,0.17448452635867337,0.3161325661502974,0.17693958282123323,0.11434395042544457,-0.06646272427205893,0.03551283600385431,0.029563482022974576,0.0925015118050312,0.02366820153476434,-0.034868148052290784,0.1281542452779211,0.08784615960096427,0.10520825877072983,0.0052932741594583,0.08287903173410598,0.20971853067068405
13,12,Ruminococcaceae,0.08588838109778357,0.12858599743227384,0.013075067614861463,-0.018131288255829263,0.014043687233891404,-0.017479913414151657,-0.012327952140199045,0.050930707284589455,0.09587018917499499,-0.1169488766464523,-0.035732322069052594,-0.03474442818795482,-0.04111300734687836,0.04012242341061823,-0.006612885604866208,0.09201874973692487,0.02405362017752363
14,13,C1,-0.13846556367420984,0.028796228964372984,-0.16867164787945388,-0.04934668876070594,0.019210096936850548,0.10087810965518536,0.08971682749547948,0.1073188913370787,0.027546424286691434,0.00914161900010476,0.09236837150537268,-0.03846559877586994,-0.04512457698651047,0.04409259692178167,0.022227373934950223,-0.2506356253949582,-0.282824885725593
14,13,C2,-0.2646854566323997,-0.09701316654554067,-0.24976327345271412,-0.16781893083403657,-0.04672954854175592,0.10658591248158411,0.04903911203087344,0.056632439787835095,-0.08885839002273482,-0.009666470740399589,0.050276264990390035,-0.132286761237078,-4.771973358159341e-4,-0.021575358596376586,0.018464332856241363,-0.22268468390817867,-0.37277634802701914
14,13,C3,-0.061544966455510955,0.11263873916882733,-0.0983210298414147,0.08455721613634132,0.06782175500621432,0.12660674817358428,0.14428942868841801,0.17392593914445242,0.11461522439198045,0.11770022221911497,0.16358879911025276,0.10701703623667398,-0.11464991843630701,0.11791236336695776,0.03735680890668903,-0.37942222041032836,-0.2735269996906777
14,13,C4,-0.1443313090498339,0.04427641510062479,-0.20558989649736206,-0.09088172788466217,-0.03146179038526046,0.10067265076423858,0.08998339145933511,0.09597028209903626,0.07672608769598332,-0.030661176660771925,0.09091430800415072,-0.10072659902125294,-0.11539337907390648,0.005179711380495981,0.018794773209956324,-0.22530699563318218,-0.24920187017091883
14,13,C5,-0.07579080050765229,0.01239175101048251,-0.1101187911360559,-0.019895513935467356,-0.0473392675937709,0.051611914518395946,0.11067300649985386,0.03992763456686536,-0.0026267283848715687,0.06098479110707791,0.05390857169837898,-0.12091197777827557,-0.07922693245590441,0.027859339143880404,0.01274719261899347,-0.14112335850579721,-0.10859235375197189
14,13,C6,-0.04555547018404971,-0.03897822297881629,-0.04390354169329837,-0.03821758042381201,-0.031090871832217617,0.003804603174898704,-0.009462469448220073,-0.019533873598098255,-0.03170553522751829,-0.0041510337833304215,6.299229153953861e-4,-0.03806135529534285,-0.00893625316330913,-0.02096580250400481,-0.0020387594771016115,-0.00767060264964502,-0.018398485484396526
14,13,C7,-0.1528941365805843,-0.09216071504905689,-0.16841421007686516,-0.1286828874693931,-0.12325916561906507,0.031241157110225702,-0.021228580660030954,-0.0014722659134749538,-0.07762433959896221,-0.010239221422867931,0.037467882650351496,-0.14176512387710336,-0.10101412279105229,-0.036066805125609724,-0.0020820004461587507,-0.05895974749574453,-0.08453537894696204
14,13,C8,-0.21973233225851202,-0.07128071115771713,-0.15435310730709095,-0.0906384247935685,-0.04903148079087051,0.11760931741765279,0.036804730449815144,0.0846071785942902,-0.05907480555763819,0.056202505219534814,0.05346172576989047,0.027586377235683676,-0.02047621126084451,0.034054399218108246,0.02989593942884164,-0.2922463058039156,-0.4094867293922121
14,13,C9,-0.13513631166309337,-0.018954614461480678,-0.17338595347886165,-0.12693548349761397,-0.022818778968797155,0.05428828460695167,0.052595983772941494,0.05767698883012966,-0.05197225520121407,-0.034500013336526754,0.031316890870291776,-0.18374728451293307,-0.016915624300496732,-0.0010144113842743255,0.0065372413992928,-0.09287936124495703,-0.19021708805261836
14,13,C10,0.017281582347667336,0.08509600506411534,-0.05212415159415122,0.005704356524620695,-0.02100167805012696,0.022432668325987483,0.014183414750921738,0.04748721666816178,0.1053856101814404,-0.05512766593719712,0.0847890936172512,0.0015816008143448097,-0.1188461662143594,0.03313839212788868,0.0013867049975413758,-0.10275434657919397,0.015301886957892004
14,13,C11,-0.16837145817503651,-0.07485981722890869,-0.16518208207733726,-0.11732567568610917,-0.08037492966392121,0.04581504407074786,-0.031095653582650918,0.01794878490546072,-0.049151724595059475,-0.029024011896712124,-0.010666992800637648,-0.06029667642932758,-0.05444629684170021,-0.02810564632967955,0.0013725778145611347,-0.03928167428772586,-0.18833269431812213
14,13,C12,0.004857185776086699,0.14905194493264834,-0.10339942454770945,0.03374226820414158,0.1086678973490135,0.06854755435099279,0.1704837972695488,0.05946552816608524,0.17814919733144843,-0.028573667225193812,0.08826611236197653,-0.05191944630925399,-0.029676516273299168,0.007937845068106747,0.016586029862682292,-0.19037924918486873,-0.10114101535734386
14,13,C13,0.061151115754850265,0.035861501581137156,0.07024554158711051,0.13657859171024725,0.004208744087758483,0.013949153922914816,0.10128556271076537,0.03296803455332669,0.032933362948589284,0.17468536721975136,0.06209459597662486,0.04548950216316819,-0.0739004518625212,0.049823778722799104,0.0133037075381276,-0.09651507674042481,0.06679079943153554
14,13,C14,-0.25918408583634683,-0.10098711092226112,-0.20921531785652367,-0.12745858999764362,-0.03231426564716673,0.11554681435387269,0.024356728612061625,0.03645364557703145,-0.028985263202823554,-0.0027808177858488436,0.04541809069285364,0.004464819802950466,0.004100691372669032,-0.048228942138875006,0.02264959983145319,-0.24881352926918363,-0.3873800771406774
14,13,Enterobacteriaceae,-0.01808827215450539,-0.005869350488856468,-0.021770193361775294,-0.009024182261982499,-0.0053898046158029084,0.007979216857162415,0.005295068803290057,0.0011160399647035801,-0.0014344134726366983,5.87238047345996e-4,0.013305649406955982,-0.009266143264728598,-0.008857780491107038,-0.002535683027250444,9.533215388088671e-4,-0.027303996147602694,-0.01645410009807793
14,13,Paenibacillaceae,0.2639197641069274,0.16076010848163874,0.2944738806065324,0.16333352998208886,0.10833039107139399,-0.048733787713522964,0.03745587714126208,0.055255355599457455,0.08354501175808537,0.03175387220328521,-0.01903806367181745,0.12566212530919332,0.08242500239119564,0.10807338850987001,0.0085520447377860891,0.04641754099427186,0.15508569146532478
14,13,Ruminococcaceae,0.06217379128383722,0.11838469864809675,0.01575672420535598,-0.01655258685393598,0.016675426451625248,2.0638490090894954e-4,-0.005244986764591821,0.08327496095578267,0.08621988978190959,-0.09496651279898662,-0.015922098306508484,-0.022396651924766746,-0.03606231425799852,0.05126900302267644,-0.0013328974838517742,0.0459033908966302,-0.02766296288138346
15,14,C1,-0.13941694571322025,0.027580671631306345,-0.15436504566105108,-0.04444889549248974,0.02103793392813159,0.10433099558624023,0.08849804923051467,0.12125910659912889,0.028388441125468133,0.018365714043840388,0.09655470787786671,-0.029706128261639788,-0.03812199086084299,0.0479915707680201,0.023817037511309182,-0.25733769968727677,-0.29536345936672886
15,14,C2,-0.2555841107244765,-0.08925431615295748,-0.2298146203745427,-0.1545184033377633,-0.04044385755507591,0.1086742029834466,0.05027996911144416,0.07229357112423292,-0.07989645319200513,2.998840129176853e-5,0.05652719152171221,-0.1173123870110561,0.0029776924798570015,-0.013579879312420088,0.020040575162038013,-0.22919443471507114,-0.37591357952423865
15,14,C3,-0.05157134565427069,0.10400311792539124,-0.0921542067402088,0.0776746630428374,0.06125767413917265,0.11205739128695352,0.13112759969737894,0.15096044388672444,0.1043536681634342,0.10406712717899712,0.1464668260588842,0.09615613350760448,-0.10856989207756113,0.1062016398447452,0.03303439489216974,-0.33958562744797577,-0.23705557356669002
15,14,C4,-0.14337455318589007,0.041825466059186314,-0.18891140466852258,-0.08318532046121122,-0.02642824131668761,0.10268208034546548,0.08802613240168226,0.10780930500516626,0.07361361226931451,-0.019926717225014944,0.09373925786985088,-0.08831095379489447,-0.10386079948753082,0.010935611370626642,0.02019634164404748,-0.23046464948653536,-0.25967645702494857
15,14,C5,-0.07265706879799398,0.011665205191652745,-0.10169964202203854,-0.018197786466580185,-0.0432607279701306,0.05017511734539083,0.10380239826625308,0.041757036847360485,-0.0019401747345030522,0.05867214365940805,0.0523591037457678,-0.11096105853243615,-0.07277441539677654,0.0274223322897081,0.012505156109438018,-0.1362312901095224,-0.10775340971148324
15,14,C6,-0.03649046322313217,-0.03664366750755507,-0.041864782570860466,-0.03620121946866186,-0.030564996787210506,-0.0021488909789387335,-0.011577787382773302,-0.029526177608153875,-0.031015890612309586,-0.009116180927611137,-0.005135145114664638,-0.03852008462297921,-0.010327156810747078,-0.023148461137041196,-0.0035855508942299608,0.005993766147620671,3.7901203111639047e-4
15,14,C7,-0.14701929183314233,-0.08513476656132982,-0.1552638642187459,-0.11879969253153815,-0.11288753276798386,0.034023518919349696,-0.01725048839805048,0.008845116411750113,-0.07075308248566703,-0.004871330723734556,0.039869917642042264,-0.1287608102739148,-0.09200007441034737,-0.030126369802653503,-4.3575002276030427e-4,-0.06633488676709763,-0.09389135816864348
15,14,C8,-0.16982372394306175,-0.06904567402848855,-0.14959369749435206,-0.08858581406509114,-0.05565459861911883,0.07568518073137302,0.017525867081404668,0.012079057599415318,-0.06495184611674011,0.020958321097890475,0.016108910300749422,0.006616292281720512,-0.03132256384984764,0.010329151597410095,0.01774878101445762,-0.19400092547957098,-0.27708540313724794
15,14,C9,-0.15476480218041652,-0.015203835009313698,-0.15523851237915742,-0.114078936275667,-0.012496814440798192,0.07918711275195957,0.0629988142551768,0.11131021679519017,-0.04013598581748996,-0.0053151822363443416,0.05806670426808087,-0.15431303685024894,-0.005370547291504336,0.017761022729310873,0.014655550200435751,-0.1526928824925581,-0.2650488138267787
15,14,C10,0.013977984272248018,0.07912098277328587,-0.04793214913445693,0.0055312346948570325,-0.018892475251564265,0.022841535247613315,0.014133425096589963,0.048249272654572746,0.09824730792759052,-0.04931740252239504,0.08075886591591838,0.002579997349734504,-0.1096262181925441,0.032146436371414074,0.00188673506796063,-0.10003606651815818,0.008004914845595259
15,14,C11,-0.1458249962622758,-0.07037415417815228,-0.1552089879539107,-0.1102694352575256,-0.07770624936775934,0.03228107602638392,-0.03396530103230193,-0.0035844707969143966,-0.04880328395408078,-0.03650392557515652,-0.020127515912736444,-0.061785898236020674,-0.054338094253201234,-0.0325366699613396,-0.0017868711162710102,-0.01283377727194438,-0.14327502028417574
15,14,C12,1.3415473678794198e-4,0.13873591447643902,-0.09521880835979904,0.03193042068833242,0.10217206022949983,0.06790737571973005,0.16039668235356513,0.06350544710048427,0.16684628744086485,-0.022462790938997553,0.08615819406179541,-0.04570675081643138,-0.02586518513872004,0.009960614421317763,0.016680183391688246,-0.1865760008947159,-0.10709740144179146
15,14,C13,0.04608355817105267,0.03412351735098197,0.06730667137246,0.1280762854065399,0.007046917851884772,0.02341591670905815,0.09912346464103061,0.05174658217883432,0.033353139102364544,0.17178593305657586,0.06820959111405513,0.04807952643672614,-0.06489850936652587,0.05313432092106701,0.015464546366276848,-0.11374883219688048,0.029833610421484285
15,14,C14,-0.22542562182278392,-0.09498350372108423,-0.19702008554640896,-0.12024501739611605,-0.03447701096922754,0.09240361994429312,0.015259439999814993,0.00426346252276811,-0.03126296324724912,-0.016377907493769675,0.02726742834119458,-0.0042436371834158725,-0.0015989974038196158,-0.0542671006604841,0.016593205338709578,-0.19668560837434973,-0.31390837472209737
15,14,Enterobacteriaceae,-0.016006031239974846,-0.005511183450565678,-0.02035053777323097,-0.008474609534687772,-0.005232802406264065,0.006639307805349948,0.004536106830254576,-4.910325375318827e-4,-0.001553111732042009,-1.65965758843553e-4,0.011580333635721312,-0.00903382050324391,-0.00849712419654705,-0.002845927030821184,6.560246236443816e-4,-0.02357076846181304,-0.012914064435381232
15,14,Paenibacillaceae,0.2343783261077247,0.15002498084242807,0.2753841151137798,0.15288908014212443,0.10364248093404663,-0.03486943920735414,0.039827782179223774,0.07221511099469637,0.0802800757192363,0.03902998223387938,-0.007196745307897517,0.12242008427880294,0.0801342928165783,0.1071278837471245,0.011021146145010801,0.019158050454974183,0.11212112296248011
15,14,Ruminococcaceae,0.042813110937984816,0.11105703515392983,0.017521791640118457,-0.013498938533095918,0.01986310244273983,0.014799019160318191,0.0023004308065660644,0.10666484677349189,0.08401633996188348,-0.07462432737012285,-5.0777537819210416e-5,-0.012570881291443993,-0.028284993800475264,0.05712884330267964,0.0031170553809200417,0.008866387993877305,-0.07055843784200846
16,15,C1,-0.13903751819962964,0.02729824749271661,-0.14500536329919986,-0.039396034492561564,0.022558456715618184,0.10594291463168225,0.08786938807818709,0.12366305383729155,0.034885513265198606,0.026347870868631013,0.0967378101231725,-0.021185645017518854,-0.03005706727151671,0.04658527880531405,0.02495219731591035,-0.2600958096668326,-0.30308082828856336
16,15,C2,-0.24561875105814446,-0.08202164734460568,-0.21513135842418854,-0.14250458506232253,-0.035382694453550474,0.10828387019567988,0.05114354249724643,0.07603425525908078,-0.06791558549690552,0.0073936416275685235,0.05811907837742314,-0.10424468735014265,0.0071466620751922776,-0.011143602623203727,0.020881601334291566,-0.22985459212609774,-0.3727246528637461
16,15,C3,-0.039246942249037645,0.09548275722976546,-0.08502190229099671,0.07042642382767865,0.054251310922047574,0.09602784561685389,0.11709226233732169,0.13032049052244324,0.08912410968169168,0.08799173858277161,0.13002425814371588,0.08327878521095619,-0.10669437382544028,0.09723696040042196,0.028120425659374906,-0.2970166811576494,-0.1939636718877007
16,15,C4,-0.1398525242819756,0.0400649162360696,-0.17682587580870196,-0.07621567510280969,-0.022663478934356707,0.1016531285758366,0.08570687753168724,0.10795533183454403,0.07422653129654175,-0.012345373955215566,0.09204846637632867,-0.07799400113528168,-0.09320593640683443,0.011538115897149304,0.020694604769699077,-0.2286157268322252,-0.26094791723047955
16,15,C5,-0.06786247216485998,0.010883120627595486,-0.09482346651767161,-0.016971326896514396,-0.04033185913639111,0.04689222874085658,0.09686999223745911,0.03920085952385951,-0.0018416165258064992,0.05480584147589566,0.048955693772977316,-0.1034858492630929,-0.06787988963328717,0.025670033446740185,0.011688131161345356,-0.12727619342706234,-0.10076201929926237
16,15,C6,-0.028105404961594083,-0.03522694184782945,-0.03836995557120312,-0.03514564028993283,-0.03045320337729584,-0.007697999326460219,-0.014318036043262924,-0.034455732214907026,-0.03453306778576784,-0.014602395555473982,-0.009176678755940639,-0.040262920608352216,-0.013290834964509588,-0.02276621605656626,-0.005153455980915845,0.01883287245862356,0.018567796373086212
16,15,C7,-0.13956321438474104,-0.07902037917524728,-0.1450199723136486,-0.11029165655934665,-0.10452539407411754,0.034063004628431086,-0.014688060285381435,0.011314268842874012,-0.06391408217132521,-0.00208852212055832,0.03906068095425437,-0.1184142545129648,-0.084407818513907,-0.02750724959585257,3.235447378391488e-4,-0.06727056849866626,-0.09497014415068254
16,15,C8,-0.12178499376147009,-0.0707803563084819,-0.13562759714426217,-0.09105443329001792,-0.06388682858426648,0.03543080054768584,-0.0052918394242902475,-0.03215156803131927,-0.09461080840593877,-0.01802991648138088,-0.012300409109012977,-0.020387551099561807,-0.05159379675101104,0.002048182897746125,0.005407726951978659,-0.09921800051083847,-0.14611299167807712
16,15,C9,-0.16777496179353885,-0.010165109809663326,-0.14711210238227984,-0.10109910366828087,-0.004020713031185636,0.09635543068387063,0.07253903566601592,0.13210536783770208,-0.01610839646037461,0.018994517859560717,0.07179943035137698,-0.12710900084386162,0.009133518052500301,0.021671189643106322,0.020782174655743148,-0.19467448563542877,-0.3189804881813262
16,15,C10,0.014534514026906056,0.0735156322408697,-0.04439662657649075,0.004780835092297103,-0.01811567170809962,0.019890150032718035,0.012264999832413118,0.043637960337594255,0.08998052585133368,-0.04757285143437269,0.0743566050141537,0.001241045850802904,-0.10328629098483995,0.029868212766475957,0.0012982393992028618,-0.09000185452686131,0.012079362684127178
16,15,C11,-0.12322994068525482,-0.06789054549913698,-0.143360446523132,-0.10582346412711527,-0.07667549393885652,0.017825133487248592,-0.0392645901843446,-0.018372395036524915,-0.05752618844495924,-0.04720305864468269,-0.028279740190450743,-0.0669542432089889,-0.0585513619188383,-0.03293451323691403,-0.005567085569479359,0.01660264204947012,-0.09436715367961163
16,15,C12,-0.004712214692246202,0.13024225858233854,-0.08924134765507358,0.030874720216908763,0.09689311348427222,0.06800465676725209,0.15246465677034318,0.06523986151610375,0.15995116401938111,-0.016014517049963435,0.08407187089055297,-0.039187085680979096,-0.021244710607619552,0.01041833485945902,0.0170279617638967,-0.18485823302217916,-0.11472674269652158
16,15,C13,0.03602304871498097,0.03302210865976661,0.062141620992322795,0.12105783467198532,0.008847600066883374,0.028543347399220587,0.09656276069102904,0.056778784047050494,0.03740465555595363,0.1673824590242492,0.0689109863206326,0.049851587178581853,-0.056354226571447806,0.05112963206005842,0.016542566188498635,-0.12167192656185755,0.006478951124144068
16,15,C14,-0.19803877472067336,-0.090694645506245,-0.18268365786931892,-0.11494436124831994,-0.0361629164857876,0.0744141883207089,0.007042242183960315,-0.011050022888926115,-0.04018528647671546,-0.027810346037088308,0.01612802799665324,-0.012740106439195412,-0.008844120750854495,-0.053401200594283556,0.011758501109242833,-0.15611434534029622,-0.25528244399718664
16,15,Enterobacteriaceae,-0.01430918061552485,-0.005251590289604,-0.018906894155990547,-0.008050706533933956,-0.0050846863438885875,0.0055973734647634275,0.0038620088150457302,-0.0011684392600678768,-0.0020449304542671212,-7.945423857406608e-4,0.010348339473896136,-0.008883900683911053,-0.008313473681878396,-0.0027722706941206475,4.219048033553512e-4,-0.020600416767356834,-0.010135080062738768
16,15,Paenibacillaceae,0.20996986617764857,0.14147136422375287,0.25594006905977995,0.14462759669490097,0.09952124327421145,-0.024201632238252082,0.042287392191812094,0.0775724857644275,0.08300506821727795,0.04531714768614208,-2.6811769140399716e-4,0.12051057722005645,0.08007560910011699,0.10169860553015193,0.01292381666870808,-0.0014901365647300388,0.07797400211684807
16,15,Ruminococcaceae,0.027000094811644854,0.10587128006895447,0.014863982145149881,-0.009603952990417148,0.022755004019243175,0.026216436633708585,0.009806667060100261,0.11460328689479937,0.09055001588806542,-0.056331992701733155,0.009521967448761522,-0.0023026884389914584,-0.018428211766957827,0.05587111012598025,0.006850434859239349,-0.020594607346362752,-0.10552952880362018
17,16,C1,-0.1381227434907835,0.027383215482588718,-0.13928924357540112,-0.034773132063783685,0.02355385068070829,0.106439159383241,0.08731398613045106,0.1188811222146703,0.04384405712375339,0.03273864413310569,0.094187825667183,-0.013326417066840814,-0.021930792923530458,0.04300751544303009,0.025883426299349744,-0.26100354534710796,-0.3084618099854815
17,16,C2,-0.23391525619634349,-0.0760067675984477,-0.20316685248720773,-0.13251413721632288,-0.031990620548532724,0.10491025118556045,0.05030708701356915,0.07282981018070138,-0.05837227924466868,0.010801405160871917,0.05621815549453693,-0.09456049936516148,0.009652335584084308,-0.010737424776144268,0.020758328523492475,-0.22365813364374612,-0.36094882310419035
17,16,C3,-0.03511173985845121,0.0891112811423415,-0.07915259359471397,0.06553313785544607,0.05028470824968377,0.08842128978815846,0.10865944065601904,0.12101215225994436,0.0813437648258114,0.08066380036538089,0.1208833368214759,0.07662796194436883,-0.10122388248881138,0.0912119626880734,0.025838524446495453,-0.27465062991633976,-0.17663640629639488
17,16,C4,-0.13295634761369443,0.0379751850371913,-0.16644879973869445,-0.07089904412223447,-0.020636167141744616,0.09701402655247418,0.081526468362249,0.10208394411752086,0.07218301883481745,-0.009584377645212947,0.08720160515238294,-0.07149623095455876,-0.08586652249741888,0.010675137609494447,0.019992134834895814,-0.21843039657650037,-0.25043622592820936
17,16,C5,-0.061908802605669846,0.009807756602931985,-0.08809265829917864,-0.01636464942175674,-0.03830821062941068,0.042408987345484345,0.08970899319758459,0.03617091529894929,-0.004160842847815648,0.04963972909545429,0.045151497845495964,-0.09837874420551285,-0.0649681121346377,0.024203559338635924,0.010411548858791373,-0.11555610051790136,-0.08915029219573296
17,16,C6,-0.020864882697600135,-0.03427080866464966,-0.0335786072928747,-0.034434745891680926,-0.030225620119938935,-0.01221836510283218,-0.016892281423517435,-0.034384957069172106,-0.04015584827053896,-0.01930988178415622,-0.01107095579005054,-0.042293057355945775,-0.01681333935988311,-0.02088159360543721,-0.006577074954411495,0.029717166156551254,0.03448466447950302
17,16,C7,-0.12929258199957014,-0.07440153181388412,-0.13516475289834592,-0.10376126874080348,-0.09839487402512632,0.03057346433479834,-0.014708090760816462,0.010231523412109957,-0.0621056138019082,-0.0034583511805817433,0.03601883429627144,-0.11220201800580545,-0.08032537877849773,-0.025632920058955518,-1.8156414219304588e-4,-0.05975150436595821,-0.08430485898390679
17,16,C8,-0.09858185994050442,-0.06986095422331383,-0.12086424733533381,-0.08960499884977283,-0.06476633170163117,0.018878674629836157,-0.01485386986385255,-0.03730299125128732,-0.11028526255478312,-0.03308067106525174,-0.019088061017145407,-0.032123193531595186,-0.06050167279527848,0.0030823175043744053,1.52570454398887e-4,-0.05867512432118105,-0.08859363865069653
17,16,C9,-0.16055731767766118,-0.008798742913885957,-0.13884156590314425,-0.09381096766504793,-0.0026465102603501463,0.09344296619781504,0.07011676328480929,0.12616789243741525,-0.010807657788448104,0.02141156605354192,0.06927508642129399,-0.11628240606683249,0.011011801527739193,0.02014416600559386,0.020496350990009064,-0.18980677581531272,-0.30915524472136036
17,16,C10,0.020683284240612075,0.06725497831685084,-0.03839877867688021,0.0025497302848180472,-0.019127103327273177,0.012209629040863167,0.007016123851324645,0.03850801408275639,0.0741274185781269,-0.05178724132917284,0.0666326883243737,-0.004709368248547961,-0.10247413739151255,0.02860661198330955,-0.00105162492304491,-0.06877317197578467,0.03341806326999256
17,16,C11,-0.10777303798973606,-0.06538315685334324,-0.13112309851952442,-0.10128396477256836,-0.07425524459130874,0.009629932590604417,-0.04169446826782679,-0.020467978102594507,-0.0647583394166862,-0.05220700659145666,-0.0301142450544092,-0.06918252853128794,-0.060950781599520255,-0.03025573496108556,-0.0076660345806862625,0.03255930692030968,-0.06442189346922679
17,16,C12,-4.045879589434998e-4,0.12110729434420972,-0.08164424177807666,0.027842677129579968,0.08961076962570957,0.06011090506941435,0.1403413268433307,0.06016552194316034,0.14394144326054478,-0.019034297915642005,0.07722444291411619,-0.04003770557291412,-0.023207416122001043,0.010150803220101517,0.014653398700651602,-0.1643983208096093,-0.09489969633864424
17,16,C13,0.033307062064096254,0.031036684814317542,0.058178213482780385,0.11357217910314307,0.008457876897197333,0.027189628763805096,0.09078227212092556,0.05370970412833426,0.035554154047853226,0.15737313778735482,0.06492632769511067,0.04710694023288001,-0.05251235899395249,0.04791122736560337,0.015632944126273113,-0.11501985408318255,0.004716960886965999
17,16,C14,-0.18897983919223138,-0.08417543163870003,-0.1730620221907262,-0.10679849639459481,-0.03291965140802332,0.07275668092551343,0.008735976249610379,-0.009972355996340557,-0.03243469799444188,-0.022725537225726063,0.01623931988415731,-0.009152917541121257,-0.0054133301767325835,-0.0504160212736557,0.01214022650222184,-0.15376585917867486,-0.24997416564054836
17,16,Enterobacteriaceae,-0.012880856368948018,-0.005042654995203708,-0.017483723114039552,-0.007687639984967237,-0.00492577252347588,0.004763735490717661,0.0032853352729984766,-0.0012876775114934384,-0.0026691079262854823,-0.0012825570413827405,0.009464814797828427,-0.008761007146852923,-0.008212529116086246,-0.0025587279453289273,2.257631793995793e-4,-0.018139602453978967,-0.007844395913249367
17,16,Paenibacillaceae,0.18954005362944787,0.13423543688234615,0.23671101183581328,0.13751078223361302,0.09549090106651205,-0.01607228787457345,0.044214423290872086,0.07547717759553672,0.08806564429286595,0.04989500537178601,0.003017895347484682,0.1189533742560431,0.08078925815104553,0.0947078453346544,0.014417464062867095,-0.017327466445660196,0.050520382924202883
17,16,Ruminococcaceae,0.014028312721572333,0.10180478063083602,0.009024927810158623,-0.005916996373682675,0.024794321418850972,0.034872701636473616,0.0163410377095037,0.11170426954379564,0.10089904133650753,-0.041216954671911034,0.014002914590564849,0.00722205636790913,-0.008292338844029672,0.05144708173367522,0.010022288424953858,-0.044160692455298974,-0.13409694501333766
18.9,17,C1,-0.13506049275103632,0.02644709896389915,-0.1310810850528582,-0.029830073586824563,0.02264309774887202,0.10453039974565674,0.08324687616682112,0.10804879563144532,0.051501199089305366,0.03566341990531928,0.0858503963972299,-0.008581612492798417,-0.01056727803755002,0.045315265077712615,0.02647783355568662,-0.2587112156745805,-0.31146982063607115
18.9,17,C2,-0.21053831165066725,-0.06762395305742663,-0.18238859297998394,-0.11820398150698866,-0.028359637953854124,0.09499863122855433,0.045650332151583484,0.06530857180412186,-0.050467127445002195,0.01051668591681823,0.050448099219605066,-0.08402206353405985,0.009850465680688496,-0.008641423212539813,0.01900076946030198,-0.20326834996350301,-0.327314645303632
18.9,17,C3,-0.036003897388332866,0.08038795029045415,-0.0733496293426761,0.05902551302376455,0.04555264661772296,0.08273705099374616,0.09914576990675712,0.10883264593637788,0.07755715314535537,0.07459917403972707,0.10865971502071768,0.06976297523041117,-0.08683570087117627,0.08422288834004157,0.024414601934059973,-0.255490243319432,-0.17205441654829345
18.9,17,C4,-0.11468889179935947,0.033226209710049415,-0.1463598890176561,-0.06376632499688936,-0.01899802007618697,0.08335768609843498,0.07098542320280159,0.0905386342025305,0.060158539712299876,-0.01081592084374653,0.07728753262708234,-0.06504189287760767,-0.07985095593824176,0.007152161961140895,0.016688693752019732,-0.18619514518862632,-0.211162973887893
18.9,17,C5,-0.048067763116190224,0.007528590136396322,-0.07456739036051419,-0.015385366823681704,-0.03521667955328778,0.03202654025731061,0.07687522642796739,0.03115933565673759,-0.011369591413536457,0.04035267106489499,0.03926261659980968,-0.08995139971140037,-0.06362182095063966,0.017370010302580747,0.007223168064420255,-0.08739108295795055,-0.05738078258289645
18.9,17,C6,-0.008573291864614006,-0.032325709176380626,-0.024257210518947542,-0.0318229666919566,-0.028383524117533317,-0.019060112769485084,-0.019618273838412564,-0.03231522044582944,-0.046507195573831525,-0.022787490625196777,-0.011371824859060756,-0.04065072952683997,-0.022793544758016246,-0.02458396482577089,-0.008766619065979689,0.04857361961383485,0.06176624335473625
18.9,17,C7,-0.10588788720230118,-0.06809572797527215,-0.11526343717789435,-0.09370401160295412,-0.08921593735493347,0.019535181555321114,-0.017463470075921382,0.007611655884241545,-0.0656359894004626,-0.008383162728767192,0.03075518053415096,-0.10297660813117027,-0.0791715493971996,-0.028543080629880993,-0.0029203411172559683,-0.03235366136354691,-0.0457581364071698
18.9,17,C8,-0.0855082861309776,-0.0628380360885073,-0.10650894115153894,-0.08031002646860423,-0.05820388177033057,0.014798986718286996,-0.014416204982893572,-0.033726866007794724,-0.10120925386774608,-0.03095331537986143,-0.01742630476162142,-0.029422170970139768,-0.05601413513251385,0.0012499586535704788,-5.965837213811035e-4,-0.04682901140297201,-0.07128970456982422
18.9,17,C9,-0.11971242577622615,-0.011897895971896581,-0.11050996820596648,-0.08631150096798021,-0.005632193480138683,0.06427664498250883,0.05195515562394022,0.10892931985072217,-0.03473339190939222,0.006057488689956051,0.05837764939658289,-0.11066221212326108,-0.008480345041282034,0.004057163456312636,0.011500163136158809,-0.1176594788797019,-0.20321711726249314
18.9,17,C10,0.04414936655835685,0.05570335112997933,-0.01966695764382659,-4.433657048891888e-4,-0.020623187816380607,-0.009877291192647821,-0.005294080530483058,0.0303137030889177,0.03905934503683531,-0.060407677367947436,0.05572890457038368,-0.011556555254161405,-0.11137183137656435,0.010452601297095295,-0.00831326612567122,-0.005239578986849815,0.1088401974965347
18.9,17,C11,-0.08526945774040211,-0.060277837898213386,-0.11085765168353927,-0.09163932378027011,-0.06784558831263411,-3.029629193999752e-4,-0.0421981467609526,-0.02003301126909282,-0.06948270827731008,-0.05269822513023846,-0.02852520527161077,-0.06494950617963766,-0.0629436192725754,-0.03349245281964152,-0.010006751765076632,0.053158972911459226,-0.023702590366571977
18.9,17,C12,0.02734175117765302,0.10346095521303593,-0.05714029669109417,0.02193272894705032,0.07622636725341175,0.0312671145742112,0.11288379708115144,0.04933639482142068,0.09926947791256464,-0.03227444701239306,0.06488783974836616,-0.04370128912296869,-0.04213475728688275,-0.007218480790546285,0.005133198736185963,-0.08621624174094247,4.642378807657549e-4
18.9,17,C13,0.03594847184087901,0.02666894383686397,0.05550044364479889,0.1007939753721229,0.006702495754622972,0.01927174343247556,0.078303113384915607,0.04699113599113616,0.02520857469625813,0.13716379015127653,0.05708273080233575,0.040309258738767687,-0.051694211613802984,0.039146583540607495,0.012184021276717609,-0.08917958122907733,0.023277287989757485
18.9,17,C14,-0.20470224640852297,-0.069076089312541,-0.175046878458649,-0.09159244772615013,-0.02445772108613635,0.09404907424616643,0.023969525806918312,-0.0031979382019029987,0.008999192624218352,-5.135440332059506e-4,0.019809223892260443,0.0021067122090467744,0.02289774950005257,-0.02393142851853305,0.021153039556336354,-0.21591487909142615,-0.33372738124445195
18.9,17,Enterobacteriaceae,-0.007639813450825599,-0.005164050675470553,-0.01341481511850514,-0.007279699857056059,-0.004935433312619429,0.00112399003190664,0.001190498560551077,-0.001765592489188328,-0.006481436264541368,-0.0032840213101964937,0.007879818867709158,-0.008942153609269343,-0.01032399656577682,-0.004547287999832146,-9.123408285385204e-4,-0.007739975209682731,0.00489093856184415
18.9,17,Paenibacillaceae,0.15735189896133084,0.12193703019867325,0.20462486078289988,0.1240843389564987,0.0869312016010647,-0.004685859826541587,0.044862112937473116,0.06932046304422043,0.0912694395293959,0.05111646214301714,0.004441277112913583,0.10962843890713679,0.08139763068825924,0.09169582630029632,0.016314104601494267,-0.041647901347108704,0.008350448744497228
18.9,17,Ruminococcaceae,-0.01359314502581632,0.09534556790490645,-0.006858657875783519,-0.002619595744226042,0.025651904331456813,0.052244391754538856,0.026248414337941086,0.10392271856902653,0.11747921779307795,-0.022697231521708636,0.016232387069490303,0.013594125616183266,0.012738783253825775,0.06175241145077712,0.016444523046023053,-0.09662346944034435,-0.20010670615848306
