time,window,effector_j,target_i,strength
2,1,C1,C1,-0.06846390228084244
2,1,C2,C1,0.006264338875539392
2,1,C3,C1,-0.13189799321256473
2,1,C4,C1,-0.1404873166529276
2,1,C5,C1,-0.1564151512936085
2,1,C6,C1,-0.09998458984523209
2,1,C7,C1,-0.22135869836505473
2,1,C8,C1,-0.017171127141935257
2,1,C9,C1,-0.1761297270472895
2,1,C10,C1,0.033432192623814264
2,1,C11,C1,-0.20774585038753807
2,1,C12,C1,-0.20533714452862914
2,1,C13,C1,-0.25124617216410655
2,1,C14,C1,-0.2243307985295323
2,1,Enterobacteriaceae,C1,-2.8217252811877777e-5
2,1,Paenibacillaceae,C1,0.034232059969579724
2,1,C1,C2,0.006274976912908929
2,1,C2,C2,-5.74150472133501e-4
2,1,C3,C2,0.01208895249459739
2,1,C4,C2,0.012876196640639387
2,1,C5,C2,0.014336043235899425
2,1,C6,C2,0.00916396775561914
2,1,C7,C2,0.020288366211064855
2,1,C8,C2,0.0015737990794371906
2,1,C9,C2,0.016142959049647285
2,1,C10,C2,-0.0030641875480863588
2,1,C11,C2,0.019040696944018734
2,1,C12,C2,0.018819929895236714
2,1,C13,C2,0.023027666803439924
2,1,C14,C2,0.02056077048972322
2,1,Enterobacteriaceae,C2,2.586218489473879e-6
2,1,Paenibacillaceae,C2,-0.0031374984310605604
2,1,C1,C3,-0.1270178834854051
2,1,C2,C3,0.011621935631749757
2,1,C3,C3,-0.24470419265774504
2,1,C4,C3,-0.2606395636725485
2,1,C5,C3,-0.2901897321140998
2,1,C6,C3,-0.18549674441872083
2,1,C7,C3,-0.41067646483365894
2,1,C8,C3,-0.03185679100908783
2,1,C9,C3,-0.32676526465931294
2,1,C10,C3,0.06202518708229564
2,1,C11,C3,-0.385421183134699
2,1,C12,C3,-0.3809524235410303
2,1,C13,C3,-0.466125300471287
2,1,C14,C3,-0.4161904635953714
2,1,Enterobacteriaceae,C3,-5.2350152569965496e-5
2,1,Paenibacillaceae,C3,0.06350914364836253
2,1,C1,C4,-0.13764021706693727
2,1,C2,C4,0.012593862369591565
2,1,C3,C4,-0.2651684728983204
2,1,C4,C4,-0.28243649741056753
2,1,C5,C4,-0.314457906420481
2,1,C6,C4,-0.20100958594493218
2,1,C7,C4,-0.44502078142785523
2,1,C8,C4,-0.03452093129902242
2,1,C9,C4,-0.3540922012199249
2,1,C10,C4,0.06721226948019113
2,1,C11,C4,-0.41765343472245275
2,1,C12,C4,-0.41281095881579677
2,1,C13,C4,-0.505106728098105
2,1,C14,C4,-0.45099590843866016
2,1,Enterobacteriaceae,C4,-5.6728124934039517e-5
2,1,Paenibacillaceae,C4,0.06882032732422552
2,1,C1,C5,-0.1560140615764735
2,1,C2,C5,0.014275040108804525
2,1,C3,C5,-0.30056629770337345
2,1,C4,C5,-0.3201394624147281
2,1,C5,C5,-0.35643546792457503
2,1,C6,C5,-0.22784272349572743
2,1,C7,C5,-0.5044274200957615
2,1,C8,C5,-0.039129193604393216
2,1,C9,C5,-0.4013606172824359
2,1,C10,C5,0.07618455835678813
2,1,C11,C5,-0.473406756186136
2,1,C12,C5,-0.4679178493071516
2,1,C13,C5,-0.572534349766863
2,1,C14,C5,-0.5112001777479644
2,1,Enterobacteriaceae,C5,-6.430086616525022e-5
2,1,Paenibacillaceae,C5,0.07800727878577224
2,1,C1,C6,-0.09698342286152532
2,1,C2,C6,0.008873829943583714
2,1,C3,C6,-0.1868418016526089
2,1,C4,C6,-0.19900911843648175
2,1,C5,C6,-0.22157189781018763
2,1,C6,C6,-0.141634458941872
2,1,C7,C6,-0.31356851614375686
2,1,C8,C6,-0.02432398138487805
2,1,C9,C6,-0.2494988340957027
2,1,C10,C6,0.047358803200013115
2,1,C11,C6,-0.29428506095393225
2,1,C12,C6,-0.2908729776358453
2,1,C13,C6,-0.35590600222256724
2,1,C14,C6,-0.317778682924142
2,1,Enterobacteriaceae,C6,-3.997151302038276e-5
2,1,Paenibacillaceae,C6,0.04849186559410929
2,1,C1,C7,-0.21200488255861308
2,1,C2,C7,0.019398111754837907
2,1,C3,C7,-0.4084344834163965
2,1,C4,C7,-0.43503212752616877
2,1,C5,C7,-0.4843541585514942
2,1,C6,C7,-0.30961164236384653
2,1,C7,C7,-0.6854579316514154
2,1,C8,C7,-0.05317200264443067
2,1,C9,C7,-0.5454021879233396
2,1,C10,C7,0.10352591416443373
2,1,C11,C7,-0.6433044735425979
2,1,C12,C7,-0.635845690363084
2,1,C13,C7,-0.7780072921414123
2,1,C14,C7,-0.6946613180394393
2,1,Enterobacteriaceae,C7,-8.737736484796865e-5
2,1,Paenibacillaceae,C7,0.10600277827898373
2,1,C1,C8,-0.011179091747309054
2,1,C2,C8,0.0010228692302496102
2,1,C3,C8,-0.021536893432698802
2,1,C4,C8,-0.022939396526858502
2,1,C5,C8,-0.025540164506073777
2,1,C6,C8,-0.016325930394851005
2,1,C7,C8,-0.03614443693169817
2,1,C8,C8,-0.002803778331783993
2,1,C9,C8,-0.028759248487083493
2,1,C10,C8,0.0054589577310715015
2,1,C11,C8,-0.03392167031435607
2,1,C12,C8,-0.03352836606362016
2,1,C13,C8,-0.04102459714115191
2,1,C14,C8,-0.03662973472095646
2,1,Enterobacteriaceae,C8,-4.60743906689735e-6
2,1,Paenibacillaceae,C8,0.005589563643765598
2,1,C1,C9,-0.16726068437543173
2,1,C2,C9,0.015304088323570922
2,1,C3,C9,-0.3222332919614024
2,1,C4,C9,-0.3432174320570662
2,1,C5,C9,-0.38212991635705124
2,1,C6,C9,-0.24426727614662896
2,1,C7,C9,-0.5407901996166823
2,1,C8,C9,-0.04194990909919693
2,1,C9,C9,-0.4302935956519528
2,1,C10,C9,0.08167649275222742
2,1,C11,C9,-0.5075333417227484
2,1,C12,C9,-0.5016487547068408
2,1,C13,C9,-0.6138067697411259
2,1,C14,C9,-0.5480511866621425
2,1,Enterobacteriaceae,C9,-6.893613801254066e-5
2,1,Paenibacillaceae,C9,0.08363060806270875
2,1,C1,C10,0.03947018386224536
2,1,C2,C10,-0.0036114594546290965
2,1,C3,C10,0.07604062680806134
2,1,C4,C10,0.08099246513671415
2,1,C5,C10,0.09017503494140132
2,1,C6,C10,0.05764220287055979
2,1,C7,C10,0.12761569575944004
2,1,C8,C10,0.009899341446153932
2,1,C9,C10,0.10154070215931699
2,1,C10,C10,-0.019274022452985345
2,1,C11,C10,0.11976774092979361
2,1,C12,C10,0.11837909581968561
2,1,C13,C10,0.14484614927912945
2,1,C14,C10,0.129329143810761
2,1,Enterobacteriaceae,C10,1.6267552965410242e-5
2,1,Paenibacillaceae,C10,-0.019735154672315517
2,1,C1,C11,-0.19975669192859444
2,1,C2,C11,0.018277421666155758
2,1,C3,C11,-0.3848379352973967
2,1,C4,C11,-0.40989894963037204
2,1,C5,C11,-0.4563714913846622
2,1,C6,C11,-0.2917244014136428
2,1,C7,C11,-0.6458568653250129
2,1,C8,C11,-0.05010008837194315
2,1,C9,C11,-0.5138925835826591
2,1,C10,C11,0.09754489563066308
2,1,C11,C11,-0.6061387454235054
2,1,C12,C11,-0.5991108796697985
2,1,C13,C11,-0.7330593574019465
2,1,C14,C11,-0.6545285430582085
2,1,Enterobacteriaceae,C11,-8.232929893320968e-5
2,1,Paenibacillaceae,C11,0.09987866349444031
2,1,C1,C12,-0.19570663432872337
2,1,C2,C12,0.01790684779546149
2,1,C3,C12,-0.37703536413183564
2,1,C4,C12,-0.4015882675696025
2,1,C5,C12,-0.447118580710172
2,1,C6,C12,-0.2858097027990127
2,1,C7,C12,-0.632762147543175
2,1,C8,C12,-0.04908431141996233
2,1,C9,C12,-0.5034734354501885
2,1,C10,C12,0.09556717742726584
2,1,C11,C12,-0.5938493106677661
2,1,C12,C12,-0.5869639345640022
2,1,C13,C12,-0.7181966131657553
2,1,C14,C12,-0.6412580074153125
2,1,Enterobacteriaceae,C12,-8.066007624225877e-5
2,1,Paenibacillaceae,C12,0.09785362825659596
2,1,C1,C13,-0.2386006790946241
2,1,C2,C13,0.02183158511256512
2,1,C3,C13,-0.45967217326644055
2,1,C4,C13,-0.48960646473330927
2,1,C5,C13,-0.5451158943037118
2,1,C6,C13,-0.3484521074800804
2,1,C7,C13,-0.7714479308636073
2,1,C8,C13,-0.059842376206947774
2,1,C9,C13,-0.6138223367672893
2,1,C10,C13,0.11651313462885203
2,1,C11,C13,-0.7240063643790715
2,1,C12,C13,-0.7156118844483579
2,1,C13,C13,-0.8756075143419798
2,1,C14,C13,-0.7818058726980158
2,1,Enterobacteriaceae,C13,-9.833876625204664e-5
2,1,Paenibacillaceae,C13,0.11930071882325541
2,1,C1,C14,-0.21274860252104807
2,1,C2,C14,0.01946616095621245
2,1,C3,C14,-0.4098672847509583
2,1,C4,C14,-0.4365582342536981
2,1,C5,C14,-0.48605328855385893
2,1,C6,C14,-0.3106977699862357
2,1,C7,C14,-0.6878625401728141
2,1,C8,C14,-0.05335853174381769
2,1,C9,C14,-0.5473154763807512
2,1,C10,C14,0.10388908640869624
2,1,C11,C14,-0.6455612063740462
2,1,C12,C14,-0.6380762575426892
2,1,C13,C14,-0.7807365668029314
2,1,C14,C14,-0.6970982123369776
2,1,Enterobacteriaceae,C14,-8.768388746064683e-5
2,1,Paenibacillaceae,C14,0.10637463944240697
2,1,C1,Enterobacteriaceae,-2.6303130543508456e-5
2,1,C2,Enterobacteriaceae,2.40669488186907e-6
2,1,C3,Enterobacteriaceae,-5.0673859045683845e-5
2,1,C4,Enterobacteriaceae,-5.3973789201658905e-5
2,1,C5,Enterobacteriaceae,-6.009310025276849e-5
2,1,C6,Enterobacteriaceae,-3.841305609853019e-5
2,1,C7,Enterobacteriaceae,-8.504374635487842e-5
2,1,C8,Enterobacteriaceae,-6.596971305269669e-6
2,1,C9,Enterobacteriaceae,-6.766723848304081e-5
2,1,C10,Enterobacteriaceae,1.2844306235024126e-5
2,1,C11,Enterobacteriaceae,-7.981382948638365e-5
2,1,C12,Enterobacteriaceae,-7.888842934795882e-5
2,1,C13,Enterobacteriaceae,-9.652620789683647e-5
2,1,C14,Enterobacteriaceae,-8.618559681928747e-5
2,1,Enterobacteriaceae,Enterobacteriaceae,-1.0840779733025605e-8
2,1,Paenibacillaceae,Enterobacteriaceae,1.3151607082803083e-5
2,1,C1,Paenibacillaceae,0.03149777543276298
2,1,C2,Paenibacillaceae,-0.0028819966809236174
2,1,C3,Paenibacillaceae,0.06068151583296428
2,1,C4,Paenibacillaceae,0.06463315416836224
2,1,C5,Paenibacillaceae,0.07196097718061746
2,1,C6,Paenibacillaceae,0.04599930843502721
2,1,C7,Paenibacillaceae,0.10183916398148694
2,1,C8,Paenibacillaceae,0.007899817109832476
2,1,C9,Paenibacillaceae,0.08103094338403961
2,1,C10,Paenibacillaceae,-0.015380947629455207
2,1,C11,Paenibacillaceae,0.09557638294926786
2,1,C12,Paenibacillaceae,0.09446822414294864
2,1,C13,Paenibacillaceae,0.11558931415717362
2,1,C14,Paenibacillaceae,0.10320652021485473
2,1,Enterobacteriaceae,Paenibacillaceae,1.2981741659308315e-5
2,1,Paenibacillaceae,Paenibacillaceae,-0.015748937784757392
3,2,C1,C1,-0.10516655025505836
3,2,C2,C1,0.009388351971993341
3,2,C3,C1,-0.3100538644058612
3,2,C4,C1,-0.27848635884430273
3,2,C5,C1,-0.24909829722167448
3,2,C6,C1,-0.21966277607308954
3,2,C7,C1,-0.545972413593543
3,2,C8,C1,-0.15830498612904118
3,2,C9,C1,-0.46582334139927634
3,2,C10,C1,-0.08158567997805792
3,2,C11,C1,-0.49501577333579444
3,2,C12,C1,-0.5274539759108893
3,2,C13,C1,-0.6643561412105515
3,2,C14,C1,-0.5996008058464446
3,2,Enterobacteriaceae,C1,-8.548803662503901e-5
3,2,Paenibacillaceae,C1,0.1127850919440099
3,2,C1,C2,0.009823850819211903
3,2,C2,C2,-8.777844645088148e-4
3,2,C3,C2,0.028597332055354086
3,2,C4,C2,0.025800809387998017
3,2,C5,C2,0.023238807020778688
3,2,C6,C2,0.020294422857841884
3,2,C7,C2,0.05029995212048085
3,2,C8,C2,0.014338835706527749
3,2,C9,C2,0.04284935099623542
3,2,C10,C2,0.007168865725795905
3,2,C11,C2,0.045642186344569825
3,2,C12,C2,0.048549377782364234
3,2,C13,C2,0.06111190567582664
3,2,C14,C2,0.055142600178937955
3,2,Enterobacteriaceae,C2,7.84226886915238e-6
3,2,Paenibacillaceae,C2,-0.010330720377426113
3,2,C1,C3,-0.14874633446533764
3,2,C2,C3,0.013252481952341999
3,2,C3,C3,-0.4505981912798131
3,2,C4,C3,-0.4009247086006227
3,2,C5,C3,-0.3533130386863411
3,2,C6,C3,-0.3181061153470041
3,2,C7,C3,-0.7953357984123377
3,2,C8,C3,-0.23871458624674607
3,2,C9,C3,-0.680775729513165
3,2,C10,C3,-0.1303172841244895
3,2,C11,C3,-0.7198904471373527
3,2,C12,C3,-0.7698274133613174
3,2,C13,C3,-0.9709120393382153
3,2,C14,C3,-0.8766948155664092
3,2,Enterobacteriaceae,C3,-1.256442066001733e-4
3,2,Paenibacillaceae,C3,0.16627994847025418
3,2,C1,C4,-0.18874950838914809
3,2,C2,C4,0.016873112286866047
3,2,C3,C4,-0.5458303699888363
3,2,C4,C4,-0.49360832952452643
3,2,C5,C4,-0.446198697198761
3,2,C6,C4,-0.3876976302882779
3,2,C7,C4,-0.9594915102118633
3,2,C8,C4,-0.27105113946590625
3,2,C9,C4,-0.8166999201026064
3,2,C10,C4,-0.13325758434221788
3,2,C11,C4,-0.8710127051710425
3,2,C12,C4,-0.9256517087390336
3,2,C13,C4,-1.1647831485600557
3,2,C14,C4,-1.0508815827875724
3,2,Enterobacteriaceae,C4,-1.4925617005496627e-4
3,2,Paenibacillaceae,C4,0.19645914414296972
3,2,C1,C5,-0.23491002614583192
3,2,C2,C5,0.020960351168331642
3,2,C3,C5,-0.6973212805310539
3,2,C4,C5,-0.6248280231836277
3,2,C5,C5,-0.556800531331925
3,2,C6,C5,-0.49358419560540134
3,2,C7,C5,-1.2286508373536715
3,2,C8,C5,-0.35944404592256846
3,2,C9,C5,-1.0491498458675022
3,2,C10,C5,-0.18812127618440433
3,2,C11,C5,-1.1134994387531276
3,2,C12,C5,-1.1875559158605493
3,2,C13,C5,-1.4962915893277144
3,2,C14,C5,-1.3506117716267572
3,2,Enterobacteriaceae,C5,-1.9281944223883282e-4
3,2,Paenibacillaceae,C5,0.2545919538630122
3,2,C1,C6,-0.12139418801066658
3,2,C2,C6,0.010829063672114048
3,2,C3,C6,-0.3615435589083306
3,2,C4,C6,-0.3235857108157804
3,2,C5,C6,-0.2878349537934166
3,2,C6,C6,-0.25580054398280766
3,2,C7,C6,-0.6372086932890616
3,2,C8,C6,-0.1872101788929695
3,2,C9,C6,-0.5443299955245122
3,2,C10,C6,-0.09868710803727891
3,2,C11,C6,-0.5773693711495185
3,2,C12,C6,-0.6160395674459545
3,2,C13,C6,-0.7763195180315198
3,2,C14,C6,-0.7007775223545983
3,2,Enterobacteriaceae,C6,-1.0010969284671739e-4
3,2,Paenibacillaceae,C6,0.13223173574781516
3,2,C1,C7,-0.24110302201778017
3,2,C2,C7,0.021511200007434287
3,2,C3,C7,-0.7165006384106912
3,2,C4,C7,-0.6417647444131348
3,2,C5,C7,-0.5715450094500482
3,2,C6,C7,-0.5070860210187442
3,2,C7,C7,-1.2625672057313584
3,2,C8,C7,-0.3698971527221108
3,2,C9,C7,-1.0782549404625907
3,2,C10,C7,-0.19406524795810134
3,2,C11,C7,-1.1441575358364402
3,2,C12,C7,-1.22043400219603
3,2,C13,C7,-1.5378005426768455
3,2,C14,C7,-1.3881067608847724
3,2,Enterobacteriaceae,C7,-1.982148859084394e-4
3,2,Paenibacillaceae,C7,0.26174964830865144
3,2,C1,C8,0.037849949161453185
3,2,C2,C8,-0.0033943892976074706
3,2,C3,C8,0.10449035368981688
3,2,C4,C8,0.09608665642759641
3,2,C5,C8,0.08906817894077489
3,2,C6,C8,0.07469162947362201
3,2,C7,C8,0.18289028099778615
3,2,C8,C8,0.048257582770734345
3,2,C9,C8,0.1547494854987677
3,2,C10,C8,0.020579078053333397
3,2,C11,C8,0.1665360283900054
3,2,C12,C8,0.1758228739665127
3,2,C13,C8,0.22070846087377408
3,2,C14,C8,0.19894957570894245
3,2,Enterobacteriaceae,C8,2.7982913456582212e-5
3,2,Paenibacillaceae,C8,-0.0366140925655469
3,2,C1,C9,-0.1738185347011651
3,2,C2,C9,0.015479385762559956
3,2,C3,C9,-0.5297110317314817
3,2,C4,C9,-0.47034770791750186
3,2,C5,C9,-0.41312617677798336
3,2,C6,C9,-0.37366928999007
3,2,C7,C9,-0.9354546827655316
3,2,C8,C9,-0.28283334868135174
3,2,C9,C9,-0.8012706904440239
3,2,C10,C9,-0.1561947199522525
3,2,C11,C9,-0.8464084449818217
3,2,C12,C9,-0.9058259372011995
3,2,C13,C9,-1.142757925004313
3,2,C14,C9,-1.0319709181851375
3,2,Enterobacteriaceae,C9,-1.4806240800224616e-4
3,2,Paenibacillaceae,C9,0.19607890252271393
3,2,C1,C10,0.11454077958375605
3,2,C2,C10,-0.010227280737260935
3,2,C3,C10,0.33673723983190296
3,2,C4,C10,0.3027532846801023
3,2,C5,C10,0.2712237696017402
3,2,C6,C10,0.23865623021559035
3,2,C7,C10,0.5928104036496163
3,2,C8,C10,0.17124458113850716
3,2,C9,C10,0.5056118409939705
3,2,C10,C10,0.08767776449347053
3,2,C11,C10,0.5375783850655693
3,2,C12,C10,0.5725872041222728
3,2,C13,C10,0.7211030916271987
3,2,C14,C10,0.6507834983970621
3,2,Enterobacteriaceae,C10,9.273403828410417e-5
3,2,Paenibacillaceae,C10,-0.1223039576697592
3,2,C1,C11,-0.23338447728461179
3,2,C2,C11,0.020813025690144406
3,2,C3,C11,-0.6979329963623327
3,2,C4,C11,-0.6237691419881477
3,2,C5,C11,-0.553607036562407
3,2,C6,C11,-0.49353991603234443
3,2,C7,C11,-1.23052418240548
3,2,C8,C11,-0.36342119643621934
3,2,C9,C11,-1.05167828893311
3,2,C10,C11,-0.1932594337965711
3,2,C11,C11,-1.1146831965177917
3,2,C12,C11,-1.1899875827158173
3,2,C13,C11,-1.499893969222116
3,2,C14,C11,-1.3540402459603638
3,2,Enterobacteriaceae,C11,-1.9358339362108456e-4
3,2,Paenibacillaceae,C11,0.2558186249558386
3,2,C1,C12,-0.21001967456118814
3,2,C2,C12,0.018704713620870235
3,2,C3,C12,-0.6393730750012523
3,2,C4,C12,-0.5679214226308539
3,2,C5,C12,-0.49911355073888486
3,2,C6,C12,-0.45108695676262967
3,2,C7,C12,-1.1290151401455448
3,2,C8,C12,-0.34092769595344496
3,2,C9,C12,-0.9669503183556751
3,2,C10,C12,-0.18790785170374927
3,2,C11,C12,-1.0216080310329598
3,2,C12,C12,-1.0931781611996376
3,2,C13,C12,-1.3790477037481141
3,2,C14,C12,-1.2453310794003747
3,2,Enterobacteriaceae,C12,-1.7864016773336418e-4
3,2,Paenibacillaceae,C12,0.23654600064386339
3,2,C1,C13,-0.2500513801963556
3,2,C2,C13,0.022286724118913175
3,2,C3,C13,-0.7535743382317418
3,2,C4,C13,-0.6716982552334176
3,2,C5,C13,-0.5936189199465992
3,2,C6,C13,-0.5323519319633468
3,2,C7,C13,-1.3295162140333185
3,2,C8,C13,-0.3964950754973622
3,2,C9,C13,-1.1373221596187233
3,2,C10,C13,-0.214236003433438
3,2,C11,C13,-1.2037808984742262
3,2,C12,C13,-1.2864135419352012
3,2,C13,C13,-1.6220343700964508
3,2,C14,C13,-1.4645011064637814
3,2,Enterobacteriaceae,C13,-2.0968256238693275e-4
3,2,Paenibacillaceae,C13,0.27733688341364454
3,2,C1,C14,-0.22107368423492654
3,2,C2,C14,0.01971114354260959
3,2,C3,C14,-0.6629601766644657
3,2,C4,C14,-0.5919408484894271
3,2,C5,C14,-0.5245562574155667
3,2,C6,C14,-0.46863924784153466
3,2,C7,C14,-1.1691467214091376
3,2,C8,C14,-0.3465133286349243
3,2,C9,C14,-0.9995517453742568
3,2,C10,C14,-0.1853447754970336
3,2,C11,C14,-1.058901017402925
3,2,C12,C14,-1.1308528490306744
3,2,C13,C14,-1.4255502647049128
3,2,C14,C14,-1.2869887399830977
3,2,Enterobacteriaceae,C14,-1.8409472371563437e-4
3,2,Paenibacillaceae,C14,0.24335675367589618
3,2,C1,Enterobacteriaceae,-2.3047370958820646e-5
3,2,C2,Enterobacteriaceae,2.0544635801191767e-6
3,2,C3,Enterobacteriaceae,-6.932699660888814e-5
3,2,C4,Enterobacteriaceae,-6.183473962253259e-5
3,2,C5,Enterobacteriaceae,-5.4703462995610554e-5
3,2,C6,Enterobacteriaceae,-4.898699818201583e-5
3,2,C7,Enterobacteriaceae,-1.222923689534185e-4
3,2,C8,Enterobacteriaceae,-3.638510601417741e-5
3,2,C9,Enterobacteriaceae,-1.0459068828951296e-4
3,2,C10,Enterobacteriaceae,-1.9584961188184818e-5
3,2,C11,Enterobacteriaceae,-1.1073972970652131e-4
3,2,C12,Enterobacteriaceae,-1.1831218127862425e-4
3,2,C13,Enterobacteriaceae,-1.4916599816596187e-4
3,2,C14,Enterobacteriaceae,-1.3467447489547217e-4
3,2,Enterobacteriaceae,Enterobacteriaceae,-1.92754250575017e-8
3,2,Paenibacillaceae,Enterobacteriaceae,2.5489252203570646e-5
3,2,C1,Paenibacillaceae,0.023832783112434586
3,2,C2,Paenibacillaceae,-0.0021254326141372866
3,2,C3,Paenibacillaceae,0.07125066411197008
3,2,C4,Paenibacillaceae,0.06368591383893718
3,2,C5,Paenibacillaceae,0.05653158664037399
3,2,C6,Paenibacillaceae,0.05038648960301226
3,2,C7,Paenibacillaceae,0.1256186777765646
3,2,C8,Paenibacillaceae,0.037086178526209525
3,2,C9,Paenibacillaceae,0.10735735205106173
3,2,C10,Paenibacillaceae,0.019709382741049535
3,2,C11,Paenibacillaceae,0.11379506972920027
3,2,C12,Paenibacillaceae,0.12147796940778595
3,2,C13,Paenibacillaceae,0.15311208967196507
3,2,C14,Paenibacillaceae,0.1382223444168501
3,2,Enterobacteriaceae,Paenibacillaceae,1.9760158727408178e-5
3,2,Paenibacillaceae,Paenibacillaceae,-0.026111984319332315
4,3,C1,C1,-0.07314382601718311
4,3,C2,C1,0.005408383705729422
4,3,C3,C1,-0.21220661891517092
4,3,C4,C1,-0.13285017746415875
4,3,C5,C1,-0.18549138085717767
4,3,C6,C1,-0.13811621709270827
4,3,C7,C1,-0.3150994869892422
4,3,C8,C1,-0.08022558663815287
4,3,C9,C1,-0.30221459834713305
4,3,C10,C1,-0.006007320607090954
4,3,C11,C1,-0.30577957813571505
4,3,C12,C1,-0.3480403775114473
4,3,C13,C1,-0.40362343162340214
4,3,C14,C1,-0.3508378287579267
4,3,Enterobacteriaceae,C1,-4.6953515959560534e-5
4,3,Paenibacillaceae,C1,0.05731194069093995
4,3,C1,C2,0.008275865513391198
4,3,C2,C2,-4.3715730013756555e-4
4,3,C3,C2,0.020564922387776324
4,3,C4,C2,0.003520280716246905
4,3,C5,C2,0.022726954299184907
4,3,C6,C2,0.01148228517035953
4,3,C7,C2,0.0196756481636297
4,3,C8,C2,7.037081944443775e-4
4,3,C9,C2,0.02542631523639361
4,3,C10,C2,-0.011089615513690516
4,3,C11,C2,0.023647622761476073
4,3,C12,C2,0.030638559545307573
4,3,C13,C2,0.028741523648820533
4,3,C14,C2,0.02214756339070089
4,3,Enterobacteriaceae,C2,2.1596981409229456e-6
4,3,Paenibacillaceae,C2,-0.0014528185942131546
4,3,C1,C3,-0.07091375298475966
4,3,C2,C3,0.014896822017092772
4,3,C3,C3,-0.22056779301170135
4,3,C4,C3,-0.6422905659504626
4,3,C5,C3,-0.07358079998114071
4,3,C6,C3,-0.25068502632800593
4,3,C7,C3,-0.8319403670444733
4,3,C8,C3,-0.3161388533917803
4,3,C9,C3,-0.45313635690694454
4,3,C10,C3,-0.4230389638100869
4,3,C11,C3,-0.602867239232479
4,3,C12,C3,-0.4698656525619507
4,3,C13,C3,-0.8547802813049964
4,3,C14,C3,-0.8732832831458925
4,3,Enterobacteriaceae,C3,-1.4706388338370796e-4
4,3,Paenibacillaceae,C3,0.22866748808628048
4,3,C1,C4,-0.1684103216208713
4,3,C2,C4,0.004757482652430905
4,3,C3,C4,-0.43571359566941525
4,3,C4,C4,0.13206342229037646
4,3,C5,C4,-0.5094043557650494
4,3,C6,C4,-0.1986703238581049
4,3,C7,C4,-0.2225458771363322
4,3,C8,C4,0.05774014424935743
4,3,C9,C4,-0.4923317626559145
4,3,C10,C4,0.3732356927755983
4,3,C11,C4,-0.38996507446114625
4,3,C12,C4,-0.6137943661220131
4,3,C13,C4,-0.449555395997021
4,3,C14,C4,-0.2807472714795582
4,3,Enterobacteriaceae,C4,-1.0175514458772102e-5
4,3,Paenibacillaceae,C4,-0.030557827499292037
4,3,C1,C5,-0.14901889547167785
4,3,C2,C5,0.014738625326796406
4,3,C3,C5,-0.44469952342199737
4,3,C4,C5,-0.4731676618409638
4,3,C5,C5,-0.33734933754306895
4,3,C6,C5,-0.3306397469391923
4,3,C7,C5,-0.8583171711361066
4,3,C8,C5,-0.2637894905867954
4,3,C9,C5,-0.6897021047222025
4,3,C10,C5,-0.18183340494913564
4,3,C11,C5,-0.7523563331709117
4,3,C12,C5,-0.7733832144787894
4,3,C13,C5,-1.0187737596919146
4,3,C14,C5,-0.936743104531764
4,3,Enterobacteriaceae,C5,-1.3753984071637098e-4
4,3,Paenibacillaceae,C5,0.18743992563956915
4,3,C1,C6,-0.07531379237810726
4,3,C2,C6,0.008293676448151249
4,3,C3,C6,-0.2225957895347548
4,3,C4,C6,-0.28166959974098776
4,3,C5,C6,-0.1609964063516857
4,3,C6,C6,-0.17511781363711332
4,3,C7,C6,-0.4728595710485041
4,3,C8,C6,-0.14976870299991588
4,3,C9,C6,-0.3562105646836939
4,3,C10,C6,-0.12382945355604916
4,3,C11,C6,-0.4011837769349088
4,3,C12,C6,-0.3955633462848135
4,3,C13,C6,-0.5461699692696125
4,3,C14,C6,-0.5115053791945487
4,3,Enterobacteriaceae,C6,-7.697029789626563e-5
4,3,Paenibacillaceae,C6,0.10781848185135395
4,3,C1,C7,-0.16117877254425914
4,3,C2,C7,0.017446110716903204
4,3,C3,C7,-0.43156292908652966
4,3,C4,C7,-0.55576260925961
4,3,C5,C7,-0.34531250615173514
4,3,C6,C7,-0.3427541119940367
4,3,C7,C7,-0.9054592558733334
4,3,C8,C7,-0.2563843318048572
4,3,C9,C7,-0.6753697134423561
4,3,C10,C7,-0.19305362384997102
4,3,C11,C7,-0.7735323187152519
4,3,C12,C7,-0.7538381020043547
4,3,C13,C7,-1.0351441233086023
4,3,C14,C7,-0.9677052703264034
4,3,Enterobacteriaceae,C7,-1.431850855510629e-4
4,3,Paenibacillaceae,C7,0.19881329485553784
4,3,C1,C8,0.04438593135618533
4,3,C2,C8,0.0018702095760421186
4,3,C3,C8,0.11793095279868676
4,3,C4,C8,-0.1954832187499012
4,3,C5,C8,0.16910270730546068
4,3,C6,C8,0.01961447954554463
4,3,C7,C8,-0.09570215300238669
4,3,C8,C8,-0.0822727080329053
4,3,C9,C8,0.09251824521051437
4,3,C10,C8,-0.22291483179451893
4,3,C11,C8,0.017041414057798843
4,3,C12,C8,0.13467350719267454
4,3,C13,C8,-0.010292816792448978
4,3,C14,C8,-0.07892429972755417
4,3,Enterobacteriaceae,C8,-2.6913255734642682e-5
4,3,Paenibacillaceae,C8,0.059358425903015266
4,3,C1,C9,-0.07598306900070102
4,3,C2,C9,0.019447988195067916
4,3,C3,C9,-0.2355075426685258
4,3,C4,C9,-0.869339644301435
4,3,C5,C9,-0.04010854386227125
4,3,C6,C9,-0.30682711406155516
4,3,C7,C9,-1.0689905186859567
4,3,C8,C9,-0.4169213425119792
4,3,C9,C9,-0.5319376250375807
4,3,C10,C9,-0.5957491723128272
4,3,C11,C9,-0.7461061670058929
4,3,C12,C9,-0.5389362194357401
4,3,C13,C9,-1.0666469093764737
4,3,C14,C9,-1.1128828361416248
4,3,Enterobacteriaceae,C9,-1.9168951952243062e-4
4,3,Paenibacillaceae,C9,0.3038351340610279
4,3,C1,C10,0.07777489297466295
4,3,C2,C10,-0.00509105680202545
4,3,C3,C10,0.23938835298929892
4,3,C4,C10,0.11645491190768689
4,3,C5,C10,0.20535374050133245
4,3,C6,C10,0.14831415156531605
4,3,C7,C10,0.32901423272345315
4,3,C8,C10,0.08786824467971922
4,3,C9,C10,0.33767100043853915
4,3,C10,C10,-0.0025403267912040605
4,3,C11,C10,0.32929819626106294
4,3,C12,C10,0.39049463756845265
4,3,C13,C10,0.43716076231283296
4,3,C14,C10,0.37329716127198287
4,3,Enterobacteriaceae,C10,4.909361306683629e-5
4,3,Paenibacillaceae,C10,-0.057927012890601204
4,3,C1,C11,-0.14090871629361257
4,3,C2,C11,0.01894613044154994
4,3,C3,C11,-0.39494232112793004
4,3,C4,C11,-0.6907169224224702
4,3,C5,C11,-0.2619193362408118
4,3,C6,C11,-0.35199368823540433
4,3,C7,C11,-1.0173454305692173
4,3,C8,C11,-0.3306551028779227
4,3,C9,C11,-0.6738413671142484
4,3,C10,C11,-0.3443266246112388
4,3,C11,C11,-0.8138761045440446
4,3,C12,C11,-0.7336297578367869
4,3,C13,C11,-1.1145007249794092
4,3,C14,C11,-1.0797941679083525
4,3,Enterobacteriaceae,C11,-1.689913647822368e-4
4,3,Paenibacillaceae,C11,0.24720734285198476
4,3,C1,C12,-0.09312685408965429
4,3,C2,C12,0.02314500397167657
4,3,C3,C12,-0.2883539541192323
4,3,C4,C12,-1.0292687090471526
4,3,C5,C12,-0.05680832385159955
4,3,C6,C12,-0.36818958026736437
4,3,C7,C12,-1.274065816924518
4,3,C8,C12,-0.49491381054215344
4,3,C9,C12,-0.6419194445451525
4,3,C10,C12,-0.7013261330276107
4,3,C11,C12,-0.8938268550365702
4,3,C12,C12,-0.652594894997504
4,3,C13,C12,-1.2762093127391063
4,3,C14,C12,-1.3277344132432662
4,3,Enterobacteriaceae,C12,-2.279907270171366e-4
4,3,Paenibacillaceae,C12,0.36045879035546713
4,3,C1,C13,-0.1378680264699436
4,3,C2,C13,0.024342429144567974
4,3,C3,C13,-0.37885063224280385
4,3,C4,C13,-0.9731126557495811
4,3,C5,C13,-0.19141330541426474
4,3,C6,C13,-0.4040855095006837
4,3,C7,C13,-1.27852626576045
4,3,C8,C13,-0.4457981103783825
4,3,C9,C13,-0.7251406560907705
4,3,C10,C13,-0.5659129382598456
4,3,C11,C13,-0.9525374926225657
4,3,C12,C13,-0.7645202439555482
4,3,C13,C13,-1.3248578066936418
4,3,C14,C13,-1.3361244860584867
4,3,Enterobacteriaceae,C13,-2.195857398015115e-4
4,3,Paenibacillaceae,C13,0.3361205711820441
4,3,C1,C14,-0.13214022374890835
4,3,C2,C14,0.019625951119847822
4,3,C3,C14,-0.3559149346336911
4,3,C4,C14,-0.734547179812222
4,3,C5,C14,-0.2241567523680575
4,3,C6,C14,-0.3415137949689511
4,3,C7,C14,-1.0202964978917266
4,3,C8,C14,-0.33386900274432274
4,3,C9,C14,-0.6307728898769107
4,3,C10,C14,-0.3802703257557469
4,3,C11,C14,-0.7927997447867674
4,3,C12,C14,-0.6789235617069721
4,3,C13,C14,-1.087888672669295
4,3,C14,C14,-1.0722458191395023
4,3,Enterobacteriaceae,C14,-1.708667753461778e-4
4,3,Paenibacillaceae,C14,0.25481736563867785
4,3,C1,Enterobacteriaceae,-1.3950140533734677e-5
4,3,C2,Enterobacteriaceae,2.3056251549951417e-6
4,3,C3,Enterobacteriaceae,-3.429801787642435e-5
4,3,C4,Enterobacteriaceae,-8.744400388637523e-5
4,3,C5,Enterobacteriaceae,-2.088120074315104e-5
4,3,C6,Enterobacteriaceae,-3.655732876176988e-5
4,3,C7,Enterobacteriaceae,-1.1308312270356477e-4
4,3,C8,Enterobacteriaceae,-3.63736426747045e-5
4,3,C9,Enterobacteriaceae,-6.375233062624251e-5
4,3,C10,Enterobacteriaceae,-4.542175650298734e-5
4,3,C11,Enterobacteriaceae,-8.493237920921693e-5
4,3,C12,Enterobacteriaceae,-6.762238804737433e-5
4,3,C13,Enterobacteriaceae,-1.1630178338610127e-4
4,3,C14,Enterobacteriaceae,-1.1706963749003015e-4
4,3,Enterobacteriaceae,Enterobacteriaceae,-1.8992613234584642e-8
4,3,Paenibacillaceae,Enterobacteriaceae,2.8920316226620137e-5
4,3,C1,Paenibacillaceae,0.016631471103082558
4,3,C2,Paenibacillaceae,-0.002277478415409736
4,3,C3,Paenibacillaceae,0.03670867873492853
4,3,C4,Paenibacillaceae,0.07677114288259927
4,3,C5,Paenibacillaceae,0.029881912872590916
4,3,C6,Paenibacillaceae,0.03567225335820621
4,3,C7,Paenibacillaceae,0.10210095075866701
4,3,C8,Paenibacillaceae,0.027310774246461725
4,3,C9,Paenibacillaceae,0.0618002752183023
4,3,C10,Paenibacillaceae,0.029194076821843495
4,3,C11,Paenibacillaceae,0.08041720426179946
4,3,C12,Paenibacillaceae,0.0672504081967633
4,3,C13,Paenibacillaceae,0.10673801484030035
4,3,C14,Paenibacillaceae,0.10494811048110715
4,3,Enterobacteriaceae,Paenibacillaceae,1.6254885473819932e-5
4,3,Paenibacillaceae,Paenibacillaceae,-0.023962098379497004
5,4,C1,C1,0.02107284065807054
5,4,C2,C1,0.011627433868783975
5,4,C3,C1,-0.19307387770677986
5,4,C4,C1,0.25120468037860744
5,4,C5,C1,-0.06247497155923688
5,4,C6,C1,0.03545386378927195
5,4,C7,C1,-0.07507320130690999
5,4,C8,C1,0.048761171727770856
5,4,C9,C1,-0.2394129436062017
5,4,C10,C1,0.12560147654877932
5,4,C11,C1,-0.1609702212647679
5,4,C12,C1,-0.31387305918007896
5,4,C13,C1,-0.310145334560777
5,4,C14,C1,-0.16408175728488122
5,4,Enterobacteriaceae,C1,-2.0682819903484525e-5
5,4,Paenibacillaceae,C1,0.005834803705279202
5,4,C1,C2,0.04295823479981402
5,4,C2,C2,0.003568271298666632
5,4,C3,C2,-4.4672905044555283e-4
5,4,C4,C2,0.16990003018442063
5,4,C5,C2,0.054643986945200104
5,4,C6,C2,0.07626906243983492
5,4,C7,C2,0.09072351332101782
5,4,C8,C2,0.05419978112605046
5,4,C9,C2,0.01347504392439894
5,4,C10,C2,0.054362074072409484
5,4,C11,C2,0.049820504223668675
5,4,C12,C2,-0.0019891600240525553
5,4,C13,C2,0.016351233279116324
5,4,C14,C2,0.06286247321763538
5,4,Enterobacteriaceae,C2,8.298239514156073e-6
5,4,Paenibacillaceae,C2,-0.018457813775477113
5,4,C1,C3,0.07921459780454078
5,4,C2,C3,0.024635861004709533
5,4,C3,C3,-0.22362207343048993
5,4,C4,C3,0.12952925395198558
5,4,C5,C3,0.07855303554336455
5,4,C6,C3,0.05565306046053974
5,4,C7,C3,-0.34242237562469996
5,4,C8,C3,-0.044380862270896534
5,4,C9,C3,-0.36018171347779065
5,4,C10,C3,-0.08831454972097764
5,4,C11,C3,-0.3323904229302491
5,4,C12,C3,-0.44272991630503067
5,4,C13,C3,-0.6533097268327184
5,4,C14,C3,-0.4812681106094071
5,4,Enterobacteriaceae,C3,-8.482323357438047e-5
5,4,Paenibacillaceae,C3,0.10651612418677713
5,4,C1,C4,-0.2602477088533562
5,4,C2,C4,-0.015432660172737369
5,4,C3,C4,-0.30368419477888414
5,4,C4,C4,-0.42838527223254014
5,4,C5,C4,-0.5413190212681094
5,4,C6,C4,-0.40511526817446275
5,4,C7,C4,-0.4046561783953027
5,4,C8,C4,-0.1743713692473836
5,4,C9,C4,-0.39034697338667096
5,4,C10,C4,0.06899183193419504
5,4,C11,C4,-0.40439848315328586
5,4,C12,C4,-0.4188045885269628
5,4,C13,C4,-0.31239577860676204
5,4,C14,C4,-0.3581374326383223
5,4,Enterobacteriaceae,C4,-2.5777762058375178e-5
5,4,Paenibacillaceae,C4,0.026703298604605494
5,4,C1,C5,0.07800123833857421
5,4,C2,C5,0.029823807226689637
5,4,C3,C5,-0.4202695553614123
5,4,C4,C5,0.5269384780368057
5,4,C5,C5,-0.06290934480875943
5,4,C6,C5,0.09949827858590941
5,4,C7,C5,-0.23841373001046778
5,4,C8,C5,0.07439088830172905
5,4,C9,C5,-0.5511725814285985
5,4,C10,C5,0.19097805453585756
5,4,C11,C5,-0.3931609153214692
5,4,C12,C5,-0.7147632939081219
5,4,C13,C5,-0.7824852633530078
5,4,C14,C5,-0.4536219096750295
5,4,Enterobacteriaceae,C5,-6.644115377825991e-5
5,4,Paenibacillaceae,C5,0.04684115312407199
5,4,C1,C6,0.1257989314649084
5,4,C2,C6,0.023901995736557564
5,4,C3,C6,-0.25521679198919023
5,4,C4,C6,0.644688919573423
5,4,C5,C6,0.05904532025390119
5,4,C6,C6,0.20150720614725853
5,4,C7,C6,0.03702757940375578
5,4,C8,C6,0.1472660856538605
5,4,C9,C6,-0.3058145260831723
5,4,C10,C6,0.22393665655228573
5,4,C11,C6,-0.1378537640251692
5,4,C12,C6,-0.43351263231606946
5,4,C13,C6,-0.4298185788174207
5,4,C14,C6,-0.14453064906378957
5,4,Enterobacteriaceae,C6,-2.215187912985974e-5
5,4,Paenibacillaceae,C6,-0.010241117258902286
5,4,C1,C7,-0.24147250913707435
5,4,C2,C7,-0.00389495697494206
5,4,C3,C7,-0.30085485008703583
5,4,C4,C7,-0.891684002521483
5,4,C5,C7,-0.4020439128416803
5,4,C6,C7,-0.48629574180768936
5,4,C7,C7,-0.8906083665361394
5,4,C8,C7,-0.3854302190330554
5,4,C9,C7,-0.5219702269209263
5,4,C10,C7,-0.33239453515965256
5,4,C11,C7,-0.6784411158593884
5,4,C12,C7,-0.52416925548315
5,4,C13,C7,-0.7501685819071022
5,4,C14,C7,-0.8551078343282141
5,4,Enterobacteriaceae,C7,-1.2317299840868307e-4
5,4,Paenibacillaceae,C7,0.1930296651393155
5,4,C1,C8,0.2597764958926035
5,4,C2,C8,0.02473375383181704
5,4,C3,C8,-0.01443911690875284
5,4,C4,C8,0.8973587309073411
5,4,C5,C8,0.35499130443008603
5,4,C6,C8,0.4306841508987247
5,4,C7,C8,0.40319469056170576
5,4,C8,C8,0.26674311292402547
5,4,C9,C8,0.029240399034500857
5,4,C10,C8,0.22291840112419636
5,4,C11,C8,0.21182611442728555
5,4,C12,C8,-0.059829751990166866
5,4,C13,C8,-0.03811049930132528
5,4,C14,C8,0.2300386836276036
5,4,Enterobacteriaceae,C8,2.2096051317600966e-5
5,4,Paenibacillaceae,C8,-0.06490766120735908
5,4,C1,C9,0.11794709348203089
5,4,C2,C9,0.03187233262842196
5,4,C3,C9,-0.25804708385506947
5,4,C4,C9,0.16583992552945417
5,4,C5,C9,0.1437252840207582
5,4,C6,C9,0.090898814540354
5,4,C7,C9,-0.42532679530723877
5,4,C8,C9,-0.060136173987512934
5,4,C9,C9,-0.4311181798860549
5,4,C10,C9,-0.1415361168637653
5,4,C11,C9,-0.4011476099553063
5,4,C12,C9,-0.5300130778745392
5,4,C13,C9,-0.8161728481108718
5,4,C14,C9,-0.6029961310905719
5,4,Enterobacteriaceae,C9,-1.0940730796751568e-4
5,4,Paenibacillaceae,C9,0.14037485622645587
5,4,C1,C10,0.08094860193288562
5,4,C2,C10,-0.0026383212697622506
5,4,C3,C10,0.1577567079068675
5,4,C4,C10,0.21578046913994
5,4,C5,C10,0.16974198495123033
5,4,C6,C10,0.15035776970004777
5,4,C7,C10,0.3035145559053544
5,4,C8,C10,0.09340455599290076
5,4,C9,C10,0.2354428794891272
5,4,C10,C10,0.0432878535858276
5,4,C11,C10,0.2661722060689186
5,4,C12,C10,0.26005802621764834
5,4,C13,C10,0.32287587469596984
5,4,C14,C10,0.3124847817081559
5,4,Enterobacteriaceae,C10,4.24643942895733e-5
5,4,Paenibacillaceae,C10,-0.05795511248476058
5,4,C1,C11,-0.11884103063207811
5,4,C2,C11,0.01003737708670651
5,4,C3,C11,-0.3081293598779559
5,4,C4,C11,-0.5298982515505722
5,4,C5,C11,-0.22234080062802025
5,4,C6,C11,-0.2924908883693071
5,4,C7,C11,-0.7637006658511031
5,4,C8,C11,-0.27753122299791144
5,4,C9,C11,-0.5231454216976796
5,4,C10,C11,-0.2683998853065738
5,4,C11,C11,-0.6154090867128678
5,4,C12,C11,-0.5651840818402677
5,4,C13,C11,-0.8249152649253125
5,4,C14,C11,-0.8092644671862103
5,4,Enterobacteriaceae,C11,-1.2475051626439947e-4
5,4,Paenibacillaceae,C11,0.18262744086981864
5,4,C1,C12,0.1016433974352604
5,4,C2,C12,0.03435180908131208
5,4,C3,C12,-0.2949716829469801
5,4,C4,C12,0.02877669995457649
5,4,C5,C12,0.12820795191260953
5,4,C6,C12,0.03892923465401955
5,4,C7,C12,-0.5860790382610737
5,4,C8,C12,-0.12285284369271753
5,4,C9,C12,-0.5113703926436756
5,4,C10,C12,-0.2265713653933459
5,4,C11,C12,-0.514192853324926
5,4,C12,C12,-0.610924254713064
5,4,C13,C12,-0.9715951356062851
5,4,C14,C12,-0.767713122300479
5,4,Enterobacteriaceae,C12,-1.3719119817538506e-4
5,4,Paenibacillaceae,C12,0.18448415699005688
5,4,C1,C13,-0.22612607932993067
5,4,C2,C13,0.0021191790974678824
5,4,C3,C13,-0.25205412044456826
5,4,C4,C13,-1.2314256505310397
5,4,C5,C13,-0.2840158785761545
5,4,C6,C13,-0.5334741519222199
5,4,C7,C13,-1.1814764465118472
5,4,C8,C13,-0.5244054389127484
5,4,C9,C13,-0.5483525958835588
5,4,C10,C13,-0.617973875565618
5,4,C11,C13,-0.8141855270425403
5,4,C12,C13,-0.5183154314532309
5,4,C13,C13,-0.9661373015352779
5,4,C14,C13,-1.1364357047551221
5,4,Enterobacteriaceae,C13,-1.818279268727189e-4
5,4,Paenibacillaceae,C13,0.29941869295780027
5,4,C1,C14,-0.18811533492127824
5,4,C2,C14,0.001598291912511907
5,4,C3,C14,-0.2540973223907498
5,4,C4,C14,-0.8897686850859745
5,4,C5,C14,-0.2767487546786069
5,4,C6,C14,-0.4259439786102284
5,4,C7,C14,-0.9146956900807942
5,4,C8,C14,-0.39449301634866124
5,4,C9,C14,-0.48866896580456376
5,4,C10,C14,-0.4198821900346424
5,4,C11,C14,-0.6653654878846977
5,4,C12,C14,-0.4840224690587608
5,4,C13,C14,-0.7941012129647328
5,4,C14,C14,-0.8950776298188753
5,4,Enterobacteriaceae,C14,-1.386736769651834e-4
5,4,Paenibacillaceae,C14,0.22124108196627093
5,4,C1,Enterobacteriaceae,-4.1508130900020244e-5
5,4,C2,Enterobacteriaceae,-2.0790445168319566e-6
5,4,C3,Enterobacteriaceae,-1.6181291363829608e-5
5,4,C4,Enterobacteriaceae,-1.9724718883524782e-4
5,4,C5,Enterobacteriaceae,-5.002349704444171e-5
5,4,C6,Enterobacteriaceae,-8.543141582663756e-5
5,4,C7,Enterobacteriaceae,-1.4419518530450875e-4
5,4,C8,Enterobacteriaceae,-7.462967747292552e-5
5,4,C9,Enterobacteriaceae,-4.752233247585851e-5
5,4,C10,Enterobacteriaceae,-8.448448677607522e-5
5,4,C11,Enterobacteriaceae,-9.001624771137442e-5
5,4,C12,Enterobacteriaceae,-3.500862131978377e-5
5,4,C13,Enterobacteriaceae,-8.186344086093256e-5
5,4,C14,Enterobacteriaceae,-1.240783154835008e-4
5,4,Enterobacteriaceae,Enterobacteriaceae,-1.9107994967952214e-8
5,4,Paenibacillaceae,Enterobacteriaceae,3.467778467390199e-5
5,4,C1,Paenibacillaceae,0.06623054039273692
5,4,C2,Paenibacillaceae,0.004805838041823851
5,4,C3,Paenibacillaceae,0.010662286496394991
5,4,C4,Paenibacillaceae,0.2870133088416344
5,4,C5,Paenibacillaceae,0.08157341768008847
5,4,C6,Paenibacillaceae,0.12717381069916942
5,4,C7,Paenibacillaceae,0.1804484333262198
5,4,C8,Paenibacillaceae,0.10235030631594315
5,4,C9,Paenibacillaceae,0.04555854519178695
5,4,C10,Paenibacillaceae,0.1097216011495866
5,4,C11,Paenibacillaceae,0.10631959823248384
5,4,C12,Paenibacillaceae,0.022861041428334034
5,4,C13,Paenibacillaceae,0.07142815772327625
5,4,C14,Paenibacillaceae,0.14237593948641053
5,4,Enterobacteriaceae,Paenibacillaceae,2.0797257562424446e-5
5,4,Paenibacillaceae,Paenibacillaceae,-0.04080090915306233
6,5,C1,C1,0.11690958328422221
6,5,C2,C1,0.022738381048985463
6,5,C3,C1,-0.09873027390869675
6,5,C4,C1,0.3391550045305928
6,5,C5,C1,0.08029012303951297
6,5,C6,C1,0.18407984466054603
6,5,C7,C1,-0.002795138293834846
6,5,C8,C1,0.19711201149695948
6,5,C9,C1,-0.10208997967656558
6,5,C10,C1,0.1762974134908571
6,5,C11,C1,-0.07370623487283523
6,5,C12,C1,-0.17972303201965825
6,5,C13,C1,-0.2702443532766922
6,5,C14,C1,-0.08921478816618954
6,5,Enterobacteriaceae,C1,-1.515527664622137e-5
6,5,Paenibacillaceae,C1,-0.0036990859834499915
6,5,C1,C2,-0.02827355342401735
6,5,C2,C2,-0.0043519828698275085
6,5,C3,C2,-0.03289771218710018
6,5,C4,C2,0.0538399766573434
6,5,C5,C2,-0.032689514181839
6,5,C6,C2,-0.03056772344066149
6,5,C7,C2,0.03972665972630874
6,5,C8,C2,-0.05027171922708042
6,5,C9,C2,-0.041113469334795115
6,5,C10,C2,-0.001162786726622914
6,5,C11,C2,0.008028525495370132
6,5,C12,C2,-0.04267023990449715
6,5,C13,C2,0.027518673033355912
6,5,C14,C2,0.026523972188882056
6,5,Enterobacteriaceae,C2,5.533548828127249e-6
6,5,Paenibacillaceae,C2,-0.008987965409853058
6,5,C1,C3,-0.03420863597592705
6,5,C2,C3,0.009758575708559043
6,5,C3,C3,-0.22673988227630437
6,5,C4,C3,-0.017589299512762613
6,5,C5,C3,-0.050649830832312656
6,5,C6,C3,-0.09122907362616582
6,5,C7,C3,-0.3197435824969731
6,5,C8,C3,-0.17485929910842485
6,5,C9,C3,-0.3636885753404727
6,5,C10,C3,-0.1359488455459565
6,5,C11,C3,-0.3112311435976371
6,5,C12,C3,-0.41343210742190123
6,5,C13,C3,-0.4974959122332198
6,5,C14,C3,-0.4171061669982666
6,5,Enterobacteriaceae,C3,-6.94634838414068e-5
6,5,Paenibacillaceae,C3,0.09420901345474068
6,5,C1,C4,-0.5077614695163164
6,5,C2,C4,-0.04355986368303253
6,5,C3,C4,-0.39359084234997055
6,5,C4,C4,-0.7177193589727581
6,5,C5,C4,-0.7840195719554446
6,5,C6,C4,-0.7454099914756224
6,5,C7,C4,-0.47005886809864467
6,5,C8,C4,-0.5737358663477584
6,5,C9,C4,-0.5510162059848118
6,5,C10,C4,-0.15020917236453313
6,5,C11,C4,-0.4677246807047968
6,5,C12,C4,-0.5238569497002037
6,5,C13,C4,-0.17907813502821007
6,5,C14,C4,-0.39188770226311076
6,5,Enterobacteriaceae,C4,-2.637330005038221e-5
6,5,Paenibacillaceae,C4,0.05006489244141262
6,5,C1,C5,-0.1613107619158121
6,5,C2,C5,4.282487936250771e-4
6,5,C3,C5,-0.44745952280687173
6,5,C4,C5,0.13912974898105668
6,5,C5,C5,-0.31278484025721903
6,5,C6,C5,-0.23544497239844167
6,5,C7,C5,-0.29989392812544025
6,5,C8,C5,-0.2642959676891379
6,5,C9,C5,-0.6174629482353174
6,5,C10,C5,-5.97690044020683e-4
6,5,C11,C5,-0.4214375537591716
6,5,C12,C5,-0.7106157004588876
6,5,C13,C5,-0.5710972644444583
6,5,C14,C5,-0.44056547292857284
6,5,Enterobacteriaceae,C5,-5.721934771407548e-5
6,5,Paenibacillaceae,C5,0.05866363251881732
6,5,C1,C6,-0.1581491950023052
6,5,C2,C6,-0.00803690272199677
6,5,C3,C6,-0.3338882063437299
6,5,C4,C6,0.188584443796673
6,5,C5,C6,-0.25719337022039956
6,5,C6,C6,-0.20393132790613938
6,5,C7,C6,-0.09814293245934488
6,5,C8,C6,-0.2572982433297197
6,5,C9,C6,-0.45040057146424073
6,5,C10,C6,0.0015138200116229543
6,5,C11,C6,-0.23539114347203977
6,5,C12,C6,-0.5091351638122431
6,5,C13,C6,-0.28232302910538304
6,5,C14,C6,-0.20718274870261316
6,5,Enterobacteriaceae,C6,-2.262239473912254e-5
6,5,Paenibacillaceae,C6,0.01652352553028927
6,5,C1,C7,-0.46030155485577035
6,5,C2,C7,-0.031260591361925744
6,5,C3,C7,-0.3752893136980623
6,5,C4,C7,-1.0469098708366853
6,5,C5,C7,-0.6360445525274321
6,5,C6,C7,-0.7655761366825079
6,5,C7,C7,-0.8414975017763764
6,5,C8,C7,-0.6958440617001281
6,5,C9,C7,-0.6305144414131867
6,5,C10,C7,-0.44819001465643404
6,5,C11,C7,-0.6705712306431818
6,5,C12,C7,-0.5876882984843919
6,5,C13,C7,-0.5350143220099709
6,5,C14,C7,-0.7763836284248385
6,5,Enterobacteriaceae,C7,-1.032024740578336e-4
6,5,Paenibacillaceae,C7,0.1792217075163728
6,5,C1,C8,0.017363640433077258
6,5,C2,C8,2.983502866414762e-4
6,5,C3,C8,-0.1067305985910498
6,5,C4,C8,0.4782802022305011
6,5,C5,C8,0.061320254081293074
6,5,C6,C8,0.07786094239939255
6,5,C7,C8,0.2284699246964702
6,5,C8,C8,-0.060329964159945404
6,5,C9,C8,-0.12726917685343386
6,5,C10,C8,0.0490239587352628
6,5,C11,C8,0.07730779429216966
6,5,C12,C8,-0.16696521850941698
6,5,C13,C8,0.013469806979436786
6,5,C14,C8,0.11638092420541417
6,5,Enterobacteriaceae,C8,1.3830519396124193e-5
6,5,Paenibacillaceae,C8,-0.033380179581182993
6,5,C1,C9,-0.10105061815875485
6,5,C2,C9,0.005267285563341862
6,5,C3,C9,-0.3036114035170453
6,5,C4,C9,-0.1114943686042218
6,5,C5,C9,-0.11388141012771229
6,5,C6,C9,-0.20103191908961068
6,5,C7,C9,-0.4340312542729655
6,5,C8,C9,-0.32910150868578364
6,5,C9,C9,-0.49847478597592665
6,5,C10,C9,-0.245183992972821
6,5,C11,C9,-0.4135135076494259
6,5,C12,C9,-0.5449946223432723
6,5,C13,C9,-0.6045147893378124
6,5,C14,C9,-0.5488717760102022
6,5,Enterobacteriaceae,C9,-9.091424941933157e-5
6,5,Paenibacillaceae,C9,0.13048166142065576
6,5,C1,C10,-0.07881040686539406
6,5,C2,C10,-0.017316761428748065
6,5,C3,C10,0.05274773648088844
6,5,C4,C10,-0.00917808805416518
6,5,C5,C10,-0.03444505750146461
6,5,C6,C10,-0.08339607681722919
6,5,C7,C10,0.17027610974278332
6,5,C8,C10,-0.13427495015516341
6,5,C9,C10,0.07201990648833542
6,5,C10,C10,-0.06410130473224335
6,5,C11,C10,0.14175730566319905
6,5,C12,C10,0.11552645308695254
6,5,C13,C10,0.2901505148980085
6,5,C14,C10,0.19721237708220724
6,5,Enterobacteriaceae,C10,3.1073915207571904e-5
6,5,Paenibacillaceae,C10,-0.03252847016749525
6,5,C1,C11,-0.29062660699374676
6,5,C2,C11,-0.01219983935428004
6,5,C3,C11,-0.3439957231623074
6,5,C4,C11,-0.666516102982128
6,5,C5,C11,-0.4064358547598962
6,5,C6,C11,-0.5076095048486079
6,5,C7,C11,-0.7038281041877855
6,5,C8,C11,-0.5036190620915859
6,5,C9,C11,-0.5725347370870956
6,5,C10,C11,-0.3468443620148884
6,5,C11,C11,-0.5845355512169547
6,5,C12,C11,-0.5736333028356364
6,5,C13,C11,-0.6112177245895442
6,5,C14,C11,-0.7133879321967868
6,5,Enterobacteriaceae,C11,-1.0315361067816759e-4
6,5,Paenibacillaceae,C11,0.16422904659005227
6,5,C1,C12,-0.09723863250271829
6,5,C2,C12,0.00907889047341833
6,5,C3,C12,-0.32438868008393035
6,5,C4,C12,-0.19913594759054049
6,5,C5,C12,-0.10613967438296279
6,5,C6,C12,-0.21832785312158243
6,5,C7,C12,-0.5534839559880013
6,5,C8,C12,-0.3543285216592661
6,5,C9,C12,-0.5486767038885015
6,5,C10,C12,-0.30117126992973836
6,5,C11,C12,-0.49516899435941314
6,5,C12,C12,-0.5985556645469249
6,5,C13,C12,-0.7321096478617202
6,5,C14,C12,-0.6738337160810195
6,5,Enterobacteriaceae,C12,-1.1272013862130846e-4
6,5,Paenibacillaceae,C12,0.1640175245701579
6,5,C1,C13,-0.3384763820777552
6,5,C2,C13,-0.014767250208786659
6,5,C3,C13,-0.2806404811161906
6,5,C4,C13,-1.1785915530302278
6,5,C5,C13,-0.41211139886806575
6,5,C6,C13,-0.6474285359725871
6,5,C7,C13,-1.0182909672335638
6,5,C8,C13,-0.6465445744490599
6,5,C9,C13,-0.5630549335996199
6,5,C10,C13,-0.5999083848802907
6,5,C11,C13,-0.7248564413574825
6,5,C12,C13,-0.5129078576299353
6,5,C13,C13,-0.7322932030917199
6,5,C14,C13,-0.9607708258972898
6,5,Enterobacteriaceae,C13,-1.4781537544206034e-4
6,5,Paenibacillaceae,C13,0.25351770423726616
6,5,C1,C14,-0.38671094903502606
6,5,C2,C14,-0.02346700342648821
6,5,C3,C14,-0.3220900125946939
6,5,C4,C14,-1.0055599692241994
6,5,C5,C14,-0.4990166130455217
6,5,C6,C14,-0.6728565594356952
6,5,C7,C14,-0.844890075927156
6,5,C8,C14,-0.6572253717160673
6,5,C9,C14,-0.5786254802451178
6,5,C10,C14,-0.4961086935695319
6,5,C11,C14,-0.6447153411360127
6,5,C12,C14,-0.5356137881756949
6,5,C13,C14,-0.5771960753295634
6,5,C14,C14,-0.7967889781797955
6,5,Enterobacteriaceae,C14,-1.149720120315139e-4
6,5,Paenibacillaceae,C14,0.1987679959488173
6,5,C1,Enterobacteriaceae,-4.2911078005145464e-5
6,5,C2,Enterobacteriaceae,-1.2645512736000315e-6
6,5,C3,Enterobacteriaceae,-1.5856711070044018e-5
6,5,C4,Enterobacteriaceae,-1.6302399229851835e-4
6,5,C5,Enterobacteriaceae,-4.569321580191633e-5
6,5,C6,Enterobacteriaceae,-7.496673007526191e-5
6,5,C7,Enterobacteriaceae,-1.1608483107994862e-4
6,5,C8,Enterobacteriaceae,-6.747935431030682e-5
6,5,C9,Enterobacteriaceae,-4.182933181076629e-5
6,5,C10,Enterobacteriaceae,-7.02792662594478e-5
6,5,C11,Enterobacteriaceae,-7.374127550713811e-5
6,5,C12,Enterobacteriaceae,-3.105536526033836e-5
6,5,C13,Enterobacteriaceae,-6.297476652132315e-5
6,5,C14,Enterobacteriaceae,-9.958686088055995e-5
6,5,Enterobacteriaceae,Enterobacteriaceae,-1.569858713466488e-8
6,5,Paenibacillaceae,Enterobacteriaceae,2.9126702732282296e-5
6,5,C1,Paenibacillaceae,0.04029191371812224
6,5,C2,Paenibacillaceae,0.0012735590466368552
6,5,C3,Paenibacillaceae,4.241502112879996e-4
6,5,C4,Paenibacillaceae,0.20723647070057263
6,5,C5,Paenibacillaceae,0.04525013042125439
6,5,C6,Paenibacillaceae,0.0775935847533213
6,5,C7,Paenibacillaceae,0.13435985053115715
6,5,C8,Paenibacillaceae,0.05797753048592051
6,5,C9,Paenibacillaceae,0.02287629307548721
6,5,C10,Paenibacillaceae,0.07556641405569528
6,5,C11,Paenibacillaceae,0.07620092251460375
6,5,C12,Paenibacillaceae,0.007599177095721944
6,5,C13,Paenibacillaceae,0.059816867962354206
6,5,C14,Paenibacillaceae,0.10652567766419832
6,5,Enterobacteriaceae,Paenibacillaceae,1.6575487424479362e-5
6,5,Paenibacillaceae,Paenibacillaceae,-0.031798625607655714
7,6,C1,C1,0.01648830507663097
7,6,C2,C1,0.018914420810458583
7,6,C3,C1,-0.11275721447622979
7,6,C4,C1,0.22979870866978927
7,6,C5,C1,0.015795731055821206
7,6,C6,C1,0.09224981110824657
7,6,C7,C1,-0.013736214426542872
7,6,C8,C1,0.09552657849411593
7,6,C9,C1,-0.11804127773186078
7,6,C10,C1,0.12009118811071039
7,6,C11,C1,-0.07618421615832488
7,6,C12,C1,-0.17531742922899649
7,6,C13,C1,-0.20421211832179165
7,6,C14,C1,-0.08022331227197621
7,6,Enterobacteriaceae,C1,3.252021090193866e-5
7,6,Paenibacillaceae,C1,-0.012301551009911368
7,6,C1,C2,-0.012752295139494416
7,6,C2,C2,-0.0036349921306493473
7,6,C3,C2,-0.02328525718845147
7,6,C4,C2,0.05174378815610367
7,6,C5,C2,-0.020272221989358716
7,6,C6,C2,-0.017195221339542918
7,6,C7,C2,0.03459643479713775
7,6,C8,C2,-0.03254805421103097
7,6,C9,C2,-0.029623876885566888
7,6,C10,C2,0.0026111207513199383
7,6,C11,C2,0.008769907003515721
7,6,C12,C2,-0.03188747421374709
7,6,C13,C2,0.02020116165032907
7,6,C14,C2,0.022927540667108462
7,6,Enterobacteriaceae,C2,-5.646032874185476e-7
7,6,Paenibacillaceae,C2,-0.006596644882025072
7,6,C1,C3,-0.05978476787543134
7,6,C2,C3,0.00806795505199978
7,6,C3,C3,-0.20045042104847863
7,6,C4,C3,-0.03443625039143184
7,6,C5,C3,-0.06157094243050834
7,6,C6,C3,-0.09901329319998782
7,6,C7,C3,-0.2697496856180871
7,6,C8,C3,-0.17138588423938517
7,6,C9,C3,-0.3147148775732933
7,6,C10,C3,-0.12294197732363842
7,6,C11,C3,-0.26398927183852
7,6,C12,C3,-0.3532615979929219
7,6,C13,C3,-0.4051875751988764
7,6,C14,C3,-0.34855435677767466
7,6,Enterobacteriaceae,C3,-3.76840220467962e-5
7,6,Paenibacillaceae,C3,0.07360240755842011
7,6,C1,C4,-0.6370600079750157
7,6,C2,C4,-0.03586509211496498
7,6,C3,C4,-0.40826060271631714
7,6,C4,C4,-0.7363981562458789
7,6,C5,C4,-0.7885299489210893
7,6,C6,C4,-0.7827465616870402
7,6,C7,C4,-0.42205078714912475
7,6,C8,C4,-0.6604299047071686
7,6,C9,C4,-0.5477916666336775
7,6,C10,C4,-0.19609764151053732
7,6,C11,C4,-0.4299706902371728
7,6,C12,C4,-0.5058285175603421
7,6,C13,C4,-0.09522616536402788
7,6,C14,C4,-0.34300184335394235
7,6,Enterobacteriaceae,C4,8.686890039684407e-5
7,6,Paenibacillaceae,C4,0.021938480235129305
7,6,C1,C5,-0.2904825432850621
7,6,C2,C5,5.842718784251023e-4
7,6,C3,C5,-0.4307547135627812
7,6,C4,C5,0.013551155891206918
7,6,C5,C5,-0.3596349557703522
7,6,C6,C5,-0.3145063029066951
7,6,C7,C5,-0.2720857544679472
7,6,C8,C5,-0.35319221847045285
7,6,C9,C5,-0.5783494405115149
7,6,C10,C5,-0.05235719964104012
7,6,C11,C5,-0.3801965681493746
7,6,C12,C5,-0.6416079157637056
7,6,C13,C5,-0.43542503467165744
7,6,C14,C5,-0.3786477266394499
7,6,Enterobacteriaceae,C5,3.1425088738086206e-5
7,6,Paenibacillaceae,C5,0.03449105539798107
7,6,C1,C6,-0.3060185535033502
7,6,C2,C6,-0.006416095826858308
7,6,C3,C6,-0.34328276794241586
7,6,C4,C6,0.04276181748712001
7,6,C5,C6,-0.325075716936679
7,6,C6,C6,-0.30216432087260997
7,6,C7,C6,-0.10721876920655346
7,6,C8,C6,-0.3629210639141035
7,6,C9,C6,-0.44722798122185503
7,6,C10,C6,-0.05663674144080033
7,6,C11,C6,-0.22920951896948846
7,6,C12,C6,-0.48026244492269576
7,6,C13,C6,-0.19109260302690087
7,6,C14,C6,-0.18631884980412242
7,6,Enterobacteriaceae,C6,6.914238233493607e-5
7,6,Paenibacillaceae,C6,-0.002082354738007056
7,6,C1,C7,-0.5600332859955317
7,6,C2,C7,-0.025697802784427844
7,6,C3,C7,-0.3788240155451966
7,6,C4,C7,-0.9853399197702941
7,6,C5,C7,-0.641684552270848
7,6,C6,C7,-0.7709614429024612
7,6,C7,C7,-0.7250396866019269
7,6,C8,C7,-0.7297732334995556
7,6,C9,C7,-0.5981088622036199
7,6,C10,C7,-0.43114394010897633
7,6,C11,C7,-0.5912316955011486
7,6,C12,C7,-0.5465182182654363
7,6,C13,C7,-0.4001941489956918
7,6,C14,C7,-0.6593019259350236
7,6,Enterobacteriaceae,C7,3.706302913598092e-6
7,6,Paenibacillaceae,C7,0.13278789787811962
7,6,C1,C8,-0.14910474308805083
7,6,C2,C8,4.89264226684658e-4
7,6,C3,C8,-0.15041697987732647
7,6,C4,C8,0.29062860484310393
7,6,C5,C8,-0.05342846211403045
7,6,C6,C8,-0.05965279342165155
7,6,C7,C8,0.16568015663239524
7,6,C8,C8,-0.18980731507396634
7,6,C9,C8,-0.17419103464807953
7,6,C10,C8,-0.013481216238354894
7,6,C11,C8,0.032645686621912244
7,6,C12,C8,-0.1924192557231042
7,6,C13,C8,0.05179858956976939
7,6,C14,C8,0.0833163305616625
7,6,Enterobacteriaceae,C8,9.383651969864717e-5
7,6,Paenibacillaceae,C8,-0.042532682174608566
7,6,C1,C9,-0.24024509923655782
7,6,C2,C9,0.004611592205675293
7,6,C3,C9,-0.31118511587955133
7,6,C4,C9,-0.19453539469284012
7,6,C5,C9,-0.19437652328368196
7,6,C6,C9,-0.28584458843325666
7,6,C7,C9,-0.38350383175252883
7,6,C8,C9,-0.4069181113803205
7,6,C9,C9,-0.4794986212429325
7,6,C10,C9,-0.25546316404684283
7,6,C11,C9,-0.3736362534063167
7,6,C12,C9,-0.50403870887960045
7,6,C13,C9,-0.4632465429502091
7,6,C14,C9,-0.4686251972062857
7,6,Enterobacteriaceae,C9,2.901849138482968e-6
7,6,Paenibacillaceae,C9,0.09434322776697941
7,6,C1,C10,-0.15612029360323612
7,6,C2,C10,-0.014233431061751307
7,6,C3,C10,0.009605284074237016
7,6,C4,C10,-0.06682822793323505
7,6,C5,C10,-0.08655691710707593
7,6,C6,C10,-0.1382943539206017
7,6,C7,C10,0.12799976002627236
7,6,C8,C10,-0.1890865017379748
7,6,C9,C10,0.02175483486377646
7,6,C10,C10,-0.08334893143104585
7,6,C11,C10,0.10013781467332662
7,6,C12,C10,0.066070694215609585
7,6,C13,C10,0.2634560393104967
7,6,C14,C10,0.15631862912397002
7,6,Enterobacteriaceae,C10,7.073677433369835e-5
7,6,Paenibacillaceae,C10,-0.03491483553699276
7,6,C1,C11,-0.41392985785090763
7,6,C2,C11,-0.009845099943818648
7,6,C3,C11,-0.3507697046739793
7,6,C4,C11,-0.6662654820264474
7,6,C5,C11,-0.447870599295562
7,6,C6,C11,-0.5529952287131096
7,6,C7,C11,-0.6100929151105354
7,6,C8,C11,-0.5659307189643572
7,6,C9,C11,-0.5479560187444877
7,6,C10,C11,-0.3453887308529878
7,6,C11,C11,-0.5189762996553122
7,6,C12,C11,-0.533290048719285
7,6,C13,C11,-0.4648410644690327
7,6,C14,C11,-0.6067117053714765
7,6,Enterobacteriaceae,C11,-3.988333352175292e-7
7,6,Paenibacillaceae,C11,0.12146151442970385
7,6,C1,C12,-0.22923057246773437
7,6,C2,C12,0.007762569840201804
7,6,C3,C12,-0.32548621825831864
7,6,C4,C12,-0.26218415972904296
7,6,C5,C12,-0.18291958067315314
7,6,C6,C12,-0.29422034343435993
7,6,C7,C12,-0.48154012071288727
7,6,C8,C12,-0.421140965273622
7,6,C9,C12,-0.5178872144765131
7,6,C10,C12,-0.29934672360905584
7,6,C11,C12,-0.43991734914551867
7,6,C12,C12,-0.5459267893366251
7,6,C13,C12,-0.5711573139308883
7,6,C14,C12,-0.5717518993262761
7,6,Enterobacteriaceae,C12,-1.9008416040460998e-5
7,6,Paenibacillaceae,C12,0.12284082860792138
7,6,C1,C13,-0.4028288688481709
7,6,C2,C13,-0.012078572081896194
7,6,C3,C13,-0.27903707572595227
7,6,C4,C13,-1.058214242711776
7,6,C5,C13,-0.419977132962648
7,6,C6,C13,-0.6302749487196516
7,6,C7,C13,-0.8636432446057476
7,6,C8,C13,-0.6409958808978962
7,6,C9,C13,-0.5186393279689009
7,6,C10,C13,-0.5385964884732957
7,6,C11,C13,-0.6255301794329998
7,6,C12,C13,-0.4660156574734149
7,6,C13,C13,-0.5779601382172075
7,6,C14,C13,-0.8078873590017386
7,6,Enterobacteriaceae,C13,-6.176846486005008e-5
7,6,Paenibacillaceae,C13,0.19965467505820247
7,6,C1,C14,-0.4927988126535434
7,6,C2,C14,-0.019227413711819658
7,6,C3,C14,-0.33230714617866647
7,6,C4,C14,-0.9470622893704782
7,6,C5,C14,-0.5240203299581349
7,6,C6,C14,-0.6893562748761647
7,6,C7,C14,-0.7269911515925884
7,6,C8,C14,-0.6925266454093899
7,6,C9,C14,-0.5524912270892537
7,6,C10,C14,-0.46894320350347907
7,6,C11,C14,-0.568622272755708
7,6,C12,C14,-0.5012927470520482
7,6,C13,C14,-0.4367615359498765
7,6,C14,C14,-0.6757837122394972
7,6,Enterobacteriaceae,C14,-9.492628361798163e-6
7,6,Paenibacillaceae,C14,0.14972217999828608
7,6,C1,Enterobacteriaceae,-7.867439586384748e-4
7,6,C2,Enterobacteriaceae,-2.800085008721869e-6
7,6,C3,Enterobacteriaceae,-3.0686491067394235e-4
7,6,C4,Enterobacteriaceae,-6.035406015304423e-4
7,6,C5,Enterobacteriaceae,-4.994927091482389e-4
7,6,C6,Enterobacteriaceae,-6.124281497676102e-4
7,6,C7,Enterobacteriaceae,-1.9256373867666146e-4
7,6,C8,Enterobacteriaceae,-6.756750723547196e-4
7,6,C9,Enterobacteriaceae,-3.330499588570323e-4
7,6,C10,Enterobacteriaceae,-2.947968006131731e-4
7,6,C11,Enterobacteriaceae,-1.8738936326933247e-4
7,6,C12,Enterobacteriaceae,-2.585458204488784e-4
7,6,C13,Enterobacteriaceae,1.409634470950209e-4
7,6,C14,Enterobacteriaceae,-1.2967062196250062e-4
7,6,Enterobacteriaceae,Enterobacteriaceae,5.101777592414372e-7
7,6,Paenibacillaceae,Enterobacteriaceae,-1.0578558442118058e-4
7,6,C1,Paenibacillaceae,0.2798850315439593
7,6,C2,Paenibacillaceae,5.273398161885403e-4
7,6,C3,Paenibacillaceae,0.09286619224616435
7,6,C4,Paenibacillaceae,0.3339793189726755
7,6,C5,Paenibacillaceae,0.19587291529405315
7,6,C6,Paenibacillaceae,0.2529935324497813
7,6,C7,Paenibacillaceae,0.1486905985538788
7,6,C8,Paenibacillaceae,0.25995780374838945
7,6,C9,Paenibacillaceae,0.12316192620407299
7,6,C10,Paenibacillaceae,0.14515652733459106
7,6,C11,Paenibacillaceae,0.11193827230305879
7,6,C12,Paenibacillaceae,0.0881374495064515
7,6,C13,Paenibacillaceae,-0.011129336379593813
7,6,C14,Paenibacillaceae,0.10940446092283448
7,6,Enterobacteriaceae,Paenibacillaceae,-1.0188993497469843e-4
7,6,Paenibacillaceae,Paenibacillaceae,-0.007698001143158716
8,7,C1,C1,-0.047268009725335174
8,7,C2,C1,0.012561711920146107
8,7,C3,C1,-0.12556669947786886
8,7,C4,C1,0.166601753895787
8,7,C5,C1,-0.01730972093614561
8,7,C6,C1,0.04161207287205595
8,7,C7,C1,-0.014547664368225906
8,7,C8,C1,0.041373236922784475
8,7,C9,C1,-0.12037560929577491
8,7,C10,C1,0.08745119751838841
8,7,C11,C1,-0.07162827677254335
8,7,C12,C1,-0.16484859510836736
8,7,C13,C1,-0.15681545186871654
8,7,C14,C1,-0.06781394475285972
8,7,Enterobacteriaceae,C1,0.0014177865857204965
8,7,Paenibacillaceae,C1,-0.07304663925068816
8,7,C1,C2,0.016872466093249716
8,7,C2,C2,-0.0016916888744517142
8,7,C3,C2,-0.006931238098285543
8,7,C4,C2,0.05802269037604237
8,7,C5,C2,-0.003183590963639979
8,7,C6,C2,0.002371306154653868
8,7,C7,C2,0.030973291495346025
8,7,C8,C2,-0.009195926930396966
8,7,C9,C2,-0.016454236336900224
8,7,C10,C2,0.00921071463082749
8,7,C11,C2,0.010375224230155801
8,7,C12,C2,-0.020453779516539004
8,7,C13,C2,0.00924581579884036
8,7,C14,C2,0.019340237244368882
8,7,Enterobacteriaceae,C2,-5.264221535407729e-4
8,7,Paenibacillaceae,C2,0.01976273393373885
8,7,C1,C3,-0.07375232887447306
8,7,C2,C3,0.005339985550052129
8,7,C3,C3,-0.18237445765258592
8,7,C4,C3,-0.040212653080256906
8,7,C5,C3,-0.0638024708605112
8,7,C6,C3,-0.09819429088726865
8,7,C7,C3,-0.23156169299867277
8,7,C8,C3,-0.16100802737678463
8,7,C9,C3,-0.2761947935299613
8,7,C10,C3,-0.11065796792083807
8,7,C11,C3,-0.22818316671174385
8,7,C12,C3,-0.30752175019822
8,7,C13,C3,-0.3398691307762508
8,7,C14,C3,-0.29765714516413433
8,7,Enterobacteriaceae,C3,5.8768015916366e-4
8,7,Paenibacillaceae,C3,0.0368620106097402
8,7,C1,C4,-0.6720934326042447
8,7,C2,C4,-0.03776146962110409
8,7,C3,C4,-0.40919685384144855
8,7,C4,C4,-0.6921685803146232
8,7,C5,C4,-0.7385781583217709
8,7,C6,C4,-0.7470297995812449
8,7,C7,C4,-0.3669248503151077
8,7,C8,C4,-0.6490895729763394
8,7,C9,C4,-0.5088915001506702
8,7,C10,C4,-0.1994481431006199
8,7,C11,C4,-0.3810069576009108
8,7,C12,C4,-0.4636178840877749
8,7,C13,C4,-0.04453585733008743
8,7,C14,C4,-0.2918319734005169
8,7,Enterobacteriaceae,C4,0.0027693187943948626
8,7,Paenibacillaceae,C4,-0.10568293940071453
8,7,C1,C5,-0.34002718848367697
8,7,C2,C5,-0.004643828621897883
8,7,C3,C5,-0.41161335152197565
8,7,C4,C5,-0.03333745866301065
8,7,C5,C5,-0.3537657086408802
8,7,C6,C5,-0.3248166383243431
8,7,C7,C5,-0.2369780372558334
8,7,C8,C5,-0.36264781396843465
8,7,C9,C5,-0.5236519740760928
8,7,C10,C5,-0.06761532936860434
8,7,C11,C5,-0.33471282396920615
8,7,C12,C5,-0.570989045409604
8,7,C13,C5,-0.34577064952794834
8,7,C14,C5,-0.32270513331424877
8,7,Enterobacteriaceae,C5,0.0019844257417242317
8,7,Paenibacillaceae,C5,-0.06056530502192381
8,7,C1,C6,-0.35897079077133337
8,7,C2,C6,-0.010950822201072836
8,7,C3,C6,-0.3394950655200044
8,7,C4,C6,-0.011130389575360194
8,7,C5,C6,-0.327067907324738
8,7,C6,C6,-0.3177113864756782
8,7,C7,C6,-0.09626990110514363
8,7,C8,C6,-0.374705158734901
8,7,C9,C6,-0.4133306838503509
8,7,C10,C6,-0.07268411065037261
8,7,C11,C6,-0.20620280227956014
8,7,C12,C6,-0.4344074170170777
8,7,C13,C6,-0.13520875685426134
8,7,C14,C6,-0.15818270835156084
8,7,Enterobacteriaceae,C6,0.0021392413989775832
8,7,Paenibacillaceae,C6,-0.09744670024873477
8,7,C1,C7,-0.5795191623726207
8,7,C2,C7,-0.02760157527983224
8,7,C3,C7,-0.37144243906870145
8,7,C4,C7,-0.8919004419310171
8,7,C5,C7,-0.5995033788226655
8,7,C6,C7,-0.7206313382428909
8,7,C7,C7,-0.6247232091959144
8,7,C8,C7,-0.6906489355773093
8,7,C9,C7,-0.5434169807693578
8,7,C10,C7,-0.3937585331456384
8,7,C11,C7,-0.5161026703688443
8,7,C12,C7,-0.4918835180599513
8,7,C13,C7,-0.31303929281489973
8,7,C14,C7,-0.5625886083462873
8,7,Enterobacteriaceae,C7,0.0021432613766641665
8,7,Paenibacillaceae,C7,0.014911508463326758
8,7,C1,C8,-0.23781718255504464
8,7,C2,C8,-0.005640462701159364
8,7,C3,C8,-0.18059553240451182
8,7,C4,C8,0.19427676797568116
8,7,C5,C8,-0.10148689432159616
8,7,C6,C8,-0.11841505756990467
8,7,C7,C8,0.13638744558566726
8,7,C8,C8,-0.23553924716038094
8,7,C9,C8,-0.18404908440260015
8,7,C10,C8,-0.03907982418656563
8,7,C11,C8,0.016373109999715536
8,7,C12,C8,-0.19148965051470118
8,7,C13,C8,0.07623398154755752
8,7,C14,C8,0.072470168243586
8,7,Enterobacteriaceae,C8,0.002373898935991374
8,7,Paenibacillaceae,C8,-0.14301538375730488
8,7,C1,C9,-0.2833832241475479
8,7,C2,C9,-4.958084351015778e-4
8,7,C3,C9,-0.30297063588703177
8,7,C4,C9,-0.20448446505089848
8,7,C5,C9,-0.20549075944905548
8,7,C6,C9,-0.2919011199609518
8,7,C7,C9,-0.33156679170813114
8,7,C8,C9,-0.39941606734617546
8,7,C9,C9,-0.43475565695012003
8,7,C10,C9,-0.23784952451033922
8,7,C11,C9,-0.3276842066208566
8,7,C12,C9,-0.45000200467761703
8,7,C13,C9,-0.37351665068763384
8,7,C14,C9,-0.39977533711465785
8,7,Enterobacteriaceae,C9,0.00169785770367998
8,7,Paenibacillaceae,C9,0.003215162753851265
8,7,C1,C10,-0.17619207724790592
8,7,C2,C10,-0.01457247447180212
8,7,C3,C10,-0.011960091544340115
8,7,C4,C10,-0.07806775353135967
8,7,C5,C10,-0.09555665428724022
8,7,C6,C10,-0.14428685127572266
8,7,C7,C10,0.1074370683215204
8,7,C8,C10,-0.18992717550765803
8,7,C9,C10,0.005035890704399984
8,7,C10,C10,-0.08191162607431104
8,7,C11,C10,0.08114282450496274
8,7,C12,C10,0.04607505299794109
8,7,C13,C10,0.23764440900396944
8,7,C14,C10,0.13416272383308694
8,7,Enterobacteriaceae,C10,9.751238045651646e-4
8,7,Paenibacillaceae,C10,-0.07188644153997431
8,7,C1,C11,-0.42005721256423956
8,7,C2,C11,-0.012370310404792884
8,7,C3,C11,-0.33140145735669324
8,7,C4,C11,-0.6018429255658235
8,7,C5,C11,-0.4161070528507162
8,7,C6,C11,-0.5129467047698236
8,7,C7,C11,-0.5246585554717716
8,7,C8,C11,-0.5272320949954463
8,7,C9,C11,-0.4894675456589574
8,7,C10,C11,-0.3117243632146342
8,7,C11,C11,-0.4507661499550735
8,7,C12,C11,-0.47208357823948954
8,7,C13,C11,-0.37828585098058565
8,7,C14,C11,-0.5179139636815041
8,7,Enterobacteriaceae,C11,0.001526083664317169
8,7,Paenibacillaceae,C11,0.03567994011060871
8,7,C1,C12,-0.26983610546025333
8,7,C2,C12,0.002438739145450672
8,7,C3,C12,-0.3132404788946242
8,7,C4,C12,-0.2603146748270128
8,7,C5,C12,-0.19361829969577718
8,7,C6,C12,-0.2965529050314709
8,7,C7,C12,-0.4152048366552187
8,7,C8,C12,-0.4088606321139095
8,7,C9,C12,-0.46627163279281136
8,7,C10,C12,-0.27434703353539297
8,7,C11,C12,-0.3839237499455375
8,7,C12,C12,-0.4848135495935545
8,7,C13,C12,-0.4669854807988538
8,7,C14,C12,-0.48800767403349715
8,7,Enterobacteriaceae,C12,0.0015869055085469326
8,7,Paenibacillaceae,C12,0.03175308546135605
8,7,C1,C13,-0.41242182084641066
8,7,C2,C13,-0.014149494471158562
8,7,C3,C13,-0.27071006012236004
8,7,C4,C13,-0.938164109445906
8,7,C5,C13,-0.3934107976477866
8,7,C6,C13,-0.5803801615264103
8,7,C7,C13,-0.7416818772648219
8,7,C8,C13,-0.5930664791092451
8,7,C9,C13,-0.46507182114413737
8,7,C10,C13,-0.47748205402404287
8,7,C11,C13,-0.5420086648960307
8,7,C12,C13,-0.4150663237520087
8,7,C13,C13,-0.4745047486475115
8,7,C14,C13,-0.6900088191783228
8,7,Enterobacteriaceae,C13,0.001402196643641076
8,7,Paenibacillaceae,C13,0.1038358005322439
8,7,C1,C14,-0.5137905365403364
8,7,C2,C14,-0.021631739136964628
8,7,C3,C14,-0.32780074429800343
8,7,C4,C14,-0.8551032300688233
8,7,C5,C14,-0.49471081406072603
8,7,C6,C14,-0.6458049652187929
8,7,C7,C14,-0.6259889240059685
8,7,C8,C14,-0.6533039277036404
8,7,C9,C14,-0.5017839337317698
8,7,C10,C14,-0.42401643727361404
8,7,C11,C14,-0.49591226225693386
8,7,C12,C14,-0.4511959201214501
8,7,C13,C14,-0.34669029257698225
8,7,C14,C14,-0.5767671976251919
8,7,Enterobacteriaceae,C14,0.001967913645386051
8,7,Paenibacillaceae,C14,0.03715268374370501
8,7,C1,Enterobacteriaceae,-0.014003230802275685
8,7,C2,Enterobacteriaceae,-6.889500270708746e-4
8,7,C3,Enterobacteriaceae,-0.0064980888639033845
8,7,C4,Enterobacteriaceae,-0.007120727062156937
8,7,C5,Enterobacteriaceae,-0.007211992442986342
8,7,C6,Enterobacteriaceae,-0.008711657890551849
8,7,C7,Enterobacteriaceae,-8.283513120637902e-4
8,7,C8,Enterobacteriaceae,-0.009508973086441674
8,7,C9,Enterobacteriaceae,-0.004542331902096146
8,7,C10,Enterobacteriaceae,-0.0035984161087596043
8,7,C11,Enterobacteriaceae,-0.0015424603106694373
8,7,C12,Enterobacteriaceae,-0.0034888806326576747
8,7,C13,Enterobacteriaceae,0.003974062919923232
8,7,C14,Enterobacteriaceae,1.882852338025143e-5
8,7,Enterobacteriaceae,Enterobacteriaceae,2.560394967665308e-4
8,7,Paenibacillaceae,Enterobacteriaceae,-0.0123717327999932
8,7,C1,Paenibacillaceae,0.6110364700011465
8,7,C2,Paenibacillaceae,0.01903575085075043
8,7,C3,Paenibacillaceae,0.2527342802664752
8,7,C4,Paenibacillaceae,0.47037869429979473
8,7,C5,Paenibacillaceae,0.3571971780312797
8,7,C6,Paenibacillaceae,0.44517297300599856
8,7,C7,Paenibacillaceae,0.14596203533010077
8,7,C8,Paenibacillaceae,0.47232499838487724
8,7,C9,Paenibacillaceae,0.22422774046042818
8,7,C10,Paenibacillaceae,0.21764053906754102
8,7,C11,Paenibacillaceae,0.13410650305267804
8,7,C12,Paenibacillaceae,0.16661375523761307
8,7,C13,Paenibacillaceae,-0.11689434052812277
8,7,C14,Paenibacillaceae,0.09016231996049708
8,7,Enterobacteriaceae,Paenibacillaceae,-0.006949860295569972
8,7,Paenibacillaceae,Paenibacillaceae,0.3284423033831461
9,8,C1,C1,-0.09673302220948146
9,8,C2,C1,0.0011369036071607365
9,8,C3,C1,-0.13415968994379004
9,8,C4,C1,0.12517979596663611
9,8,C5,C1,-0.03354356473759863
9,8,C6,C1,0.010816642708575333
9,8,C7,C1,-0.009397464950870078
9,8,C8,C1,0.01016891255193661
9,8,C9,C1,-0.11553668115781056
9,8,C10,C1,0.06607287363464195
9,8,C11,C1,-0.05055301552109732
9,8,C12,C1,-0.1527233379277905
9,8,C13,C1,-0.11465744256685771
9,8,C14,C1,-0.05185039001776867
9,8,Enterobacteriaceae,C1,0.0061966000451488075
9,8,Paenibacillaceae,C1,-0.1655028964021173
9,8,C1,C2,0.04242789084606555
9,8,C2,C2,0.003107098685853419
9,8,C3,C2,0.006610093859250884
9,8,C4,C2,0.06113261882258684
9,8,C5,C2,0.007026205535673184
9,8,C6,C2,0.015305363118727404
9,8,C7,C2,0.025779158701972785
9,8,C8,C2,0.005403328843732017
9,8,C9,C2,-0.00862178504453455
9,8,C10,C2,0.013405581085228099
9,8,C11,C2,0.004760832393119796
9,8,C12,C2,-0.013129156080910415
9,8,C13,C2,-0.0025365363394982514
9,8,C14,C2,0.01370154413634738
9,8,Enterobacteriaceae,C2,-0.002727433919773295
9,8,Paenibacillaceae,C2,0.0675333476938972
9,8,C1,C3,-0.14729472520398187
9,8,C2,C3,-0.009579710594661674
9,8,C3,C3,-0.19649707091129814
9,8,C4,C3,-0.06593298745991477
9,8,C5,C3,-0.0841104984570219
9,8,C6,C3,-0.1245985581886384
9,8,C7,C3,-0.1978333521324822
9,8,C8,C3,-0.1800919965896504
9,8,C9,C3,-0.25755265162732255
9,8,C10,C3,-0.1123554640653322
9,8,C11,C3,-0.18371707153358408
9,8,C12,C3,-0.28217722278565277
9,8,C13,C3,-0.2642420121923639
9,8,C14,C3,-0.24963941673646647
9,8,Enterobacteriaceae,C3,0.007633374202347893
9,8,Paenibacillaceae,C3,-0.11909448960871194
9,8,C1,C4,-0.6861534961956822
9,8,C2,C4,-0.050264240279069373
9,8,C3,C4,-0.4015805187090639
9,8,C4,C4,-0.6411816206558901
9,8,C5,C4,-0.6785856713435438
9,8,C6,C4,-0.6985567565476094
9,8,C7,C4,-0.3149115836640099
9,8,C8,C4,-0.6137822935530783
9,8,C9,C4,-0.4635780833395556
9,8,C10,C4,-0.19282762205186096
9,8,C11,C4,-0.3128685366481527
9,8,C12,C4,-0.4209013796507906
9,8,C13,C4,4.993412093252337e-4
9,8,C14,C4,-0.24215261275461752
9,8,Enterobacteriaceae,C4,0.01109179147837597
9,8,Paenibacillaceae,C4,-0.2736609806241031
9,8,C1,C5,-0.4052725330739055
9,8,C2,C5,-0.022772409293773194
9,8,C3,C5,-0.40798476455801436
9,8,C4,C5,-0.06927674000052572
9,8,C5,C5,-0.3458755415392155
9,8,C6,C5,-0.33428300772733016
9,8,C7,C5,-0.20108731286781126
9,8,C8,C5,-0.36815555537588585
9,8,C9,C5,-0.4785090401173353
9,8,C10,C5,-0.07950717021041671
9,8,C11,C5,-0.27143566395368396
9,8,C12,C5,-0.5163384821595737
9,8,C13,C5,-0.2592291090896459
9,8,C14,C5,-0.26818665945056547
9,8,Enterobacteriaceae,C5,0.011103704452935244
9,8,Paenibacillaceae,C5,-0.25073950463148764
9,8,C1,C6,-0.414534838661658
9,8,C2,C6,-0.027018218402621093
9,8,C3,C6,-0.3417402605659171
9,8,C4,C6,-0.04718322176512287
9,8,C5,C6,-0.3200833069249592
9,8,C6,C6,-0.3246808673367938
9,8,C7,C6,-0.07859132659602779
9,8,C8,C6,-0.3752343099032413
9,8,C9,C6,-0.3807372004933103
9,8,C10,C6,-0.08256139472422669
9,8,C11,C6,-0.1606196072341821
9,8,C12,C6,-0.39586459282215025
9,8,C13,C6,-0.07820395416866312
9,8,C14,C6,-0.12541528553170836
9,8,Enterobacteriaceae,C6,0.010606135419001043
9,8,Paenibacillaceae,C6,-0.2696393044955664
9,8,C1,C7,-0.60067569302264745
9,8,C2,C7,-0.04049318533430573
9,8,C3,C7,-0.36666707282644206
9,8,C4,C7,-0.8140072614700601
9,8,C5,C7,-0.5557229729208635
9,8,C6,C7,-0.6734870583288962
9,8,C7,C7,-0.540442840119369
9,8,C8,C7,-0.6480272208795782
9,8,C9,C7,-0.4929984131750594
9,8,C10,C7,-0.3617329043758274
9,8,C11,C7,-0.4322664205601433
9,8,C12,C7,-0.4449481104919808
9,8,C13,C7,-0.23600106540876833
9,8,C14,C7,-0.4793686333299572
9,8,Enterobacteriaceae,C7,0.010082267210759789
9,8,Paenibacillaceae,C7,-0.15973148958141972
9,8,C1,C8,-0.2982951164787268
9,8,C2,C8,-0.02051528586909431
9,8,C3,C8,-0.1983735507900259
9,8,C4,C8,0.13602991084144866
9,8,C5,C8,-0.11962380004256293
9,8,C6,C8,-0.14583781038389063
9,8,C7,C8,0.1239749848706047
9,8,C8,C8,-0.24882677716050658
9,8,C9,C8,-0.17855176010791748
9,8,C10,C8,-0.051283797486392224
9,8,C11,C8,0.03144075905720041
9,8,C12,C8,-0.18207122246804855
9,8,C13,C8,0.1022546198118087
9,8,C14,C8,0.07462938534629289
9,8,Enterobacteriaceae,C8,0.009868770544793083
9,8,Paenibacillaceae,C8,-0.2902980810499265
9,8,C1,C9,-0.3505081034958587
9,8,C2,C9,-0.0181597461191399
9,8,C3,C9,-0.31082609867046496
9,8,C4,C9,-0.21686661633335408
9,8,C5,C9,-0.21470661846626582
9,8,C6,C9,-0.30317447801080777
9,8,C7,C9,-0.2840780169812987
9,8,C8,C9,-0.39786529215409927
9,8,C9,C9,-0.3999606582395994
9,8,C10,C9,-0.2272425376825918
9,8,C11,C9,-0.2667088660239292
9,8,C12,C9,-0.40989026565643205
9,8,C13,C9,-0.2856744976325647
9,8,C14,C9,-0.33628296164957516
9,8,Enterobacteriaceae,C9,0.010347567167847226
9,8,Paenibacillaceae,C9,-0.18524712953554295
9,8,C1,C10,-0.20071353208221557
9,8,C2,C10,-0.020989810622341457
9,8,C3,C10,-0.031182423936369566
9,8,C4,C10,-0.08539601736911297
9,8,C5,C10,-0.0991000176769093
9,8,C6,C10,-0.14764436519090368
9,8,C7,C10,0.0965815344148463
9,8,C8,C10,-0.1878758444328455
9,8,C9,C10,-0.004456200411038125
9,8,C10,C10,-0.08027635867234265
9,8,C11,C10,0.08078843106872445
9,8,C12,C10,0.0328119113337433
9,8,C13,C10,0.22633138188830107
9,8,C14,C10,0.12334654762056335
9,8,Enterobacteriaceae,C10,0.005011269329236409
9,8,Paenibacillaceae,C10,-0.1486029630808834
9,8,C1,C11,-0.576086728103408
9,8,C2,C11,-0.046093655985451634
9,8,C3,C11,-0.3842568825370311
9,8,C4,C11,-0.6040428526479975
9,8,C5,C11,-0.43631433089379484
9,8,C6,C11,-0.5470288402937472
9,8,C7,C11,-0.44786818451951205
9,8,C8,C11,-0.5610609934257887
9,8,C9,C11,-0.4698348943028693
9,8,C10,C11,-0.3123403381071128
9,8,C11,C11,-0.3578246797958715
9,8,C12,C11,-0.4473630882999893
9,8,C13,C11,-0.24917364568057754
9,8,C14,C11,-0.42726251336302584
9,8,Enterobacteriaceae,C11,0.01888122059948491
9,8,Paenibacillaceae,C11,-0.34966936668029847
9,8,C1,C12,-0.3205774266989998
9,8,C2,C12,-0.012607996485578268
9,8,C3,C12,-0.31150872561703774
9,8,C4,C12,-0.2587896855545624
9,8,C5,C12,-0.19791308690964846
9,8,C6,C12,-0.29857627943243636
9,8,C7,C12,-0.35795227058276885
9,8,C8,C12,-0.39732226320039726
9,8,C9,C12,-0.4237161980928619
9,8,C10,C12,-0.25561136025072756
9,8,C11,C12,-0.3186002629823731
9,8,C12,C12,-0.4371914447314432
9,8,C13,C12,-0.37423504536078955
9,8,C14,C12,-0.4154201734519251
9,8,Enterobacteriaceae,C12,0.008773528521446812
9,8,Paenibacillaceae,C12,-0.12747704021058645
9,8,C1,C13,-0.45047046700775284
9,8,C2,C13,-0.027828295970459587
9,8,C3,C13,-0.2770175139372805
9,8,C4,C13,-0.8529998188886981
9,8,C5,C13,-0.37459919639048106
9,8,C6,C13,-0.5492659314224783
9,8,C7,C13,-0.6430364079910241
9,8,C8,C13,-0.5610310079997297
9,8,C9,C13,-0.42404421239678036
9,8,C10,C13,-0.4341707865456592
9,8,C11,C13,-0.4566464373055875
9,8,C12,C13,-0.3773642966809726
9,8,C13,C13,-0.3790005131469707
9,8,C14,C13,-0.5914689717859505
9,8,Enterobacteriaceae,C13,0.008951963437485255
9,8,Paenibacillaceae,C13,-0.07399674973256636
9,8,C1,C14,-0.5502274427778989
9,8,C2,C14,-0.03636075664940274
9,8,C3,C14,-0.3318267429261745
9,8,C4,C14,-0.784560581849887
9,8,C5,C14,-0.4667910857564649
9,8,C6,C14,-0.6115637501947737
9,8,C7,C14,-0.5413101398185288
9,8,C8,C14,-0.6188873644477066
9,8,C9,C14,-0.45820085143304323
9,8,C10,C14,-0.38955410206885144
9,8,C11,C14,-0.41391719307566127
9,8,C12,C14,-0.41068108148523996
9,8,C13,C14,-0.26283933722854064
9,8,C14,C14,-0.49105743757146925
9,8,Enterobacteriaceae,C14,0.010454028952402014
9,8,Paenibacillaceae,C14,-0.15282970831236403
9,8,C1,Enterobacteriaceae,-0.030584944786482608
9,8,C2,Enterobacteriaceae,-0.0036539368838084826
9,8,C3,Enterobacteriaceae,-0.014051655379395933
9,8,C4,Enterobacteriaceae,-0.013136571599162018
9,8,C5,Enterobacteriaceae,-0.012774425368029103
9,8,C6,Enterobacteriaceae,-0.016360933384132765
9,8,C7,Enterobacteriaceae,1.361115586391246e-4
9,8,C8,Enterobacteriaceae,-0.017191294708032646
9,8,C9,Enterobacteriaceae,-0.00775551643840962
9,8,C10,Enterobacteriaceae,-0.006687438539633081
9,8,C11,Enterobacteriaceae,0.0015731387848014443
9,8,C12,Enterobacteriaceae,-0.0061708988412706
9,8,C13,Enterobacteriaceae,0.010526533043427428
9,8,C14,Enterobacteriaceae,0.0021514947097145726
9,8,Enterobacteriaceae,Enterobacteriaceae,0.0017352196924030902
9,8,Paenibacillaceae,Enterobacteriaceae,-0.04414839695778277
9,8,C1,Paenibacillaceae,0.5457644881733952
9,8,C2,Paenibacillaceae,0.01818587937291362
9,8,C3,Paenibacillaceae,0.22684897746360974
9,8,C4,Paenibacillaceae,0.41579907032804986
9,8,C5,Paenibacillaceae,0.31707211747433084
9,8,C6,Paenibacillaceae,0.39524500897396775
9,8,C7,Paenibacillaceae,0.1274399061778955
9,8,C8,Paenibacillaceae,0.4190230970263944
9,8,C9,Paenibacillaceae,0.19909968570036748
9,8,C10,Paenibacillaceae,0.19271442800536903
9,8,C11,Paenibacillaceae,0.11753529193023264
9,8,C12,Paenibacillaceae,0.14808550946664328
9,8,C13,Paenibacillaceae,-0.10601412742977043
9,8,C14,Paenibacillaceae,0.07802327568479707
9,8,Enterobacteriaceae,Paenibacillaceae,-0.006778588182739243
9,8,Paenibacillaceae,Paenibacillaceae,0.30809079029538883
10,9,C1,C1,-0.12006275523247378
10,9,C2,C1,-0.007959844355881368
10,9,C3,C1,-0.13132879233436712
10,9,C4,C1,0.10358092968411868
10,9,C5,C1,-0.026816320790408705
10,9,C6,C1,8.796476892154361e-4
10,9,C7,C1,3.401944772833236e-5
10,9,C8,C1,-0.002954925384788366
10,9,C9,C1,-0.10145494938488045
10,9,C10,C1,0.06638695596886574
10,9,C11,C1,-0.02918402195514565
10,9,C12,C1,-0.1324634525939854
10,9,C13,C1,-0.08118684805696919
10,9,C14,C1,-0.03674863739137215
10,9,Enterobacteriaceae,C1,0.010737840327866966
10,9,Paenibacillaceae,C1,-0.2128351910971706
10,9,C1,C2,0.03401309883844887
10,9,C2,C2,0.001801840948206172
10,9,C3,C2,0.0045490717979004575
10,9,C4,C2,0.05348739507029914
10,9,C5,C2,0.0066568249992531815
10,9,C6,C2,0.012686658721703485
10,9,C7,C2,0.02381039684872907
10,9,C8,C2,0.0035162562111878807
10,9,C9,C2,-0.007506245986600588
10,9,C10,C2,0.012868246618031208
10,9,C11,C2,0.005816817092509502
10,9,C12,C2,-0.011262514787700722
10,9,C13,C2,-3.129695354467862e-5
10,9,C14,C2,0.01315455322816169
10,9,Enterobacteriaceae,C2,-0.0018588069661290324
10,9,Paenibacillaceae,C2,0.052930792992695395
10,9,C1,C3,-0.14560475840812478
10,9,C2,C3,-0.012398693453994719
10,9,C3,C3,-0.17978645327344328
10,9,C4,C3,-0.06169420525789119
10,9,C5,C3,-0.07297348209094282
10,9,C6,C3,-0.1142686188294691
10,9,C7,C3,-0.17183345768435573
10,9,C8,C3,-0.16507086748563946
10,9,C9,C3,-0.2280231431841183
10,9,C10,C3,-0.0958183000825921
10,9,C11,C3,-0.15657380843618404
10,9,C12,C3,-0.24889169157319702
10,9,C13,C3,-0.22551270349155678
10,9,C14,C3,-0.21754741814852066
10,9,Enterobacteriaceae,C3,0.00906508315769892
10,9,Paenibacillaceae,C3,-0.13429373494170108
10,9,C1,C4,-0.6800304952720867
10,9,C2,C4,-0.0632368105828621
10,9,C3,C4,-0.38169527747076243
10,9,C4,C4,-0.5851493752091351
10,9,C5,C4,-0.5976475410247314
10,9,C6,C4,-0.6385998183701501
10,9,C7,C4,-0.26262282254869607
10,9,C8,C4,-0.5696546677146246
10,9,C9,C4,-0.4096154065831079
10,9,C10,C4,-0.1570897958405975
10,9,C11,C4,-0.24401420882084088
10,9,C12,C4,-0.3680173143244068
10,9,C13,C4,0.0428322402414585
10,9,C14,C4,-0.19573766645328447
10,9,Enterobacteriaceae,C4,0.020665901295639166
10,9,Paenibacillaceae,C4,-0.37997409760751966
10,9,C1,C5,-0.47951038961425446
10,9,C2,C5,-0.051648533716073114
10,9,C3,C5,-0.40444405228021346
10,9,C4,C5,-0.08914104982261088
10,9,C5,C5,-0.3015142598076049
10,9,C6,C5,-0.32872213471388023
10,9,C7,C5,-0.15076073058819084
10,9,C8,C5,-0.3686570128309067
10,9,C9,C5,-0.4222614049366655
10,9,C10,C5,-0.05014997801433787
10,9,C11,C5,-0.1821551266213309
10,9,C12,C5,-0.45029407399054194
10,9,C13,C5,-0.15913020782843157
10,9,C14,C5,-0.2057127520901558
10,9,Enterobacteriaceae,C5,0.028034538970554815
10,9,Paenibacillaceae,C5,-0.45427334517597784
10,9,C1,C6,-0.4304235733331971
10,9,C2,C6,-0.040370312794503
10,9,C3,C6,-0.325565513068452
10,9,C4,C6,-0.055947478442289776
10,9,C5,C6,-0.2798896140567446
10,9,C6,C6,-0.30448138604603103
10,9,C7,C6,-0.05484911089458334
10,9,C8,C6,-0.35493469805137595
10,9,C9,C6,-0.3362793084008922
10,9,C10,C6,-0.060763522503615136
10,9,C11,C6,-0.11298968573487382
10,9,C12,C6,-0.34640620694356505
10,9,C13,C6,-0.03208586669562989
10,9,C14,C6,-0.09441614101794296
10,9,Enterobacteriaceae,C6,0.018941184944639314
10,9,Paenibacillaceae,C6,-0.35995887144316635
10,9,C1,C7,-0.6036269256890474
10,9,C2,C7,-0.05442662739185592
10,9,C3,C7,-0.35046358825151985
10,9,C4,C7,-0.7385515983286991
10,9,C5,C7,-0.48906652704104736
10,9,C6,C7,-0.6163405972695124
10,9,C7,C7,-0.4630852645592321
10,9,C8,C7,-0.5998577560741367
10,9,C9,C7,-0.435868609008505
10,9,C10,C7,-0.30772882958676806
10,9,C11,C7,-0.3498997734244109
10,9,C12,C7,-0.3896609372310504
10,9,C13,C7,-0.16751456502499604
10,9,C14,C7,-0.4064569364384564
10,9,Enterobacteriaceae,C7,0.01967402038103193
10,9,Paenibacillaceae,C7,-0.2778953816208042
10,9,C1,C8,-0.29375612684818836
10,9,C2,C8,-0.025807135050959648
10,9,C3,C8,-0.18652809105425022
10,9,C4,C8,0.11451413439081007
10,9,C5,C8,-0.10309109559085834
10,9,C6,C8,-0.13666670250591956
10,9,C7,C8,0.11733479311944893
10,9,C8,C8,-0.2310321421993389
10,9,C9,C8,-0.1573927171356746
10,9,C10,C8,-0.038161337983684554
10,9,C11,C8,0.040740103472949075
10,9,C12,C8,-0.15864671759860172
10,9,C13,C8,0.10834614003898398
10,9,C14,C8,0.07412134512028157
10,9,Enterobacteriaceae,C8,0.013217612220579548
10,9,Paenibacillaceae,C8,-0.3134457943729968
10,9,C1,C9,-0.36916061822838486
10,9,C2,C9,-0.03134635689265701
10,9,C3,C9,-0.29651148245214726
10,9,C4,C9,-0.20564895055297816
10,9,C5,C9,-0.1869656221664326
10,9,C6,C9,-0.28433016394219607
10,9,C7,C9,-0.23840797192890706
10,9,C8,C9,-0.37346629478160875
10,9,C9,C9,-0.3535499841636386
10,9,C10,C9,-0.19050579104423407
10,9,C11,C9,-0.20901028206630343
10,9,C12,C9,-0.35939097483155996
10,9,C13,C9,-0.2189655709228723
10,9,C14,C9,-0.2827993611017167
10,9,Enterobacteriaceae,C9,0.018025404856779066
10,9,Paenibacillaceae,C9,-0.27654638526902803
10,9,C1,C10,-0.31693832431041585
10,9,C2,C10,-0.055056099427196456
10,9,C3,C10,-0.07662417324948419
10,9,C4,C10,-0.10797965983703763
10,9,C5,C10,-0.08214815962663802
10,9,C6,C10,-0.16829658856318402
10,9,C7,C10,0.1176795280518403
10,9,C8,C10,-0.21526509367148172
10,9,C9,C10,-0.001235261367587655
10,9,C10,C10,-0.04835356773568966
10,9,C11,C10,0.14025648153448383
10,9,C12,C10,0.0381054423643178
10,9,C13,C10,0.2830038938645886
10,9,C14,C10,0.1469422728342881
10,9,Enterobacteriaceae,C10,0.025491957493126695
10,9,Paenibacillaceae,C10,-0.4004662029969449
10,9,C1,C11,-0.4694066788808457
10,9,C2,C11,-0.02989840125123735
10,9,C3,C11,-0.3264215398662159
10,9,C4,C11,-0.5261503018635892
10,9,C5,C11,-0.38791215405577534
10,9,C6,C11,-0.47396742653022417
10,9,C7,C11,-0.4068297769424744
10,9,C8,C11,-0.48338174997325495
10,9,C9,C11,-0.4175464583774261
10,9,C10,C11,-0.28260849986506276
10,9,C11,C11,-0.3392368434937827
10,9,C12,C11,-0.39915113265550956
10,9,C13,C11,-0.24573097914459144
10,9,C14,C11,-0.3905436042187122
10,9,Enterobacteriaceae,C11,0.010436903855113413
10,9,Paenibacillaceae,C11,-0.22900850012230956
10,9,C1,C12,-0.371814448411513
10,9,C2,C12,-0.03408584632718731
10,9,C3,C12,-0.30748274242888324
10,9,C4,C12,-0.24950829251990764
10,9,C5,C12,-0.1703375901428556
10,9,C6,C12,-0.28794195023339686
10,9,C7,C12,-0.29709068801730665
10,9,C8,C12,-0.3832061202664589
10,9,C9,C12,-0.3739236327920466
10,9,C10,C12,-0.2101826261391304
10,9,C11,C12,-0.24102959256149029
10,9,C12,C12,-0.38144484178920807
10,9,C13,C12,-0.2801718333694317
10,9,C14,C12,-0.3451431257015388
10,9,Enterobacteriaceae,C12,0.02107613222216293
10,9,Paenibacillaceae,C12,-0.2817342797120249
10,9,C1,C13,-0.450509644176605
10,9,C2,C13,-0.03799175164215549
10,9,C3,C13,-0.2638816094997386
10,9,C4,C13,-0.7686310452914377
10,9,C5,C13,-0.3293412760762868
10,9,C6,C13,-0.5008315798334831
10,9,C7,C13,-0.5587792109194799
10,9,C8,C13,-0.5157163900881325
10,9,C9,C13,-0.37511142090007915
10,9,C10,C13,-0.3755929552072431
10,9,C11,C13,-0.3811427858424247
10,9,C12,C13,-0.3310781998443714
10,9,C13,C13,-0.30620502486817885
10,9,C14,C13,-0.5113092183661091
10,9,Enterobacteriaceae,C13,0.015662565591100467
10,9,Paenibacillaceae,C13,-0.1635342647425978
10,9,C1,C14,-0.5318722844749387
10,9,C2,C14,-0.043674443221990995
10,9,C3,C14,-0.3101274432715052
10,9,C4,C14,-0.7059336289238063
10,9,C5,C14,-0.4103906977737512
10,9,C6,C14,-0.553877042561105
10,9,C7,C14,-0.46977980947449544
10,9,C8,C14,-0.564581985763384
10,9,C9,C14,-0.40526529601826494
10,9,C10,C14,-0.3356851930589427
10,9,C11,C14,-0.34761956914861647
10,9,C12,C14,-0.36048536934471037
10,9,C13,C14,-0.2070941053905259
10,9,C14,C14,-0.42408657972576014
10,9,Enterobacteriaceae,C14,0.01594303134621937
10,9,Paenibacillaceae,C14,-0.21942398130806662
10,9,C1,Enterobacteriaceae,-0.028710815427564942
10,9,C2,Enterobacteriaceae,-0.0036538149965236514
10,9,C3,Enterobacteriaceae,-0.013014743868561997
10,9,C4,Enterobacteriaceae,-0.012042691162742434
10,9,C5,Enterobacteriaceae,-0.011350087007943016
10,9,C6,Enterobacteriaceae,-0.014964756966280215
10,9,C7,Enterobacteriaceae,4.553267821442889e-4
10,9,C8,Enterobacteriaceae,-0.015804208309108034
10,9,C9,Enterobacteriaceae,-0.006875039055588418
10,9,C10,Enterobacteriaceae,-0.0057832242337152425
10,9,C11,Enterobacteriaceae,0.00222840330522116
10,9,C12,Enterobacteriaceae,-0.005420924636870114
10,9,C13,Enterobacteriaceae,0.010250295297055996
10,9,C14,Enterobacteriaceae,0.0023291268638973442
10,9,Enterobacteriaceae,Enterobacteriaceae,0.0017745733000231313
10,9,Paenibacillaceae,Enterobacteriaceae,-0.04222409516557681
10,9,C1,Paenibacillaceae,0.45125861996191585
10,9,C2,Paenibacillaceae,0.007438751316335436
10,9,C3,Paenibacillaceae,0.18950225796896686
10,9,C4,Paenibacillaceae,0.36172206549251323
10,9,C5,Paenibacillaceae,0.2841325496397656
10,9,C6,Paenibacillaceae,0.34231756688061016
10,9,C7,Paenibacillaceae,0.12118730810514558
10,9,C8,Paenibacillaceae,0.3603196333441778
10,9,C9,Paenibacillaceae,0.1777445164659037
10,9,C10,Paenibacillaceae,0.17831683010715058
10,9,C11,Paenibacillaceae,0.11969765160699603
10,9,C12,Paenibacillaceae,0.13434763457609167
10,9,C13,Paenibacillaceae,-0.07416835113615182
10,9,C14,Paenibacillaceae,0.07825174732103188
10,9,Enterobacteriaceae,Paenibacillaceae,-9.410858296513844e-4
10,9,Paenibacillaceae,Paenibacillaceae,0.20947114877655826
11,10,C1,C1,-0.14254268083434557
11,10,C2,C1,-0.014903679589352278
11,10,C3,C1,-0.1305382558190194
11,10,C4,C1,0.09150465477368713
11,10,C5,C1,-0.015043903331580821
11,10,C6,C1,0.0048538972819479565
11,10,C7,C1,0.014692816811895649
11,10,C8,C1,0.0016628854281990737
11,10,C9,C1,-0.08241729792270579
11,10,C10,C1,0.08102862641264112
11,10,C11,C1,-0.014788380459927926
11,10,C12,C1,-0.09303778923817678
11,10,C13,C1,-0.040901113216343356
11,10,C14,C1,-0.0022618763682528227
11,10,Enterobacteriaceae,C1,0.016311792570524713
11,10,Paenibacillaceae,C1,-0.2573381903504119
11,10,C1,C2,0.015615590160549999
11,10,C2,C2,-0.0017992499952987017
11,10,C3,C2,-0.0013672361708712583
11,10,C4,C2,0.04720927873083799
11,10,C5,C2,0.010145221661816209
11,10,C6,C2,0.012632973014148334
11,10,C7,C2,0.027596718019432274
11,10,C8,C2,0.004124613401946873
11,10,C9,C2,-0.0032035776563153727
11,10,C10,C2,0.020849042077311808
11,10,C11,C2,0.009967873686109937
11,10,C12,C2,2.2434815138280728e-4
11,10,C13,C2,0.013365591022059985
11,10,C14,C2,0.0239867839749997
11,10,Enterobacteriaceae,C2,0.001153295544756303
11,10,Paenibacillaceae,C2,0.01910584101213123
11,10,C1,C3,-0.16278310994460696
11,10,C2,C3,-0.018374484039152664
11,10,C3,C3,-0.17320208439280507
11,10,C4,C3,-0.05717850969810885
11,10,C5,C3,-0.05693885078809755
11,10,C6,C3,-0.09966511749018157
11,10,C7,C3,-0.14115770628088053
11,10,C8,C3,-0.14558368454833054
11,10,C9,C3,-0.19722184776943202
11,10,C10,C3,-0.06640460359411456
11,10,C11,C3,-0.13048252298934526
11,10,C12,C3,-0.20092940730873893
11,10,C13,C3,-0.17378808082098887
11,10,C14,C3,-0.16869435601567093
11,10,Enterobacteriaceae,C3,0.014214217876930217
11,10,Paenibacillaceae,C3,-0.18146750647046384
11,10,C1,C4,-0.6740594102259175
11,10,C2,C4,-0.07104811628128412
11,10,C3,C4,-0.36589249651266686
11,10,C4,C4,-0.5293706410968506
11,10,C5,C4,-0.5203036833758866
11,10,C6,C4,-0.5679301927433175
11,10,C7,C4,-0.20985745011073045
11,10,C8,C4,-0.5063351374494232
11,10,C9,C4,-0.3528901080680924
11,10,C10,C4,-0.10241762293389103
11,10,C11,C4,-0.19909709022617278
11,10,C12,C4,-0.2857072662689581
11,10,C13,C4,0.0955704045760671
11,10,C14,C4,-0.12278675733581754
11,10,Enterobacteriaceae,C4,0.03052248840244367
11,10,Paenibacillaceae,C4,-0.46107991088496564
11,10,C1,C5,-0.4114573932696831
11,10,C2,C5,-0.04178046919950826
11,10,C3,C5,-0.35628269530467804
11,10,C4,C5,-0.07855915560972582
11,10,C5,C5,-0.27709994245061476
11,10,C6,C5,-0.2958485345744002
11,10,C7,C5,-0.14329357478152605
11,10,C8,C5,-0.3304958681231763
11,10,C9,C5,-0.3836378993007457
11,10,C10,C5,-0.057377405212722256
11,10,C11,C5,-0.16945934046685443
11,10,C12,C5,-0.41617570727643816
11,10,C13,C5,-0.1594626650287818
11,10,C14,C5,-0.1981117753810502
11,10,Enterobacteriaceae,C5,0.02163105272273996
11,10,Paenibacillaceae,C5,-0.3711824368166016
11,10,C1,C6,-0.4930429655305631
11,10,C2,C6,-0.060521434821374794
11,10,C3,C6,-0.3313601889182337
11,10,C4,C6,-0.0564617434663974
11,10,C5,C6,-0.22216993314566266
11,10,C6,C6,-0.2648951802376934
11,10,C7,C6,-0.005370025987312594
11,10,C8,C6,-0.3120381317895919
11,10,C9,C6,-0.27711747500705836
11,10,C10,C6,0.011172294665465246
11,10,C11,C6,-0.06792501084117464
11,10,C12,C6,-0.23781410216246843
11,10,C13,C6,0.066243954799948
11,10,C14,C6,0.0016243355361148168
11,10,Enterobacteriaceae,C6,0.037068506223616904
11,10,Paenibacillaceae,C6,-0.5255569068327954
11,10,C1,C7,-0.591151560795471
11,10,C2,C7,-0.059918195475999164
11,10,C3,C7,-0.3326654753771906
11,10,C4,C7,-0.6665488280296173
11,10,C5,C7,-0.42650479940478325
11,10,C6,C7,-0.5493934183221381
11,10,C7,C7,-0.39604196712631795
11,10,C8,C7,-0.5349279697972373
11,10,C9,C7,-0.3800089839876981
11,10,C10,C7,-0.24663228970227663
11,10,C11,C7,-0.2989136303233006
11,10,C12,C7,-0.3155308637389321
11,10,C13,C7,-0.10653775047394404
11,10,C14,C7,-0.3244447566123018
11,10,Enterobacteriaceae,C7,0.026914592842198215
11,10,Paenibacillaceae,C7,-0.342209831704767
11,10,C1,C8,-0.42479832834096715
11,10,C2,C8,-0.06001560016147473
11,10,C3,C8,-0.22638291967872068
11,10,C4,C8,0.09331739152829523
11,10,C5,C8,-0.04767466543456066
11,10,C6,C8,-0.11034870089385924
11,10,C7,C8,0.1718002803034589
11,10,C8,C8,-0.19849974929193187
11,10,C9,C8,-0.10374752223327519
11,10,C10,C8,0.06544803952239406
11,10,C11,C8,0.08725646010081783
11,10,C12,C8,-0.032617444162251194
11,10,C13,C8,0.24066267221507556
11,10,C14,C8,0.1958023697877157
11,10,Enterobacteriaceae,C8,0.042151142724467995
11,10,Paenibacillaceae,C8,-0.587617534994982
11,10,C1,C9,-0.3925988933400525
11,10,C2,C9,-0.04200383047625558
11,10,C3,C9,-0.288659913064014
11,10,C4,C9,-0.18829191895397795
11,10,C5,C9,-0.1513794328497394
11,10,C6,C9,-0.25021817148602354
11,10,C7,C9,-0.1890826952994609
11,10,C8,C9,-0.3311335974859433
11,10,C9,C9,-0.3032541996415439
11,10,C10,C9,-0.13363431168522175
11,10,C11,C9,-0.16850237468672974
11,10,C12,C9,-0.2803797405307922
11,10,C13,C9,-0.1421164476919417
11,10,C14,C9,-0.20399132065336448
11,10,Enterobacteriaceae,C9,0.02771010552208776
11,10,Paenibacillaceae,C9,-0.36424401333394596
11,10,C1,C10,-0.277622020673504
11,10,C2,C10,-0.047856487934811134
11,10,C3,C10,-0.06624882662505678
11,10,C4,C10,-0.09672305420986996
11,10,C5,C10,-0.07577525285765803
11,10,C6,C10,-0.15212718911149847
11,10,C7,C10,0.10270646349867643
11,10,C8,C10,-0.1943862632923574
11,10,C9,C10,-0.0029520618692853774
11,10,C10,C10,-0.04797640686334254
11,10,C11,C10,0.12368441498005868
11,10,C12,C10,0.02880733542577619
11,10,C13,C10,0.2476720096917482
11,10,C14,C10,0.12566457499515776
11,10,Enterobacteriaceae,C10,0.021514805149038755
11,10,Paenibacillaceae,C10,-0.346091328395311
11,10,C1,C11,-0.476166005339235
11,10,C2,C11,-0.039174976275278016
11,10,C3,C11,-0.31313164774667224
11,10,C4,C11,-0.47596013913373203
11,10,C5,C11,-0.3339541196556155
11,10,C6,C11,-0.42101222552118583
11,10,C7,C11,-0.3431409966197427
11,10,C8,C11,-0.4299827489103356
11,10,C9,C11,-0.3622297327361567
11,10,C10,C11,-0.2205204775724182
11,10,C11,C11,-0.2875603080308775
11,10,C12,C11,-0.32026773564936145
11,10,C13,C11,-0.1718407199162338
11,10,C14,C11,-0.30569045621145097
11,10,Enterobacteriaceae,C11,0.01967429507840675
11,10,Paenibacillaceae,C11,-0.30905868166392014
11,10,C1,C12,-0.49111984590249935
11,10,C2,C12,-0.06662902300911873
11,10,C3,C12,-0.33376183771149176
11,10,C4,C12,-0.23384084837069294
11,10,C5,C12,-0.10902110912351048
11,10,C6,C12,-0.247049804935902
11,10,C7,C12,-0.20246691150786472
11,10,C8,C12,-0.33621741043881637
11,10,C9,C12,-0.2995077230102629
11,10,C10,C12,-0.09154879661801334
11,10,C11,C12,-0.16742701361053
11,10,C12,C12,-0.2362472652357177
11,10,C13,C12,-0.11241174945034037
11,10,C14,C12,-0.18508693862501074
11,10,Enterobacteriaceae,C12,0.048448609926260704
11,10,Paenibacillaceae,C12,-0.5517357458324657
11,10,C1,C13,-0.4911373258974966
11,10,C2,C13,-0.05389741987363987
11,10,C3,C13,-0.2686959044010973
11,10,C4,C13,-0.6961841552687329
11,10,C5,C13,-0.27191220573559605
11,10,C6,C13,-0.4436303427407415
11,10,C7,C13,-0.4668208044633695
11,10,C8,C13,-0.45885642394759285
11,10,C9,C13,-0.3170367311983134
11,10,C10,C13,-0.2841823454691696
11,10,C11,C13,-0.31554546403478045
11,10,C12,C13,-0.23884228148351372
11,10,C13,C13,-0.19858091209952325
11,10,C14,C13,-0.39063900835556126
11,10,Enterobacteriaceae,C13,0.030293047670814883
11,10,Paenibacillaceae,C13,-0.3109144554560097
11,10,C1,C14,-0.6763548108703669
11,10,C2,C14,-0.08468700821341354
11,10,C3,C14,-0.3512091027962326
11,10,C4,C14,-0.646555521687033
11,10,C5,C14,-0.3133641413470331
11,10,C6,C14,-0.4826526809470988
11,10,C7,C14,-0.3405821844465632
11,10,C8,C14,-0.49647783006560814
11,10,C9,C14,-0.3178516769211376
11,10,C10,C14,-0.17873640063398244
11,10,C11,C14,-0.25012517177433996
11,10,C12,C14,-0.1886733731925547
11,10,C13,C14,-0.009634459353475424
11,10,C14,C14,-0.22228429876141048
11,10,Enterobacteriaceae,C14,0.051646558049581966
11,10,Paenibacillaceae,C14,-0.5744229906155962
11,10,C1,Enterobacteriaceae,-0.03134589323757302
11,10,C2,Enterobacteriaceae,-0.004567497612068112
11,10,C3,Enterobacteriaceae,-0.013735202618161866
11,10,C4,Enterobacteriaceae,-0.011195798031543509
11,10,C5,Enterobacteriaceae,-0.00860202131227218
11,10,C6,Enterobacteriaceae,-0.013134898867350926
11,10,C7,Enterobacteriaceae,0.0026619329087670725
11,10,C8,Enterobacteriaceae,-0.014083744475907373
11,10,C9,Enterobacteriaceae,-0.004935020908302143
11,10,C10,Enterobacteriaceae,-0.0017524400654014348
11,10,C11,Enterobacteriaceae,0.003702226042276655
11,10,C12,Enterobacteriaceae,-0.0012788653854215067
11,10,C13,Enterobacteriaceae,0.014047153648608764
11,10,C14,Enterobacteriaceae,0.006298738513530829
11,10,Enterobacteriaceae,Enterobacteriaceae,0.002626218641986277
11,10,Paenibacillaceae,Enterobacteriaceae,-0.048480272911307486
11,10,C1,Paenibacillaceae,0.3840171070872314
11,10,C2,Paenibacillaceae,0.0018897504137212928
11,10,C3,Paenibacillaceae,0.1625999963601559
11,10,C4,Paenibacillaceae,0.32430654603003795
11,10,C5,Paenibacillaceae,0.2609251613895103
11,10,C6,Paenibacillaceae,0.3106755134570688
11,10,C7,Paenibacillaceae,0.11823232625452076
11,10,C8,Paenibacillaceae,0.3272979222841239
11,10,C9,Paenibacillaceae,0.1654814318094284
11,10,C10,Paenibacillaceae,0.1736275545242114
11,10,C11,Paenibacillaceae,0.11492811716527612
11,10,C12,Paenibacillaceae,0.1377545027736945
11,10,C13,Paenibacillaceae,-0.04624099760461328
11,10,C14,Paenibacillaceae,0.09045761482898758
11,10,Enterobacteriaceae,Paenibacillaceae,0.003361737890578154
11,10,Paenibacillaceae,Paenibacillaceae,0.14696241505887614
12,11,C1,C1,-0.15104057772990728
12,11,C2,C1,-0.01866867579473117
12,11,C3,C1,-0.12996336266877345
12,11,C4,C1,0.0835932981222349
12,11,C5,C1,-0.0049544461627380396
12,11,C6,C1,0.01085880049871294
12,11,C7,C1,0.023504676567498058
12,11,C8,C1,0.008450062914302926
12,11,C9,C1,-0.0673499136182731
12,11,C10,C1,0.08101277891000147
12,11,C11,C1,-0.002193048026063126
12,11,C12,C1,-0.06742986902648689
12,11,C13,C1,-0.01743313229095224
12,11,C14,C1,0.023197270108105617
12,11,Enterobacteriaceae,C1,0.020038615192427413
12,11,Paenibacillaceae,C1,-0.2749430482715947
12,11,C1,C2,0.026319944738157602
12,11,C2,C2,0.0011014391621225438
12,11,C3,C2,0.004666763382883597
12,11,C4,C2,0.04246605970434457
12,11,C5,C2,0.005063211830030937
12,11,C6,C2,0.007372540400035736
12,11,C7,C2,0.019209586501527067
12,11,C8,C2,-0.0012340737191962182
12,11,C9,C2,-0.007346190618755388
12,11,C10,C2,0.014206236453300363
12,11,C11,C2,0.002821146158987274
12,11,C12,C2,-0.010862350588557163
12,11,C13,C2,2.0263795338745414e-4
12,11,C14,C2,0.006294447848732
12,11,Enterobacteriaceae,C2,-0.0018661634534215903
12,11,Paenibacillaceae,C2,0.04062577320647425
12,11,C1,C3,-0.11694590285133159
12,11,C2,C3,-0.00983274139601031
12,11,C3,C3,-0.14263227503690648
12,11,C4,C3,-0.05308315091779076
12,11,C5,C3,-0.06174492334004376
12,11,C6,C3,-0.10130595921434205
12,11,C7,C3,-0.14321724103298084
12,11,C8,C3,-0.14568513118598406
12,11,C9,C3,-0.1905787648684179
12,11,C10,C3,-0.07275819695414987
12,11,C11,C3,-0.13431515364917762
12,11,C12,C3,-0.21172743004102107
12,11,C13,C3,-0.1888480289502102
12,11,C14,C3,-0.19359134033149186
12,11,Enterobacteriaceae,C3,0.005509288945264147
12,11,Paenibacillaceae,C3,-0.10549871101992746
12,11,C1,C4,-0.6250429502421837
12,11,C2,C4,-0.06767044695216333
12,11,C3,C4,-0.3394008320196892
12,11,C4,C4,-0.48060027445027875
12,11,C5,C4,-0.4669485834684828
12,11,C6,C4,-0.5122734446842169
12,11,C7,C4,-0.18464880655506666
12,11,C8,C4,-0.45639667515663845
12,11,C9,C4,-0.3161804189738685
12,11,C10,C4,-0.08894323262428848
12,11,C11,C4,-0.17409790196735184
12,11,C12,C4,-0.25021636870593494
12,11,C13,C4,0.0980187353511204
12,11,C14,C4,-0.09727682458969049
12,11,Enterobacteriaceae,C4,0.030841549952083446
12,11,Paenibacillaceae,C4,-0.4432232935641765
12,11,C1,C5,-0.45670766311261735
12,11,C2,C5,-0.05680737089264191
12,11,C3,C5,-0.36451002328792786
12,11,C4,C5,-0.06867472295651528
12,11,C5,C5,-0.22253693134249095
12,11,C6,C5,-0.24113457487804726
12,11,C7,C5,-0.09024662576564327
12,11,C8,C5,-0.26720047413725234
12,11,C9,C5,-0.31831793752151755
12,11,C10,C5,-0.020327532715205102
12,11,C11,C5,-0.11120294781064596
12,11,C12,C5,-0.30379000024414404
12,11,C13,C5,-0.06405470891155604
12,11,C14,C5,-0.0752908327395341
12,11,Enterobacteriaceae,C5,0.039596384603884184
12,11,Paenibacillaceae,C5,-0.49619091907497104
12,11,C1,C6,-0.42028910062625957
12,11,C2,C6,-0.048839533344054255
12,11,C3,C6,-0.28780761857761666
12,11,C4,C6,-0.05228416205448664
12,11,C5,C6,-0.21083727245191655
12,11,C6,C6,-0.25012240111476414
12,11,C7,C6,-0.018222229373502593
12,11,C8,C6,-0.295225943478413
12,11,C9,C6,-0.26185749734271824
12,11,C10,C6,-8.484421207345799e-4
12,11,C11,C6,-0.07578130085045044
12,11,C12,C6,-0.24179831013309322
12,11,C13,C6,0.032689448667257835
12,11,C14,C6,-0.03427650876133635
12,11,Enterobacteriaceae,C6,0.027073008522254693
12,11,Paenibacillaceae,C6,-0.42452694596710433
12,11,C1,C7,-0.5449199609651425
12,11,C2,C7,-0.056400336286430604
12,11,C3,C7,-0.3066264597430096
12,11,C4,C7,-0.6052880768541593
12,11,C5,C7,-0.38377233381278536
12,11,C6,C7,-0.49683383067007525
12,11,C7,C7,-0.35600928552071676
12,11,C8,C7,-0.48381497922090266
12,11,C9,C7,-0.34246840577693444
12,11,C10,C7,-0.22153200738484644
12,11,C11,C7,-0.2672769624133356
12,11,C12,C7,-0.28098022519765753
12,11,C13,C7,-0.08987291763897037
12,11,C14,C7,-0.2859549308331572
12,11,Enterobacteriaceae,C7,0.026395067972205314
12,11,Paenibacillaceae,C7,-0.32605712251672825
12,11,C1,C8,-0.2988673418766248
12,11,C2,C8,-0.03487433916085199
12,11,C3,C8,-0.16316317210456235
12,11,C4,C8,0.08183610661541822
12,11,C5,C8,-0.07321717788631553
12,11,C6,C8,-0.12950116753425683
12,11,C7,C8,0.11411921632564086
12,11,C8,C8,-0.2157216464908905
12,11,C9,C8,-0.12596640535304457
12,11,C10,C8,0.025683152032916514
12,11,C11,C8,0.034577815840847154
12,11,C12,C8,-0.10857200915734451
12,11,C13,C8,0.13325566313987297
12,11,C14,C8,0.06714273095473199
12,11,Enterobacteriaceae,C8,0.017402689051019944
12,11,Paenibacillaceae,C8,-0.3669841251726412
12,11,C1,C9,-0.3527880316944473
12,11,C2,C9,-0.037409019753437744
12,11,C3,C9,-0.26070962663468256
12,11,C4,C9,-0.17125120565560925
12,11,C5,C9,-0.1382277997059079
12,11,C6,C9,-0.22889854471605026
12,11,C7,C9,-0.17367029764076816
12,11,C8,C9,-0.3031175524688861
12,11,C9,C9,-0.2769794689331289
12,11,C10,C9,-0.12327000321135871
12,11,C11,C9,-0.15492348720048105
12,11,C12,C9,-0.2592109662980537
12,11,C13,C9,-0.13344242156823283
12,11,C14,C9,-0.191081944006092
12,11,Enterobacteriaceae,C9,0.024275930882119236
12,11,Paenibacillaceae,C9,-0.32348864099178715
12,11,C1,C10,-0.2060057694068256
12,11,C2,C10,-0.033032334847231226
12,11,C3,C10,-0.03759760278692555
12,11,C4,C10,-0.08938619188087224
12,11,C5,C10,-0.08476731490531464
12,11,C6,C10,-0.15366343471398822
12,11,C7,C10,0.07105116599347748
12,11,C8,C10,-0.1952576620900113
12,11,C9,C10,-0.019503587875753563
12,11,C10,C10,-0.06143976328330369
12,11,C11,C10,0.08862215686268678
12,11,C12,C10,-0.015596981292337976
12,11,C13,C10,0.17974602331857023
12,11,C14,C10,0.05550995353781477
12,11,Enterobacteriaceae,C10,0.008457601401009335
12,11,Paenibacillaceae,C10,-0.22587271434546446
12,11,C1,C11,-0.4570451672485773
12,11,C2,C11,-0.04126811392540798
12,11,C3,C11,-0.29686409537280223
12,11,C4,C11,-0.43159918403134284
12,11,C5,C11,-0.2941711761524269
12,11,C6,C11,-0.37455613647750025
12,11,C7,C11,-0.2999486121739739
12,11,C8,C11,-0.3815245032870659
12,11,C9,C11,-0.32023112454812547
12,11,C10,C11,-0.1912695381458811
12,11,C11,C11,-0.24847578373423979
12,11,C12,C11,-0.26994120869073346
12,11,C13,C11,-0.13275699517736161
12,11,C14,C11,-0.24756984027743628
12,11,Enterobacteriaceae,C11,0.02379080138440334
12,11,Paenibacillaceae,C11,-0.3277189639396512
12,11,C1,C12,-0.3239087820766645
12,11,C2,C12,-0.03289966477157884
12,11,C3,C12,-0.243395328463702
12,11,C4,C12,-0.21645784369020657
12,11,C5,C12,-0.14121275056557447
12,11,C6,C12,-0.26540329399231904
12,11,C7,C12,-0.24274639358885353
12,11,C8,C12,-0.35490263241942155
12,11,C9,C12,-0.31656382357061374
12,11,C10,C12,-0.13044865860367372
12,11,C11,C12,-0.2148415945663115
12,11,C12,C12,-0.3251428810366207
12,11,C13,C12,-0.22177106473001054
12,11,C14,C12,-0.32331504772101544
12,11,Enterobacteriaceae,C12,0.01466533091702616
12,11,Paenibacillaceae,C12,-0.26693469408242204
12,11,C1,C13,-0.3802874280339328
12,11,C2,C13,-0.034089200296585014
12,11,C3,C13,-0.21190140591036621
12,11,C4,C13,-0.6345160890031238
12,11,C5,C13,-0.2696389025545499
12,11,C6,C13,-0.4250557874037673
12,11,C7,C13,-0.4557016126617741
12,11,C8,C13,-0.44351189390989404
12,11,C9,C13,-0.3119514267159803
12,11,C10,C13,-0.2836244323796938
12,11,C11,C13,-0.3204001528525881
12,11,C12,C13,-0.27658466001050036
12,11,C13,C13,-0.24487644246843243
12,11,C14,C13,-0.4384849828855043
12,11,Enterobacteriaceae,C13,0.011714105633262572
12,11,Paenibacillaceae,C13,-0.15625457866921447
12,11,C1,C14,-0.5107264910434176
12,11,C2,C14,-0.05350249288932029
12,11,C3,C14,-0.2683335890188502
12,11,C4,C14,-0.5906913658704135
12,11,C5,C14,-0.32038365505530275
12,11,C6,C14,-0.47315857960399277
12,11,C7,C14,-0.3592417415429248
12,11,C8,C14,-0.49293988589537013
12,11,C9,C14,-0.3264546980425316
12,11,C10,C14,-0.202450624460432
12,11,C11,C14,-0.28040517655367897
12,11,C12,C14,-0.26513496091075894
12,11,C13,C14,-0.11023305175843028
12,11,C14,C14,-0.33351070285462825
12,11,Enterobacteriaceae,C14,0.022031854751396986
12,11,Paenibacillaceae,C14,-0.32315328371999147
12,11,C1,Enterobacteriaceae,-0.029091848891837403
12,11,C2,Enterobacteriaceae,-0.004268395732212508
12,11,C3,Enterobacteriaceae,-0.012710435487378874
12,11,C4,Enterobacteriaceae,-0.010128878424697008
12,11,C5,Enterobacteriaceae,-0.007699922772865839
12,11,C6,Enterobacteriaceae,-0.011656716742222335
12,11,C7,Enterobacteriaceae,0.0027363239097779528
12,11,C8,Enterobacteriaceae,-0.012393044773247739
12,11,C9,Enterobacteriaceae,-0.004226476645724343
12,11,C10,Enterobacteriaceae,-0.0012750945174854979
12,11,C11,Enterobacteriaceae,0.003669832203038302
12,11,C12,Enterobacteriaceae,-3.9974110569938415e-4
12,11,C13,Enterobacteriaceae,0.013482660040340126
12,11,C14,Enterobacteriaceae,0.006685964203056807
12,11,Enterobacteriaceae,Enterobacteriaceae,0.0025312440063666383
12,11,Paenibacillaceae,Enterobacteriaceae,-0.045236463700217576
12,11,C1,Paenibacillaceae,0.32653911225854976
12,11,C2,Paenibacillaceae,-0.0035454952717347494
12,11,C3,Paenibacillaceae,0.13602727794921463
12,11,C4,Paenibacillaceae,0.2950802430387611
12,11,C5,Paenibacillaceae,0.24581819585806883
12,11,C6,Paenibacillaceae,0.2889186780097553
12,11,C7,Paenibacillaceae,0.1178894803886018
12,11,C8,Paenibacillaceae,0.30464135274060383
12,11,C9,Paenibacillaceae,0.15808228365889448
12,11,C10,Paenibacillaceae,0.16545863148705403
12,11,C11,Paenibacillaceae,0.11595486769179544
12,11,C12,Paenibacillaceae,0.1430124128020202
12,11,C13,Paenibacillaceae,-0.021500269277425287
12,11,C14,Paenibacillaceae,0.10845362414624789
12,11,Enterobacteriaceae,Paenibacillaceae,0.008434365754108617
12,11,Paenibacillaceae,Paenibacillaceae,0.09096473195194707
13,12,C1,C1,-0.1611643704944805
13,12,C2,C1,-0.025344175527586884
13,12,C3,C1,-0.13778786246285066
13,12,C4,C1,0.07628823268305089
13,12,C5,C1,0.0055231112464169275
13,12,C6,C1,0.01004869641523757
13,12,C7,C1,0.03113498697732871
13,12,C8,C1,0.0027946923956763455
13,12,C9,C1,-0.056524925084455474
13,12,C10,C1,0.07634654536933701
13,12,C11,C1,0.010705399867742361
13,12,C12,C1,-0.05794602562889198
13,12,C13,C1,-0.004790803371844674
13,12,C14,C1,0.034118977150042244
13,12,Enterobacteriaceae,C1,0.024691850676954008
13,12,Paenibacillaceae,C1,-0.2946872237513312
13,12,C1,C2,0.029925371732167128
13,12,C2,C2,0.0031092011330644447
13,12,C3,C2,0.009052651878537266
13,12,C4,C2,0.038970220874048805
13,12,C5,C2,0.0020607879315964503
13,12,C6,C2,0.006724954626057676
13,12,C7,C2,0.015147055895828128
13,12,C8,C2,1.306196757043225e-4
13,12,C9,C2,-0.00804627602957807
13,12,C10,C2,0.012467498668933187
13,12,C11,C2,-6.578102132880191e-4
13,12,C12,C2,-0.010918919952067983
13,12,C13,C2,-0.002664053798476475
13,12,C14,C2,0.002485397023427909
13,12,Enterobacteriaceae,C2,-0.003326317523066963
13,12,Paenibacillaceae,C2,0.04813594819390559
13,12,C1,C3,-0.11739189407260239
13,12,C2,C3,-0.012719743913462828
13,12,C3,C3,-0.1390878997811152
13,12,C4,C3,-0.048747756494914585
13,12,C5,C3,-0.05203446112327296
13,12,C6,C3,-0.09274813040849317
13,12,C7,C3,-0.1268566473298636
13,12,C8,C3,-0.13566926304123908
13,12,C9,C3,-0.17223830953376934
13,12,C10,C3,-0.06567902535412666
13,12,C11,C3,-0.11730364495666813
13,12,C12,C3,-0.19221353341736958
13,12,C13,C3,-0.16794560441811324
13,12,C14,C3,-0.17152671934017452
13,12,Enterobacteriaceae,C3,0.007898567461666018
13,12,Paenibacillaceae,C3,-0.11592687994498062
13,12,C1,C4,-0.6004718564134739
13,12,C2,C4,-0.07208421361537791
13,12,C3,C4,-0.33384612881494574
13,12,C4,C4,-0.4405574050341224
13,12,C5,C4,-0.41538120174786525
13,12,C6,C4,-0.4690995636226568
13,12,C7,C4,-0.157363949642697
13,12,C8,C4,-0.42410277794994883
13,12,C9,C4,-0.2832822357027705
13,12,C10,C4,-0.07884539108311638
13,12,C11,C4,-0.14389094783833348
13,12,C12,C4,-0.22451326360329862
13,12,C13,C4,0.10347587672066606
13,12,C14,C4,-0.07333341418378037
13,12,Enterobacteriaceae,C4,0.036015031874616577
13,12,Paenibacillaceae,C4,-0.45847385200511964
13,12,C1,C5,-0.354771576104978
13,12,C2,C5,-0.029082393299638007
13,12,C3,C5,-0.2816720171131727
13,12,C4,C5,-0.06211178816858495
13,12,C5,C5,-0.23196529970219745
13,12,C6,C5,-0.22117326400332687
13,12,C7,C5,-0.10941382625732371
13,12,C8,C5,-0.2309696976756596
13,12,C9,C5,-0.3059612374201188
13,12,C10,C5,-0.024575575331324293
13,12,C11,C5,-0.1372775851546527
13,12,C12,C5,-0.28886129615563655
13,12,C13,C5,-0.0898069511003428
13,12,C14,C5,-0.10480484811709133
13,12,Enterobacteriaceae,C5,0.018607352507891452
13,12,Paenibacillaceae,C5,-0.3351387059803101
13,12,C1,C6,-0.38697976355607344
13,12,C2,C6,-0.0454635772595699
13,12,C3,C6,-0.265274602985742
13,12,C4,C6,-0.04791350159536617
13,12,C5,C6,-0.19225024598618656
13,12,C6,C6,-0.22909738440458902
13,12,C7,C6,-0.01584414995096873
13,12,C8,C6,-0.2708522837036694
13,12,C9,C6,-0.239398489060429
13,12,C10,C6,-5.87082312449731e-4
13,12,C11,C6,-0.06829401945123725
13,12,C12,C6,-0.22113753508756007
13,12,C13,C6,0.030926779026512426
13,12,C14,C6,-0.030260734617306394
13,12,Enterobacteriaceae,C6,0.025354351529647764
13,12,Paenibacillaceae,C6,-0.3926260958266281
13,12,C1,C7,-0.5175790712717875
13,12,C2,C7,-0.058328144931005
13,12,C3,C7,-0.2960189592044516
13,12,C4,C7,-0.5546499403171198
13,12,C5,C7,-0.343389787763393
13,12,C6,C7,-0.455000837122961
13,12,C7,C7,-0.31832471655673417
13,12,C8,C7,-0.4471572857221435
13,12,C9,C7,-0.3095126651411011
13,12,C10,C7,-0.20118375976575478
13,12,C11,C7,-0.23453532060427348
13,12,C12,C7,-0.25428026730600084
13,12,C13,C7,-0.07328181655398255
13,12,C14,C7,-0.2515163214927181
13,12,Enterobacteriaceae,C7,0.02930240594245645
13,12,Paenibacillaceae,C7,-0.3333076174653675
13,12,C1,C8,-0.28788775610147904
13,12,C2,C8,-0.03704972797877986
13,12,C3,C8,-0.16106423848502924
13,12,C4,C8,0.07478420113448724
13,12,C5,C8,-0.06081996699104968
13,12,C6,C8,-0.11855341479918026
13,12,C7,C8,0.11047954791025184
13,12,C8,C8,-0.20065766189155726
13,12,C9,C8,-0.11218047410161607
13,12,C10,C8,0.02485063136789929
13,12,C11,C8,0.039549190457121665
13,12,C12,C8,-0.09708705319951313
13,12,C13,C8,0.1289823048461339
13,12,C14,C8,0.06947304815642767
13,12,Enterobacteriaceae,C8,0.019865691161309405
13,12,Paenibacillaceae,C8,-0.3626906285847832
13,12,C1,C9,-0.331906645456773
13,12,C2,C9,-0.03743252248044881
13,12,C3,C9,-0.24600240008016977
13,12,C4,C9,-0.1569679566952425
13,12,C5,C9,-0.12274814840527752
13,12,C6,C9,-0.2096242107076205
13,12,C7,C9,-0.155386227410029
13,12,C8,C9,-0.27954516061742607
13,12,C9,C9,-0.25171971007351546
13,12,C10,C9,-0.1120884211335151
13,12,C11,C9,-0.1370207059804969
13,12,C12,C9,-0.23596173434602233
13,12,C13,C9,-0.11793508287476373
13,12,C14,C9,-0.17008020550948347
13,12,Enterobacteriaceae,C9,0.024669530433346243
13,12,Paenibacillaceae,C9,-0.31276469985036337
13,12,C1,C10,-0.19984118962337252
13,12,C2,C10,-0.03428292361579743
13,12,C3,C10,-0.04359527054879906
13,12,C4,C10,-0.0820127473624833
13,12,C5,C10,-0.07271914603425063
13,12,C6,C10,-0.14069895132504848
13,12,C7,C10,0.06977263980671078
13,12,C8,C10,-0.18126558115358093
13,12,C9,C10,-0.015340742454086193
13,12,C10,C10,-0.05523136780769228
13,12,C11,C10,0.08738663518829803
13,12,C12,C10,-0.012424460311812548
13,12,C13,C10,0.17010191001705255
13,12,C14,C10,0.05713218492646272
13,12,Enterobacteriaceae,C10,0.010843547042594765
13,12,Paenibacillaceae,C10,-0.22782501371903033
13,12,C1,C11,-0.42599027819725194
13,12,C2,C11,-0.0404572958818714
13,12,C3,C11,-0.2779585173285684
13,12,C4,C11,-0.3954203501024371
13,12,C5,C11,-0.26621217658701374
13,12,C6,C11,-0.3430483891400778
13,12,C7,C11,-0.27164738803204813
13,12,C8,C11,-0.35105713373613356
13,12,C9,C11,-0.29165661574985763
13,12,C10,C11,-0.17450606776905908
13,12,C11,C11,-0.2234985726186536
13,12,C12,C11,-0.2460258164756156
13,12,C13,C11,-0.11799915090598166
13,12,C14,C11,-0.2226176888234622
13,12,Enterobacteriaceae,C11,0.023833151590166395
13,12,Paenibacillaceae,C11,-0.31398714881203293
13,12,C1,C12,-0.33221402159227703
13,12,C2,C12,-0.0429657309439275
13,12,C3,C12,-0.25212428152302696
13,12,C4,C12,-0.19870887780981686
13,12,C5,C12,-0.11364163851708399
13,12,C6,C12,-0.24293457289957876
13,12,C7,C12,-0.20739438256306217
13,12,C8,C12,-0.33277908948067497
13,12,C9,C12,-0.2819179309362995
13,12,C10,C12,-0.11615580807477674
13,12,C11,C12,-0.17699095710300672
13,12,C12,C12,-0.29188936833330686
13,12,C13,C12,-0.18573223241130346
13,12,C14,C12,-0.27611067585640575
13,12,Enterobacteriaceae,C12,0.02330205312496529
13,12,Paenibacillaceae,C12,-0.31121605946587166
13,12,C1,C13,-0.3573451816957027
13,12,C2,C13,-0.03448117603888677
13,12,C3,C13,-0.20150043231320466
13,12,C4,C13,-0.581306733504782
13,12,C5,C13,-0.2429999712334626
13,12,C6,C13,-0.3892955275071588
13,12,C7,C13,-0.41361254802326736
13,12,C8,C13,-0.40819592565798796
13,12,C9,C13,-0.2836960041984194
13,12,C10,C13,-0.25894477599414145
13,12,C11,C13,-0.28845229033439146
13,12,C12,C13,-0.2518356515381052
13,12,C13,C13,-0.2198824695494082
13,12,C14,C13,-0.3965527966452404
13,12,Enterobacteriaceae,C13,0.013233053594506468
13,12,Paenibacillaceae,C13,-0.16005320161072117
13,12,C1,C14,-0.48782557972511303
13,12,C2,C14,-0.05623792596414223
13,12,C3,C14,-0.26222947775918026
13,12,C4,C14,-0.5413005861513335
13,12,C5,C14,-0.28462299387480533
13,12,C6,C14,-0.4333057518058265
13,12,C7,C14,-0.3206268764308
13,12,C8,C14,-0.45585512111305904
13,12,C9,C14,-0.29448942859203636
13,12,C10,C14,-0.1835600974282394
13,12,C11,C14,-0.24568698890715468
13,12,C12,C14,-0.23950912587987205
13,12,C13,C14,-0.09116368094329652
13,12,C14,C14,-0.2941938379955778
13,12,Enterobacteriaceae,C14,0.0257410351487412
13,12,Paenibacillaceae,C14,-0.3335892703240013
13,12,C1,Enterobacteriaceae,-0.027944212597373938
13,12,C2,Enterobacteriaceae,-0.0043479035446519826
13,12,C3,Enterobacteriaceae,-0.01268306063796654
13,12,C4,Enterobacteriaceae,-0.009316925727585117
13,12,C5,Enterobacteriaceae,-0.006260712868544755
13,12,C6,Enterobacteriaceae,-0.010635068634301746
13,12,C7,Enterobacteriaceae,0.003039036276691118
13,12,C8,Enterobacteriaceae,-0.011635586425131579
13,12,C9,Enterobacteriaceae,-0.0035688534441088277
13,12,C10,Enterobacteriaceae,-0.001066269690042747
13,12,C11,Enterobacteriaceae,0.004090059806742213
13,12,C12,Enterobacteriaceae,-2.2256373341132703e-4
13,12,C13,Enterobacteriaceae,0.012983364701667626
13,12,C14,Enterobacteriaceae,0.006828277357567596
13,12,Enterobacteriaceae,Enterobacteriaceae,0.002665404925321651
13,12,Paenibacillaceae,Enterobacteriaceae,-0.04386296899037996
13,12,C1,Paenibacillaceae,0.2796335579022574
13,12,C2,Paenibacillaceae,-0.010280536302548774
13,12,C3,Paenibacillaceae,0.10860418415957959
13,12,C4,Paenibacillaceae,0.2700439762537569
13,12,C5,Paenibacillaceae,0.23374828540073778
13,12,C6,Paenibacillaceae,0.2647277408122378
13,12,C7,Paenibacillaceae,0.11617733814254098
13,12,C8,Paenibacillaceae,0.2748222166670813
13,12,C9,Paenibacillaceae,0.14920490874785694
13,12,C10,Paenibacillaceae,0.15338125804161576
13,12,C11,Paenibacillaceae,0.11705770777782826
13,12,C12,Paenibacillaceae,0.13425018704725647
13,12,C13,Paenibacillaceae,-0.01015779015856852
13,12,C14,Paenibacillaceae,0.11032014063307062
13,12,Enterobacteriaceae,Paenibacillaceae,0.013131539574961472
13,12,Paenibacillaceae,Paenibacillaceae,0.0467652244260007
14,13,C1,C1,-0.16533099328179196
14,13,C2,C1,-0.031043931855481387
14,13,C3,C1,-0.14217306798593127
14,13,C4,C1,0.07156405318702595
14,13,C5,C1,8.81171091861289e-4
14,13,C6,C1,0.007401857539092809
14,13,C7,C1,0.03660975952301208
14,13,C8,C1,-0.0011402689378198548
14,13,C9,C1,-0.04894136699554703
14,13,C10,C1,0.07302725315490276
14,13,C11,C1,0.0188190530061967
14,13,C12,C1,-0.04698525338234307
14,13,C13,C1,0.00368643638675597
14,13,C14,C1,0.04230610272675908
14,13,Enterobacteriaceae,C1,0.02797214756876378
14,13,Paenibacillaceae,C1,-0.30352992361789133
14,13,C1,C2,0.02700879615503554
14,13,C2,C2,0.002585478645917077
14,13,C3,C2,0.007803497954486225
14,13,C4,C2,0.036002490541633236
14,13,C5,C2,0.0017016024018678953
14,13,C6,C2,0.0061275277047959644
14,13,C7,C2,0.014263822019216773
14,13,C8,C2,-2.019355810078482e-5
14,13,C9,C2,-0.007313139873609184
14,13,C10,C2,0.011598005243526256
14,13,C11,C2,-2.887739825424659e-4
14,13,C12,C2,-0.009830073190020909
14,13,C13,C2,-0.002171381301917426
14,13,C14,C2,0.002686449256797289
14,13,Enterobacteriaceae,C2,-0.0028815507058078706
14,13,Paenibacillaceae,C2,0.043268250670059245
14,13,C1,C3,-0.11945450643199172
14,13,C2,C3,-0.016873541016146732
14,13,C3,C3,-0.13840508720742364
14,13,C4,C3,-0.04416598682825095
14,13,C5,C3,-0.050850206335716526
14,13,C6,C3,-0.08681485002684723
14,13,C7,C3,-0.11173275693475702
14,13,C8,C3,-0.12764781154850718
14,13,C9,C3,-0.15674409371866027
14,13,C10,C3,-0.05884410284846623
14,13,C11,C3,-0.10221913178186379
14,13,C12,C3,-0.17297325698912547
14,13,C13,C3,-0.14949768776792166
14,13,C14,C3,-0.15096920112429157
14,13,Enterobacteriaceae,C3,0.010767154332067062
14,13,Paenibacillaceae,C3,-0.12817207813794024
14,13,C1,C4,-0.5731700581375909
14,13,C2,C4,-0.07535874725438751
14,13,C3,C4,-0.3253797463040094
14,13,C4,C4,-0.40502075623767714
14,13,C5,C4,-0.388097633428789
14,13,C6,C4,-0.43490231724657064
14,13,C7,C4,-0.13604384223171043
14,13,C8,C4,-0.3955296317907138
14,13,C9,C4,-0.2576288094020528
14,13,C10,C4,-0.06972691947112425
14,13,C11,C4,-0.12240694186808197
14,13,C12,C4,-0.19962529167060622
14,13,C13,C4,0.10481458045791428
14,13,C14,C4,-0.05512928977791728
14,13,Enterobacteriaceae,C4,0.03922482320985136
14,13,Paenibacillaceae,C4,-0.4595403741055837
14,13,C1,C5,-0.32237705087008606
14,13,C2,C5,-0.024675235440571795
14,13,C3,C5,-0.25550505617320207
14,13,C4,C5,-0.057518064371628555
14,13,C5,C5,-0.21332932272276786
14,13,C6,C5,-0.20359034729143902
14,13,C7,C5,-0.1031472694293925
14,13,C8,C5,-0.21206419061649712
14,13,C9,C5,-0.28324777604245405
14,13,C10,C5,-0.023387193406815904
14,13,C11,C5,-0.12929060821851218
14,13,C12,C5,-0.2682407393051115
14,13,C13,C5,-0.0852769116657258
14,13,C14,C5,-0.09979310100174597
14,13,Enterobacteriaceae,C5,0.015649573495689774
14,13,Paenibacillaceae,C5,-0.2998670431278188
14,13,C1,C6,-0.36520308994189465
14,13,C2,C6,-0.045735380612645704
14,13,C3,C6,-0.25215897183146774
14,13,C4,C6,-0.04359429639376661
14,13,C5,C6,-0.17950792332451637
14,13,C6,C6,-0.21227514928735686
14,13,C7,C6,-0.010708824329809246
14,13,C8,C6,-0.2517037192561856
14,13,C9,C6,-0.2192693269252304
14,13,C10,C6,7.475569395356712e-4
14,13,C11,C6,-0.05859016478027868
14,13,C12,C6,-0.20078488590095503
14,13,C13,C6,0.03252247857833478
14,13,C14,C6,-0.022559756267114428
14,13,Enterobacteriaceae,C6,0.025953769072089326
14,13,Paenibacillaceae,C6,-0.37782940469762233
14,13,C1,C7,-0.49172020859206617
14,13,C2,C7,-0.060381250658850215
14,13,C3,C7,-0.28598299773443403
14,13,C4,C7,-0.5106187475160441
14,13,C5,C7,-0.3204537973497226
14,13,C6,C7,-0.4213430127831515
14,13,C7,C7,-0.28688163501010405
14,13,C8,C7,-0.41568909662152476
14,13,C9,C7,-0.2827864849223411
14,13,C10,C7,-0.18335687646184531
14,13,C11,C7,-0.20870086119925438
14,13,C12,C7,-0.22901359066826227
14,13,C13,C7,-0.06066774289076392
14,13,C14,C7,-0.2227361386436106
14,13,Enterobacteriaceae,C7,0.031479430606980996
14,13,Paenibacillaceae,C7,-0.3346003875787048
14,13,C1,C8,-0.2722385176103115
14,13,C2,C8,-0.03722099999744561
14,13,C3,C8,-0.15458574407297113
14,13,C4,C8,0.06943176401097526
14,13,C5,C8,-0.05764822423379195
14,13,C6,C8,-0.11008356638703977
14,13,C7,C8,0.10504753045987718
14,13,C8,C8,-0.1865688361127718
14,13,C9,C8,-0.10218725132250306
14,13,C10,C8,0.023952935301631947
14,13,C11,C8,0.040069599921925714
14,13,C12,C8,-0.08700366316587393
14,13,C13,C8,0.12224020055355397
14,13,C14,C8,0.06840583842469652
14,13,Enterobacteriaceae,C8,0.02040211605908033
14,13,Paenibacillaceae,C8,-0.3472531986098488
14,13,C1,C9,-0.3134730346296301
14,13,C2,C9,-0.03788338970305109
14,13,C3,C9,-0.23352670676142162
14,13,C4,C9,-0.1442836888826218
14,13,C5,C9,-0.11505569209842137
14,13,C6,C9,-0.19418801993593068
14,13,C7,C9,-0.13989012070713558
14,13,C8,C9,-0.25950004001639404
14,13,C9,C9,-0.230802102249093
14,13,C10,C9,-0.10226304620153795
14,13,C11,C9,-0.12248143225564312
14,13,C12,C9,-0.21484242949597873
14,13,C13,C9,-0.10524136425153918
14,13,C14,C9,-0.15215487972597883
14,13,Enterobacteriaceae,C9,0.02503146330500451
14,13,Paenibacillaceae,C9,-0.30239475500832663
14,13,C1,C10,-0.18884481561092825
14,13,C2,C10,-0.03368453371923879
14,13,C3,C10,-0.04427270149873379
14,13,C4,C10,-0.07534558182864107
14,13,C5,C10,-0.06816639768353856
14,13,C6,C10,-0.13028608758506247
14,13,C7,C10,0.066483338277815
14,13,C8,C10,-0.1682092773077931
14,13,C9,C10,-0.013281947703035167
14,13,C10,C10,-0.050252805220554045
14,13,C11,C10,0.08302811964088108
14,13,C12,C10,-0.009727596609258924
14,13,C13,C10,0.15910731532291106
14,13,C14,C10,0.055619832415772785
14,13,Enterobacteriaceae,C10,0.011403601905091551
14,13,Paenibacillaceae,C10,-0.21871256342219947
14,13,C1,C11,-0.39986479787270607
14,13,C2,C11,-0.040496077675057925
14,13,C3,C11,-0.26265059150886017
14,13,C4,C11,-0.3642724143977324
14,13,C5,C11,-0.2473319859143408
14,13,C6,C11,-0.3172310534162485
14,13,C7,C11,-0.2473216256289386
14,13,C8,C11,-0.32538471356822923
14,13,C9,C11,-0.267723436660494
14,13,C10,C11,-0.15990154453192199
14,13,C11,C11,-0.20247118303911812
14,13,C12,C11,-0.22427348057748014
14,13,C13,C11,-0.10549731464426032
14,13,C14,C11,-0.20087478909017353
14,13,Enterobacteriaceae,C11,0.02413624614189392
14,13,Paenibacillaceae,C11,-0.30276522224118396
14,13,C1,C12,-0.31709840290390795
14,13,C2,C12,-0.04448258311285412
14,13,C3,C12,-0.24215601237426493
14,13,C4,C12,-0.18260569118405334
14,13,C5,C12,-0.10724802801902014
14,13,C6,C12,-0.225242909852366
14,13,C7,C12,-0.18632822765332066
14,13,C8,C12,-0.3093137790049406
14,13,C9,C12,-0.25798940699723627
14,13,C10,C12,-0.10551395259223721
14,13,C11,C12,-0.1575470942800951
14,13,C12,C12,-0.26519241274457334
14,13,C13,C12,-0.16613487304702948
14,13,C14,C12,-0.24782281072262063
14,13,Enterobacteriaceae,C12,0.024807528553991934
14,13,Paenibacillaceae,C12,-0.3073160779218851
14,13,C1,C13,-0.33475447617650544
14,13,C2,C13,-0.03414743437438578
14,13,C3,C13,-0.1904907037039781
14,13,C4,C13,-0.5358946408890042
14,13,C5,C13,-0.225384704098928
14,13,C6,C13,-0.35967716048582465
14,13,C7,C13,-0.37914194276627805
14,13,C8,C13,-0.37768262932581276
14,13,C9,C13,-0.26071424484841627
14,13,C10,C13,-0.2380799340975384
14,13,C11,C13,-0.26334483723336394
14,13,C12,C13,-0.2303448489748554
14,13,C13,C13,-0.20034477427152228
14,13,C14,C13,-0.36249785255599576
14,13,Enterobacteriaceae,C13,0.01379939740816064
14,13,Paenibacillaceae,C13,-0.1573641828589403
14,13,C1,C14,-0.46033131249846304
14,13,C2,C14,-0.056616302064804266
14,13,C3,C14,-0.25122600029446396
14,13,C4,C14,-0.49861604915804736
14,13,C5,C14,-0.2651070037330458
14,13,C6,C14,-0.4008614579464383
14,13,C7,C14,-0.29089578716131737
14,13,C8,C14,-0.4228114151001462
14,13,C9,C14,-0.26967023946702295
14,13,C10,C14,-0.16772542103862875
14,13,C11,C14,-0.22109751554686688
14,13,C12,C14,-0.21694858981810639
14,13,C13,C14,-0.0790692692220667
14,13,C14,C14,-0.264684548862857
14,13,Enterobacteriaceae,C14,0.026962689262196114
14,13,Paenibacillaceae,C14,-0.32735954592331296
14,13,C1,Enterobacteriaceae,-0.023705543581942264
14,13,C2,Enterobacteriaceae,-0.0030569517742280684
14,13,C3,Enterobacteriaceae,-0.009825168813372039
14,13,C4,Enterobacteriaceae,-0.008743478905562313
14,13,C5,Enterobacteriaceae,-0.005248863206475013
14,13,C6,Enterobacteriaceae,-0.00957777803962379
14,13,C7,Enterobacteriaceae,0.0018214677952417748
14,13,C8,Enterobacteriaceae,-0.010270258677901958
14,13,C9,Enterobacteriaceae,-0.003690058029311713
14,13,C10,Enterobacteriaceae,-0.0013070903927169353
14,13,C11,Enterobacteriaceae,0.0026606186639984417
14,13,C12,Enterobacteriaceae,-0.0010102393170334117
14,13,C13,Enterobacteriaceae,0.010969004458097575
14,13,C14,Enterobacteriaceae,0.004951227540568104
14,13,Enterobacteriaceae,Enterobacteriaceae,0.0018125603219098056
14,13,Paenibacillaceae,Enterobacteriaceae,-0.03652097991050408
14,13,C1,Paenibacillaceae,0.24291200083647727
14,13,C2,Paenibacillaceae,-0.016406516872658213
14,13,C3,Paenibacillaceae,0.0865781939657847
14,13,C4,Paenibacillaceae,0.2501866328826875
14,13,C5,Paenibacillaceae,0.21181257981661397
14,13,C6,Paenibacillaceae,0.2425175307520941
14,13,C7,Paenibacillaceae,0.114296320021974
14,13,C8,Paenibacillaceae,0.2501591866367182
14,13,C9,Paenibacillaceae,0.1405289739274844
14,13,C10,Paenibacillaceae,0.14383912462765375
14,13,C11,Paenibacillaceae,0.11605932724907235
14,13,C12,Paenibacillaceae,0.12968735783704188
14,13,C13,Paenibacillaceae,-0.0020511771488532526
14,13,C14,Paenibacillaceae,0.11155111560220957
14,13,Enterobacteriaceae,Paenibacillaceae,0.016804473195922424
14,13,Paenibacillaceae,Paenibacillaceae,0.014525588620011258
15,14,C1,C1,-0.1663847584570386
15,14,C2,C1,-0.035225868005748166
15,14,C3,C1,-0.1441536116155646
15,14,C4,C1,0.06832208100841657
15,14,C5,C1,-0.004022004785527592
15,14,C6,C1,0.0049842153906153605
15,14,C7,C1,0.04101362041957938
15,14,C8,C1,-0.005100666522849911
15,14,C9,C1,-0.0434474935407805
15,14,C10,C1,0.06990870356492301
15,14,C11,C1,0.024245573691881014
15,14,C12,C1,-0.0388224962516703
15,14,C13,C1,0.00909079878568327
15,14,C14,C1,0.047837537971315736
15,14,Enterobacteriaceae,C1,0.030043708820255016
15,14,Paenibacillaceae,C1,-0.3063331161975768
15,14,C1,C2,0.023501211103812574
15,14,C2,C2,0.0016231637291495322
15,14,C3,C2,0.005765461242590542
15,14,C4,C2,0.033646707292280906
15,14,C5,C2,9.955472382932287e-4
15,14,C6,C2,0.005458250895747085
15,14,C7,C2,0.014091994173581856
15,14,C8,C2,-5.129225812634391e-4
15,14,C9,C2,-0.006550671179956109
15,14,C10,C2,0.011021568284348375
15,14,C11,C2,5.507537320148438e-4
15,14,C12,C2,-0.008549040508328032
15,14,C13,C2,-0.0013331872755340817
15,14,C14,C2,0.0035290081371763694
15,14,Enterobacteriaceae,C2,-0.0021806247346210735
15,14,Paenibacillaceae,C2,0.037178425519991155
15,14,C1,C3,-0.12035958838479857
15,14,C2,C3,-0.0203675562312313
15,14,C3,C3,-0.1374064514721153
15,14,C4,C3,-0.03958445634298083
15,14,C5,C3,-0.05074042356164426
15,14,C6,C3,-0.08195299811883984
15,14,C7,C3,-0.09852595566235149
15,14,C8,C3,-0.12143808293463426
15,14,C9,C3,-0.1440229771603165
15,14,C10,C3,-0.05304436061236294
15,14,C11,C3,-0.08989171086669412
15,14,C12,C3,-0.15702633463024657
15,14,C13,C3,-0.13458741818536424
15,14,C14,C3,-0.13381775953059633
15,14,Enterobacteriaceae,C3,0.0129888129946182
15,14,Paenibacillaceae,C3,-0.137026984351746
15,14,C1,C4,-0.5479127822438122
15,14,C2,C4,-0.07785459499914593
15,14,C3,C4,-0.31703789575695496
15,14,C4,C4,-0.3735271364816811
15,14,C5,C4,-0.366148603500137
15,14,C6,C4,-0.40594113699735074
15,14,C7,C4,-0.1175692244850957
15,14,C8,C4,-0.3720666496460755
15,14,C9,C4,-0.23666122327738642
15,14,C10,C4,-0.06207576424026206
15,14,C11,C4,-0.10523400812008768
15,14,C12,C4,-0.17936488359762912
15,14,C13,C4,0.10426808749614988
15,14,C14,C4,-0.04058170632865763
15,14,Enterobacteriaceae,C4,0.04144261009125569
15,14,Paenibacillaceae,C4,-0.4568854698868719
15,14,C1,C5,-0.3105416621798558
15,14,C2,C5,-0.028548743269616598
15,14,C3,C5,-0.24785944438979146
15,14,C4,C5,-0.05163257301797686
15,14,C5,C5,-0.2022014428994168
15,14,C6,C5,-0.19060920712321192
15,14,C7,C5,-0.08947763800576289
15,14,C8,C5,-0.20046295358729654
15,14,C9,C5,-0.26117835280681645
15,14,C10,C5,-0.019832725974464428
15,14,C11,C5,-0.11405148948227575
15,14,C12,C5,-0.24482596342019006
15,14,C13,C5,-0.07422737124780249
15,14,C14,C5,-0.0850981421465176
15,14,Enterobacteriaceae,C5,0.018108926818891615
15,14,Paenibacillaceae,C5,-0.29990214349763405
15,14,C1,C6,-0.3474984401458839
15,14,C2,C6,-0.04669395837054902
15,14,C3,C6,-0.242101897112707
15,14,C4,C6,-0.039184850443069484
15,14,C5,C6,-0.16979264505636465
15,14,C6,C6,-0.1982529581669642
15,14,C7,C6,-0.00526936756106211
15,14,C8,C6,-0.23628744659283074
15,14,C9,C6,-0.2021947668579068
15,14,C10,C6,0.0021066997258320772
15,14,C11,C6,-0.049889286152158034
15,14,C12,C6,-0.1831867887685092
15,14,C13,C6,0.03392592129071724
15,14,C14,C6,-0.015262748995034282
15,14,Enterobacteriaceae,C6,0.026789784275452037
15,14,Paenibacillaceae,C6,-0.36695329665164056
15,14,C1,C7,-0.4691609998242861
15,14,C2,C7,-0.06238916668342271
15,14,C3,C7,-0.277495618694918
15,14,C4,C7,-0.47199010207458375
15,14,C5,C7,-0.3021882394913103
15,14,C6,C7,-0.3928975900849435
15,14,C7,C7,-0.25927020227017034
15,14,C8,C7,-0.3897939265388432
15,14,C9,C7,-0.2604925721468033
15,14,C10,C7,-0.16805231941864152
15,14,C11,C7,-0.1869758181574295
15,14,C12,C7,-0.20781041649690232
15,14,C13,C7,-0.05069619797132806
15,14,C14,C7,-0.198224622574877
15,14,Enterobacteriaceae,C7,0.0332573761818356
15,14,Paenibacillaceae,C7,-0.3349172594295714
15,14,C1,C8,-0.25469018045004077
15,14,C2,C8,-0.03554961546715519
15,14,C3,C8,-0.14538159879767026
15,14,C4,C8,0.06472651667337777
15,14,C5,C8,-0.05426504750622939
15,14,C6,C8,-0.10245874101070584
15,14,C7,C8,0.09858722727406688
15,14,C8,C8,-0.17376799707623855
15,14,C9,C8,-0.09452002090609443
15,14,C10,C8,0.022565748669461972
15,14,C11,C8,0.038255015212798754
15,14,C12,C8,-0.0799817294239883
15,14,C13,C8,0.11434578969656804
15,14,C14,C8,0.06483440405370237
15,14,Enterobacteriaceae,C8,0.019576470834352454
15,14,Paenibacillaceae,C8,-0.3261481760982
15,14,C1,C9,-0.2964867396970183
15,14,C2,C9,-0.03791668093865661
15,14,C3,C9,-0.221975567499897
15,14,C4,C9,-0.13308008069044605
15,14,C5,C9,-0.1088567389405707
15,14,C6,C9,-0.1810285343422347
15,14,C7,C9,-0.12679691454309294
15,14,C8,C9,-0.2425744521957744
15,14,C9,C9,-0.21335159345197421
15,14,C10,C9,-0.0939882390869515
15,14,C11,C9,-0.11075575136730151
15,14,C12,C9,-0.1973347132549085
15,14,C13,C9,-0.09523609040871896
15,14,C14,C9,-0.13752288721450498
15,14,Enterobacteriaceae,C9,0.024986281948999444
15,14,Paenibacillaceae,C9,-0.29123092585797367
15,14,C1,C10,-0.17782658791415595
15,14,C2,C10,-0.032533236088155365
15,14,C3,C10,-0.043508535451182925
15,14,C4,C10,-0.06954740496472922
15,14,C5,C10,-0.06422172324483552
15,14,C6,C10,-0.12128667419425695
15,14,C7,C10,0.06309557010697374
15,14,C8,C10,-0.1569089525806262
15,14,C9,C10,-0.011934910146825089
15,14,C10,C10,-0.04621407150349229
15,14,C11,C10,0.07839957601497025
15,14,C12,C10,-0.008079083763115802
15,14,C13,C10,0.1487854059273134
15,14,C14,C10,0.05331889336994182
15,14,Enterobacteriaceae,C10,0.011393068080557104
15,14,Paenibacillaceae,C10,-0.20786418085523448
15,14,C1,C11,-0.376972459402319
15,14,C2,C11,-0.04049476777904571
15,14,C3,C11,-0.24929595670015656
15,14,C4,C11,-0.337196250091837
15,14,C5,C11,-0.23173249071398064
15,14,C6,C11,-0.2952646982676243
15,14,C7,C11,-0.22633098747887376
15,14,C8,C11,-0.30381644345413017
15,14,C9,C11,-0.24756987736183508
15,14,C10,C11,-0.14742909283105596
15,14,C11,C11,-0.18482901157772505
15,14,C12,C11,-0.20597346435779224
15,14,C13,C11,-0.09533861906671248
15,14,C14,C11,-0.1825330024718058
15,14,Enterobacteriaceae,C11,0.024253010293465795
15,14,Paenibacillaceae,C11,-0.2921631070533274
15,14,C1,C12,-0.29596875818608015
15,14,C2,C12,-0.04210841983446427
15,14,C3,C12,-0.22631179720331895
15,14,C4,C12,-0.16924820743445013
15,14,C5,C12,-0.10017014204268493
15,14,C6,C12,-0.20927891252368466
15,14,C7,C12,-0.17203616106057848
15,14,C8,C12,-0.2875466299914632
15,14,C9,C12,-0.23915842358568576
15,14,C10,C12,-0.09764513221817635
15,14,C11,C12,-0.14532778247393432
15,14,C12,C12,-0.24546389090762114
15,14,C13,C12,-0.1534243945392144
15,14,C14,C12,-0.22887705395741542
15,14,Enterobacteriaceae,C12,0.023552595476957754
15,14,Paenibacillaceae,C12,-0.28841159048395354
15,14,C1,C13,-0.3132629030438405
15,14,C2,C13,-0.03297399517293426
15,14,C3,C13,-0.17922888647920218
15,14,C4,C13,-0.4969620515918766
15,14,C5,C13,-0.21013893730684283
15,14,C6,C13,-0.3341779071367266
15,14,C7,C13,-0.3504595595550423
15,14,C8,C13,-0.3513166267059723
15,14,C9,C13,-0.24156161889018776
15,14,C10,C13,-0.22052451479648194
15,14,C11,C13,-0.24304175207501827
15,14,C12,C13,-0.21281363558731686
15,14,C13,C13,-0.18479478085915177
15,14,C14,C13,-0.33470248988785317
15,14,Enterobacteriaceae,C13,0.0136239103132951
15,14,Paenibacillaceae,C13,-0.1509746706843959
15,14,C1,C14,-0.4336796616707076
15,14,C2,C14,-0.055744697402177835
15,14,C3,C14,-0.23924619777405118
15,14,C4,C14,-0.4617993568371813
15,14,C5,C14,-0.24845362004273278
15,14,C6,C14,-0.3729627154278752
15,14,C7,C14,-0.2664607993116019
15,14,C8,C14,-0.39440177178224645
15,14,C9,C14,-0.24928071848541508
15,14,C10,C14,-0.15459252895786965
15,14,C11,C14,-0.20180447133451615
15,14,C12,C14,-0.1989453675297931
15,14,C13,C14,-0.07054425715987087
15,14,C14,C14,-0.2413599575470402
15,14,Enterobacteriaceae,C14,0.027061988937890368
15,14,Paenibacillaceae,C14,-0.3161129735835126
15,14,C1,Enterobacteriaceae,-0.02035563909432531
15,14,C2,Enterobacteriaceae,-0.0020221152940186143
15,14,C3,Enterobacteriaceae,-0.007567565102717685
15,14,C4,Enterobacteriaceae,-0.0083571943060745
15,14,C5,Enterobacteriaceae,-0.004257301274448439
15,14,C6,Enterobacteriaceae,-0.008649288494187782
15,14,C7,Enterobacteriaceae,7.959747985991191e-4
15,14,C8,Enterobacteriaceae,-0.009017040754583426
15,14,C9,Enterobacteriaceae,-0.0036748665166356654
15,14,C10,Enterobacteriaceae,-0.0014842152415010515
15,14,C11,Enterobacteriaceae,0.0016081179331158659
15,14,C12,Enterobacteriaceae,-0.0015441417072485958
15,14,C13,Enterobacteriaceae,0.009460295191558247
15,14,C14,Enterobacteriaceae,0.0035060580047771225
15,14,Enterobacteriaceae,Enterobacteriaceae,0.0011634526827566183
15,14,Paenibacillaceae,Enterobacteriaceae,-0.030764238139670642
15,14,C1,Paenibacillaceae,0.21349168021225381
15,14,C2,Paenibacillaceae,-0.021144492604075683
15,14,C3,Paenibacillaceae,0.06908668356463375
15,14,C4,Paenibacillaceae,0.2339467804682697
15,14,C5,Paenibacillaceae,0.19210915083040242
15,14,C6,Paenibacillaceae,0.22333103708546473
15,14,C7,Paenibacillaceae,0.11256621391984531
15,14,C8,Paenibacillaceae,0.22843242903982722
15,14,C9,Paenibacillaceae,0.13223875599293197
15,14,C10,Paenibacillaceae,0.13546073215519888
15,14,C11,Paenibacillaceae,0.11396460332961363
15,14,C12,Paenibacillaceae,0.12476899217454952
15,14,C13,Paenibacillaceae,0.0033262839929674593
15,14,C14,Paenibacillaceae,0.11143637952453142
15,14,Enterobacteriaceae,Paenibacillaceae,0.01936298353817031
15,14,Paenibacillaceae,Paenibacillaceae,-0.009249761577064556
16,15,C1,C1,-0.1657179547364715
16,15,C2,C1,-0.038299684633991096
16,15,C3,C1,-0.14463210371022545
16,15,C4,C1,0.06620907564073654
16,15,C5,C1,-0.006457236732842267
16,15,C6,C1,0.0031135536594286127
16,15,C7,C1,0.04494666294535946
16,15,C8,C1,-0.009441664255079803
16,15,C9,C1,-0.03930918577029714
16,15,C10,C1,0.06698045374472067
16,15,C11,C1,0.02806856046657985
16,15,C12,C1,-0.0335723719091662
16,15,C13,C1,0.01237403938594478
16,15,C14,C1,0.051425618945604275
16,15,Enterobacteriaceae,C1,0.031368810645753906
16,15,Paenibacillaceae,C1,-0.30569677714828214
16,15,C1,C2,0.02068746005939309
16,15,C2,C2,8.749692329762748e-4
16,15,C3,C2,0.004183650344121578
16,15,C4,C2,0.03167567180502075
16,15,C5,C2,6.021415145490268e-4
16,15,C6,C2,0.004910588857950425
16,15,C7,C2,0.013929150364889165
16,15,C8,C2,-0.0010240136942759233
16,15,C9,C2,-0.005966080105867069
16,15,C10,C2,0.010488898211710364
16,15,C11,C2,0.0011554236974477428
16,15,C12,C2,-0.007658023950031192
16,15,C13,C2,-7.825071478678274e-4
16,15,C14,C2,0.004093600974902876
16,15,Enterobacteriaceae,C2,-0.0016409526785080345
16,15,Paenibacillaceae,C2,0.03233682376603164
16,15,C1,C3,-0.12055647669309354
16,15,C2,C3,-0.023287104267577182
16,15,C3,C3,-0.1361867378599533
16,15,C4,C3,-0.03497574857861927
16,15,C5,C3,-0.0494597096327341
16,15,C6,C3,-0.07766301476826355
16,15,C7,C3,-0.08664076543940462
16,15,C8,C3,-0.11698412210365225
16,15,C9,C3,-0.13339465165475847
16,15,C10,C3,-0.048093953031439186
16,15,C11,C3,-0.07956341977277609
16,15,C12,C3,-0.14440882164934363
16,15,C13,C3,-0.12248895714307607
16,15,C14,C3,-0.11947962863084145
16,15,Enterobacteriaceae,C3,0.01475053789192215
16,15,Paenibacillaceae,C3,-0.14353099068728534
16,15,C1,C4,-0.5238560423380129
16,15,C2,C4,-0.07921339121663527
16,15,C3,C4,-0.3080550118543536
16,15,C4,C4,-0.34547012190408427
16,15,C5,C4,-0.3448630595942279
16,15,C6,C4,-0.38055776922658113
16,15,C7,C4,-0.10158868600722935
16,15,C8,C4,-0.3527583721930781
16,15,C9,C4,-0.21929604254342921
16,15,C10,C4,-0.05577476047362255
16,15,C11,C4,-0.09157114992754771
16,15,C12,C4,-0.1641154386713523
16,15,C13,C4,0.10198939077343334
16,15,C14,C4,-0.02962337740726034
16,15,Enterobacteriaceae,C4,0.04270762581204055
16,15,Paenibacillaceae,C4,-0.45034998368611423
16,15,C1,C5,-0.30338831113081044
16,15,C2,C5,-0.03372163629089891
16,15,C3,C5,-0.2444609568014374
16,15,C4,C5,-0.04494468682555252
16,15,C5,C5,-0.19215914971810058
16,15,C6,C5,-0.17981946034796825
16,15,C7,C5,-0.07475723702169848
16,15,C8,C5,-0.19311401939277556
16,15,C9,C5,-0.24205637468260982
16,15,C10,C5,-0.016203068866215035
16,15,C11,C5,-0.09929209474211347
16,15,C12,C5,-0.2249465072392005
16,15,C13,C5,-0.06417003979632861
16,15,C14,C5,-0.07052368023348203
16,15,Enterobacteriaceae,C5,0.02124962018420109
16,15,Paenibacillaceae,C5,-0.30574719464667294
16,15,C1,C6,-0.3319189120255638
16,15,C2,C6,-0.04757042597636652
16,15,C3,C6,-0.23334062553714505
16,15,C4,C6,-0.03473031003497502
16,15,C5,C6,-0.16038883471270873
16,15,C6,C6,-0.1860799766264324
16,15,C7,C6,1.590380929402368e-5
16,15,C8,C6,-0.2238850727663894
16,15,C9,C6,-0.18772376803990323
16,15,C10,C6,0.003265949070481966
16,15,C11,C6,-0.042522079190066994
16,15,C12,C6,-0.16894464396461137
16,15,C13,C6,0.034518782631010984
16,15,C14,C6,-0.009225512392839762
16,15,Enterobacteriaceae,C6,0.027455815255892604
16,15,Paenibacillaceae,C6,-0.3570163257222973
16,15,C1,C7,-0.4480476494032479
16,15,C2,C7,-0.06357301874375089
16,15,C3,C7,-0.26890197679955347
16,15,C4,C7,-0.4378761770716952
16,15,C5,C7,-0.28459177927566093
16,15,C6,C7,-0.3680469925386988
16,15,C7,C7,-0.23527061398186502
16,15,C8,C7,-0.36825147995652174
16,15,C9,C7,-0.24180066452912286
16,15,C10,C7,-0.15503216498237088
16,15,C11,C7,-0.1690425822504192
16,15,C12,C7,-0.19124190424148602
16,15,C13,C7,-0.043443092009448604
16,15,C14,C7,-0.17820266397018167
16,15,Enterobacteriaceae,C7,0.0343264428362288
16,15,Paenibacillaceae,C7,-0.3321238369616113
16,15,C1,C8,-0.23962661711875982
16,15,C2,C8,-0.034219037164829026
16,15,C3,C8,-0.1375900471767019
16,15,C4,C8,0.06087504388213629
16,15,C5,C8,-0.05111677624621331
16,15,C6,C8,-0.09587767946132013
16,15,C7,C8,0.09327901456254523
16,15,C8,C8,-0.16303295077789573
16,15,C9,C8,-0.0879437795163009
16,15,C10,C8,0.021394544649856816
16,15,C11,C8,0.036741817320652466
16,15,C12,C8,-0.07412387539415205
16,15,C13,C8,0.10741426229802241
16,15,C14,C8,0.06179434457767686
16,15,Enterobacteriaceae,C8,0.0189091766217362
16,15,Paenibacillaceae,C8,-0.3081093850461941
16,15,C1,C9,-0.2821393106539791
16,15,C2,C9,-0.03825011718623925
16,15,C3,C9,-0.21244795044589104
16,15,C4,C9,-0.1228295648604966
16,15,C5,C9,-0.10295740744751164
16,15,C6,C9,-0.16968981887227189
16,15,C7,C9,-0.11473958982050443
16,15,C8,C9,-0.22878804774387013
16,15,C9,C9,-0.19838952595235854
16,15,C10,C9,-0.0867461006626468
16,15,C11,C9,-0.10044061162566567
16,15,C12,C9,-0.1827099618738408
16,15,C13,C9,-0.08679422584388849
16,15,C14,C9,-0.12470136509029302
16,15,Enterobacteriaceae,C9,0.02507638115154258
16,15,Paenibacillaceae,C9,-0.2822171099644237
16,15,C1,C10,-0.16868721886778057
16,15,C2,C10,-0.031800552022075525
16,15,C3,C10,-0.04329367913572541
16,15,C4,C10,-0.0642105826404014
16,15,C5,C10,-0.060609782291116625
16,15,C6,C10,-0.11355440364346671
16,15,C7,C10,0.06065283054109869
16,15,C8,C10,-0.14764143624393308
16,15,C9,C10,-0.010811298693886296
16,15,C10,C10,-0.0426412222903495
16,15,C11,C10,0.0745892999411108
16,15,C12,C10,-0.006848827131733867
16,15,C13,C10,0.13982879985800406
16,15,C14,C10,0.0515481238398916
16,15,Enterobacteriaceae,C10,0.011518464665220038
16,15,Paenibacillaceae,C10,-0.19921674497723418
16,15,C1,C11,-0.3570454015184411
16,15,C2,C11,-0.04056114563190474
16,15,C3,C11,-0.23776137475278356
16,15,C4,C11,-0.31329538185206396
16,15,C5,C11,-0.2175542261003462
16,15,C6,C11,-0.27623383062642515
16,15,C7,C11,-0.207714245927495
16,15,C8,C11,-0.28583026576675136
16,15,C9,C11,-0.2303302518346868
16,15,C10,C11,-0.1366312719547303
16,15,C11,C11,-0.16963515752321895
16,15,C12,C11,-0.19080381638976832
16,15,C13,C11,-0.08695119088542748
16,15,C14,C11,-0.16680445750906103
16,15,Enterobacteriaceae,C11,0.024335416979018074
16,15,Paenibacillaceae,C11,-0.28274960882735495
16,15,C1,C12,-0.2767668315674796
16,15,C2,C12,-0.039629044822656036
16,15,C3,C12,-0.21176572531694213
16,15,C4,C12,-0.15771939771368654
16,15,C5,C12,-0.09358960890768225
16,15,C6,C12,-0.195328605735054
16,15,C7,C12,-0.16005342098042447
16,15,C8,C12,-0.2685642976284666
16,15,C9,C12,-0.22303390399964576
16,15,C10,C12,-0.0909782518212886
16,15,C11,C12,-0.13523003531123384
16,15,C12,C12,-0.22884347385616668
16,15,C13,C12,-0.1428915249254251
16,15,C14,C12,-0.21309056104691682
16,15,Enterobacteriaceae,C12,0.022183089272354115
16,15,Paenibacillaceae,C12,-0.27030984175107614
16,15,C1,C13,-0.29495319586950536
16,15,C2,C13,-0.03217007567719437
16,15,C3,C13,-0.16982736803598386
16,15,C4,C13,-0.46295827559614866
16,15,C5,C13,-0.19671230640631066
16,15,C6,C13,-0.31214578822976635
16,15,C7,C13,-0.3251978403981107
16,15,C8,C13,-0.32896622976022477
16,15,C9,C13,-0.2250362969684529
16,15,C10,C13,-0.20526644958658363
16,15,C11,C13,-0.22532062419308196
16,15,C12,C13,-0.1978636908267196
16,15,C13,C13,-0.17139362203572733
16,15,C14,C13,-0.3104838577822533
16,15,Enterobacteriaceae,C13,0.013573937591628369
16,15,Paenibacillaceae,C13,-0.1459922658115716
16,15,C1,C14,-0.4095291851393755
16,15,C2,C14,-0.05457050110212716
16,15,C3,C14,-0.22798168544651004
16,15,C4,C14,-0.42963728795004363
16,15,C5,C14,-0.23305162830863504
16,15,C6,C14,-0.3486564353737186
16,15,C7,C14,-0.24542003442804108
16,15,C8,C14,-0.37014510968974307
16,15,C9,C14,-0.23197402218829835
16,15,C10,C14,-0.143384490594689
16,15,C11,C14,-0.18568816719800485
16,15,C12,C14,-0.18434803609116154
16,15,C13,C14,-0.06397354864579914
16,15,C14,C14,-0.22195302089884866
16,15,Enterobacteriaceae,C14,0.02682286422666663
16,15,Paenibacillaceae,C14,-0.30430000456691203
16,15,C1,Enterobacteriaceae,-0.017658949142854
16,15,C2,Enterobacteriaceae,-0.001197210403768433
16,15,C3,Enterobacteriaceae,-0.005773037867497479
16,15,C4,Enterobacteriaceae,-0.008109864295360236
16,15,C5,Enterobacteriaceae,-0.0036293953080061858
16,15,C6,Enterobacteriaceae,-0.007874189841691127
16,15,C7,Enterobacteriaceae,-1.049301491856677e-4
16,15,C8,Enterobacteriaceae,-0.007818053905591635
16,15,C9,Enterobacteriaceae,-0.003583126971051417
16,15,C10,Enterobacteriaceae,-0.0016081928526628358
16,15,C11,Enterobacteriaceae,8.094994204818361e-4
16,15,C12,Enterobacteriaceae,-0.0017752761257412877
16,15,C13,Enterobacteriaceae,0.0083321436065805
16,15,C14,Enterobacteriaceae,0.002409281892113092
16,15,Enterobacteriaceae,Enterobacteriaceae,6.619257024681965e-4
16,15,Paenibacillaceae,Enterobacteriaceae,-0.0261749307975223
16,15,C1,Paenibacillaceae,0.18949261809623252
16,15,C2,Paenibacillaceae,-0.024733509548116935
16,15,C3,Paenibacillaceae,0.05509883509203636
16,15,C4,Paenibacillaceae,0.2205213895848855
16,15,C5,Paenibacillaceae,0.17672152734759458
16,15,C6,Paenibacillaceae,0.20692736806248554
16,15,C7,Paenibacillaceae,0.11116757613114468
16,15,C8,Paenibacillaceae,0.20878995641119025
16,15,C9,Paenibacillaceae,0.12448979529400261
16,15,C10,Paenibacillaceae,0.12799345766016762
16,15,C11,Paenibacillaceae,0.11133566889475384
16,15,C12,Paenibacillaceae,0.1188329618854101
16,15,C13,Paenibacillaceae,0.006689835345859901
16,15,C14,Paenibacillaceae,0.11021945857793557
16,15,Enterobacteriaceae,Paenibacillaceae,0.02114096662071266
16,15,Paenibacillaceae,Paenibacillaceae,-0.026978643508095763
17,16,C1,C1,-0.16413416639867862
17,16,C2,C1,-0.04079711723076894
17,16,C3,C1,-0.14419676231889236
17,16,C4,C1,0.06483789836239057
17,16,C5,C1,-0.007004216581631877
17,16,C6,C1,0.001712403729845804
17,16,C7,C1,0.048524747698091945
17,16,C8,C1,-0.013673585726603219
17,16,C9,C1,-0.03577772388179654
17,16,C10,C1,0.064608785282501
17,16,C11,C1,0.03103532766531661
17,16,C12,C1,-0.030012005962918933
17,16,C13,C1,0.014576014945775479
17,16,C14,C1,0.053843963968242786
17,16,Enterobacteriaceae,C1,0.032244935194525454
17,16,Paenibacillaceae,C1,-0.30324375515216984
17,16,C1,C2,0.019272839877939964
17,16,C2,C2,7.635359858253482e-4
17,16,C3,C2,0.003810308614160613
17,16,C4,C2,0.029711181052950494
17,16,C5,C2,5.416783363615735e-4
17,16,C6,C2,0.004585476897038475
17,16,C7,C2,0.013126550484955318
17,16,C8,C2,-0.0010154173382982698
17,16,C9,C2,-0.005581692710791757
17,16,C10,C2,0.009843802071801605
17,16,C11,C2,0.001139754436832299
17,16,C12,C2,-0.0071550838475829956
17,16,C13,C2,-6.954553128639228e-4
17,16,C14,C2,0.00390770558578871
17,16,Enterobacteriaceae,C2,-0.001501901418329342
17,16,Paenibacillaceae,C2,0.03008851306813608
17,16,C1,C3,-0.12028535991296112
17,16,C2,C3,-0.025881892290308278
17,16,C3,C3,-0.13478578023193175
17,16,C4,C3,-0.030464337993558445
17,16,C5,C3,-0.0471354017556761
17,16,C6,C3,-0.07377539732993052
17,16,C7,C3,-0.07589215419629479
17,16,C8,C3,-0.11361948381046663
17,16,C9,C3,-0.12412819123016516
17,16,C10,C3,-0.043544858465545365
17,16,C11,C3,-0.07064457922447923
17,16,C12,C3,-0.13412864007127334
17,16,C13,C3,-0.11232011304488548
17,16,C14,C3,-0.10728936986449919
17,16,Enterobacteriaceae,C3,0.01617954880464164
17,16,Paenibacillaceae,C3,-0.14837816455922337
17,16,C1,C4,-0.500413268896719
17,16,C2,C4,-0.079499493885942
17,16,C3,C4,-0.29799236179180844
17,16,C4,C4,-0.3207487133680132
17,16,C5,C4,-0.32421069267852093
17,16,C6,C4,-0.3579203284219222
17,16,C7,C4,-0.08832254254922998
17,16,C8,C4,-0.33575403430314665
17,16,C9,C4,-0.204369869426623
17,16,C10,C4,-0.05029762943297269
17,16,C11,C4,-0.0807278956366989
17,16,C12,C4,-0.15223231020172942
17,16,C13,C4,0.0987792110215426
17,16,C14,C4,-0.021683156261546998
17,16,Enterobacteriaceae,C4,0.0430842541875147
17,16,Paenibacillaceae,C4,-0.44006107006488887
17,16,C1,C5,-0.2917659979144031
17,16,C2,C5,-0.03570381936969638
17,16,C3,C5,-0.23638905060845614
17,16,C4,C5,-0.0398072571239671
17,16,C5,C5,-0.18093663230433327
17,16,C6,C5,-0.16953167474869213
17,16,C7,C5,-0.0647003374498101
17,16,C8,C5,-0.18500579522266541
17,16,C9,C5,-0.22596378815115348
17,16,C10,C5,-0.01368140435139539
17,16,C11,C5,-0.08907528823446385
17,16,C12,C5,-0.20956078085200125
17,16,C13,C5,-0.057621609847903946
17,16,C14,C5,-0.061323897798617605
17,16,Enterobacteriaceae,C5,0.022313144702058422
17,16,Paenibacillaceae,C5,-0.30066723993382566
17,16,C1,C6,-0.3172346815659111
17,16,C2,C6,-0.04801127059136415
17,16,C3,C6,-0.22473120883485934
17,16,C4,C6,-0.030594518103394395
17,16,C5,C6,-0.15097517862483725
17,16,C6,C6,-0.1752215823479008
17,16,C7,C6,0.004496089425110814
17,16,C8,C6,-0.21318085812880683
17,16,C9,C6,-0.17517796247707534
17,16,C10,C6,0.004344678143481467
17,16,C11,C6,-0.03653533702358221
17,16,C12,C6,-0.15730273704828582
17,16,C13,C6,0.034435037788627124
17,16,C14,C6,-0.004686449156226342
17,16,Enterobacteriaceae,C6,0.027724206053709118
17,16,Paenibacillaceae,C6,-0.34631089477148286
17,16,C1,C7,-0.42723126892278906
17,16,C2,C7,-0.06365250020520045
17,16,C3,C7,-0.259203154710372
17,16,C4,C7,-0.40802174321112517
17,16,C5,C7,-0.26750170424587233
17,16,C6,C7,-0.3459045633499236
17,16,C7,C7,-0.21515074458601877
17,16,C8,C7,-0.34910203638940057
17,16,C9,C7,-0.2257168119200248
17,16,C10,C7,-0.14376067255246175
17,16,C11,C7,-0.15447431943888892
17,16,C12,C7,-0.17800307116669017
17,16,C13,C7,-0.038228719135465564
17,16,C14,C7,-0.16228760241751083
17,16,Enterobacteriaceae,C7,0.034539753920223015
17,16,Paenibacillaceae,C7,-0.32520653620109435
17,16,C1,C8,-0.22936256917569756
17,16,C2,C8,-0.03475547349074773
17,16,C3,C8,-0.1336499418655593
17,16,C4,C8,0.05859084797625822
17,16,C5,C8,-0.04838733226474794
17,16,C6,C8,-0.09050062785240554
17,16,C7,C8,0.09092316443659067
17,16,C8,C8,-0.15542330642508323
17,16,C9,C8,-0.08182314058952869
17,16,C10,C8,0.02107804444942504
17,16,C11,C8,0.03701612709019318
17,16,C12,C8,-0.06868299347820919
17,16,C13,C8,0.10228046578569754
17,16,C14,C8,0.06098509849306776
17,16,Enterobacteriaceae,C8,0.019271617297931636
17,16,Paenibacillaceae,C8,-0.2978559607790907
17,16,C1,C9,-0.27095328143658565
17,16,C2,C9,-0.03949603365637053
17,16,C3,C9,-0.2055148858927673
17,16,C4,C9,-0.11301822062397374
17,16,C5,C9,-0.09717160228941053
17,16,C6,C9,-0.15991053948337844
17,16,C7,C9,-0.10275576383821014
17,16,C8,C9,-0.21799025894405163
17,16,C9,C9,-0.1851189107846123
17,16,C10,C9,-0.07990925215505215
17,16,C11,C9,-0.0906059560536412
17,16,C12,C9,-0.17014845305766468
17,16,C13,C9,-0.07912346958546107
17,16,C14,C9,-0.1126624084266721
17,16,Enterobacteriaceae,C9,0.025614537672003033
17,16,Paenibacillaceae,C9,-0.27691523523071526
17,16,C1,C10,-0.16240545109486063
17,16,C2,C10,-0.0322151553461332
17,16,C3,C10,-0.044813236722054235
17,16,C4,C10,-0.05878917195719571
17,16,C5,C10,-0.0572446185144946
17,16,C6,C10,-0.10700123840872297
17,16,C7,C10,0.059990866815173016
17,16,C8,C10,-0.14073036809788386
17,16,C9,C10,-0.009604385206715969
17,16,C10,C10,-0.03904089988080644
17,16,C11,C10,0.07222215907617838
17,16,C12,C10,-0.0057139782207991955
17,16,C13,C10,0.13249442029994343
17,16,C14,C10,0.05107560980853292
17,16,Enterobacteriaceae,C10,0.012190335361181689
17,16,Paenibacillaceae,C10,-0.1949013014368972
17,16,C1,C11,-0.3397712412258743
17,16,C2,C11,-0.040889703590065704
17,16,C3,C11,-0.22788570910130426
17,16,C4,C11,-0.29194972525707963
17,16,C5,C11,-0.20442483738425057
17,16,C6,C11,-0.2595668169023634
17,16,C7,C11,-0.1908911153921211
17,16,C8,C11,-0.2706857708685259
17,16,C9,C11,-0.2152208837881695
17,16,C10,C11,-0.12695424486322315
17,16,C11,C11,-0.1561902486297988
17,16,C12,C11,-0.17795567440609686
17,16,C13,C11,-0.07973528801203343
17,16,C14,C11,-0.15299933739069504
17,16,Enterobacteriaceae,C11,0.024475443387474285
17,16,Paenibacillaceae,C11,-0.2748000095745169
17,16,C1,C12,-0.2638349882270948
17,16,C2,C12,-0.03964905238967539
17,16,C3,C12,-0.20283646519811058
17,16,C4,C12,-0.14635043982623375
17,16,C5,C12,-0.08814057481459436
17,16,C6,C12,-0.18365055667946836
17,16,C7,C12,-0.146706213893121
17,16,C8,C12,-0.25414371620845594
17,16,C9,C12,-0.20845136632001254
17,16,C10,C12,-0.08428534095058558
17,16,C11,C12,-0.12431297835746724
17,16,C12,C12,-0.213729435600068
17,16,C13,C12,-0.13239417163865289
17,16,C14,C12,-0.19682245051940073
17,16,Enterobacteriaceae,C12,0.022233542865961603
17,16,Paenibacillaceae,C12,-0.2618049198533334
17,16,C1,C13,-0.28082731894221014
17,16,C2,C13,-0.03261635615668314
17,16,C3,C13,-0.1634841928880826
17,16,C4,C13,-0.43242637405138623
17,16,C5,C13,-0.18479584982193362
17,16,C6,C13,-0.29311570375397544
17,16,C7,C13,-0.3015206384007206
17,16,C8,C13,-0.3107052316577674
17,16,C9,C13,-0.21034385303976286
17,16,C10,C13,-0.1914165526085835
17,16,C11,C13,-0.20877293424224064
17,16,C12,C13,-0.1847000194170092
17,16,C13,C13,-0.15912153634645976
17,16,C14,C13,-0.28812482171132797
17,16,Enterobacteriaceae,C13,0.01414796197290041
17,16,Paenibacillaceae,C13,-0.14520874607342465
17,16,C1,C14,-0.388661604145315
17,16,C2,C14,-0.05385775550175608
17,16,C3,C14,-0.21843475678266305
17,16,C4,C14,-0.4010642888309234
17,16,C5,C14,-0.2189126375522672
17,16,C6,C14,-0.32739438788359243
17,16,C7,C14,-0.2264345756887716
17,16,C8,C14,-0.34954007779176777
17,16,C9,C14,-0.21679485845657245
17,16,C10,C14,-0.13334067500021113
17,16,C11,C14,-0.17138901545516613
17,16,C12,C14,-0.1719547356424884
17,16,C13,C14,-0.05830126478953427
17,16,C14,C14,-0.204866188295721
17,16,Enterobacteriaceae,C14,0.02671239551985264
17,16,Paenibacillaceae,C14,-0.294440147759557
17,16,C1,Enterobacteriaceae,-0.015449314204104269
17,16,C2,Enterobacteriaceae,-5.114755090542667e-4
17,16,C3,Enterobacteriaceae,-0.004333009528124962
17,16,C4,Enterobacteriaceae,-0.007947375821234294
17,16,C5,Enterobacteriaceae,-0.0032826102218244165
17,16,C6,Enterobacteriaceae,-0.0072290849055542585
17,16,C7,Enterobacteriaceae,-8.950248945086989e-4
17,16,C8,Enterobacteriaceae,-0.006726324970986832
17,16,C9,Enterobacteriaceae,-0.00348984627387363
17,16,C10,Enterobacteriaceae,-0.0017365463784966958
17,16,C11,Enterobacteriaceae,1.6995468146520216e-4
17,16,C12,Enterobacteriaceae,-0.0018440631321662532
17,16,C13,Enterobacteriaceae,0.007437321282057197
17,16,C14,Enterobacteriaceae,0.001554751420797133
17,16,Enterobacteriaceae,Enterobacteriaceae,2.660042598536581e-4
17,16,Paenibacillaceae,Enterobacteriaceae,-0.022443045129974505
17,16,C1,Paenibacillaceae,0.16965416763493818
17,16,C2,Paenibacillaceae,-0.027572865262583433
17,16,C3,Paenibacillaceae,0.043872320503638804
17,16,C4,Paenibacillaceae,0.20915293500600846
17,16,C5,Paenibacillaceae,0.16475050726011764
17,16,C6,Paenibacillaceae,0.19283275295816896
17,16,C7,Paenibacillaceae,0.10991340639594054
17,16,C8,Paenibacillaceae,0.19133541280720237
17,16,C9,Paenibacillaceae,0.11760822267390028
17,16,C10,Paenibacillaceae,0.12159092187789843
17,16,C11,Paenibacillaceae,0.10857302286161885
17,16,C12,Paenibacillaceae,0.11265806999525128
17,16,C13,Paenibacillaceae,0.008939550044686426
17,16,C14,Paenibacillaceae,0.10835264477693343
17,16,Enterobacteriaceae,Paenibacillaceae,0.02236424061814856
17,16,Paenibacillaceae,Paenibacillaceae,-0.04031265005350056
18.9,17,C1,C1,-0.15970171277007478
18.9,17,C2,C1,-0.046282536222181724
18.9,17,C3,C1,-0.14182740132882718
18.9,17,C4,C1,0.06371559173614808
18.9,17,C5,C1,-0.008842528581700093
18.9,17,C6,C1,-3.8068390351218725e-4
18.9,17,C7,C1,0.054513418350160436
18.9,17,C8,C1,-0.018862799299178713
18.9,17,C9,C1,-0.027900989025893778
18.9,17,C10,C1,0.06430685183338619
18.9,17,C11,C1,0.03629175814398814
18.9,17,C12,C1,-0.02221669283114238
18.9,17,C13,C1,0.01912082487314182
18.9,17,C14,C1,0.05756599581646805
18.9,17,Enterobacteriaceae,C1,0.032919989012225814
18.9,17,Paenibacillaceae,C1,-0.29622350096933375
18.9,17,C1,C2,0.02171988934184751
18.9,17,C2,C2,0.00406315227208597
18.9,17,C3,C2,0.007885086059299324
18.9,17,C4,C2,0.02454726213216774
18.9,17,C5,C2,0.0013699528766231066
18.9,17,C6,C2,0.0047530898285645775
18.9,17,C7,C2,0.007884825776198149
18.9,17,C8,C2,0.0013830621303480008
18.9,17,C9,C2,-0.006376899835948952
18.9,17,C10,C2,0.006531846503653331
18.9,17,C11,C2,-0.001927750564051693
18.9,17,C12,C2,-0.007965506664443059
18.9,17,C13,C2,-0.0027168489714229234
18.9,17,C14,C2,2.3408498771587663e-4
18.9,17,Enterobacteriaceae,C2,-0.0027577460218832658
18.9,17,Paenibacillaceae,C2,0.03559917043742433
18.9,17,C1,C3,-0.11824696671320037
18.9,17,C2,C3,-0.031240558439791698
18.9,17,C3,C3,-0.1311459172371672
18.9,17,C4,C3,-0.022426805189819786
18.9,17,C5,C3,-0.04423847366421132
18.9,17,C6,C3,-0.0674770815377748
18.9,17,C7,C3,-0.05857400281938827
18.9,17,C8,C3,-0.10697866045288644
18.9,17,C9,C3,-0.10752940921527507
18.9,17,C10,C3,-0.03345395406562129
18.9,17,C11,C3,-0.0560315696861394
18.9,17,C12,C3,-0.11602163713202027
18.9,17,C13,C3,-0.09529581389844362
18.9,17,C14,C3,-0.08802192302493432
18.9,17,Enterobacteriaceae,C3,0.017850243534503752
18.9,17,Paenibacillaceae,C3,-0.15346012939219641
18.9,17,C1,C4,-0.46133962585780053
18.9,17,C2,C4,-0.08179414201642943
18.9,17,C3,C4,-0.28045399863898174
18.9,17,C4,C4,-0.28015871783172847
18.9,17,C5,C4,-0.292435996780831
18.9,17,C6,C4,-0.32180849732399064
18.9,17,C7,C4,-0.06665797861660702
18.9,17,C8,C4,-0.30720157600696013
18.9,17,C9,C4,-0.17811091474427396
18.9,17,C10,C4,-0.037706010386757416
18.9,17,C11,C4,-0.06272216397673136
18.9,17,C12,C4,-0.13095368345112252
18.9,17,C13,C4,0.09491881027947342
18.9,17,C14,C4,-0.008993134788398444
18.9,17,Enterobacteriaceae,C4,0.04299639075515925
18.9,17,Paenibacillaceae,C4,-0.42086436987784004
18.9,17,C1,C5,-0.26235164635205827
18.9,17,C2,C5,-0.03319747375353181
18.9,17,C3,C5,-0.21287743778929366
18.9,17,C4,C5,-0.03478938471115492
18.9,17,C5,C5,-0.16196808058990447
18.9,17,C6,C5,-0.15168832024226633
18.9,17,C7,C5,-0.05631586967291977
18.9,17,C8,C5,-0.16613495681321366
18.9,17,C9,C5,-0.20130332733556952
18.9,17,C10,C5,-0.011342760732090463
18.9,17,C11,C5,-0.07843223271399798
18.9,17,C12,C5,-0.18658012257658876
18.9,17,C13,C5,-0.050661595562778335
18.9,17,C14,C5,-0.05352481388219382
18.9,17,Enterobacteriaceae,C5,0.020475979994668946
18.9,17,Paenibacillaceae,C5,-0.271924184656488
18.9,17,C1,C6,-0.2912705896136595
18.9,17,C2,C6,-0.048825718912836664
18.9,17,C3,C6,-0.20860188370830082
18.9,17,C4,C6,-0.023828958108946596
18.9,17,C5,C6,-0.13642105800858215
18.9,17,C6,C6,-0.157671047880472
18.9,17,C7,C6,0.010756519056181238
18.9,17,C8,C6,-0.19443769175388506
18.9,17,C9,C6,-0.1540295083644564
18.9,17,C10,C6,0.007861943976534964
18.9,17,C11,C6,-0.02746361170506136
18.9,17,C12,C6,-0.1377399395044277
18.9,17,C13,C6,0.03444167936975325
18.9,17,C14,C6,0.0015288117335937425
18.9,17,Enterobacteriaceae,C6,0.027249486900470805
18.9,17,Paenibacillaceae,C6,-0.3246426967935145
18.9,17,C1,C7,-0.3924221895364501
18.9,17,C2,C7,-0.06497192920861752
18.9,17,C3,C7,-0.24227585662170528
18.9,17,C4,C7,-0.3596875474129961
18.9,17,C5,C7,-0.2410794709800582
18.9,17,C6,C7,-0.31055759010002065
18.9,17,C7,C7,-0.18297510316608026
18.9,17,C8,C7,-0.3173227823397638
18.9,17,C9,C7,-0.19827884379161245
18.9,17,C10,C7,-0.12297969032786056
18.9,17,C11,C7,-0.13091912651755477
18.9,17,C12,C7,-0.15521793970378106
18.9,17,C13,C7,-0.029117986655599344
18.9,17,C14,C7,-0.13715559444754585
18.9,17,Enterobacteriaceae,C7,0.03424818540621333
18.9,17,Paenibacillaceae,C7,-0.31139964261760456
18.9,17,C1,C8,-0.21650279832133834
18.9,17,C2,C8,-0.03978268684566791
18.9,17,C3,C8,-0.13094878869265827
18.9,17,C4,C8,0.057485355932477104
18.9,17,C5,C8,-0.045517657980333394
18.9,17,C6,C8,-0.08253682680433136
18.9,17,C7,C8,0.09113519205703804
18.9,17,C8,C8,-0.1447384043381883
18.9,17,C9,C8,-0.0694873887483616
18.9,17,C10,C8,0.024681868741978124
18.9,17,C11,C8,0.040674005513981794
18.9,17,C12,C8,-0.057275793375614927
18.9,17,C13,C8,0.0967794768255319
18.9,17,C14,C8,0.06288424037381951
18.9,17,Enterobacteriaceae,C8,0.020870459172483383
18.9,17,Paenibacillaceae,C8,-0.2885732813002286
18.9,17,C1,C9,-0.2568786990860774
18.9,17,C2,C9,-0.04643836523628653
18.9,17,C3,C9,-0.19835114098294732
18.9,17,C4,C9,-0.0943791194884858
18.9,17,C5,C9,-0.08972937527325095
18.9,17,C6,C9,-0.14500826005191553
18.9,17,C7,C9,-0.07912031735897693
18.9,17,C8,C9,-0.2022661783189665
18.9,17,C9,C9,-0.160760812830663
18.9,17,C10,C9,-0.0639062143946345
18.9,17,C11,C9,-0.07121619511764539
18.9,17,C12,C9,-0.14678308616879243
18.9,17,C13,C9,-0.06376043159738107
18.9,17,C14,C9,-0.08989623704024449
18.9,17,Enterobacteriaceae,C9,0.027550244404467957
18.9,17,Paenibacillaceae,C9,-0.2761123939136914
18.9,17,C1,C10,-0.1590028872203739
18.9,17,C2,C10,-0.03924375318896232
18.9,17,C3,C10,-0.05389281386125922
18.9,17,C4,C10,-0.046345651115971206
18.9,17,C5,C10,-0.05388124122143992
18.9,17,C6,C10,-0.09761286056108373
18.9,17,C7,C10,0.06547217262663539
18.9,17,C8,C10,-0.13278959697679654
18.9,17,C9,C10,-0.004267822391033729
18.9,17,C10,C10,-0.027866011989425992
18.9,17,C11,C10,0.07363057818272223
18.9,17,C12,C10,-2.2513478367726928e-4
18.9,17,C13,C10,0.12484033784003272
18.9,17,C14,C10,0.05570090026351596
18.9,17,Enterobacteriaceae,C10,0.015270831272011096
18.9,17,Paenibacillaceae,C10,-0.2010803991726841
18.9,17,C1,C11,-0.3134277155265946
18.9,17,C2,C11,-0.04398417686382538
18.9,17,C3,C11,-0.21343550753737361
18.9,17,C4,C11,-0.2563910273238081
18.9,17,C5,C11,-0.1845632521006115
18.9,17,C6,C11,-0.2333086363045612
18.9,17,C7,C11,-0.16204775306659866
18.9,17,C8,C11,-0.2468349452308204
18.9,17,C9,C11,-0.18917354152703822
18.9,17,C10,C11,-0.10840638919451567
18.9,17,C11,C11,-0.1330218928815637
18.9,17,C12,C11,-0.15548143625863678
18.9,17,C13,C11,-0.0666000273889374
18.9,17,C14,C11,-0.1294885430900146
18.9,17,Enterobacteriaceae,C11,0.024984389538652403
18.9,17,Paenibacillaceae,C11,-0.26468824230386945
18.9,17,C1,C12,-0.25083901090767796
18.9,17,C2,C12,-0.046814052127412006
18.9,17,C3,C12,-0.1962757749090834
18.9,17,C4,C12,-0.12401255648844688
18.9,17,C5,C12,-0.08172483831385197
18.9,17,C6,C12,-0.16626071392868694
18.9,17,C7,C12,-0.1181077810782683
18.9,17,C8,C12,-0.23472273618539158
18.9,17,C9,C12,-0.1815045733914712
18.9,17,C10,C12,-0.06765560458983977
18.9,17,C11,C12,-0.10111696621673119
18.9,17,C12,C12,-0.1856010845366531
18.9,17,C13,C12,-0.11119683254357093
18.9,17,C14,C12,-0.16484256196756442
18.9,17,Enterobacteriaceae,C12,0.02463033056622796
18.9,17,Paenibacillaceae,C12,-0.26323220632689237
18.9,17,C1,C13,-0.26187900569489825
18.9,17,C2,C13,-0.03742273016672604
18.9,17,C3,C13,-0.15700621197187087
18.9,17,C4,C13,-0.3813845767115941
18.9,17,C5,C13,-0.16724691368242545
18.9,17,C6,C13,-0.26343746523007944
18.9,17,C7,C13,-0.25992736918658726
18.9,17,C8,C13,-0.2831435265325135
18.9,17,C9,C13,-0.18447583509441534
18.9,17,C10,C13,-0.1654331961820518
18.9,17,C11,C13,-0.1792698526563347
18.9,17,C12,C13,-0.1611196951065306
18.9,17,C13,C13,-0.13699872332592336
18.9,17,C14,C13,-0.24939252232927897
18.9,17,Enterobacteriaceae,C13,0.016106274030248773
18.9,17,Paenibacillaceae,C13,-0.15106669143736828
18.9,17,C1,C14,-0.3564178326364898
18.9,17,C2,C14,-0.05505651761181142
18.9,17,C3,C14,-0.2043152099477137
18.9,17,C4,C14,-0.3541599502474882
18.9,17,C5,C14,-0.197370632433957
18.9,17,C6,C14,-0.2937967652285915
18.9,17,C7,C14,-0.19437833008312028
18.9,17,C8,C14,-0.31692561331111885
18.9,17,C9,C14,-0.1907898329489744
18.9,17,C10,C14,-0.11445304428192504
18.9,17,C11,C14,-0.14704399861389053
18.9,17,C12,C14,-0.1503590702540415
18.9,17,C13,C14,-0.04777090502852063
18.9,17,C14,C14,-0.17631176036383966
18.9,17,Enterobacteriaceae,C14,0.026768287095565037
18.9,17,Paenibacillaceae,C14,-0.2809120961444894
18.9,17,C1,Enterobacteriaceae,-0.011153300927146871
18.9,17,C2,Enterobacteriaceae,0.0015336208758268107
18.9,17,C3,Enterobacteriaceae,-0.0012367028474221998
18.9,17,C4,Enterobacteriaceae,-0.008272013286560322
18.9,17,C5,Enterobacteriaceae,-0.0024089747145995748
18.9,17,C6,Enterobacteriaceae,-0.006071060763367004
18.9,17,C7,Enterobacteriaceae,-0.0030584534556385005
18.9,17,C8,Enterobacteriaceae,-0.004663754735871049
18.9,17,C9,Enterobacteriaceae,-0.003938351200771336
18.9,17,C10,Enterobacteriaceae,-0.002885429607993608
18.9,17,C11,Enterobacteriaceae,-0.0015815018183068046
18.9,17,C12,Enterobacteriaceae,-0.0025762849588423244
18.9,17,C13,Enterobacteriaceae,0.005409349559519453
18.9,17,C14,Enterobacteriaceae,-5.265403727701605e-4
18.9,17,Enterobacteriaceae,Enterobacteriaceae,-5.953255995640803e-4
18.9,17,Paenibacillaceae,Enterobacteriaceae,-0.014920474043911969
18.9,17,C1,Paenibacillaceae,0.14006334727862121
18.9,17,C2,Paenibacillaceae,-0.03326582428585562
18.9,17,C3,Paenibacillaceae,0.027764499886725393
18.9,17,C4,Paenibacillaceae,0.19191665154948737
18.9,17,C5,Paenibacillaceae,0.14489376329835374
18.9,17,C6,Paenibacillaceae,0.17057333691382098
18.9,17,C7,Paenibacillaceae,0.1079809301517943
18.9,17,C8,Paenibacillaceae,0.1650801084734578
18.9,17,C9,Paenibacillaceae,0.10861776069966779
18.9,17,C10,Paenibacillaceae,0.11440255333144683
18.9,17,C11,Paenibacillaceae,0.10450356653054438
18.9,17,C12,Paenibacillaceae,0.10466487158645478
18.9,17,C13,Paenibacillaceae,0.01333988409581338
18.9,17,C14,Paenibacillaceae,0.10509598381371299
18.9,17,Enterobacteriaceae,Paenibacillaceae,0.023589007812728824
18.9,17,Paenibacillaceae,Paenibacillaceae,-0.05824876977830938
